[2025-12-16T09:08:51.235+0000] {processor.py:161} INFO - Started process (PID=7079) to work on /opt/airflow/dags/main.py
[2025-12-16T09:08:51.255+0000] {processor.py:830} INFO - Processing file /opt/airflow/dags/main.py for tasks to queue
[2025-12-16T09:08:51.258+0000] {logging_mixin.py:188} INFO - [2025-12-16T09:08:51.257+0000] {dagbag.py:545} INFO - Filling up the DagBag from /opt/airflow/dags/main.py
[2025-12-16T09:08:52.452+0000] {processor.py:840} INFO - DAG(s) 'youtube_video_stats', 'update_db' retrieved from /opt/airflow/dags/main.py
[2025-12-16T09:08:52.618+0000] {logging_mixin.py:188} INFO - [2025-12-16T09:08:52.617+0000] {dag.py:3096} INFO - Sync 2 DAGs
[2025-12-16T09:08:52.726+0000] {logging_mixin.py:188} INFO - [2025-12-16T09:08:52.726+0000] {dag.py:3954} INFO - Setting next_dagrun for update_db to 2025-12-15 15:00:00+00:00, run_after=2025-12-16 15:00:00+00:00
[2025-12-16T09:08:52.776+0000] {logging_mixin.py:188} INFO - [2025-12-16T09:08:52.776+0000] {dag.py:3954} INFO - Setting next_dagrun for youtube_video_stats to 2025-12-15 14:00:00+00:00, run_after=2025-12-16 14:00:00+00:00
[2025-12-16T09:08:53.115+0000] {processor.py:183} INFO - Processing /opt/airflow/dags/main.py took 1.914 seconds
[2025-12-16T09:09:23.757+0000] {processor.py:161} INFO - Started process (PID=7086) to work on /opt/airflow/dags/main.py
[2025-12-16T09:09:23.772+0000] {processor.py:830} INFO - Processing file /opt/airflow/dags/main.py for tasks to queue
[2025-12-16T09:09:23.783+0000] {logging_mixin.py:188} INFO - [2025-12-16T09:09:23.777+0000] {dagbag.py:545} INFO - Filling up the DagBag from /opt/airflow/dags/main.py
[2025-12-16T09:09:27.210+0000] {processor.py:840} INFO - DAG(s) 'youtube_video_stats', 'update_db' retrieved from /opt/airflow/dags/main.py
[2025-12-16T09:09:27.453+0000] {logging_mixin.py:188} INFO - [2025-12-16T09:09:27.452+0000] {dag.py:3096} INFO - Sync 2 DAGs
[2025-12-16T09:09:27.646+0000] {logging_mixin.py:188} INFO - [2025-12-16T09:09:27.646+0000] {dag.py:3954} INFO - Setting next_dagrun for update_db to 2025-12-15 15:00:00+00:00, run_after=2025-12-16 15:00:00+00:00
[2025-12-16T09:09:27.701+0000] {logging_mixin.py:188} INFO - [2025-12-16T09:09:27.700+0000] {dag.py:3954} INFO - Setting next_dagrun for youtube_video_stats to 2025-12-15 14:00:00+00:00, run_after=2025-12-16 14:00:00+00:00
[2025-12-16T09:09:27.829+0000] {processor.py:183} INFO - Processing /opt/airflow/dags/main.py took 4.134 seconds
[2025-12-16T09:09:58.452+0000] {processor.py:161} INFO - Started process (PID=7093) to work on /opt/airflow/dags/main.py
[2025-12-16T09:09:58.466+0000] {processor.py:830} INFO - Processing file /opt/airflow/dags/main.py for tasks to queue
[2025-12-16T09:09:58.487+0000] {logging_mixin.py:188} INFO - [2025-12-16T09:09:58.486+0000] {dagbag.py:545} INFO - Filling up the DagBag from /opt/airflow/dags/main.py
[2025-12-16T09:09:59.310+0000] {processor.py:840} INFO - DAG(s) 'update_db', 'youtube_video_stats' retrieved from /opt/airflow/dags/main.py
[2025-12-16T09:09:59.611+0000] {logging_mixin.py:188} INFO - [2025-12-16T09:09:59.610+0000] {dag.py:3096} INFO - Sync 2 DAGs
[2025-12-16T09:09:59.852+0000] {logging_mixin.py:188} INFO - [2025-12-16T09:09:59.851+0000] {dag.py:3954} INFO - Setting next_dagrun for update_db to 2025-12-15 15:00:00+00:00, run_after=2025-12-16 15:00:00+00:00
[2025-12-16T09:09:59.914+0000] {logging_mixin.py:188} INFO - [2025-12-16T09:09:59.914+0000] {dag.py:3954} INFO - Setting next_dagrun for youtube_video_stats to 2025-12-15 14:00:00+00:00, run_after=2025-12-16 14:00:00+00:00
[2025-12-16T09:10:00.045+0000] {processor.py:183} INFO - Processing /opt/airflow/dags/main.py took 1.673 seconds
[2025-12-16T09:10:30.323+0000] {processor.py:161} INFO - Started process (PID=7100) to work on /opt/airflow/dags/main.py
[2025-12-16T09:10:30.326+0000] {processor.py:830} INFO - Processing file /opt/airflow/dags/main.py for tasks to queue
[2025-12-16T09:10:30.330+0000] {logging_mixin.py:188} INFO - [2025-12-16T09:10:30.329+0000] {dagbag.py:545} INFO - Filling up the DagBag from /opt/airflow/dags/main.py
[2025-12-16T09:10:31.168+0000] {processor.py:840} INFO - DAG(s) 'update_db', 'youtube_video_stats' retrieved from /opt/airflow/dags/main.py
[2025-12-16T09:10:31.715+0000] {logging_mixin.py:188} INFO - [2025-12-16T09:10:31.714+0000] {dag.py:3096} INFO - Sync 2 DAGs
[2025-12-16T09:10:31.918+0000] {logging_mixin.py:188} INFO - [2025-12-16T09:10:31.917+0000] {dag.py:3954} INFO - Setting next_dagrun for update_db to 2025-12-15 15:00:00+00:00, run_after=2025-12-16 15:00:00+00:00
[2025-12-16T09:10:31.970+0000] {logging_mixin.py:188} INFO - [2025-12-16T09:10:31.969+0000] {dag.py:3954} INFO - Setting next_dagrun for youtube_video_stats to 2025-12-15 14:00:00+00:00, run_after=2025-12-16 14:00:00+00:00
[2025-12-16T09:10:32.061+0000] {processor.py:183} INFO - Processing /opt/airflow/dags/main.py took 1.785 seconds
[2025-12-16T09:11:02.482+0000] {processor.py:161} INFO - Started process (PID=7107) to work on /opt/airflow/dags/main.py
[2025-12-16T09:11:02.502+0000] {processor.py:830} INFO - Processing file /opt/airflow/dags/main.py for tasks to queue
[2025-12-16T09:11:02.510+0000] {logging_mixin.py:188} INFO - [2025-12-16T09:11:02.509+0000] {dagbag.py:545} INFO - Filling up the DagBag from /opt/airflow/dags/main.py
[2025-12-16T09:11:03.116+0000] {processor.py:840} INFO - DAG(s) 'youtube_video_stats', 'update_db' retrieved from /opt/airflow/dags/main.py
[2025-12-16T09:11:03.301+0000] {logging_mixin.py:188} INFO - [2025-12-16T09:11:03.300+0000] {dag.py:3096} INFO - Sync 2 DAGs
[2025-12-16T09:11:03.489+0000] {logging_mixin.py:188} INFO - [2025-12-16T09:11:03.488+0000] {dag.py:3954} INFO - Setting next_dagrun for update_db to 2025-12-15 15:00:00+00:00, run_after=2025-12-16 15:00:00+00:00
[2025-12-16T09:11:03.538+0000] {logging_mixin.py:188} INFO - [2025-12-16T09:11:03.537+0000] {dag.py:3954} INFO - Setting next_dagrun for youtube_video_stats to 2025-12-15 14:00:00+00:00, run_after=2025-12-16 14:00:00+00:00
[2025-12-16T09:11:03.685+0000] {processor.py:183} INFO - Processing /opt/airflow/dags/main.py took 1.243 seconds
[2025-12-16T09:11:34.274+0000] {processor.py:161} INFO - Started process (PID=7114) to work on /opt/airflow/dags/main.py
[2025-12-16T09:11:34.293+0000] {processor.py:830} INFO - Processing file /opt/airflow/dags/main.py for tasks to queue
[2025-12-16T09:11:34.303+0000] {logging_mixin.py:188} INFO - [2025-12-16T09:11:34.302+0000] {dagbag.py:545} INFO - Filling up the DagBag from /opt/airflow/dags/main.py
[2025-12-16T09:11:36.293+0000] {processor.py:840} INFO - DAG(s) 'youtube_video_stats', 'update_db' retrieved from /opt/airflow/dags/main.py
[2025-12-16T09:11:36.526+0000] {logging_mixin.py:188} INFO - [2025-12-16T09:11:36.524+0000] {dag.py:3096} INFO - Sync 2 DAGs
[2025-12-16T09:11:36.674+0000] {logging_mixin.py:188} INFO - [2025-12-16T09:11:36.663+0000] {dag.py:3954} INFO - Setting next_dagrun for update_db to 2025-12-15 15:00:00+00:00, run_after=2025-12-16 15:00:00+00:00
[2025-12-16T09:11:36.712+0000] {logging_mixin.py:188} INFO - [2025-12-16T09:11:36.711+0000] {dag.py:3954} INFO - Setting next_dagrun for youtube_video_stats to 2025-12-15 14:00:00+00:00, run_after=2025-12-16 14:00:00+00:00
[2025-12-16T09:11:36.798+0000] {processor.py:183} INFO - Processing /opt/airflow/dags/main.py took 2.583 seconds
[2025-12-16T09:12:07.235+0000] {processor.py:161} INFO - Started process (PID=7121) to work on /opt/airflow/dags/main.py
[2025-12-16T09:12:07.246+0000] {processor.py:830} INFO - Processing file /opt/airflow/dags/main.py for tasks to queue
[2025-12-16T09:12:07.255+0000] {logging_mixin.py:188} INFO - [2025-12-16T09:12:07.254+0000] {dagbag.py:545} INFO - Filling up the DagBag from /opt/airflow/dags/main.py
[2025-12-16T09:12:07.859+0000] {processor.py:840} INFO - DAG(s) 'update_db', 'youtube_video_stats' retrieved from /opt/airflow/dags/main.py
[2025-12-16T09:12:08.058+0000] {logging_mixin.py:188} INFO - [2025-12-16T09:12:08.052+0000] {dag.py:3096} INFO - Sync 2 DAGs
[2025-12-16T09:12:08.180+0000] {logging_mixin.py:188} INFO - [2025-12-16T09:12:08.179+0000] {dag.py:3954} INFO - Setting next_dagrun for update_db to 2025-12-15 15:00:00+00:00, run_after=2025-12-16 15:00:00+00:00
[2025-12-16T09:12:08.223+0000] {logging_mixin.py:188} INFO - [2025-12-16T09:12:08.222+0000] {dag.py:3954} INFO - Setting next_dagrun for youtube_video_stats to 2025-12-15 14:00:00+00:00, run_after=2025-12-16 14:00:00+00:00
[2025-12-16T09:12:08.330+0000] {processor.py:183} INFO - Processing /opt/airflow/dags/main.py took 1.158 seconds
[2025-12-16T09:12:38.985+0000] {processor.py:161} INFO - Started process (PID=7134) to work on /opt/airflow/dags/main.py
[2025-12-16T09:12:38.993+0000] {processor.py:830} INFO - Processing file /opt/airflow/dags/main.py for tasks to queue
[2025-12-16T09:12:38.997+0000] {logging_mixin.py:188} INFO - [2025-12-16T09:12:38.996+0000] {dagbag.py:545} INFO - Filling up the DagBag from /opt/airflow/dags/main.py
[2025-12-16T09:12:39.715+0000] {processor.py:840} INFO - DAG(s) 'update_db', 'youtube_video_stats' retrieved from /opt/airflow/dags/main.py
[2025-12-16T09:12:39.897+0000] {logging_mixin.py:188} INFO - [2025-12-16T09:12:39.896+0000] {dag.py:3096} INFO - Sync 2 DAGs
[2025-12-16T09:12:40.055+0000] {logging_mixin.py:188} INFO - [2025-12-16T09:12:40.054+0000] {dag.py:3954} INFO - Setting next_dagrun for update_db to 2025-12-15 15:00:00+00:00, run_after=2025-12-16 15:00:00+00:00
[2025-12-16T09:12:40.104+0000] {logging_mixin.py:188} INFO - [2025-12-16T09:12:40.102+0000] {dag.py:3954} INFO - Setting next_dagrun for youtube_video_stats to 2025-12-15 14:00:00+00:00, run_after=2025-12-16 14:00:00+00:00
[2025-12-16T09:12:40.215+0000] {processor.py:183} INFO - Processing /opt/airflow/dags/main.py took 1.259 seconds
[2025-12-16T09:13:10.444+0000] {processor.py:161} INFO - Started process (PID=7141) to work on /opt/airflow/dags/main.py
[2025-12-16T09:13:10.456+0000] {processor.py:830} INFO - Processing file /opt/airflow/dags/main.py for tasks to queue
[2025-12-16T09:13:10.460+0000] {logging_mixin.py:188} INFO - [2025-12-16T09:13:10.459+0000] {dagbag.py:545} INFO - Filling up the DagBag from /opt/airflow/dags/main.py
[2025-12-16T09:13:11.068+0000] {processor.py:840} INFO - DAG(s) 'update_db', 'youtube_video_stats' retrieved from /opt/airflow/dags/main.py
[2025-12-16T09:13:11.249+0000] {logging_mixin.py:188} INFO - [2025-12-16T09:13:11.240+0000] {dag.py:3096} INFO - Sync 2 DAGs
[2025-12-16T09:13:11.389+0000] {logging_mixin.py:188} INFO - [2025-12-16T09:13:11.388+0000] {dag.py:3954} INFO - Setting next_dagrun for update_db to 2025-12-15 15:00:00+00:00, run_after=2025-12-16 15:00:00+00:00
[2025-12-16T09:13:11.426+0000] {logging_mixin.py:188} INFO - [2025-12-16T09:13:11.425+0000] {dag.py:3954} INFO - Setting next_dagrun for youtube_video_stats to 2025-12-15 14:00:00+00:00, run_after=2025-12-16 14:00:00+00:00
[2025-12-16T09:13:11.509+0000] {processor.py:183} INFO - Processing /opt/airflow/dags/main.py took 1.118 seconds
[2025-12-16T09:13:41.904+0000] {processor.py:161} INFO - Started process (PID=7148) to work on /opt/airflow/dags/main.py
[2025-12-16T09:13:41.907+0000] {processor.py:830} INFO - Processing file /opt/airflow/dags/main.py for tasks to queue
[2025-12-16T09:13:41.910+0000] {logging_mixin.py:188} INFO - [2025-12-16T09:13:41.909+0000] {dagbag.py:545} INFO - Filling up the DagBag from /opt/airflow/dags/main.py
[2025-12-16T09:13:42.175+0000] {processor.py:840} INFO - DAG(s) 'update_db', 'youtube_video_stats' retrieved from /opt/airflow/dags/main.py
[2025-12-16T09:13:42.252+0000] {logging_mixin.py:188} INFO - [2025-12-16T09:13:42.252+0000] {dag.py:3096} INFO - Sync 2 DAGs
[2025-12-16T09:13:42.331+0000] {logging_mixin.py:188} INFO - [2025-12-16T09:13:42.331+0000] {dag.py:3954} INFO - Setting next_dagrun for update_db to 2025-12-15 15:00:00+00:00, run_after=2025-12-16 15:00:00+00:00
[2025-12-16T09:13:42.345+0000] {logging_mixin.py:188} INFO - [2025-12-16T09:13:42.345+0000] {dag.py:3954} INFO - Setting next_dagrun for youtube_video_stats to 2025-12-15 14:00:00+00:00, run_after=2025-12-16 14:00:00+00:00
[2025-12-16T09:13:42.390+0000] {processor.py:183} INFO - Processing /opt/airflow/dags/main.py took 0.501 seconds
[2025-12-16T09:14:12.774+0000] {processor.py:161} INFO - Started process (PID=7155) to work on /opt/airflow/dags/main.py
[2025-12-16T09:14:12.777+0000] {processor.py:830} INFO - Processing file /opt/airflow/dags/main.py for tasks to queue
[2025-12-16T09:14:12.779+0000] {logging_mixin.py:188} INFO - [2025-12-16T09:14:12.779+0000] {dagbag.py:545} INFO - Filling up the DagBag from /opt/airflow/dags/main.py
[2025-12-16T09:14:12.977+0000] {processor.py:840} INFO - DAG(s) 'youtube_video_stats', 'update_db' retrieved from /opt/airflow/dags/main.py
[2025-12-16T09:14:13.050+0000] {logging_mixin.py:188} INFO - [2025-12-16T09:14:13.048+0000] {dag.py:3096} INFO - Sync 2 DAGs
[2025-12-16T09:14:13.110+0000] {logging_mixin.py:188} INFO - [2025-12-16T09:14:13.110+0000] {dag.py:3954} INFO - Setting next_dagrun for update_db to 2025-12-15 15:00:00+00:00, run_after=2025-12-16 15:00:00+00:00
[2025-12-16T09:14:13.126+0000] {logging_mixin.py:188} INFO - [2025-12-16T09:14:13.125+0000] {dag.py:3954} INFO - Setting next_dagrun for youtube_video_stats to 2025-12-15 14:00:00+00:00, run_after=2025-12-16 14:00:00+00:00
[2025-12-16T09:14:13.162+0000] {processor.py:183} INFO - Processing /opt/airflow/dags/main.py took 0.403 seconds
[2025-12-16T09:14:43.492+0000] {processor.py:161} INFO - Started process (PID=7162) to work on /opt/airflow/dags/main.py
[2025-12-16T09:14:43.496+0000] {processor.py:830} INFO - Processing file /opt/airflow/dags/main.py for tasks to queue
[2025-12-16T09:14:43.499+0000] {logging_mixin.py:188} INFO - [2025-12-16T09:14:43.498+0000] {dagbag.py:545} INFO - Filling up the DagBag from /opt/airflow/dags/main.py
[2025-12-16T09:14:43.795+0000] {processor.py:840} INFO - DAG(s) 'youtube_video_stats', 'update_db' retrieved from /opt/airflow/dags/main.py
[2025-12-16T09:14:43.869+0000] {logging_mixin.py:188} INFO - [2025-12-16T09:14:43.869+0000] {dag.py:3096} INFO - Sync 2 DAGs
[2025-12-16T09:14:43.921+0000] {logging_mixin.py:188} INFO - [2025-12-16T09:14:43.920+0000] {dag.py:3954} INFO - Setting next_dagrun for update_db to 2025-12-15 15:00:00+00:00, run_after=2025-12-16 15:00:00+00:00
[2025-12-16T09:14:43.938+0000] {logging_mixin.py:188} INFO - [2025-12-16T09:14:43.938+0000] {dag.py:3954} INFO - Setting next_dagrun for youtube_video_stats to 2025-12-15 14:00:00+00:00, run_after=2025-12-16 14:00:00+00:00
[2025-12-16T09:14:43.981+0000] {processor.py:183} INFO - Processing /opt/airflow/dags/main.py took 0.504 seconds
[2025-12-16T09:15:14.280+0000] {processor.py:161} INFO - Started process (PID=7169) to work on /opt/airflow/dags/main.py
[2025-12-16T09:15:14.283+0000] {processor.py:830} INFO - Processing file /opt/airflow/dags/main.py for tasks to queue
[2025-12-16T09:15:14.285+0000] {logging_mixin.py:188} INFO - [2025-12-16T09:15:14.284+0000] {dagbag.py:545} INFO - Filling up the DagBag from /opt/airflow/dags/main.py
[2025-12-16T09:15:14.506+0000] {processor.py:840} INFO - DAG(s) 'update_db', 'youtube_video_stats' retrieved from /opt/airflow/dags/main.py
[2025-12-16T09:15:14.572+0000] {logging_mixin.py:188} INFO - [2025-12-16T09:15:14.572+0000] {dag.py:3096} INFO - Sync 2 DAGs
[2025-12-16T09:15:14.620+0000] {logging_mixin.py:188} INFO - [2025-12-16T09:15:14.619+0000] {dag.py:3954} INFO - Setting next_dagrun for update_db to 2025-12-15 15:00:00+00:00, run_after=2025-12-16 15:00:00+00:00
[2025-12-16T09:15:14.631+0000] {logging_mixin.py:188} INFO - [2025-12-16T09:15:14.630+0000] {dag.py:3954} INFO - Setting next_dagrun for youtube_video_stats to 2025-12-15 14:00:00+00:00, run_after=2025-12-16 14:00:00+00:00
[2025-12-16T09:15:14.680+0000] {processor.py:183} INFO - Processing /opt/airflow/dags/main.py took 0.414 seconds
[2025-12-16T09:15:44.892+0000] {processor.py:161} INFO - Started process (PID=7176) to work on /opt/airflow/dags/main.py
[2025-12-16T09:15:44.894+0000] {processor.py:830} INFO - Processing file /opt/airflow/dags/main.py for tasks to queue
[2025-12-16T09:15:44.895+0000] {logging_mixin.py:188} INFO - [2025-12-16T09:15:44.895+0000] {dagbag.py:545} INFO - Filling up the DagBag from /opt/airflow/dags/main.py
[2025-12-16T09:15:45.053+0000] {processor.py:840} INFO - DAG(s) 'update_db', 'youtube_video_stats' retrieved from /opt/airflow/dags/main.py
[2025-12-16T09:15:45.138+0000] {logging_mixin.py:188} INFO - [2025-12-16T09:15:45.138+0000] {dag.py:3096} INFO - Sync 2 DAGs
[2025-12-16T09:15:45.172+0000] {logging_mixin.py:188} INFO - [2025-12-16T09:15:45.172+0000] {dag.py:3954} INFO - Setting next_dagrun for update_db to 2025-12-15 15:00:00+00:00, run_after=2025-12-16 15:00:00+00:00
[2025-12-16T09:15:45.180+0000] {logging_mixin.py:188} INFO - [2025-12-16T09:15:45.180+0000] {dag.py:3954} INFO - Setting next_dagrun for youtube_video_stats to 2025-12-15 14:00:00+00:00, run_after=2025-12-16 14:00:00+00:00
[2025-12-16T09:15:45.235+0000] {processor.py:183} INFO - Processing /opt/airflow/dags/main.py took 0.352 seconds
[2025-12-16T09:16:15.896+0000] {processor.py:161} INFO - Started process (PID=7183) to work on /opt/airflow/dags/main.py
[2025-12-16T09:16:15.902+0000] {processor.py:830} INFO - Processing file /opt/airflow/dags/main.py for tasks to queue
[2025-12-16T09:16:15.905+0000] {logging_mixin.py:188} INFO - [2025-12-16T09:16:15.904+0000] {dagbag.py:545} INFO - Filling up the DagBag from /opt/airflow/dags/main.py
[2025-12-16T09:16:16.255+0000] {processor.py:840} INFO - DAG(s) 'youtube_video_stats', 'update_db' retrieved from /opt/airflow/dags/main.py
[2025-12-16T09:16:16.480+0000] {logging_mixin.py:188} INFO - [2025-12-16T09:16:16.480+0000] {dag.py:3096} INFO - Sync 2 DAGs
[2025-12-16T09:16:16.635+0000] {logging_mixin.py:188} INFO - [2025-12-16T09:16:16.634+0000] {dag.py:3954} INFO - Setting next_dagrun for update_db to 2025-12-15 15:00:00+00:00, run_after=2025-12-16 15:00:00+00:00
[2025-12-16T09:16:16.653+0000] {logging_mixin.py:188} INFO - [2025-12-16T09:16:16.652+0000] {dag.py:3954} INFO - Setting next_dagrun for youtube_video_stats to 2025-12-15 14:00:00+00:00, run_after=2025-12-16 14:00:00+00:00
[2025-12-16T09:16:16.708+0000] {processor.py:183} INFO - Processing /opt/airflow/dags/main.py took 0.827 seconds
[2025-12-16T09:16:47.174+0000] {processor.py:161} INFO - Started process (PID=7190) to work on /opt/airflow/dags/main.py
[2025-12-16T09:16:47.178+0000] {processor.py:830} INFO - Processing file /opt/airflow/dags/main.py for tasks to queue
[2025-12-16T09:16:47.181+0000] {logging_mixin.py:188} INFO - [2025-12-16T09:16:47.180+0000] {dagbag.py:545} INFO - Filling up the DagBag from /opt/airflow/dags/main.py
[2025-12-16T09:16:47.512+0000] {processor.py:840} INFO - DAG(s) 'update_db', 'youtube_video_stats' retrieved from /opt/airflow/dags/main.py
[2025-12-16T09:16:47.626+0000] {logging_mixin.py:188} INFO - [2025-12-16T09:16:47.625+0000] {dag.py:3096} INFO - Sync 2 DAGs
[2025-12-16T09:16:47.709+0000] {logging_mixin.py:188} INFO - [2025-12-16T09:16:47.709+0000] {dag.py:3954} INFO - Setting next_dagrun for update_db to 2025-12-15 15:00:00+00:00, run_after=2025-12-16 15:00:00+00:00
[2025-12-16T09:16:47.730+0000] {logging_mixin.py:188} INFO - [2025-12-16T09:16:47.730+0000] {dag.py:3954} INFO - Setting next_dagrun for youtube_video_stats to 2025-12-15 14:00:00+00:00, run_after=2025-12-16 14:00:00+00:00
[2025-12-16T09:16:47.781+0000] {processor.py:183} INFO - Processing /opt/airflow/dags/main.py took 0.640 seconds
[2025-12-16T09:17:18.772+0000] {processor.py:161} INFO - Started process (PID=7197) to work on /opt/airflow/dags/main.py
[2025-12-16T09:17:18.774+0000] {processor.py:830} INFO - Processing file /opt/airflow/dags/main.py for tasks to queue
[2025-12-16T09:17:18.776+0000] {logging_mixin.py:188} INFO - [2025-12-16T09:17:18.775+0000] {dagbag.py:545} INFO - Filling up the DagBag from /opt/airflow/dags/main.py
[2025-12-16T09:17:18.927+0000] {processor.py:840} INFO - DAG(s) 'youtube_video_stats', 'update_db' retrieved from /opt/airflow/dags/main.py
[2025-12-16T09:17:18.978+0000] {logging_mixin.py:188} INFO - [2025-12-16T09:17:18.978+0000] {dag.py:3096} INFO - Sync 2 DAGs
[2025-12-16T09:17:19.015+0000] {logging_mixin.py:188} INFO - [2025-12-16T09:17:19.015+0000] {dag.py:3954} INFO - Setting next_dagrun for update_db to 2025-12-15 15:00:00+00:00, run_after=2025-12-16 15:00:00+00:00
[2025-12-16T09:17:19.025+0000] {logging_mixin.py:188} INFO - [2025-12-16T09:17:19.025+0000] {dag.py:3954} INFO - Setting next_dagrun for youtube_video_stats to 2025-12-15 14:00:00+00:00, run_after=2025-12-16 14:00:00+00:00
[2025-12-16T09:17:19.057+0000] {processor.py:183} INFO - Processing /opt/airflow/dags/main.py took 0.293 seconds
[2025-12-16T09:17:49.321+0000] {processor.py:161} INFO - Started process (PID=7204) to work on /opt/airflow/dags/main.py
[2025-12-16T09:17:49.323+0000] {processor.py:830} INFO - Processing file /opt/airflow/dags/main.py for tasks to queue
[2025-12-16T09:17:49.326+0000] {logging_mixin.py:188} INFO - [2025-12-16T09:17:49.325+0000] {dagbag.py:545} INFO - Filling up the DagBag from /opt/airflow/dags/main.py
[2025-12-16T09:17:49.500+0000] {processor.py:840} INFO - DAG(s) 'update_db', 'youtube_video_stats' retrieved from /opt/airflow/dags/main.py
[2025-12-16T09:17:49.554+0000] {logging_mixin.py:188} INFO - [2025-12-16T09:17:49.554+0000] {dag.py:3096} INFO - Sync 2 DAGs
[2025-12-16T09:17:49.592+0000] {logging_mixin.py:188} INFO - [2025-12-16T09:17:49.591+0000] {dag.py:3954} INFO - Setting next_dagrun for update_db to 2025-12-15 15:00:00+00:00, run_after=2025-12-16 15:00:00+00:00
[2025-12-16T09:17:49.600+0000] {logging_mixin.py:188} INFO - [2025-12-16T09:17:49.600+0000] {dag.py:3954} INFO - Setting next_dagrun for youtube_video_stats to 2025-12-15 14:00:00+00:00, run_after=2025-12-16 14:00:00+00:00
[2025-12-16T09:17:49.629+0000] {processor.py:183} INFO - Processing /opt/airflow/dags/main.py took 0.320 seconds
[2025-12-16T09:18:20.248+0000] {processor.py:161} INFO - Started process (PID=7211) to work on /opt/airflow/dags/main.py
[2025-12-16T09:18:20.250+0000] {processor.py:830} INFO - Processing file /opt/airflow/dags/main.py for tasks to queue
[2025-12-16T09:18:20.251+0000] {logging_mixin.py:188} INFO - [2025-12-16T09:18:20.251+0000] {dagbag.py:545} INFO - Filling up the DagBag from /opt/airflow/dags/main.py
[2025-12-16T09:18:20.402+0000] {processor.py:840} INFO - DAG(s) 'youtube_video_stats', 'update_db' retrieved from /opt/airflow/dags/main.py
[2025-12-16T09:18:20.454+0000] {logging_mixin.py:188} INFO - [2025-12-16T09:18:20.454+0000] {dag.py:3096} INFO - Sync 2 DAGs
[2025-12-16T09:18:20.493+0000] {logging_mixin.py:188} INFO - [2025-12-16T09:18:20.493+0000] {dag.py:3954} INFO - Setting next_dagrun for update_db to 2025-12-15 15:00:00+00:00, run_after=2025-12-16 15:00:00+00:00
[2025-12-16T09:18:20.501+0000] {logging_mixin.py:188} INFO - [2025-12-16T09:18:20.500+0000] {dag.py:3954} INFO - Setting next_dagrun for youtube_video_stats to 2025-12-15 14:00:00+00:00, run_after=2025-12-16 14:00:00+00:00
[2025-12-16T09:18:20.525+0000] {processor.py:183} INFO - Processing /opt/airflow/dags/main.py took 0.296 seconds
[2025-12-16T13:28:01.153+0000] {processor.py:161} INFO - Started process (PID=7212) to work on /opt/airflow/dags/main.py
[2025-12-16T13:28:01.162+0000] {processor.py:830} INFO - Processing file /opt/airflow/dags/main.py for tasks to queue
[2025-12-16T13:28:01.167+0000] {logging_mixin.py:188} INFO - [2025-12-16T13:28:01.166+0000] {dagbag.py:545} INFO - Filling up the DagBag from /opt/airflow/dags/main.py
[2025-12-16T13:28:02.407+0000] {processor.py:840} INFO - DAG(s) 'youtube_video_stats', 'update_db' retrieved from /opt/airflow/dags/main.py
[2025-12-16T13:28:02.581+0000] {logging_mixin.py:188} INFO - [2025-12-16T13:28:02.581+0000] {dag.py:3096} INFO - Sync 2 DAGs
[2025-12-16T13:28:02.692+0000] {logging_mixin.py:188} INFO - [2025-12-16T13:28:02.686+0000] {dag.py:3954} INFO - Setting next_dagrun for update_db to 2025-12-15 15:00:00+00:00, run_after=2025-12-16 15:00:00+00:00
[2025-12-16T13:28:02.717+0000] {logging_mixin.py:188} INFO - [2025-12-16T13:28:02.716+0000] {dag.py:3954} INFO - Setting next_dagrun for youtube_video_stats to 2025-12-15 14:00:00+00:00, run_after=2025-12-16 14:00:00+00:00
[2025-12-16T13:28:02.806+0000] {processor.py:183} INFO - Processing /opt/airflow/dags/main.py took 1.677 seconds
[2025-12-16T13:28:33.214+0000] {processor.py:161} INFO - Started process (PID=7219) to work on /opt/airflow/dags/main.py
[2025-12-16T13:28:33.539+0000] {processor.py:830} INFO - Processing file /opt/airflow/dags/main.py for tasks to queue
[2025-12-16T13:28:33.548+0000] {logging_mixin.py:188} INFO - [2025-12-16T13:28:33.548+0000] {dagbag.py:545} INFO - Filling up the DagBag from /opt/airflow/dags/main.py
[2025-12-16T13:28:34.139+0000] {processor.py:840} INFO - DAG(s) 'youtube_video_stats', 'update_db' retrieved from /opt/airflow/dags/main.py
[2025-12-16T13:28:34.235+0000] {logging_mixin.py:188} INFO - [2025-12-16T13:28:34.235+0000] {dag.py:3096} INFO - Sync 2 DAGs
[2025-12-16T13:28:34.310+0000] {logging_mixin.py:188} INFO - [2025-12-16T13:28:34.309+0000] {dag.py:3954} INFO - Setting next_dagrun for update_db to 2025-12-15 15:00:00+00:00, run_after=2025-12-16 15:00:00+00:00
[2025-12-16T13:28:34.328+0000] {logging_mixin.py:188} INFO - [2025-12-16T13:28:34.328+0000] {dag.py:3954} INFO - Setting next_dagrun for youtube_video_stats to 2025-12-15 14:00:00+00:00, run_after=2025-12-16 14:00:00+00:00
[2025-12-16T13:28:34.510+0000] {processor.py:183} INFO - Processing /opt/airflow/dags/main.py took 1.313 seconds
[2025-12-16T13:29:04.685+0000] {processor.py:161} INFO - Started process (PID=7226) to work on /opt/airflow/dags/main.py
[2025-12-16T13:29:04.687+0000] {processor.py:830} INFO - Processing file /opt/airflow/dags/main.py for tasks to queue
[2025-12-16T13:29:04.689+0000] {logging_mixin.py:188} INFO - [2025-12-16T13:29:04.688+0000] {dagbag.py:545} INFO - Filling up the DagBag from /opt/airflow/dags/main.py
[2025-12-16T13:29:04.841+0000] {processor.py:840} INFO - DAG(s) 'youtube_video_stats', 'update_db' retrieved from /opt/airflow/dags/main.py
[2025-12-16T13:29:04.897+0000] {logging_mixin.py:188} INFO - [2025-12-16T13:29:04.897+0000] {dag.py:3096} INFO - Sync 2 DAGs
[2025-12-16T13:29:04.939+0000] {logging_mixin.py:188} INFO - [2025-12-16T13:29:04.939+0000] {dag.py:3954} INFO - Setting next_dagrun for update_db to 2025-12-15 15:00:00+00:00, run_after=2025-12-16 15:00:00+00:00
[2025-12-16T13:29:04.951+0000] {logging_mixin.py:188} INFO - [2025-12-16T13:29:04.951+0000] {dag.py:3954} INFO - Setting next_dagrun for youtube_video_stats to 2025-12-15 14:00:00+00:00, run_after=2025-12-16 14:00:00+00:00
[2025-12-16T13:29:04.988+0000] {processor.py:183} INFO - Processing /opt/airflow/dags/main.py took 0.319 seconds
[2025-12-16T13:29:35.084+0000] {processor.py:161} INFO - Started process (PID=7233) to work on /opt/airflow/dags/main.py
[2025-12-16T13:29:35.085+0000] {processor.py:830} INFO - Processing file /opt/airflow/dags/main.py for tasks to queue
[2025-12-16T13:29:35.086+0000] {logging_mixin.py:188} INFO - [2025-12-16T13:29:35.086+0000] {dagbag.py:545} INFO - Filling up the DagBag from /opt/airflow/dags/main.py
[2025-12-16T13:29:35.198+0000] {processor.py:840} INFO - DAG(s) 'update_db', 'youtube_video_stats' retrieved from /opt/airflow/dags/main.py
[2025-12-16T13:29:35.236+0000] {logging_mixin.py:188} INFO - [2025-12-16T13:29:35.236+0000] {dag.py:3096} INFO - Sync 2 DAGs
[2025-12-16T13:29:35.259+0000] {logging_mixin.py:188} INFO - [2025-12-16T13:29:35.259+0000] {dag.py:3954} INFO - Setting next_dagrun for update_db to 2025-12-15 15:00:00+00:00, run_after=2025-12-16 15:00:00+00:00
[2025-12-16T13:29:35.264+0000] {logging_mixin.py:188} INFO - [2025-12-16T13:29:35.264+0000] {dag.py:3954} INFO - Setting next_dagrun for youtube_video_stats to 2025-12-15 14:00:00+00:00, run_after=2025-12-16 14:00:00+00:00
[2025-12-16T13:29:35.284+0000] {processor.py:183} INFO - Processing /opt/airflow/dags/main.py took 0.207 seconds
[2025-12-16T13:30:05.374+0000] {processor.py:161} INFO - Started process (PID=7240) to work on /opt/airflow/dags/main.py
[2025-12-16T13:30:05.376+0000] {processor.py:830} INFO - Processing file /opt/airflow/dags/main.py for tasks to queue
[2025-12-16T13:30:05.377+0000] {logging_mixin.py:188} INFO - [2025-12-16T13:30:05.377+0000] {dagbag.py:545} INFO - Filling up the DagBag from /opt/airflow/dags/main.py
[2025-12-16T13:30:05.586+0000] {processor.py:840} INFO - DAG(s) 'youtube_video_stats', 'update_db' retrieved from /opt/airflow/dags/main.py
[2025-12-16T13:30:05.641+0000] {logging_mixin.py:188} INFO - [2025-12-16T13:30:05.640+0000] {dag.py:3096} INFO - Sync 2 DAGs
[2025-12-16T13:30:05.680+0000] {logging_mixin.py:188} INFO - [2025-12-16T13:30:05.680+0000] {dag.py:3954} INFO - Setting next_dagrun for update_db to 2025-12-15 15:00:00+00:00, run_after=2025-12-16 15:00:00+00:00
[2025-12-16T13:30:05.691+0000] {logging_mixin.py:188} INFO - [2025-12-16T13:30:05.691+0000] {dag.py:3954} INFO - Setting next_dagrun for youtube_video_stats to 2025-12-15 14:00:00+00:00, run_after=2025-12-16 14:00:00+00:00
[2025-12-16T13:30:05.726+0000] {processor.py:183} INFO - Processing /opt/airflow/dags/main.py took 0.367 seconds
[2025-12-16T13:30:35.978+0000] {processor.py:161} INFO - Started process (PID=7247) to work on /opt/airflow/dags/main.py
[2025-12-16T13:30:35.979+0000] {processor.py:830} INFO - Processing file /opt/airflow/dags/main.py for tasks to queue
[2025-12-16T13:30:35.980+0000] {logging_mixin.py:188} INFO - [2025-12-16T13:30:35.979+0000] {dagbag.py:545} INFO - Filling up the DagBag from /opt/airflow/dags/main.py
[2025-12-16T13:30:36.070+0000] {processor.py:840} INFO - DAG(s) 'youtube_video_stats', 'update_db' retrieved from /opt/airflow/dags/main.py
[2025-12-16T13:30:36.099+0000] {logging_mixin.py:188} INFO - [2025-12-16T13:30:36.099+0000] {dag.py:3096} INFO - Sync 2 DAGs
[2025-12-16T13:30:36.121+0000] {logging_mixin.py:188} INFO - [2025-12-16T13:30:36.121+0000] {dag.py:3954} INFO - Setting next_dagrun for update_db to 2025-12-15 15:00:00+00:00, run_after=2025-12-16 15:00:00+00:00
[2025-12-16T13:30:36.127+0000] {logging_mixin.py:188} INFO - [2025-12-16T13:30:36.127+0000] {dag.py:3954} INFO - Setting next_dagrun for youtube_video_stats to 2025-12-15 14:00:00+00:00, run_after=2025-12-16 14:00:00+00:00
[2025-12-16T13:30:36.149+0000] {processor.py:183} INFO - Processing /opt/airflow/dags/main.py took 0.177 seconds
[2025-12-16T13:31:06.232+0000] {processor.py:161} INFO - Started process (PID=7254) to work on /opt/airflow/dags/main.py
[2025-12-16T13:31:06.234+0000] {processor.py:830} INFO - Processing file /opt/airflow/dags/main.py for tasks to queue
[2025-12-16T13:31:06.235+0000] {logging_mixin.py:188} INFO - [2025-12-16T13:31:06.235+0000] {dagbag.py:545} INFO - Filling up the DagBag from /opt/airflow/dags/main.py
[2025-12-16T13:31:06.409+0000] {processor.py:840} INFO - DAG(s) 'update_db', 'youtube_video_stats' retrieved from /opt/airflow/dags/main.py
[2025-12-16T13:31:06.471+0000] {logging_mixin.py:188} INFO - [2025-12-16T13:31:06.471+0000] {dag.py:3096} INFO - Sync 2 DAGs
[2025-12-16T13:31:06.515+0000] {logging_mixin.py:188} INFO - [2025-12-16T13:31:06.514+0000] {dag.py:3954} INFO - Setting next_dagrun for update_db to 2025-12-15 15:00:00+00:00, run_after=2025-12-16 15:00:00+00:00
[2025-12-16T13:31:06.524+0000] {logging_mixin.py:188} INFO - [2025-12-16T13:31:06.523+0000] {dag.py:3954} INFO - Setting next_dagrun for youtube_video_stats to 2025-12-15 14:00:00+00:00, run_after=2025-12-16 14:00:00+00:00
[2025-12-16T13:31:06.548+0000] {processor.py:183} INFO - Processing /opt/airflow/dags/main.py took 0.326 seconds
[2025-12-16T13:31:36.674+0000] {processor.py:161} INFO - Started process (PID=7261) to work on /opt/airflow/dags/main.py
[2025-12-16T13:31:36.675+0000] {processor.py:830} INFO - Processing file /opt/airflow/dags/main.py for tasks to queue
[2025-12-16T13:31:36.677+0000] {logging_mixin.py:188} INFO - [2025-12-16T13:31:36.676+0000] {dagbag.py:545} INFO - Filling up the DagBag from /opt/airflow/dags/main.py
[2025-12-16T13:31:36.764+0000] {processor.py:840} INFO - DAG(s) 'update_db', 'youtube_video_stats' retrieved from /opt/airflow/dags/main.py
[2025-12-16T13:31:36.797+0000] {logging_mixin.py:188} INFO - [2025-12-16T13:31:36.797+0000] {dag.py:3096} INFO - Sync 2 DAGs
[2025-12-16T13:31:36.822+0000] {logging_mixin.py:188} INFO - [2025-12-16T13:31:36.822+0000] {dag.py:3954} INFO - Setting next_dagrun for update_db to 2025-12-15 15:00:00+00:00, run_after=2025-12-16 15:00:00+00:00
[2025-12-16T13:31:36.828+0000] {logging_mixin.py:188} INFO - [2025-12-16T13:31:36.827+0000] {dag.py:3954} INFO - Setting next_dagrun for youtube_video_stats to 2025-12-15 14:00:00+00:00, run_after=2025-12-16 14:00:00+00:00
[2025-12-16T13:31:36.863+0000] {processor.py:183} INFO - Processing /opt/airflow/dags/main.py took 0.196 seconds
[2025-12-16T13:32:06.925+0000] {processor.py:161} INFO - Started process (PID=7268) to work on /opt/airflow/dags/main.py
[2025-12-16T13:32:06.927+0000] {processor.py:830} INFO - Processing file /opt/airflow/dags/main.py for tasks to queue
[2025-12-16T13:32:06.928+0000] {logging_mixin.py:188} INFO - [2025-12-16T13:32:06.927+0000] {dagbag.py:545} INFO - Filling up the DagBag from /opt/airflow/dags/main.py
[2025-12-16T13:32:07.037+0000] {processor.py:840} INFO - DAG(s) 'youtube_video_stats', 'update_db' retrieved from /opt/airflow/dags/main.py
[2025-12-16T13:32:07.070+0000] {logging_mixin.py:188} INFO - [2025-12-16T13:32:07.069+0000] {dag.py:3096} INFO - Sync 2 DAGs
[2025-12-16T13:32:07.095+0000] {logging_mixin.py:188} INFO - [2025-12-16T13:32:07.095+0000] {dag.py:3954} INFO - Setting next_dagrun for update_db to 2025-12-15 15:00:00+00:00, run_after=2025-12-16 15:00:00+00:00
[2025-12-16T13:32:07.102+0000] {logging_mixin.py:188} INFO - [2025-12-16T13:32:07.102+0000] {dag.py:3954} INFO - Setting next_dagrun for youtube_video_stats to 2025-12-15 14:00:00+00:00, run_after=2025-12-16 14:00:00+00:00
[2025-12-16T13:32:07.139+0000] {processor.py:183} INFO - Processing /opt/airflow/dags/main.py took 0.221 seconds
[2025-12-16T13:32:37.323+0000] {processor.py:161} INFO - Started process (PID=7275) to work on /opt/airflow/dags/main.py
[2025-12-16T13:32:37.324+0000] {processor.py:830} INFO - Processing file /opt/airflow/dags/main.py for tasks to queue
[2025-12-16T13:32:37.325+0000] {logging_mixin.py:188} INFO - [2025-12-16T13:32:37.325+0000] {dagbag.py:545} INFO - Filling up the DagBag from /opt/airflow/dags/main.py
[2025-12-16T13:32:37.416+0000] {processor.py:840} INFO - DAG(s) 'youtube_video_stats', 'update_db' retrieved from /opt/airflow/dags/main.py
[2025-12-16T13:32:37.448+0000] {logging_mixin.py:188} INFO - [2025-12-16T13:32:37.447+0000] {dag.py:3096} INFO - Sync 2 DAGs
[2025-12-16T13:32:37.472+0000] {logging_mixin.py:188} INFO - [2025-12-16T13:32:37.472+0000] {dag.py:3954} INFO - Setting next_dagrun for update_db to 2025-12-15 15:00:00+00:00, run_after=2025-12-16 15:00:00+00:00
[2025-12-16T13:32:37.478+0000] {logging_mixin.py:188} INFO - [2025-12-16T13:32:37.478+0000] {dag.py:3954} INFO - Setting next_dagrun for youtube_video_stats to 2025-12-15 14:00:00+00:00, run_after=2025-12-16 14:00:00+00:00
[2025-12-16T13:32:37.500+0000] {processor.py:183} INFO - Processing /opt/airflow/dags/main.py took 0.183 seconds
[2025-12-16T13:33:07.711+0000] {processor.py:161} INFO - Started process (PID=7282) to work on /opt/airflow/dags/main.py
[2025-12-16T13:33:07.713+0000] {processor.py:830} INFO - Processing file /opt/airflow/dags/main.py for tasks to queue
[2025-12-16T13:33:07.715+0000] {logging_mixin.py:188} INFO - [2025-12-16T13:33:07.715+0000] {dagbag.py:545} INFO - Filling up the DagBag from /opt/airflow/dags/main.py
[2025-12-16T13:33:07.947+0000] {processor.py:840} INFO - DAG(s) 'update_db', 'youtube_video_stats' retrieved from /opt/airflow/dags/main.py
[2025-12-16T13:33:08.035+0000] {logging_mixin.py:188} INFO - [2025-12-16T13:33:08.035+0000] {dag.py:3096} INFO - Sync 2 DAGs
[2025-12-16T13:33:08.113+0000] {logging_mixin.py:188} INFO - [2025-12-16T13:33:08.112+0000] {dag.py:3954} INFO - Setting next_dagrun for update_db to 2025-12-15 15:00:00+00:00, run_after=2025-12-16 15:00:00+00:00
[2025-12-16T13:33:08.133+0000] {logging_mixin.py:188} INFO - [2025-12-16T13:33:08.133+0000] {dag.py:3954} INFO - Setting next_dagrun for youtube_video_stats to 2025-12-15 14:00:00+00:00, run_after=2025-12-16 14:00:00+00:00
[2025-12-16T13:33:08.191+0000] {processor.py:183} INFO - Processing /opt/airflow/dags/main.py took 0.493 seconds
[2025-12-16T13:33:38.462+0000] {processor.py:161} INFO - Started process (PID=7289) to work on /opt/airflow/dags/main.py
[2025-12-16T13:33:38.463+0000] {processor.py:830} INFO - Processing file /opt/airflow/dags/main.py for tasks to queue
[2025-12-16T13:33:38.464+0000] {logging_mixin.py:188} INFO - [2025-12-16T13:33:38.464+0000] {dagbag.py:545} INFO - Filling up the DagBag from /opt/airflow/dags/main.py
[2025-12-16T13:33:38.564+0000] {processor.py:840} INFO - DAG(s) 'youtube_video_stats', 'update_db' retrieved from /opt/airflow/dags/main.py
[2025-12-16T13:33:38.593+0000] {logging_mixin.py:188} INFO - [2025-12-16T13:33:38.593+0000] {dag.py:3096} INFO - Sync 2 DAGs
[2025-12-16T13:33:38.617+0000] {logging_mixin.py:188} INFO - [2025-12-16T13:33:38.617+0000] {dag.py:3954} INFO - Setting next_dagrun for update_db to 2025-12-15 15:00:00+00:00, run_after=2025-12-16 15:00:00+00:00
[2025-12-16T13:33:38.624+0000] {logging_mixin.py:188} INFO - [2025-12-16T13:33:38.623+0000] {dag.py:3954} INFO - Setting next_dagrun for youtube_video_stats to 2025-12-15 14:00:00+00:00, run_after=2025-12-16 14:00:00+00:00
[2025-12-16T13:33:38.647+0000] {processor.py:183} INFO - Processing /opt/airflow/dags/main.py took 0.192 seconds
[2025-12-16T13:34:11.031+0000] {processor.py:161} INFO - Started process (PID=7296) to work on /opt/airflow/dags/main.py
[2025-12-16T13:34:11.040+0000] {processor.py:830} INFO - Processing file /opt/airflow/dags/main.py for tasks to queue
[2025-12-16T13:34:11.065+0000] {logging_mixin.py:188} INFO - [2025-12-16T13:34:11.064+0000] {dagbag.py:545} INFO - Filling up the DagBag from /opt/airflow/dags/main.py
[2025-12-16T14:41:03.249+0000] {processor.py:840} INFO - DAG(s) 'update_db', 'youtube_video_stats' retrieved from /opt/airflow/dags/main.py
[2025-12-16T14:41:03.394+0000] {logging_mixin.py:188} INFO - [2025-12-16T14:41:03.393+0000] {dag.py:3096} INFO - Sync 2 DAGs
[2025-12-16T14:41:36.416+0000] {processor.py:161} INFO - Started process (PID=7309) to work on /opt/airflow/dags/main.py
[2025-12-16T14:41:36.418+0000] {processor.py:830} INFO - Processing file /opt/airflow/dags/main.py for tasks to queue
[2025-12-16T14:41:36.419+0000] {logging_mixin.py:188} INFO - [2025-12-16T14:41:36.419+0000] {dagbag.py:545} INFO - Filling up the DagBag from /opt/airflow/dags/main.py
[2025-12-16T14:41:36.651+0000] {processor.py:840} INFO - DAG(s) 'update_db', 'youtube_video_stats' retrieved from /opt/airflow/dags/main.py
[2025-12-16T14:41:36.688+0000] {logging_mixin.py:188} INFO - [2025-12-16T14:41:36.688+0000] {dag.py:3096} INFO - Sync 2 DAGs
[2025-12-16T14:41:36.714+0000] {logging_mixin.py:188} INFO - [2025-12-16T14:41:36.714+0000] {dag.py:3954} INFO - Setting next_dagrun for update_db to 2025-12-15 15:00:00+00:00, run_after=2025-12-16 15:00:00+00:00
[2025-12-16T14:41:36.719+0000] {logging_mixin.py:188} INFO - [2025-12-16T14:41:36.719+0000] {dag.py:3954} INFO - Setting next_dagrun for youtube_video_stats to 2025-12-16 14:00:00+00:00, run_after=2025-12-17 14:00:00+00:00
[2025-12-16T14:41:36.837+0000] {processor.py:183} INFO - Processing /opt/airflow/dags/main.py took 0.437 seconds
[2025-12-16T14:42:07.039+0000] {processor.py:161} INFO - Started process (PID=7316) to work on /opt/airflow/dags/main.py
[2025-12-16T14:42:07.040+0000] {processor.py:830} INFO - Processing file /opt/airflow/dags/main.py for tasks to queue
[2025-12-16T14:42:07.041+0000] {logging_mixin.py:188} INFO - [2025-12-16T14:42:07.040+0000] {dagbag.py:545} INFO - Filling up the DagBag from /opt/airflow/dags/main.py
[2025-12-16T14:42:07.119+0000] {processor.py:840} INFO - DAG(s) 'youtube_video_stats', 'update_db' retrieved from /opt/airflow/dags/main.py
[2025-12-16T14:42:07.155+0000] {logging_mixin.py:188} INFO - [2025-12-16T14:42:07.154+0000] {dag.py:3096} INFO - Sync 2 DAGs
[2025-12-16T14:42:07.176+0000] {logging_mixin.py:188} INFO - [2025-12-16T14:42:07.176+0000] {dag.py:3954} INFO - Setting next_dagrun for update_db to 2025-12-15 15:00:00+00:00, run_after=2025-12-16 15:00:00+00:00
[2025-12-16T14:42:07.181+0000] {logging_mixin.py:188} INFO - [2025-12-16T14:42:07.181+0000] {dag.py:3954} INFO - Setting next_dagrun for youtube_video_stats to 2025-12-16 14:00:00+00:00, run_after=2025-12-17 14:00:00+00:00
[2025-12-16T14:42:07.197+0000] {processor.py:183} INFO - Processing /opt/airflow/dags/main.py took 0.164 seconds
[2025-12-16T14:42:37.252+0000] {processor.py:161} INFO - Started process (PID=7323) to work on /opt/airflow/dags/main.py
[2025-12-16T14:42:37.253+0000] {processor.py:830} INFO - Processing file /opt/airflow/dags/main.py for tasks to queue
[2025-12-16T14:42:37.254+0000] {logging_mixin.py:188} INFO - [2025-12-16T14:42:37.253+0000] {dagbag.py:545} INFO - Filling up the DagBag from /opt/airflow/dags/main.py
[2025-12-16T14:42:37.336+0000] {processor.py:840} INFO - DAG(s) 'youtube_video_stats', 'update_db' retrieved from /opt/airflow/dags/main.py
[2025-12-16T14:42:37.365+0000] {logging_mixin.py:188} INFO - [2025-12-16T14:42:37.364+0000] {dag.py:3096} INFO - Sync 2 DAGs
[2025-12-16T14:42:37.384+0000] {logging_mixin.py:188} INFO - [2025-12-16T14:42:37.384+0000] {dag.py:3954} INFO - Setting next_dagrun for update_db to 2025-12-15 15:00:00+00:00, run_after=2025-12-16 15:00:00+00:00
[2025-12-16T14:42:37.389+0000] {logging_mixin.py:188} INFO - [2025-12-16T14:42:37.388+0000] {dag.py:3954} INFO - Setting next_dagrun for youtube_video_stats to 2025-12-16 14:00:00+00:00, run_after=2025-12-17 14:00:00+00:00
[2025-12-16T14:42:37.422+0000] {processor.py:183} INFO - Processing /opt/airflow/dags/main.py took 0.178 seconds
[2025-12-16T14:43:07.584+0000] {processor.py:161} INFO - Started process (PID=7330) to work on /opt/airflow/dags/main.py
[2025-12-16T14:43:07.585+0000] {processor.py:830} INFO - Processing file /opt/airflow/dags/main.py for tasks to queue
[2025-12-16T14:43:07.586+0000] {logging_mixin.py:188} INFO - [2025-12-16T14:43:07.586+0000] {dagbag.py:545} INFO - Filling up the DagBag from /opt/airflow/dags/main.py
[2025-12-16T14:43:07.689+0000] {processor.py:840} INFO - DAG(s) 'youtube_video_stats', 'update_db' retrieved from /opt/airflow/dags/main.py
[2025-12-16T14:43:07.720+0000] {logging_mixin.py:188} INFO - [2025-12-16T14:43:07.720+0000] {dag.py:3096} INFO - Sync 2 DAGs
[2025-12-16T14:43:07.741+0000] {logging_mixin.py:188} INFO - [2025-12-16T14:43:07.741+0000] {dag.py:3954} INFO - Setting next_dagrun for update_db to 2025-12-15 15:00:00+00:00, run_after=2025-12-16 15:00:00+00:00
[2025-12-16T14:43:07.747+0000] {logging_mixin.py:188} INFO - [2025-12-16T14:43:07.747+0000] {dag.py:3954} INFO - Setting next_dagrun for youtube_video_stats to 2025-12-16 14:00:00+00:00, run_after=2025-12-17 14:00:00+00:00
[2025-12-16T14:43:07.766+0000] {processor.py:183} INFO - Processing /opt/airflow/dags/main.py took 0.188 seconds
[2025-12-16T14:43:37.997+0000] {processor.py:161} INFO - Started process (PID=7337) to work on /opt/airflow/dags/main.py
[2025-12-16T14:43:37.998+0000] {processor.py:830} INFO - Processing file /opt/airflow/dags/main.py for tasks to queue
[2025-12-16T14:43:37.999+0000] {logging_mixin.py:188} INFO - [2025-12-16T14:43:37.999+0000] {dagbag.py:545} INFO - Filling up the DagBag from /opt/airflow/dags/main.py
[2025-12-16T14:43:38.067+0000] {processor.py:840} INFO - DAG(s) 'update_db', 'youtube_video_stats' retrieved from /opt/airflow/dags/main.py
[2025-12-16T14:43:38.095+0000] {logging_mixin.py:188} INFO - [2025-12-16T14:43:38.094+0000] {dag.py:3096} INFO - Sync 2 DAGs
[2025-12-16T14:43:38.114+0000] {logging_mixin.py:188} INFO - [2025-12-16T14:43:38.114+0000] {dag.py:3954} INFO - Setting next_dagrun for update_db to 2025-12-15 15:00:00+00:00, run_after=2025-12-16 15:00:00+00:00
[2025-12-16T14:43:38.119+0000] {logging_mixin.py:188} INFO - [2025-12-16T14:43:38.119+0000] {dag.py:3954} INFO - Setting next_dagrun for youtube_video_stats to 2025-12-16 14:00:00+00:00, run_after=2025-12-17 14:00:00+00:00
[2025-12-16T14:43:38.140+0000] {processor.py:183} INFO - Processing /opt/airflow/dags/main.py took 0.149 seconds
[2025-12-16T14:44:08.231+0000] {processor.py:161} INFO - Started process (PID=7345) to work on /opt/airflow/dags/main.py
[2025-12-16T14:44:08.232+0000] {processor.py:830} INFO - Processing file /opt/airflow/dags/main.py for tasks to queue
[2025-12-16T14:44:08.233+0000] {logging_mixin.py:188} INFO - [2025-12-16T14:44:08.233+0000] {dagbag.py:545} INFO - Filling up the DagBag from /opt/airflow/dags/main.py
[2025-12-16T14:44:08.320+0000] {processor.py:840} INFO - DAG(s) 'update_db', 'youtube_video_stats' retrieved from /opt/airflow/dags/main.py
[2025-12-16T14:44:08.347+0000] {logging_mixin.py:188} INFO - [2025-12-16T14:44:08.347+0000] {dag.py:3096} INFO - Sync 2 DAGs
[2025-12-16T14:44:08.366+0000] {logging_mixin.py:188} INFO - [2025-12-16T14:44:08.366+0000] {dag.py:3954} INFO - Setting next_dagrun for update_db to 2025-12-15 15:00:00+00:00, run_after=2025-12-16 15:00:00+00:00
[2025-12-16T14:44:08.371+0000] {logging_mixin.py:188} INFO - [2025-12-16T14:44:08.371+0000] {dag.py:3954} INFO - Setting next_dagrun for youtube_video_stats to 2025-12-16 14:00:00+00:00, run_after=2025-12-17 14:00:00+00:00
[2025-12-16T14:44:08.385+0000] {processor.py:183} INFO - Processing /opt/airflow/dags/main.py took 0.160 seconds
[2025-12-16T14:44:38.570+0000] {processor.py:161} INFO - Started process (PID=7352) to work on /opt/airflow/dags/main.py
[2025-12-16T14:44:38.572+0000] {processor.py:830} INFO - Processing file /opt/airflow/dags/main.py for tasks to queue
[2025-12-16T14:44:38.572+0000] {logging_mixin.py:188} INFO - [2025-12-16T14:44:38.572+0000] {dagbag.py:545} INFO - Filling up the DagBag from /opt/airflow/dags/main.py
[2025-12-16T14:44:38.645+0000] {processor.py:840} INFO - DAG(s) 'youtube_video_stats', 'update_db' retrieved from /opt/airflow/dags/main.py
[2025-12-16T14:44:38.672+0000] {logging_mixin.py:188} INFO - [2025-12-16T14:44:38.671+0000] {dag.py:3096} INFO - Sync 2 DAGs
[2025-12-16T14:44:38.691+0000] {logging_mixin.py:188} INFO - [2025-12-16T14:44:38.691+0000] {dag.py:3954} INFO - Setting next_dagrun for update_db to 2025-12-15 15:00:00+00:00, run_after=2025-12-16 15:00:00+00:00
[2025-12-16T14:44:38.697+0000] {logging_mixin.py:188} INFO - [2025-12-16T14:44:38.697+0000] {dag.py:3954} INFO - Setting next_dagrun for youtube_video_stats to 2025-12-16 14:00:00+00:00, run_after=2025-12-17 14:00:00+00:00
[2025-12-16T14:44:38.712+0000] {processor.py:183} INFO - Processing /opt/airflow/dags/main.py took 0.147 seconds
[2025-12-16T14:45:08.809+0000] {processor.py:161} INFO - Started process (PID=7360) to work on /opt/airflow/dags/main.py
[2025-12-16T14:45:08.810+0000] {processor.py:830} INFO - Processing file /opt/airflow/dags/main.py for tasks to queue
[2025-12-16T14:45:08.811+0000] {logging_mixin.py:188} INFO - [2025-12-16T14:45:08.811+0000] {dagbag.py:545} INFO - Filling up the DagBag from /opt/airflow/dags/main.py
[2025-12-16T14:45:08.882+0000] {processor.py:840} INFO - DAG(s) 'update_db', 'youtube_video_stats' retrieved from /opt/airflow/dags/main.py
[2025-12-16T14:45:08.909+0000] {logging_mixin.py:188} INFO - [2025-12-16T14:45:08.909+0000] {dag.py:3096} INFO - Sync 2 DAGs
[2025-12-16T14:45:08.930+0000] {logging_mixin.py:188} INFO - [2025-12-16T14:45:08.930+0000] {dag.py:3954} INFO - Setting next_dagrun for update_db to 2025-12-15 15:00:00+00:00, run_after=2025-12-16 15:00:00+00:00
[2025-12-16T14:45:08.936+0000] {logging_mixin.py:188} INFO - [2025-12-16T14:45:08.936+0000] {dag.py:3954} INFO - Setting next_dagrun for youtube_video_stats to 2025-12-16 14:00:00+00:00, run_after=2025-12-17 14:00:00+00:00
[2025-12-16T14:45:08.955+0000] {processor.py:183} INFO - Processing /opt/airflow/dags/main.py took 0.152 seconds
[2025-12-16T14:45:39.148+0000] {processor.py:161} INFO - Started process (PID=7368) to work on /opt/airflow/dags/main.py
[2025-12-16T14:45:39.149+0000] {processor.py:830} INFO - Processing file /opt/airflow/dags/main.py for tasks to queue
[2025-12-16T14:45:39.149+0000] {logging_mixin.py:188} INFO - [2025-12-16T14:45:39.149+0000] {dagbag.py:545} INFO - Filling up the DagBag from /opt/airflow/dags/main.py
[2025-12-16T14:45:39.232+0000] {processor.py:840} INFO - DAG(s) 'youtube_video_stats', 'update_db' retrieved from /opt/airflow/dags/main.py
[2025-12-16T14:45:39.260+0000] {logging_mixin.py:188} INFO - [2025-12-16T14:45:39.259+0000] {dag.py:3096} INFO - Sync 2 DAGs
[2025-12-16T14:45:39.279+0000] {logging_mixin.py:188} INFO - [2025-12-16T14:45:39.279+0000] {dag.py:3954} INFO - Setting next_dagrun for update_db to 2025-12-15 15:00:00+00:00, run_after=2025-12-16 15:00:00+00:00
[2025-12-16T14:45:39.284+0000] {logging_mixin.py:188} INFO - [2025-12-16T14:45:39.284+0000] {dag.py:3954} INFO - Setting next_dagrun for youtube_video_stats to 2025-12-16 14:00:00+00:00, run_after=2025-12-17 14:00:00+00:00
[2025-12-16T14:45:39.302+0000] {processor.py:183} INFO - Processing /opt/airflow/dags/main.py took 0.160 seconds
[2025-12-16T14:46:09.496+0000] {processor.py:161} INFO - Started process (PID=7375) to work on /opt/airflow/dags/main.py
[2025-12-16T14:46:09.498+0000] {processor.py:830} INFO - Processing file /opt/airflow/dags/main.py for tasks to queue
[2025-12-16T14:46:09.499+0000] {logging_mixin.py:188} INFO - [2025-12-16T14:46:09.499+0000] {dagbag.py:545} INFO - Filling up the DagBag from /opt/airflow/dags/main.py
[2025-12-16T14:46:09.617+0000] {processor.py:840} INFO - DAG(s) 'youtube_video_stats', 'update_db' retrieved from /opt/airflow/dags/main.py
[2025-12-16T14:46:09.668+0000] {logging_mixin.py:188} INFO - [2025-12-16T14:46:09.667+0000] {dag.py:3096} INFO - Sync 2 DAGs
[2025-12-16T14:46:09.702+0000] {logging_mixin.py:188} INFO - [2025-12-16T14:46:09.702+0000] {dag.py:3954} INFO - Setting next_dagrun for update_db to 2025-12-15 15:00:00+00:00, run_after=2025-12-16 15:00:00+00:00
[2025-12-16T14:46:09.709+0000] {logging_mixin.py:188} INFO - [2025-12-16T14:46:09.709+0000] {dag.py:3954} INFO - Setting next_dagrun for youtube_video_stats to 2025-12-16 14:00:00+00:00, run_after=2025-12-17 14:00:00+00:00
[2025-12-16T14:46:09.727+0000] {processor.py:183} INFO - Processing /opt/airflow/dags/main.py took 0.237 seconds
[2025-12-16T14:46:39.943+0000] {processor.py:161} INFO - Started process (PID=7382) to work on /opt/airflow/dags/main.py
[2025-12-16T14:46:39.944+0000] {processor.py:830} INFO - Processing file /opt/airflow/dags/main.py for tasks to queue
[2025-12-16T14:46:39.945+0000] {logging_mixin.py:188} INFO - [2025-12-16T14:46:39.945+0000] {dagbag.py:545} INFO - Filling up the DagBag from /opt/airflow/dags/main.py
[2025-12-16T14:46:40.032+0000] {processor.py:840} INFO - DAG(s) 'youtube_video_stats', 'update_db' retrieved from /opt/airflow/dags/main.py
[2025-12-16T14:46:40.060+0000] {logging_mixin.py:188} INFO - [2025-12-16T14:46:40.059+0000] {dag.py:3096} INFO - Sync 2 DAGs
[2025-12-16T14:46:40.079+0000] {logging_mixin.py:188} INFO - [2025-12-16T14:46:40.079+0000] {dag.py:3954} INFO - Setting next_dagrun for update_db to 2025-12-15 15:00:00+00:00, run_after=2025-12-16 15:00:00+00:00
[2025-12-16T14:46:40.084+0000] {logging_mixin.py:188} INFO - [2025-12-16T14:46:40.083+0000] {dag.py:3954} INFO - Setting next_dagrun for youtube_video_stats to 2025-12-16 14:00:00+00:00, run_after=2025-12-17 14:00:00+00:00
[2025-12-16T14:46:40.100+0000] {processor.py:183} INFO - Processing /opt/airflow/dags/main.py took 0.164 seconds
[2025-12-16T14:47:10.148+0000] {processor.py:161} INFO - Started process (PID=7389) to work on /opt/airflow/dags/main.py
[2025-12-16T14:47:10.149+0000] {processor.py:830} INFO - Processing file /opt/airflow/dags/main.py for tasks to queue
[2025-12-16T14:47:10.150+0000] {logging_mixin.py:188} INFO - [2025-12-16T14:47:10.149+0000] {dagbag.py:545} INFO - Filling up the DagBag from /opt/airflow/dags/main.py
[2025-12-16T14:47:10.247+0000] {processor.py:840} INFO - DAG(s) 'update_db', 'youtube_video_stats' retrieved from /opt/airflow/dags/main.py
[2025-12-16T14:47:10.273+0000] {logging_mixin.py:188} INFO - [2025-12-16T14:47:10.272+0000] {dag.py:3096} INFO - Sync 2 DAGs
[2025-12-16T14:47:10.292+0000] {logging_mixin.py:188} INFO - [2025-12-16T14:47:10.292+0000] {dag.py:3954} INFO - Setting next_dagrun for update_db to 2025-12-15 15:00:00+00:00, run_after=2025-12-16 15:00:00+00:00
[2025-12-16T14:47:10.297+0000] {logging_mixin.py:188} INFO - [2025-12-16T14:47:10.297+0000] {dag.py:3954} INFO - Setting next_dagrun for youtube_video_stats to 2025-12-16 14:00:00+00:00, run_after=2025-12-17 14:00:00+00:00
[2025-12-16T14:47:10.315+0000] {processor.py:183} INFO - Processing /opt/airflow/dags/main.py took 0.173 seconds
[2025-12-16T14:47:40.532+0000] {processor.py:161} INFO - Started process (PID=7396) to work on /opt/airflow/dags/main.py
[2025-12-16T14:47:40.533+0000] {processor.py:830} INFO - Processing file /opt/airflow/dags/main.py for tasks to queue
[2025-12-16T14:47:40.534+0000] {logging_mixin.py:188} INFO - [2025-12-16T14:47:40.533+0000] {dagbag.py:545} INFO - Filling up the DagBag from /opt/airflow/dags/main.py
[2025-12-16T14:47:40.610+0000] {processor.py:840} INFO - DAG(s) 'youtube_video_stats', 'update_db' retrieved from /opt/airflow/dags/main.py
[2025-12-16T14:47:40.635+0000] {logging_mixin.py:188} INFO - [2025-12-16T14:47:40.635+0000] {dag.py:3096} INFO - Sync 2 DAGs
[2025-12-16T14:47:40.656+0000] {logging_mixin.py:188} INFO - [2025-12-16T14:47:40.655+0000] {dag.py:3954} INFO - Setting next_dagrun for update_db to 2025-12-15 15:00:00+00:00, run_after=2025-12-16 15:00:00+00:00
[2025-12-16T14:47:40.660+0000] {logging_mixin.py:188} INFO - [2025-12-16T14:47:40.660+0000] {dag.py:3954} INFO - Setting next_dagrun for youtube_video_stats to 2025-12-16 14:00:00+00:00, run_after=2025-12-17 14:00:00+00:00
[2025-12-16T14:47:40.676+0000] {processor.py:183} INFO - Processing /opt/airflow/dags/main.py took 0.149 seconds
[2025-12-16T14:48:10.761+0000] {processor.py:161} INFO - Started process (PID=7404) to work on /opt/airflow/dags/main.py
[2025-12-16T14:48:10.763+0000] {processor.py:830} INFO - Processing file /opt/airflow/dags/main.py for tasks to queue
[2025-12-16T14:48:10.765+0000] {logging_mixin.py:188} INFO - [2025-12-16T14:48:10.764+0000] {dagbag.py:545} INFO - Filling up the DagBag from /opt/airflow/dags/main.py
[2025-12-16T14:48:10.851+0000] {processor.py:840} INFO - DAG(s) 'youtube_video_stats', 'update_db' retrieved from /opt/airflow/dags/main.py
[2025-12-16T14:48:10.883+0000] {logging_mixin.py:188} INFO - [2025-12-16T14:48:10.883+0000] {dag.py:3096} INFO - Sync 2 DAGs
[2025-12-16T14:48:10.926+0000] {logging_mixin.py:188} INFO - [2025-12-16T14:48:10.926+0000] {dag.py:3954} INFO - Setting next_dagrun for update_db to 2025-12-15 15:00:00+00:00, run_after=2025-12-16 15:00:00+00:00
[2025-12-16T14:48:10.934+0000] {logging_mixin.py:188} INFO - [2025-12-16T14:48:10.934+0000] {dag.py:3954} INFO - Setting next_dagrun for youtube_video_stats to 2025-12-16 14:00:00+00:00, run_after=2025-12-17 14:00:00+00:00
[2025-12-16T14:48:10.961+0000] {processor.py:183} INFO - Processing /opt/airflow/dags/main.py took 0.208 seconds
[2025-12-16T14:48:41.125+0000] {processor.py:161} INFO - Started process (PID=7411) to work on /opt/airflow/dags/main.py
[2025-12-16T14:48:41.127+0000] {processor.py:830} INFO - Processing file /opt/airflow/dags/main.py for tasks to queue
[2025-12-16T14:48:41.128+0000] {logging_mixin.py:188} INFO - [2025-12-16T14:48:41.128+0000] {dagbag.py:545} INFO - Filling up the DagBag from /opt/airflow/dags/main.py
[2025-12-16T14:48:41.211+0000] {processor.py:840} INFO - DAG(s) 'youtube_video_stats', 'update_db' retrieved from /opt/airflow/dags/main.py
[2025-12-16T14:48:41.241+0000] {logging_mixin.py:188} INFO - [2025-12-16T14:48:41.240+0000] {dag.py:3096} INFO - Sync 2 DAGs
[2025-12-16T14:48:41.264+0000] {logging_mixin.py:188} INFO - [2025-12-16T14:48:41.264+0000] {dag.py:3954} INFO - Setting next_dagrun for update_db to 2025-12-15 15:00:00+00:00, run_after=2025-12-16 15:00:00+00:00
[2025-12-16T14:48:41.270+0000] {logging_mixin.py:188} INFO - [2025-12-16T14:48:41.270+0000] {dag.py:3954} INFO - Setting next_dagrun for youtube_video_stats to 2025-12-16 14:00:00+00:00, run_after=2025-12-17 14:00:00+00:00
[2025-12-16T14:48:41.290+0000] {processor.py:183} INFO - Processing /opt/airflow/dags/main.py took 0.176 seconds
[2025-12-16T14:49:11.386+0000] {processor.py:161} INFO - Started process (PID=7418) to work on /opt/airflow/dags/main.py
[2025-12-16T14:49:11.387+0000] {processor.py:830} INFO - Processing file /opt/airflow/dags/main.py for tasks to queue
[2025-12-16T14:49:11.388+0000] {logging_mixin.py:188} INFO - [2025-12-16T14:49:11.388+0000] {dagbag.py:545} INFO - Filling up the DagBag from /opt/airflow/dags/main.py
[2025-12-16T14:49:11.460+0000] {processor.py:840} INFO - DAG(s) 'update_db', 'youtube_video_stats' retrieved from /opt/airflow/dags/main.py
[2025-12-16T14:49:11.489+0000] {logging_mixin.py:188} INFO - [2025-12-16T14:49:11.489+0000] {dag.py:3096} INFO - Sync 2 DAGs
[2025-12-16T14:49:11.508+0000] {logging_mixin.py:188} INFO - [2025-12-16T14:49:11.508+0000] {dag.py:3954} INFO - Setting next_dagrun for update_db to 2025-12-15 15:00:00+00:00, run_after=2025-12-16 15:00:00+00:00
[2025-12-16T14:49:11.512+0000] {logging_mixin.py:188} INFO - [2025-12-16T14:49:11.512+0000] {dag.py:3954} INFO - Setting next_dagrun for youtube_video_stats to 2025-12-16 14:00:00+00:00, run_after=2025-12-17 14:00:00+00:00
[2025-12-16T14:49:11.533+0000] {processor.py:183} INFO - Processing /opt/airflow/dags/main.py took 0.152 seconds
[2025-12-16T15:33:16.713+0000] {processor.py:161} INFO - Started process (PID=7425) to work on /opt/airflow/dags/main.py
[2025-12-16T15:33:16.715+0000] {processor.py:830} INFO - Processing file /opt/airflow/dags/main.py for tasks to queue
[2025-12-16T15:33:16.716+0000] {logging_mixin.py:188} INFO - [2025-12-16T15:33:16.716+0000] {dagbag.py:545} INFO - Filling up the DagBag from /opt/airflow/dags/main.py
[2025-12-16T15:33:17.107+0000] {processor.py:840} INFO - DAG(s) 'update_db', 'youtube_video_stats' retrieved from /opt/airflow/dags/main.py
[2025-12-16T15:33:17.210+0000] {logging_mixin.py:188} INFO - [2025-12-16T15:33:17.210+0000] {dag.py:3096} INFO - Sync 2 DAGs
[2025-12-16T15:33:17.319+0000] {logging_mixin.py:188} INFO - [2025-12-16T15:33:17.319+0000] {dag.py:3954} INFO - Setting next_dagrun for update_db to 2025-12-16 15:00:00+00:00, run_after=2025-12-17 15:00:00+00:00
[2025-12-16T15:33:17.342+0000] {logging_mixin.py:188} INFO - [2025-12-16T15:33:17.342+0000] {dag.py:3954} INFO - Setting next_dagrun for youtube_video_stats to 2025-12-16 14:00:00+00:00, run_after=2025-12-17 14:00:00+00:00
[2025-12-16T15:33:17.606+0000] {processor.py:183} INFO - Processing /opt/airflow/dags/main.py took 0.908 seconds
[2025-12-16T15:33:47.843+0000] {processor.py:161} INFO - Started process (PID=7432) to work on /opt/airflow/dags/main.py
[2025-12-16T15:33:47.844+0000] {processor.py:830} INFO - Processing file /opt/airflow/dags/main.py for tasks to queue
[2025-12-16T15:33:47.845+0000] {logging_mixin.py:188} INFO - [2025-12-16T15:33:47.845+0000] {dagbag.py:545} INFO - Filling up the DagBag from /opt/airflow/dags/main.py
[2025-12-16T15:33:47.927+0000] {processor.py:840} INFO - DAG(s) 'update_db', 'youtube_video_stats' retrieved from /opt/airflow/dags/main.py
[2025-12-16T15:33:47.959+0000] {logging_mixin.py:188} INFO - [2025-12-16T15:33:47.958+0000] {dag.py:3096} INFO - Sync 2 DAGs
[2025-12-16T15:33:47.980+0000] {logging_mixin.py:188} INFO - [2025-12-16T15:33:47.980+0000] {dag.py:3954} INFO - Setting next_dagrun for update_db to 2025-12-16 15:00:00+00:00, run_after=2025-12-17 15:00:00+00:00
[2025-12-16T15:33:47.985+0000] {logging_mixin.py:188} INFO - [2025-12-16T15:33:47.985+0000] {dag.py:3954} INFO - Setting next_dagrun for youtube_video_stats to 2025-12-16 14:00:00+00:00, run_after=2025-12-17 14:00:00+00:00
[2025-12-16T15:33:50.255+0000] {processor.py:183} INFO - Processing /opt/airflow/dags/main.py took 2.418 seconds
[2025-12-16T15:34:20.444+0000] {processor.py:161} INFO - Started process (PID=7439) to work on /opt/airflow/dags/main.py
[2025-12-16T15:34:20.445+0000] {processor.py:830} INFO - Processing file /opt/airflow/dags/main.py for tasks to queue
[2025-12-16T15:34:20.446+0000] {logging_mixin.py:188} INFO - [2025-12-16T15:34:20.446+0000] {dagbag.py:545} INFO - Filling up the DagBag from /opt/airflow/dags/main.py
[2025-12-16T15:34:20.539+0000] {processor.py:840} INFO - DAG(s) 'update_db', 'youtube_video_stats' retrieved from /opt/airflow/dags/main.py
[2025-12-16T15:34:20.572+0000] {logging_mixin.py:188} INFO - [2025-12-16T15:34:20.572+0000] {dag.py:3096} INFO - Sync 2 DAGs
[2025-12-16T15:34:20.597+0000] {logging_mixin.py:188} INFO - [2025-12-16T15:34:20.597+0000] {dag.py:3954} INFO - Setting next_dagrun for update_db to 2025-12-16 15:00:00+00:00, run_after=2025-12-17 15:00:00+00:00
[2025-12-16T15:34:20.603+0000] {logging_mixin.py:188} INFO - [2025-12-16T15:34:20.602+0000] {dag.py:3954} INFO - Setting next_dagrun for youtube_video_stats to 2025-12-16 14:00:00+00:00, run_after=2025-12-17 14:00:00+00:00
[2025-12-16T15:34:20.619+0000] {processor.py:183} INFO - Processing /opt/airflow/dags/main.py took 0.183 seconds
[2025-12-16T15:34:50.809+0000] {processor.py:161} INFO - Started process (PID=7446) to work on /opt/airflow/dags/main.py
[2025-12-16T15:34:50.810+0000] {processor.py:830} INFO - Processing file /opt/airflow/dags/main.py for tasks to queue
[2025-12-16T15:34:50.811+0000] {logging_mixin.py:188} INFO - [2025-12-16T15:34:50.811+0000] {dagbag.py:545} INFO - Filling up the DagBag from /opt/airflow/dags/main.py
[2025-12-16T15:34:50.883+0000] {processor.py:840} INFO - DAG(s) 'update_db', 'youtube_video_stats' retrieved from /opt/airflow/dags/main.py
[2025-12-16T15:34:50.910+0000] {logging_mixin.py:188} INFO - [2025-12-16T15:34:50.910+0000] {dag.py:3096} INFO - Sync 2 DAGs
[2025-12-16T15:34:50.931+0000] {logging_mixin.py:188} INFO - [2025-12-16T15:34:50.931+0000] {dag.py:3954} INFO - Setting next_dagrun for update_db to 2025-12-16 15:00:00+00:00, run_after=2025-12-17 15:00:00+00:00
[2025-12-16T15:34:50.937+0000] {logging_mixin.py:188} INFO - [2025-12-16T15:34:50.937+0000] {dag.py:3954} INFO - Setting next_dagrun for youtube_video_stats to 2025-12-16 14:00:00+00:00, run_after=2025-12-17 14:00:00+00:00
[2025-12-16T15:34:50.953+0000] {processor.py:183} INFO - Processing /opt/airflow/dags/main.py took 0.151 seconds
[2025-12-16T15:35:21.032+0000] {processor.py:161} INFO - Started process (PID=7453) to work on /opt/airflow/dags/main.py
[2025-12-16T15:35:21.034+0000] {processor.py:830} INFO - Processing file /opt/airflow/dags/main.py for tasks to queue
[2025-12-16T15:35:21.035+0000] {logging_mixin.py:188} INFO - [2025-12-16T15:35:21.035+0000] {dagbag.py:545} INFO - Filling up the DagBag from /opt/airflow/dags/main.py
[2025-12-16T15:35:21.126+0000] {processor.py:840} INFO - DAG(s) 'youtube_video_stats', 'update_db' retrieved from /opt/airflow/dags/main.py
[2025-12-16T15:35:21.156+0000] {logging_mixin.py:188} INFO - [2025-12-16T15:35:21.156+0000] {dag.py:3096} INFO - Sync 2 DAGs
[2025-12-16T15:35:21.176+0000] {logging_mixin.py:188} INFO - [2025-12-16T15:35:21.176+0000] {dag.py:3954} INFO - Setting next_dagrun for update_db to 2025-12-16 15:00:00+00:00, run_after=2025-12-17 15:00:00+00:00
[2025-12-16T15:35:21.182+0000] {logging_mixin.py:188} INFO - [2025-12-16T15:35:21.181+0000] {dag.py:3954} INFO - Setting next_dagrun for youtube_video_stats to 2025-12-16 14:00:00+00:00, run_after=2025-12-17 14:00:00+00:00
[2025-12-16T15:35:21.197+0000] {processor.py:183} INFO - Processing /opt/airflow/dags/main.py took 0.172 seconds
[2025-12-16T15:35:51.376+0000] {processor.py:161} INFO - Started process (PID=7460) to work on /opt/airflow/dags/main.py
[2025-12-16T15:35:51.377+0000] {processor.py:830} INFO - Processing file /opt/airflow/dags/main.py for tasks to queue
[2025-12-16T15:35:51.378+0000] {logging_mixin.py:188} INFO - [2025-12-16T15:35:51.378+0000] {dagbag.py:545} INFO - Filling up the DagBag from /opt/airflow/dags/main.py
[2025-12-16T15:35:51.472+0000] {processor.py:840} INFO - DAG(s) 'youtube_video_stats', 'update_db' retrieved from /opt/airflow/dags/main.py
[2025-12-16T15:35:51.497+0000] {logging_mixin.py:188} INFO - [2025-12-16T15:35:51.497+0000] {dag.py:3096} INFO - Sync 2 DAGs
[2025-12-16T15:35:51.516+0000] {logging_mixin.py:188} INFO - [2025-12-16T15:35:51.515+0000] {dag.py:3954} INFO - Setting next_dagrun for update_db to 2025-12-16 15:00:00+00:00, run_after=2025-12-17 15:00:00+00:00
[2025-12-16T15:35:51.520+0000] {logging_mixin.py:188} INFO - [2025-12-16T15:35:51.520+0000] {dag.py:3954} INFO - Setting next_dagrun for youtube_video_stats to 2025-12-16 14:00:00+00:00, run_after=2025-12-17 14:00:00+00:00
[2025-12-16T15:35:51.535+0000] {processor.py:183} INFO - Processing /opt/airflow/dags/main.py took 0.164 seconds
[2025-12-16T15:36:21.644+0000] {processor.py:161} INFO - Started process (PID=7467) to work on /opt/airflow/dags/main.py
[2025-12-16T15:36:21.645+0000] {processor.py:830} INFO - Processing file /opt/airflow/dags/main.py for tasks to queue
[2025-12-16T15:36:21.646+0000] {logging_mixin.py:188} INFO - [2025-12-16T15:36:21.646+0000] {dagbag.py:545} INFO - Filling up the DagBag from /opt/airflow/dags/main.py
[2025-12-16T15:36:21.716+0000] {processor.py:840} INFO - DAG(s) 'youtube_video_stats', 'update_db' retrieved from /opt/airflow/dags/main.py
[2025-12-16T15:36:21.742+0000] {logging_mixin.py:188} INFO - [2025-12-16T15:36:21.741+0000] {dag.py:3096} INFO - Sync 2 DAGs
[2025-12-16T15:36:21.760+0000] {logging_mixin.py:188} INFO - [2025-12-16T15:36:21.760+0000] {dag.py:3954} INFO - Setting next_dagrun for update_db to 2025-12-16 15:00:00+00:00, run_after=2025-12-17 15:00:00+00:00
[2025-12-16T15:36:21.765+0000] {logging_mixin.py:188} INFO - [2025-12-16T15:36:21.765+0000] {dag.py:3954} INFO - Setting next_dagrun for youtube_video_stats to 2025-12-16 14:00:00+00:00, run_after=2025-12-17 14:00:00+00:00
[2025-12-16T15:36:21.784+0000] {processor.py:183} INFO - Processing /opt/airflow/dags/main.py took 0.146 seconds
[2025-12-16T15:36:51.980+0000] {processor.py:161} INFO - Started process (PID=7474) to work on /opt/airflow/dags/main.py
[2025-12-16T15:36:51.981+0000] {processor.py:830} INFO - Processing file /opt/airflow/dags/main.py for tasks to queue
[2025-12-16T15:36:51.982+0000] {logging_mixin.py:188} INFO - [2025-12-16T15:36:51.982+0000] {dagbag.py:545} INFO - Filling up the DagBag from /opt/airflow/dags/main.py
[2025-12-16T15:36:52.057+0000] {processor.py:840} INFO - DAG(s) 'update_db', 'youtube_video_stats' retrieved from /opt/airflow/dags/main.py
[2025-12-16T15:36:52.084+0000] {logging_mixin.py:188} INFO - [2025-12-16T15:36:52.083+0000] {dag.py:3096} INFO - Sync 2 DAGs
[2025-12-16T15:36:52.103+0000] {logging_mixin.py:188} INFO - [2025-12-16T15:36:52.103+0000] {dag.py:3954} INFO - Setting next_dagrun for update_db to 2025-12-16 15:00:00+00:00, run_after=2025-12-17 15:00:00+00:00
[2025-12-16T15:36:52.108+0000] {logging_mixin.py:188} INFO - [2025-12-16T15:36:52.108+0000] {dag.py:3954} INFO - Setting next_dagrun for youtube_video_stats to 2025-12-16 14:00:00+00:00, run_after=2025-12-17 14:00:00+00:00
[2025-12-16T15:36:52.127+0000] {processor.py:183} INFO - Processing /opt/airflow/dags/main.py took 0.151 seconds
[2025-12-16T15:37:22.244+0000] {processor.py:161} INFO - Started process (PID=7481) to work on /opt/airflow/dags/main.py
[2025-12-16T15:37:22.245+0000] {processor.py:830} INFO - Processing file /opt/airflow/dags/main.py for tasks to queue
[2025-12-16T15:37:22.246+0000] {logging_mixin.py:188} INFO - [2025-12-16T15:37:22.246+0000] {dagbag.py:545} INFO - Filling up the DagBag from /opt/airflow/dags/main.py
[2025-12-16T15:37:22.316+0000] {processor.py:840} INFO - DAG(s) 'youtube_video_stats', 'update_db' retrieved from /opt/airflow/dags/main.py
[2025-12-16T15:37:22.344+0000] {logging_mixin.py:188} INFO - [2025-12-16T15:37:22.343+0000] {dag.py:3096} INFO - Sync 2 DAGs
[2025-12-16T15:37:22.363+0000] {logging_mixin.py:188} INFO - [2025-12-16T15:37:22.363+0000] {dag.py:3954} INFO - Setting next_dagrun for update_db to 2025-12-16 15:00:00+00:00, run_after=2025-12-17 15:00:00+00:00
[2025-12-16T15:37:22.367+0000] {logging_mixin.py:188} INFO - [2025-12-16T15:37:22.367+0000] {dag.py:3954} INFO - Setting next_dagrun for youtube_video_stats to 2025-12-16 14:00:00+00:00, run_after=2025-12-17 14:00:00+00:00
[2025-12-16T15:37:22.382+0000] {processor.py:183} INFO - Processing /opt/airflow/dags/main.py took 0.144 seconds
[2025-12-16T15:37:52.575+0000] {processor.py:161} INFO - Started process (PID=7488) to work on /opt/airflow/dags/main.py
[2025-12-16T15:37:52.576+0000] {processor.py:830} INFO - Processing file /opt/airflow/dags/main.py for tasks to queue
[2025-12-16T15:37:52.577+0000] {logging_mixin.py:188} INFO - [2025-12-16T15:37:52.577+0000] {dagbag.py:545} INFO - Filling up the DagBag from /opt/airflow/dags/main.py
[2025-12-16T15:37:52.655+0000] {processor.py:840} INFO - DAG(s) 'youtube_video_stats', 'update_db' retrieved from /opt/airflow/dags/main.py
[2025-12-16T15:37:52.682+0000] {logging_mixin.py:188} INFO - [2025-12-16T15:37:52.682+0000] {dag.py:3096} INFO - Sync 2 DAGs
[2025-12-16T15:37:52.706+0000] {logging_mixin.py:188} INFO - [2025-12-16T15:37:52.705+0000] {dag.py:3954} INFO - Setting next_dagrun for update_db to 2025-12-16 15:00:00+00:00, run_after=2025-12-17 15:00:00+00:00
[2025-12-16T15:37:52.711+0000] {logging_mixin.py:188} INFO - [2025-12-16T15:37:52.711+0000] {dag.py:3954} INFO - Setting next_dagrun for youtube_video_stats to 2025-12-16 14:00:00+00:00, run_after=2025-12-17 14:00:00+00:00
[2025-12-16T15:37:52.732+0000] {processor.py:183} INFO - Processing /opt/airflow/dags/main.py took 0.163 seconds
[2025-12-16T15:38:22.896+0000] {processor.py:161} INFO - Started process (PID=7495) to work on /opt/airflow/dags/main.py
[2025-12-16T15:38:22.897+0000] {processor.py:830} INFO - Processing file /opt/airflow/dags/main.py for tasks to queue
[2025-12-16T15:38:22.898+0000] {logging_mixin.py:188} INFO - [2025-12-16T15:38:22.898+0000] {dagbag.py:545} INFO - Filling up the DagBag from /opt/airflow/dags/main.py
[2025-12-16T15:38:22.969+0000] {processor.py:840} INFO - DAG(s) 'youtube_video_stats', 'update_db' retrieved from /opt/airflow/dags/main.py
[2025-12-16T15:38:22.996+0000] {logging_mixin.py:188} INFO - [2025-12-16T15:38:22.995+0000] {dag.py:3096} INFO - Sync 2 DAGs
[2025-12-16T15:38:23.015+0000] {logging_mixin.py:188} INFO - [2025-12-16T15:38:23.014+0000] {dag.py:3954} INFO - Setting next_dagrun for update_db to 2025-12-16 15:00:00+00:00, run_after=2025-12-17 15:00:00+00:00
[2025-12-16T15:38:23.019+0000] {logging_mixin.py:188} INFO - [2025-12-16T15:38:23.019+0000] {dag.py:3954} INFO - Setting next_dagrun for youtube_video_stats to 2025-12-16 14:00:00+00:00, run_after=2025-12-17 14:00:00+00:00
[2025-12-16T15:38:23.037+0000] {processor.py:183} INFO - Processing /opt/airflow/dags/main.py took 0.146 seconds
[2025-12-16T15:38:53.140+0000] {processor.py:161} INFO - Started process (PID=7502) to work on /opt/airflow/dags/main.py
[2025-12-16T15:38:53.141+0000] {processor.py:830} INFO - Processing file /opt/airflow/dags/main.py for tasks to queue
[2025-12-16T15:38:53.142+0000] {logging_mixin.py:188} INFO - [2025-12-16T15:38:53.142+0000] {dagbag.py:545} INFO - Filling up the DagBag from /opt/airflow/dags/main.py
[2025-12-16T15:38:53.216+0000] {processor.py:840} INFO - DAG(s) 'youtube_video_stats', 'update_db' retrieved from /opt/airflow/dags/main.py
[2025-12-16T15:38:53.242+0000] {logging_mixin.py:188} INFO - [2025-12-16T15:38:53.242+0000] {dag.py:3096} INFO - Sync 2 DAGs
[2025-12-16T15:38:53.262+0000] {logging_mixin.py:188} INFO - [2025-12-16T15:38:53.262+0000] {dag.py:3954} INFO - Setting next_dagrun for update_db to 2025-12-16 15:00:00+00:00, run_after=2025-12-17 15:00:00+00:00
[2025-12-16T15:38:53.267+0000] {logging_mixin.py:188} INFO - [2025-12-16T15:38:53.267+0000] {dag.py:3954} INFO - Setting next_dagrun for youtube_video_stats to 2025-12-16 14:00:00+00:00, run_after=2025-12-17 14:00:00+00:00
[2025-12-16T15:38:53.287+0000] {processor.py:183} INFO - Processing /opt/airflow/dags/main.py took 0.153 seconds
[2025-12-16T15:39:23.452+0000] {processor.py:161} INFO - Started process (PID=7509) to work on /opt/airflow/dags/main.py
[2025-12-16T15:39:23.453+0000] {processor.py:830} INFO - Processing file /opt/airflow/dags/main.py for tasks to queue
[2025-12-16T15:39:23.454+0000] {logging_mixin.py:188} INFO - [2025-12-16T15:39:23.454+0000] {dagbag.py:545} INFO - Filling up the DagBag from /opt/airflow/dags/main.py
[2025-12-16T15:39:23.528+0000] {processor.py:840} INFO - DAG(s) 'update_db', 'youtube_video_stats' retrieved from /opt/airflow/dags/main.py
[2025-12-16T15:39:23.553+0000] {logging_mixin.py:188} INFO - [2025-12-16T15:39:23.553+0000] {dag.py:3096} INFO - Sync 2 DAGs
[2025-12-16T15:39:23.572+0000] {logging_mixin.py:188} INFO - [2025-12-16T15:39:23.572+0000] {dag.py:3954} INFO - Setting next_dagrun for update_db to 2025-12-16 15:00:00+00:00, run_after=2025-12-17 15:00:00+00:00
[2025-12-16T15:39:23.577+0000] {logging_mixin.py:188} INFO - [2025-12-16T15:39:23.577+0000] {dag.py:3954} INFO - Setting next_dagrun for youtube_video_stats to 2025-12-16 14:00:00+00:00, run_after=2025-12-17 14:00:00+00:00
[2025-12-16T15:39:23.598+0000] {processor.py:183} INFO - Processing /opt/airflow/dags/main.py took 0.151 seconds
[2025-12-16T15:39:53.689+0000] {processor.py:161} INFO - Started process (PID=7516) to work on /opt/airflow/dags/main.py
[2025-12-16T15:39:53.690+0000] {processor.py:830} INFO - Processing file /opt/airflow/dags/main.py for tasks to queue
[2025-12-16T15:39:53.691+0000] {logging_mixin.py:188} INFO - [2025-12-16T15:39:53.691+0000] {dagbag.py:545} INFO - Filling up the DagBag from /opt/airflow/dags/main.py
[2025-12-16T15:39:53.773+0000] {processor.py:840} INFO - DAG(s) 'update_db', 'youtube_video_stats' retrieved from /opt/airflow/dags/main.py
[2025-12-16T15:39:53.800+0000] {logging_mixin.py:188} INFO - [2025-12-16T15:39:53.799+0000] {dag.py:3096} INFO - Sync 2 DAGs
[2025-12-16T15:39:53.820+0000] {logging_mixin.py:188} INFO - [2025-12-16T15:39:53.820+0000] {dag.py:3954} INFO - Setting next_dagrun for update_db to 2025-12-16 15:00:00+00:00, run_after=2025-12-17 15:00:00+00:00
[2025-12-16T15:39:53.825+0000] {logging_mixin.py:188} INFO - [2025-12-16T15:39:53.825+0000] {dag.py:3954} INFO - Setting next_dagrun for youtube_video_stats to 2025-12-16 14:00:00+00:00, run_after=2025-12-17 14:00:00+00:00
[2025-12-16T15:39:53.846+0000] {processor.py:183} INFO - Processing /opt/airflow/dags/main.py took 0.163 seconds
[2025-12-16T15:40:24.109+0000] {processor.py:161} INFO - Started process (PID=7523) to work on /opt/airflow/dags/main.py
[2025-12-16T15:40:24.110+0000] {processor.py:830} INFO - Processing file /opt/airflow/dags/main.py for tasks to queue
[2025-12-16T15:40:24.111+0000] {logging_mixin.py:188} INFO - [2025-12-16T15:40:24.111+0000] {dagbag.py:545} INFO - Filling up the DagBag from /opt/airflow/dags/main.py
[2025-12-16T15:40:24.213+0000] {processor.py:840} INFO - DAG(s) 'youtube_video_stats', 'update_db' retrieved from /opt/airflow/dags/main.py
[2025-12-16T15:40:24.241+0000] {logging_mixin.py:188} INFO - [2025-12-16T15:40:24.241+0000] {dag.py:3096} INFO - Sync 2 DAGs
[2025-12-16T15:40:24.262+0000] {logging_mixin.py:188} INFO - [2025-12-16T15:40:24.262+0000] {dag.py:3954} INFO - Setting next_dagrun for update_db to 2025-12-16 15:00:00+00:00, run_after=2025-12-17 15:00:00+00:00
[2025-12-16T15:40:24.267+0000] {logging_mixin.py:188} INFO - [2025-12-16T15:40:24.267+0000] {dag.py:3954} INFO - Setting next_dagrun for youtube_video_stats to 2025-12-16 14:00:00+00:00, run_after=2025-12-17 14:00:00+00:00
[2025-12-16T15:40:24.290+0000] {processor.py:183} INFO - Processing /opt/airflow/dags/main.py took 0.187 seconds
[2025-12-16T15:44:38.877+0000] {processor.py:161} INFO - Started process (PID=7524) to work on /opt/airflow/dags/main.py
[2025-12-16T15:44:38.880+0000] {processor.py:830} INFO - Processing file /opt/airflow/dags/main.py for tasks to queue
[2025-12-16T15:44:38.885+0000] {logging_mixin.py:188} INFO - [2025-12-16T15:44:38.884+0000] {dagbag.py:545} INFO - Filling up the DagBag from /opt/airflow/dags/main.py
[2025-12-16T15:44:39.206+0000] {processor.py:840} INFO - DAG(s) 'youtube_video_stats', 'update_db' retrieved from /opt/airflow/dags/main.py
[2025-12-16T15:44:39.298+0000] {logging_mixin.py:188} INFO - [2025-12-16T15:44:39.298+0000] {dag.py:3096} INFO - Sync 2 DAGs
[2025-12-16T15:44:39.375+0000] {logging_mixin.py:188} INFO - [2025-12-16T15:44:39.375+0000] {dag.py:3954} INFO - Setting next_dagrun for update_db to 2025-12-16 15:00:00+00:00, run_after=2025-12-17 15:00:00+00:00
[2025-12-16T15:44:39.393+0000] {logging_mixin.py:188} INFO - [2025-12-16T15:44:39.393+0000] {dag.py:3954} INFO - Setting next_dagrun for youtube_video_stats to 2025-12-16 14:00:00+00:00, run_after=2025-12-17 14:00:00+00:00
[2025-12-16T15:44:39.455+0000] {processor.py:183} INFO - Processing /opt/airflow/dags/main.py took 0.598 seconds
[2025-12-16T15:45:09.731+0000] {processor.py:161} INFO - Started process (PID=7531) to work on /opt/airflow/dags/main.py
[2025-12-16T15:45:09.732+0000] {processor.py:830} INFO - Processing file /opt/airflow/dags/main.py for tasks to queue
[2025-12-16T15:45:09.733+0000] {logging_mixin.py:188} INFO - [2025-12-16T15:45:09.733+0000] {dagbag.py:545} INFO - Filling up the DagBag from /opt/airflow/dags/main.py
[2025-12-16T15:45:09.844+0000] {processor.py:840} INFO - DAG(s) 'update_db', 'youtube_video_stats' retrieved from /opt/airflow/dags/main.py
[2025-12-16T15:45:09.883+0000] {logging_mixin.py:188} INFO - [2025-12-16T15:45:09.882+0000] {dag.py:3096} INFO - Sync 2 DAGs
[2025-12-16T15:45:09.904+0000] {logging_mixin.py:188} INFO - [2025-12-16T15:45:09.904+0000] {dag.py:3954} INFO - Setting next_dagrun for update_db to 2025-12-16 15:00:00+00:00, run_after=2025-12-17 15:00:00+00:00
[2025-12-16T15:45:09.910+0000] {logging_mixin.py:188} INFO - [2025-12-16T15:45:09.910+0000] {dag.py:3954} INFO - Setting next_dagrun for youtube_video_stats to 2025-12-16 14:00:00+00:00, run_after=2025-12-17 14:00:00+00:00
[2025-12-16T15:45:09.942+0000] {processor.py:183} INFO - Processing /opt/airflow/dags/main.py took 0.218 seconds
[2025-12-16T15:45:40.251+0000] {processor.py:161} INFO - Started process (PID=7538) to work on /opt/airflow/dags/main.py
[2025-12-16T15:45:40.253+0000] {processor.py:830} INFO - Processing file /opt/airflow/dags/main.py for tasks to queue
[2025-12-16T15:45:40.255+0000] {logging_mixin.py:188} INFO - [2025-12-16T15:45:40.255+0000] {dagbag.py:545} INFO - Filling up the DagBag from /opt/airflow/dags/main.py
[2025-12-16T15:45:40.484+0000] {processor.py:840} INFO - DAG(s) 'update_db', 'youtube_video_stats' retrieved from /opt/airflow/dags/main.py
[2025-12-16T15:45:40.539+0000] {logging_mixin.py:188} INFO - [2025-12-16T15:45:40.538+0000] {dag.py:3096} INFO - Sync 2 DAGs
[2025-12-16T15:45:40.577+0000] {logging_mixin.py:188} INFO - [2025-12-16T15:45:40.576+0000] {dag.py:3954} INFO - Setting next_dagrun for update_db to 2025-12-16 15:00:00+00:00, run_after=2025-12-17 15:00:00+00:00
[2025-12-16T15:45:40.587+0000] {logging_mixin.py:188} INFO - [2025-12-16T15:45:40.587+0000] {dag.py:3954} INFO - Setting next_dagrun for youtube_video_stats to 2025-12-16 14:00:00+00:00, run_after=2025-12-17 14:00:00+00:00
[2025-12-16T15:45:40.617+0000] {processor.py:183} INFO - Processing /opt/airflow/dags/main.py took 0.379 seconds
[2025-12-16T15:46:10.882+0000] {processor.py:161} INFO - Started process (PID=7545) to work on /opt/airflow/dags/main.py
[2025-12-16T15:46:10.884+0000] {processor.py:830} INFO - Processing file /opt/airflow/dags/main.py for tasks to queue
[2025-12-16T15:46:10.885+0000] {logging_mixin.py:188} INFO - [2025-12-16T15:46:10.885+0000] {dagbag.py:545} INFO - Filling up the DagBag from /opt/airflow/dags/main.py
[2025-12-16T15:46:11.015+0000] {processor.py:840} INFO - DAG(s) 'update_db', 'youtube_video_stats' retrieved from /opt/airflow/dags/main.py
[2025-12-16T15:46:11.061+0000] {logging_mixin.py:188} INFO - [2025-12-16T15:46:11.061+0000] {dag.py:3096} INFO - Sync 2 DAGs
[2025-12-16T15:46:11.089+0000] {logging_mixin.py:188} INFO - [2025-12-16T15:46:11.089+0000] {dag.py:3954} INFO - Setting next_dagrun for update_db to 2025-12-16 15:00:00+00:00, run_after=2025-12-17 15:00:00+00:00
[2025-12-16T15:46:11.096+0000] {logging_mixin.py:188} INFO - [2025-12-16T15:46:11.096+0000] {dag.py:3954} INFO - Setting next_dagrun for youtube_video_stats to 2025-12-16 14:00:00+00:00, run_after=2025-12-17 14:00:00+00:00
[2025-12-16T15:46:11.139+0000] {processor.py:183} INFO - Processing /opt/airflow/dags/main.py took 0.263 seconds
[2025-12-16T15:46:41.374+0000] {processor.py:161} INFO - Started process (PID=7552) to work on /opt/airflow/dags/main.py
[2025-12-16T15:46:41.375+0000] {processor.py:830} INFO - Processing file /opt/airflow/dags/main.py for tasks to queue
[2025-12-16T15:46:41.376+0000] {logging_mixin.py:188} INFO - [2025-12-16T15:46:41.376+0000] {dagbag.py:545} INFO - Filling up the DagBag from /opt/airflow/dags/main.py
[2025-12-16T15:46:41.479+0000] {processor.py:840} INFO - DAG(s) 'youtube_video_stats', 'update_db' retrieved from /opt/airflow/dags/main.py
[2025-12-16T15:46:41.509+0000] {logging_mixin.py:188} INFO - [2025-12-16T15:46:41.508+0000] {dag.py:3096} INFO - Sync 2 DAGs
[2025-12-16T15:46:41.530+0000] {logging_mixin.py:188} INFO - [2025-12-16T15:46:41.530+0000] {dag.py:3954} INFO - Setting next_dagrun for update_db to 2025-12-16 15:00:00+00:00, run_after=2025-12-17 15:00:00+00:00
[2025-12-16T15:46:41.535+0000] {logging_mixin.py:188} INFO - [2025-12-16T15:46:41.535+0000] {dag.py:3954} INFO - Setting next_dagrun for youtube_video_stats to 2025-12-16 14:00:00+00:00, run_after=2025-12-17 14:00:00+00:00
[2025-12-16T15:46:41.553+0000] {processor.py:183} INFO - Processing /opt/airflow/dags/main.py took 0.184 seconds
[2025-12-16T15:47:11.617+0000] {processor.py:161} INFO - Started process (PID=7559) to work on /opt/airflow/dags/main.py
[2025-12-16T15:47:11.618+0000] {processor.py:830} INFO - Processing file /opt/airflow/dags/main.py for tasks to queue
[2025-12-16T15:47:11.620+0000] {logging_mixin.py:188} INFO - [2025-12-16T15:47:11.619+0000] {dagbag.py:545} INFO - Filling up the DagBag from /opt/airflow/dags/main.py
[2025-12-16T15:47:11.713+0000] {processor.py:840} INFO - DAG(s) 'update_db', 'youtube_video_stats' retrieved from /opt/airflow/dags/main.py
[2025-12-16T15:47:11.746+0000] {logging_mixin.py:188} INFO - [2025-12-16T15:47:11.746+0000] {dag.py:3096} INFO - Sync 2 DAGs
[2025-12-16T15:47:11.768+0000] {logging_mixin.py:188} INFO - [2025-12-16T15:47:11.768+0000] {dag.py:3954} INFO - Setting next_dagrun for update_db to 2025-12-16 15:00:00+00:00, run_after=2025-12-17 15:00:00+00:00
[2025-12-16T15:47:11.775+0000] {logging_mixin.py:188} INFO - [2025-12-16T15:47:11.775+0000] {dag.py:3954} INFO - Setting next_dagrun for youtube_video_stats to 2025-12-16 14:00:00+00:00, run_after=2025-12-17 14:00:00+00:00
[2025-12-16T15:47:11.798+0000] {processor.py:183} INFO - Processing /opt/airflow/dags/main.py took 0.187 seconds
[2025-12-16T15:47:43.235+0000] {processor.py:161} INFO - Started process (PID=7566) to work on /opt/airflow/dags/main.py
[2025-12-16T15:47:43.263+0000] {processor.py:830} INFO - Processing file /opt/airflow/dags/main.py for tasks to queue
[2025-12-16T15:47:43.276+0000] {logging_mixin.py:188} INFO - [2025-12-16T15:47:43.275+0000] {dagbag.py:545} INFO - Filling up the DagBag from /opt/airflow/dags/main.py
[2025-12-16T15:47:43.938+0000] {processor.py:840} INFO - DAG(s) 'update_db', 'youtube_video_stats' retrieved from /opt/airflow/dags/main.py
[2025-12-16T15:47:44.111+0000] {logging_mixin.py:188} INFO - [2025-12-16T15:47:44.111+0000] {dag.py:3096} INFO - Sync 2 DAGs
[2025-12-16T15:47:44.219+0000] {logging_mixin.py:188} INFO - [2025-12-16T15:47:44.218+0000] {dag.py:3954} INFO - Setting next_dagrun for update_db to 2025-12-16 15:00:00+00:00, run_after=2025-12-17 15:00:00+00:00
[2025-12-16T15:47:44.244+0000] {logging_mixin.py:188} INFO - [2025-12-16T15:47:44.244+0000] {dag.py:3954} INFO - Setting next_dagrun for youtube_video_stats to 2025-12-16 14:00:00+00:00, run_after=2025-12-17 14:00:00+00:00
[2025-12-16T15:47:44.310+0000] {processor.py:183} INFO - Processing /opt/airflow/dags/main.py took 1.111 seconds
[2025-12-16T15:48:14.750+0000] {processor.py:161} INFO - Started process (PID=7573) to work on /opt/airflow/dags/main.py
[2025-12-16T15:48:14.755+0000] {processor.py:830} INFO - Processing file /opt/airflow/dags/main.py for tasks to queue
[2025-12-16T15:48:14.761+0000] {logging_mixin.py:188} INFO - [2025-12-16T15:48:14.760+0000] {dagbag.py:545} INFO - Filling up the DagBag from /opt/airflow/dags/main.py
[2025-12-16T15:48:15.114+0000] {processor.py:840} INFO - DAG(s) 'youtube_video_stats', 'update_db' retrieved from /opt/airflow/dags/main.py
[2025-12-16T15:48:15.370+0000] {logging_mixin.py:188} INFO - [2025-12-16T15:48:15.370+0000] {dag.py:3096} INFO - Sync 2 DAGs
[2025-12-16T15:48:15.493+0000] {logging_mixin.py:188} INFO - [2025-12-16T15:48:15.493+0000] {dag.py:3954} INFO - Setting next_dagrun for update_db to 2025-12-16 15:00:00+00:00, run_after=2025-12-17 15:00:00+00:00
[2025-12-16T15:48:15.538+0000] {logging_mixin.py:188} INFO - [2025-12-16T15:48:15.538+0000] {dag.py:3954} INFO - Setting next_dagrun for youtube_video_stats to 2025-12-16 14:00:00+00:00, run_after=2025-12-17 14:00:00+00:00
[2025-12-16T15:48:15.647+0000] {processor.py:183} INFO - Processing /opt/airflow/dags/main.py took 0.933 seconds
[2025-12-16T15:48:45.988+0000] {processor.py:161} INFO - Started process (PID=7580) to work on /opt/airflow/dags/main.py
[2025-12-16T15:48:45.990+0000] {processor.py:830} INFO - Processing file /opt/airflow/dags/main.py for tasks to queue
[2025-12-16T15:48:45.991+0000] {logging_mixin.py:188} INFO - [2025-12-16T15:48:45.991+0000] {dagbag.py:545} INFO - Filling up the DagBag from /opt/airflow/dags/main.py
[2025-12-16T15:48:46.083+0000] {processor.py:840} INFO - DAG(s) 'update_db', 'youtube_video_stats' retrieved from /opt/airflow/dags/main.py
[2025-12-16T15:48:46.114+0000] {logging_mixin.py:188} INFO - [2025-12-16T15:48:46.114+0000] {dag.py:3096} INFO - Sync 2 DAGs
[2025-12-16T15:48:46.136+0000] {logging_mixin.py:188} INFO - [2025-12-16T15:48:46.136+0000] {dag.py:3954} INFO - Setting next_dagrun for update_db to 2025-12-16 15:00:00+00:00, run_after=2025-12-17 15:00:00+00:00
[2025-12-16T15:48:46.141+0000] {logging_mixin.py:188} INFO - [2025-12-16T15:48:46.141+0000] {dag.py:3954} INFO - Setting next_dagrun for youtube_video_stats to 2025-12-16 14:00:00+00:00, run_after=2025-12-17 14:00:00+00:00
[2025-12-16T15:48:46.160+0000] {processor.py:183} INFO - Processing /opt/airflow/dags/main.py took 0.179 seconds
[2025-12-16T15:49:16.372+0000] {processor.py:161} INFO - Started process (PID=7587) to work on /opt/airflow/dags/main.py
[2025-12-16T15:49:16.374+0000] {processor.py:830} INFO - Processing file /opt/airflow/dags/main.py for tasks to queue
[2025-12-16T15:49:16.375+0000] {logging_mixin.py:188} INFO - [2025-12-16T15:49:16.374+0000] {dagbag.py:545} INFO - Filling up the DagBag from /opt/airflow/dags/main.py
[2025-12-16T15:49:16.455+0000] {processor.py:840} INFO - DAG(s) 'youtube_video_stats', 'update_db' retrieved from /opt/airflow/dags/main.py
[2025-12-16T15:49:16.483+0000] {logging_mixin.py:188} INFO - [2025-12-16T15:49:16.483+0000] {dag.py:3096} INFO - Sync 2 DAGs
[2025-12-16T15:49:16.505+0000] {logging_mixin.py:188} INFO - [2025-12-16T15:49:16.505+0000] {dag.py:3954} INFO - Setting next_dagrun for update_db to 2025-12-16 15:00:00+00:00, run_after=2025-12-17 15:00:00+00:00
[2025-12-16T15:49:16.510+0000] {logging_mixin.py:188} INFO - [2025-12-16T15:49:16.510+0000] {dag.py:3954} INFO - Setting next_dagrun for youtube_video_stats to 2025-12-16 14:00:00+00:00, run_after=2025-12-17 14:00:00+00:00
[2025-12-16T15:49:17.101+0000] {processor.py:183} INFO - Processing /opt/airflow/dags/main.py took 0.734 seconds
[2025-12-16T15:49:47.323+0000] {processor.py:161} INFO - Started process (PID=7594) to work on /opt/airflow/dags/main.py
[2025-12-16T15:49:47.324+0000] {processor.py:830} INFO - Processing file /opt/airflow/dags/main.py for tasks to queue
[2025-12-16T15:49:47.325+0000] {logging_mixin.py:188} INFO - [2025-12-16T15:49:47.325+0000] {dagbag.py:545} INFO - Filling up the DagBag from /opt/airflow/dags/main.py
[2025-12-16T15:49:47.446+0000] {processor.py:840} INFO - DAG(s) 'youtube_video_stats', 'update_db' retrieved from /opt/airflow/dags/main.py
[2025-12-16T15:49:47.492+0000] {logging_mixin.py:188} INFO - [2025-12-16T15:49:47.492+0000] {dag.py:3096} INFO - Sync 2 DAGs
[2025-12-16T15:49:47.523+0000] {logging_mixin.py:188} INFO - [2025-12-16T15:49:47.522+0000] {dag.py:3954} INFO - Setting next_dagrun for update_db to 2025-12-16 15:00:00+00:00, run_after=2025-12-17 15:00:00+00:00
[2025-12-16T15:49:47.530+0000] {logging_mixin.py:188} INFO - [2025-12-16T15:49:47.529+0000] {dag.py:3954} INFO - Setting next_dagrun for youtube_video_stats to 2025-12-16 14:00:00+00:00, run_after=2025-12-17 14:00:00+00:00
[2025-12-16T15:49:47.553+0000] {processor.py:183} INFO - Processing /opt/airflow/dags/main.py took 0.238 seconds
[2025-12-16T15:50:17.761+0000] {processor.py:161} INFO - Started process (PID=7607) to work on /opt/airflow/dags/main.py
[2025-12-16T15:50:17.762+0000] {processor.py:830} INFO - Processing file /opt/airflow/dags/main.py for tasks to queue
[2025-12-16T15:50:17.763+0000] {logging_mixin.py:188} INFO - [2025-12-16T15:50:17.762+0000] {dagbag.py:545} INFO - Filling up the DagBag from /opt/airflow/dags/main.py
[2025-12-16T15:50:17.841+0000] {processor.py:840} INFO - DAG(s) 'update_db', 'youtube_video_stats' retrieved from /opt/airflow/dags/main.py
[2025-12-16T15:50:17.866+0000] {logging_mixin.py:188} INFO - [2025-12-16T15:50:17.866+0000] {dag.py:3096} INFO - Sync 2 DAGs
[2025-12-16T15:50:17.886+0000] {logging_mixin.py:188} INFO - [2025-12-16T15:50:17.886+0000] {dag.py:3954} INFO - Setting next_dagrun for update_db to 2025-12-16 15:00:00+00:00, run_after=2025-12-17 15:00:00+00:00
[2025-12-16T15:50:17.890+0000] {logging_mixin.py:188} INFO - [2025-12-16T15:50:17.890+0000] {dag.py:3954} INFO - Setting next_dagrun for youtube_video_stats to 2025-12-16 14:00:00+00:00, run_after=2025-12-17 14:00:00+00:00
[2025-12-16T15:50:17.908+0000] {processor.py:183} INFO - Processing /opt/airflow/dags/main.py took 0.153 seconds
[2025-12-16T15:50:48.037+0000] {processor.py:161} INFO - Started process (PID=7614) to work on /opt/airflow/dags/main.py
[2025-12-16T15:50:48.039+0000] {processor.py:830} INFO - Processing file /opt/airflow/dags/main.py for tasks to queue
[2025-12-16T15:50:48.040+0000] {logging_mixin.py:188} INFO - [2025-12-16T15:50:48.039+0000] {dagbag.py:545} INFO - Filling up the DagBag from /opt/airflow/dags/main.py
[2025-12-16T15:50:48.109+0000] {processor.py:840} INFO - DAG(s) 'youtube_video_stats', 'update_db' retrieved from /opt/airflow/dags/main.py
[2025-12-16T15:50:48.134+0000] {logging_mixin.py:188} INFO - [2025-12-16T15:50:48.134+0000] {dag.py:3096} INFO - Sync 2 DAGs
[2025-12-16T15:50:48.153+0000] {logging_mixin.py:188} INFO - [2025-12-16T15:50:48.153+0000] {dag.py:3954} INFO - Setting next_dagrun for update_db to 2025-12-16 15:00:00+00:00, run_after=2025-12-17 15:00:00+00:00
[2025-12-16T15:50:48.158+0000] {logging_mixin.py:188} INFO - [2025-12-16T15:50:48.157+0000] {dag.py:3954} INFO - Setting next_dagrun for youtube_video_stats to 2025-12-16 14:00:00+00:00, run_after=2025-12-17 14:00:00+00:00
[2025-12-16T15:50:48.176+0000] {processor.py:183} INFO - Processing /opt/airflow/dags/main.py took 0.144 seconds
[2025-12-16T15:51:18.349+0000] {processor.py:161} INFO - Started process (PID=7621) to work on /opt/airflow/dags/main.py
[2025-12-16T15:51:18.351+0000] {processor.py:830} INFO - Processing file /opt/airflow/dags/main.py for tasks to queue
[2025-12-16T15:51:18.352+0000] {logging_mixin.py:188} INFO - [2025-12-16T15:51:18.352+0000] {dagbag.py:545} INFO - Filling up the DagBag from /opt/airflow/dags/main.py
[2025-12-16T15:51:18.444+0000] {processor.py:840} INFO - DAG(s) 'youtube_video_stats', 'update_db' retrieved from /opt/airflow/dags/main.py
[2025-12-16T15:51:18.471+0000] {logging_mixin.py:188} INFO - [2025-12-16T15:51:18.471+0000] {dag.py:3096} INFO - Sync 2 DAGs
[2025-12-16T15:51:18.489+0000] {logging_mixin.py:188} INFO - [2025-12-16T15:51:18.489+0000] {dag.py:3954} INFO - Setting next_dagrun for update_db to 2025-12-16 15:00:00+00:00, run_after=2025-12-17 15:00:00+00:00
[2025-12-16T15:51:18.495+0000] {logging_mixin.py:188} INFO - [2025-12-16T15:51:18.495+0000] {dag.py:3954} INFO - Setting next_dagrun for youtube_video_stats to 2025-12-16 14:00:00+00:00, run_after=2025-12-17 14:00:00+00:00
[2025-12-16T15:51:18.513+0000] {processor.py:183} INFO - Processing /opt/airflow/dags/main.py took 0.169 seconds
[2025-12-16T15:51:48.608+0000] {processor.py:161} INFO - Started process (PID=7628) to work on /opt/airflow/dags/main.py
[2025-12-16T15:51:48.609+0000] {processor.py:830} INFO - Processing file /opt/airflow/dags/main.py for tasks to queue
[2025-12-16T15:51:48.610+0000] {logging_mixin.py:188} INFO - [2025-12-16T15:51:48.610+0000] {dagbag.py:545} INFO - Filling up the DagBag from /opt/airflow/dags/main.py
[2025-12-16T15:51:48.709+0000] {processor.py:840} INFO - DAG(s) 'youtube_video_stats', 'update_db' retrieved from /opt/airflow/dags/main.py
[2025-12-16T15:51:48.733+0000] {logging_mixin.py:188} INFO - [2025-12-16T15:51:48.733+0000] {dag.py:3096} INFO - Sync 2 DAGs
[2025-12-16T15:51:48.751+0000] {logging_mixin.py:188} INFO - [2025-12-16T15:51:48.751+0000] {dag.py:3954} INFO - Setting next_dagrun for update_db to 2025-12-16 15:00:00+00:00, run_after=2025-12-17 15:00:00+00:00
[2025-12-16T15:51:48.756+0000] {logging_mixin.py:188} INFO - [2025-12-16T15:51:48.756+0000] {dag.py:3954} INFO - Setting next_dagrun for youtube_video_stats to 2025-12-16 14:00:00+00:00, run_after=2025-12-17 14:00:00+00:00
[2025-12-16T15:51:48.773+0000] {processor.py:183} INFO - Processing /opt/airflow/dags/main.py took 0.170 seconds
[2025-12-16T15:52:18.954+0000] {processor.py:161} INFO - Started process (PID=7635) to work on /opt/airflow/dags/main.py
[2025-12-16T15:52:18.955+0000] {processor.py:830} INFO - Processing file /opt/airflow/dags/main.py for tasks to queue
[2025-12-16T15:52:18.956+0000] {logging_mixin.py:188} INFO - [2025-12-16T15:52:18.955+0000] {dagbag.py:545} INFO - Filling up the DagBag from /opt/airflow/dags/main.py
[2025-12-16T15:52:19.024+0000] {processor.py:840} INFO - DAG(s) 'youtube_video_stats', 'update_db' retrieved from /opt/airflow/dags/main.py
[2025-12-16T15:52:19.048+0000] {logging_mixin.py:188} INFO - [2025-12-16T15:52:19.048+0000] {dag.py:3096} INFO - Sync 2 DAGs
[2025-12-16T15:52:19.067+0000] {logging_mixin.py:188} INFO - [2025-12-16T15:52:19.067+0000] {dag.py:3954} INFO - Setting next_dagrun for update_db to 2025-12-16 15:00:00+00:00, run_after=2025-12-17 15:00:00+00:00
[2025-12-16T15:52:19.074+0000] {logging_mixin.py:188} INFO - [2025-12-16T15:52:19.074+0000] {dag.py:3954} INFO - Setting next_dagrun for youtube_video_stats to 2025-12-16 14:00:00+00:00, run_after=2025-12-17 14:00:00+00:00
[2025-12-16T15:52:19.255+0000] {processor.py:183} INFO - Processing /opt/airflow/dags/main.py took 0.306 seconds
[2025-12-16T15:52:49.466+0000] {processor.py:161} INFO - Started process (PID=7642) to work on /opt/airflow/dags/main.py
[2025-12-16T15:52:49.468+0000] {processor.py:830} INFO - Processing file /opt/airflow/dags/main.py for tasks to queue
[2025-12-16T15:52:49.469+0000] {logging_mixin.py:188} INFO - [2025-12-16T15:52:49.468+0000] {dagbag.py:545} INFO - Filling up the DagBag from /opt/airflow/dags/main.py
[2025-12-16T15:52:49.551+0000] {processor.py:840} INFO - DAG(s) 'update_db', 'youtube_video_stats' retrieved from /opt/airflow/dags/main.py
[2025-12-16T15:52:49.582+0000] {logging_mixin.py:188} INFO - [2025-12-16T15:52:49.581+0000] {dag.py:3096} INFO - Sync 2 DAGs
[2025-12-16T15:52:49.604+0000] {logging_mixin.py:188} INFO - [2025-12-16T15:52:49.604+0000] {dag.py:3954} INFO - Setting next_dagrun for update_db to 2025-12-16 15:00:00+00:00, run_after=2025-12-17 15:00:00+00:00
[2025-12-16T15:52:49.610+0000] {logging_mixin.py:188} INFO - [2025-12-16T15:52:49.610+0000] {dag.py:3954} INFO - Setting next_dagrun for youtube_video_stats to 2025-12-16 14:00:00+00:00, run_after=2025-12-17 14:00:00+00:00
[2025-12-16T15:52:49.628+0000] {processor.py:183} INFO - Processing /opt/airflow/dags/main.py took 0.169 seconds
[2025-12-16T15:53:19.678+0000] {processor.py:161} INFO - Started process (PID=7649) to work on /opt/airflow/dags/main.py
[2025-12-16T15:53:19.679+0000] {processor.py:830} INFO - Processing file /opt/airflow/dags/main.py for tasks to queue
[2025-12-16T15:53:19.680+0000] {logging_mixin.py:188} INFO - [2025-12-16T15:53:19.680+0000] {dagbag.py:545} INFO - Filling up the DagBag from /opt/airflow/dags/main.py
[2025-12-16T15:53:19.754+0000] {processor.py:840} INFO - DAG(s) 'youtube_video_stats', 'update_db' retrieved from /opt/airflow/dags/main.py
[2025-12-16T15:53:19.781+0000] {logging_mixin.py:188} INFO - [2025-12-16T15:53:19.781+0000] {dag.py:3096} INFO - Sync 2 DAGs
[2025-12-16T15:53:19.800+0000] {logging_mixin.py:188} INFO - [2025-12-16T15:53:19.799+0000] {dag.py:3954} INFO - Setting next_dagrun for update_db to 2025-12-16 15:00:00+00:00, run_after=2025-12-17 15:00:00+00:00
[2025-12-16T15:53:19.804+0000] {logging_mixin.py:188} INFO - [2025-12-16T15:53:19.804+0000] {dag.py:3954} INFO - Setting next_dagrun for youtube_video_stats to 2025-12-16 14:00:00+00:00, run_after=2025-12-17 14:00:00+00:00
[2025-12-16T15:53:19.824+0000] {processor.py:183} INFO - Processing /opt/airflow/dags/main.py took 0.150 seconds
[2025-12-16T15:53:50.045+0000] {processor.py:161} INFO - Started process (PID=7656) to work on /opt/airflow/dags/main.py
[2025-12-16T15:53:50.046+0000] {processor.py:830} INFO - Processing file /opt/airflow/dags/main.py for tasks to queue
[2025-12-16T15:53:50.047+0000] {logging_mixin.py:188} INFO - [2025-12-16T15:53:50.047+0000] {dagbag.py:545} INFO - Filling up the DagBag from /opt/airflow/dags/main.py
[2025-12-16T15:53:50.119+0000] {processor.py:840} INFO - DAG(s) 'youtube_video_stats', 'update_db' retrieved from /opt/airflow/dags/main.py
[2025-12-16T15:53:50.145+0000] {logging_mixin.py:188} INFO - [2025-12-16T15:53:50.145+0000] {dag.py:3096} INFO - Sync 2 DAGs
[2025-12-16T15:53:50.164+0000] {logging_mixin.py:188} INFO - [2025-12-16T15:53:50.164+0000] {dag.py:3954} INFO - Setting next_dagrun for update_db to 2025-12-16 15:00:00+00:00, run_after=2025-12-17 15:00:00+00:00
[2025-12-16T15:53:50.169+0000] {logging_mixin.py:188} INFO - [2025-12-16T15:53:50.169+0000] {dag.py:3954} INFO - Setting next_dagrun for youtube_video_stats to 2025-12-16 14:00:00+00:00, run_after=2025-12-17 14:00:00+00:00
[2025-12-16T15:53:50.188+0000] {processor.py:183} INFO - Processing /opt/airflow/dags/main.py took 0.148 seconds
[2025-12-16T15:54:20.273+0000] {processor.py:161} INFO - Started process (PID=7663) to work on /opt/airflow/dags/main.py
[2025-12-16T15:54:20.274+0000] {processor.py:830} INFO - Processing file /opt/airflow/dags/main.py for tasks to queue
[2025-12-16T15:54:20.275+0000] {logging_mixin.py:188} INFO - [2025-12-16T15:54:20.275+0000] {dagbag.py:545} INFO - Filling up the DagBag from /opt/airflow/dags/main.py
[2025-12-16T15:54:20.341+0000] {processor.py:840} INFO - DAG(s) 'update_db', 'youtube_video_stats' retrieved from /opt/airflow/dags/main.py
[2025-12-16T15:54:20.366+0000] {logging_mixin.py:188} INFO - [2025-12-16T15:54:20.366+0000] {dag.py:3096} INFO - Sync 2 DAGs
[2025-12-16T15:54:20.385+0000] {logging_mixin.py:188} INFO - [2025-12-16T15:54:20.384+0000] {dag.py:3954} INFO - Setting next_dagrun for update_db to 2025-12-16 15:00:00+00:00, run_after=2025-12-17 15:00:00+00:00
[2025-12-16T15:54:20.389+0000] {logging_mixin.py:188} INFO - [2025-12-16T15:54:20.389+0000] {dag.py:3954} INFO - Setting next_dagrun for youtube_video_stats to 2025-12-16 14:00:00+00:00, run_after=2025-12-17 14:00:00+00:00
[2025-12-16T15:54:20.407+0000] {processor.py:183} INFO - Processing /opt/airflow/dags/main.py took 0.139 seconds
[2025-12-16T15:54:50.684+0000] {processor.py:161} INFO - Started process (PID=7670) to work on /opt/airflow/dags/main.py
[2025-12-16T15:54:50.685+0000] {processor.py:830} INFO - Processing file /opt/airflow/dags/main.py for tasks to queue
[2025-12-16T15:54:50.686+0000] {logging_mixin.py:188} INFO - [2025-12-16T15:54:50.685+0000] {dagbag.py:545} INFO - Filling up the DagBag from /opt/airflow/dags/main.py
[2025-12-16T15:54:50.754+0000] {processor.py:840} INFO - DAG(s) 'youtube_video_stats', 'update_db' retrieved from /opt/airflow/dags/main.py
[2025-12-16T15:54:50.781+0000] {logging_mixin.py:188} INFO - [2025-12-16T15:54:50.781+0000] {dag.py:3096} INFO - Sync 2 DAGs
[2025-12-16T15:54:50.800+0000] {logging_mixin.py:188} INFO - [2025-12-16T15:54:50.799+0000] {dag.py:3954} INFO - Setting next_dagrun for update_db to 2025-12-16 15:00:00+00:00, run_after=2025-12-17 15:00:00+00:00
[2025-12-16T15:54:50.805+0000] {logging_mixin.py:188} INFO - [2025-12-16T15:54:50.805+0000] {dag.py:3954} INFO - Setting next_dagrun for youtube_video_stats to 2025-12-16 14:00:00+00:00, run_after=2025-12-17 14:00:00+00:00
[2025-12-16T15:54:50.824+0000] {processor.py:183} INFO - Processing /opt/airflow/dags/main.py took 0.146 seconds
[2025-12-16T15:55:20.938+0000] {processor.py:161} INFO - Started process (PID=7677) to work on /opt/airflow/dags/main.py
[2025-12-16T15:55:20.940+0000] {processor.py:830} INFO - Processing file /opt/airflow/dags/main.py for tasks to queue
[2025-12-16T15:55:20.941+0000] {logging_mixin.py:188} INFO - [2025-12-16T15:55:20.940+0000] {dagbag.py:545} INFO - Filling up the DagBag from /opt/airflow/dags/main.py
[2025-12-16T15:55:21.047+0000] {processor.py:840} INFO - DAG(s) 'youtube_video_stats', 'update_db' retrieved from /opt/airflow/dags/main.py
[2025-12-16T15:55:21.080+0000] {logging_mixin.py:188} INFO - [2025-12-16T15:55:21.080+0000] {dag.py:3096} INFO - Sync 2 DAGs
[2025-12-16T15:55:21.105+0000] {logging_mixin.py:188} INFO - [2025-12-16T15:55:21.105+0000] {dag.py:3954} INFO - Setting next_dagrun for update_db to 2025-12-16 15:00:00+00:00, run_after=2025-12-17 15:00:00+00:00
[2025-12-16T15:55:21.255+0000] {logging_mixin.py:188} INFO - [2025-12-16T15:55:21.255+0000] {dag.py:3954} INFO - Setting next_dagrun for youtube_video_stats to 2025-12-16 14:00:00+00:00, run_after=2025-12-17 14:00:00+00:00
[2025-12-16T15:55:21.289+0000] {processor.py:183} INFO - Processing /opt/airflow/dags/main.py took 0.358 seconds
[2025-12-16T15:59:27.090+0000] {processor.py:161} INFO - Started process (PID=7678) to work on /opt/airflow/dags/main.py
[2025-12-16T15:59:27.092+0000] {processor.py:830} INFO - Processing file /opt/airflow/dags/main.py for tasks to queue
[2025-12-16T15:59:27.101+0000] {logging_mixin.py:188} INFO - [2025-12-16T15:59:27.093+0000] {dagbag.py:545} INFO - Filling up the DagBag from /opt/airflow/dags/main.py
[2025-12-16T15:59:27.309+0000] {processor.py:840} INFO - DAG(s) 'youtube_video_stats', 'update_db' retrieved from /opt/airflow/dags/main.py
[2025-12-16T15:59:27.382+0000] {logging_mixin.py:188} INFO - [2025-12-16T15:59:27.381+0000] {dag.py:3096} INFO - Sync 2 DAGs
[2025-12-16T15:59:27.432+0000] {logging_mixin.py:188} INFO - [2025-12-16T15:59:27.431+0000] {dag.py:3954} INFO - Setting next_dagrun for update_db to 2025-12-16 15:00:00+00:00, run_after=2025-12-17 15:00:00+00:00
[2025-12-16T15:59:27.444+0000] {logging_mixin.py:188} INFO - [2025-12-16T15:59:27.444+0000] {dag.py:3954} INFO - Setting next_dagrun for youtube_video_stats to 2025-12-16 14:00:00+00:00, run_after=2025-12-17 14:00:00+00:00
[2025-12-16T15:59:27.501+0000] {processor.py:183} INFO - Processing /opt/airflow/dags/main.py took 0.426 seconds
[2025-12-16T15:59:57.921+0000] {processor.py:161} INFO - Started process (PID=7685) to work on /opt/airflow/dags/main.py
[2025-12-16T15:59:57.922+0000] {processor.py:830} INFO - Processing file /opt/airflow/dags/main.py for tasks to queue
[2025-12-16T15:59:57.923+0000] {logging_mixin.py:188} INFO - [2025-12-16T15:59:57.923+0000] {dagbag.py:545} INFO - Filling up the DagBag from /opt/airflow/dags/main.py
[2025-12-16T15:59:57.997+0000] {processor.py:840} INFO - DAG(s) 'youtube_video_stats', 'update_db' retrieved from /opt/airflow/dags/main.py
[2025-12-16T15:59:58.026+0000] {logging_mixin.py:188} INFO - [2025-12-16T15:59:58.025+0000] {dag.py:3096} INFO - Sync 2 DAGs
[2025-12-16T15:59:58.046+0000] {logging_mixin.py:188} INFO - [2025-12-16T15:59:58.045+0000] {dag.py:3954} INFO - Setting next_dagrun for update_db to 2025-12-16 15:00:00+00:00, run_after=2025-12-17 15:00:00+00:00
[2025-12-16T15:59:58.051+0000] {logging_mixin.py:188} INFO - [2025-12-16T15:59:58.050+0000] {dag.py:3954} INFO - Setting next_dagrun for youtube_video_stats to 2025-12-16 14:00:00+00:00, run_after=2025-12-17 14:00:00+00:00
[2025-12-16T15:59:58.071+0000] {processor.py:183} INFO - Processing /opt/airflow/dags/main.py took 0.157 seconds
[2025-12-16T16:00:28.121+0000] {processor.py:161} INFO - Started process (PID=7692) to work on /opt/airflow/dags/main.py
[2025-12-16T16:00:28.123+0000] {processor.py:830} INFO - Processing file /opt/airflow/dags/main.py for tasks to queue
[2025-12-16T16:00:28.123+0000] {logging_mixin.py:188} INFO - [2025-12-16T16:00:28.123+0000] {dagbag.py:545} INFO - Filling up the DagBag from /opt/airflow/dags/main.py
[2025-12-16T16:00:28.191+0000] {processor.py:840} INFO - DAG(s) 'update_db', 'youtube_video_stats' retrieved from /opt/airflow/dags/main.py
[2025-12-16T16:00:28.223+0000] {logging_mixin.py:188} INFO - [2025-12-16T16:00:28.223+0000] {dag.py:3096} INFO - Sync 2 DAGs
[2025-12-16T16:00:28.242+0000] {logging_mixin.py:188} INFO - [2025-12-16T16:00:28.242+0000] {dag.py:3954} INFO - Setting next_dagrun for update_db to 2025-12-16 15:00:00+00:00, run_after=2025-12-17 15:00:00+00:00
[2025-12-16T16:00:28.247+0000] {logging_mixin.py:188} INFO - [2025-12-16T16:00:28.247+0000] {dag.py:3954} INFO - Setting next_dagrun for youtube_video_stats to 2025-12-16 14:00:00+00:00, run_after=2025-12-17 14:00:00+00:00
[2025-12-16T16:00:28.267+0000] {processor.py:183} INFO - Processing /opt/airflow/dags/main.py took 0.151 seconds
[2025-12-16T16:00:58.481+0000] {processor.py:161} INFO - Started process (PID=7699) to work on /opt/airflow/dags/main.py
[2025-12-16T16:00:58.482+0000] {processor.py:830} INFO - Processing file /opt/airflow/dags/main.py for tasks to queue
[2025-12-16T16:00:58.483+0000] {logging_mixin.py:188} INFO - [2025-12-16T16:00:58.483+0000] {dagbag.py:545} INFO - Filling up the DagBag from /opt/airflow/dags/main.py
[2025-12-16T16:00:58.574+0000] {processor.py:840} INFO - DAG(s) 'youtube_video_stats', 'update_db' retrieved from /opt/airflow/dags/main.py
[2025-12-16T16:00:58.603+0000] {logging_mixin.py:188} INFO - [2025-12-16T16:00:58.603+0000] {dag.py:3096} INFO - Sync 2 DAGs
[2025-12-16T16:00:58.622+0000] {logging_mixin.py:188} INFO - [2025-12-16T16:00:58.622+0000] {dag.py:3954} INFO - Setting next_dagrun for update_db to 2025-12-16 15:00:00+00:00, run_after=2025-12-17 15:00:00+00:00
[2025-12-16T16:00:58.628+0000] {logging_mixin.py:188} INFO - [2025-12-16T16:00:58.628+0000] {dag.py:3954} INFO - Setting next_dagrun for youtube_video_stats to 2025-12-16 14:00:00+00:00, run_after=2025-12-17 14:00:00+00:00
[2025-12-16T16:00:58.647+0000] {processor.py:183} INFO - Processing /opt/airflow/dags/main.py took 0.171 seconds
[2025-12-16T16:01:28.839+0000] {processor.py:161} INFO - Started process (PID=7706) to work on /opt/airflow/dags/main.py
[2025-12-16T16:01:28.840+0000] {processor.py:830} INFO - Processing file /opt/airflow/dags/main.py for tasks to queue
[2025-12-16T16:01:28.841+0000] {logging_mixin.py:188} INFO - [2025-12-16T16:01:28.841+0000] {dagbag.py:545} INFO - Filling up the DagBag from /opt/airflow/dags/main.py
[2025-12-16T16:01:28.945+0000] {processor.py:840} INFO - DAG(s) 'youtube_video_stats', 'update_db' retrieved from /opt/airflow/dags/main.py
[2025-12-16T16:01:28.975+0000] {logging_mixin.py:188} INFO - [2025-12-16T16:01:28.975+0000] {dag.py:3096} INFO - Sync 2 DAGs
[2025-12-16T16:01:28.995+0000] {logging_mixin.py:188} INFO - [2025-12-16T16:01:28.995+0000] {dag.py:3954} INFO - Setting next_dagrun for update_db to 2025-12-16 15:00:00+00:00, run_after=2025-12-17 15:00:00+00:00
[2025-12-16T16:01:28.999+0000] {logging_mixin.py:188} INFO - [2025-12-16T16:01:28.999+0000] {dag.py:3954} INFO - Setting next_dagrun for youtube_video_stats to 2025-12-16 14:00:00+00:00, run_after=2025-12-17 14:00:00+00:00
[2025-12-16T16:01:29.017+0000] {processor.py:183} INFO - Processing /opt/airflow/dags/main.py took 0.183 seconds
[2025-12-16T16:01:59.229+0000] {processor.py:161} INFO - Started process (PID=7713) to work on /opt/airflow/dags/main.py
[2025-12-16T16:01:59.231+0000] {processor.py:830} INFO - Processing file /opt/airflow/dags/main.py for tasks to queue
[2025-12-16T16:01:59.232+0000] {logging_mixin.py:188} INFO - [2025-12-16T16:01:59.231+0000] {dagbag.py:545} INFO - Filling up the DagBag from /opt/airflow/dags/main.py
[2025-12-16T16:01:59.308+0000] {processor.py:840} INFO - DAG(s) 'youtube_video_stats', 'update_db' retrieved from /opt/airflow/dags/main.py
[2025-12-16T16:01:59.336+0000] {logging_mixin.py:188} INFO - [2025-12-16T16:01:59.335+0000] {dag.py:3096} INFO - Sync 2 DAGs
[2025-12-16T16:01:59.356+0000] {logging_mixin.py:188} INFO - [2025-12-16T16:01:59.355+0000] {dag.py:3954} INFO - Setting next_dagrun for update_db to 2025-12-16 15:00:00+00:00, run_after=2025-12-17 15:00:00+00:00
[2025-12-16T16:01:59.533+0000] {logging_mixin.py:188} INFO - [2025-12-16T16:01:59.532+0000] {dag.py:3954} INFO - Setting next_dagrun for youtube_video_stats to 2025-12-16 14:00:00+00:00, run_after=2025-12-17 14:00:00+00:00
[2025-12-16T16:01:59.555+0000] {processor.py:183} INFO - Processing /opt/airflow/dags/main.py took 0.332 seconds
[2025-12-16T16:02:29.740+0000] {processor.py:161} INFO - Started process (PID=7720) to work on /opt/airflow/dags/main.py
[2025-12-16T16:02:29.741+0000] {processor.py:830} INFO - Processing file /opt/airflow/dags/main.py for tasks to queue
[2025-12-16T16:02:29.742+0000] {logging_mixin.py:188} INFO - [2025-12-16T16:02:29.742+0000] {dagbag.py:545} INFO - Filling up the DagBag from /opt/airflow/dags/main.py
[2025-12-16T16:02:29.815+0000] {processor.py:840} INFO - DAG(s) 'youtube_video_stats', 'update_db' retrieved from /opt/airflow/dags/main.py
[2025-12-16T16:02:29.848+0000] {logging_mixin.py:188} INFO - [2025-12-16T16:02:29.848+0000] {dag.py:3096} INFO - Sync 2 DAGs
[2025-12-16T16:02:29.872+0000] {logging_mixin.py:188} INFO - [2025-12-16T16:02:29.872+0000] {dag.py:3954} INFO - Setting next_dagrun for update_db to 2025-12-16 15:00:00+00:00, run_after=2025-12-17 15:00:00+00:00
[2025-12-16T16:02:29.877+0000] {logging_mixin.py:188} INFO - [2025-12-16T16:02:29.877+0000] {dag.py:3954} INFO - Setting next_dagrun for youtube_video_stats to 2025-12-16 14:00:00+00:00, run_after=2025-12-17 14:00:00+00:00
[2025-12-16T16:02:29.896+0000] {processor.py:183} INFO - Processing /opt/airflow/dags/main.py took 0.161 seconds
[2025-12-16T16:02:59.964+0000] {processor.py:161} INFO - Started process (PID=7728) to work on /opt/airflow/dags/main.py
[2025-12-16T16:02:59.965+0000] {processor.py:830} INFO - Processing file /opt/airflow/dags/main.py for tasks to queue
[2025-12-16T16:02:59.966+0000] {logging_mixin.py:188} INFO - [2025-12-16T16:02:59.966+0000] {dagbag.py:545} INFO - Filling up the DagBag from /opt/airflow/dags/main.py
[2025-12-16T16:03:00.049+0000] {processor.py:840} INFO - DAG(s) 'youtube_video_stats', 'update_db' retrieved from /opt/airflow/dags/main.py
[2025-12-16T16:03:00.077+0000] {logging_mixin.py:188} INFO - [2025-12-16T16:03:00.077+0000] {dag.py:3096} INFO - Sync 2 DAGs
[2025-12-16T16:03:00.097+0000] {logging_mixin.py:188} INFO - [2025-12-16T16:03:00.097+0000] {dag.py:3954} INFO - Setting next_dagrun for update_db to 2025-12-16 15:00:00+00:00, run_after=2025-12-17 15:00:00+00:00
[2025-12-16T16:03:00.102+0000] {logging_mixin.py:188} INFO - [2025-12-16T16:03:00.102+0000] {dag.py:3954} INFO - Setting next_dagrun for youtube_video_stats to 2025-12-16 14:00:00+00:00, run_after=2025-12-17 14:00:00+00:00
[2025-12-16T16:03:00.123+0000] {processor.py:183} INFO - Processing /opt/airflow/dags/main.py took 0.165 seconds
[2025-12-16T16:03:30.272+0000] {processor.py:161} INFO - Started process (PID=7735) to work on /opt/airflow/dags/main.py
[2025-12-16T16:03:30.273+0000] {processor.py:830} INFO - Processing file /opt/airflow/dags/main.py for tasks to queue
[2025-12-16T16:03:30.275+0000] {logging_mixin.py:188} INFO - [2025-12-16T16:03:30.274+0000] {dagbag.py:545} INFO - Filling up the DagBag from /opt/airflow/dags/main.py
[2025-12-16T16:03:30.361+0000] {processor.py:840} INFO - DAG(s) 'update_db', 'youtube_video_stats' retrieved from /opt/airflow/dags/main.py
[2025-12-16T16:03:30.389+0000] {logging_mixin.py:188} INFO - [2025-12-16T16:03:30.389+0000] {dag.py:3096} INFO - Sync 2 DAGs
[2025-12-16T16:03:30.411+0000] {logging_mixin.py:188} INFO - [2025-12-16T16:03:30.411+0000] {dag.py:3954} INFO - Setting next_dagrun for update_db to 2025-12-16 15:00:00+00:00, run_after=2025-12-17 15:00:00+00:00
[2025-12-16T16:03:30.417+0000] {logging_mixin.py:188} INFO - [2025-12-16T16:03:30.417+0000] {dag.py:3954} INFO - Setting next_dagrun for youtube_video_stats to 2025-12-16 14:00:00+00:00, run_after=2025-12-17 14:00:00+00:00
[2025-12-16T16:03:30.433+0000] {processor.py:183} INFO - Processing /opt/airflow/dags/main.py took 0.167 seconds
[2025-12-16T16:04:00.478+0000] {processor.py:161} INFO - Started process (PID=7742) to work on /opt/airflow/dags/main.py
[2025-12-16T16:04:00.479+0000] {processor.py:830} INFO - Processing file /opt/airflow/dags/main.py for tasks to queue
[2025-12-16T16:04:00.480+0000] {logging_mixin.py:188} INFO - [2025-12-16T16:04:00.480+0000] {dagbag.py:545} INFO - Filling up the DagBag from /opt/airflow/dags/main.py
[2025-12-16T16:04:00.559+0000] {processor.py:840} INFO - DAG(s) 'update_db', 'youtube_video_stats' retrieved from /opt/airflow/dags/main.py
[2025-12-16T16:04:00.587+0000] {logging_mixin.py:188} INFO - [2025-12-16T16:04:00.587+0000] {dag.py:3096} INFO - Sync 2 DAGs
[2025-12-16T16:04:00.607+0000] {logging_mixin.py:188} INFO - [2025-12-16T16:04:00.606+0000] {dag.py:3954} INFO - Setting next_dagrun for update_db to 2025-12-16 15:00:00+00:00, run_after=2025-12-17 15:00:00+00:00
[2025-12-16T16:04:00.612+0000] {logging_mixin.py:188} INFO - [2025-12-16T16:04:00.612+0000] {dag.py:3954} INFO - Setting next_dagrun for youtube_video_stats to 2025-12-16 14:00:00+00:00, run_after=2025-12-17 14:00:00+00:00
[2025-12-16T16:04:00.627+0000] {processor.py:183} INFO - Processing /opt/airflow/dags/main.py took 0.155 seconds
[2025-12-16T16:04:30.822+0000] {processor.py:161} INFO - Started process (PID=7749) to work on /opt/airflow/dags/main.py
[2025-12-16T16:04:30.824+0000] {processor.py:830} INFO - Processing file /opt/airflow/dags/main.py for tasks to queue
[2025-12-16T16:04:30.825+0000] {logging_mixin.py:188} INFO - [2025-12-16T16:04:30.825+0000] {dagbag.py:545} INFO - Filling up the DagBag from /opt/airflow/dags/main.py
[2025-12-16T16:04:30.907+0000] {processor.py:840} INFO - DAG(s) 'update_db', 'youtube_video_stats' retrieved from /opt/airflow/dags/main.py
[2025-12-16T16:04:30.934+0000] {logging_mixin.py:188} INFO - [2025-12-16T16:04:30.934+0000] {dag.py:3096} INFO - Sync 2 DAGs
[2025-12-16T16:04:30.954+0000] {logging_mixin.py:188} INFO - [2025-12-16T16:04:30.953+0000] {dag.py:3954} INFO - Setting next_dagrun for update_db to 2025-12-16 15:00:00+00:00, run_after=2025-12-17 15:00:00+00:00
[2025-12-16T16:04:30.959+0000] {logging_mixin.py:188} INFO - [2025-12-16T16:04:30.959+0000] {dag.py:3954} INFO - Setting next_dagrun for youtube_video_stats to 2025-12-16 14:00:00+00:00, run_after=2025-12-17 14:00:00+00:00
[2025-12-16T16:04:30.980+0000] {processor.py:183} INFO - Processing /opt/airflow/dags/main.py took 0.164 seconds
[2025-12-16T16:05:01.140+0000] {processor.py:161} INFO - Started process (PID=7756) to work on /opt/airflow/dags/main.py
[2025-12-16T16:05:01.142+0000] {processor.py:830} INFO - Processing file /opt/airflow/dags/main.py for tasks to queue
[2025-12-16T16:05:01.143+0000] {logging_mixin.py:188} INFO - [2025-12-16T16:05:01.142+0000] {dagbag.py:545} INFO - Filling up the DagBag from /opt/airflow/dags/main.py
[2025-12-16T16:05:01.268+0000] {processor.py:840} INFO - DAG(s) 'update_db', 'youtube_video_stats' retrieved from /opt/airflow/dags/main.py
[2025-12-16T16:05:01.302+0000] {logging_mixin.py:188} INFO - [2025-12-16T16:05:01.301+0000] {dag.py:3096} INFO - Sync 2 DAGs
[2025-12-16T16:05:01.941+0000] {logging_mixin.py:188} INFO - [2025-12-16T16:05:01.941+0000] {dag.py:3954} INFO - Setting next_dagrun for update_db to 2025-12-16 15:00:00+00:00, run_after=2025-12-17 15:00:00+00:00
[2025-12-16T16:05:01.948+0000] {logging_mixin.py:188} INFO - [2025-12-16T16:05:01.948+0000] {dag.py:3954} INFO - Setting next_dagrun for youtube_video_stats to 2025-12-16 14:00:00+00:00, run_after=2025-12-17 14:00:00+00:00
[2025-12-16T16:05:01.976+0000] {processor.py:183} INFO - Processing /opt/airflow/dags/main.py took 0.843 seconds
[2025-12-16T16:05:32.181+0000] {processor.py:161} INFO - Started process (PID=7763) to work on /opt/airflow/dags/main.py
[2025-12-16T16:05:32.182+0000] {processor.py:830} INFO - Processing file /opt/airflow/dags/main.py for tasks to queue
[2025-12-16T16:05:32.184+0000] {logging_mixin.py:188} INFO - [2025-12-16T16:05:32.183+0000] {dagbag.py:545} INFO - Filling up the DagBag from /opt/airflow/dags/main.py
[2025-12-16T16:05:32.305+0000] {processor.py:840} INFO - DAG(s) 'update_db', 'youtube_video_stats' retrieved from /opt/airflow/dags/main.py
[2025-12-16T16:05:32.333+0000] {logging_mixin.py:188} INFO - [2025-12-16T16:05:32.333+0000] {dag.py:3096} INFO - Sync 2 DAGs
[2025-12-16T16:05:32.355+0000] {logging_mixin.py:188} INFO - [2025-12-16T16:05:32.355+0000] {dag.py:3954} INFO - Setting next_dagrun for update_db to 2025-12-16 15:00:00+00:00, run_after=2025-12-17 15:00:00+00:00
[2025-12-16T16:05:32.361+0000] {logging_mixin.py:188} INFO - [2025-12-16T16:05:32.360+0000] {dag.py:3954} INFO - Setting next_dagrun for youtube_video_stats to 2025-12-16 14:00:00+00:00, run_after=2025-12-17 14:00:00+00:00
[2025-12-16T16:05:32.381+0000] {processor.py:183} INFO - Processing /opt/airflow/dags/main.py took 0.207 seconds
[2025-12-16T16:06:02.507+0000] {processor.py:161} INFO - Started process (PID=7770) to work on /opt/airflow/dags/main.py
[2025-12-16T16:06:02.509+0000] {processor.py:830} INFO - Processing file /opt/airflow/dags/main.py for tasks to queue
[2025-12-16T16:06:02.510+0000] {logging_mixin.py:188} INFO - [2025-12-16T16:06:02.509+0000] {dagbag.py:545} INFO - Filling up the DagBag from /opt/airflow/dags/main.py
[2025-12-16T16:06:02.574+0000] {processor.py:840} INFO - DAG(s) 'update_db', 'youtube_video_stats' retrieved from /opt/airflow/dags/main.py
[2025-12-16T16:06:02.600+0000] {logging_mixin.py:188} INFO - [2025-12-16T16:06:02.600+0000] {dag.py:3096} INFO - Sync 2 DAGs
[2025-12-16T16:06:02.619+0000] {logging_mixin.py:188} INFO - [2025-12-16T16:06:02.618+0000] {dag.py:3954} INFO - Setting next_dagrun for update_db to 2025-12-16 15:00:00+00:00, run_after=2025-12-17 15:00:00+00:00
[2025-12-16T16:06:02.624+0000] {logging_mixin.py:188} INFO - [2025-12-16T16:06:02.623+0000] {dag.py:3954} INFO - Setting next_dagrun for youtube_video_stats to 2025-12-16 14:00:00+00:00, run_after=2025-12-17 14:00:00+00:00
[2025-12-16T16:06:02.640+0000] {processor.py:183} INFO - Processing /opt/airflow/dags/main.py took 0.138 seconds
[2025-12-16T16:06:32.800+0000] {processor.py:161} INFO - Started process (PID=7777) to work on /opt/airflow/dags/main.py
[2025-12-16T16:06:32.801+0000] {processor.py:830} INFO - Processing file /opt/airflow/dags/main.py for tasks to queue
[2025-12-16T16:06:32.802+0000] {logging_mixin.py:188} INFO - [2025-12-16T16:06:32.801+0000] {dagbag.py:545} INFO - Filling up the DagBag from /opt/airflow/dags/main.py
[2025-12-16T16:06:32.885+0000] {processor.py:840} INFO - DAG(s) 'update_db', 'youtube_video_stats' retrieved from /opt/airflow/dags/main.py
[2025-12-16T16:06:32.913+0000] {logging_mixin.py:188} INFO - [2025-12-16T16:06:32.913+0000] {dag.py:3096} INFO - Sync 2 DAGs
[2025-12-16T16:06:32.934+0000] {logging_mixin.py:188} INFO - [2025-12-16T16:06:32.934+0000] {dag.py:3954} INFO - Setting next_dagrun for update_db to 2025-12-16 15:00:00+00:00, run_after=2025-12-17 15:00:00+00:00
[2025-12-16T16:06:32.939+0000] {logging_mixin.py:188} INFO - [2025-12-16T16:06:32.939+0000] {dag.py:3954} INFO - Setting next_dagrun for youtube_video_stats to 2025-12-16 14:00:00+00:00, run_after=2025-12-17 14:00:00+00:00
[2025-12-16T16:06:32.960+0000] {processor.py:183} INFO - Processing /opt/airflow/dags/main.py took 0.165 seconds
[2025-12-16T16:07:03.010+0000] {processor.py:161} INFO - Started process (PID=7784) to work on /opt/airflow/dags/main.py
[2025-12-16T16:07:03.011+0000] {processor.py:830} INFO - Processing file /opt/airflow/dags/main.py for tasks to queue
[2025-12-16T16:07:03.012+0000] {logging_mixin.py:188} INFO - [2025-12-16T16:07:03.012+0000] {dagbag.py:545} INFO - Filling up the DagBag from /opt/airflow/dags/main.py
[2025-12-16T16:07:03.101+0000] {processor.py:840} INFO - DAG(s) 'youtube_video_stats', 'update_db' retrieved from /opt/airflow/dags/main.py
[2025-12-16T16:07:03.131+0000] {logging_mixin.py:188} INFO - [2025-12-16T16:07:03.131+0000] {dag.py:3096} INFO - Sync 2 DAGs
[2025-12-16T16:07:03.154+0000] {logging_mixin.py:188} INFO - [2025-12-16T16:07:03.154+0000] {dag.py:3954} INFO - Setting next_dagrun for update_db to 2025-12-16 15:00:00+00:00, run_after=2025-12-17 15:00:00+00:00
[2025-12-16T16:07:03.160+0000] {logging_mixin.py:188} INFO - [2025-12-16T16:07:03.160+0000] {dag.py:3954} INFO - Setting next_dagrun for youtube_video_stats to 2025-12-16 14:00:00+00:00, run_after=2025-12-17 14:00:00+00:00
[2025-12-16T16:07:03.181+0000] {processor.py:183} INFO - Processing /opt/airflow/dags/main.py took 0.177 seconds
[2025-12-16T16:07:33.331+0000] {processor.py:161} INFO - Started process (PID=7791) to work on /opt/airflow/dags/main.py
[2025-12-16T16:07:33.332+0000] {processor.py:830} INFO - Processing file /opt/airflow/dags/main.py for tasks to queue
[2025-12-16T16:07:33.333+0000] {logging_mixin.py:188} INFO - [2025-12-16T16:07:33.333+0000] {dagbag.py:545} INFO - Filling up the DagBag from /opt/airflow/dags/main.py
[2025-12-16T16:07:33.411+0000] {processor.py:840} INFO - DAG(s) 'update_db', 'youtube_video_stats' retrieved from /opt/airflow/dags/main.py
[2025-12-16T16:07:33.439+0000] {logging_mixin.py:188} INFO - [2025-12-16T16:07:33.439+0000] {dag.py:3096} INFO - Sync 2 DAGs
[2025-12-16T16:07:33.461+0000] {logging_mixin.py:188} INFO - [2025-12-16T16:07:33.461+0000] {dag.py:3954} INFO - Setting next_dagrun for update_db to 2025-12-16 15:00:00+00:00, run_after=2025-12-17 15:00:00+00:00
[2025-12-16T16:07:33.467+0000] {logging_mixin.py:188} INFO - [2025-12-16T16:07:33.466+0000] {dag.py:3954} INFO - Setting next_dagrun for youtube_video_stats to 2025-12-16 14:00:00+00:00, run_after=2025-12-17 14:00:00+00:00
[2025-12-16T16:07:33.661+0000] {processor.py:183} INFO - Processing /opt/airflow/dags/main.py took 0.336 seconds
[2025-12-16T16:08:03.863+0000] {processor.py:161} INFO - Started process (PID=7798) to work on /opt/airflow/dags/main.py
[2025-12-16T16:08:03.865+0000] {processor.py:830} INFO - Processing file /opt/airflow/dags/main.py for tasks to queue
[2025-12-16T16:08:03.866+0000] {logging_mixin.py:188} INFO - [2025-12-16T16:08:03.866+0000] {dagbag.py:545} INFO - Filling up the DagBag from /opt/airflow/dags/main.py
[2025-12-16T16:08:04.021+0000] {processor.py:840} INFO - DAG(s) 'youtube_video_stats', 'update_db' retrieved from /opt/airflow/dags/main.py
[2025-12-16T16:08:04.059+0000] {logging_mixin.py:188} INFO - [2025-12-16T16:08:04.059+0000] {dag.py:3096} INFO - Sync 2 DAGs
[2025-12-16T16:08:04.258+0000] {logging_mixin.py:188} INFO - [2025-12-16T16:08:04.258+0000] {dag.py:3954} INFO - Setting next_dagrun for update_db to 2025-12-16 15:00:00+00:00, run_after=2025-12-17 15:00:00+00:00
[2025-12-16T16:08:04.266+0000] {logging_mixin.py:188} INFO - [2025-12-16T16:08:04.265+0000] {dag.py:3954} INFO - Setting next_dagrun for youtube_video_stats to 2025-12-16 14:00:00+00:00, run_after=2025-12-17 14:00:00+00:00
[2025-12-16T16:08:04.288+0000] {processor.py:183} INFO - Processing /opt/airflow/dags/main.py took 0.433 seconds
[2025-12-16T16:08:34.519+0000] {processor.py:161} INFO - Started process (PID=7805) to work on /opt/airflow/dags/main.py
[2025-12-16T16:08:34.520+0000] {processor.py:830} INFO - Processing file /opt/airflow/dags/main.py for tasks to queue
[2025-12-16T16:08:34.521+0000] {logging_mixin.py:188} INFO - [2025-12-16T16:08:34.520+0000] {dagbag.py:545} INFO - Filling up the DagBag from /opt/airflow/dags/main.py
[2025-12-16T16:08:34.595+0000] {processor.py:840} INFO - DAG(s) 'update_db', 'youtube_video_stats' retrieved from /opt/airflow/dags/main.py
[2025-12-16T16:08:34.621+0000] {logging_mixin.py:188} INFO - [2025-12-16T16:08:34.621+0000] {dag.py:3096} INFO - Sync 2 DAGs
[2025-12-16T16:08:34.641+0000] {logging_mixin.py:188} INFO - [2025-12-16T16:08:34.641+0000] {dag.py:3954} INFO - Setting next_dagrun for update_db to 2025-12-16 15:00:00+00:00, run_after=2025-12-17 15:00:00+00:00
[2025-12-16T16:08:34.646+0000] {logging_mixin.py:188} INFO - [2025-12-16T16:08:34.646+0000] {dag.py:3954} INFO - Setting next_dagrun for youtube_video_stats to 2025-12-16 14:00:00+00:00, run_after=2025-12-17 14:00:00+00:00
[2025-12-16T16:08:34.662+0000] {processor.py:183} INFO - Processing /opt/airflow/dags/main.py took 0.150 seconds
[2025-12-16T16:09:04.743+0000] {processor.py:161} INFO - Started process (PID=7812) to work on /opt/airflow/dags/main.py
[2025-12-16T16:09:04.745+0000] {processor.py:830} INFO - Processing file /opt/airflow/dags/main.py for tasks to queue
[2025-12-16T16:09:04.746+0000] {logging_mixin.py:188} INFO - [2025-12-16T16:09:04.746+0000] {dagbag.py:545} INFO - Filling up the DagBag from /opt/airflow/dags/main.py
[2025-12-16T16:09:04.891+0000] {processor.py:840} INFO - DAG(s) 'youtube_video_stats', 'update_db' retrieved from /opt/airflow/dags/main.py
[2025-12-16T16:09:04.933+0000] {logging_mixin.py:188} INFO - [2025-12-16T16:09:04.933+0000] {dag.py:3096} INFO - Sync 2 DAGs
[2025-12-16T16:09:04.962+0000] {logging_mixin.py:188} INFO - [2025-12-16T16:09:04.962+0000] {dag.py:3954} INFO - Setting next_dagrun for update_db to 2025-12-16 15:00:00+00:00, run_after=2025-12-17 15:00:00+00:00
[2025-12-16T16:09:04.971+0000] {logging_mixin.py:188} INFO - [2025-12-16T16:09:04.971+0000] {dag.py:3954} INFO - Setting next_dagrun for youtube_video_stats to 2025-12-16 14:00:00+00:00, run_after=2025-12-17 14:00:00+00:00
[2025-12-16T16:09:04.993+0000] {processor.py:183} INFO - Processing /opt/airflow/dags/main.py took 0.268 seconds
[2025-12-16T16:09:35.060+0000] {processor.py:161} INFO - Started process (PID=7819) to work on /opt/airflow/dags/main.py
[2025-12-16T16:09:35.061+0000] {processor.py:830} INFO - Processing file /opt/airflow/dags/main.py for tasks to queue
[2025-12-16T16:09:35.062+0000] {logging_mixin.py:188} INFO - [2025-12-16T16:09:35.062+0000] {dagbag.py:545} INFO - Filling up the DagBag from /opt/airflow/dags/main.py
[2025-12-16T16:09:35.173+0000] {processor.py:840} INFO - DAG(s) 'update_db', 'youtube_video_stats' retrieved from /opt/airflow/dags/main.py
[2025-12-16T16:09:35.211+0000] {logging_mixin.py:188} INFO - [2025-12-16T16:09:35.211+0000] {dag.py:3096} INFO - Sync 2 DAGs
[2025-12-16T16:09:35.240+0000] {logging_mixin.py:188} INFO - [2025-12-16T16:09:35.239+0000] {dag.py:3954} INFO - Setting next_dagrun for update_db to 2025-12-16 15:00:00+00:00, run_after=2025-12-17 15:00:00+00:00
[2025-12-16T16:09:35.246+0000] {logging_mixin.py:188} INFO - [2025-12-16T16:09:35.246+0000] {dag.py:3954} INFO - Setting next_dagrun for youtube_video_stats to 2025-12-16 14:00:00+00:00, run_after=2025-12-17 14:00:00+00:00
[2025-12-16T16:09:35.268+0000] {processor.py:183} INFO - Processing /opt/airflow/dags/main.py took 0.216 seconds
[2025-12-16T16:10:05.413+0000] {processor.py:161} INFO - Started process (PID=7826) to work on /opt/airflow/dags/main.py
[2025-12-16T16:10:05.414+0000] {processor.py:830} INFO - Processing file /opt/airflow/dags/main.py for tasks to queue
[2025-12-16T16:10:05.415+0000] {logging_mixin.py:188} INFO - [2025-12-16T16:10:05.415+0000] {dagbag.py:545} INFO - Filling up the DagBag from /opt/airflow/dags/main.py
[2025-12-16T16:10:05.528+0000] {processor.py:840} INFO - DAG(s) 'youtube_video_stats', 'update_db' retrieved from /opt/airflow/dags/main.py
[2025-12-16T16:10:05.554+0000] {logging_mixin.py:188} INFO - [2025-12-16T16:10:05.553+0000] {dag.py:3096} INFO - Sync 2 DAGs
[2025-12-16T16:10:05.572+0000] {logging_mixin.py:188} INFO - [2025-12-16T16:10:05.572+0000] {dag.py:3954} INFO - Setting next_dagrun for update_db to 2025-12-16 15:00:00+00:00, run_after=2025-12-17 15:00:00+00:00
[2025-12-16T16:10:05.577+0000] {logging_mixin.py:188} INFO - [2025-12-16T16:10:05.577+0000] {dag.py:3954} INFO - Setting next_dagrun for youtube_video_stats to 2025-12-16 14:00:00+00:00, run_after=2025-12-17 14:00:00+00:00
[2025-12-16T16:10:05.592+0000] {processor.py:183} INFO - Processing /opt/airflow/dags/main.py took 0.184 seconds
[2025-12-16T16:10:35.799+0000] {processor.py:161} INFO - Started process (PID=7833) to work on /opt/airflow/dags/main.py
[2025-12-16T16:10:35.801+0000] {processor.py:830} INFO - Processing file /opt/airflow/dags/main.py for tasks to queue
[2025-12-16T16:10:35.803+0000] {logging_mixin.py:188} INFO - [2025-12-16T16:10:35.802+0000] {dagbag.py:545} INFO - Filling up the DagBag from /opt/airflow/dags/main.py
[2025-12-16T16:10:35.938+0000] {processor.py:840} INFO - DAG(s) 'update_db', 'youtube_video_stats' retrieved from /opt/airflow/dags/main.py
[2025-12-16T16:10:35.983+0000] {logging_mixin.py:188} INFO - [2025-12-16T16:10:35.982+0000] {dag.py:3096} INFO - Sync 2 DAGs
[2025-12-16T16:10:36.016+0000] {logging_mixin.py:188} INFO - [2025-12-16T16:10:36.016+0000] {dag.py:3954} INFO - Setting next_dagrun for update_db to 2025-12-16 15:00:00+00:00, run_after=2025-12-17 15:00:00+00:00
[2025-12-16T16:10:36.223+0000] {logging_mixin.py:188} INFO - [2025-12-16T16:10:36.223+0000] {dag.py:3954} INFO - Setting next_dagrun for youtube_video_stats to 2025-12-16 14:00:00+00:00, run_after=2025-12-17 14:00:00+00:00
[2025-12-16T16:10:36.250+0000] {processor.py:183} INFO - Processing /opt/airflow/dags/main.py took 0.461 seconds
[2025-12-16T16:11:06.490+0000] {processor.py:161} INFO - Started process (PID=7840) to work on /opt/airflow/dags/main.py
[2025-12-16T16:11:06.493+0000] {processor.py:830} INFO - Processing file /opt/airflow/dags/main.py for tasks to queue
[2025-12-16T16:11:06.495+0000] {logging_mixin.py:188} INFO - [2025-12-16T16:11:06.494+0000] {dagbag.py:545} INFO - Filling up the DagBag from /opt/airflow/dags/main.py
[2025-12-16T16:11:06.653+0000] {processor.py:840} INFO - DAG(s) 'youtube_video_stats', 'update_db' retrieved from /opt/airflow/dags/main.py
[2025-12-16T16:11:06.702+0000] {logging_mixin.py:188} INFO - [2025-12-16T16:11:06.702+0000] {dag.py:3096} INFO - Sync 2 DAGs
[2025-12-16T16:11:06.999+0000] {logging_mixin.py:188} INFO - [2025-12-16T16:11:06.998+0000] {dag.py:3954} INFO - Setting next_dagrun for update_db to 2025-12-16 15:00:00+00:00, run_after=2025-12-17 15:00:00+00:00
[2025-12-16T16:11:07.010+0000] {logging_mixin.py:188} INFO - [2025-12-16T16:11:07.010+0000] {dag.py:3954} INFO - Setting next_dagrun for youtube_video_stats to 2025-12-16 14:00:00+00:00, run_after=2025-12-17 14:00:00+00:00
[2025-12-16T16:11:07.067+0000] {processor.py:183} INFO - Processing /opt/airflow/dags/main.py took 0.588 seconds
[2025-12-16T16:11:37.237+0000] {processor.py:161} INFO - Started process (PID=7847) to work on /opt/airflow/dags/main.py
[2025-12-16T16:11:37.238+0000] {processor.py:830} INFO - Processing file /opt/airflow/dags/main.py for tasks to queue
[2025-12-16T16:11:37.240+0000] {logging_mixin.py:188} INFO - [2025-12-16T16:11:37.239+0000] {dagbag.py:545} INFO - Filling up the DagBag from /opt/airflow/dags/main.py
[2025-12-16T16:11:37.321+0000] {processor.py:840} INFO - DAG(s) 'update_db', 'youtube_video_stats' retrieved from /opt/airflow/dags/main.py
[2025-12-16T16:11:37.350+0000] {logging_mixin.py:188} INFO - [2025-12-16T16:11:37.350+0000] {dag.py:3096} INFO - Sync 2 DAGs
[2025-12-16T16:11:37.370+0000] {logging_mixin.py:188} INFO - [2025-12-16T16:11:37.370+0000] {dag.py:3954} INFO - Setting next_dagrun for update_db to 2025-12-16 15:00:00+00:00, run_after=2025-12-17 15:00:00+00:00
[2025-12-16T16:11:37.375+0000] {logging_mixin.py:188} INFO - [2025-12-16T16:11:37.375+0000] {dag.py:3954} INFO - Setting next_dagrun for youtube_video_stats to 2025-12-16 14:00:00+00:00, run_after=2025-12-17 14:00:00+00:00
[2025-12-16T16:11:37.393+0000] {processor.py:183} INFO - Processing /opt/airflow/dags/main.py took 0.161 seconds
[2025-12-16T16:12:07.435+0000] {processor.py:161} INFO - Started process (PID=7854) to work on /opt/airflow/dags/main.py
[2025-12-16T16:12:07.436+0000] {processor.py:830} INFO - Processing file /opt/airflow/dags/main.py for tasks to queue
[2025-12-16T16:12:07.437+0000] {logging_mixin.py:188} INFO - [2025-12-16T16:12:07.436+0000] {dagbag.py:545} INFO - Filling up the DagBag from /opt/airflow/dags/main.py
[2025-12-16T16:12:07.509+0000] {processor.py:840} INFO - DAG(s) 'update_db', 'youtube_video_stats' retrieved from /opt/airflow/dags/main.py
[2025-12-16T16:12:07.547+0000] {logging_mixin.py:188} INFO - [2025-12-16T16:12:07.547+0000] {dag.py:3096} INFO - Sync 2 DAGs
[2025-12-16T16:12:07.572+0000] {logging_mixin.py:188} INFO - [2025-12-16T16:12:07.572+0000] {dag.py:3954} INFO - Setting next_dagrun for update_db to 2025-12-16 15:00:00+00:00, run_after=2025-12-17 15:00:00+00:00
[2025-12-16T16:12:07.577+0000] {logging_mixin.py:188} INFO - [2025-12-16T16:12:07.577+0000] {dag.py:3954} INFO - Setting next_dagrun for youtube_video_stats to 2025-12-16 14:00:00+00:00, run_after=2025-12-17 14:00:00+00:00
[2025-12-16T16:12:07.598+0000] {processor.py:183} INFO - Processing /opt/airflow/dags/main.py took 0.170 seconds
[2025-12-16T16:12:37.782+0000] {processor.py:161} INFO - Started process (PID=7861) to work on /opt/airflow/dags/main.py
[2025-12-16T16:12:37.783+0000] {processor.py:830} INFO - Processing file /opt/airflow/dags/main.py for tasks to queue
[2025-12-16T16:12:37.784+0000] {logging_mixin.py:188} INFO - [2025-12-16T16:12:37.784+0000] {dagbag.py:545} INFO - Filling up the DagBag from /opt/airflow/dags/main.py
[2025-12-16T16:12:37.906+0000] {processor.py:840} INFO - DAG(s) 'update_db', 'youtube_video_stats' retrieved from /opt/airflow/dags/main.py
[2025-12-16T16:12:37.948+0000] {logging_mixin.py:188} INFO - [2025-12-16T16:12:37.948+0000] {dag.py:3096} INFO - Sync 2 DAGs
[2025-12-16T16:12:37.975+0000] {logging_mixin.py:188} INFO - [2025-12-16T16:12:37.975+0000] {dag.py:3954} INFO - Setting next_dagrun for update_db to 2025-12-16 15:00:00+00:00, run_after=2025-12-17 15:00:00+00:00
[2025-12-16T16:12:37.982+0000] {logging_mixin.py:188} INFO - [2025-12-16T16:12:37.982+0000] {dag.py:3954} INFO - Setting next_dagrun for youtube_video_stats to 2025-12-16 14:00:00+00:00, run_after=2025-12-17 14:00:00+00:00
[2025-12-16T16:12:38.514+0000] {processor.py:183} INFO - Processing /opt/airflow/dags/main.py took 0.740 seconds
[2025-12-16T16:13:08.733+0000] {processor.py:161} INFO - Started process (PID=7868) to work on /opt/airflow/dags/main.py
[2025-12-16T16:13:08.734+0000] {processor.py:830} INFO - Processing file /opt/airflow/dags/main.py for tasks to queue
[2025-12-16T16:13:08.736+0000] {logging_mixin.py:188} INFO - [2025-12-16T16:13:08.735+0000] {dagbag.py:545} INFO - Filling up the DagBag from /opt/airflow/dags/main.py
[2025-12-16T16:13:08.833+0000] {processor.py:840} INFO - DAG(s) 'update_db', 'youtube_video_stats' retrieved from /opt/airflow/dags/main.py
[2025-12-16T16:13:08.864+0000] {logging_mixin.py:188} INFO - [2025-12-16T16:13:08.864+0000] {dag.py:3096} INFO - Sync 2 DAGs
[2025-12-16T16:13:08.901+0000] {logging_mixin.py:188} INFO - [2025-12-16T16:13:08.901+0000] {dag.py:3954} INFO - Setting next_dagrun for update_db to 2025-12-16 15:00:00+00:00, run_after=2025-12-17 15:00:00+00:00
[2025-12-16T16:13:08.908+0000] {logging_mixin.py:188} INFO - [2025-12-16T16:13:08.907+0000] {dag.py:3954} INFO - Setting next_dagrun for youtube_video_stats to 2025-12-16 14:00:00+00:00, run_after=2025-12-17 14:00:00+00:00
[2025-12-16T16:13:09.070+0000] {processor.py:183} INFO - Processing /opt/airflow/dags/main.py took 0.345 seconds
[2025-12-16T16:13:39.142+0000] {processor.py:161} INFO - Started process (PID=7875) to work on /opt/airflow/dags/main.py
[2025-12-16T16:13:39.143+0000] {processor.py:830} INFO - Processing file /opt/airflow/dags/main.py for tasks to queue
[2025-12-16T16:13:39.145+0000] {logging_mixin.py:188} INFO - [2025-12-16T16:13:39.145+0000] {dagbag.py:545} INFO - Filling up the DagBag from /opt/airflow/dags/main.py
[2025-12-16T16:13:39.237+0000] {processor.py:840} INFO - DAG(s) 'update_db', 'youtube_video_stats' retrieved from /opt/airflow/dags/main.py
[2025-12-16T16:13:39.278+0000] {logging_mixin.py:188} INFO - [2025-12-16T16:13:39.278+0000] {dag.py:3096} INFO - Sync 2 DAGs
[2025-12-16T16:13:39.740+0000] {logging_mixin.py:188} INFO - [2025-12-16T16:13:39.740+0000] {dag.py:3954} INFO - Setting next_dagrun for update_db to 2025-12-16 15:00:00+00:00, run_after=2025-12-17 15:00:00+00:00
[2025-12-16T16:13:39.747+0000] {logging_mixin.py:188} INFO - [2025-12-16T16:13:39.747+0000] {dag.py:3954} INFO - Setting next_dagrun for youtube_video_stats to 2025-12-16 14:00:00+00:00, run_after=2025-12-17 14:00:00+00:00
[2025-12-16T16:13:39.954+0000] {processor.py:183} INFO - Processing /opt/airflow/dags/main.py took 0.820 seconds
[2025-12-16T16:14:10.160+0000] {processor.py:161} INFO - Started process (PID=7888) to work on /opt/airflow/dags/main.py
[2025-12-16T16:14:10.162+0000] {processor.py:830} INFO - Processing file /opt/airflow/dags/main.py for tasks to queue
[2025-12-16T16:14:10.163+0000] {logging_mixin.py:188} INFO - [2025-12-16T16:14:10.162+0000] {dagbag.py:545} INFO - Filling up the DagBag from /opt/airflow/dags/main.py
[2025-12-16T16:14:10.258+0000] {processor.py:840} INFO - DAG(s) 'youtube_video_stats', 'update_db' retrieved from /opt/airflow/dags/main.py
[2025-12-16T16:14:10.290+0000] {logging_mixin.py:188} INFO - [2025-12-16T16:14:10.290+0000] {dag.py:3096} INFO - Sync 2 DAGs
[2025-12-16T16:14:10.311+0000] {logging_mixin.py:188} INFO - [2025-12-16T16:14:10.311+0000] {dag.py:3954} INFO - Setting next_dagrun for update_db to 2025-12-16 15:00:00+00:00, run_after=2025-12-17 15:00:00+00:00
[2025-12-16T16:14:10.317+0000] {logging_mixin.py:188} INFO - [2025-12-16T16:14:10.317+0000] {dag.py:3954} INFO - Setting next_dagrun for youtube_video_stats to 2025-12-16 14:00:00+00:00, run_after=2025-12-17 14:00:00+00:00
[2025-12-16T16:14:10.336+0000] {processor.py:183} INFO - Processing /opt/airflow/dags/main.py took 0.183 seconds
[2025-12-16T16:14:40.512+0000] {processor.py:161} INFO - Started process (PID=7895) to work on /opt/airflow/dags/main.py
[2025-12-16T16:14:40.513+0000] {processor.py:830} INFO - Processing file /opt/airflow/dags/main.py for tasks to queue
[2025-12-16T16:14:40.515+0000] {logging_mixin.py:188} INFO - [2025-12-16T16:14:40.515+0000] {dagbag.py:545} INFO - Filling up the DagBag from /opt/airflow/dags/main.py
[2025-12-16T16:14:40.617+0000] {processor.py:840} INFO - DAG(s) 'youtube_video_stats', 'update_db' retrieved from /opt/airflow/dags/main.py
[2025-12-16T16:14:40.648+0000] {logging_mixin.py:188} INFO - [2025-12-16T16:14:40.648+0000] {dag.py:3096} INFO - Sync 2 DAGs
[2025-12-16T16:14:40.673+0000] {logging_mixin.py:188} INFO - [2025-12-16T16:14:40.673+0000] {dag.py:3954} INFO - Setting next_dagrun for update_db to 2025-12-16 15:00:00+00:00, run_after=2025-12-17 15:00:00+00:00
[2025-12-16T16:14:40.678+0000] {logging_mixin.py:188} INFO - [2025-12-16T16:14:40.678+0000] {dag.py:3954} INFO - Setting next_dagrun for youtube_video_stats to 2025-12-16 14:00:00+00:00, run_after=2025-12-17 14:00:00+00:00
[2025-12-16T16:14:40.696+0000] {processor.py:183} INFO - Processing /opt/airflow/dags/main.py took 0.190 seconds
[2025-12-16T16:15:10.784+0000] {processor.py:161} INFO - Started process (PID=7902) to work on /opt/airflow/dags/main.py
[2025-12-16T16:15:10.785+0000] {processor.py:830} INFO - Processing file /opt/airflow/dags/main.py for tasks to queue
[2025-12-16T16:15:10.787+0000] {logging_mixin.py:188} INFO - [2025-12-16T16:15:10.786+0000] {dagbag.py:545} INFO - Filling up the DagBag from /opt/airflow/dags/main.py
[2025-12-16T16:15:10.935+0000] {processor.py:840} INFO - DAG(s) 'update_db', 'youtube_video_stats' retrieved from /opt/airflow/dags/main.py
[2025-12-16T16:15:10.988+0000] {logging_mixin.py:188} INFO - [2025-12-16T16:15:10.987+0000] {dag.py:3096} INFO - Sync 2 DAGs
[2025-12-16T16:15:11.032+0000] {logging_mixin.py:188} INFO - [2025-12-16T16:15:11.032+0000] {dag.py:3954} INFO - Setting next_dagrun for update_db to 2025-12-16 15:00:00+00:00, run_after=2025-12-17 15:00:00+00:00
[2025-12-16T16:15:11.048+0000] {logging_mixin.py:188} INFO - [2025-12-16T16:15:11.048+0000] {dag.py:3954} INFO - Setting next_dagrun for youtube_video_stats to 2025-12-16 14:00:00+00:00, run_after=2025-12-17 14:00:00+00:00
[2025-12-16T16:15:11.087+0000] {processor.py:183} INFO - Processing /opt/airflow/dags/main.py took 0.312 seconds
[2025-12-16T16:15:41.301+0000] {processor.py:161} INFO - Started process (PID=7909) to work on /opt/airflow/dags/main.py
[2025-12-16T16:15:41.302+0000] {processor.py:830} INFO - Processing file /opt/airflow/dags/main.py for tasks to queue
[2025-12-16T16:15:41.303+0000] {logging_mixin.py:188} INFO - [2025-12-16T16:15:41.303+0000] {dagbag.py:545} INFO - Filling up the DagBag from /opt/airflow/dags/main.py
[2025-12-16T16:15:41.375+0000] {processor.py:840} INFO - DAG(s) 'youtube_video_stats', 'update_db' retrieved from /opt/airflow/dags/main.py
[2025-12-16T16:15:41.401+0000] {logging_mixin.py:188} INFO - [2025-12-16T16:15:41.401+0000] {dag.py:3096} INFO - Sync 2 DAGs
[2025-12-16T16:15:41.421+0000] {logging_mixin.py:188} INFO - [2025-12-16T16:15:41.421+0000] {dag.py:3954} INFO - Setting next_dagrun for update_db to 2025-12-16 15:00:00+00:00, run_after=2025-12-17 15:00:00+00:00
[2025-12-16T16:15:41.426+0000] {logging_mixin.py:188} INFO - [2025-12-16T16:15:41.425+0000] {dag.py:3954} INFO - Setting next_dagrun for youtube_video_stats to 2025-12-16 14:00:00+00:00, run_after=2025-12-17 14:00:00+00:00
[2025-12-16T16:15:41.445+0000] {processor.py:183} INFO - Processing /opt/airflow/dags/main.py took 0.149 seconds
[2025-12-16T16:16:11.500+0000] {processor.py:161} INFO - Started process (PID=7917) to work on /opt/airflow/dags/main.py
[2025-12-16T16:16:11.506+0000] {processor.py:830} INFO - Processing file /opt/airflow/dags/main.py for tasks to queue
[2025-12-16T16:16:11.508+0000] {logging_mixin.py:188} INFO - [2025-12-16T16:16:11.508+0000] {dagbag.py:545} INFO - Filling up the DagBag from /opt/airflow/dags/main.py
[2025-12-16T16:16:11.603+0000] {processor.py:840} INFO - DAG(s) 'youtube_video_stats', 'update_db' retrieved from /opt/airflow/dags/main.py
[2025-12-16T16:16:11.634+0000] {logging_mixin.py:188} INFO - [2025-12-16T16:16:11.634+0000] {dag.py:3096} INFO - Sync 2 DAGs
[2025-12-16T16:16:11.659+0000] {logging_mixin.py:188} INFO - [2025-12-16T16:16:11.658+0000] {dag.py:3954} INFO - Setting next_dagrun for update_db to 2025-12-16 15:00:00+00:00, run_after=2025-12-17 15:00:00+00:00
[2025-12-16T16:16:11.667+0000] {logging_mixin.py:188} INFO - [2025-12-16T16:16:11.666+0000] {dag.py:3954} INFO - Setting next_dagrun for youtube_video_stats to 2025-12-16 14:00:00+00:00, run_after=2025-12-17 14:00:00+00:00
[2025-12-16T16:16:11.838+0000] {processor.py:183} INFO - Processing /opt/airflow/dags/main.py took 0.348 seconds
[2025-12-16T16:16:42.032+0000] {processor.py:161} INFO - Started process (PID=7924) to work on /opt/airflow/dags/main.py
[2025-12-16T16:16:42.033+0000] {processor.py:830} INFO - Processing file /opt/airflow/dags/main.py for tasks to queue
[2025-12-16T16:16:42.034+0000] {logging_mixin.py:188} INFO - [2025-12-16T16:16:42.034+0000] {dagbag.py:545} INFO - Filling up the DagBag from /opt/airflow/dags/main.py
[2025-12-16T16:16:42.109+0000] {processor.py:840} INFO - DAG(s) 'update_db', 'youtube_video_stats' retrieved from /opt/airflow/dags/main.py
[2025-12-16T16:16:42.135+0000] {logging_mixin.py:188} INFO - [2025-12-16T16:16:42.135+0000] {dag.py:3096} INFO - Sync 2 DAGs
[2025-12-16T16:16:42.289+0000] {logging_mixin.py:188} INFO - [2025-12-16T16:16:42.289+0000] {dag.py:3954} INFO - Setting next_dagrun for update_db to 2025-12-16 15:00:00+00:00, run_after=2025-12-17 15:00:00+00:00
[2025-12-16T16:16:42.293+0000] {logging_mixin.py:188} INFO - [2025-12-16T16:16:42.293+0000] {dag.py:3954} INFO - Setting next_dagrun for youtube_video_stats to 2025-12-16 14:00:00+00:00, run_after=2025-12-17 14:00:00+00:00
[2025-12-16T16:16:42.309+0000] {processor.py:183} INFO - Processing /opt/airflow/dags/main.py took 0.284 seconds
[2025-12-16T16:17:12.518+0000] {processor.py:161} INFO - Started process (PID=7931) to work on /opt/airflow/dags/main.py
[2025-12-16T16:17:12.519+0000] {processor.py:830} INFO - Processing file /opt/airflow/dags/main.py for tasks to queue
[2025-12-16T16:17:12.520+0000] {logging_mixin.py:188} INFO - [2025-12-16T16:17:12.519+0000] {dagbag.py:545} INFO - Filling up the DagBag from /opt/airflow/dags/main.py
[2025-12-16T16:17:12.591+0000] {processor.py:840} INFO - DAG(s) 'youtube_video_stats', 'update_db' retrieved from /opt/airflow/dags/main.py
[2025-12-16T16:17:12.619+0000] {logging_mixin.py:188} INFO - [2025-12-16T16:17:12.619+0000] {dag.py:3096} INFO - Sync 2 DAGs
[2025-12-16T16:17:12.637+0000] {logging_mixin.py:188} INFO - [2025-12-16T16:17:12.637+0000] {dag.py:3954} INFO - Setting next_dagrun for update_db to 2025-12-16 15:00:00+00:00, run_after=2025-12-17 15:00:00+00:00
[2025-12-16T16:17:12.642+0000] {logging_mixin.py:188} INFO - [2025-12-16T16:17:12.642+0000] {dag.py:3954} INFO - Setting next_dagrun for youtube_video_stats to 2025-12-16 14:00:00+00:00, run_after=2025-12-17 14:00:00+00:00
[2025-12-16T16:17:12.657+0000] {processor.py:183} INFO - Processing /opt/airflow/dags/main.py took 0.145 seconds
[2025-12-16T16:17:42.714+0000] {processor.py:161} INFO - Started process (PID=7938) to work on /opt/airflow/dags/main.py
[2025-12-16T16:17:42.715+0000] {processor.py:830} INFO - Processing file /opt/airflow/dags/main.py for tasks to queue
[2025-12-16T16:17:42.716+0000] {logging_mixin.py:188} INFO - [2025-12-16T16:17:42.716+0000] {dagbag.py:545} INFO - Filling up the DagBag from /opt/airflow/dags/main.py
[2025-12-16T16:17:42.788+0000] {processor.py:840} INFO - DAG(s) 'update_db', 'youtube_video_stats' retrieved from /opt/airflow/dags/main.py
[2025-12-16T16:17:42.816+0000] {logging_mixin.py:188} INFO - [2025-12-16T16:17:42.816+0000] {dag.py:3096} INFO - Sync 2 DAGs
[2025-12-16T16:17:42.836+0000] {logging_mixin.py:188} INFO - [2025-12-16T16:17:42.835+0000] {dag.py:3954} INFO - Setting next_dagrun for update_db to 2025-12-16 15:00:00+00:00, run_after=2025-12-17 15:00:00+00:00
[2025-12-16T16:17:42.840+0000] {logging_mixin.py:188} INFO - [2025-12-16T16:17:42.840+0000] {dag.py:3954} INFO - Setting next_dagrun for youtube_video_stats to 2025-12-16 14:00:00+00:00, run_after=2025-12-17 14:00:00+00:00
[2025-12-16T16:17:42.860+0000] {processor.py:183} INFO - Processing /opt/airflow/dags/main.py took 0.151 seconds
[2025-12-16T16:18:13.052+0000] {processor.py:161} INFO - Started process (PID=7945) to work on /opt/airflow/dags/main.py
[2025-12-16T16:18:13.053+0000] {processor.py:830} INFO - Processing file /opt/airflow/dags/main.py for tasks to queue
[2025-12-16T16:18:13.054+0000] {logging_mixin.py:188} INFO - [2025-12-16T16:18:13.054+0000] {dagbag.py:545} INFO - Filling up the DagBag from /opt/airflow/dags/main.py
[2025-12-16T16:18:13.157+0000] {processor.py:840} INFO - DAG(s) 'youtube_video_stats', 'update_db' retrieved from /opt/airflow/dags/main.py
[2025-12-16T16:18:13.181+0000] {logging_mixin.py:188} INFO - [2025-12-16T16:18:13.181+0000] {dag.py:3096} INFO - Sync 2 DAGs
[2025-12-16T16:18:13.200+0000] {logging_mixin.py:188} INFO - [2025-12-16T16:18:13.199+0000] {dag.py:3954} INFO - Setting next_dagrun for update_db to 2025-12-16 15:00:00+00:00, run_after=2025-12-17 15:00:00+00:00
[2025-12-16T16:18:13.204+0000] {logging_mixin.py:188} INFO - [2025-12-16T16:18:13.204+0000] {dag.py:3954} INFO - Setting next_dagrun for youtube_video_stats to 2025-12-16 14:00:00+00:00, run_after=2025-12-17 14:00:00+00:00
[2025-12-16T16:18:13.228+0000] {processor.py:183} INFO - Processing /opt/airflow/dags/main.py took 0.180 seconds
[2025-12-16T16:18:43.423+0000] {processor.py:161} INFO - Started process (PID=7952) to work on /opt/airflow/dags/main.py
[2025-12-16T16:18:43.424+0000] {processor.py:830} INFO - Processing file /opt/airflow/dags/main.py for tasks to queue
[2025-12-16T16:18:43.426+0000] {logging_mixin.py:188} INFO - [2025-12-16T16:18:43.426+0000] {dagbag.py:545} INFO - Filling up the DagBag from /opt/airflow/dags/main.py
[2025-12-16T16:18:43.515+0000] {processor.py:840} INFO - DAG(s) 'youtube_video_stats', 'update_db' retrieved from /opt/airflow/dags/main.py
[2025-12-16T16:18:43.622+0000] {logging_mixin.py:188} INFO - [2025-12-16T16:18:43.622+0000] {dag.py:3096} INFO - Sync 2 DAGs
[2025-12-16T16:18:43.648+0000] {logging_mixin.py:188} INFO - [2025-12-16T16:18:43.648+0000] {dag.py:3954} INFO - Setting next_dagrun for update_db to 2025-12-16 15:00:00+00:00, run_after=2025-12-17 15:00:00+00:00
[2025-12-16T16:18:43.653+0000] {logging_mixin.py:188} INFO - [2025-12-16T16:18:43.653+0000] {dag.py:3954} INFO - Setting next_dagrun for youtube_video_stats to 2025-12-16 14:00:00+00:00, run_after=2025-12-17 14:00:00+00:00
[2025-12-16T16:18:43.671+0000] {processor.py:183} INFO - Processing /opt/airflow/dags/main.py took 0.257 seconds
[2025-12-16T16:19:13.880+0000] {processor.py:161} INFO - Started process (PID=7959) to work on /opt/airflow/dags/main.py
[2025-12-16T16:19:13.882+0000] {processor.py:830} INFO - Processing file /opt/airflow/dags/main.py for tasks to queue
[2025-12-16T16:19:13.883+0000] {logging_mixin.py:188} INFO - [2025-12-16T16:19:13.882+0000] {dagbag.py:545} INFO - Filling up the DagBag from /opt/airflow/dags/main.py
[2025-12-16T16:19:13.948+0000] {processor.py:840} INFO - DAG(s) 'youtube_video_stats', 'update_db' retrieved from /opt/airflow/dags/main.py
[2025-12-16T16:19:13.978+0000] {logging_mixin.py:188} INFO - [2025-12-16T16:19:13.978+0000] {dag.py:3096} INFO - Sync 2 DAGs
[2025-12-16T16:19:13.997+0000] {logging_mixin.py:188} INFO - [2025-12-16T16:19:13.997+0000] {dag.py:3954} INFO - Setting next_dagrun for update_db to 2025-12-16 15:00:00+00:00, run_after=2025-12-17 15:00:00+00:00
[2025-12-16T16:19:14.147+0000] {logging_mixin.py:188} INFO - [2025-12-16T16:19:14.146+0000] {dag.py:3954} INFO - Setting next_dagrun for youtube_video_stats to 2025-12-16 14:00:00+00:00, run_after=2025-12-17 14:00:00+00:00
[2025-12-16T16:19:14.164+0000] {processor.py:183} INFO - Processing /opt/airflow/dags/main.py took 0.289 seconds
[2025-12-16T16:19:44.465+0000] {processor.py:161} INFO - Started process (PID=7966) to work on /opt/airflow/dags/main.py
[2025-12-16T16:19:44.466+0000] {processor.py:830} INFO - Processing file /opt/airflow/dags/main.py for tasks to queue
[2025-12-16T16:19:44.467+0000] {logging_mixin.py:188} INFO - [2025-12-16T16:19:44.467+0000] {dagbag.py:545} INFO - Filling up the DagBag from /opt/airflow/dags/main.py
[2025-12-16T16:19:44.562+0000] {processor.py:840} INFO - DAG(s) 'update_db', 'youtube_video_stats' retrieved from /opt/airflow/dags/main.py
[2025-12-16T16:19:44.602+0000] {logging_mixin.py:188} INFO - [2025-12-16T16:19:44.602+0000] {dag.py:3096} INFO - Sync 2 DAGs
[2025-12-16T16:19:44.902+0000] {logging_mixin.py:188} INFO - [2025-12-16T16:19:44.902+0000] {dag.py:3954} INFO - Setting next_dagrun for update_db to 2025-12-16 15:00:00+00:00, run_after=2025-12-17 15:00:00+00:00
[2025-12-16T16:19:44.910+0000] {logging_mixin.py:188} INFO - [2025-12-16T16:19:44.910+0000] {dag.py:3954} INFO - Setting next_dagrun for youtube_video_stats to 2025-12-16 14:00:00+00:00, run_after=2025-12-17 14:00:00+00:00
[2025-12-16T16:19:44.946+0000] {processor.py:183} INFO - Processing /opt/airflow/dags/main.py took 0.486 seconds
[2025-12-16T16:20:15.201+0000] {processor.py:161} INFO - Started process (PID=7973) to work on /opt/airflow/dags/main.py
[2025-12-16T16:20:15.202+0000] {processor.py:830} INFO - Processing file /opt/airflow/dags/main.py for tasks to queue
[2025-12-16T16:20:15.203+0000] {logging_mixin.py:188} INFO - [2025-12-16T16:20:15.203+0000] {dagbag.py:545} INFO - Filling up the DagBag from /opt/airflow/dags/main.py
[2025-12-16T16:20:15.300+0000] {processor.py:840} INFO - DAG(s) 'youtube_video_stats', 'update_db' retrieved from /opt/airflow/dags/main.py
[2025-12-16T16:20:15.335+0000] {logging_mixin.py:188} INFO - [2025-12-16T16:20:15.334+0000] {dag.py:3096} INFO - Sync 2 DAGs
[2025-12-16T16:20:15.353+0000] {logging_mixin.py:188} INFO - [2025-12-16T16:20:15.352+0000] {dag.py:3954} INFO - Setting next_dagrun for update_db to 2025-12-16 15:00:00+00:00, run_after=2025-12-17 15:00:00+00:00
[2025-12-16T16:20:15.358+0000] {logging_mixin.py:188} INFO - [2025-12-16T16:20:15.357+0000] {dag.py:3954} INFO - Setting next_dagrun for youtube_video_stats to 2025-12-16 14:00:00+00:00, run_after=2025-12-17 14:00:00+00:00
[2025-12-16T16:20:15.377+0000] {processor.py:183} INFO - Processing /opt/airflow/dags/main.py took 0.181 seconds
[2025-12-16T16:20:45.415+0000] {processor.py:161} INFO - Started process (PID=7980) to work on /opt/airflow/dags/main.py
[2025-12-16T16:20:45.416+0000] {processor.py:830} INFO - Processing file /opt/airflow/dags/main.py for tasks to queue
[2025-12-16T16:20:45.417+0000] {logging_mixin.py:188} INFO - [2025-12-16T16:20:45.416+0000] {dagbag.py:545} INFO - Filling up the DagBag from /opt/airflow/dags/main.py
[2025-12-16T16:20:45.490+0000] {processor.py:840} INFO - DAG(s) 'update_db', 'youtube_video_stats' retrieved from /opt/airflow/dags/main.py
[2025-12-16T16:20:45.517+0000] {logging_mixin.py:188} INFO - [2025-12-16T16:20:45.517+0000] {dag.py:3096} INFO - Sync 2 DAGs
[2025-12-16T16:20:45.538+0000] {logging_mixin.py:188} INFO - [2025-12-16T16:20:45.537+0000] {dag.py:3954} INFO - Setting next_dagrun for update_db to 2025-12-16 15:00:00+00:00, run_after=2025-12-17 15:00:00+00:00
[2025-12-16T16:20:45.542+0000] {logging_mixin.py:188} INFO - [2025-12-16T16:20:45.542+0000] {dag.py:3954} INFO - Setting next_dagrun for youtube_video_stats to 2025-12-16 14:00:00+00:00, run_after=2025-12-17 14:00:00+00:00
[2025-12-16T16:20:45.560+0000] {processor.py:183} INFO - Processing /opt/airflow/dags/main.py took 0.150 seconds
[2025-12-16T16:21:15.815+0000] {processor.py:161} INFO - Started process (PID=7987) to work on /opt/airflow/dags/main.py
[2025-12-16T16:21:15.816+0000] {processor.py:830} INFO - Processing file /opt/airflow/dags/main.py for tasks to queue
[2025-12-16T16:21:15.817+0000] {logging_mixin.py:188} INFO - [2025-12-16T16:21:15.817+0000] {dagbag.py:545} INFO - Filling up the DagBag from /opt/airflow/dags/main.py
[2025-12-16T16:21:15.895+0000] {processor.py:840} INFO - DAG(s) 'youtube_video_stats', 'update_db' retrieved from /opt/airflow/dags/main.py
[2025-12-16T16:21:15.919+0000] {logging_mixin.py:188} INFO - [2025-12-16T16:21:15.919+0000] {dag.py:3096} INFO - Sync 2 DAGs
[2025-12-16T16:21:15.938+0000] {logging_mixin.py:188} INFO - [2025-12-16T16:21:15.938+0000] {dag.py:3954} INFO - Setting next_dagrun for update_db to 2025-12-16 15:00:00+00:00, run_after=2025-12-17 15:00:00+00:00
[2025-12-16T16:21:15.943+0000] {logging_mixin.py:188} INFO - [2025-12-16T16:21:15.942+0000] {dag.py:3954} INFO - Setting next_dagrun for youtube_video_stats to 2025-12-16 14:00:00+00:00, run_after=2025-12-17 14:00:00+00:00
[2025-12-16T16:21:15.960+0000] {processor.py:183} INFO - Processing /opt/airflow/dags/main.py took 0.150 seconds
[2025-12-16T16:21:46.045+0000] {processor.py:161} INFO - Started process (PID=7995) to work on /opt/airflow/dags/main.py
[2025-12-16T16:21:46.046+0000] {processor.py:830} INFO - Processing file /opt/airflow/dags/main.py for tasks to queue
[2025-12-16T16:21:46.047+0000] {logging_mixin.py:188} INFO - [2025-12-16T16:21:46.046+0000] {dagbag.py:545} INFO - Filling up the DagBag from /opt/airflow/dags/main.py
[2025-12-16T16:21:46.130+0000] {processor.py:840} INFO - DAG(s) 'update_db', 'youtube_video_stats' retrieved from /opt/airflow/dags/main.py
[2025-12-16T16:21:46.159+0000] {logging_mixin.py:188} INFO - [2025-12-16T16:21:46.159+0000] {dag.py:3096} INFO - Sync 2 DAGs
[2025-12-16T16:21:46.179+0000] {logging_mixin.py:188} INFO - [2025-12-16T16:21:46.179+0000] {dag.py:3954} INFO - Setting next_dagrun for update_db to 2025-12-16 15:00:00+00:00, run_after=2025-12-17 15:00:00+00:00
[2025-12-16T16:21:46.183+0000] {logging_mixin.py:188} INFO - [2025-12-16T16:21:46.183+0000] {dag.py:3954} INFO - Setting next_dagrun for youtube_video_stats to 2025-12-16 14:00:00+00:00, run_after=2025-12-17 14:00:00+00:00
[2025-12-16T16:21:46.328+0000] {processor.py:183} INFO - Processing /opt/airflow/dags/main.py took 0.288 seconds
[2025-12-16T16:22:16.561+0000] {processor.py:161} INFO - Started process (PID=8003) to work on /opt/airflow/dags/main.py
[2025-12-16T16:22:16.563+0000] {processor.py:830} INFO - Processing file /opt/airflow/dags/main.py for tasks to queue
[2025-12-16T16:22:16.564+0000] {logging_mixin.py:188} INFO - [2025-12-16T16:22:16.563+0000] {dagbag.py:545} INFO - Filling up the DagBag from /opt/airflow/dags/main.py
[2025-12-16T16:22:16.637+0000] {processor.py:840} INFO - DAG(s) 'update_db', 'youtube_video_stats' retrieved from /opt/airflow/dags/main.py
[2025-12-16T16:22:16.669+0000] {logging_mixin.py:188} INFO - [2025-12-16T16:22:16.668+0000] {dag.py:3096} INFO - Sync 2 DAGs
[2025-12-16T16:22:16.961+0000] {logging_mixin.py:188} INFO - [2025-12-16T16:22:16.961+0000] {dag.py:3954} INFO - Setting next_dagrun for update_db to 2025-12-16 15:00:00+00:00, run_after=2025-12-17 15:00:00+00:00
[2025-12-16T16:22:16.967+0000] {logging_mixin.py:188} INFO - [2025-12-16T16:22:16.967+0000] {dag.py:3954} INFO - Setting next_dagrun for youtube_video_stats to 2025-12-16 14:00:00+00:00, run_after=2025-12-17 14:00:00+00:00
[2025-12-16T16:22:16.988+0000] {processor.py:183} INFO - Processing /opt/airflow/dags/main.py took 0.434 seconds
[2025-12-16T16:22:47.187+0000] {processor.py:161} INFO - Started process (PID=8010) to work on /opt/airflow/dags/main.py
[2025-12-16T16:22:47.188+0000] {processor.py:830} INFO - Processing file /opt/airflow/dags/main.py for tasks to queue
[2025-12-16T16:22:47.189+0000] {logging_mixin.py:188} INFO - [2025-12-16T16:22:47.189+0000] {dagbag.py:545} INFO - Filling up the DagBag from /opt/airflow/dags/main.py
[2025-12-16T16:22:47.262+0000] {processor.py:840} INFO - DAG(s) 'youtube_video_stats', 'update_db' retrieved from /opt/airflow/dags/main.py
[2025-12-16T16:22:47.292+0000] {logging_mixin.py:188} INFO - [2025-12-16T16:22:47.291+0000] {dag.py:3096} INFO - Sync 2 DAGs
[2025-12-16T16:22:47.464+0000] {logging_mixin.py:188} INFO - [2025-12-16T16:22:47.463+0000] {dag.py:3954} INFO - Setting next_dagrun for update_db to 2025-12-16 15:00:00+00:00, run_after=2025-12-17 15:00:00+00:00
[2025-12-16T16:22:47.469+0000] {logging_mixin.py:188} INFO - [2025-12-16T16:22:47.468+0000] {dag.py:3954} INFO - Setting next_dagrun for youtube_video_stats to 2025-12-16 14:00:00+00:00, run_after=2025-12-17 14:00:00+00:00
[2025-12-16T16:22:47.488+0000] {processor.py:183} INFO - Processing /opt/airflow/dags/main.py took 0.308 seconds
[2025-12-16T16:23:17.686+0000] {processor.py:161} INFO - Started process (PID=8017) to work on /opt/airflow/dags/main.py
[2025-12-16T16:23:17.687+0000] {processor.py:830} INFO - Processing file /opt/airflow/dags/main.py for tasks to queue
[2025-12-16T16:23:17.688+0000] {logging_mixin.py:188} INFO - [2025-12-16T16:23:17.688+0000] {dagbag.py:545} INFO - Filling up the DagBag from /opt/airflow/dags/main.py
[2025-12-16T16:23:17.756+0000] {processor.py:840} INFO - DAG(s) 'update_db', 'youtube_video_stats' retrieved from /opt/airflow/dags/main.py
[2025-12-16T16:23:17.784+0000] {logging_mixin.py:188} INFO - [2025-12-16T16:23:17.784+0000] {dag.py:3096} INFO - Sync 2 DAGs
[2025-12-16T16:23:17.803+0000] {logging_mixin.py:188} INFO - [2025-12-16T16:23:17.802+0000] {dag.py:3954} INFO - Setting next_dagrun for update_db to 2025-12-16 15:00:00+00:00, run_after=2025-12-17 15:00:00+00:00
[2025-12-16T16:23:17.807+0000] {logging_mixin.py:188} INFO - [2025-12-16T16:23:17.807+0000] {dag.py:3954} INFO - Setting next_dagrun for youtube_video_stats to 2025-12-16 14:00:00+00:00, run_after=2025-12-17 14:00:00+00:00
[2025-12-16T16:23:17.826+0000] {processor.py:183} INFO - Processing /opt/airflow/dags/main.py took 0.146 seconds
[2025-12-16T16:23:47.942+0000] {processor.py:161} INFO - Started process (PID=8024) to work on /opt/airflow/dags/main.py
[2025-12-16T16:23:47.943+0000] {processor.py:830} INFO - Processing file /opt/airflow/dags/main.py for tasks to queue
[2025-12-16T16:23:47.944+0000] {logging_mixin.py:188} INFO - [2025-12-16T16:23:47.944+0000] {dagbag.py:545} INFO - Filling up the DagBag from /opt/airflow/dags/main.py
[2025-12-16T16:23:48.017+0000] {processor.py:840} INFO - DAG(s) 'youtube_video_stats', 'update_db' retrieved from /opt/airflow/dags/main.py
[2025-12-16T16:23:48.044+0000] {logging_mixin.py:188} INFO - [2025-12-16T16:23:48.044+0000] {dag.py:3096} INFO - Sync 2 DAGs
[2025-12-16T16:23:48.063+0000] {logging_mixin.py:188} INFO - [2025-12-16T16:23:48.063+0000] {dag.py:3954} INFO - Setting next_dagrun for update_db to 2025-12-16 15:00:00+00:00, run_after=2025-12-17 15:00:00+00:00
[2025-12-16T16:23:48.068+0000] {logging_mixin.py:188} INFO - [2025-12-16T16:23:48.068+0000] {dag.py:3954} INFO - Setting next_dagrun for youtube_video_stats to 2025-12-16 14:00:00+00:00, run_after=2025-12-17 14:00:00+00:00
[2025-12-16T16:23:48.091+0000] {processor.py:183} INFO - Processing /opt/airflow/dags/main.py took 0.155 seconds
[2025-12-16T16:24:18.226+0000] {processor.py:161} INFO - Started process (PID=8031) to work on /opt/airflow/dags/main.py
[2025-12-16T16:24:18.228+0000] {processor.py:830} INFO - Processing file /opt/airflow/dags/main.py for tasks to queue
[2025-12-16T16:24:18.229+0000] {logging_mixin.py:188} INFO - [2025-12-16T16:24:18.229+0000] {dagbag.py:545} INFO - Filling up the DagBag from /opt/airflow/dags/main.py
[2025-12-16T16:24:18.333+0000] {processor.py:840} INFO - DAG(s) 'youtube_video_stats', 'update_db' retrieved from /opt/airflow/dags/main.py
[2025-12-16T16:24:18.366+0000] {logging_mixin.py:188} INFO - [2025-12-16T16:24:18.366+0000] {dag.py:3096} INFO - Sync 2 DAGs
[2025-12-16T16:24:18.386+0000] {logging_mixin.py:188} INFO - [2025-12-16T16:24:18.386+0000] {dag.py:3954} INFO - Setting next_dagrun for update_db to 2025-12-16 15:00:00+00:00, run_after=2025-12-17 15:00:00+00:00
[2025-12-16T16:24:18.392+0000] {logging_mixin.py:188} INFO - [2025-12-16T16:24:18.392+0000] {dag.py:3954} INFO - Setting next_dagrun for youtube_video_stats to 2025-12-16 14:00:00+00:00, run_after=2025-12-17 14:00:00+00:00
[2025-12-16T16:24:18.415+0000] {processor.py:183} INFO - Processing /opt/airflow/dags/main.py took 0.196 seconds
[2025-12-16T16:24:48.637+0000] {processor.py:161} INFO - Started process (PID=8038) to work on /opt/airflow/dags/main.py
[2025-12-16T16:24:48.638+0000] {processor.py:830} INFO - Processing file /opt/airflow/dags/main.py for tasks to queue
[2025-12-16T16:24:48.639+0000] {logging_mixin.py:188} INFO - [2025-12-16T16:24:48.639+0000] {dagbag.py:545} INFO - Filling up the DagBag from /opt/airflow/dags/main.py
[2025-12-16T16:24:48.713+0000] {processor.py:840} INFO - DAG(s) 'update_db', 'youtube_video_stats' retrieved from /opt/airflow/dags/main.py
[2025-12-16T16:24:48.741+0000] {logging_mixin.py:188} INFO - [2025-12-16T16:24:48.740+0000] {dag.py:3096} INFO - Sync 2 DAGs
[2025-12-16T16:24:48.760+0000] {logging_mixin.py:188} INFO - [2025-12-16T16:24:48.760+0000] {dag.py:3954} INFO - Setting next_dagrun for update_db to 2025-12-16 15:00:00+00:00, run_after=2025-12-17 15:00:00+00:00
[2025-12-16T16:24:48.765+0000] {logging_mixin.py:188} INFO - [2025-12-16T16:24:48.765+0000] {dag.py:3954} INFO - Setting next_dagrun for youtube_video_stats to 2025-12-16 14:00:00+00:00, run_after=2025-12-17 14:00:00+00:00
[2025-12-16T16:24:48.921+0000] {processor.py:183} INFO - Processing /opt/airflow/dags/main.py took 0.289 seconds
[2025-12-16T16:25:19.139+0000] {processor.py:161} INFO - Started process (PID=8045) to work on /opt/airflow/dags/main.py
[2025-12-16T16:25:19.140+0000] {processor.py:830} INFO - Processing file /opt/airflow/dags/main.py for tasks to queue
[2025-12-16T16:25:19.141+0000] {logging_mixin.py:188} INFO - [2025-12-16T16:25:19.140+0000] {dagbag.py:545} INFO - Filling up the DagBag from /opt/airflow/dags/main.py
[2025-12-16T16:25:19.213+0000] {processor.py:840} INFO - DAG(s) 'update_db', 'youtube_video_stats' retrieved from /opt/airflow/dags/main.py
[2025-12-16T16:25:19.239+0000] {logging_mixin.py:188} INFO - [2025-12-16T16:25:19.239+0000] {dag.py:3096} INFO - Sync 2 DAGs
[2025-12-16T16:25:19.384+0000] {logging_mixin.py:188} INFO - [2025-12-16T16:25:19.384+0000] {dag.py:3954} INFO - Setting next_dagrun for update_db to 2025-12-16 15:00:00+00:00, run_after=2025-12-17 15:00:00+00:00
[2025-12-16T16:25:19.389+0000] {logging_mixin.py:188} INFO - [2025-12-16T16:25:19.388+0000] {dag.py:3954} INFO - Setting next_dagrun for youtube_video_stats to 2025-12-16 14:00:00+00:00, run_after=2025-12-17 14:00:00+00:00
[2025-12-16T16:25:19.413+0000] {processor.py:183} INFO - Processing /opt/airflow/dags/main.py took 0.280 seconds
[2025-12-16T16:25:49.617+0000] {processor.py:161} INFO - Started process (PID=8052) to work on /opt/airflow/dags/main.py
[2025-12-16T16:25:49.618+0000] {processor.py:830} INFO - Processing file /opt/airflow/dags/main.py for tasks to queue
[2025-12-16T16:25:49.619+0000] {logging_mixin.py:188} INFO - [2025-12-16T16:25:49.619+0000] {dagbag.py:545} INFO - Filling up the DagBag from /opt/airflow/dags/main.py
[2025-12-16T16:25:49.692+0000] {processor.py:840} INFO - DAG(s) 'youtube_video_stats', 'update_db' retrieved from /opt/airflow/dags/main.py
[2025-12-16T16:25:49.720+0000] {logging_mixin.py:188} INFO - [2025-12-16T16:25:49.719+0000] {dag.py:3096} INFO - Sync 2 DAGs
[2025-12-16T16:25:49.738+0000] {logging_mixin.py:188} INFO - [2025-12-16T16:25:49.738+0000] {dag.py:3954} INFO - Setting next_dagrun for update_db to 2025-12-16 15:00:00+00:00, run_after=2025-12-17 15:00:00+00:00
[2025-12-16T16:25:49.743+0000] {logging_mixin.py:188} INFO - [2025-12-16T16:25:49.743+0000] {dag.py:3954} INFO - Setting next_dagrun for youtube_video_stats to 2025-12-16 14:00:00+00:00, run_after=2025-12-17 14:00:00+00:00
[2025-12-16T16:25:49.760+0000] {processor.py:183} INFO - Processing /opt/airflow/dags/main.py took 0.149 seconds
[2025-12-16T16:26:19.826+0000] {processor.py:161} INFO - Started process (PID=8059) to work on /opt/airflow/dags/main.py
[2025-12-16T16:26:19.827+0000] {processor.py:830} INFO - Processing file /opt/airflow/dags/main.py for tasks to queue
[2025-12-16T16:26:19.828+0000] {logging_mixin.py:188} INFO - [2025-12-16T16:26:19.828+0000] {dagbag.py:545} INFO - Filling up the DagBag from /opt/airflow/dags/main.py
[2025-12-16T16:26:19.899+0000] {processor.py:840} INFO - DAG(s) 'update_db', 'youtube_video_stats' retrieved from /opt/airflow/dags/main.py
[2025-12-16T16:26:19.928+0000] {logging_mixin.py:188} INFO - [2025-12-16T16:26:19.927+0000] {dag.py:3096} INFO - Sync 2 DAGs
[2025-12-16T16:26:19.947+0000] {logging_mixin.py:188} INFO - [2025-12-16T16:26:19.947+0000] {dag.py:3954} INFO - Setting next_dagrun for update_db to 2025-12-16 15:00:00+00:00, run_after=2025-12-17 15:00:00+00:00
[2025-12-16T16:26:19.952+0000] {logging_mixin.py:188} INFO - [2025-12-16T16:26:19.952+0000] {dag.py:3954} INFO - Setting next_dagrun for youtube_video_stats to 2025-12-16 14:00:00+00:00, run_after=2025-12-17 14:00:00+00:00
[2025-12-16T16:26:19.972+0000] {processor.py:183} INFO - Processing /opt/airflow/dags/main.py took 0.151 seconds
[2025-12-16T16:26:50.040+0000] {processor.py:161} INFO - Started process (PID=8066) to work on /opt/airflow/dags/main.py
[2025-12-16T16:26:50.041+0000] {processor.py:830} INFO - Processing file /opt/airflow/dags/main.py for tasks to queue
[2025-12-16T16:26:50.042+0000] {logging_mixin.py:188} INFO - [2025-12-16T16:26:50.042+0000] {dagbag.py:545} INFO - Filling up the DagBag from /opt/airflow/dags/main.py
[2025-12-16T16:26:50.122+0000] {processor.py:840} INFO - DAG(s) 'youtube_video_stats', 'update_db' retrieved from /opt/airflow/dags/main.py
[2025-12-16T16:26:50.150+0000] {logging_mixin.py:188} INFO - [2025-12-16T16:26:50.150+0000] {dag.py:3096} INFO - Sync 2 DAGs
[2025-12-16T16:26:50.168+0000] {logging_mixin.py:188} INFO - [2025-12-16T16:26:50.167+0000] {dag.py:3954} INFO - Setting next_dagrun for update_db to 2025-12-16 15:00:00+00:00, run_after=2025-12-17 15:00:00+00:00
[2025-12-16T16:26:50.172+0000] {logging_mixin.py:188} INFO - [2025-12-16T16:26:50.172+0000] {dag.py:3954} INFO - Setting next_dagrun for youtube_video_stats to 2025-12-16 14:00:00+00:00, run_after=2025-12-17 14:00:00+00:00
[2025-12-16T16:26:50.186+0000] {processor.py:183} INFO - Processing /opt/airflow/dags/main.py took 0.152 seconds
[2025-12-16T16:27:20.406+0000] {processor.py:161} INFO - Started process (PID=8073) to work on /opt/airflow/dags/main.py
[2025-12-16T16:27:20.407+0000] {processor.py:830} INFO - Processing file /opt/airflow/dags/main.py for tasks to queue
[2025-12-16T16:27:20.408+0000] {logging_mixin.py:188} INFO - [2025-12-16T16:27:20.408+0000] {dagbag.py:545} INFO - Filling up the DagBag from /opt/airflow/dags/main.py
[2025-12-16T16:27:20.483+0000] {processor.py:840} INFO - DAG(s) 'youtube_video_stats', 'update_db' retrieved from /opt/airflow/dags/main.py
[2025-12-16T16:27:20.508+0000] {logging_mixin.py:188} INFO - [2025-12-16T16:27:20.508+0000] {dag.py:3096} INFO - Sync 2 DAGs
[2025-12-16T16:27:20.528+0000] {logging_mixin.py:188} INFO - [2025-12-16T16:27:20.528+0000] {dag.py:3954} INFO - Setting next_dagrun for update_db to 2025-12-16 15:00:00+00:00, run_after=2025-12-17 15:00:00+00:00
[2025-12-16T16:27:20.534+0000] {logging_mixin.py:188} INFO - [2025-12-16T16:27:20.533+0000] {dag.py:3954} INFO - Setting next_dagrun for youtube_video_stats to 2025-12-16 14:00:00+00:00, run_after=2025-12-17 14:00:00+00:00
[2025-12-16T16:27:20.553+0000] {processor.py:183} INFO - Processing /opt/airflow/dags/main.py took 0.151 seconds
[2025-12-16T16:27:50.592+0000] {processor.py:161} INFO - Started process (PID=8080) to work on /opt/airflow/dags/main.py
[2025-12-16T16:27:50.593+0000] {processor.py:830} INFO - Processing file /opt/airflow/dags/main.py for tasks to queue
[2025-12-16T16:27:50.594+0000] {logging_mixin.py:188} INFO - [2025-12-16T16:27:50.594+0000] {dagbag.py:545} INFO - Filling up the DagBag from /opt/airflow/dags/main.py
[2025-12-16T16:27:50.670+0000] {processor.py:840} INFO - DAG(s) 'update_db', 'youtube_video_stats' retrieved from /opt/airflow/dags/main.py
[2025-12-16T16:27:50.698+0000] {logging_mixin.py:188} INFO - [2025-12-16T16:27:50.698+0000] {dag.py:3096} INFO - Sync 2 DAGs
[2025-12-16T16:27:50.718+0000] {logging_mixin.py:188} INFO - [2025-12-16T16:27:50.718+0000] {dag.py:3954} INFO - Setting next_dagrun for update_db to 2025-12-16 15:00:00+00:00, run_after=2025-12-17 15:00:00+00:00
[2025-12-16T16:27:50.854+0000] {logging_mixin.py:188} INFO - [2025-12-16T16:27:50.854+0000] {dag.py:3954} INFO - Setting next_dagrun for youtube_video_stats to 2025-12-16 14:00:00+00:00, run_after=2025-12-17 14:00:00+00:00
[2025-12-16T16:27:50.871+0000] {processor.py:183} INFO - Processing /opt/airflow/dags/main.py took 0.285 seconds
[2025-12-16T16:28:20.920+0000] {processor.py:161} INFO - Started process (PID=8087) to work on /opt/airflow/dags/main.py
[2025-12-16T16:28:20.921+0000] {processor.py:830} INFO - Processing file /opt/airflow/dags/main.py for tasks to queue
[2025-12-16T16:28:20.922+0000] {logging_mixin.py:188} INFO - [2025-12-16T16:28:20.922+0000] {dagbag.py:545} INFO - Filling up the DagBag from /opt/airflow/dags/main.py
[2025-12-16T16:28:21.006+0000] {processor.py:840} INFO - DAG(s) 'update_db', 'youtube_video_stats' retrieved from /opt/airflow/dags/main.py
[2025-12-16T16:28:21.034+0000] {logging_mixin.py:188} INFO - [2025-12-16T16:28:21.034+0000] {dag.py:3096} INFO - Sync 2 DAGs
[2025-12-16T16:28:21.201+0000] {logging_mixin.py:188} INFO - [2025-12-16T16:28:21.201+0000] {dag.py:3954} INFO - Setting next_dagrun for update_db to 2025-12-16 15:00:00+00:00, run_after=2025-12-17 15:00:00+00:00
[2025-12-16T16:28:21.206+0000] {logging_mixin.py:188} INFO - [2025-12-16T16:28:21.206+0000] {dag.py:3954} INFO - Setting next_dagrun for youtube_video_stats to 2025-12-16 14:00:00+00:00, run_after=2025-12-17 14:00:00+00:00
[2025-12-16T16:28:21.230+0000] {processor.py:183} INFO - Processing /opt/airflow/dags/main.py took 0.315 seconds
[2025-12-16T16:28:51.409+0000] {processor.py:161} INFO - Started process (PID=8094) to work on /opt/airflow/dags/main.py
[2025-12-16T16:28:51.410+0000] {processor.py:830} INFO - Processing file /opt/airflow/dags/main.py for tasks to queue
[2025-12-16T16:28:51.411+0000] {logging_mixin.py:188} INFO - [2025-12-16T16:28:51.411+0000] {dagbag.py:545} INFO - Filling up the DagBag from /opt/airflow/dags/main.py
[2025-12-16T16:28:51.502+0000] {processor.py:840} INFO - DAG(s) 'youtube_video_stats', 'update_db' retrieved from /opt/airflow/dags/main.py
[2025-12-16T16:28:51.533+0000] {logging_mixin.py:188} INFO - [2025-12-16T16:28:51.533+0000] {dag.py:3096} INFO - Sync 2 DAGs
[2025-12-16T16:28:51.557+0000] {logging_mixin.py:188} INFO - [2025-12-16T16:28:51.556+0000] {dag.py:3954} INFO - Setting next_dagrun for update_db to 2025-12-16 15:00:00+00:00, run_after=2025-12-17 15:00:00+00:00
[2025-12-16T16:28:51.563+0000] {logging_mixin.py:188} INFO - [2025-12-16T16:28:51.562+0000] {dag.py:3954} INFO - Setting next_dagrun for youtube_video_stats to 2025-12-16 14:00:00+00:00, run_after=2025-12-17 14:00:00+00:00
[2025-12-16T16:28:51.584+0000] {processor.py:183} INFO - Processing /opt/airflow/dags/main.py took 0.181 seconds
[2025-12-16T16:29:21.774+0000] {processor.py:161} INFO - Started process (PID=8101) to work on /opt/airflow/dags/main.py
[2025-12-16T16:29:21.775+0000] {processor.py:830} INFO - Processing file /opt/airflow/dags/main.py for tasks to queue
[2025-12-16T16:29:21.776+0000] {logging_mixin.py:188} INFO - [2025-12-16T16:29:21.776+0000] {dagbag.py:545} INFO - Filling up the DagBag from /opt/airflow/dags/main.py
[2025-12-16T16:29:21.861+0000] {processor.py:840} INFO - DAG(s) 'youtube_video_stats', 'update_db' retrieved from /opt/airflow/dags/main.py
[2025-12-16T16:29:21.889+0000] {logging_mixin.py:188} INFO - [2025-12-16T16:29:21.889+0000] {dag.py:3096} INFO - Sync 2 DAGs
[2025-12-16T16:29:21.910+0000] {logging_mixin.py:188} INFO - [2025-12-16T16:29:21.910+0000] {dag.py:3954} INFO - Setting next_dagrun for update_db to 2025-12-16 15:00:00+00:00, run_after=2025-12-17 15:00:00+00:00
[2025-12-16T16:29:21.917+0000] {logging_mixin.py:188} INFO - [2025-12-16T16:29:21.917+0000] {dag.py:3954} INFO - Setting next_dagrun for youtube_video_stats to 2025-12-16 14:00:00+00:00, run_after=2025-12-17 14:00:00+00:00
[2025-12-16T16:29:21.937+0000] {processor.py:183} INFO - Processing /opt/airflow/dags/main.py took 0.169 seconds
[2025-12-16T16:29:52.142+0000] {processor.py:161} INFO - Started process (PID=8107) to work on /opt/airflow/dags/main.py
[2025-12-16T16:29:52.143+0000] {processor.py:830} INFO - Processing file /opt/airflow/dags/main.py for tasks to queue
[2025-12-16T16:29:52.144+0000] {logging_mixin.py:188} INFO - [2025-12-16T16:29:52.144+0000] {dagbag.py:545} INFO - Filling up the DagBag from /opt/airflow/dags/main.py
[2025-12-16T16:29:52.256+0000] {processor.py:840} INFO - DAG(s) 'youtube_video_stats', 'update_db' retrieved from /opt/airflow/dags/main.py
[2025-12-16T16:29:52.294+0000] {logging_mixin.py:188} INFO - [2025-12-16T16:29:52.294+0000] {dag.py:3096} INFO - Sync 2 DAGs
[2025-12-16T16:29:52.324+0000] {logging_mixin.py:188} INFO - [2025-12-16T16:29:52.323+0000] {dag.py:3954} INFO - Setting next_dagrun for update_db to 2025-12-16 15:00:00+00:00, run_after=2025-12-17 15:00:00+00:00
[2025-12-16T16:29:52.332+0000] {logging_mixin.py:188} INFO - [2025-12-16T16:29:52.332+0000] {dag.py:3954} INFO - Setting next_dagrun for youtube_video_stats to 2025-12-16 14:00:00+00:00, run_after=2025-12-17 14:00:00+00:00
[2025-12-16T16:29:52.356+0000] {processor.py:183} INFO - Processing /opt/airflow/dags/main.py took 0.221 seconds
[2025-12-16T16:30:22.562+0000] {processor.py:161} INFO - Started process (PID=8114) to work on /opt/airflow/dags/main.py
[2025-12-16T16:30:22.563+0000] {processor.py:830} INFO - Processing file /opt/airflow/dags/main.py for tasks to queue
[2025-12-16T16:30:22.565+0000] {logging_mixin.py:188} INFO - [2025-12-16T16:30:22.564+0000] {dagbag.py:545} INFO - Filling up the DagBag from /opt/airflow/dags/main.py
[2025-12-16T16:30:22.676+0000] {processor.py:840} INFO - DAG(s) 'youtube_video_stats', 'update_db' retrieved from /opt/airflow/dags/main.py
[2025-12-16T16:30:22.711+0000] {logging_mixin.py:188} INFO - [2025-12-16T16:30:22.710+0000] {dag.py:3096} INFO - Sync 2 DAGs
[2025-12-16T16:30:22.735+0000] {logging_mixin.py:188} INFO - [2025-12-16T16:30:22.735+0000] {dag.py:3954} INFO - Setting next_dagrun for update_db to 2025-12-16 15:00:00+00:00, run_after=2025-12-17 15:00:00+00:00
[2025-12-16T16:30:22.741+0000] {logging_mixin.py:188} INFO - [2025-12-16T16:30:22.741+0000] {dag.py:3954} INFO - Setting next_dagrun for youtube_video_stats to 2025-12-16 14:00:00+00:00, run_after=2025-12-17 14:00:00+00:00
[2025-12-16T16:30:22.913+0000] {processor.py:183} INFO - Processing /opt/airflow/dags/main.py took 0.358 seconds
[2025-12-16T16:30:53.127+0000] {processor.py:161} INFO - Started process (PID=8121) to work on /opt/airflow/dags/main.py
[2025-12-16T16:30:53.129+0000] {processor.py:830} INFO - Processing file /opt/airflow/dags/main.py for tasks to queue
[2025-12-16T16:30:53.130+0000] {logging_mixin.py:188} INFO - [2025-12-16T16:30:53.130+0000] {dagbag.py:545} INFO - Filling up the DagBag from /opt/airflow/dags/main.py
[2025-12-16T16:30:53.227+0000] {processor.py:840} INFO - DAG(s) 'update_db', 'youtube_video_stats' retrieved from /opt/airflow/dags/main.py
[2025-12-16T16:30:53.263+0000] {logging_mixin.py:188} INFO - [2025-12-16T16:30:53.262+0000] {dag.py:3096} INFO - Sync 2 DAGs
[2025-12-16T16:30:53.400+0000] {logging_mixin.py:188} INFO - [2025-12-16T16:30:53.400+0000] {dag.py:3954} INFO - Setting next_dagrun for update_db to 2025-12-16 15:00:00+00:00, run_after=2025-12-17 15:00:00+00:00
[2025-12-16T16:30:53.405+0000] {logging_mixin.py:188} INFO - [2025-12-16T16:30:53.405+0000] {dag.py:3954} INFO - Setting next_dagrun for youtube_video_stats to 2025-12-16 14:00:00+00:00, run_after=2025-12-17 14:00:00+00:00
[2025-12-16T16:30:53.429+0000] {processor.py:183} INFO - Processing /opt/airflow/dags/main.py took 0.311 seconds
[2025-12-16T16:31:23.641+0000] {processor.py:161} INFO - Started process (PID=8128) to work on /opt/airflow/dags/main.py
[2025-12-16T16:31:23.643+0000] {processor.py:830} INFO - Processing file /opt/airflow/dags/main.py for tasks to queue
[2025-12-16T16:31:23.644+0000] {logging_mixin.py:188} INFO - [2025-12-16T16:31:23.644+0000] {dagbag.py:545} INFO - Filling up the DagBag from /opt/airflow/dags/main.py
[2025-12-16T16:31:23.742+0000] {processor.py:840} INFO - DAG(s) 'youtube_video_stats', 'update_db' retrieved from /opt/airflow/dags/main.py
[2025-12-16T16:31:23.774+0000] {logging_mixin.py:188} INFO - [2025-12-16T16:31:23.773+0000] {dag.py:3096} INFO - Sync 2 DAGs
[2025-12-16T16:31:23.942+0000] {logging_mixin.py:188} INFO - [2025-12-16T16:31:23.942+0000] {dag.py:3954} INFO - Setting next_dagrun for update_db to 2025-12-16 15:00:00+00:00, run_after=2025-12-17 15:00:00+00:00
[2025-12-16T16:31:23.948+0000] {logging_mixin.py:188} INFO - [2025-12-16T16:31:23.948+0000] {dag.py:3954} INFO - Setting next_dagrun for youtube_video_stats to 2025-12-16 14:00:00+00:00, run_after=2025-12-17 14:00:00+00:00
[2025-12-16T16:31:23.971+0000] {processor.py:183} INFO - Processing /opt/airflow/dags/main.py took 0.335 seconds
[2025-12-16T16:31:54.158+0000] {processor.py:161} INFO - Started process (PID=8135) to work on /opt/airflow/dags/main.py
[2025-12-16T16:31:54.159+0000] {processor.py:830} INFO - Processing file /opt/airflow/dags/main.py for tasks to queue
[2025-12-16T16:31:54.160+0000] {logging_mixin.py:188} INFO - [2025-12-16T16:31:54.160+0000] {dagbag.py:545} INFO - Filling up the DagBag from /opt/airflow/dags/main.py
[2025-12-16T16:31:54.300+0000] {processor.py:840} INFO - DAG(s) 'update_db', 'youtube_video_stats' retrieved from /opt/airflow/dags/main.py
[2025-12-16T16:31:54.330+0000] {logging_mixin.py:188} INFO - [2025-12-16T16:31:54.329+0000] {dag.py:3096} INFO - Sync 2 DAGs
[2025-12-16T16:31:54.357+0000] {logging_mixin.py:188} INFO - [2025-12-16T16:31:54.357+0000] {dag.py:3954} INFO - Setting next_dagrun for update_db to 2025-12-16 15:00:00+00:00, run_after=2025-12-17 15:00:00+00:00
[2025-12-16T16:31:54.365+0000] {logging_mixin.py:188} INFO - [2025-12-16T16:31:54.364+0000] {dag.py:3954} INFO - Setting next_dagrun for youtube_video_stats to 2025-12-16 14:00:00+00:00, run_after=2025-12-17 14:00:00+00:00
[2025-12-16T16:31:54.390+0000] {processor.py:183} INFO - Processing /opt/airflow/dags/main.py took 0.238 seconds
[2025-12-16T16:32:24.574+0000] {processor.py:161} INFO - Started process (PID=8142) to work on /opt/airflow/dags/main.py
[2025-12-16T16:32:24.576+0000] {processor.py:830} INFO - Processing file /opt/airflow/dags/main.py for tasks to queue
[2025-12-16T16:32:24.577+0000] {logging_mixin.py:188} INFO - [2025-12-16T16:32:24.576+0000] {dagbag.py:545} INFO - Filling up the DagBag from /opt/airflow/dags/main.py
[2025-12-16T16:32:24.765+0000] {processor.py:840} INFO - DAG(s) 'update_db', 'youtube_video_stats' retrieved from /opt/airflow/dags/main.py
[2025-12-16T16:32:24.813+0000] {logging_mixin.py:188} INFO - [2025-12-16T16:32:24.813+0000] {dag.py:3096} INFO - Sync 2 DAGs
[2025-12-16T16:32:24.862+0000] {logging_mixin.py:188} INFO - [2025-12-16T16:32:24.862+0000] {dag.py:3954} INFO - Setting next_dagrun for update_db to 2025-12-16 15:00:00+00:00, run_after=2025-12-17 15:00:00+00:00
[2025-12-16T16:32:24.870+0000] {logging_mixin.py:188} INFO - [2025-12-16T16:32:24.870+0000] {dag.py:3954} INFO - Setting next_dagrun for youtube_video_stats to 2025-12-16 14:00:00+00:00, run_after=2025-12-17 14:00:00+00:00
[2025-12-16T16:32:24.899+0000] {processor.py:183} INFO - Processing /opt/airflow/dags/main.py took 0.333 seconds
[2025-12-16T16:32:55.115+0000] {processor.py:161} INFO - Started process (PID=8149) to work on /opt/airflow/dags/main.py
[2025-12-16T16:32:55.117+0000] {processor.py:830} INFO - Processing file /opt/airflow/dags/main.py for tasks to queue
[2025-12-16T16:32:55.118+0000] {logging_mixin.py:188} INFO - [2025-12-16T16:32:55.118+0000] {dagbag.py:545} INFO - Filling up the DagBag from /opt/airflow/dags/main.py
[2025-12-16T16:32:55.227+0000] {processor.py:840} INFO - DAG(s) 'youtube_video_stats', 'update_db' retrieved from /opt/airflow/dags/main.py
[2025-12-16T16:32:55.264+0000] {logging_mixin.py:188} INFO - [2025-12-16T16:32:55.264+0000] {dag.py:3096} INFO - Sync 2 DAGs
[2025-12-16T16:32:55.290+0000] {logging_mixin.py:188} INFO - [2025-12-16T16:32:55.290+0000] {dag.py:3954} INFO - Setting next_dagrun for update_db to 2025-12-16 15:00:00+00:00, run_after=2025-12-17 15:00:00+00:00
[2025-12-16T16:32:55.297+0000] {logging_mixin.py:188} INFO - [2025-12-16T16:32:55.296+0000] {dag.py:3954} INFO - Setting next_dagrun for youtube_video_stats to 2025-12-16 14:00:00+00:00, run_after=2025-12-17 14:00:00+00:00
[2025-12-16T16:32:55.321+0000] {processor.py:183} INFO - Processing /opt/airflow/dags/main.py took 0.212 seconds
[2025-12-16T16:33:25.513+0000] {processor.py:161} INFO - Started process (PID=8156) to work on /opt/airflow/dags/main.py
[2025-12-16T16:33:25.515+0000] {processor.py:830} INFO - Processing file /opt/airflow/dags/main.py for tasks to queue
[2025-12-16T16:33:25.516+0000] {logging_mixin.py:188} INFO - [2025-12-16T16:33:25.516+0000] {dagbag.py:545} INFO - Filling up the DagBag from /opt/airflow/dags/main.py
[2025-12-16T16:33:25.631+0000] {processor.py:840} INFO - DAG(s) 'youtube_video_stats', 'update_db' retrieved from /opt/airflow/dags/main.py
[2025-12-16T16:33:25.672+0000] {logging_mixin.py:188} INFO - [2025-12-16T16:33:25.672+0000] {dag.py:3096} INFO - Sync 2 DAGs
[2025-12-16T16:33:25.702+0000] {logging_mixin.py:188} INFO - [2025-12-16T16:33:25.702+0000] {dag.py:3954} INFO - Setting next_dagrun for update_db to 2025-12-16 15:00:00+00:00, run_after=2025-12-17 15:00:00+00:00
[2025-12-16T16:33:25.710+0000] {logging_mixin.py:188} INFO - [2025-12-16T16:33:25.709+0000] {dag.py:3954} INFO - Setting next_dagrun for youtube_video_stats to 2025-12-16 14:00:00+00:00, run_after=2025-12-17 14:00:00+00:00
[2025-12-16T16:33:25.900+0000] {processor.py:183} INFO - Processing /opt/airflow/dags/main.py took 0.395 seconds
[2025-12-16T16:33:56.103+0000] {processor.py:161} INFO - Started process (PID=8163) to work on /opt/airflow/dags/main.py
[2025-12-16T16:33:56.104+0000] {processor.py:830} INFO - Processing file /opt/airflow/dags/main.py for tasks to queue
[2025-12-16T16:33:56.105+0000] {logging_mixin.py:188} INFO - [2025-12-16T16:33:56.105+0000] {dagbag.py:545} INFO - Filling up the DagBag from /opt/airflow/dags/main.py
[2025-12-16T16:33:56.217+0000] {processor.py:840} INFO - DAG(s) 'update_db', 'youtube_video_stats' retrieved from /opt/airflow/dags/main.py
[2025-12-16T16:33:56.257+0000] {logging_mixin.py:188} INFO - [2025-12-16T16:33:56.257+0000] {dag.py:3096} INFO - Sync 2 DAGs
[2025-12-16T16:33:56.423+0000] {logging_mixin.py:188} INFO - [2025-12-16T16:33:56.423+0000] {dag.py:3954} INFO - Setting next_dagrun for update_db to 2025-12-16 15:00:00+00:00, run_after=2025-12-17 15:00:00+00:00
[2025-12-16T16:33:56.429+0000] {logging_mixin.py:188} INFO - [2025-12-16T16:33:56.429+0000] {dag.py:3954} INFO - Setting next_dagrun for youtube_video_stats to 2025-12-16 14:00:00+00:00, run_after=2025-12-17 14:00:00+00:00
[2025-12-16T16:33:56.448+0000] {processor.py:183} INFO - Processing /opt/airflow/dags/main.py took 0.351 seconds
[2025-12-16T16:34:26.650+0000] {processor.py:161} INFO - Started process (PID=8170) to work on /opt/airflow/dags/main.py
[2025-12-16T16:34:26.651+0000] {processor.py:830} INFO - Processing file /opt/airflow/dags/main.py for tasks to queue
[2025-12-16T16:34:26.652+0000] {logging_mixin.py:188} INFO - [2025-12-16T16:34:26.652+0000] {dagbag.py:545} INFO - Filling up the DagBag from /opt/airflow/dags/main.py
[2025-12-16T16:34:26.791+0000] {processor.py:840} INFO - DAG(s) 'update_db', 'youtube_video_stats' retrieved from /opt/airflow/dags/main.py
[2025-12-16T16:34:26.823+0000] {logging_mixin.py:188} INFO - [2025-12-16T16:34:26.823+0000] {dag.py:3096} INFO - Sync 2 DAGs
[2025-12-16T16:34:26.981+0000] {logging_mixin.py:188} INFO - [2025-12-16T16:34:26.980+0000] {dag.py:3954} INFO - Setting next_dagrun for update_db to 2025-12-16 15:00:00+00:00, run_after=2025-12-17 15:00:00+00:00
[2025-12-16T16:34:26.985+0000] {logging_mixin.py:188} INFO - [2025-12-16T16:34:26.985+0000] {dag.py:3954} INFO - Setting next_dagrun for youtube_video_stats to 2025-12-16 14:00:00+00:00, run_after=2025-12-17 14:00:00+00:00
[2025-12-16T16:34:27.001+0000] {processor.py:183} INFO - Processing /opt/airflow/dags/main.py took 0.357 seconds
[2025-12-16T16:34:57.376+0000] {processor.py:161} INFO - Started process (PID=8177) to work on /opt/airflow/dags/main.py
[2025-12-16T16:34:57.378+0000] {processor.py:830} INFO - Processing file /opt/airflow/dags/main.py for tasks to queue
[2025-12-16T16:34:57.379+0000] {logging_mixin.py:188} INFO - [2025-12-16T16:34:57.379+0000] {dagbag.py:545} INFO - Filling up the DagBag from /opt/airflow/dags/main.py
[2025-12-16T16:34:57.497+0000] {processor.py:840} INFO - DAG(s) 'youtube_video_stats', 'update_db' retrieved from /opt/airflow/dags/main.py
[2025-12-16T16:34:57.536+0000] {logging_mixin.py:188} INFO - [2025-12-16T16:34:57.536+0000] {dag.py:3096} INFO - Sync 2 DAGs
[2025-12-16T16:34:57.563+0000] {logging_mixin.py:188} INFO - [2025-12-16T16:34:57.563+0000] {dag.py:3954} INFO - Setting next_dagrun for update_db to 2025-12-16 15:00:00+00:00, run_after=2025-12-17 15:00:00+00:00
[2025-12-16T16:34:57.569+0000] {logging_mixin.py:188} INFO - [2025-12-16T16:34:57.569+0000] {dag.py:3954} INFO - Setting next_dagrun for youtube_video_stats to 2025-12-16 14:00:00+00:00, run_after=2025-12-17 14:00:00+00:00
[2025-12-16T16:34:57.594+0000] {processor.py:183} INFO - Processing /opt/airflow/dags/main.py took 0.226 seconds
[2025-12-16T16:35:27.842+0000] {processor.py:161} INFO - Started process (PID=8184) to work on /opt/airflow/dags/main.py
[2025-12-16T16:35:27.843+0000] {processor.py:830} INFO - Processing file /opt/airflow/dags/main.py for tasks to queue
[2025-12-16T16:35:27.845+0000] {logging_mixin.py:188} INFO - [2025-12-16T16:35:27.845+0000] {dagbag.py:545} INFO - Filling up the DagBag from /opt/airflow/dags/main.py
[2025-12-16T16:35:27.970+0000] {processor.py:840} INFO - DAG(s) 'youtube_video_stats', 'update_db' retrieved from /opt/airflow/dags/main.py
[2025-12-16T16:35:28.011+0000] {logging_mixin.py:188} INFO - [2025-12-16T16:35:28.011+0000] {dag.py:3096} INFO - Sync 2 DAGs
[2025-12-16T16:35:28.044+0000] {logging_mixin.py:188} INFO - [2025-12-16T16:35:28.043+0000] {dag.py:3954} INFO - Setting next_dagrun for update_db to 2025-12-16 15:00:00+00:00, run_after=2025-12-17 15:00:00+00:00
[2025-12-16T16:35:28.052+0000] {logging_mixin.py:188} INFO - [2025-12-16T16:35:28.052+0000] {dag.py:3954} INFO - Setting next_dagrun for youtube_video_stats to 2025-12-16 14:00:00+00:00, run_after=2025-12-17 14:00:00+00:00
[2025-12-16T16:35:28.078+0000] {processor.py:183} INFO - Processing /opt/airflow/dags/main.py took 0.246 seconds
[2025-12-16T16:35:58.279+0000] {processor.py:161} INFO - Started process (PID=8191) to work on /opt/airflow/dags/main.py
[2025-12-16T16:35:58.281+0000] {processor.py:830} INFO - Processing file /opt/airflow/dags/main.py for tasks to queue
[2025-12-16T16:35:58.282+0000] {logging_mixin.py:188} INFO - [2025-12-16T16:35:58.282+0000] {dagbag.py:545} INFO - Filling up the DagBag from /opt/airflow/dags/main.py
[2025-12-16T16:35:58.387+0000] {processor.py:840} INFO - DAG(s) 'youtube_video_stats', 'update_db' retrieved from /opt/airflow/dags/main.py
[2025-12-16T16:35:58.422+0000] {logging_mixin.py:188} INFO - [2025-12-16T16:35:58.422+0000] {dag.py:3096} INFO - Sync 2 DAGs
[2025-12-16T16:35:58.448+0000] {logging_mixin.py:188} INFO - [2025-12-16T16:35:58.448+0000] {dag.py:3954} INFO - Setting next_dagrun for update_db to 2025-12-16 15:00:00+00:00, run_after=2025-12-17 15:00:00+00:00
[2025-12-16T16:35:58.455+0000] {logging_mixin.py:188} INFO - [2025-12-16T16:35:58.454+0000] {dag.py:3954} INFO - Setting next_dagrun for youtube_video_stats to 2025-12-16 14:00:00+00:00, run_after=2025-12-17 14:00:00+00:00
[2025-12-16T16:35:58.479+0000] {processor.py:183} INFO - Processing /opt/airflow/dags/main.py took 0.207 seconds
[2025-12-16T16:36:28.672+0000] {processor.py:161} INFO - Started process (PID=8198) to work on /opt/airflow/dags/main.py
[2025-12-16T16:36:28.673+0000] {processor.py:830} INFO - Processing file /opt/airflow/dags/main.py for tasks to queue
[2025-12-16T16:36:28.674+0000] {logging_mixin.py:188} INFO - [2025-12-16T16:36:28.674+0000] {dagbag.py:545} INFO - Filling up the DagBag from /opt/airflow/dags/main.py
[2025-12-16T16:36:28.748+0000] {processor.py:840} INFO - DAG(s) 'youtube_video_stats', 'update_db' retrieved from /opt/airflow/dags/main.py
[2025-12-16T16:36:28.773+0000] {logging_mixin.py:188} INFO - [2025-12-16T16:36:28.773+0000] {dag.py:3096} INFO - Sync 2 DAGs
[2025-12-16T16:36:28.794+0000] {logging_mixin.py:188} INFO - [2025-12-16T16:36:28.794+0000] {dag.py:3954} INFO - Setting next_dagrun for update_db to 2025-12-16 15:00:00+00:00, run_after=2025-12-17 15:00:00+00:00
[2025-12-16T16:36:28.932+0000] {logging_mixin.py:188} INFO - [2025-12-16T16:36:28.932+0000] {dag.py:3954} INFO - Setting next_dagrun for youtube_video_stats to 2025-12-16 14:00:00+00:00, run_after=2025-12-17 14:00:00+00:00
[2025-12-16T16:36:28.953+0000] {processor.py:183} INFO - Processing /opt/airflow/dags/main.py took 0.286 seconds
[2025-12-16T16:36:59.161+0000] {processor.py:161} INFO - Started process (PID=8205) to work on /opt/airflow/dags/main.py
[2025-12-16T16:36:59.163+0000] {processor.py:830} INFO - Processing file /opt/airflow/dags/main.py for tasks to queue
[2025-12-16T16:36:59.163+0000] {logging_mixin.py:188} INFO - [2025-12-16T16:36:59.163+0000] {dagbag.py:545} INFO - Filling up the DagBag from /opt/airflow/dags/main.py
[2025-12-16T16:36:59.290+0000] {processor.py:840} INFO - DAG(s) 'youtube_video_stats', 'update_db' retrieved from /opt/airflow/dags/main.py
[2025-12-16T16:36:59.318+0000] {logging_mixin.py:188} INFO - [2025-12-16T16:36:59.317+0000] {dag.py:3096} INFO - Sync 2 DAGs
[2025-12-16T16:36:59.471+0000] {logging_mixin.py:188} INFO - [2025-12-16T16:36:59.471+0000] {dag.py:3954} INFO - Setting next_dagrun for update_db to 2025-12-16 15:00:00+00:00, run_after=2025-12-17 15:00:00+00:00
[2025-12-16T16:36:59.476+0000] {logging_mixin.py:188} INFO - [2025-12-16T16:36:59.476+0000] {dag.py:3954} INFO - Setting next_dagrun for youtube_video_stats to 2025-12-16 14:00:00+00:00, run_after=2025-12-17 14:00:00+00:00
[2025-12-16T16:36:59.494+0000] {processor.py:183} INFO - Processing /opt/airflow/dags/main.py took 0.341 seconds
[2025-12-16T16:37:29.707+0000] {processor.py:161} INFO - Started process (PID=8212) to work on /opt/airflow/dags/main.py
[2025-12-16T16:37:29.708+0000] {processor.py:830} INFO - Processing file /opt/airflow/dags/main.py for tasks to queue
[2025-12-16T16:37:29.709+0000] {logging_mixin.py:188} INFO - [2025-12-16T16:37:29.709+0000] {dagbag.py:545} INFO - Filling up the DagBag from /opt/airflow/dags/main.py
[2025-12-16T16:37:29.779+0000] {processor.py:840} INFO - DAG(s) 'youtube_video_stats', 'update_db' retrieved from /opt/airflow/dags/main.py
[2025-12-16T16:37:29.806+0000] {logging_mixin.py:188} INFO - [2025-12-16T16:37:29.806+0000] {dag.py:3096} INFO - Sync 2 DAGs
[2025-12-16T16:37:29.960+0000] {logging_mixin.py:188} INFO - [2025-12-16T16:37:29.960+0000] {dag.py:3954} INFO - Setting next_dagrun for update_db to 2025-12-16 15:00:00+00:00, run_after=2025-12-17 15:00:00+00:00
[2025-12-16T16:37:29.965+0000] {logging_mixin.py:188} INFO - [2025-12-16T16:37:29.965+0000] {dag.py:3954} INFO - Setting next_dagrun for youtube_video_stats to 2025-12-16 14:00:00+00:00, run_after=2025-12-17 14:00:00+00:00
[2025-12-16T16:37:29.984+0000] {processor.py:183} INFO - Processing /opt/airflow/dags/main.py took 0.283 seconds
[2025-12-16T16:38:00.197+0000] {processor.py:161} INFO - Started process (PID=8219) to work on /opt/airflow/dags/main.py
[2025-12-16T16:38:00.198+0000] {processor.py:830} INFO - Processing file /opt/airflow/dags/main.py for tasks to queue
[2025-12-16T16:38:00.199+0000] {logging_mixin.py:188} INFO - [2025-12-16T16:38:00.199+0000] {dagbag.py:545} INFO - Filling up the DagBag from /opt/airflow/dags/main.py
[2025-12-16T16:38:00.305+0000] {processor.py:840} INFO - DAG(s) 'youtube_video_stats', 'update_db' retrieved from /opt/airflow/dags/main.py
[2025-12-16T16:38:00.344+0000] {logging_mixin.py:188} INFO - [2025-12-16T16:38:00.343+0000] {dag.py:3096} INFO - Sync 2 DAGs
[2025-12-16T16:38:00.379+0000] {logging_mixin.py:188} INFO - [2025-12-16T16:38:00.378+0000] {dag.py:3954} INFO - Setting next_dagrun for update_db to 2025-12-16 15:00:00+00:00, run_after=2025-12-17 15:00:00+00:00
[2025-12-16T16:38:00.387+0000] {logging_mixin.py:188} INFO - [2025-12-16T16:38:00.386+0000] {dag.py:3954} INFO - Setting next_dagrun for youtube_video_stats to 2025-12-16 14:00:00+00:00, run_after=2025-12-17 14:00:00+00:00
[2025-12-16T16:38:00.404+0000] {processor.py:183} INFO - Processing /opt/airflow/dags/main.py took 0.213 seconds
[2025-12-16T16:38:30.598+0000] {processor.py:161} INFO - Started process (PID=8226) to work on /opt/airflow/dags/main.py
[2025-12-16T16:38:30.600+0000] {processor.py:830} INFO - Processing file /opt/airflow/dags/main.py for tasks to queue
[2025-12-16T16:38:30.601+0000] {logging_mixin.py:188} INFO - [2025-12-16T16:38:30.600+0000] {dagbag.py:545} INFO - Filling up the DagBag from /opt/airflow/dags/main.py
[2025-12-16T16:38:30.676+0000] {processor.py:840} INFO - DAG(s) 'youtube_video_stats', 'update_db' retrieved from /opt/airflow/dags/main.py
[2025-12-16T16:38:30.704+0000] {logging_mixin.py:188} INFO - [2025-12-16T16:38:30.704+0000] {dag.py:3096} INFO - Sync 2 DAGs
[2025-12-16T16:38:30.723+0000] {logging_mixin.py:188} INFO - [2025-12-16T16:38:30.723+0000] {dag.py:3954} INFO - Setting next_dagrun for update_db to 2025-12-16 15:00:00+00:00, run_after=2025-12-17 15:00:00+00:00
[2025-12-16T16:38:30.728+0000] {logging_mixin.py:188} INFO - [2025-12-16T16:38:30.728+0000] {dag.py:3954} INFO - Setting next_dagrun for youtube_video_stats to 2025-12-16 14:00:00+00:00, run_after=2025-12-17 14:00:00+00:00
[2025-12-16T16:38:30.744+0000] {processor.py:183} INFO - Processing /opt/airflow/dags/main.py took 0.152 seconds
[2025-12-16T16:39:00.828+0000] {processor.py:161} INFO - Started process (PID=8233) to work on /opt/airflow/dags/main.py
[2025-12-16T16:39:00.829+0000] {processor.py:830} INFO - Processing file /opt/airflow/dags/main.py for tasks to queue
[2025-12-16T16:39:00.830+0000] {logging_mixin.py:188} INFO - [2025-12-16T16:39:00.830+0000] {dagbag.py:545} INFO - Filling up the DagBag from /opt/airflow/dags/main.py
[2025-12-16T16:39:00.915+0000] {processor.py:840} INFO - DAG(s) 'youtube_video_stats', 'update_db' retrieved from /opt/airflow/dags/main.py
[2025-12-16T16:39:00.945+0000] {logging_mixin.py:188} INFO - [2025-12-16T16:39:00.944+0000] {dag.py:3096} INFO - Sync 2 DAGs
[2025-12-16T16:39:00.983+0000] {logging_mixin.py:188} INFO - [2025-12-16T16:39:00.983+0000] {dag.py:3954} INFO - Setting next_dagrun for update_db to 2025-12-16 15:00:00+00:00, run_after=2025-12-17 15:00:00+00:00
[2025-12-16T16:39:00.991+0000] {logging_mixin.py:188} INFO - [2025-12-16T16:39:00.991+0000] {dag.py:3954} INFO - Setting next_dagrun for youtube_video_stats to 2025-12-16 14:00:00+00:00, run_after=2025-12-17 14:00:00+00:00
[2025-12-16T16:39:01.167+0000] {processor.py:183} INFO - Processing /opt/airflow/dags/main.py took 0.346 seconds
[2025-12-16T16:39:31.357+0000] {processor.py:161} INFO - Started process (PID=8240) to work on /opt/airflow/dags/main.py
[2025-12-16T16:39:31.358+0000] {processor.py:830} INFO - Processing file /opt/airflow/dags/main.py for tasks to queue
[2025-12-16T16:39:31.359+0000] {logging_mixin.py:188} INFO - [2025-12-16T16:39:31.359+0000] {dagbag.py:545} INFO - Filling up the DagBag from /opt/airflow/dags/main.py
[2025-12-16T16:39:31.436+0000] {processor.py:840} INFO - DAG(s) 'update_db', 'youtube_video_stats' retrieved from /opt/airflow/dags/main.py
[2025-12-16T16:39:31.462+0000] {logging_mixin.py:188} INFO - [2025-12-16T16:39:31.461+0000] {dag.py:3096} INFO - Sync 2 DAGs
[2025-12-16T16:39:31.622+0000] {logging_mixin.py:188} INFO - [2025-12-16T16:39:31.621+0000] {dag.py:3954} INFO - Setting next_dagrun for update_db to 2025-12-16 15:00:00+00:00, run_after=2025-12-17 15:00:00+00:00
[2025-12-16T16:39:31.628+0000] {logging_mixin.py:188} INFO - [2025-12-16T16:39:31.628+0000] {dag.py:3954} INFO - Setting next_dagrun for youtube_video_stats to 2025-12-16 14:00:00+00:00, run_after=2025-12-17 14:00:00+00:00
[2025-12-16T16:39:31.651+0000] {processor.py:183} INFO - Processing /opt/airflow/dags/main.py took 0.299 seconds
[2025-12-16T16:40:01.855+0000] {processor.py:161} INFO - Started process (PID=8247) to work on /opt/airflow/dags/main.py
[2025-12-16T16:40:01.856+0000] {processor.py:830} INFO - Processing file /opt/airflow/dags/main.py for tasks to queue
[2025-12-16T16:40:01.857+0000] {logging_mixin.py:188} INFO - [2025-12-16T16:40:01.857+0000] {dagbag.py:545} INFO - Filling up the DagBag from /opt/airflow/dags/main.py
[2025-12-16T16:40:01.934+0000] {processor.py:840} INFO - DAG(s) 'update_db', 'youtube_video_stats' retrieved from /opt/airflow/dags/main.py
[2025-12-16T16:40:01.965+0000] {logging_mixin.py:188} INFO - [2025-12-16T16:40:01.964+0000] {dag.py:3096} INFO - Sync 2 DAGs
[2025-12-16T16:40:02.121+0000] {logging_mixin.py:188} INFO - [2025-12-16T16:40:02.120+0000] {dag.py:3954} INFO - Setting next_dagrun for update_db to 2025-12-16 15:00:00+00:00, run_after=2025-12-17 15:00:00+00:00
[2025-12-16T16:40:02.126+0000] {logging_mixin.py:188} INFO - [2025-12-16T16:40:02.126+0000] {dag.py:3954} INFO - Setting next_dagrun for youtube_video_stats to 2025-12-16 14:00:00+00:00, run_after=2025-12-17 14:00:00+00:00
[2025-12-16T16:40:02.148+0000] {processor.py:183} INFO - Processing /opt/airflow/dags/main.py took 0.298 seconds
[2025-12-16T16:40:32.356+0000] {processor.py:161} INFO - Started process (PID=8254) to work on /opt/airflow/dags/main.py
[2025-12-16T16:40:32.357+0000] {processor.py:830} INFO - Processing file /opt/airflow/dags/main.py for tasks to queue
[2025-12-16T16:40:32.359+0000] {logging_mixin.py:188} INFO - [2025-12-16T16:40:32.358+0000] {dagbag.py:545} INFO - Filling up the DagBag from /opt/airflow/dags/main.py
[2025-12-16T16:40:32.469+0000] {processor.py:840} INFO - DAG(s) 'youtube_video_stats', 'update_db' retrieved from /opt/airflow/dags/main.py
[2025-12-16T16:40:32.506+0000] {logging_mixin.py:188} INFO - [2025-12-16T16:40:32.506+0000] {dag.py:3096} INFO - Sync 2 DAGs
[2025-12-16T16:40:32.603+0000] {logging_mixin.py:188} INFO - [2025-12-16T16:40:32.603+0000] {dag.py:3954} INFO - Setting next_dagrun for update_db to 2025-12-16 15:00:00+00:00, run_after=2025-12-17 15:00:00+00:00
[2025-12-16T16:40:32.613+0000] {logging_mixin.py:188} INFO - [2025-12-16T16:40:32.613+0000] {dag.py:3954} INFO - Setting next_dagrun for youtube_video_stats to 2025-12-16 14:00:00+00:00, run_after=2025-12-17 14:00:00+00:00
[2025-12-16T16:40:32.651+0000] {processor.py:183} INFO - Processing /opt/airflow/dags/main.py took 0.304 seconds
[2025-12-16T16:41:02.860+0000] {processor.py:161} INFO - Started process (PID=8261) to work on /opt/airflow/dags/main.py
[2025-12-16T16:41:02.861+0000] {processor.py:830} INFO - Processing file /opt/airflow/dags/main.py for tasks to queue
[2025-12-16T16:41:02.863+0000] {logging_mixin.py:188} INFO - [2025-12-16T16:41:02.862+0000] {dagbag.py:545} INFO - Filling up the DagBag from /opt/airflow/dags/main.py
[2025-12-16T16:41:02.958+0000] {processor.py:840} INFO - DAG(s) 'youtube_video_stats', 'update_db' retrieved from /opt/airflow/dags/main.py
[2025-12-16T16:41:02.990+0000] {logging_mixin.py:188} INFO - [2025-12-16T16:41:02.990+0000] {dag.py:3096} INFO - Sync 2 DAGs
[2025-12-16T16:41:03.012+0000] {logging_mixin.py:188} INFO - [2025-12-16T16:41:03.012+0000] {dag.py:3954} INFO - Setting next_dagrun for update_db to 2025-12-16 15:00:00+00:00, run_after=2025-12-17 15:00:00+00:00
[2025-12-16T16:41:03.018+0000] {logging_mixin.py:188} INFO - [2025-12-16T16:41:03.018+0000] {dag.py:3954} INFO - Setting next_dagrun for youtube_video_stats to 2025-12-16 14:00:00+00:00, run_after=2025-12-17 14:00:00+00:00
[2025-12-16T16:41:03.039+0000] {processor.py:183} INFO - Processing /opt/airflow/dags/main.py took 0.187 seconds
[2025-12-16T16:41:33.281+0000] {processor.py:161} INFO - Started process (PID=8268) to work on /opt/airflow/dags/main.py
[2025-12-16T16:41:33.283+0000] {processor.py:830} INFO - Processing file /opt/airflow/dags/main.py for tasks to queue
[2025-12-16T16:41:33.285+0000] {logging_mixin.py:188} INFO - [2025-12-16T16:41:33.284+0000] {dagbag.py:545} INFO - Filling up the DagBag from /opt/airflow/dags/main.py
[2025-12-16T16:41:33.573+0000] {processor.py:840} INFO - DAG(s) 'youtube_video_stats', 'update_db' retrieved from /opt/airflow/dags/main.py
[2025-12-16T16:41:33.722+0000] {logging_mixin.py:188} INFO - [2025-12-16T16:41:33.714+0000] {dag.py:3096} INFO - Sync 2 DAGs
[2025-12-16T16:41:33.810+0000] {logging_mixin.py:188} INFO - [2025-12-16T16:41:33.809+0000] {dag.py:3954} INFO - Setting next_dagrun for update_db to 2025-12-16 15:00:00+00:00, run_after=2025-12-17 15:00:00+00:00
[2025-12-16T16:41:33.837+0000] {logging_mixin.py:188} INFO - [2025-12-16T16:41:33.837+0000] {dag.py:3954} INFO - Setting next_dagrun for youtube_video_stats to 2025-12-16 14:00:00+00:00, run_after=2025-12-17 14:00:00+00:00
[2025-12-16T16:41:33.936+0000] {processor.py:183} INFO - Processing /opt/airflow/dags/main.py took 0.675 seconds
[2025-12-16T16:42:04.154+0000] {processor.py:161} INFO - Started process (PID=8275) to work on /opt/airflow/dags/main.py
[2025-12-16T16:42:04.155+0000] {processor.py:830} INFO - Processing file /opt/airflow/dags/main.py for tasks to queue
[2025-12-16T16:42:04.156+0000] {logging_mixin.py:188} INFO - [2025-12-16T16:42:04.156+0000] {dagbag.py:545} INFO - Filling up the DagBag from /opt/airflow/dags/main.py
[2025-12-16T16:42:04.259+0000] {processor.py:840} INFO - DAG(s) 'update_db', 'youtube_video_stats' retrieved from /opt/airflow/dags/main.py
[2025-12-16T16:42:04.296+0000] {logging_mixin.py:188} INFO - [2025-12-16T16:42:04.296+0000] {dag.py:3096} INFO - Sync 2 DAGs
[2025-12-16T16:42:04.321+0000] {logging_mixin.py:188} INFO - [2025-12-16T16:42:04.321+0000] {dag.py:3954} INFO - Setting next_dagrun for update_db to 2025-12-16 15:00:00+00:00, run_after=2025-12-17 15:00:00+00:00
[2025-12-16T16:42:04.326+0000] {logging_mixin.py:188} INFO - [2025-12-16T16:42:04.326+0000] {dag.py:3954} INFO - Setting next_dagrun for youtube_video_stats to 2025-12-16 14:00:00+00:00, run_after=2025-12-17 14:00:00+00:00
[2025-12-16T16:42:04.717+0000] {processor.py:183} INFO - Processing /opt/airflow/dags/main.py took 0.571 seconds
[2025-12-16T16:42:34.912+0000] {processor.py:161} INFO - Started process (PID=8282) to work on /opt/airflow/dags/main.py
[2025-12-16T16:42:34.913+0000] {processor.py:830} INFO - Processing file /opt/airflow/dags/main.py for tasks to queue
[2025-12-16T16:42:34.914+0000] {logging_mixin.py:188} INFO - [2025-12-16T16:42:34.914+0000] {dagbag.py:545} INFO - Filling up the DagBag from /opt/airflow/dags/main.py
[2025-12-16T16:42:35.008+0000] {processor.py:840} INFO - DAG(s) 'youtube_video_stats', 'update_db' retrieved from /opt/airflow/dags/main.py
[2025-12-16T16:42:35.036+0000] {logging_mixin.py:188} INFO - [2025-12-16T16:42:35.036+0000] {dag.py:3096} INFO - Sync 2 DAGs
[2025-12-16T16:42:35.200+0000] {logging_mixin.py:188} INFO - [2025-12-16T16:42:35.200+0000] {dag.py:3954} INFO - Setting next_dagrun for update_db to 2025-12-16 15:00:00+00:00, run_after=2025-12-17 15:00:00+00:00
[2025-12-16T16:42:35.206+0000] {logging_mixin.py:188} INFO - [2025-12-16T16:42:35.206+0000] {dag.py:3954} INFO - Setting next_dagrun for youtube_video_stats to 2025-12-16 14:00:00+00:00, run_after=2025-12-17 14:00:00+00:00
[2025-12-16T16:42:35.247+0000] {processor.py:183} INFO - Processing /opt/airflow/dags/main.py took 0.340 seconds
[2025-12-16T16:43:05.472+0000] {processor.py:161} INFO - Started process (PID=8289) to work on /opt/airflow/dags/main.py
[2025-12-16T16:43:05.473+0000] {processor.py:830} INFO - Processing file /opt/airflow/dags/main.py for tasks to queue
[2025-12-16T16:43:05.474+0000] {logging_mixin.py:188} INFO - [2025-12-16T16:43:05.474+0000] {dagbag.py:545} INFO - Filling up the DagBag from /opt/airflow/dags/main.py
[2025-12-16T16:43:05.633+0000] {processor.py:840} INFO - DAG(s) 'update_db', 'youtube_video_stats' retrieved from /opt/airflow/dags/main.py
[2025-12-16T16:43:05.692+0000] {logging_mixin.py:188} INFO - [2025-12-16T16:43:05.692+0000] {dag.py:3096} INFO - Sync 2 DAGs
[2025-12-16T16:43:05.907+0000] {logging_mixin.py:188} INFO - [2025-12-16T16:43:05.906+0000] {dag.py:3954} INFO - Setting next_dagrun for update_db to 2025-12-16 15:00:00+00:00, run_after=2025-12-17 15:00:00+00:00
[2025-12-16T16:43:05.916+0000] {logging_mixin.py:188} INFO - [2025-12-16T16:43:05.916+0000] {dag.py:3954} INFO - Setting next_dagrun for youtube_video_stats to 2025-12-16 14:00:00+00:00, run_after=2025-12-17 14:00:00+00:00
[2025-12-16T16:43:05.940+0000] {processor.py:183} INFO - Processing /opt/airflow/dags/main.py took 0.482 seconds
[2025-12-16T16:43:36.144+0000] {processor.py:161} INFO - Started process (PID=8296) to work on /opt/airflow/dags/main.py
[2025-12-16T16:43:36.145+0000] {processor.py:830} INFO - Processing file /opt/airflow/dags/main.py for tasks to queue
[2025-12-16T16:43:36.146+0000] {logging_mixin.py:188} INFO - [2025-12-16T16:43:36.146+0000] {dagbag.py:545} INFO - Filling up the DagBag from /opt/airflow/dags/main.py
[2025-12-16T16:43:36.219+0000] {processor.py:840} INFO - DAG(s) 'update_db', 'youtube_video_stats' retrieved from /opt/airflow/dags/main.py
[2025-12-16T16:43:36.246+0000] {logging_mixin.py:188} INFO - [2025-12-16T16:43:36.246+0000] {dag.py:3096} INFO - Sync 2 DAGs
[2025-12-16T16:43:36.265+0000] {logging_mixin.py:188} INFO - [2025-12-16T16:43:36.265+0000] {dag.py:3954} INFO - Setting next_dagrun for update_db to 2025-12-16 15:00:00+00:00, run_after=2025-12-17 15:00:00+00:00
[2025-12-16T16:43:36.270+0000] {logging_mixin.py:188} INFO - [2025-12-16T16:43:36.269+0000] {dag.py:3954} INFO - Setting next_dagrun for youtube_video_stats to 2025-12-16 14:00:00+00:00, run_after=2025-12-17 14:00:00+00:00
[2025-12-16T16:43:36.292+0000] {processor.py:183} INFO - Processing /opt/airflow/dags/main.py took 0.153 seconds
[2025-12-16T16:44:06.361+0000] {processor.py:161} INFO - Started process (PID=8303) to work on /opt/airflow/dags/main.py
[2025-12-16T16:44:06.362+0000] {processor.py:830} INFO - Processing file /opt/airflow/dags/main.py for tasks to queue
[2025-12-16T16:44:06.363+0000] {logging_mixin.py:188} INFO - [2025-12-16T16:44:06.363+0000] {dagbag.py:545} INFO - Filling up the DagBag from /opt/airflow/dags/main.py
[2025-12-16T16:44:06.449+0000] {processor.py:840} INFO - DAG(s) 'update_db', 'youtube_video_stats' retrieved from /opt/airflow/dags/main.py
[2025-12-16T16:44:06.476+0000] {logging_mixin.py:188} INFO - [2025-12-16T16:44:06.476+0000] {dag.py:3096} INFO - Sync 2 DAGs
[2025-12-16T16:44:06.495+0000] {logging_mixin.py:188} INFO - [2025-12-16T16:44:06.495+0000] {dag.py:3954} INFO - Setting next_dagrun for update_db to 2025-12-16 15:00:00+00:00, run_after=2025-12-17 15:00:00+00:00
[2025-12-16T16:44:06.501+0000] {logging_mixin.py:188} INFO - [2025-12-16T16:44:06.500+0000] {dag.py:3954} INFO - Setting next_dagrun for youtube_video_stats to 2025-12-16 14:00:00+00:00, run_after=2025-12-17 14:00:00+00:00
[2025-12-16T16:44:06.519+0000] {processor.py:183} INFO - Processing /opt/airflow/dags/main.py took 0.164 seconds
[2025-12-16T16:44:36.693+0000] {processor.py:161} INFO - Started process (PID=8310) to work on /opt/airflow/dags/main.py
[2025-12-16T16:44:36.695+0000] {processor.py:830} INFO - Processing file /opt/airflow/dags/main.py for tasks to queue
[2025-12-16T16:44:36.697+0000] {logging_mixin.py:188} INFO - [2025-12-16T16:44:36.696+0000] {dagbag.py:545} INFO - Filling up the DagBag from /opt/airflow/dags/main.py
[2025-12-16T16:44:36.914+0000] {processor.py:840} INFO - DAG(s) 'update_db', 'youtube_video_stats' retrieved from /opt/airflow/dags/main.py
[2025-12-16T16:44:36.961+0000] {logging_mixin.py:188} INFO - [2025-12-16T16:44:36.960+0000] {dag.py:3096} INFO - Sync 2 DAGs
[2025-12-16T16:44:36.991+0000] {logging_mixin.py:188} INFO - [2025-12-16T16:44:36.991+0000] {dag.py:3954} INFO - Setting next_dagrun for update_db to 2025-12-16 15:00:00+00:00, run_after=2025-12-17 15:00:00+00:00
[2025-12-16T16:44:36.998+0000] {logging_mixin.py:188} INFO - [2025-12-16T16:44:36.998+0000] {dag.py:3954} INFO - Setting next_dagrun for youtube_video_stats to 2025-12-16 14:00:00+00:00, run_after=2025-12-17 14:00:00+00:00
[2025-12-16T16:44:37.024+0000] {processor.py:183} INFO - Processing /opt/airflow/dags/main.py took 0.340 seconds
[2025-12-16T16:45:07.187+0000] {processor.py:161} INFO - Started process (PID=8318) to work on /opt/airflow/dags/main.py
[2025-12-16T16:45:07.192+0000] {processor.py:830} INFO - Processing file /opt/airflow/dags/main.py for tasks to queue
[2025-12-16T16:45:07.194+0000] {logging_mixin.py:188} INFO - [2025-12-16T16:45:07.193+0000] {dagbag.py:545} INFO - Filling up the DagBag from /opt/airflow/dags/main.py
[2025-12-16T16:45:07.390+0000] {processor.py:840} INFO - DAG(s) 'youtube_video_stats', 'update_db' retrieved from /opt/airflow/dags/main.py
[2025-12-16T16:45:07.454+0000] {logging_mixin.py:188} INFO - [2025-12-16T16:45:07.454+0000] {dag.py:3096} INFO - Sync 2 DAGs
[2025-12-16T16:45:08.381+0000] {logging_mixin.py:188} INFO - [2025-12-16T16:45:08.381+0000] {dag.py:3954} INFO - Setting next_dagrun for update_db to 2025-12-16 15:00:00+00:00, run_after=2025-12-17 15:00:00+00:00
[2025-12-16T16:45:08.390+0000] {logging_mixin.py:188} INFO - [2025-12-16T16:45:08.390+0000] {dag.py:3954} INFO - Setting next_dagrun for youtube_video_stats to 2025-12-16 14:00:00+00:00, run_after=2025-12-17 14:00:00+00:00
[2025-12-16T16:45:08.414+0000] {processor.py:183} INFO - Processing /opt/airflow/dags/main.py took 1.239 seconds
[2025-12-16T16:45:38.618+0000] {processor.py:161} INFO - Started process (PID=8325) to work on /opt/airflow/dags/main.py
[2025-12-16T16:45:38.619+0000] {processor.py:830} INFO - Processing file /opt/airflow/dags/main.py for tasks to queue
[2025-12-16T16:45:38.620+0000] {logging_mixin.py:188} INFO - [2025-12-16T16:45:38.620+0000] {dagbag.py:545} INFO - Filling up the DagBag from /opt/airflow/dags/main.py
[2025-12-16T16:45:38.694+0000] {processor.py:840} INFO - DAG(s) 'youtube_video_stats', 'update_db' retrieved from /opt/airflow/dags/main.py
[2025-12-16T16:45:38.721+0000] {logging_mixin.py:188} INFO - [2025-12-16T16:45:38.721+0000] {dag.py:3096} INFO - Sync 2 DAGs
[2025-12-16T16:45:38.869+0000] {logging_mixin.py:188} INFO - [2025-12-16T16:45:38.869+0000] {dag.py:3954} INFO - Setting next_dagrun for update_db to 2025-12-16 15:00:00+00:00, run_after=2025-12-17 15:00:00+00:00
[2025-12-16T16:45:38.874+0000] {logging_mixin.py:188} INFO - [2025-12-16T16:45:38.874+0000] {dag.py:3954} INFO - Setting next_dagrun for youtube_video_stats to 2025-12-16 14:00:00+00:00, run_after=2025-12-17 14:00:00+00:00
[2025-12-16T16:45:38.890+0000] {processor.py:183} INFO - Processing /opt/airflow/dags/main.py took 0.278 seconds
[2025-12-16T16:46:09.112+0000] {processor.py:161} INFO - Started process (PID=8332) to work on /opt/airflow/dags/main.py
[2025-12-16T16:46:09.113+0000] {processor.py:830} INFO - Processing file /opt/airflow/dags/main.py for tasks to queue
[2025-12-16T16:46:09.114+0000] {logging_mixin.py:188} INFO - [2025-12-16T16:46:09.114+0000] {dagbag.py:545} INFO - Filling up the DagBag from /opt/airflow/dags/main.py
[2025-12-16T16:46:09.185+0000] {processor.py:840} INFO - DAG(s) 'update_db', 'youtube_video_stats' retrieved from /opt/airflow/dags/main.py
[2025-12-16T16:46:09.337+0000] {logging_mixin.py:188} INFO - [2025-12-16T16:46:09.337+0000] {dag.py:3096} INFO - Sync 2 DAGs
[2025-12-16T16:46:09.356+0000] {logging_mixin.py:188} INFO - [2025-12-16T16:46:09.356+0000] {dag.py:3954} INFO - Setting next_dagrun for update_db to 2025-12-16 15:00:00+00:00, run_after=2025-12-17 15:00:00+00:00
[2025-12-16T16:46:09.360+0000] {logging_mixin.py:188} INFO - [2025-12-16T16:46:09.360+0000] {dag.py:3954} INFO - Setting next_dagrun for youtube_video_stats to 2025-12-16 14:00:00+00:00, run_after=2025-12-17 14:00:00+00:00
[2025-12-16T16:46:09.385+0000] {processor.py:183} INFO - Processing /opt/airflow/dags/main.py took 0.279 seconds
[2025-12-16T16:46:39.597+0000] {processor.py:161} INFO - Started process (PID=8339) to work on /opt/airflow/dags/main.py
[2025-12-16T16:46:39.598+0000] {processor.py:830} INFO - Processing file /opt/airflow/dags/main.py for tasks to queue
[2025-12-16T16:46:39.599+0000] {logging_mixin.py:188} INFO - [2025-12-16T16:46:39.599+0000] {dagbag.py:545} INFO - Filling up the DagBag from /opt/airflow/dags/main.py
[2025-12-16T16:46:39.673+0000] {processor.py:840} INFO - DAG(s) 'youtube_video_stats', 'update_db' retrieved from /opt/airflow/dags/main.py
[2025-12-16T16:46:39.700+0000] {logging_mixin.py:188} INFO - [2025-12-16T16:46:39.699+0000] {dag.py:3096} INFO - Sync 2 DAGs
[2025-12-16T16:46:39.717+0000] {logging_mixin.py:188} INFO - [2025-12-16T16:46:39.717+0000] {dag.py:3954} INFO - Setting next_dagrun for update_db to 2025-12-16 15:00:00+00:00, run_after=2025-12-17 15:00:00+00:00
[2025-12-16T16:46:39.723+0000] {logging_mixin.py:188} INFO - [2025-12-16T16:46:39.722+0000] {dag.py:3954} INFO - Setting next_dagrun for youtube_video_stats to 2025-12-16 14:00:00+00:00, run_after=2025-12-17 14:00:00+00:00
[2025-12-16T16:46:39.744+0000] {processor.py:183} INFO - Processing /opt/airflow/dags/main.py took 0.152 seconds
[2025-12-16T16:47:09.811+0000] {processor.py:161} INFO - Started process (PID=8346) to work on /opt/airflow/dags/main.py
[2025-12-16T16:47:09.812+0000] {processor.py:830} INFO - Processing file /opt/airflow/dags/main.py for tasks to queue
[2025-12-16T16:47:09.813+0000] {logging_mixin.py:188} INFO - [2025-12-16T16:47:09.812+0000] {dagbag.py:545} INFO - Filling up the DagBag from /opt/airflow/dags/main.py
[2025-12-16T16:47:09.883+0000] {processor.py:840} INFO - DAG(s) 'update_db', 'youtube_video_stats' retrieved from /opt/airflow/dags/main.py
[2025-12-16T16:47:09.909+0000] {logging_mixin.py:188} INFO - [2025-12-16T16:47:09.908+0000] {dag.py:3096} INFO - Sync 2 DAGs
[2025-12-16T16:47:09.929+0000] {logging_mixin.py:188} INFO - [2025-12-16T16:47:09.929+0000] {dag.py:3954} INFO - Setting next_dagrun for update_db to 2025-12-16 15:00:00+00:00, run_after=2025-12-17 15:00:00+00:00
[2025-12-16T16:47:09.935+0000] {logging_mixin.py:188} INFO - [2025-12-16T16:47:09.934+0000] {dag.py:3954} INFO - Setting next_dagrun for youtube_video_stats to 2025-12-16 14:00:00+00:00, run_after=2025-12-17 14:00:00+00:00
[2025-12-16T16:47:09.953+0000] {processor.py:183} INFO - Processing /opt/airflow/dags/main.py took 0.148 seconds
[2025-12-16T16:47:40.121+0000] {processor.py:161} INFO - Started process (PID=8353) to work on /opt/airflow/dags/main.py
[2025-12-16T16:47:40.122+0000] {processor.py:830} INFO - Processing file /opt/airflow/dags/main.py for tasks to queue
[2025-12-16T16:47:40.123+0000] {logging_mixin.py:188} INFO - [2025-12-16T16:47:40.123+0000] {dagbag.py:545} INFO - Filling up the DagBag from /opt/airflow/dags/main.py
[2025-12-16T16:47:40.212+0000] {processor.py:840} INFO - DAG(s) 'youtube_video_stats', 'update_db' retrieved from /opt/airflow/dags/main.py
[2025-12-16T16:47:40.242+0000] {logging_mixin.py:188} INFO - [2025-12-16T16:47:40.242+0000] {dag.py:3096} INFO - Sync 2 DAGs
[2025-12-16T16:47:40.263+0000] {logging_mixin.py:188} INFO - [2025-12-16T16:47:40.262+0000] {dag.py:3954} INFO - Setting next_dagrun for update_db to 2025-12-16 15:00:00+00:00, run_after=2025-12-17 15:00:00+00:00
[2025-12-16T16:47:40.269+0000] {logging_mixin.py:188} INFO - [2025-12-16T16:47:40.269+0000] {dag.py:3954} INFO - Setting next_dagrun for youtube_video_stats to 2025-12-16 14:00:00+00:00, run_after=2025-12-17 14:00:00+00:00
[2025-12-16T16:47:40.436+0000] {processor.py:183} INFO - Processing /opt/airflow/dags/main.py took 0.321 seconds
[2025-12-16T16:48:10.690+0000] {processor.py:161} INFO - Started process (PID=8360) to work on /opt/airflow/dags/main.py
[2025-12-16T16:48:10.691+0000] {processor.py:830} INFO - Processing file /opt/airflow/dags/main.py for tasks to queue
[2025-12-16T16:48:10.692+0000] {logging_mixin.py:188} INFO - [2025-12-16T16:48:10.692+0000] {dagbag.py:545} INFO - Filling up the DagBag from /opt/airflow/dags/main.py
[2025-12-16T16:48:10.771+0000] {processor.py:840} INFO - DAG(s) 'update_db', 'youtube_video_stats' retrieved from /opt/airflow/dags/main.py
[2025-12-16T16:48:10.802+0000] {logging_mixin.py:188} INFO - [2025-12-16T16:48:10.802+0000] {dag.py:3096} INFO - Sync 2 DAGs
[2025-12-16T16:48:10.958+0000] {logging_mixin.py:188} INFO - [2025-12-16T16:48:10.958+0000] {dag.py:3954} INFO - Setting next_dagrun for update_db to 2025-12-16 15:00:00+00:00, run_after=2025-12-17 15:00:00+00:00
[2025-12-16T16:48:10.964+0000] {logging_mixin.py:188} INFO - [2025-12-16T16:48:10.964+0000] {dag.py:3954} INFO - Setting next_dagrun for youtube_video_stats to 2025-12-16 14:00:00+00:00, run_after=2025-12-17 14:00:00+00:00
[2025-12-16T16:48:10.981+0000] {processor.py:183} INFO - Processing /opt/airflow/dags/main.py took 0.298 seconds
[2025-12-16T16:48:41.213+0000] {processor.py:161} INFO - Started process (PID=8367) to work on /opt/airflow/dags/main.py
[2025-12-16T16:48:41.215+0000] {processor.py:830} INFO - Processing file /opt/airflow/dags/main.py for tasks to queue
[2025-12-16T16:48:41.216+0000] {logging_mixin.py:188} INFO - [2025-12-16T16:48:41.216+0000] {dagbag.py:545} INFO - Filling up the DagBag from /opt/airflow/dags/main.py
[2025-12-16T16:48:41.353+0000] {processor.py:840} INFO - DAG(s) 'youtube_video_stats', 'update_db' retrieved from /opt/airflow/dags/main.py
[2025-12-16T16:48:41.389+0000] {logging_mixin.py:188} INFO - [2025-12-16T16:48:41.388+0000] {dag.py:3096} INFO - Sync 2 DAGs
[2025-12-16T16:48:41.550+0000] {logging_mixin.py:188} INFO - [2025-12-16T16:48:41.550+0000] {dag.py:3954} INFO - Setting next_dagrun for update_db to 2025-12-16 15:00:00+00:00, run_after=2025-12-17 15:00:00+00:00
[2025-12-16T16:48:41.558+0000] {logging_mixin.py:188} INFO - [2025-12-16T16:48:41.557+0000] {dag.py:3954} INFO - Setting next_dagrun for youtube_video_stats to 2025-12-16 14:00:00+00:00, run_after=2025-12-17 14:00:00+00:00
[2025-12-16T16:48:41.577+0000] {processor.py:183} INFO - Processing /opt/airflow/dags/main.py took 0.371 seconds
[2025-12-16T16:49:11.827+0000] {processor.py:161} INFO - Started process (PID=8374) to work on /opt/airflow/dags/main.py
[2025-12-16T16:49:11.835+0000] {processor.py:830} INFO - Processing file /opt/airflow/dags/main.py for tasks to queue
[2025-12-16T16:49:11.837+0000] {logging_mixin.py:188} INFO - [2025-12-16T16:49:11.837+0000] {dagbag.py:545} INFO - Filling up the DagBag from /opt/airflow/dags/main.py
[2025-12-16T16:49:12.151+0000] {processor.py:840} INFO - DAG(s) 'youtube_video_stats', 'update_db' retrieved from /opt/airflow/dags/main.py
[2025-12-16T16:49:12.592+0000] {logging_mixin.py:188} INFO - [2025-12-16T16:49:12.592+0000] {dag.py:3096} INFO - Sync 2 DAGs
[2025-12-16T16:49:12.652+0000] {logging_mixin.py:188} INFO - [2025-12-16T16:49:12.652+0000] {dag.py:3954} INFO - Setting next_dagrun for update_db to 2025-12-16 15:00:00+00:00, run_after=2025-12-17 15:00:00+00:00
[2025-12-16T16:49:12.669+0000] {logging_mixin.py:188} INFO - [2025-12-16T16:49:12.669+0000] {dag.py:3954} INFO - Setting next_dagrun for youtube_video_stats to 2025-12-16 14:00:00+00:00, run_after=2025-12-17 14:00:00+00:00
[2025-12-16T16:49:12.717+0000] {processor.py:183} INFO - Processing /opt/airflow/dags/main.py took 0.915 seconds
[2025-12-16T16:49:43.244+0000] {processor.py:161} INFO - Started process (PID=8381) to work on /opt/airflow/dags/main.py
[2025-12-16T16:49:43.246+0000] {processor.py:830} INFO - Processing file /opt/airflow/dags/main.py for tasks to queue
[2025-12-16T16:49:43.247+0000] {logging_mixin.py:188} INFO - [2025-12-16T16:49:43.247+0000] {dagbag.py:545} INFO - Filling up the DagBag from /opt/airflow/dags/main.py
[2025-12-16T16:49:43.450+0000] {processor.py:840} INFO - DAG(s) 'youtube_video_stats', 'update_db' retrieved from /opt/airflow/dags/main.py
[2025-12-16T16:49:43.498+0000] {logging_mixin.py:188} INFO - [2025-12-16T16:49:43.497+0000] {dag.py:3096} INFO - Sync 2 DAGs
[2025-12-16T16:49:43.530+0000] {logging_mixin.py:188} INFO - [2025-12-16T16:49:43.529+0000] {dag.py:3954} INFO - Setting next_dagrun for update_db to 2025-12-16 15:00:00+00:00, run_after=2025-12-17 15:00:00+00:00
[2025-12-16T16:49:43.537+0000] {logging_mixin.py:188} INFO - [2025-12-16T16:49:43.537+0000] {dag.py:3954} INFO - Setting next_dagrun for youtube_video_stats to 2025-12-16 14:00:00+00:00, run_after=2025-12-17 14:00:00+00:00
[2025-12-16T16:49:43.560+0000] {processor.py:183} INFO - Processing /opt/airflow/dags/main.py took 0.324 seconds
[2025-12-16T16:50:13.792+0000] {processor.py:161} INFO - Started process (PID=8394) to work on /opt/airflow/dags/main.py
[2025-12-16T16:50:13.793+0000] {processor.py:830} INFO - Processing file /opt/airflow/dags/main.py for tasks to queue
[2025-12-16T16:50:13.795+0000] {logging_mixin.py:188} INFO - [2025-12-16T16:50:13.795+0000] {dagbag.py:545} INFO - Filling up the DagBag from /opt/airflow/dags/main.py
[2025-12-16T16:50:13.957+0000] {processor.py:840} INFO - DAG(s) 'update_db', 'youtube_video_stats' retrieved from /opt/airflow/dags/main.py
[2025-12-16T16:50:13.999+0000] {logging_mixin.py:188} INFO - [2025-12-16T16:50:13.999+0000] {dag.py:3096} INFO - Sync 2 DAGs
[2025-12-16T16:50:14.032+0000] {logging_mixin.py:188} INFO - [2025-12-16T16:50:14.032+0000] {dag.py:3954} INFO - Setting next_dagrun for update_db to 2025-12-16 15:00:00+00:00, run_after=2025-12-17 15:00:00+00:00
[2025-12-16T16:50:14.038+0000] {logging_mixin.py:188} INFO - [2025-12-16T16:50:14.038+0000] {dag.py:3954} INFO - Setting next_dagrun for youtube_video_stats to 2025-12-16 14:00:00+00:00, run_after=2025-12-17 14:00:00+00:00
[2025-12-16T16:50:14.068+0000] {processor.py:183} INFO - Processing /opt/airflow/dags/main.py took 0.287 seconds
[2025-12-16T16:50:44.407+0000] {processor.py:161} INFO - Started process (PID=8401) to work on /opt/airflow/dags/main.py
[2025-12-16T16:50:44.412+0000] {processor.py:830} INFO - Processing file /opt/airflow/dags/main.py for tasks to queue
[2025-12-16T16:50:44.422+0000] {logging_mixin.py:188} INFO - [2025-12-16T16:50:44.416+0000] {dagbag.py:545} INFO - Filling up the DagBag from /opt/airflow/dags/main.py
[2025-12-16T16:50:44.966+0000] {processor.py:840} INFO - DAG(s) 'youtube_video_stats', 'update_db' retrieved from /opt/airflow/dags/main.py
[2025-12-16T16:50:45.106+0000] {logging_mixin.py:188} INFO - [2025-12-16T16:50:45.106+0000] {dag.py:3096} INFO - Sync 2 DAGs
[2025-12-16T16:50:45.192+0000] {logging_mixin.py:188} INFO - [2025-12-16T16:50:45.192+0000] {dag.py:3954} INFO - Setting next_dagrun for update_db to 2025-12-16 15:00:00+00:00, run_after=2025-12-17 15:00:00+00:00
[2025-12-16T16:50:46.465+0000] {logging_mixin.py:188} INFO - [2025-12-16T16:50:46.464+0000] {dag.py:3954} INFO - Setting next_dagrun for youtube_video_stats to 2025-12-16 14:00:00+00:00, run_after=2025-12-17 14:00:00+00:00
[2025-12-16T16:50:46.496+0000] {processor.py:183} INFO - Processing /opt/airflow/dags/main.py took 2.121 seconds
[2025-12-16T16:51:16.685+0000] {processor.py:161} INFO - Started process (PID=8408) to work on /opt/airflow/dags/main.py
[2025-12-16T16:51:16.689+0000] {processor.py:830} INFO - Processing file /opt/airflow/dags/main.py for tasks to queue
[2025-12-16T16:51:16.691+0000] {logging_mixin.py:188} INFO - [2025-12-16T16:51:16.691+0000] {dagbag.py:545} INFO - Filling up the DagBag from /opt/airflow/dags/main.py
[2025-12-16T16:51:16.842+0000] {processor.py:840} INFO - DAG(s) 'youtube_video_stats', 'update_db' retrieved from /opt/airflow/dags/main.py
[2025-12-16T16:51:16.893+0000] {logging_mixin.py:188} INFO - [2025-12-16T16:51:16.893+0000] {dag.py:3096} INFO - Sync 2 DAGs
[2025-12-16T16:51:17.155+0000] {logging_mixin.py:188} INFO - [2025-12-16T16:51:17.154+0000] {dag.py:3954} INFO - Setting next_dagrun for update_db to 2025-12-16 15:00:00+00:00, run_after=2025-12-17 15:00:00+00:00
[2025-12-16T16:51:17.162+0000] {logging_mixin.py:188} INFO - [2025-12-16T16:51:17.162+0000] {dag.py:3954} INFO - Setting next_dagrun for youtube_video_stats to 2025-12-16 14:00:00+00:00, run_after=2025-12-17 14:00:00+00:00
[2025-12-16T16:51:17.191+0000] {processor.py:183} INFO - Processing /opt/airflow/dags/main.py took 0.518 seconds
[2025-12-16T16:51:47.453+0000] {processor.py:161} INFO - Started process (PID=8416) to work on /opt/airflow/dags/main.py
[2025-12-16T16:51:47.455+0000] {processor.py:830} INFO - Processing file /opt/airflow/dags/main.py for tasks to queue
[2025-12-16T16:51:47.456+0000] {logging_mixin.py:188} INFO - [2025-12-16T16:51:47.455+0000] {dagbag.py:545} INFO - Filling up the DagBag from /opt/airflow/dags/main.py
[2025-12-16T16:51:47.564+0000] {processor.py:840} INFO - DAG(s) 'youtube_video_stats', 'update_db' retrieved from /opt/airflow/dags/main.py
[2025-12-16T16:51:47.608+0000] {logging_mixin.py:188} INFO - [2025-12-16T16:51:47.607+0000] {dag.py:3096} INFO - Sync 2 DAGs
[2025-12-16T16:51:47.899+0000] {logging_mixin.py:188} INFO - [2025-12-16T16:51:47.899+0000] {dag.py:3954} INFO - Setting next_dagrun for update_db to 2025-12-16 15:00:00+00:00, run_after=2025-12-17 15:00:00+00:00
[2025-12-16T16:51:47.906+0000] {logging_mixin.py:188} INFO - [2025-12-16T16:51:47.906+0000] {dag.py:3954} INFO - Setting next_dagrun for youtube_video_stats to 2025-12-16 14:00:00+00:00, run_after=2025-12-17 14:00:00+00:00
[2025-12-16T16:51:47.936+0000] {processor.py:183} INFO - Processing /opt/airflow/dags/main.py took 0.490 seconds
[2025-12-16T16:52:18.161+0000] {processor.py:161} INFO - Started process (PID=8423) to work on /opt/airflow/dags/main.py
[2025-12-16T16:52:18.162+0000] {processor.py:830} INFO - Processing file /opt/airflow/dags/main.py for tasks to queue
[2025-12-16T16:52:18.163+0000] {logging_mixin.py:188} INFO - [2025-12-16T16:52:18.163+0000] {dagbag.py:545} INFO - Filling up the DagBag from /opt/airflow/dags/main.py
[2025-12-16T16:52:18.240+0000] {processor.py:840} INFO - DAG(s) 'update_db', 'youtube_video_stats' retrieved from /opt/airflow/dags/main.py
[2025-12-16T16:52:18.407+0000] {logging_mixin.py:188} INFO - [2025-12-16T16:52:18.407+0000] {dag.py:3096} INFO - Sync 2 DAGs
[2025-12-16T16:52:18.428+0000] {logging_mixin.py:188} INFO - [2025-12-16T16:52:18.427+0000] {dag.py:3954} INFO - Setting next_dagrun for update_db to 2025-12-16 15:00:00+00:00, run_after=2025-12-17 15:00:00+00:00
[2025-12-16T16:52:18.432+0000] {logging_mixin.py:188} INFO - [2025-12-16T16:52:18.432+0000] {dag.py:3954} INFO - Setting next_dagrun for youtube_video_stats to 2025-12-16 14:00:00+00:00, run_after=2025-12-17 14:00:00+00:00
[2025-12-16T16:52:18.456+0000] {processor.py:183} INFO - Processing /opt/airflow/dags/main.py took 0.302 seconds
[2025-12-16T16:52:48.652+0000] {processor.py:161} INFO - Started process (PID=8430) to work on /opt/airflow/dags/main.py
[2025-12-16T16:52:48.653+0000] {processor.py:830} INFO - Processing file /opt/airflow/dags/main.py for tasks to queue
[2025-12-16T16:52:48.655+0000] {logging_mixin.py:188} INFO - [2025-12-16T16:52:48.654+0000] {dagbag.py:545} INFO - Filling up the DagBag from /opt/airflow/dags/main.py
[2025-12-16T16:52:48.768+0000] {processor.py:840} INFO - DAG(s) 'youtube_video_stats', 'update_db' retrieved from /opt/airflow/dags/main.py
[2025-12-16T16:52:48.807+0000] {logging_mixin.py:188} INFO - [2025-12-16T16:52:48.807+0000] {dag.py:3096} INFO - Sync 2 DAGs
[2025-12-16T16:52:48.834+0000] {logging_mixin.py:188} INFO - [2025-12-16T16:52:48.834+0000] {dag.py:3954} INFO - Setting next_dagrun for update_db to 2025-12-16 15:00:00+00:00, run_after=2025-12-17 15:00:00+00:00
[2025-12-16T16:52:48.841+0000] {logging_mixin.py:188} INFO - [2025-12-16T16:52:48.841+0000] {dag.py:3954} INFO - Setting next_dagrun for youtube_video_stats to 2025-12-16 14:00:00+00:00, run_after=2025-12-17 14:00:00+00:00
[2025-12-16T16:52:48.865+0000] {processor.py:183} INFO - Processing /opt/airflow/dags/main.py took 0.221 seconds
[2025-12-16T16:53:19.083+0000] {processor.py:161} INFO - Started process (PID=8437) to work on /opt/airflow/dags/main.py
[2025-12-16T16:53:19.084+0000] {processor.py:830} INFO - Processing file /opt/airflow/dags/main.py for tasks to queue
[2025-12-16T16:53:19.085+0000] {logging_mixin.py:188} INFO - [2025-12-16T16:53:19.085+0000] {dagbag.py:545} INFO - Filling up the DagBag from /opt/airflow/dags/main.py
[2025-12-16T16:53:19.170+0000] {processor.py:840} INFO - DAG(s) 'youtube_video_stats', 'update_db' retrieved from /opt/airflow/dags/main.py
[2025-12-16T16:53:19.202+0000] {logging_mixin.py:188} INFO - [2025-12-16T16:53:19.201+0000] {dag.py:3096} INFO - Sync 2 DAGs
[2025-12-16T16:53:19.225+0000] {logging_mixin.py:188} INFO - [2025-12-16T16:53:19.225+0000] {dag.py:3954} INFO - Setting next_dagrun for update_db to 2025-12-16 15:00:00+00:00, run_after=2025-12-17 15:00:00+00:00
[2025-12-16T16:53:19.231+0000] {logging_mixin.py:188} INFO - [2025-12-16T16:53:19.231+0000] {dag.py:3954} INFO - Setting next_dagrun for youtube_video_stats to 2025-12-16 14:00:00+00:00, run_after=2025-12-17 14:00:00+00:00
[2025-12-16T16:53:19.394+0000] {processor.py:183} INFO - Processing /opt/airflow/dags/main.py took 0.317 seconds
[2025-12-16T16:53:49.641+0000] {processor.py:161} INFO - Started process (PID=8444) to work on /opt/airflow/dags/main.py
[2025-12-16T16:53:49.642+0000] {processor.py:830} INFO - Processing file /opt/airflow/dags/main.py for tasks to queue
[2025-12-16T16:53:49.643+0000] {logging_mixin.py:188} INFO - [2025-12-16T16:53:49.642+0000] {dagbag.py:545} INFO - Filling up the DagBag from /opt/airflow/dags/main.py
[2025-12-16T16:53:49.726+0000] {processor.py:840} INFO - DAG(s) 'youtube_video_stats', 'update_db' retrieved from /opt/airflow/dags/main.py
[2025-12-16T16:53:49.758+0000] {logging_mixin.py:188} INFO - [2025-12-16T16:53:49.757+0000] {dag.py:3096} INFO - Sync 2 DAGs
[2025-12-16T16:53:49.925+0000] {logging_mixin.py:188} INFO - [2025-12-16T16:53:49.925+0000] {dag.py:3954} INFO - Setting next_dagrun for update_db to 2025-12-16 15:00:00+00:00, run_after=2025-12-17 15:00:00+00:00
[2025-12-16T16:53:49.932+0000] {logging_mixin.py:188} INFO - [2025-12-16T16:53:49.932+0000] {dag.py:3954} INFO - Setting next_dagrun for youtube_video_stats to 2025-12-16 14:00:00+00:00, run_after=2025-12-17 14:00:00+00:00
[2025-12-16T16:53:49.958+0000] {processor.py:183} INFO - Processing /opt/airflow/dags/main.py took 0.323 seconds
[2025-12-16T16:54:20.215+0000] {processor.py:161} INFO - Started process (PID=8451) to work on /opt/airflow/dags/main.py
[2025-12-16T16:54:20.216+0000] {processor.py:830} INFO - Processing file /opt/airflow/dags/main.py for tasks to queue
[2025-12-16T16:54:20.217+0000] {logging_mixin.py:188} INFO - [2025-12-16T16:54:20.217+0000] {dagbag.py:545} INFO - Filling up the DagBag from /opt/airflow/dags/main.py
[2025-12-16T16:54:20.307+0000] {processor.py:840} INFO - DAG(s) 'update_db', 'youtube_video_stats' retrieved from /opt/airflow/dags/main.py
[2025-12-16T16:54:20.335+0000] {logging_mixin.py:188} INFO - [2025-12-16T16:54:20.334+0000] {dag.py:3096} INFO - Sync 2 DAGs
[2025-12-16T16:54:20.498+0000] {logging_mixin.py:188} INFO - [2025-12-16T16:54:20.498+0000] {dag.py:3954} INFO - Setting next_dagrun for update_db to 2025-12-16 15:00:00+00:00, run_after=2025-12-17 15:00:00+00:00
[2025-12-16T16:54:20.504+0000] {logging_mixin.py:188} INFO - [2025-12-16T16:54:20.503+0000] {dag.py:3954} INFO - Setting next_dagrun for youtube_video_stats to 2025-12-16 14:00:00+00:00, run_after=2025-12-17 14:00:00+00:00
[2025-12-16T16:54:20.532+0000] {processor.py:183} INFO - Processing /opt/airflow/dags/main.py took 0.323 seconds
[2025-12-16T16:54:50.645+0000] {processor.py:161} INFO - Started process (PID=8458) to work on /opt/airflow/dags/main.py
[2025-12-16T16:54:50.646+0000] {processor.py:830} INFO - Processing file /opt/airflow/dags/main.py for tasks to queue
[2025-12-16T16:54:50.647+0000] {logging_mixin.py:188} INFO - [2025-12-16T16:54:50.647+0000] {dagbag.py:545} INFO - Filling up the DagBag from /opt/airflow/dags/main.py
[2025-12-16T16:54:50.727+0000] {processor.py:840} INFO - DAG(s) 'youtube_video_stats', 'update_db' retrieved from /opt/airflow/dags/main.py
[2025-12-16T16:54:50.892+0000] {logging_mixin.py:188} INFO - [2025-12-16T16:54:50.892+0000] {dag.py:3096} INFO - Sync 2 DAGs
[2025-12-16T16:54:50.910+0000] {logging_mixin.py:188} INFO - [2025-12-16T16:54:50.910+0000] {dag.py:3954} INFO - Setting next_dagrun for update_db to 2025-12-16 15:00:00+00:00, run_after=2025-12-17 15:00:00+00:00
[2025-12-16T16:54:50.915+0000] {logging_mixin.py:188} INFO - [2025-12-16T16:54:50.915+0000] {dag.py:3954} INFO - Setting next_dagrun for youtube_video_stats to 2025-12-16 14:00:00+00:00, run_after=2025-12-17 14:00:00+00:00
[2025-12-16T16:54:50.937+0000] {processor.py:183} INFO - Processing /opt/airflow/dags/main.py took 0.300 seconds
[2025-12-16T16:55:20.985+0000] {processor.py:161} INFO - Started process (PID=8465) to work on /opt/airflow/dags/main.py
[2025-12-16T16:55:20.986+0000] {processor.py:830} INFO - Processing file /opt/airflow/dags/main.py for tasks to queue
[2025-12-16T16:55:20.987+0000] {logging_mixin.py:188} INFO - [2025-12-16T16:55:20.987+0000] {dagbag.py:545} INFO - Filling up the DagBag from /opt/airflow/dags/main.py
[2025-12-16T16:55:21.072+0000] {processor.py:840} INFO - DAG(s) 'update_db', 'youtube_video_stats' retrieved from /opt/airflow/dags/main.py
[2025-12-16T16:55:21.104+0000] {logging_mixin.py:188} INFO - [2025-12-16T16:55:21.104+0000] {dag.py:3096} INFO - Sync 2 DAGs
[2025-12-16T16:55:21.127+0000] {logging_mixin.py:188} INFO - [2025-12-16T16:55:21.127+0000] {dag.py:3954} INFO - Setting next_dagrun for update_db to 2025-12-16 15:00:00+00:00, run_after=2025-12-17 15:00:00+00:00
[2025-12-16T16:55:21.133+0000] {logging_mixin.py:188} INFO - [2025-12-16T16:55:21.133+0000] {dag.py:3954} INFO - Setting next_dagrun for youtube_video_stats to 2025-12-16 14:00:00+00:00, run_after=2025-12-17 14:00:00+00:00
[2025-12-16T16:55:21.154+0000] {processor.py:183} INFO - Processing /opt/airflow/dags/main.py took 0.175 seconds
[2025-12-16T16:55:51.330+0000] {processor.py:161} INFO - Started process (PID=8472) to work on /opt/airflow/dags/main.py
[2025-12-16T16:55:51.331+0000] {processor.py:830} INFO - Processing file /opt/airflow/dags/main.py for tasks to queue
[2025-12-16T16:55:51.333+0000] {logging_mixin.py:188} INFO - [2025-12-16T16:55:51.332+0000] {dagbag.py:545} INFO - Filling up the DagBag from /opt/airflow/dags/main.py
[2025-12-16T16:55:51.434+0000] {processor.py:840} INFO - DAG(s) 'update_db', 'youtube_video_stats' retrieved from /opt/airflow/dags/main.py
[2025-12-16T16:55:51.470+0000] {logging_mixin.py:188} INFO - [2025-12-16T16:55:51.470+0000] {dag.py:3096} INFO - Sync 2 DAGs
[2025-12-16T16:55:51.495+0000] {logging_mixin.py:188} INFO - [2025-12-16T16:55:51.495+0000] {dag.py:3954} INFO - Setting next_dagrun for update_db to 2025-12-16 15:00:00+00:00, run_after=2025-12-17 15:00:00+00:00
[2025-12-16T16:55:51.503+0000] {logging_mixin.py:188} INFO - [2025-12-16T16:55:51.503+0000] {dag.py:3954} INFO - Setting next_dagrun for youtube_video_stats to 2025-12-16 14:00:00+00:00, run_after=2025-12-17 14:00:00+00:00
[2025-12-16T16:55:51.525+0000] {processor.py:183} INFO - Processing /opt/airflow/dags/main.py took 0.201 seconds
[2025-12-16T16:56:21.722+0000] {processor.py:161} INFO - Started process (PID=8479) to work on /opt/airflow/dags/main.py
[2025-12-16T16:56:21.724+0000] {processor.py:830} INFO - Processing file /opt/airflow/dags/main.py for tasks to queue
[2025-12-16T16:56:21.726+0000] {logging_mixin.py:188} INFO - [2025-12-16T16:56:21.725+0000] {dagbag.py:545} INFO - Filling up the DagBag from /opt/airflow/dags/main.py
[2025-12-16T16:56:21.855+0000] {processor.py:840} INFO - DAG(s) 'update_db', 'youtube_video_stats' retrieved from /opt/airflow/dags/main.py
[2025-12-16T16:56:21.898+0000] {logging_mixin.py:188} INFO - [2025-12-16T16:56:21.898+0000] {dag.py:3096} INFO - Sync 2 DAGs
[2025-12-16T16:56:21.934+0000] {logging_mixin.py:188} INFO - [2025-12-16T16:56:21.933+0000] {dag.py:3954} INFO - Setting next_dagrun for update_db to 2025-12-16 15:00:00+00:00, run_after=2025-12-17 15:00:00+00:00
[2025-12-16T16:56:21.942+0000] {logging_mixin.py:188} INFO - [2025-12-16T16:56:21.942+0000] {dag.py:3954} INFO - Setting next_dagrun for youtube_video_stats to 2025-12-16 14:00:00+00:00, run_after=2025-12-17 14:00:00+00:00
[2025-12-16T16:56:22.146+0000] {processor.py:183} INFO - Processing /opt/airflow/dags/main.py took 0.432 seconds
[2025-12-16T16:56:52.371+0000] {processor.py:161} INFO - Started process (PID=8486) to work on /opt/airflow/dags/main.py
[2025-12-16T16:56:52.375+0000] {processor.py:830} INFO - Processing file /opt/airflow/dags/main.py for tasks to queue
[2025-12-16T16:56:52.378+0000] {logging_mixin.py:188} INFO - [2025-12-16T16:56:52.377+0000] {dagbag.py:545} INFO - Filling up the DagBag from /opt/airflow/dags/main.py
[2025-12-16T16:56:52.558+0000] {processor.py:840} INFO - DAG(s) 'update_db', 'youtube_video_stats' retrieved from /opt/airflow/dags/main.py
[2025-12-16T16:56:52.623+0000] {logging_mixin.py:188} INFO - [2025-12-16T16:56:52.622+0000] {dag.py:3096} INFO - Sync 2 DAGs
[2025-12-16T16:56:52.928+0000] {logging_mixin.py:188} INFO - [2025-12-16T16:56:52.928+0000] {dag.py:3954} INFO - Setting next_dagrun for update_db to 2025-12-16 15:00:00+00:00, run_after=2025-12-17 15:00:00+00:00
[2025-12-16T16:56:52.941+0000] {logging_mixin.py:188} INFO - [2025-12-16T16:56:52.940+0000] {dag.py:3954} INFO - Setting next_dagrun for youtube_video_stats to 2025-12-16 14:00:00+00:00, run_after=2025-12-17 14:00:00+00:00
[2025-12-16T16:56:52.981+0000] {processor.py:183} INFO - Processing /opt/airflow/dags/main.py took 0.627 seconds
[2025-12-16T16:57:23.117+0000] {processor.py:161} INFO - Started process (PID=8493) to work on /opt/airflow/dags/main.py
[2025-12-16T16:57:23.118+0000] {processor.py:830} INFO - Processing file /opt/airflow/dags/main.py for tasks to queue
[2025-12-16T16:57:23.119+0000] {logging_mixin.py:188} INFO - [2025-12-16T16:57:23.119+0000] {dagbag.py:545} INFO - Filling up the DagBag from /opt/airflow/dags/main.py
[2025-12-16T16:57:23.196+0000] {processor.py:840} INFO - DAG(s) 'update_db', 'youtube_video_stats' retrieved from /opt/airflow/dags/main.py
[2025-12-16T16:57:23.224+0000] {logging_mixin.py:188} INFO - [2025-12-16T16:57:23.224+0000] {dag.py:3096} INFO - Sync 2 DAGs
[2025-12-16T16:57:23.378+0000] {logging_mixin.py:188} INFO - [2025-12-16T16:57:23.377+0000] {dag.py:3954} INFO - Setting next_dagrun for update_db to 2025-12-16 15:00:00+00:00, run_after=2025-12-17 15:00:00+00:00
[2025-12-16T16:57:23.383+0000] {logging_mixin.py:188} INFO - [2025-12-16T16:57:23.383+0000] {dag.py:3954} INFO - Setting next_dagrun for youtube_video_stats to 2025-12-16 14:00:00+00:00, run_after=2025-12-17 14:00:00+00:00
[2025-12-16T16:57:23.401+0000] {processor.py:183} INFO - Processing /opt/airflow/dags/main.py took 0.289 seconds
[2025-12-16T16:57:53.606+0000] {processor.py:161} INFO - Started process (PID=8501) to work on /opt/airflow/dags/main.py
[2025-12-16T16:57:53.607+0000] {processor.py:830} INFO - Processing file /opt/airflow/dags/main.py for tasks to queue
[2025-12-16T16:57:53.609+0000] {logging_mixin.py:188} INFO - [2025-12-16T16:57:53.608+0000] {dagbag.py:545} INFO - Filling up the DagBag from /opt/airflow/dags/main.py
[2025-12-16T16:57:53.694+0000] {processor.py:840} INFO - DAG(s) 'update_db', 'youtube_video_stats' retrieved from /opt/airflow/dags/main.py
[2025-12-16T16:57:53.854+0000] {logging_mixin.py:188} INFO - [2025-12-16T16:57:53.854+0000] {dag.py:3096} INFO - Sync 2 DAGs
[2025-12-16T16:57:53.871+0000] {logging_mixin.py:188} INFO - [2025-12-16T16:57:53.871+0000] {dag.py:3954} INFO - Setting next_dagrun for update_db to 2025-12-16 15:00:00+00:00, run_after=2025-12-17 15:00:00+00:00
[2025-12-16T16:57:53.877+0000] {logging_mixin.py:188} INFO - [2025-12-16T16:57:53.876+0000] {dag.py:3954} INFO - Setting next_dagrun for youtube_video_stats to 2025-12-16 14:00:00+00:00, run_after=2025-12-17 14:00:00+00:00
[2025-12-16T16:57:53.898+0000] {processor.py:183} INFO - Processing /opt/airflow/dags/main.py took 0.298 seconds
[2025-12-16T16:58:24.138+0000] {processor.py:161} INFO - Started process (PID=8508) to work on /opt/airflow/dags/main.py
[2025-12-16T16:58:24.140+0000] {processor.py:830} INFO - Processing file /opt/airflow/dags/main.py for tasks to queue
[2025-12-16T16:58:24.140+0000] {logging_mixin.py:188} INFO - [2025-12-16T16:58:24.140+0000] {dagbag.py:545} INFO - Filling up the DagBag from /opt/airflow/dags/main.py
[2025-12-16T16:58:24.211+0000] {processor.py:840} INFO - DAG(s) 'update_db', 'youtube_video_stats' retrieved from /opt/airflow/dags/main.py
[2025-12-16T16:58:24.237+0000] {logging_mixin.py:188} INFO - [2025-12-16T16:58:24.237+0000] {dag.py:3096} INFO - Sync 2 DAGs
[2025-12-16T16:58:24.256+0000] {logging_mixin.py:188} INFO - [2025-12-16T16:58:24.255+0000] {dag.py:3954} INFO - Setting next_dagrun for update_db to 2025-12-16 15:00:00+00:00, run_after=2025-12-17 15:00:00+00:00
[2025-12-16T16:58:24.260+0000] {logging_mixin.py:188} INFO - [2025-12-16T16:58:24.260+0000] {dag.py:3954} INFO - Setting next_dagrun for youtube_video_stats to 2025-12-16 14:00:00+00:00, run_after=2025-12-17 14:00:00+00:00
[2025-12-16T16:58:24.279+0000] {processor.py:183} INFO - Processing /opt/airflow/dags/main.py took 0.146 seconds
[2025-12-16T16:58:54.363+0000] {processor.py:161} INFO - Started process (PID=8515) to work on /opt/airflow/dags/main.py
[2025-12-16T16:58:54.364+0000] {processor.py:830} INFO - Processing file /opt/airflow/dags/main.py for tasks to queue
[2025-12-16T16:58:54.366+0000] {logging_mixin.py:188} INFO - [2025-12-16T16:58:54.365+0000] {dagbag.py:545} INFO - Filling up the DagBag from /opt/airflow/dags/main.py
[2025-12-16T16:58:54.455+0000] {processor.py:840} INFO - DAG(s) 'update_db', 'youtube_video_stats' retrieved from /opt/airflow/dags/main.py
[2025-12-16T16:58:54.482+0000] {logging_mixin.py:188} INFO - [2025-12-16T16:58:54.482+0000] {dag.py:3096} INFO - Sync 2 DAGs
[2025-12-16T16:58:54.503+0000] {logging_mixin.py:188} INFO - [2025-12-16T16:58:54.502+0000] {dag.py:3954} INFO - Setting next_dagrun for update_db to 2025-12-16 15:00:00+00:00, run_after=2025-12-17 15:00:00+00:00
[2025-12-16T16:58:54.508+0000] {logging_mixin.py:188} INFO - [2025-12-16T16:58:54.508+0000] {dag.py:3954} INFO - Setting next_dagrun for youtube_video_stats to 2025-12-16 14:00:00+00:00, run_after=2025-12-17 14:00:00+00:00
[2025-12-16T16:58:54.528+0000] {processor.py:183} INFO - Processing /opt/airflow/dags/main.py took 0.171 seconds
[2025-12-16T16:59:24.685+0000] {processor.py:161} INFO - Started process (PID=8522) to work on /opt/airflow/dags/main.py
[2025-12-16T16:59:24.686+0000] {processor.py:830} INFO - Processing file /opt/airflow/dags/main.py for tasks to queue
[2025-12-16T16:59:24.687+0000] {logging_mixin.py:188} INFO - [2025-12-16T16:59:24.687+0000] {dagbag.py:545} INFO - Filling up the DagBag from /opt/airflow/dags/main.py
[2025-12-16T16:59:24.759+0000] {processor.py:840} INFO - DAG(s) 'youtube_video_stats', 'update_db' retrieved from /opt/airflow/dags/main.py
[2025-12-16T16:59:24.786+0000] {logging_mixin.py:188} INFO - [2025-12-16T16:59:24.786+0000] {dag.py:3096} INFO - Sync 2 DAGs
[2025-12-16T16:59:24.806+0000] {logging_mixin.py:188} INFO - [2025-12-16T16:59:24.806+0000] {dag.py:3954} INFO - Setting next_dagrun for update_db to 2025-12-16 15:00:00+00:00, run_after=2025-12-17 15:00:00+00:00
[2025-12-16T16:59:24.950+0000] {logging_mixin.py:188} INFO - [2025-12-16T16:59:24.950+0000] {dag.py:3954} INFO - Setting next_dagrun for youtube_video_stats to 2025-12-16 14:00:00+00:00, run_after=2025-12-17 14:00:00+00:00
[2025-12-16T16:59:24.967+0000] {processor.py:183} INFO - Processing /opt/airflow/dags/main.py took 0.288 seconds
[2025-12-16T16:59:55.030+0000] {processor.py:161} INFO - Started process (PID=8529) to work on /opt/airflow/dags/main.py
[2025-12-16T16:59:55.031+0000] {processor.py:830} INFO - Processing file /opt/airflow/dags/main.py for tasks to queue
[2025-12-16T16:59:55.032+0000] {logging_mixin.py:188} INFO - [2025-12-16T16:59:55.032+0000] {dagbag.py:545} INFO - Filling up the DagBag from /opt/airflow/dags/main.py
[2025-12-16T16:59:55.103+0000] {processor.py:840} INFO - DAG(s) 'update_db', 'youtube_video_stats' retrieved from /opt/airflow/dags/main.py
[2025-12-16T16:59:55.129+0000] {logging_mixin.py:188} INFO - [2025-12-16T16:59:55.128+0000] {dag.py:3096} INFO - Sync 2 DAGs
[2025-12-16T16:59:55.277+0000] {logging_mixin.py:188} INFO - [2025-12-16T16:59:55.277+0000] {dag.py:3954} INFO - Setting next_dagrun for update_db to 2025-12-16 15:00:00+00:00, run_after=2025-12-17 15:00:00+00:00
[2025-12-16T16:59:55.282+0000] {logging_mixin.py:188} INFO - [2025-12-16T16:59:55.282+0000] {dag.py:3954} INFO - Setting next_dagrun for youtube_video_stats to 2025-12-16 14:00:00+00:00, run_after=2025-12-17 14:00:00+00:00
[2025-12-16T16:59:55.305+0000] {processor.py:183} INFO - Processing /opt/airflow/dags/main.py took 0.280 seconds
[2025-12-16T17:00:25.368+0000] {processor.py:161} INFO - Started process (PID=8536) to work on /opt/airflow/dags/main.py
[2025-12-16T17:00:25.369+0000] {processor.py:830} INFO - Processing file /opt/airflow/dags/main.py for tasks to queue
[2025-12-16T17:00:25.370+0000] {logging_mixin.py:188} INFO - [2025-12-16T17:00:25.370+0000] {dagbag.py:545} INFO - Filling up the DagBag from /opt/airflow/dags/main.py
[2025-12-16T17:00:25.444+0000] {processor.py:840} INFO - DAG(s) 'update_db', 'youtube_video_stats' retrieved from /opt/airflow/dags/main.py
[2025-12-16T17:00:25.611+0000] {logging_mixin.py:188} INFO - [2025-12-16T17:00:25.610+0000] {dag.py:3096} INFO - Sync 2 DAGs
[2025-12-16T17:00:25.629+0000] {logging_mixin.py:188} INFO - [2025-12-16T17:00:25.629+0000] {dag.py:3954} INFO - Setting next_dagrun for update_db to 2025-12-16 15:00:00+00:00, run_after=2025-12-17 15:00:00+00:00
[2025-12-16T17:00:25.634+0000] {logging_mixin.py:188} INFO - [2025-12-16T17:00:25.634+0000] {dag.py:3954} INFO - Setting next_dagrun for youtube_video_stats to 2025-12-16 14:00:00+00:00, run_after=2025-12-17 14:00:00+00:00
[2025-12-16T17:00:25.652+0000] {processor.py:183} INFO - Processing /opt/airflow/dags/main.py took 0.290 seconds
[2025-12-16T17:00:55.728+0000] {processor.py:161} INFO - Started process (PID=8543) to work on /opt/airflow/dags/main.py
[2025-12-16T17:00:55.729+0000] {processor.py:830} INFO - Processing file /opt/airflow/dags/main.py for tasks to queue
[2025-12-16T17:00:55.730+0000] {logging_mixin.py:188} INFO - [2025-12-16T17:00:55.730+0000] {dagbag.py:545} INFO - Filling up the DagBag from /opt/airflow/dags/main.py
[2025-12-16T17:00:55.801+0000] {processor.py:840} INFO - DAG(s) 'update_db', 'youtube_video_stats' retrieved from /opt/airflow/dags/main.py
[2025-12-16T17:00:55.966+0000] {logging_mixin.py:188} INFO - [2025-12-16T17:00:55.965+0000] {dag.py:3096} INFO - Sync 2 DAGs
[2025-12-16T17:00:55.985+0000] {logging_mixin.py:188} INFO - [2025-12-16T17:00:55.984+0000] {dag.py:3954} INFO - Setting next_dagrun for update_db to 2025-12-16 15:00:00+00:00, run_after=2025-12-17 15:00:00+00:00
[2025-12-16T17:00:55.990+0000] {logging_mixin.py:188} INFO - [2025-12-16T17:00:55.990+0000] {dag.py:3954} INFO - Setting next_dagrun for youtube_video_stats to 2025-12-16 14:00:00+00:00, run_after=2025-12-17 14:00:00+00:00
[2025-12-16T17:00:56.010+0000] {processor.py:183} INFO - Processing /opt/airflow/dags/main.py took 0.288 seconds
[2025-12-16T17:01:26.069+0000] {processor.py:161} INFO - Started process (PID=8550) to work on /opt/airflow/dags/main.py
[2025-12-16T17:01:26.070+0000] {processor.py:830} INFO - Processing file /opt/airflow/dags/main.py for tasks to queue
[2025-12-16T17:01:26.071+0000] {logging_mixin.py:188} INFO - [2025-12-16T17:01:26.071+0000] {dagbag.py:545} INFO - Filling up the DagBag from /opt/airflow/dags/main.py
[2025-12-16T17:01:26.144+0000] {processor.py:840} INFO - DAG(s) 'update_db', 'youtube_video_stats' retrieved from /opt/airflow/dags/main.py
[2025-12-16T17:01:26.171+0000] {logging_mixin.py:188} INFO - [2025-12-16T17:01:26.170+0000] {dag.py:3096} INFO - Sync 2 DAGs
[2025-12-16T17:01:26.191+0000] {logging_mixin.py:188} INFO - [2025-12-16T17:01:26.191+0000] {dag.py:3954} INFO - Setting next_dagrun for update_db to 2025-12-16 15:00:00+00:00, run_after=2025-12-17 15:00:00+00:00
[2025-12-16T17:01:26.196+0000] {logging_mixin.py:188} INFO - [2025-12-16T17:01:26.196+0000] {dag.py:3954} INFO - Setting next_dagrun for youtube_video_stats to 2025-12-16 14:00:00+00:00, run_after=2025-12-17 14:00:00+00:00
[2025-12-16T17:01:26.214+0000] {processor.py:183} INFO - Processing /opt/airflow/dags/main.py took 0.151 seconds
[2025-12-16T17:01:56.460+0000] {processor.py:161} INFO - Started process (PID=8557) to work on /opt/airflow/dags/main.py
[2025-12-16T17:01:56.461+0000] {processor.py:830} INFO - Processing file /opt/airflow/dags/main.py for tasks to queue
[2025-12-16T17:01:56.463+0000] {logging_mixin.py:188} INFO - [2025-12-16T17:01:56.462+0000] {dagbag.py:545} INFO - Filling up the DagBag from /opt/airflow/dags/main.py
[2025-12-16T17:01:56.547+0000] {processor.py:840} INFO - DAG(s) 'youtube_video_stats', 'update_db' retrieved from /opt/airflow/dags/main.py
[2025-12-16T17:01:56.582+0000] {logging_mixin.py:188} INFO - [2025-12-16T17:01:56.581+0000] {dag.py:3096} INFO - Sync 2 DAGs
[2025-12-16T17:01:56.606+0000] {logging_mixin.py:188} INFO - [2025-12-16T17:01:56.606+0000] {dag.py:3954} INFO - Setting next_dagrun for update_db to 2025-12-16 15:00:00+00:00, run_after=2025-12-17 15:00:00+00:00
[2025-12-16T17:01:56.615+0000] {logging_mixin.py:188} INFO - [2025-12-16T17:01:56.615+0000] {dag.py:3954} INFO - Setting next_dagrun for youtube_video_stats to 2025-12-16 14:00:00+00:00, run_after=2025-12-17 14:00:00+00:00
[2025-12-16T17:01:56.866+0000] {processor.py:183} INFO - Processing /opt/airflow/dags/main.py took 0.412 seconds
[2025-12-16T17:02:27.072+0000] {processor.py:161} INFO - Started process (PID=8564) to work on /opt/airflow/dags/main.py
[2025-12-16T17:02:27.073+0000] {processor.py:830} INFO - Processing file /opt/airflow/dags/main.py for tasks to queue
[2025-12-16T17:02:27.075+0000] {logging_mixin.py:188} INFO - [2025-12-16T17:02:27.074+0000] {dagbag.py:545} INFO - Filling up the DagBag from /opt/airflow/dags/main.py
[2025-12-16T17:02:27.151+0000] {processor.py:840} INFO - DAG(s) 'update_db', 'youtube_video_stats' retrieved from /opt/airflow/dags/main.py
[2025-12-16T17:02:27.178+0000] {logging_mixin.py:188} INFO - [2025-12-16T17:02:27.178+0000] {dag.py:3096} INFO - Sync 2 DAGs
[2025-12-16T17:02:27.364+0000] {logging_mixin.py:188} INFO - [2025-12-16T17:02:27.363+0000] {dag.py:3954} INFO - Setting next_dagrun for update_db to 2025-12-16 15:00:00+00:00, run_after=2025-12-17 15:00:00+00:00
[2025-12-16T17:02:27.369+0000] {logging_mixin.py:188} INFO - [2025-12-16T17:02:27.369+0000] {dag.py:3954} INFO - Setting next_dagrun for youtube_video_stats to 2025-12-16 14:00:00+00:00, run_after=2025-12-17 14:00:00+00:00
[2025-12-16T17:02:27.390+0000] {processor.py:183} INFO - Processing /opt/airflow/dags/main.py took 0.324 seconds
[2025-12-16T17:02:57.611+0000] {processor.py:161} INFO - Started process (PID=8571) to work on /opt/airflow/dags/main.py
[2025-12-16T17:02:57.612+0000] {processor.py:830} INFO - Processing file /opt/airflow/dags/main.py for tasks to queue
[2025-12-16T17:02:57.613+0000] {logging_mixin.py:188} INFO - [2025-12-16T17:02:57.613+0000] {dagbag.py:545} INFO - Filling up the DagBag from /opt/airflow/dags/main.py
[2025-12-16T17:02:57.679+0000] {processor.py:840} INFO - DAG(s) 'youtube_video_stats', 'update_db' retrieved from /opt/airflow/dags/main.py
[2025-12-16T17:02:57.705+0000] {logging_mixin.py:188} INFO - [2025-12-16T17:02:57.705+0000] {dag.py:3096} INFO - Sync 2 DAGs
[2025-12-16T17:02:57.885+0000] {logging_mixin.py:188} INFO - [2025-12-16T17:02:57.885+0000] {dag.py:3954} INFO - Setting next_dagrun for update_db to 2025-12-16 15:00:00+00:00, run_after=2025-12-17 15:00:00+00:00
[2025-12-16T17:02:57.891+0000] {logging_mixin.py:188} INFO - [2025-12-16T17:02:57.890+0000] {dag.py:3954} INFO - Setting next_dagrun for youtube_video_stats to 2025-12-16 14:00:00+00:00, run_after=2025-12-17 14:00:00+00:00
[2025-12-16T17:02:57.910+0000] {processor.py:183} INFO - Processing /opt/airflow/dags/main.py took 0.304 seconds
[2025-12-16T17:03:28.129+0000] {processor.py:161} INFO - Started process (PID=8578) to work on /opt/airflow/dags/main.py
[2025-12-16T17:03:28.130+0000] {processor.py:830} INFO - Processing file /opt/airflow/dags/main.py for tasks to queue
[2025-12-16T17:03:28.131+0000] {logging_mixin.py:188} INFO - [2025-12-16T17:03:28.131+0000] {dagbag.py:545} INFO - Filling up the DagBag from /opt/airflow/dags/main.py
[2025-12-16T17:03:28.221+0000] {processor.py:840} INFO - DAG(s) 'update_db', 'youtube_video_stats' retrieved from /opt/airflow/dags/main.py
[2025-12-16T17:03:28.404+0000] {logging_mixin.py:188} INFO - [2025-12-16T17:03:28.404+0000] {dag.py:3096} INFO - Sync 2 DAGs
[2025-12-16T17:03:28.427+0000] {logging_mixin.py:188} INFO - [2025-12-16T17:03:28.427+0000] {dag.py:3954} INFO - Setting next_dagrun for update_db to 2025-12-16 15:00:00+00:00, run_after=2025-12-17 15:00:00+00:00
[2025-12-16T17:03:28.437+0000] {logging_mixin.py:188} INFO - [2025-12-16T17:03:28.437+0000] {dag.py:3954} INFO - Setting next_dagrun for youtube_video_stats to 2025-12-16 14:00:00+00:00, run_after=2025-12-17 14:00:00+00:00
[2025-12-16T17:03:28.459+0000] {processor.py:183} INFO - Processing /opt/airflow/dags/main.py took 0.337 seconds
[2025-12-16T17:03:58.653+0000] {processor.py:161} INFO - Started process (PID=8585) to work on /opt/airflow/dags/main.py
[2025-12-16T17:03:58.655+0000] {processor.py:830} INFO - Processing file /opt/airflow/dags/main.py for tasks to queue
[2025-12-16T17:03:58.655+0000] {logging_mixin.py:188} INFO - [2025-12-16T17:03:58.655+0000] {dagbag.py:545} INFO - Filling up the DagBag from /opt/airflow/dags/main.py
[2025-12-16T17:03:58.734+0000] {processor.py:840} INFO - DAG(s) 'youtube_video_stats', 'update_db' retrieved from /opt/airflow/dags/main.py
[2025-12-16T17:03:58.908+0000] {logging_mixin.py:188} INFO - [2025-12-16T17:03:58.908+0000] {dag.py:3096} INFO - Sync 2 DAGs
[2025-12-16T17:03:58.927+0000] {logging_mixin.py:188} INFO - [2025-12-16T17:03:58.926+0000] {dag.py:3954} INFO - Setting next_dagrun for update_db to 2025-12-16 15:00:00+00:00, run_after=2025-12-17 15:00:00+00:00
[2025-12-16T17:03:58.932+0000] {logging_mixin.py:188} INFO - [2025-12-16T17:03:58.932+0000] {dag.py:3954} INFO - Setting next_dagrun for youtube_video_stats to 2025-12-16 14:00:00+00:00, run_after=2025-12-17 14:00:00+00:00
[2025-12-16T17:03:58.973+0000] {processor.py:183} INFO - Processing /opt/airflow/dags/main.py took 0.326 seconds
[2025-12-16T17:04:29.179+0000] {processor.py:161} INFO - Started process (PID=8592) to work on /opt/airflow/dags/main.py
[2025-12-16T17:04:29.181+0000] {processor.py:830} INFO - Processing file /opt/airflow/dags/main.py for tasks to queue
[2025-12-16T17:04:29.182+0000] {logging_mixin.py:188} INFO - [2025-12-16T17:04:29.182+0000] {dagbag.py:545} INFO - Filling up the DagBag from /opt/airflow/dags/main.py
[2025-12-16T17:04:29.276+0000] {processor.py:840} INFO - DAG(s) 'youtube_video_stats', 'update_db' retrieved from /opt/airflow/dags/main.py
[2025-12-16T17:04:29.310+0000] {logging_mixin.py:188} INFO - [2025-12-16T17:04:29.309+0000] {dag.py:3096} INFO - Sync 2 DAGs
[2025-12-16T17:04:29.331+0000] {logging_mixin.py:188} INFO - [2025-12-16T17:04:29.330+0000] {dag.py:3954} INFO - Setting next_dagrun for update_db to 2025-12-16 15:00:00+00:00, run_after=2025-12-17 15:00:00+00:00
[2025-12-16T17:04:29.337+0000] {logging_mixin.py:188} INFO - [2025-12-16T17:04:29.337+0000] {dag.py:3954} INFO - Setting next_dagrun for youtube_video_stats to 2025-12-16 14:00:00+00:00, run_after=2025-12-17 14:00:00+00:00
[2025-12-16T17:04:29.356+0000] {processor.py:183} INFO - Processing /opt/airflow/dags/main.py took 0.184 seconds
[2025-12-16T17:04:59.539+0000] {processor.py:161} INFO - Started process (PID=8599) to work on /opt/airflow/dags/main.py
[2025-12-16T17:04:59.540+0000] {processor.py:830} INFO - Processing file /opt/airflow/dags/main.py for tasks to queue
[2025-12-16T17:04:59.541+0000] {logging_mixin.py:188} INFO - [2025-12-16T17:04:59.541+0000] {dagbag.py:545} INFO - Filling up the DagBag from /opt/airflow/dags/main.py
[2025-12-16T17:04:59.636+0000] {processor.py:840} INFO - DAG(s) 'update_db', 'youtube_video_stats' retrieved from /opt/airflow/dags/main.py
[2025-12-16T17:04:59.666+0000] {logging_mixin.py:188} INFO - [2025-12-16T17:04:59.666+0000] {dag.py:3096} INFO - Sync 2 DAGs
[2025-12-16T17:04:59.688+0000] {logging_mixin.py:188} INFO - [2025-12-16T17:04:59.688+0000] {dag.py:3954} INFO - Setting next_dagrun for update_db to 2025-12-16 15:00:00+00:00, run_after=2025-12-17 15:00:00+00:00
[2025-12-16T17:04:59.694+0000] {logging_mixin.py:188} INFO - [2025-12-16T17:04:59.693+0000] {dag.py:3954} INFO - Setting next_dagrun for youtube_video_stats to 2025-12-16 14:00:00+00:00, run_after=2025-12-17 14:00:00+00:00
[2025-12-16T17:04:59.873+0000] {processor.py:183} INFO - Processing /opt/airflow/dags/main.py took 0.346 seconds
[2025-12-16T17:05:30.061+0000] {processor.py:161} INFO - Started process (PID=8606) to work on /opt/airflow/dags/main.py
[2025-12-16T17:05:30.062+0000] {processor.py:830} INFO - Processing file /opt/airflow/dags/main.py for tasks to queue
[2025-12-16T17:05:30.063+0000] {logging_mixin.py:188} INFO - [2025-12-16T17:05:30.063+0000] {dagbag.py:545} INFO - Filling up the DagBag from /opt/airflow/dags/main.py
[2025-12-16T17:05:30.158+0000] {processor.py:840} INFO - DAG(s) 'youtube_video_stats', 'update_db' retrieved from /opt/airflow/dags/main.py
[2025-12-16T17:05:30.186+0000] {logging_mixin.py:188} INFO - [2025-12-16T17:05:30.186+0000] {dag.py:3096} INFO - Sync 2 DAGs
[2025-12-16T17:05:30.341+0000] {logging_mixin.py:188} INFO - [2025-12-16T17:05:30.340+0000] {dag.py:3954} INFO - Setting next_dagrun for update_db to 2025-12-16 15:00:00+00:00, run_after=2025-12-17 15:00:00+00:00
[2025-12-16T17:05:30.346+0000] {logging_mixin.py:188} INFO - [2025-12-16T17:05:30.346+0000] {dag.py:3954} INFO - Setting next_dagrun for youtube_video_stats to 2025-12-16 14:00:00+00:00, run_after=2025-12-17 14:00:00+00:00
[2025-12-16T17:05:30.367+0000] {processor.py:183} INFO - Processing /opt/airflow/dags/main.py took 0.313 seconds
[2025-12-16T17:06:00.562+0000] {processor.py:161} INFO - Started process (PID=8613) to work on /opt/airflow/dags/main.py
[2025-12-16T17:06:00.564+0000] {processor.py:830} INFO - Processing file /opt/airflow/dags/main.py for tasks to queue
[2025-12-16T17:06:00.565+0000] {logging_mixin.py:188} INFO - [2025-12-16T17:06:00.565+0000] {dagbag.py:545} INFO - Filling up the DagBag from /opt/airflow/dags/main.py
[2025-12-16T17:06:00.650+0000] {processor.py:840} INFO - DAG(s) 'update_db', 'youtube_video_stats' retrieved from /opt/airflow/dags/main.py
[2025-12-16T17:06:00.686+0000] {logging_mixin.py:188} INFO - [2025-12-16T17:06:00.686+0000] {dag.py:3096} INFO - Sync 2 DAGs
[2025-12-16T17:06:00.890+0000] {logging_mixin.py:188} INFO - [2025-12-16T17:06:00.890+0000] {dag.py:3954} INFO - Setting next_dagrun for update_db to 2025-12-16 15:00:00+00:00, run_after=2025-12-17 15:00:00+00:00
[2025-12-16T17:06:00.898+0000] {logging_mixin.py:188} INFO - [2025-12-16T17:06:00.898+0000] {dag.py:3954} INFO - Setting next_dagrun for youtube_video_stats to 2025-12-16 14:00:00+00:00, run_after=2025-12-17 14:00:00+00:00
[2025-12-16T17:06:00.922+0000] {processor.py:183} INFO - Processing /opt/airflow/dags/main.py took 0.368 seconds
[2025-12-16T17:06:31.201+0000] {processor.py:161} INFO - Started process (PID=8620) to work on /opt/airflow/dags/main.py
[2025-12-16T17:06:31.203+0000] {processor.py:830} INFO - Processing file /opt/airflow/dags/main.py for tasks to queue
[2025-12-16T17:06:31.215+0000] {logging_mixin.py:188} INFO - [2025-12-16T17:06:31.214+0000] {dagbag.py:545} INFO - Filling up the DagBag from /opt/airflow/dags/main.py
[2025-12-16T17:06:31.437+0000] {processor.py:840} INFO - DAG(s) 'youtube_video_stats', 'update_db' retrieved from /opt/airflow/dags/main.py
[2025-12-16T17:06:31.731+0000] {logging_mixin.py:188} INFO - [2025-12-16T17:06:31.731+0000] {dag.py:3096} INFO - Sync 2 DAGs
[2025-12-16T17:06:31.761+0000] {logging_mixin.py:188} INFO - [2025-12-16T17:06:31.761+0000] {dag.py:3954} INFO - Setting next_dagrun for update_db to 2025-12-16 15:00:00+00:00, run_after=2025-12-17 15:00:00+00:00
[2025-12-16T17:06:31.770+0000] {logging_mixin.py:188} INFO - [2025-12-16T17:06:31.769+0000] {dag.py:3954} INFO - Setting next_dagrun for youtube_video_stats to 2025-12-16 14:00:00+00:00, run_after=2025-12-17 14:00:00+00:00
[2025-12-16T17:06:31.795+0000] {processor.py:183} INFO - Processing /opt/airflow/dags/main.py took 0.615 seconds
[2025-12-16T17:07:01.948+0000] {processor.py:161} INFO - Started process (PID=8628) to work on /opt/airflow/dags/main.py
[2025-12-16T17:07:01.949+0000] {processor.py:830} INFO - Processing file /opt/airflow/dags/main.py for tasks to queue
[2025-12-16T17:07:01.951+0000] {logging_mixin.py:188} INFO - [2025-12-16T17:07:01.950+0000] {dagbag.py:545} INFO - Filling up the DagBag from /opt/airflow/dags/main.py
[2025-12-16T17:07:02.041+0000] {processor.py:840} INFO - DAG(s) 'youtube_video_stats', 'update_db' retrieved from /opt/airflow/dags/main.py
[2025-12-16T17:07:02.225+0000] {logging_mixin.py:188} INFO - [2025-12-16T17:07:02.224+0000] {dag.py:3096} INFO - Sync 2 DAGs
[2025-12-16T17:07:02.245+0000] {logging_mixin.py:188} INFO - [2025-12-16T17:07:02.244+0000] {dag.py:3954} INFO - Setting next_dagrun for update_db to 2025-12-16 15:00:00+00:00, run_after=2025-12-17 15:00:00+00:00
[2025-12-16T17:07:02.250+0000] {logging_mixin.py:188} INFO - [2025-12-16T17:07:02.250+0000] {dag.py:3954} INFO - Setting next_dagrun for youtube_video_stats to 2025-12-16 14:00:00+00:00, run_after=2025-12-17 14:00:00+00:00
[2025-12-16T17:07:02.271+0000] {processor.py:183} INFO - Processing /opt/airflow/dags/main.py took 0.329 seconds
[2025-12-16T17:07:32.518+0000] {processor.py:161} INFO - Started process (PID=8635) to work on /opt/airflow/dags/main.py
[2025-12-16T17:07:32.520+0000] {processor.py:830} INFO - Processing file /opt/airflow/dags/main.py for tasks to queue
[2025-12-16T17:07:32.521+0000] {logging_mixin.py:188} INFO - [2025-12-16T17:07:32.520+0000] {dagbag.py:545} INFO - Filling up the DagBag from /opt/airflow/dags/main.py
[2025-12-16T17:07:32.596+0000] {processor.py:840} INFO - DAG(s) 'youtube_video_stats', 'update_db' retrieved from /opt/airflow/dags/main.py
[2025-12-16T17:07:32.644+0000] {logging_mixin.py:188} INFO - [2025-12-16T17:07:32.643+0000] {dag.py:3096} INFO - Sync 2 DAGs
[2025-12-16T17:07:32.663+0000] {logging_mixin.py:188} INFO - [2025-12-16T17:07:32.662+0000] {dag.py:3954} INFO - Setting next_dagrun for update_db to 2025-12-16 15:00:00+00:00, run_after=2025-12-17 15:00:00+00:00
[2025-12-16T17:07:32.667+0000] {logging_mixin.py:188} INFO - [2025-12-16T17:07:32.667+0000] {dag.py:3954} INFO - Setting next_dagrun for youtube_video_stats to 2025-12-16 14:00:00+00:00, run_after=2025-12-17 14:00:00+00:00
[2025-12-16T17:07:32.684+0000] {processor.py:183} INFO - Processing /opt/airflow/dags/main.py took 0.196 seconds
[2025-12-16T17:08:02.903+0000] {processor.py:161} INFO - Started process (PID=8642) to work on /opt/airflow/dags/main.py
[2025-12-16T17:08:02.905+0000] {processor.py:830} INFO - Processing file /opt/airflow/dags/main.py for tasks to queue
[2025-12-16T17:08:02.907+0000] {logging_mixin.py:188} INFO - [2025-12-16T17:08:02.906+0000] {dagbag.py:545} INFO - Filling up the DagBag from /opt/airflow/dags/main.py
[2025-12-16T17:08:03.118+0000] {processor.py:840} INFO - DAG(s) 'youtube_video_stats', 'update_db' retrieved from /opt/airflow/dags/main.py
[2025-12-16T17:08:03.185+0000] {logging_mixin.py:188} INFO - [2025-12-16T17:08:03.185+0000] {dag.py:3096} INFO - Sync 2 DAGs
[2025-12-16T17:08:03.240+0000] {logging_mixin.py:188} INFO - [2025-12-16T17:08:03.240+0000] {dag.py:3954} INFO - Setting next_dagrun for update_db to 2025-12-16 15:00:00+00:00, run_after=2025-12-17 15:00:00+00:00
[2025-12-16T17:08:03.573+0000] {logging_mixin.py:188} INFO - [2025-12-16T17:08:03.573+0000] {dag.py:3954} INFO - Setting next_dagrun for youtube_video_stats to 2025-12-16 14:00:00+00:00, run_after=2025-12-17 14:00:00+00:00
[2025-12-16T17:08:03.616+0000] {processor.py:183} INFO - Processing /opt/airflow/dags/main.py took 0.725 seconds
[2025-12-16T17:08:33.882+0000] {processor.py:161} INFO - Started process (PID=8649) to work on /opt/airflow/dags/main.py
[2025-12-16T17:08:33.884+0000] {processor.py:830} INFO - Processing file /opt/airflow/dags/main.py for tasks to queue
[2025-12-16T17:08:33.885+0000] {logging_mixin.py:188} INFO - [2025-12-16T17:08:33.884+0000] {dagbag.py:545} INFO - Filling up the DagBag from /opt/airflow/dags/main.py
[2025-12-16T17:08:34.007+0000] {processor.py:840} INFO - DAG(s) 'update_db', 'youtube_video_stats' retrieved from /opt/airflow/dags/main.py
[2025-12-16T17:08:34.047+0000] {logging_mixin.py:188} INFO - [2025-12-16T17:08:34.047+0000] {dag.py:3096} INFO - Sync 2 DAGs
[2025-12-16T17:08:34.279+0000] {logging_mixin.py:188} INFO - [2025-12-16T17:08:34.279+0000] {dag.py:3954} INFO - Setting next_dagrun for update_db to 2025-12-16 15:00:00+00:00, run_after=2025-12-17 15:00:00+00:00
[2025-12-16T17:08:34.285+0000] {logging_mixin.py:188} INFO - [2025-12-16T17:08:34.285+0000] {dag.py:3954} INFO - Setting next_dagrun for youtube_video_stats to 2025-12-16 14:00:00+00:00, run_after=2025-12-17 14:00:00+00:00
[2025-12-16T17:08:34.308+0000] {processor.py:183} INFO - Processing /opt/airflow/dags/main.py took 0.433 seconds
[2025-12-16T17:09:04.435+0000] {processor.py:161} INFO - Started process (PID=8656) to work on /opt/airflow/dags/main.py
[2025-12-16T17:09:04.436+0000] {processor.py:830} INFO - Processing file /opt/airflow/dags/main.py for tasks to queue
[2025-12-16T17:09:04.438+0000] {logging_mixin.py:188} INFO - [2025-12-16T17:09:04.437+0000] {dagbag.py:545} INFO - Filling up the DagBag from /opt/airflow/dags/main.py
[2025-12-16T17:09:04.604+0000] {processor.py:840} INFO - DAG(s) 'youtube_video_stats', 'update_db' retrieved from /opt/airflow/dags/main.py
[2025-12-16T17:09:05.173+0000] {logging_mixin.py:188} INFO - [2025-12-16T17:09:05.172+0000] {dag.py:3096} INFO - Sync 2 DAGs
[2025-12-16T17:09:05.235+0000] {logging_mixin.py:188} INFO - [2025-12-16T17:09:05.235+0000] {dag.py:3954} INFO - Setting next_dagrun for update_db to 2025-12-16 15:00:00+00:00, run_after=2025-12-17 15:00:00+00:00
[2025-12-16T17:09:05.246+0000] {logging_mixin.py:188} INFO - [2025-12-16T17:09:05.245+0000] {dag.py:3954} INFO - Setting next_dagrun for youtube_video_stats to 2025-12-16 14:00:00+00:00, run_after=2025-12-17 14:00:00+00:00
[2025-12-16T17:09:05.320+0000] {processor.py:183} INFO - Processing /opt/airflow/dags/main.py took 0.893 seconds
[2025-12-16T17:09:35.727+0000] {processor.py:161} INFO - Started process (PID=8663) to work on /opt/airflow/dags/main.py
[2025-12-16T17:09:35.729+0000] {processor.py:830} INFO - Processing file /opt/airflow/dags/main.py for tasks to queue
[2025-12-16T17:09:35.730+0000] {logging_mixin.py:188} INFO - [2025-12-16T17:09:35.730+0000] {dagbag.py:545} INFO - Filling up the DagBag from /opt/airflow/dags/main.py
[2025-12-16T17:09:35.832+0000] {processor.py:840} INFO - DAG(s) 'update_db', 'youtube_video_stats' retrieved from /opt/airflow/dags/main.py
[2025-12-16T17:09:36.047+0000] {logging_mixin.py:188} INFO - [2025-12-16T17:09:36.047+0000] {dag.py:3096} INFO - Sync 2 DAGs
[2025-12-16T17:09:36.074+0000] {logging_mixin.py:188} INFO - [2025-12-16T17:09:36.074+0000] {dag.py:3954} INFO - Setting next_dagrun for update_db to 2025-12-16 15:00:00+00:00, run_after=2025-12-17 15:00:00+00:00
[2025-12-16T17:09:36.081+0000] {logging_mixin.py:188} INFO - [2025-12-16T17:09:36.081+0000] {dag.py:3954} INFO - Setting next_dagrun for youtube_video_stats to 2025-12-16 14:00:00+00:00, run_after=2025-12-17 14:00:00+00:00
[2025-12-16T17:09:36.103+0000] {processor.py:183} INFO - Processing /opt/airflow/dags/main.py took 0.383 seconds
[2025-12-16T17:10:06.334+0000] {processor.py:161} INFO - Started process (PID=8670) to work on /opt/airflow/dags/main.py
[2025-12-16T17:10:06.335+0000] {processor.py:830} INFO - Processing file /opt/airflow/dags/main.py for tasks to queue
[2025-12-16T17:10:06.336+0000] {logging_mixin.py:188} INFO - [2025-12-16T17:10:06.336+0000] {dagbag.py:545} INFO - Filling up the DagBag from /opt/airflow/dags/main.py
[2025-12-16T17:10:06.423+0000] {processor.py:840} INFO - DAG(s) 'youtube_video_stats', 'update_db' retrieved from /opt/airflow/dags/main.py
[2025-12-16T17:10:06.456+0000] {logging_mixin.py:188} INFO - [2025-12-16T17:10:06.455+0000] {dag.py:3096} INFO - Sync 2 DAGs
[2025-12-16T17:10:06.480+0000] {logging_mixin.py:188} INFO - [2025-12-16T17:10:06.480+0000] {dag.py:3954} INFO - Setting next_dagrun for update_db to 2025-12-16 15:00:00+00:00, run_after=2025-12-17 15:00:00+00:00
[2025-12-16T17:10:06.487+0000] {logging_mixin.py:188} INFO - [2025-12-16T17:10:06.486+0000] {dag.py:3954} INFO - Setting next_dagrun for youtube_video_stats to 2025-12-16 14:00:00+00:00, run_after=2025-12-17 14:00:00+00:00
[2025-12-16T17:10:06.506+0000] {processor.py:183} INFO - Processing /opt/airflow/dags/main.py took 0.180 seconds
[2025-12-16T17:10:36.689+0000] {processor.py:161} INFO - Started process (PID=8676) to work on /opt/airflow/dags/main.py
[2025-12-16T17:10:36.690+0000] {processor.py:830} INFO - Processing file /opt/airflow/dags/main.py for tasks to queue
[2025-12-16T17:10:36.691+0000] {logging_mixin.py:188} INFO - [2025-12-16T17:10:36.691+0000] {dagbag.py:545} INFO - Filling up the DagBag from /opt/airflow/dags/main.py
[2025-12-16T17:10:36.783+0000] {processor.py:840} INFO - DAG(s) 'update_db', 'youtube_video_stats' retrieved from /opt/airflow/dags/main.py
[2025-12-16T17:10:36.815+0000] {logging_mixin.py:188} INFO - [2025-12-16T17:10:36.815+0000] {dag.py:3096} INFO - Sync 2 DAGs
[2025-12-16T17:10:36.837+0000] {logging_mixin.py:188} INFO - [2025-12-16T17:10:36.837+0000] {dag.py:3954} INFO - Setting next_dagrun for update_db to 2025-12-16 15:00:00+00:00, run_after=2025-12-17 15:00:00+00:00
[2025-12-16T17:10:36.845+0000] {logging_mixin.py:188} INFO - [2025-12-16T17:10:36.845+0000] {dag.py:3954} INFO - Setting next_dagrun for youtube_video_stats to 2025-12-16 14:00:00+00:00, run_after=2025-12-17 14:00:00+00:00
[2025-12-16T17:10:37.027+0000] {processor.py:183} INFO - Processing /opt/airflow/dags/main.py took 0.344 seconds
[2025-12-16T17:11:07.209+0000] {processor.py:161} INFO - Started process (PID=8683) to work on /opt/airflow/dags/main.py
[2025-12-16T17:11:07.211+0000] {processor.py:830} INFO - Processing file /opt/airflow/dags/main.py for tasks to queue
[2025-12-16T17:11:07.212+0000] {logging_mixin.py:188} INFO - [2025-12-16T17:11:07.212+0000] {dagbag.py:545} INFO - Filling up the DagBag from /opt/airflow/dags/main.py
[2025-12-16T17:11:07.302+0000] {processor.py:840} INFO - DAG(s) 'youtube_video_stats', 'update_db' retrieved from /opt/airflow/dags/main.py
[2025-12-16T17:11:07.336+0000] {logging_mixin.py:188} INFO - [2025-12-16T17:11:07.336+0000] {dag.py:3096} INFO - Sync 2 DAGs
[2025-12-16T17:11:07.505+0000] {logging_mixin.py:188} INFO - [2025-12-16T17:11:07.505+0000] {dag.py:3954} INFO - Setting next_dagrun for update_db to 2025-12-16 15:00:00+00:00, run_after=2025-12-17 15:00:00+00:00
[2025-12-16T17:11:07.510+0000] {logging_mixin.py:188} INFO - [2025-12-16T17:11:07.510+0000] {dag.py:3954} INFO - Setting next_dagrun for youtube_video_stats to 2025-12-16 14:00:00+00:00, run_after=2025-12-17 14:00:00+00:00
[2025-12-16T17:11:07.532+0000] {processor.py:183} INFO - Processing /opt/airflow/dags/main.py took 0.329 seconds
[2025-12-16T17:11:37.769+0000] {processor.py:161} INFO - Started process (PID=8690) to work on /opt/airflow/dags/main.py
[2025-12-16T17:11:37.770+0000] {processor.py:830} INFO - Processing file /opt/airflow/dags/main.py for tasks to queue
[2025-12-16T17:11:37.772+0000] {logging_mixin.py:188} INFO - [2025-12-16T17:11:37.772+0000] {dagbag.py:545} INFO - Filling up the DagBag from /opt/airflow/dags/main.py
[2025-12-16T17:11:37.911+0000] {processor.py:840} INFO - DAG(s) 'youtube_video_stats', 'update_db' retrieved from /opt/airflow/dags/main.py
[2025-12-16T17:11:37.957+0000] {logging_mixin.py:188} INFO - [2025-12-16T17:11:37.956+0000] {dag.py:3096} INFO - Sync 2 DAGs
[2025-12-16T17:11:38.172+0000] {logging_mixin.py:188} INFO - [2025-12-16T17:11:38.171+0000] {dag.py:3954} INFO - Setting next_dagrun for update_db to 2025-12-16 15:00:00+00:00, run_after=2025-12-17 15:00:00+00:00
[2025-12-16T17:11:38.180+0000] {logging_mixin.py:188} INFO - [2025-12-16T17:11:38.180+0000] {dag.py:3954} INFO - Setting next_dagrun for youtube_video_stats to 2025-12-16 14:00:00+00:00, run_after=2025-12-17 14:00:00+00:00
[2025-12-16T17:11:38.206+0000] {processor.py:183} INFO - Processing /opt/airflow/dags/main.py took 0.449 seconds
[2025-12-16T17:12:08.415+0000] {processor.py:161} INFO - Started process (PID=8697) to work on /opt/airflow/dags/main.py
[2025-12-16T17:12:08.416+0000] {processor.py:830} INFO - Processing file /opt/airflow/dags/main.py for tasks to queue
[2025-12-16T17:12:08.417+0000] {logging_mixin.py:188} INFO - [2025-12-16T17:12:08.417+0000] {dagbag.py:545} INFO - Filling up the DagBag from /opt/airflow/dags/main.py
[2025-12-16T17:12:08.494+0000] {processor.py:840} INFO - DAG(s) 'youtube_video_stats', 'update_db' retrieved from /opt/airflow/dags/main.py
[2025-12-16T17:12:08.655+0000] {logging_mixin.py:188} INFO - [2025-12-16T17:12:08.654+0000] {dag.py:3096} INFO - Sync 2 DAGs
[2025-12-16T17:12:08.674+0000] {logging_mixin.py:188} INFO - [2025-12-16T17:12:08.674+0000] {dag.py:3954} INFO - Setting next_dagrun for update_db to 2025-12-16 15:00:00+00:00, run_after=2025-12-17 15:00:00+00:00
[2025-12-16T17:12:08.679+0000] {logging_mixin.py:188} INFO - [2025-12-16T17:12:08.678+0000] {dag.py:3954} INFO - Setting next_dagrun for youtube_video_stats to 2025-12-16 14:00:00+00:00, run_after=2025-12-17 14:00:00+00:00
[2025-12-16T17:12:08.694+0000] {processor.py:183} INFO - Processing /opt/airflow/dags/main.py took 0.284 seconds
[2025-12-16T17:12:38.892+0000] {processor.py:161} INFO - Started process (PID=8704) to work on /opt/airflow/dags/main.py
[2025-12-16T17:12:38.894+0000] {processor.py:830} INFO - Processing file /opt/airflow/dags/main.py for tasks to queue
[2025-12-16T17:12:38.895+0000] {logging_mixin.py:188} INFO - [2025-12-16T17:12:38.895+0000] {dagbag.py:545} INFO - Filling up the DagBag from /opt/airflow/dags/main.py
[2025-12-16T17:12:39.016+0000] {processor.py:840} INFO - DAG(s) 'youtube_video_stats', 'update_db' retrieved from /opt/airflow/dags/main.py
[2025-12-16T17:12:39.213+0000] {logging_mixin.py:188} INFO - [2025-12-16T17:12:39.213+0000] {dag.py:3096} INFO - Sync 2 DAGs
[2025-12-16T17:12:39.239+0000] {logging_mixin.py:188} INFO - [2025-12-16T17:12:39.239+0000] {dag.py:3954} INFO - Setting next_dagrun for update_db to 2025-12-16 15:00:00+00:00, run_after=2025-12-17 15:00:00+00:00
[2025-12-16T17:12:39.246+0000] {logging_mixin.py:188} INFO - [2025-12-16T17:12:39.246+0000] {dag.py:3954} INFO - Setting next_dagrun for youtube_video_stats to 2025-12-16 14:00:00+00:00, run_after=2025-12-17 14:00:00+00:00
[2025-12-16T17:12:39.277+0000] {processor.py:183} INFO - Processing /opt/airflow/dags/main.py took 0.393 seconds
[2025-12-16T17:13:09.487+0000] {processor.py:161} INFO - Started process (PID=8711) to work on /opt/airflow/dags/main.py
[2025-12-16T17:13:09.488+0000] {processor.py:830} INFO - Processing file /opt/airflow/dags/main.py for tasks to queue
[2025-12-16T17:13:09.490+0000] {logging_mixin.py:188} INFO - [2025-12-16T17:13:09.490+0000] {dagbag.py:545} INFO - Filling up the DagBag from /opt/airflow/dags/main.py
[2025-12-16T17:13:09.613+0000] {processor.py:840} INFO - DAG(s) 'youtube_video_stats', 'update_db' retrieved from /opt/airflow/dags/main.py
[2025-12-16T17:13:09.724+0000] {logging_mixin.py:188} INFO - [2025-12-16T17:13:09.723+0000] {dag.py:3096} INFO - Sync 2 DAGs
[2025-12-16T17:13:09.773+0000] {logging_mixin.py:188} INFO - [2025-12-16T17:13:09.773+0000] {dag.py:3954} INFO - Setting next_dagrun for update_db to 2025-12-16 15:00:00+00:00, run_after=2025-12-17 15:00:00+00:00
[2025-12-16T17:13:09.782+0000] {logging_mixin.py:188} INFO - [2025-12-16T17:13:09.781+0000] {dag.py:3954} INFO - Setting next_dagrun for youtube_video_stats to 2025-12-16 14:00:00+00:00, run_after=2025-12-17 14:00:00+00:00
[2025-12-16T17:13:09.811+0000] {processor.py:183} INFO - Processing /opt/airflow/dags/main.py took 0.333 seconds
[2025-12-16T17:13:40.021+0000] {processor.py:161} INFO - Started process (PID=8718) to work on /opt/airflow/dags/main.py
[2025-12-16T17:13:40.023+0000] {processor.py:830} INFO - Processing file /opt/airflow/dags/main.py for tasks to queue
[2025-12-16T17:13:40.024+0000] {logging_mixin.py:188} INFO - [2025-12-16T17:13:40.024+0000] {dagbag.py:545} INFO - Filling up the DagBag from /opt/airflow/dags/main.py
[2025-12-16T17:13:40.109+0000] {processor.py:840} INFO - DAG(s) 'youtube_video_stats', 'update_db' retrieved from /opt/airflow/dags/main.py
[2025-12-16T17:13:40.146+0000] {logging_mixin.py:188} INFO - [2025-12-16T17:13:40.146+0000] {dag.py:3096} INFO - Sync 2 DAGs
[2025-12-16T17:13:40.172+0000] {logging_mixin.py:188} INFO - [2025-12-16T17:13:40.172+0000] {dag.py:3954} INFO - Setting next_dagrun for update_db to 2025-12-16 15:00:00+00:00, run_after=2025-12-17 15:00:00+00:00
[2025-12-16T17:13:40.344+0000] {logging_mixin.py:188} INFO - [2025-12-16T17:13:40.344+0000] {dag.py:3954} INFO - Setting next_dagrun for youtube_video_stats to 2025-12-16 14:00:00+00:00, run_after=2025-12-17 14:00:00+00:00
[2025-12-16T17:13:40.371+0000] {processor.py:183} INFO - Processing /opt/airflow/dags/main.py took 0.356 seconds
[2025-12-16T17:14:10.602+0000] {processor.py:161} INFO - Started process (PID=8726) to work on /opt/airflow/dags/main.py
[2025-12-16T17:14:10.604+0000] {processor.py:830} INFO - Processing file /opt/airflow/dags/main.py for tasks to queue
[2025-12-16T17:14:10.605+0000] {logging_mixin.py:188} INFO - [2025-12-16T17:14:10.605+0000] {dagbag.py:545} INFO - Filling up the DagBag from /opt/airflow/dags/main.py
[2025-12-16T17:14:10.773+0000] {processor.py:840} INFO - DAG(s) 'update_db', 'youtube_video_stats' retrieved from /opt/airflow/dags/main.py
[2025-12-16T17:14:10.861+0000] {logging_mixin.py:188} INFO - [2025-12-16T17:14:10.861+0000] {dag.py:3096} INFO - Sync 2 DAGs
[2025-12-16T17:14:11.277+0000] {logging_mixin.py:188} INFO - [2025-12-16T17:14:11.277+0000] {dag.py:3954} INFO - Setting next_dagrun for update_db to 2025-12-16 15:00:00+00:00, run_after=2025-12-17 15:00:00+00:00
[2025-12-16T17:14:11.324+0000] {logging_mixin.py:188} INFO - [2025-12-16T17:14:11.323+0000] {dag.py:3954} INFO - Setting next_dagrun for youtube_video_stats to 2025-12-16 14:00:00+00:00, run_after=2025-12-17 14:00:00+00:00
[2025-12-16T17:14:11.424+0000] {processor.py:183} INFO - Processing /opt/airflow/dags/main.py took 0.833 seconds
[2025-12-16T17:14:41.734+0000] {processor.py:161} INFO - Started process (PID=8733) to work on /opt/airflow/dags/main.py
[2025-12-16T17:14:41.736+0000] {processor.py:830} INFO - Processing file /opt/airflow/dags/main.py for tasks to queue
[2025-12-16T17:14:41.737+0000] {logging_mixin.py:188} INFO - [2025-12-16T17:14:41.737+0000] {dagbag.py:545} INFO - Filling up the DagBag from /opt/airflow/dags/main.py
[2025-12-16T17:14:41.835+0000] {processor.py:840} INFO - DAG(s) 'update_db', 'youtube_video_stats' retrieved from /opt/airflow/dags/main.py
[2025-12-16T17:14:41.868+0000] {logging_mixin.py:188} INFO - [2025-12-16T17:14:41.868+0000] {dag.py:3096} INFO - Sync 2 DAGs
[2025-12-16T17:14:42.041+0000] {logging_mixin.py:188} INFO - [2025-12-16T17:14:42.041+0000] {dag.py:3954} INFO - Setting next_dagrun for update_db to 2025-12-16 15:00:00+00:00, run_after=2025-12-17 15:00:00+00:00
[2025-12-16T17:14:42.046+0000] {logging_mixin.py:188} INFO - [2025-12-16T17:14:42.046+0000] {dag.py:3954} INFO - Setting next_dagrun for youtube_video_stats to 2025-12-16 14:00:00+00:00, run_after=2025-12-17 14:00:00+00:00
[2025-12-16T17:14:42.064+0000] {processor.py:183} INFO - Processing /opt/airflow/dags/main.py took 0.336 seconds
[2025-12-16T17:15:12.390+0000] {processor.py:161} INFO - Started process (PID=8740) to work on /opt/airflow/dags/main.py
[2025-12-16T17:15:12.391+0000] {processor.py:830} INFO - Processing file /opt/airflow/dags/main.py for tasks to queue
[2025-12-16T17:15:12.392+0000] {logging_mixin.py:188} INFO - [2025-12-16T17:15:12.392+0000] {dagbag.py:545} INFO - Filling up the DagBag from /opt/airflow/dags/main.py
[2025-12-16T17:15:12.471+0000] {processor.py:840} INFO - DAG(s) 'youtube_video_stats', 'update_db' retrieved from /opt/airflow/dags/main.py
[2025-12-16T17:15:12.632+0000] {logging_mixin.py:188} INFO - [2025-12-16T17:15:12.632+0000] {dag.py:3096} INFO - Sync 2 DAGs
[2025-12-16T17:15:12.651+0000] {logging_mixin.py:188} INFO - [2025-12-16T17:15:12.651+0000] {dag.py:3954} INFO - Setting next_dagrun for update_db to 2025-12-16 15:00:00+00:00, run_after=2025-12-17 15:00:00+00:00
[2025-12-16T17:15:12.656+0000] {logging_mixin.py:188} INFO - [2025-12-16T17:15:12.656+0000] {dag.py:3954} INFO - Setting next_dagrun for youtube_video_stats to 2025-12-16 14:00:00+00:00, run_after=2025-12-17 14:00:00+00:00
[2025-12-16T17:15:12.672+0000] {processor.py:183} INFO - Processing /opt/airflow/dags/main.py took 0.288 seconds
[2025-12-16T17:15:42.877+0000] {processor.py:161} INFO - Started process (PID=8747) to work on /opt/airflow/dags/main.py
[2025-12-16T17:15:42.878+0000] {processor.py:830} INFO - Processing file /opt/airflow/dags/main.py for tasks to queue
[2025-12-16T17:15:42.880+0000] {logging_mixin.py:188} INFO - [2025-12-16T17:15:42.879+0000] {dagbag.py:545} INFO - Filling up the DagBag from /opt/airflow/dags/main.py
[2025-12-16T17:15:43.293+0000] {processor.py:840} INFO - DAG(s) 'update_db', 'youtube_video_stats' retrieved from /opt/airflow/dags/main.py
[2025-12-16T17:15:43.341+0000] {logging_mixin.py:188} INFO - [2025-12-16T17:15:43.340+0000] {dag.py:3096} INFO - Sync 2 DAGs
[2025-12-16T17:15:43.372+0000] {logging_mixin.py:188} INFO - [2025-12-16T17:15:43.372+0000] {dag.py:3954} INFO - Setting next_dagrun for update_db to 2025-12-16 15:00:00+00:00, run_after=2025-12-17 15:00:00+00:00
[2025-12-16T17:15:43.380+0000] {logging_mixin.py:188} INFO - [2025-12-16T17:15:43.379+0000] {dag.py:3954} INFO - Setting next_dagrun for youtube_video_stats to 2025-12-16 14:00:00+00:00, run_after=2025-12-17 14:00:00+00:00
[2025-12-16T17:15:43.406+0000] {processor.py:183} INFO - Processing /opt/airflow/dags/main.py took 0.537 seconds
[2025-12-16T17:16:13.622+0000] {processor.py:161} INFO - Started process (PID=8754) to work on /opt/airflow/dags/main.py
[2025-12-16T17:16:13.624+0000] {processor.py:830} INFO - Processing file /opt/airflow/dags/main.py for tasks to queue
[2025-12-16T17:16:13.625+0000] {logging_mixin.py:188} INFO - [2025-12-16T17:16:13.624+0000] {dagbag.py:545} INFO - Filling up the DagBag from /opt/airflow/dags/main.py
[2025-12-16T17:16:13.704+0000] {processor.py:840} INFO - DAG(s) 'youtube_video_stats', 'update_db' retrieved from /opt/airflow/dags/main.py
[2025-12-16T17:16:13.733+0000] {logging_mixin.py:188} INFO - [2025-12-16T17:16:13.733+0000] {dag.py:3096} INFO - Sync 2 DAGs
[2025-12-16T17:16:13.753+0000] {logging_mixin.py:188} INFO - [2025-12-16T17:16:13.752+0000] {dag.py:3954} INFO - Setting next_dagrun for update_db to 2025-12-16 15:00:00+00:00, run_after=2025-12-17 15:00:00+00:00
[2025-12-16T17:16:13.758+0000] {logging_mixin.py:188} INFO - [2025-12-16T17:16:13.758+0000] {dag.py:3954} INFO - Setting next_dagrun for youtube_video_stats to 2025-12-16 14:00:00+00:00, run_after=2025-12-17 14:00:00+00:00
[2025-12-16T17:16:13.923+0000] {processor.py:183} INFO - Processing /opt/airflow/dags/main.py took 0.306 seconds
[2025-12-16T17:16:44.122+0000] {processor.py:161} INFO - Started process (PID=8761) to work on /opt/airflow/dags/main.py
[2025-12-16T17:16:44.124+0000] {processor.py:830} INFO - Processing file /opt/airflow/dags/main.py for tasks to queue
[2025-12-16T17:16:44.125+0000] {logging_mixin.py:188} INFO - [2025-12-16T17:16:44.125+0000] {dagbag.py:545} INFO - Filling up the DagBag from /opt/airflow/dags/main.py
[2025-12-16T17:16:44.215+0000] {processor.py:840} INFO - DAG(s) 'youtube_video_stats', 'update_db' retrieved from /opt/airflow/dags/main.py
[2025-12-16T17:16:44.241+0000] {logging_mixin.py:188} INFO - [2025-12-16T17:16:44.241+0000] {dag.py:3096} INFO - Sync 2 DAGs
[2025-12-16T17:16:44.409+0000] {logging_mixin.py:188} INFO - [2025-12-16T17:16:44.409+0000] {dag.py:3954} INFO - Setting next_dagrun for update_db to 2025-12-16 15:00:00+00:00, run_after=2025-12-17 15:00:00+00:00
[2025-12-16T17:16:44.414+0000] {logging_mixin.py:188} INFO - [2025-12-16T17:16:44.414+0000] {dag.py:3954} INFO - Setting next_dagrun for youtube_video_stats to 2025-12-16 14:00:00+00:00, run_after=2025-12-17 14:00:00+00:00
[2025-12-16T17:16:44.433+0000] {processor.py:183} INFO - Processing /opt/airflow/dags/main.py took 0.317 seconds
[2025-12-16T17:17:14.705+0000] {processor.py:161} INFO - Started process (PID=8768) to work on /opt/airflow/dags/main.py
[2025-12-16T17:17:14.706+0000] {processor.py:830} INFO - Processing file /opt/airflow/dags/main.py for tasks to queue
[2025-12-16T17:17:14.707+0000] {logging_mixin.py:188} INFO - [2025-12-16T17:17:14.707+0000] {dagbag.py:545} INFO - Filling up the DagBag from /opt/airflow/dags/main.py
[2025-12-16T17:17:14.780+0000] {processor.py:840} INFO - DAG(s) 'update_db', 'youtube_video_stats' retrieved from /opt/airflow/dags/main.py
[2025-12-16T17:17:14.806+0000] {logging_mixin.py:188} INFO - [2025-12-16T17:17:14.806+0000] {dag.py:3096} INFO - Sync 2 DAGs
[2025-12-16T17:17:14.989+0000] {logging_mixin.py:188} INFO - [2025-12-16T17:17:14.988+0000] {dag.py:3954} INFO - Setting next_dagrun for update_db to 2025-12-16 15:00:00+00:00, run_after=2025-12-17 15:00:00+00:00
[2025-12-16T17:17:14.994+0000] {logging_mixin.py:188} INFO - [2025-12-16T17:17:14.994+0000] {dag.py:3954} INFO - Setting next_dagrun for youtube_video_stats to 2025-12-16 14:00:00+00:00, run_after=2025-12-17 14:00:00+00:00
[2025-12-16T17:17:15.014+0000] {processor.py:183} INFO - Processing /opt/airflow/dags/main.py took 0.314 seconds
[2025-12-16T17:17:45.221+0000] {processor.py:161} INFO - Started process (PID=8775) to work on /opt/airflow/dags/main.py
[2025-12-16T17:17:45.223+0000] {processor.py:830} INFO - Processing file /opt/airflow/dags/main.py for tasks to queue
[2025-12-16T17:17:45.223+0000] {logging_mixin.py:188} INFO - [2025-12-16T17:17:45.223+0000] {dagbag.py:545} INFO - Filling up the DagBag from /opt/airflow/dags/main.py
[2025-12-16T17:17:45.300+0000] {processor.py:840} INFO - DAG(s) 'update_db', 'youtube_video_stats' retrieved from /opt/airflow/dags/main.py
[2025-12-16T17:17:45.469+0000] {logging_mixin.py:188} INFO - [2025-12-16T17:17:45.469+0000] {dag.py:3096} INFO - Sync 2 DAGs
[2025-12-16T17:17:45.490+0000] {logging_mixin.py:188} INFO - [2025-12-16T17:17:45.490+0000] {dag.py:3954} INFO - Setting next_dagrun for update_db to 2025-12-16 15:00:00+00:00, run_after=2025-12-17 15:00:00+00:00
[2025-12-16T17:17:45.495+0000] {logging_mixin.py:188} INFO - [2025-12-16T17:17:45.495+0000] {dag.py:3954} INFO - Setting next_dagrun for youtube_video_stats to 2025-12-16 14:00:00+00:00, run_after=2025-12-17 14:00:00+00:00
[2025-12-16T17:17:45.511+0000] {processor.py:183} INFO - Processing /opt/airflow/dags/main.py took 0.295 seconds
[2025-12-16T17:18:15.719+0000] {processor.py:161} INFO - Started process (PID=8783) to work on /opt/airflow/dags/main.py
[2025-12-16T17:18:15.721+0000] {processor.py:830} INFO - Processing file /opt/airflow/dags/main.py for tasks to queue
[2025-12-16T17:18:15.721+0000] {logging_mixin.py:188} INFO - [2025-12-16T17:18:15.721+0000] {dagbag.py:545} INFO - Filling up the DagBag from /opt/airflow/dags/main.py
[2025-12-16T17:18:15.795+0000] {processor.py:840} INFO - DAG(s) 'youtube_video_stats', 'update_db' retrieved from /opt/airflow/dags/main.py
[2025-12-16T17:18:15.964+0000] {logging_mixin.py:188} INFO - [2025-12-16T17:18:15.964+0000] {dag.py:3096} INFO - Sync 2 DAGs
[2025-12-16T17:18:15.983+0000] {logging_mixin.py:188} INFO - [2025-12-16T17:18:15.983+0000] {dag.py:3954} INFO - Setting next_dagrun for update_db to 2025-12-16 15:00:00+00:00, run_after=2025-12-17 15:00:00+00:00
[2025-12-16T17:18:15.990+0000] {logging_mixin.py:188} INFO - [2025-12-16T17:18:15.990+0000] {dag.py:3954} INFO - Setting next_dagrun for youtube_video_stats to 2025-12-16 14:00:00+00:00, run_after=2025-12-17 14:00:00+00:00
[2025-12-16T17:18:16.018+0000] {processor.py:183} INFO - Processing /opt/airflow/dags/main.py took 0.304 seconds
[2025-12-16T17:18:46.249+0000] {processor.py:161} INFO - Started process (PID=8790) to work on /opt/airflow/dags/main.py
[2025-12-16T17:18:46.251+0000] {processor.py:830} INFO - Processing file /opt/airflow/dags/main.py for tasks to queue
[2025-12-16T17:18:46.251+0000] {logging_mixin.py:188} INFO - [2025-12-16T17:18:46.251+0000] {dagbag.py:545} INFO - Filling up the DagBag from /opt/airflow/dags/main.py
[2025-12-16T17:18:46.460+0000] {processor.py:840} INFO - DAG(s) 'update_db', 'youtube_video_stats' retrieved from /opt/airflow/dags/main.py
[2025-12-16T17:18:46.489+0000] {logging_mixin.py:188} INFO - [2025-12-16T17:18:46.489+0000] {dag.py:3096} INFO - Sync 2 DAGs
[2025-12-16T17:18:46.507+0000] {logging_mixin.py:188} INFO - [2025-12-16T17:18:46.506+0000] {dag.py:3954} INFO - Setting next_dagrun for update_db to 2025-12-16 15:00:00+00:00, run_after=2025-12-17 15:00:00+00:00
[2025-12-16T17:18:46.511+0000] {logging_mixin.py:188} INFO - [2025-12-16T17:18:46.511+0000] {dag.py:3954} INFO - Setting next_dagrun for youtube_video_stats to 2025-12-16 14:00:00+00:00, run_after=2025-12-17 14:00:00+00:00
[2025-12-16T17:18:46.531+0000] {processor.py:183} INFO - Processing /opt/airflow/dags/main.py took 0.287 seconds
[2025-12-16T17:19:16.717+0000] {processor.py:161} INFO - Started process (PID=8797) to work on /opt/airflow/dags/main.py
[2025-12-16T17:19:16.718+0000] {processor.py:830} INFO - Processing file /opt/airflow/dags/main.py for tasks to queue
[2025-12-16T17:19:16.719+0000] {logging_mixin.py:188} INFO - [2025-12-16T17:19:16.719+0000] {dagbag.py:545} INFO - Filling up the DagBag from /opt/airflow/dags/main.py
[2025-12-16T17:19:16.805+0000] {processor.py:840} INFO - DAG(s) 'update_db', 'youtube_video_stats' retrieved from /opt/airflow/dags/main.py
[2025-12-16T17:19:16.841+0000] {logging_mixin.py:188} INFO - [2025-12-16T17:19:16.840+0000] {dag.py:3096} INFO - Sync 2 DAGs
[2025-12-16T17:19:16.868+0000] {logging_mixin.py:188} INFO - [2025-12-16T17:19:16.868+0000] {dag.py:3954} INFO - Setting next_dagrun for update_db to 2025-12-16 15:00:00+00:00, run_after=2025-12-17 15:00:00+00:00
[2025-12-16T17:19:16.875+0000] {logging_mixin.py:188} INFO - [2025-12-16T17:19:16.875+0000] {dag.py:3954} INFO - Setting next_dagrun for youtube_video_stats to 2025-12-16 14:00:00+00:00, run_after=2025-12-17 14:00:00+00:00
[2025-12-16T17:19:17.076+0000] {processor.py:183} INFO - Processing /opt/airflow/dags/main.py took 0.365 seconds
[2025-12-16T17:19:47.418+0000] {processor.py:161} INFO - Started process (PID=8810) to work on /opt/airflow/dags/main.py
[2025-12-16T17:19:47.419+0000] {processor.py:830} INFO - Processing file /opt/airflow/dags/main.py for tasks to queue
[2025-12-16T17:19:47.421+0000] {logging_mixin.py:188} INFO - [2025-12-16T17:19:47.420+0000] {dagbag.py:545} INFO - Filling up the DagBag from /opt/airflow/dags/main.py
[2025-12-16T17:19:47.529+0000] {processor.py:840} INFO - DAG(s) 'update_db', 'youtube_video_stats' retrieved from /opt/airflow/dags/main.py
[2025-12-16T17:19:47.563+0000] {logging_mixin.py:188} INFO - [2025-12-16T17:19:47.562+0000] {dag.py:3096} INFO - Sync 2 DAGs
[2025-12-16T17:19:47.749+0000] {logging_mixin.py:188} INFO - [2025-12-16T17:19:47.749+0000] {dag.py:3954} INFO - Setting next_dagrun for update_db to 2025-12-16 15:00:00+00:00, run_after=2025-12-17 15:00:00+00:00
[2025-12-16T17:19:47.755+0000] {logging_mixin.py:188} INFO - [2025-12-16T17:19:47.755+0000] {dag.py:3954} INFO - Setting next_dagrun for youtube_video_stats to 2025-12-16 14:00:00+00:00, run_after=2025-12-17 14:00:00+00:00
[2025-12-16T17:19:47.776+0000] {processor.py:183} INFO - Processing /opt/airflow/dags/main.py took 0.365 seconds
[2025-12-16T17:20:18.009+0000] {processor.py:161} INFO - Started process (PID=8817) to work on /opt/airflow/dags/main.py
[2025-12-16T17:20:18.012+0000] {processor.py:830} INFO - Processing file /opt/airflow/dags/main.py for tasks to queue
[2025-12-16T17:20:18.014+0000] {logging_mixin.py:188} INFO - [2025-12-16T17:20:18.013+0000] {dagbag.py:545} INFO - Filling up the DagBag from /opt/airflow/dags/main.py
[2025-12-16T17:20:18.195+0000] {processor.py:840} INFO - DAG(s) 'youtube_video_stats', 'update_db' retrieved from /opt/airflow/dags/main.py
[2025-12-16T17:20:18.276+0000] {logging_mixin.py:188} INFO - [2025-12-16T17:20:18.276+0000] {dag.py:3096} INFO - Sync 2 DAGs
[2025-12-16T17:20:18.569+0000] {logging_mixin.py:188} INFO - [2025-12-16T17:20:18.568+0000] {dag.py:3954} INFO - Setting next_dagrun for update_db to 2025-12-16 15:00:00+00:00, run_after=2025-12-17 15:00:00+00:00
[2025-12-16T17:20:18.588+0000] {logging_mixin.py:188} INFO - [2025-12-16T17:20:18.587+0000] {dag.py:3954} INFO - Setting next_dagrun for youtube_video_stats to 2025-12-16 14:00:00+00:00, run_after=2025-12-17 14:00:00+00:00
[2025-12-16T17:20:18.640+0000] {processor.py:183} INFO - Processing /opt/airflow/dags/main.py took 0.647 seconds
[2025-12-16T17:20:48.832+0000] {processor.py:161} INFO - Started process (PID=8824) to work on /opt/airflow/dags/main.py
[2025-12-16T17:20:48.834+0000] {processor.py:830} INFO - Processing file /opt/airflow/dags/main.py for tasks to queue
[2025-12-16T17:20:48.835+0000] {logging_mixin.py:188} INFO - [2025-12-16T17:20:48.834+0000] {dagbag.py:545} INFO - Filling up the DagBag from /opt/airflow/dags/main.py
[2025-12-16T17:20:48.935+0000] {processor.py:840} INFO - DAG(s) 'update_db', 'youtube_video_stats' retrieved from /opt/airflow/dags/main.py
[2025-12-16T17:20:49.094+0000] {logging_mixin.py:188} INFO - [2025-12-16T17:20:49.094+0000] {dag.py:3096} INFO - Sync 2 DAGs
[2025-12-16T17:20:49.113+0000] {logging_mixin.py:188} INFO - [2025-12-16T17:20:49.113+0000] {dag.py:3954} INFO - Setting next_dagrun for update_db to 2025-12-16 15:00:00+00:00, run_after=2025-12-17 15:00:00+00:00
[2025-12-16T17:20:49.118+0000] {logging_mixin.py:188} INFO - [2025-12-16T17:20:49.118+0000] {dag.py:3954} INFO - Setting next_dagrun for youtube_video_stats to 2025-12-16 14:00:00+00:00, run_after=2025-12-17 14:00:00+00:00
[2025-12-16T17:20:49.134+0000] {processor.py:183} INFO - Processing /opt/airflow/dags/main.py took 0.307 seconds
[2025-12-16T17:21:19.355+0000] {processor.py:161} INFO - Started process (PID=8831) to work on /opt/airflow/dags/main.py
[2025-12-16T17:21:19.356+0000] {processor.py:830} INFO - Processing file /opt/airflow/dags/main.py for tasks to queue
[2025-12-16T17:21:19.357+0000] {logging_mixin.py:188} INFO - [2025-12-16T17:21:19.356+0000] {dagbag.py:545} INFO - Filling up the DagBag from /opt/airflow/dags/main.py
[2025-12-16T17:21:19.433+0000] {processor.py:840} INFO - DAG(s) 'update_db', 'youtube_video_stats' retrieved from /opt/airflow/dags/main.py
[2025-12-16T17:21:19.594+0000] {logging_mixin.py:188} INFO - [2025-12-16T17:21:19.594+0000] {dag.py:3096} INFO - Sync 2 DAGs
[2025-12-16T17:21:19.612+0000] {logging_mixin.py:188} INFO - [2025-12-16T17:21:19.612+0000] {dag.py:3954} INFO - Setting next_dagrun for update_db to 2025-12-16 15:00:00+00:00, run_after=2025-12-17 15:00:00+00:00
[2025-12-16T17:21:19.617+0000] {logging_mixin.py:188} INFO - [2025-12-16T17:21:19.617+0000] {dag.py:3954} INFO - Setting next_dagrun for youtube_video_stats to 2025-12-16 14:00:00+00:00, run_after=2025-12-17 14:00:00+00:00
[2025-12-16T17:21:19.638+0000] {processor.py:183} INFO - Processing /opt/airflow/dags/main.py took 0.288 seconds
[2025-12-16T17:21:49.868+0000] {processor.py:161} INFO - Started process (PID=8838) to work on /opt/airflow/dags/main.py
[2025-12-16T17:21:49.870+0000] {processor.py:830} INFO - Processing file /opt/airflow/dags/main.py for tasks to queue
[2025-12-16T17:21:49.871+0000] {logging_mixin.py:188} INFO - [2025-12-16T17:21:49.871+0000] {dagbag.py:545} INFO - Filling up the DagBag from /opt/airflow/dags/main.py
[2025-12-16T17:21:50.338+0000] {processor.py:840} INFO - DAG(s) 'update_db', 'youtube_video_stats' retrieved from /opt/airflow/dags/main.py
[2025-12-16T17:21:50.390+0000] {logging_mixin.py:188} INFO - [2025-12-16T17:21:50.389+0000] {dag.py:3096} INFO - Sync 2 DAGs
[2025-12-16T17:21:50.425+0000] {logging_mixin.py:188} INFO - [2025-12-16T17:21:50.425+0000] {dag.py:3954} INFO - Setting next_dagrun for update_db to 2025-12-16 15:00:00+00:00, run_after=2025-12-17 15:00:00+00:00
[2025-12-16T17:21:50.433+0000] {logging_mixin.py:188} INFO - [2025-12-16T17:21:50.433+0000] {dag.py:3954} INFO - Setting next_dagrun for youtube_video_stats to 2025-12-16 14:00:00+00:00, run_after=2025-12-17 14:00:00+00:00
[2025-12-16T17:21:50.456+0000] {processor.py:183} INFO - Processing /opt/airflow/dags/main.py took 0.595 seconds
[2025-12-16T17:22:20.702+0000] {processor.py:161} INFO - Started process (PID=8845) to work on /opt/airflow/dags/main.py
[2025-12-16T17:22:20.703+0000] {processor.py:830} INFO - Processing file /opt/airflow/dags/main.py for tasks to queue
[2025-12-16T17:22:20.704+0000] {logging_mixin.py:188} INFO - [2025-12-16T17:22:20.704+0000] {dagbag.py:545} INFO - Filling up the DagBag from /opt/airflow/dags/main.py
[2025-12-16T17:22:20.791+0000] {processor.py:840} INFO - DAG(s) 'youtube_video_stats', 'update_db' retrieved from /opt/airflow/dags/main.py
[2025-12-16T17:22:20.830+0000] {logging_mixin.py:188} INFO - [2025-12-16T17:22:20.830+0000] {dag.py:3096} INFO - Sync 2 DAGs
[2025-12-16T17:22:20.860+0000] {logging_mixin.py:188} INFO - [2025-12-16T17:22:20.860+0000] {dag.py:3954} INFO - Setting next_dagrun for update_db to 2025-12-16 15:00:00+00:00, run_after=2025-12-17 15:00:00+00:00
[2025-12-16T17:22:21.061+0000] {logging_mixin.py:188} INFO - [2025-12-16T17:22:21.061+0000] {dag.py:3954} INFO - Setting next_dagrun for youtube_video_stats to 2025-12-16 14:00:00+00:00, run_after=2025-12-17 14:00:00+00:00
[2025-12-16T17:22:21.083+0000] {processor.py:183} INFO - Processing /opt/airflow/dags/main.py took 0.387 seconds
[2025-12-16T17:22:51.273+0000] {processor.py:161} INFO - Started process (PID=8852) to work on /opt/airflow/dags/main.py
[2025-12-16T17:22:51.274+0000] {processor.py:830} INFO - Processing file /opt/airflow/dags/main.py for tasks to queue
[2025-12-16T17:22:51.276+0000] {logging_mixin.py:188} INFO - [2025-12-16T17:22:51.276+0000] {dagbag.py:545} INFO - Filling up the DagBag from /opt/airflow/dags/main.py
[2025-12-16T17:22:51.362+0000] {processor.py:840} INFO - DAG(s) 'update_db', 'youtube_video_stats' retrieved from /opt/airflow/dags/main.py
[2025-12-16T17:22:51.390+0000] {logging_mixin.py:188} INFO - [2025-12-16T17:22:51.390+0000] {dag.py:3096} INFO - Sync 2 DAGs
[2025-12-16T17:22:51.556+0000] {logging_mixin.py:188} INFO - [2025-12-16T17:22:51.556+0000] {dag.py:3954} INFO - Setting next_dagrun for update_db to 2025-12-16 15:00:00+00:00, run_after=2025-12-17 15:00:00+00:00
[2025-12-16T17:22:51.561+0000] {logging_mixin.py:188} INFO - [2025-12-16T17:22:51.561+0000] {dag.py:3954} INFO - Setting next_dagrun for youtube_video_stats to 2025-12-16 14:00:00+00:00, run_after=2025-12-17 14:00:00+00:00
[2025-12-16T17:22:51.581+0000] {processor.py:183} INFO - Processing /opt/airflow/dags/main.py took 0.314 seconds
[2025-12-16T17:23:21.797+0000] {processor.py:161} INFO - Started process (PID=8859) to work on /opt/airflow/dags/main.py
[2025-12-16T17:23:21.798+0000] {processor.py:830} INFO - Processing file /opt/airflow/dags/main.py for tasks to queue
[2025-12-16T17:23:21.799+0000] {logging_mixin.py:188} INFO - [2025-12-16T17:23:21.799+0000] {dagbag.py:545} INFO - Filling up the DagBag from /opt/airflow/dags/main.py
[2025-12-16T17:23:21.884+0000] {processor.py:840} INFO - DAG(s) 'youtube_video_stats', 'update_db' retrieved from /opt/airflow/dags/main.py
[2025-12-16T17:23:21.912+0000] {logging_mixin.py:188} INFO - [2025-12-16T17:23:21.912+0000] {dag.py:3096} INFO - Sync 2 DAGs
[2025-12-16T17:23:22.073+0000] {logging_mixin.py:188} INFO - [2025-12-16T17:23:22.073+0000] {dag.py:3954} INFO - Setting next_dagrun for update_db to 2025-12-16 15:00:00+00:00, run_after=2025-12-17 15:00:00+00:00
[2025-12-16T17:23:22.078+0000] {logging_mixin.py:188} INFO - [2025-12-16T17:23:22.078+0000] {dag.py:3954} INFO - Setting next_dagrun for youtube_video_stats to 2025-12-16 14:00:00+00:00, run_after=2025-12-17 14:00:00+00:00
[2025-12-16T17:23:22.099+0000] {processor.py:183} INFO - Processing /opt/airflow/dags/main.py took 0.308 seconds
[2025-12-16T17:23:52.365+0000] {processor.py:161} INFO - Started process (PID=8866) to work on /opt/airflow/dags/main.py
[2025-12-16T17:23:52.366+0000] {processor.py:830} INFO - Processing file /opt/airflow/dags/main.py for tasks to queue
[2025-12-16T17:23:52.367+0000] {logging_mixin.py:188} INFO - [2025-12-16T17:23:52.367+0000] {dagbag.py:545} INFO - Filling up the DagBag from /opt/airflow/dags/main.py
[2025-12-16T17:23:52.456+0000] {processor.py:840} INFO - DAG(s) 'update_db', 'youtube_video_stats' retrieved from /opt/airflow/dags/main.py
[2025-12-16T17:23:52.625+0000] {logging_mixin.py:188} INFO - [2025-12-16T17:23:52.624+0000] {dag.py:3096} INFO - Sync 2 DAGs
[2025-12-16T17:23:52.644+0000] {logging_mixin.py:188} INFO - [2025-12-16T17:23:52.644+0000] {dag.py:3954} INFO - Setting next_dagrun for update_db to 2025-12-16 15:00:00+00:00, run_after=2025-12-17 15:00:00+00:00
[2025-12-16T17:23:52.650+0000] {logging_mixin.py:188} INFO - [2025-12-16T17:23:52.650+0000] {dag.py:3954} INFO - Setting next_dagrun for youtube_video_stats to 2025-12-16 14:00:00+00:00, run_after=2025-12-17 14:00:00+00:00
[2025-12-16T17:23:52.669+0000] {processor.py:183} INFO - Processing /opt/airflow/dags/main.py took 0.310 seconds
[2025-12-16T17:24:22.886+0000] {processor.py:161} INFO - Started process (PID=8873) to work on /opt/airflow/dags/main.py
[2025-12-16T17:24:22.888+0000] {processor.py:830} INFO - Processing file /opt/airflow/dags/main.py for tasks to queue
[2025-12-16T17:24:22.889+0000] {logging_mixin.py:188} INFO - [2025-12-16T17:24:22.888+0000] {dagbag.py:545} INFO - Filling up the DagBag from /opt/airflow/dags/main.py
[2025-12-16T17:24:23.138+0000] {processor.py:840} INFO - DAG(s) 'update_db', 'youtube_video_stats' retrieved from /opt/airflow/dags/main.py
[2025-12-16T17:24:23.180+0000] {logging_mixin.py:188} INFO - [2025-12-16T17:24:23.180+0000] {dag.py:3096} INFO - Sync 2 DAGs
[2025-12-16T17:24:23.197+0000] {logging_mixin.py:188} INFO - [2025-12-16T17:24:23.197+0000] {dag.py:3954} INFO - Setting next_dagrun for update_db to 2025-12-16 15:00:00+00:00, run_after=2025-12-17 15:00:00+00:00
[2025-12-16T17:24:23.202+0000] {logging_mixin.py:188} INFO - [2025-12-16T17:24:23.201+0000] {dag.py:3954} INFO - Setting next_dagrun for youtube_video_stats to 2025-12-16 14:00:00+00:00, run_after=2025-12-17 14:00:00+00:00
[2025-12-16T17:24:23.217+0000] {processor.py:183} INFO - Processing /opt/airflow/dags/main.py took 0.336 seconds
[2025-12-16T17:24:53.537+0000] {processor.py:161} INFO - Started process (PID=8880) to work on /opt/airflow/dags/main.py
[2025-12-16T17:24:53.538+0000] {processor.py:830} INFO - Processing file /opt/airflow/dags/main.py for tasks to queue
[2025-12-16T17:24:53.539+0000] {logging_mixin.py:188} INFO - [2025-12-16T17:24:53.539+0000] {dagbag.py:545} INFO - Filling up the DagBag from /opt/airflow/dags/main.py
[2025-12-16T17:24:53.627+0000] {processor.py:840} INFO - DAG(s) 'youtube_video_stats', 'update_db' retrieved from /opt/airflow/dags/main.py
[2025-12-16T17:24:53.669+0000] {logging_mixin.py:188} INFO - [2025-12-16T17:24:53.669+0000] {dag.py:3096} INFO - Sync 2 DAGs
[2025-12-16T17:24:53.689+0000] {logging_mixin.py:188} INFO - [2025-12-16T17:24:53.689+0000] {dag.py:3954} INFO - Setting next_dagrun for update_db to 2025-12-16 15:00:00+00:00, run_after=2025-12-17 15:00:00+00:00
[2025-12-16T17:24:53.695+0000] {logging_mixin.py:188} INFO - [2025-12-16T17:24:53.695+0000] {dag.py:3954} INFO - Setting next_dagrun for youtube_video_stats to 2025-12-16 14:00:00+00:00, run_after=2025-12-17 14:00:00+00:00
[2025-12-16T17:24:53.851+0000] {processor.py:183} INFO - Processing /opt/airflow/dags/main.py took 0.320 seconds
[2025-12-16T17:25:24.126+0000] {processor.py:161} INFO - Started process (PID=8887) to work on /opt/airflow/dags/main.py
[2025-12-16T17:25:24.127+0000] {processor.py:830} INFO - Processing file /opt/airflow/dags/main.py for tasks to queue
[2025-12-16T17:25:24.128+0000] {logging_mixin.py:188} INFO - [2025-12-16T17:25:24.128+0000] {dagbag.py:545} INFO - Filling up the DagBag from /opt/airflow/dags/main.py
[2025-12-16T17:25:24.201+0000] {processor.py:840} INFO - DAG(s) 'update_db', 'youtube_video_stats' retrieved from /opt/airflow/dags/main.py
[2025-12-16T17:25:24.227+0000] {logging_mixin.py:188} INFO - [2025-12-16T17:25:24.227+0000] {dag.py:3096} INFO - Sync 2 DAGs
[2025-12-16T17:25:24.378+0000] {logging_mixin.py:188} INFO - [2025-12-16T17:25:24.377+0000] {dag.py:3954} INFO - Setting next_dagrun for update_db to 2025-12-16 15:00:00+00:00, run_after=2025-12-17 15:00:00+00:00
[2025-12-16T17:25:24.382+0000] {logging_mixin.py:188} INFO - [2025-12-16T17:25:24.382+0000] {dag.py:3954} INFO - Setting next_dagrun for youtube_video_stats to 2025-12-16 14:00:00+00:00, run_after=2025-12-17 14:00:00+00:00
[2025-12-16T17:25:24.402+0000] {processor.py:183} INFO - Processing /opt/airflow/dags/main.py took 0.282 seconds
[2025-12-16T17:25:54.626+0000] {processor.py:161} INFO - Started process (PID=8894) to work on /opt/airflow/dags/main.py
[2025-12-16T17:25:54.628+0000] {processor.py:830} INFO - Processing file /opt/airflow/dags/main.py for tasks to queue
[2025-12-16T17:25:54.629+0000] {logging_mixin.py:188} INFO - [2025-12-16T17:25:54.628+0000] {dagbag.py:545} INFO - Filling up the DagBag from /opt/airflow/dags/main.py
[2025-12-16T17:25:54.700+0000] {processor.py:840} INFO - DAG(s) 'youtube_video_stats', 'update_db' retrieved from /opt/airflow/dags/main.py
[2025-12-16T17:25:54.726+0000] {logging_mixin.py:188} INFO - [2025-12-16T17:25:54.725+0000] {dag.py:3096} INFO - Sync 2 DAGs
[2025-12-16T17:25:54.877+0000] {logging_mixin.py:188} INFO - [2025-12-16T17:25:54.877+0000] {dag.py:3954} INFO - Setting next_dagrun for update_db to 2025-12-16 15:00:00+00:00, run_after=2025-12-17 15:00:00+00:00
[2025-12-16T17:25:54.882+0000] {logging_mixin.py:188} INFO - [2025-12-16T17:25:54.881+0000] {dag.py:3954} INFO - Setting next_dagrun for youtube_video_stats to 2025-12-16 14:00:00+00:00, run_after=2025-12-17 14:00:00+00:00
[2025-12-16T17:25:54.903+0000] {processor.py:183} INFO - Processing /opt/airflow/dags/main.py took 0.282 seconds
[2025-12-16T17:26:25.151+0000] {processor.py:161} INFO - Started process (PID=8901) to work on /opt/airflow/dags/main.py
[2025-12-16T17:26:25.152+0000] {processor.py:830} INFO - Processing file /opt/airflow/dags/main.py for tasks to queue
[2025-12-16T17:26:25.153+0000] {logging_mixin.py:188} INFO - [2025-12-16T17:26:25.152+0000] {dagbag.py:545} INFO - Filling up the DagBag from /opt/airflow/dags/main.py
[2025-12-16T17:26:25.224+0000] {processor.py:840} INFO - DAG(s) 'update_db', 'youtube_video_stats' retrieved from /opt/airflow/dags/main.py
[2025-12-16T17:26:25.381+0000] {logging_mixin.py:188} INFO - [2025-12-16T17:26:25.381+0000] {dag.py:3096} INFO - Sync 2 DAGs
[2025-12-16T17:26:25.399+0000] {logging_mixin.py:188} INFO - [2025-12-16T17:26:25.399+0000] {dag.py:3954} INFO - Setting next_dagrun for update_db to 2025-12-16 15:00:00+00:00, run_after=2025-12-17 15:00:00+00:00
[2025-12-16T17:26:25.404+0000] {logging_mixin.py:188} INFO - [2025-12-16T17:26:25.404+0000] {dag.py:3954} INFO - Setting next_dagrun for youtube_video_stats to 2025-12-16 14:00:00+00:00, run_after=2025-12-17 14:00:00+00:00
[2025-12-16T17:26:25.423+0000] {processor.py:183} INFO - Processing /opt/airflow/dags/main.py took 0.278 seconds
[2025-12-16T17:26:55.624+0000] {processor.py:161} INFO - Started process (PID=8908) to work on /opt/airflow/dags/main.py
[2025-12-16T17:26:55.625+0000] {processor.py:830} INFO - Processing file /opt/airflow/dags/main.py for tasks to queue
[2025-12-16T17:26:55.626+0000] {logging_mixin.py:188} INFO - [2025-12-16T17:26:55.625+0000] {dagbag.py:545} INFO - Filling up the DagBag from /opt/airflow/dags/main.py
[2025-12-16T17:26:55.699+0000] {processor.py:840} INFO - DAG(s) 'youtube_video_stats', 'update_db' retrieved from /opt/airflow/dags/main.py
[2025-12-16T17:26:55.864+0000] {logging_mixin.py:188} INFO - [2025-12-16T17:26:55.864+0000] {dag.py:3096} INFO - Sync 2 DAGs
[2025-12-16T17:26:55.881+0000] {logging_mixin.py:188} INFO - [2025-12-16T17:26:55.881+0000] {dag.py:3954} INFO - Setting next_dagrun for update_db to 2025-12-16 15:00:00+00:00, run_after=2025-12-17 15:00:00+00:00
[2025-12-16T17:26:55.886+0000] {logging_mixin.py:188} INFO - [2025-12-16T17:26:55.886+0000] {dag.py:3954} INFO - Setting next_dagrun for youtube_video_stats to 2025-12-16 14:00:00+00:00, run_after=2025-12-17 14:00:00+00:00
[2025-12-16T17:26:55.909+0000] {processor.py:183} INFO - Processing /opt/airflow/dags/main.py took 0.292 seconds
[2025-12-16T17:27:26.134+0000] {processor.py:161} INFO - Started process (PID=8915) to work on /opt/airflow/dags/main.py
[2025-12-16T17:27:26.135+0000] {processor.py:830} INFO - Processing file /opt/airflow/dags/main.py for tasks to queue
[2025-12-16T17:27:26.136+0000] {logging_mixin.py:188} INFO - [2025-12-16T17:27:26.136+0000] {dagbag.py:545} INFO - Filling up the DagBag from /opt/airflow/dags/main.py
[2025-12-16T17:27:26.387+0000] {processor.py:840} INFO - DAG(s) 'update_db', 'youtube_video_stats' retrieved from /opt/airflow/dags/main.py
[2025-12-16T17:27:26.419+0000] {logging_mixin.py:188} INFO - [2025-12-16T17:27:26.418+0000] {dag.py:3096} INFO - Sync 2 DAGs
[2025-12-16T17:27:26.440+0000] {logging_mixin.py:188} INFO - [2025-12-16T17:27:26.439+0000] {dag.py:3954} INFO - Setting next_dagrun for update_db to 2025-12-16 15:00:00+00:00, run_after=2025-12-17 15:00:00+00:00
[2025-12-16T17:27:26.445+0000] {logging_mixin.py:188} INFO - [2025-12-16T17:27:26.445+0000] {dag.py:3954} INFO - Setting next_dagrun for youtube_video_stats to 2025-12-16 14:00:00+00:00, run_after=2025-12-17 14:00:00+00:00
[2025-12-16T17:27:26.462+0000] {processor.py:183} INFO - Processing /opt/airflow/dags/main.py took 0.333 seconds
[2025-12-16T17:27:56.736+0000] {processor.py:161} INFO - Started process (PID=8922) to work on /opt/airflow/dags/main.py
[2025-12-16T17:27:56.737+0000] {processor.py:830} INFO - Processing file /opt/airflow/dags/main.py for tasks to queue
[2025-12-16T17:27:56.739+0000] {logging_mixin.py:188} INFO - [2025-12-16T17:27:56.738+0000] {dagbag.py:545} INFO - Filling up the DagBag from /opt/airflow/dags/main.py
[2025-12-16T17:27:56.869+0000] {processor.py:840} INFO - DAG(s) 'update_db', 'youtube_video_stats' retrieved from /opt/airflow/dags/main.py
[2025-12-16T17:27:56.914+0000] {logging_mixin.py:188} INFO - [2025-12-16T17:27:56.914+0000] {dag.py:3096} INFO - Sync 2 DAGs
[2025-12-16T17:27:56.950+0000] {logging_mixin.py:188} INFO - [2025-12-16T17:27:56.950+0000] {dag.py:3954} INFO - Setting next_dagrun for update_db to 2025-12-16 15:00:00+00:00, run_after=2025-12-17 15:00:00+00:00
[2025-12-16T17:27:56.957+0000] {logging_mixin.py:188} INFO - [2025-12-16T17:27:56.957+0000] {dag.py:3954} INFO - Setting next_dagrun for youtube_video_stats to 2025-12-16 14:00:00+00:00, run_after=2025-12-17 14:00:00+00:00
[2025-12-16T17:27:57.147+0000] {processor.py:183} INFO - Processing /opt/airflow/dags/main.py took 0.420 seconds
[2025-12-16T17:28:27.396+0000] {processor.py:161} INFO - Started process (PID=8929) to work on /opt/airflow/dags/main.py
[2025-12-16T17:28:27.397+0000] {processor.py:830} INFO - Processing file /opt/airflow/dags/main.py for tasks to queue
[2025-12-16T17:28:27.399+0000] {logging_mixin.py:188} INFO - [2025-12-16T17:28:27.398+0000] {dagbag.py:545} INFO - Filling up the DagBag from /opt/airflow/dags/main.py
[2025-12-16T17:28:27.512+0000] {processor.py:840} INFO - DAG(s) 'youtube_video_stats', 'update_db' retrieved from /opt/airflow/dags/main.py
[2025-12-16T17:28:27.551+0000] {logging_mixin.py:188} INFO - [2025-12-16T17:28:27.551+0000] {dag.py:3096} INFO - Sync 2 DAGs
[2025-12-16T17:28:27.735+0000] {logging_mixin.py:188} INFO - [2025-12-16T17:28:27.734+0000] {dag.py:3954} INFO - Setting next_dagrun for update_db to 2025-12-16 15:00:00+00:00, run_after=2025-12-17 15:00:00+00:00
[2025-12-16T17:28:27.741+0000] {logging_mixin.py:188} INFO - [2025-12-16T17:28:27.741+0000] {dag.py:3954} INFO - Setting next_dagrun for youtube_video_stats to 2025-12-16 14:00:00+00:00, run_after=2025-12-17 14:00:00+00:00
[2025-12-16T17:28:27.766+0000] {processor.py:183} INFO - Processing /opt/airflow/dags/main.py took 0.379 seconds
[2025-12-16T17:28:58.075+0000] {processor.py:161} INFO - Started process (PID=8936) to work on /opt/airflow/dags/main.py
[2025-12-16T17:28:58.077+0000] {processor.py:830} INFO - Processing file /opt/airflow/dags/main.py for tasks to queue
[2025-12-16T17:28:58.079+0000] {logging_mixin.py:188} INFO - [2025-12-16T17:28:58.078+0000] {dagbag.py:545} INFO - Filling up the DagBag from /opt/airflow/dags/main.py
[2025-12-16T17:28:58.302+0000] {processor.py:840} INFO - DAG(s) 'update_db', 'youtube_video_stats' retrieved from /opt/airflow/dags/main.py
[2025-12-16T17:28:58.355+0000] {logging_mixin.py:188} INFO - [2025-12-16T17:28:58.355+0000] {dag.py:3096} INFO - Sync 2 DAGs
[2025-12-16T17:28:58.732+0000] {logging_mixin.py:188} INFO - [2025-12-16T17:28:58.731+0000] {dag.py:3954} INFO - Setting next_dagrun for update_db to 2025-12-16 15:00:00+00:00, run_after=2025-12-17 15:00:00+00:00
[2025-12-16T17:28:58.744+0000] {logging_mixin.py:188} INFO - [2025-12-16T17:28:58.743+0000] {dag.py:3954} INFO - Setting next_dagrun for youtube_video_stats to 2025-12-16 14:00:00+00:00, run_after=2025-12-17 14:00:00+00:00
[2025-12-16T17:28:58.790+0000] {processor.py:183} INFO - Processing /opt/airflow/dags/main.py took 0.729 seconds
[2025-12-16T17:29:29.001+0000] {processor.py:161} INFO - Started process (PID=8943) to work on /opt/airflow/dags/main.py
[2025-12-16T17:29:29.002+0000] {processor.py:830} INFO - Processing file /opt/airflow/dags/main.py for tasks to queue
[2025-12-16T17:29:29.003+0000] {logging_mixin.py:188} INFO - [2025-12-16T17:29:29.003+0000] {dagbag.py:545} INFO - Filling up the DagBag from /opt/airflow/dags/main.py
[2025-12-16T17:29:29.074+0000] {processor.py:840} INFO - DAG(s) 'update_db', 'youtube_video_stats' retrieved from /opt/airflow/dags/main.py
[2025-12-16T17:29:29.241+0000] {logging_mixin.py:188} INFO - [2025-12-16T17:29:29.241+0000] {dag.py:3096} INFO - Sync 2 DAGs
[2025-12-16T17:29:29.260+0000] {logging_mixin.py:188} INFO - [2025-12-16T17:29:29.260+0000] {dag.py:3954} INFO - Setting next_dagrun for update_db to 2025-12-16 15:00:00+00:00, run_after=2025-12-17 15:00:00+00:00
[2025-12-16T17:29:29.265+0000] {logging_mixin.py:188} INFO - [2025-12-16T17:29:29.265+0000] {dag.py:3954} INFO - Setting next_dagrun for youtube_video_stats to 2025-12-16 14:00:00+00:00, run_after=2025-12-17 14:00:00+00:00
[2025-12-16T17:29:29.285+0000] {processor.py:183} INFO - Processing /opt/airflow/dags/main.py took 0.289 seconds
[2025-12-16T17:29:59.580+0000] {processor.py:161} INFO - Started process (PID=8950) to work on /opt/airflow/dags/main.py
[2025-12-16T17:29:59.581+0000] {processor.py:830} INFO - Processing file /opt/airflow/dags/main.py for tasks to queue
[2025-12-16T17:29:59.583+0000] {logging_mixin.py:188} INFO - [2025-12-16T17:29:59.582+0000] {dagbag.py:545} INFO - Filling up the DagBag from /opt/airflow/dags/main.py
[2025-12-16T17:29:59.670+0000] {processor.py:840} INFO - DAG(s) 'update_db', 'youtube_video_stats' retrieved from /opt/airflow/dags/main.py
[2025-12-16T17:29:59.835+0000] {logging_mixin.py:188} INFO - [2025-12-16T17:29:59.835+0000] {dag.py:3096} INFO - Sync 2 DAGs
[2025-12-16T17:29:59.854+0000] {logging_mixin.py:188} INFO - [2025-12-16T17:29:59.854+0000] {dag.py:3954} INFO - Setting next_dagrun for update_db to 2025-12-16 15:00:00+00:00, run_after=2025-12-17 15:00:00+00:00
[2025-12-16T17:29:59.860+0000] {logging_mixin.py:188} INFO - [2025-12-16T17:29:59.860+0000] {dag.py:3954} INFO - Setting next_dagrun for youtube_video_stats to 2025-12-16 14:00:00+00:00, run_after=2025-12-17 14:00:00+00:00
[2025-12-16T17:29:59.881+0000] {processor.py:183} INFO - Processing /opt/airflow/dags/main.py took 0.308 seconds
[2025-12-16T17:30:30.085+0000] {processor.py:161} INFO - Started process (PID=8957) to work on /opt/airflow/dags/main.py
[2025-12-16T17:30:30.087+0000] {processor.py:830} INFO - Processing file /opt/airflow/dags/main.py for tasks to queue
[2025-12-16T17:30:30.089+0000] {logging_mixin.py:188} INFO - [2025-12-16T17:30:30.088+0000] {dagbag.py:545} INFO - Filling up the DagBag from /opt/airflow/dags/main.py
[2025-12-16T17:30:30.959+0000] {processor.py:840} INFO - DAG(s) 'youtube_video_stats', 'update_db' retrieved from /opt/airflow/dags/main.py
[2025-12-16T17:30:31.065+0000] {logging_mixin.py:188} INFO - [2025-12-16T17:30:31.064+0000] {dag.py:3096} INFO - Sync 2 DAGs
[2025-12-16T17:30:31.243+0000] {logging_mixin.py:188} INFO - [2025-12-16T17:30:31.242+0000] {dag.py:3954} INFO - Setting next_dagrun for update_db to 2025-12-16 15:00:00+00:00, run_after=2025-12-17 15:00:00+00:00
[2025-12-16T17:30:31.309+0000] {logging_mixin.py:188} INFO - [2025-12-16T17:30:31.309+0000] {dag.py:3954} INFO - Setting next_dagrun for youtube_video_stats to 2025-12-16 14:00:00+00:00, run_after=2025-12-17 14:00:00+00:00
[2025-12-16T17:30:31.389+0000] {processor.py:183} INFO - Processing /opt/airflow/dags/main.py took 1.315 seconds
[2025-12-16T17:31:01.689+0000] {processor.py:161} INFO - Started process (PID=8964) to work on /opt/airflow/dags/main.py
[2025-12-16T17:31:01.691+0000] {processor.py:830} INFO - Processing file /opt/airflow/dags/main.py for tasks to queue
[2025-12-16T17:31:01.694+0000] {logging_mixin.py:188} INFO - [2025-12-16T17:31:01.693+0000] {dagbag.py:545} INFO - Filling up the DagBag from /opt/airflow/dags/main.py
[2025-12-16T17:31:02.240+0000] {processor.py:840} INFO - DAG(s) 'update_db', 'youtube_video_stats' retrieved from /opt/airflow/dags/main.py
[2025-12-16T17:31:02.398+0000] {logging_mixin.py:188} INFO - [2025-12-16T17:31:02.398+0000] {dag.py:3096} INFO - Sync 2 DAGs
[2025-12-16T17:31:02.846+0000] {logging_mixin.py:188} INFO - [2025-12-16T17:31:02.845+0000] {dag.py:3954} INFO - Setting next_dagrun for update_db to 2025-12-16 15:00:00+00:00, run_after=2025-12-17 15:00:00+00:00
[2025-12-16T17:31:02.853+0000] {logging_mixin.py:188} INFO - [2025-12-16T17:31:02.853+0000] {dag.py:3954} INFO - Setting next_dagrun for youtube_video_stats to 2025-12-16 14:00:00+00:00, run_after=2025-12-17 14:00:00+00:00
[2025-12-16T17:31:02.877+0000] {processor.py:183} INFO - Processing /opt/airflow/dags/main.py took 1.205 seconds
[2025-12-16T17:31:33.307+0000] {processor.py:161} INFO - Started process (PID=8971) to work on /opt/airflow/dags/main.py
[2025-12-16T17:31:33.309+0000] {processor.py:830} INFO - Processing file /opt/airflow/dags/main.py for tasks to queue
[2025-12-16T17:31:33.311+0000] {logging_mixin.py:188} INFO - [2025-12-16T17:31:33.311+0000] {dagbag.py:545} INFO - Filling up the DagBag from /opt/airflow/dags/main.py
[2025-12-16T17:31:33.457+0000] {processor.py:840} INFO - DAG(s) 'update_db', 'youtube_video_stats' retrieved from /opt/airflow/dags/main.py
[2025-12-16T17:31:33.504+0000] {logging_mixin.py:188} INFO - [2025-12-16T17:31:33.503+0000] {dag.py:3096} INFO - Sync 2 DAGs
[2025-12-16T17:31:33.731+0000] {logging_mixin.py:188} INFO - [2025-12-16T17:31:33.731+0000] {dag.py:3954} INFO - Setting next_dagrun for update_db to 2025-12-16 15:00:00+00:00, run_after=2025-12-17 15:00:00+00:00
[2025-12-16T17:31:33.741+0000] {logging_mixin.py:188} INFO - [2025-12-16T17:31:33.740+0000] {dag.py:3954} INFO - Setting next_dagrun for youtube_video_stats to 2025-12-16 14:00:00+00:00, run_after=2025-12-17 14:00:00+00:00
[2025-12-16T17:31:33.787+0000] {processor.py:183} INFO - Processing /opt/airflow/dags/main.py took 0.489 seconds
[2025-12-16T17:32:04.141+0000] {processor.py:161} INFO - Started process (PID=8978) to work on /opt/airflow/dags/main.py
[2025-12-16T17:32:04.142+0000] {processor.py:830} INFO - Processing file /opt/airflow/dags/main.py for tasks to queue
[2025-12-16T17:32:04.143+0000] {logging_mixin.py:188} INFO - [2025-12-16T17:32:04.143+0000] {dagbag.py:545} INFO - Filling up the DagBag from /opt/airflow/dags/main.py
[2025-12-16T17:32:04.294+0000] {processor.py:840} INFO - DAG(s) 'update_db', 'youtube_video_stats' retrieved from /opt/airflow/dags/main.py
[2025-12-16T17:32:04.554+0000] {logging_mixin.py:188} INFO - [2025-12-16T17:32:04.553+0000] {dag.py:3096} INFO - Sync 2 DAGs
[2025-12-16T17:32:04.591+0000] {logging_mixin.py:188} INFO - [2025-12-16T17:32:04.591+0000] {dag.py:3954} INFO - Setting next_dagrun for update_db to 2025-12-16 15:00:00+00:00, run_after=2025-12-17 15:00:00+00:00
[2025-12-16T17:32:04.600+0000] {logging_mixin.py:188} INFO - [2025-12-16T17:32:04.600+0000] {dag.py:3954} INFO - Setting next_dagrun for youtube_video_stats to 2025-12-16 14:00:00+00:00, run_after=2025-12-17 14:00:00+00:00
[2025-12-16T17:32:04.629+0000] {processor.py:183} INFO - Processing /opt/airflow/dags/main.py took 0.497 seconds
[2025-12-16T17:32:34.730+0000] {processor.py:161} INFO - Started process (PID=8986) to work on /opt/airflow/dags/main.py
[2025-12-16T17:32:34.732+0000] {processor.py:830} INFO - Processing file /opt/airflow/dags/main.py for tasks to queue
[2025-12-16T17:32:34.733+0000] {logging_mixin.py:188} INFO - [2025-12-16T17:32:34.732+0000] {dagbag.py:545} INFO - Filling up the DagBag from /opt/airflow/dags/main.py
[2025-12-16T17:32:34.825+0000] {processor.py:840} INFO - DAG(s) 'update_db', 'youtube_video_stats' retrieved from /opt/airflow/dags/main.py
[2025-12-16T17:32:34.996+0000] {logging_mixin.py:188} INFO - [2025-12-16T17:32:34.996+0000] {dag.py:3096} INFO - Sync 2 DAGs
[2025-12-16T17:32:35.018+0000] {logging_mixin.py:188} INFO - [2025-12-16T17:32:35.018+0000] {dag.py:3954} INFO - Setting next_dagrun for update_db to 2025-12-16 15:00:00+00:00, run_after=2025-12-17 15:00:00+00:00
[2025-12-16T17:32:35.024+0000] {logging_mixin.py:188} INFO - [2025-12-16T17:32:35.024+0000] {dag.py:3954} INFO - Setting next_dagrun for youtube_video_stats to 2025-12-16 14:00:00+00:00, run_after=2025-12-17 14:00:00+00:00
[2025-12-16T17:32:35.042+0000] {processor.py:183} INFO - Processing /opt/airflow/dags/main.py took 0.318 seconds
[2025-12-16T17:33:05.234+0000] {processor.py:161} INFO - Started process (PID=8993) to work on /opt/airflow/dags/main.py
[2025-12-16T17:33:05.235+0000] {processor.py:830} INFO - Processing file /opt/airflow/dags/main.py for tasks to queue
[2025-12-16T17:33:05.237+0000] {logging_mixin.py:188} INFO - [2025-12-16T17:33:05.236+0000] {dagbag.py:545} INFO - Filling up the DagBag from /opt/airflow/dags/main.py
[2025-12-16T17:33:05.478+0000] {processor.py:840} INFO - DAG(s) 'update_db', 'youtube_video_stats' retrieved from /opt/airflow/dags/main.py
[2025-12-16T17:33:05.508+0000] {logging_mixin.py:188} INFO - [2025-12-16T17:33:05.508+0000] {dag.py:3096} INFO - Sync 2 DAGs
[2025-12-16T17:33:05.530+0000] {logging_mixin.py:188} INFO - [2025-12-16T17:33:05.530+0000] {dag.py:3954} INFO - Setting next_dagrun for update_db to 2025-12-16 15:00:00+00:00, run_after=2025-12-17 15:00:00+00:00
[2025-12-16T17:33:05.536+0000] {logging_mixin.py:188} INFO - [2025-12-16T17:33:05.535+0000] {dag.py:3954} INFO - Setting next_dagrun for youtube_video_stats to 2025-12-16 14:00:00+00:00, run_after=2025-12-17 14:00:00+00:00
[2025-12-16T17:33:05.557+0000] {processor.py:183} INFO - Processing /opt/airflow/dags/main.py took 0.330 seconds
[2025-12-16T17:33:35.827+0000] {processor.py:161} INFO - Started process (PID=9000) to work on /opt/airflow/dags/main.py
[2025-12-16T17:33:35.829+0000] {processor.py:830} INFO - Processing file /opt/airflow/dags/main.py for tasks to queue
[2025-12-16T17:33:35.831+0000] {logging_mixin.py:188} INFO - [2025-12-16T17:33:35.830+0000] {dagbag.py:545} INFO - Filling up the DagBag from /opt/airflow/dags/main.py
[2025-12-16T17:33:36.213+0000] {processor.py:840} INFO - DAG(s) 'update_db', 'youtube_video_stats' retrieved from /opt/airflow/dags/main.py
[2025-12-16T17:33:36.251+0000] {logging_mixin.py:188} INFO - [2025-12-16T17:33:36.250+0000] {dag.py:3096} INFO - Sync 2 DAGs
[2025-12-16T17:33:36.281+0000] {logging_mixin.py:188} INFO - [2025-12-16T17:33:36.281+0000] {dag.py:3954} INFO - Setting next_dagrun for update_db to 2025-12-16 15:00:00+00:00, run_after=2025-12-17 15:00:00+00:00
[2025-12-16T17:33:36.291+0000] {logging_mixin.py:188} INFO - [2025-12-16T17:33:36.291+0000] {dag.py:3954} INFO - Setting next_dagrun for youtube_video_stats to 2025-12-16 14:00:00+00:00, run_after=2025-12-17 14:00:00+00:00
[2025-12-16T17:33:36.325+0000] {processor.py:183} INFO - Processing /opt/airflow/dags/main.py took 0.507 seconds
[2025-12-16T17:34:06.553+0000] {processor.py:161} INFO - Started process (PID=9007) to work on /opt/airflow/dags/main.py
[2025-12-16T17:34:06.555+0000] {processor.py:830} INFO - Processing file /opt/airflow/dags/main.py for tasks to queue
[2025-12-16T17:34:06.556+0000] {logging_mixin.py:188} INFO - [2025-12-16T17:34:06.555+0000] {dagbag.py:545} INFO - Filling up the DagBag from /opt/airflow/dags/main.py
[2025-12-16T17:34:06.772+0000] {processor.py:840} INFO - DAG(s) 'update_db', 'youtube_video_stats' retrieved from /opt/airflow/dags/main.py
[2025-12-16T17:34:06.865+0000] {logging_mixin.py:188} INFO - [2025-12-16T17:34:06.864+0000] {dag.py:3096} INFO - Sync 2 DAGs
[2025-12-16T17:34:07.204+0000] {logging_mixin.py:188} INFO - [2025-12-16T17:34:07.204+0000] {dag.py:3954} INFO - Setting next_dagrun for update_db to 2025-12-16 15:00:00+00:00, run_after=2025-12-17 15:00:00+00:00
[2025-12-16T17:34:07.214+0000] {logging_mixin.py:188} INFO - [2025-12-16T17:34:07.214+0000] {dag.py:3954} INFO - Setting next_dagrun for youtube_video_stats to 2025-12-16 14:00:00+00:00, run_after=2025-12-17 14:00:00+00:00
[2025-12-16T17:34:07.245+0000] {processor.py:183} INFO - Processing /opt/airflow/dags/main.py took 0.699 seconds
[2025-12-16T17:34:37.558+0000] {processor.py:161} INFO - Started process (PID=9014) to work on /opt/airflow/dags/main.py
[2025-12-16T17:34:37.560+0000] {processor.py:830} INFO - Processing file /opt/airflow/dags/main.py for tasks to queue
[2025-12-16T17:34:37.562+0000] {logging_mixin.py:188} INFO - [2025-12-16T17:34:37.561+0000] {dagbag.py:545} INFO - Filling up the DagBag from /opt/airflow/dags/main.py
[2025-12-16T17:34:37.688+0000] {processor.py:840} INFO - DAG(s) 'youtube_video_stats', 'update_db' retrieved from /opt/airflow/dags/main.py
[2025-12-16T17:34:37.730+0000] {logging_mixin.py:188} INFO - [2025-12-16T17:34:37.730+0000] {dag.py:3096} INFO - Sync 2 DAGs
[2025-12-16T17:34:37.967+0000] {logging_mixin.py:188} INFO - [2025-12-16T17:34:37.967+0000] {dag.py:3954} INFO - Setting next_dagrun for update_db to 2025-12-16 15:00:00+00:00, run_after=2025-12-17 15:00:00+00:00
[2025-12-16T17:34:37.974+0000] {logging_mixin.py:188} INFO - [2025-12-16T17:34:37.974+0000] {dag.py:3954} INFO - Setting next_dagrun for youtube_video_stats to 2025-12-16 14:00:00+00:00, run_after=2025-12-17 14:00:00+00:00
[2025-12-16T17:34:37.999+0000] {processor.py:183} INFO - Processing /opt/airflow/dags/main.py took 0.454 seconds
[2025-12-16T17:35:08.226+0000] {processor.py:161} INFO - Started process (PID=9021) to work on /opt/airflow/dags/main.py
[2025-12-16T17:35:08.228+0000] {processor.py:830} INFO - Processing file /opt/airflow/dags/main.py for tasks to queue
[2025-12-16T17:35:08.229+0000] {logging_mixin.py:188} INFO - [2025-12-16T17:35:08.229+0000] {dagbag.py:545} INFO - Filling up the DagBag from /opt/airflow/dags/main.py
[2025-12-16T17:35:08.364+0000] {processor.py:840} INFO - DAG(s) 'youtube_video_stats', 'update_db' retrieved from /opt/airflow/dags/main.py
[2025-12-16T17:35:08.576+0000] {logging_mixin.py:188} INFO - [2025-12-16T17:35:08.576+0000] {dag.py:3096} INFO - Sync 2 DAGs
[2025-12-16T17:35:08.606+0000] {logging_mixin.py:188} INFO - [2025-12-16T17:35:08.606+0000] {dag.py:3954} INFO - Setting next_dagrun for update_db to 2025-12-16 15:00:00+00:00, run_after=2025-12-17 15:00:00+00:00
[2025-12-16T17:35:08.615+0000] {logging_mixin.py:188} INFO - [2025-12-16T17:35:08.615+0000] {dag.py:3954} INFO - Setting next_dagrun for youtube_video_stats to 2025-12-16 14:00:00+00:00, run_after=2025-12-17 14:00:00+00:00
[2025-12-16T17:35:08.640+0000] {processor.py:183} INFO - Processing /opt/airflow/dags/main.py took 0.423 seconds
[2025-12-16T17:35:38.881+0000] {processor.py:161} INFO - Started process (PID=9029) to work on /opt/airflow/dags/main.py
[2025-12-16T17:35:38.884+0000] {processor.py:830} INFO - Processing file /opt/airflow/dags/main.py for tasks to queue
[2025-12-16T17:35:38.886+0000] {logging_mixin.py:188} INFO - [2025-12-16T17:35:38.886+0000] {dagbag.py:545} INFO - Filling up the DagBag from /opt/airflow/dags/main.py
[2025-12-16T17:35:39.065+0000] {processor.py:840} INFO - DAG(s) 'youtube_video_stats', 'update_db' retrieved from /opt/airflow/dags/main.py
[2025-12-16T17:35:39.281+0000] {logging_mixin.py:188} INFO - [2025-12-16T17:35:39.281+0000] {dag.py:3096} INFO - Sync 2 DAGs
[2025-12-16T17:35:39.310+0000] {logging_mixin.py:188} INFO - [2025-12-16T17:35:39.309+0000] {dag.py:3954} INFO - Setting next_dagrun for update_db to 2025-12-16 15:00:00+00:00, run_after=2025-12-17 15:00:00+00:00
[2025-12-16T17:35:39.318+0000] {logging_mixin.py:188} INFO - [2025-12-16T17:35:39.318+0000] {dag.py:3954} INFO - Setting next_dagrun for youtube_video_stats to 2025-12-16 14:00:00+00:00, run_after=2025-12-17 14:00:00+00:00
[2025-12-16T17:35:39.345+0000] {processor.py:183} INFO - Processing /opt/airflow/dags/main.py took 0.478 seconds
[2025-12-16T17:36:09.565+0000] {processor.py:161} INFO - Started process (PID=9036) to work on /opt/airflow/dags/main.py
[2025-12-16T17:36:09.567+0000] {processor.py:830} INFO - Processing file /opt/airflow/dags/main.py for tasks to queue
[2025-12-16T17:36:09.568+0000] {logging_mixin.py:188} INFO - [2025-12-16T17:36:09.568+0000] {dagbag.py:545} INFO - Filling up the DagBag from /opt/airflow/dags/main.py
[2025-12-16T17:36:09.796+0000] {processor.py:840} INFO - DAG(s) 'update_db', 'youtube_video_stats' retrieved from /opt/airflow/dags/main.py
[2025-12-16T17:36:09.825+0000] {logging_mixin.py:188} INFO - [2025-12-16T17:36:09.825+0000] {dag.py:3096} INFO - Sync 2 DAGs
[2025-12-16T17:36:09.844+0000] {logging_mixin.py:188} INFO - [2025-12-16T17:36:09.844+0000] {dag.py:3954} INFO - Setting next_dagrun for update_db to 2025-12-16 15:00:00+00:00, run_after=2025-12-17 15:00:00+00:00
[2025-12-16T17:36:09.849+0000] {logging_mixin.py:188} INFO - [2025-12-16T17:36:09.849+0000] {dag.py:3954} INFO - Setting next_dagrun for youtube_video_stats to 2025-12-16 14:00:00+00:00, run_after=2025-12-17 14:00:00+00:00
[2025-12-16T17:36:09.870+0000] {processor.py:183} INFO - Processing /opt/airflow/dags/main.py took 0.313 seconds
[2025-12-16T17:36:40.128+0000] {processor.py:161} INFO - Started process (PID=9043) to work on /opt/airflow/dags/main.py
[2025-12-16T17:36:40.132+0000] {processor.py:830} INFO - Processing file /opt/airflow/dags/main.py for tasks to queue
[2025-12-16T17:36:40.135+0000] {logging_mixin.py:188} INFO - [2025-12-16T17:36:40.134+0000] {dagbag.py:545} INFO - Filling up the DagBag from /opt/airflow/dags/main.py
[2025-12-16T17:36:40.564+0000] {processor.py:840} INFO - DAG(s) 'youtube_video_stats', 'update_db' retrieved from /opt/airflow/dags/main.py
[2025-12-16T17:36:40.689+0000] {logging_mixin.py:188} INFO - [2025-12-16T17:36:40.689+0000] {dag.py:3096} INFO - Sync 2 DAGs
[2025-12-16T17:36:40.761+0000] {logging_mixin.py:188} INFO - [2025-12-16T17:36:40.761+0000] {dag.py:3954} INFO - Setting next_dagrun for update_db to 2025-12-16 15:00:00+00:00, run_after=2025-12-17 15:00:00+00:00
[2025-12-16T17:36:40.774+0000] {logging_mixin.py:188} INFO - [2025-12-16T17:36:40.774+0000] {dag.py:3954} INFO - Setting next_dagrun for youtube_video_stats to 2025-12-16 14:00:00+00:00, run_after=2025-12-17 14:00:00+00:00
[2025-12-16T17:36:40.810+0000] {processor.py:183} INFO - Processing /opt/airflow/dags/main.py took 0.704 seconds
[2025-12-16T17:37:10.950+0000] {processor.py:161} INFO - Started process (PID=9050) to work on /opt/airflow/dags/main.py
[2025-12-16T17:37:10.951+0000] {processor.py:830} INFO - Processing file /opt/airflow/dags/main.py for tasks to queue
[2025-12-16T17:37:10.952+0000] {logging_mixin.py:188} INFO - [2025-12-16T17:37:10.952+0000] {dagbag.py:545} INFO - Filling up the DagBag from /opt/airflow/dags/main.py
[2025-12-16T17:37:11.064+0000] {processor.py:840} INFO - DAG(s) 'update_db', 'youtube_video_stats' retrieved from /opt/airflow/dags/main.py
[2025-12-16T17:37:11.099+0000] {logging_mixin.py:188} INFO - [2025-12-16T17:37:11.099+0000] {dag.py:3096} INFO - Sync 2 DAGs
[2025-12-16T17:37:11.288+0000] {logging_mixin.py:188} INFO - [2025-12-16T17:37:11.287+0000] {dag.py:3954} INFO - Setting next_dagrun for update_db to 2025-12-16 15:00:00+00:00, run_after=2025-12-17 15:00:00+00:00
[2025-12-16T17:37:11.295+0000] {logging_mixin.py:188} INFO - [2025-12-16T17:37:11.295+0000] {dag.py:3954} INFO - Setting next_dagrun for youtube_video_stats to 2025-12-16 14:00:00+00:00, run_after=2025-12-17 14:00:00+00:00
[2025-12-16T17:37:11.317+0000] {processor.py:183} INFO - Processing /opt/airflow/dags/main.py took 0.374 seconds
[2025-12-16T17:37:41.564+0000] {processor.py:161} INFO - Started process (PID=9057) to work on /opt/airflow/dags/main.py
[2025-12-16T17:37:41.567+0000] {processor.py:830} INFO - Processing file /opt/airflow/dags/main.py for tasks to queue
[2025-12-16T17:37:41.570+0000] {logging_mixin.py:188} INFO - [2025-12-16T17:37:41.568+0000] {dagbag.py:545} INFO - Filling up the DagBag from /opt/airflow/dags/main.py
[2025-12-16T17:37:41.773+0000] {processor.py:840} INFO - DAG(s) 'youtube_video_stats', 'update_db' retrieved from /opt/airflow/dags/main.py
[2025-12-16T17:37:41.838+0000] {logging_mixin.py:188} INFO - [2025-12-16T17:37:41.838+0000] {dag.py:3096} INFO - Sync 2 DAGs
[2025-12-16T17:37:42.057+0000] {logging_mixin.py:188} INFO - [2025-12-16T17:37:42.056+0000] {dag.py:3954} INFO - Setting next_dagrun for update_db to 2025-12-16 15:00:00+00:00, run_after=2025-12-17 15:00:00+00:00
[2025-12-16T17:37:42.064+0000] {logging_mixin.py:188} INFO - [2025-12-16T17:37:42.064+0000] {dag.py:3954} INFO - Setting next_dagrun for youtube_video_stats to 2025-12-16 14:00:00+00:00, run_after=2025-12-17 14:00:00+00:00
[2025-12-16T17:37:42.094+0000] {processor.py:183} INFO - Processing /opt/airflow/dags/main.py took 0.544 seconds
[2025-12-16T17:38:12.363+0000] {processor.py:161} INFO - Started process (PID=9064) to work on /opt/airflow/dags/main.py
[2025-12-16T17:38:12.365+0000] {processor.py:830} INFO - Processing file /opt/airflow/dags/main.py for tasks to queue
[2025-12-16T17:38:12.367+0000] {logging_mixin.py:188} INFO - [2025-12-16T17:38:12.367+0000] {dagbag.py:545} INFO - Filling up the DagBag from /opt/airflow/dags/main.py
[2025-12-16T17:38:12.531+0000] {processor.py:840} INFO - DAG(s) 'update_db', 'youtube_video_stats' retrieved from /opt/airflow/dags/main.py
[2025-12-16T17:38:12.772+0000] {logging_mixin.py:188} INFO - [2025-12-16T17:38:12.772+0000] {dag.py:3096} INFO - Sync 2 DAGs
[2025-12-16T17:38:12.803+0000] {logging_mixin.py:188} INFO - [2025-12-16T17:38:12.802+0000] {dag.py:3954} INFO - Setting next_dagrun for update_db to 2025-12-16 15:00:00+00:00, run_after=2025-12-17 15:00:00+00:00
[2025-12-16T17:38:12.813+0000] {logging_mixin.py:188} INFO - [2025-12-16T17:38:12.813+0000] {dag.py:3954} INFO - Setting next_dagrun for youtube_video_stats to 2025-12-16 14:00:00+00:00, run_after=2025-12-17 14:00:00+00:00
[2025-12-16T17:38:12.842+0000] {processor.py:183} INFO - Processing /opt/airflow/dags/main.py took 0.490 seconds
[2025-12-16T17:38:42.908+0000] {processor.py:161} INFO - Started process (PID=9071) to work on /opt/airflow/dags/main.py
[2025-12-16T17:38:42.910+0000] {processor.py:830} INFO - Processing file /opt/airflow/dags/main.py for tasks to queue
[2025-12-16T17:38:42.911+0000] {logging_mixin.py:188} INFO - [2025-12-16T17:38:42.911+0000] {dagbag.py:545} INFO - Filling up the DagBag from /opt/airflow/dags/main.py
[2025-12-16T17:38:43.026+0000] {processor.py:840} INFO - DAG(s) 'youtube_video_stats', 'update_db' retrieved from /opt/airflow/dags/main.py
[2025-12-16T17:38:43.207+0000] {logging_mixin.py:188} INFO - [2025-12-16T17:38:43.206+0000] {dag.py:3096} INFO - Sync 2 DAGs
[2025-12-16T17:38:43.229+0000] {logging_mixin.py:188} INFO - [2025-12-16T17:38:43.229+0000] {dag.py:3954} INFO - Setting next_dagrun for update_db to 2025-12-16 15:00:00+00:00, run_after=2025-12-17 15:00:00+00:00
[2025-12-16T17:38:43.236+0000] {logging_mixin.py:188} INFO - [2025-12-16T17:38:43.235+0000] {dag.py:3954} INFO - Setting next_dagrun for youtube_video_stats to 2025-12-16 14:00:00+00:00, run_after=2025-12-17 14:00:00+00:00
[2025-12-16T17:38:43.260+0000] {processor.py:183} INFO - Processing /opt/airflow/dags/main.py took 0.357 seconds
[2025-12-16T17:39:13.389+0000] {processor.py:161} INFO - Started process (PID=9079) to work on /opt/airflow/dags/main.py
[2025-12-16T17:39:13.391+0000] {processor.py:830} INFO - Processing file /opt/airflow/dags/main.py for tasks to queue
[2025-12-16T17:39:13.392+0000] {logging_mixin.py:188} INFO - [2025-12-16T17:39:13.392+0000] {dagbag.py:545} INFO - Filling up the DagBag from /opt/airflow/dags/main.py
[2025-12-16T17:39:13.664+0000] {processor.py:840} INFO - DAG(s) 'update_db', 'youtube_video_stats' retrieved from /opt/airflow/dags/main.py
[2025-12-16T17:39:13.701+0000] {logging_mixin.py:188} INFO - [2025-12-16T17:39:13.701+0000] {dag.py:3096} INFO - Sync 2 DAGs
[2025-12-16T17:39:13.727+0000] {logging_mixin.py:188} INFO - [2025-12-16T17:39:13.726+0000] {dag.py:3954} INFO - Setting next_dagrun for update_db to 2025-12-16 15:00:00+00:00, run_after=2025-12-17 15:00:00+00:00
[2025-12-16T17:39:13.733+0000] {logging_mixin.py:188} INFO - [2025-12-16T17:39:13.732+0000] {dag.py:3954} INFO - Setting next_dagrun for youtube_video_stats to 2025-12-16 14:00:00+00:00, run_after=2025-12-17 14:00:00+00:00
[2025-12-16T17:39:13.753+0000] {processor.py:183} INFO - Processing /opt/airflow/dags/main.py took 0.369 seconds
[2025-12-16T17:39:43.901+0000] {processor.py:161} INFO - Started process (PID=9086) to work on /opt/airflow/dags/main.py
[2025-12-16T17:39:43.904+0000] {processor.py:830} INFO - Processing file /opt/airflow/dags/main.py for tasks to queue
[2025-12-16T17:39:43.906+0000] {logging_mixin.py:188} INFO - [2025-12-16T17:39:43.906+0000] {dagbag.py:545} INFO - Filling up the DagBag from /opt/airflow/dags/main.py
[2025-12-16T17:39:44.201+0000] {processor.py:840} INFO - DAG(s) 'update_db', 'youtube_video_stats' retrieved from /opt/airflow/dags/main.py
[2025-12-16T17:39:44.232+0000] {logging_mixin.py:188} INFO - [2025-12-16T17:39:44.232+0000] {dag.py:3096} INFO - Sync 2 DAGs
[2025-12-16T17:39:44.256+0000] {logging_mixin.py:188} INFO - [2025-12-16T17:39:44.256+0000] {dag.py:3954} INFO - Setting next_dagrun for update_db to 2025-12-16 15:00:00+00:00, run_after=2025-12-17 15:00:00+00:00
[2025-12-16T17:39:44.261+0000] {logging_mixin.py:188} INFO - [2025-12-16T17:39:44.261+0000] {dag.py:3954} INFO - Setting next_dagrun for youtube_video_stats to 2025-12-16 14:00:00+00:00, run_after=2025-12-17 14:00:00+00:00
[2025-12-16T17:39:44.281+0000] {processor.py:183} INFO - Processing /opt/airflow/dags/main.py took 0.387 seconds
[2025-12-16T17:40:14.488+0000] {processor.py:161} INFO - Started process (PID=9094) to work on /opt/airflow/dags/main.py
[2025-12-16T17:40:14.489+0000] {processor.py:830} INFO - Processing file /opt/airflow/dags/main.py for tasks to queue
[2025-12-16T17:40:14.490+0000] {logging_mixin.py:188} INFO - [2025-12-16T17:40:14.490+0000] {dagbag.py:545} INFO - Filling up the DagBag from /opt/airflow/dags/main.py
[2025-12-16T17:40:14.579+0000] {processor.py:840} INFO - DAG(s) 'update_db', 'youtube_video_stats' retrieved from /opt/airflow/dags/main.py
[2025-12-16T17:40:14.609+0000] {logging_mixin.py:188} INFO - [2025-12-16T17:40:14.608+0000] {dag.py:3096} INFO - Sync 2 DAGs
[2025-12-16T17:40:14.779+0000] {logging_mixin.py:188} INFO - [2025-12-16T17:40:14.779+0000] {dag.py:3954} INFO - Setting next_dagrun for update_db to 2025-12-16 15:00:00+00:00, run_after=2025-12-17 15:00:00+00:00
[2025-12-16T17:40:14.785+0000] {logging_mixin.py:188} INFO - [2025-12-16T17:40:14.785+0000] {dag.py:3954} INFO - Setting next_dagrun for youtube_video_stats to 2025-12-16 14:00:00+00:00, run_after=2025-12-17 14:00:00+00:00
[2025-12-16T17:40:14.805+0000] {processor.py:183} INFO - Processing /opt/airflow/dags/main.py took 0.323 seconds
[2025-12-16T17:40:45.006+0000] {processor.py:161} INFO - Started process (PID=9101) to work on /opt/airflow/dags/main.py
[2025-12-16T17:40:45.007+0000] {processor.py:830} INFO - Processing file /opt/airflow/dags/main.py for tasks to queue
[2025-12-16T17:40:45.008+0000] {logging_mixin.py:188} INFO - [2025-12-16T17:40:45.008+0000] {dagbag.py:545} INFO - Filling up the DagBag from /opt/airflow/dags/main.py
[2025-12-16T17:40:45.107+0000] {processor.py:840} INFO - DAG(s) 'update_db', 'youtube_video_stats' retrieved from /opt/airflow/dags/main.py
[2025-12-16T17:40:45.300+0000] {logging_mixin.py:188} INFO - [2025-12-16T17:40:45.299+0000] {dag.py:3096} INFO - Sync 2 DAGs
[2025-12-16T17:40:45.324+0000] {logging_mixin.py:188} INFO - [2025-12-16T17:40:45.324+0000] {dag.py:3954} INFO - Setting next_dagrun for update_db to 2025-12-16 15:00:00+00:00, run_after=2025-12-17 15:00:00+00:00
[2025-12-16T17:40:45.329+0000] {logging_mixin.py:188} INFO - [2025-12-16T17:40:45.329+0000] {dag.py:3954} INFO - Setting next_dagrun for youtube_video_stats to 2025-12-16 14:00:00+00:00, run_after=2025-12-17 14:00:00+00:00
[2025-12-16T17:40:45.354+0000] {processor.py:183} INFO - Processing /opt/airflow/dags/main.py took 0.355 seconds
[2025-12-16T17:41:15.557+0000] {processor.py:161} INFO - Started process (PID=9109) to work on /opt/airflow/dags/main.py
[2025-12-16T17:41:15.559+0000] {processor.py:830} INFO - Processing file /opt/airflow/dags/main.py for tasks to queue
[2025-12-16T17:41:15.560+0000] {logging_mixin.py:188} INFO - [2025-12-16T17:41:15.559+0000] {dagbag.py:545} INFO - Filling up the DagBag from /opt/airflow/dags/main.py
[2025-12-16T17:41:15.634+0000] {processor.py:840} INFO - DAG(s) 'update_db', 'youtube_video_stats' retrieved from /opt/airflow/dags/main.py
[2025-12-16T17:41:15.828+0000] {logging_mixin.py:188} INFO - [2025-12-16T17:41:15.828+0000] {dag.py:3096} INFO - Sync 2 DAGs
[2025-12-16T17:41:15.847+0000] {logging_mixin.py:188} INFO - [2025-12-16T17:41:15.847+0000] {dag.py:3954} INFO - Setting next_dagrun for update_db to 2025-12-16 15:00:00+00:00, run_after=2025-12-17 15:00:00+00:00
[2025-12-16T17:41:15.852+0000] {logging_mixin.py:188} INFO - [2025-12-16T17:41:15.852+0000] {dag.py:3954} INFO - Setting next_dagrun for youtube_video_stats to 2025-12-16 14:00:00+00:00, run_after=2025-12-17 14:00:00+00:00
[2025-12-16T17:41:15.884+0000] {processor.py:183} INFO - Processing /opt/airflow/dags/main.py took 0.333 seconds
[2025-12-16T17:41:46.074+0000] {processor.py:161} INFO - Started process (PID=9116) to work on /opt/airflow/dags/main.py
[2025-12-16T17:41:46.075+0000] {processor.py:830} INFO - Processing file /opt/airflow/dags/main.py for tasks to queue
[2025-12-16T17:41:46.076+0000] {logging_mixin.py:188} INFO - [2025-12-16T17:41:46.076+0000] {dagbag.py:545} INFO - Filling up the DagBag from /opt/airflow/dags/main.py
[2025-12-16T17:41:46.334+0000] {processor.py:840} INFO - DAG(s) 'update_db', 'youtube_video_stats' retrieved from /opt/airflow/dags/main.py
[2025-12-16T17:41:46.370+0000] {logging_mixin.py:188} INFO - [2025-12-16T17:41:46.369+0000] {dag.py:3096} INFO - Sync 2 DAGs
[2025-12-16T17:41:46.392+0000] {logging_mixin.py:188} INFO - [2025-12-16T17:41:46.392+0000] {dag.py:3954} INFO - Setting next_dagrun for update_db to 2025-12-16 15:00:00+00:00, run_after=2025-12-17 15:00:00+00:00
[2025-12-16T17:41:46.399+0000] {logging_mixin.py:188} INFO - [2025-12-16T17:41:46.399+0000] {dag.py:3954} INFO - Setting next_dagrun for youtube_video_stats to 2025-12-16 14:00:00+00:00, run_after=2025-12-17 14:00:00+00:00
[2025-12-16T17:41:46.431+0000] {processor.py:183} INFO - Processing /opt/airflow/dags/main.py took 0.363 seconds
[2025-12-16T17:42:16.633+0000] {processor.py:161} INFO - Started process (PID=9123) to work on /opt/airflow/dags/main.py
[2025-12-16T17:42:16.634+0000] {processor.py:830} INFO - Processing file /opt/airflow/dags/main.py for tasks to queue
[2025-12-16T17:42:16.635+0000] {logging_mixin.py:188} INFO - [2025-12-16T17:42:16.635+0000] {dagbag.py:545} INFO - Filling up the DagBag from /opt/airflow/dags/main.py
[2025-12-16T17:42:16.881+0000] {processor.py:840} INFO - DAG(s) 'update_db', 'youtube_video_stats' retrieved from /opt/airflow/dags/main.py
[2025-12-16T17:42:16.920+0000] {logging_mixin.py:188} INFO - [2025-12-16T17:42:16.919+0000] {dag.py:3096} INFO - Sync 2 DAGs
[2025-12-16T17:42:16.948+0000] {logging_mixin.py:188} INFO - [2025-12-16T17:42:16.948+0000] {dag.py:3954} INFO - Setting next_dagrun for update_db to 2025-12-16 15:00:00+00:00, run_after=2025-12-17 15:00:00+00:00
[2025-12-16T17:42:16.957+0000] {logging_mixin.py:188} INFO - [2025-12-16T17:42:16.956+0000] {dag.py:3954} INFO - Setting next_dagrun for youtube_video_stats to 2025-12-16 14:00:00+00:00, run_after=2025-12-17 14:00:00+00:00
[2025-12-16T17:42:16.978+0000] {processor.py:183} INFO - Processing /opt/airflow/dags/main.py took 0.351 seconds
[2025-12-16T17:42:47.172+0000] {processor.py:161} INFO - Started process (PID=9130) to work on /opt/airflow/dags/main.py
[2025-12-16T17:42:47.173+0000] {processor.py:830} INFO - Processing file /opt/airflow/dags/main.py for tasks to queue
[2025-12-16T17:42:47.174+0000] {logging_mixin.py:188} INFO - [2025-12-16T17:42:47.174+0000] {dagbag.py:545} INFO - Filling up the DagBag from /opt/airflow/dags/main.py
[2025-12-16T17:42:47.261+0000] {processor.py:840} INFO - DAG(s) 'youtube_video_stats', 'update_db' retrieved from /opt/airflow/dags/main.py
[2025-12-16T17:42:47.291+0000] {logging_mixin.py:188} INFO - [2025-12-16T17:42:47.291+0000] {dag.py:3096} INFO - Sync 2 DAGs
[2025-12-16T17:42:47.442+0000] {logging_mixin.py:188} INFO - [2025-12-16T17:42:47.442+0000] {dag.py:3954} INFO - Setting next_dagrun for update_db to 2025-12-16 15:00:00+00:00, run_after=2025-12-17 15:00:00+00:00
[2025-12-16T17:42:47.450+0000] {logging_mixin.py:188} INFO - [2025-12-16T17:42:47.450+0000] {dag.py:3954} INFO - Setting next_dagrun for youtube_video_stats to 2025-12-16 14:00:00+00:00, run_after=2025-12-17 14:00:00+00:00
[2025-12-16T17:42:47.472+0000] {processor.py:183} INFO - Processing /opt/airflow/dags/main.py took 0.305 seconds
[2025-12-16T17:43:17.674+0000] {processor.py:161} INFO - Started process (PID=9137) to work on /opt/airflow/dags/main.py
[2025-12-16T17:43:17.676+0000] {processor.py:830} INFO - Processing file /opt/airflow/dags/main.py for tasks to queue
[2025-12-16T17:43:17.677+0000] {logging_mixin.py:188} INFO - [2025-12-16T17:43:17.677+0000] {dagbag.py:545} INFO - Filling up the DagBag from /opt/airflow/dags/main.py
[2025-12-16T17:43:17.795+0000] {processor.py:840} INFO - DAG(s) 'youtube_video_stats', 'update_db' retrieved from /opt/airflow/dags/main.py
[2025-12-16T17:43:17.838+0000] {logging_mixin.py:188} INFO - [2025-12-16T17:43:17.838+0000] {dag.py:3096} INFO - Sync 2 DAGs
[2025-12-16T17:43:18.232+0000] {logging_mixin.py:188} INFO - [2025-12-16T17:43:18.232+0000] {dag.py:3954} INFO - Setting next_dagrun for update_db to 2025-12-16 15:00:00+00:00, run_after=2025-12-17 15:00:00+00:00
[2025-12-16T17:43:18.241+0000] {logging_mixin.py:188} INFO - [2025-12-16T17:43:18.240+0000] {dag.py:3954} INFO - Setting next_dagrun for youtube_video_stats to 2025-12-16 14:00:00+00:00, run_after=2025-12-17 14:00:00+00:00
[2025-12-16T17:43:18.267+0000] {processor.py:183} INFO - Processing /opt/airflow/dags/main.py took 0.601 seconds
[2025-12-16T17:43:48.509+0000] {processor.py:161} INFO - Started process (PID=9144) to work on /opt/airflow/dags/main.py
[2025-12-16T17:43:48.511+0000] {processor.py:830} INFO - Processing file /opt/airflow/dags/main.py for tasks to queue
[2025-12-16T17:43:48.512+0000] {logging_mixin.py:188} INFO - [2025-12-16T17:43:48.511+0000] {dagbag.py:545} INFO - Filling up the DagBag from /opt/airflow/dags/main.py
[2025-12-16T17:43:48.585+0000] {processor.py:840} INFO - DAG(s) 'update_db', 'youtube_video_stats' retrieved from /opt/airflow/dags/main.py
[2025-12-16T17:43:48.755+0000] {logging_mixin.py:188} INFO - [2025-12-16T17:43:48.754+0000] {dag.py:3096} INFO - Sync 2 DAGs
[2025-12-16T17:43:48.773+0000] {logging_mixin.py:188} INFO - [2025-12-16T17:43:48.773+0000] {dag.py:3954} INFO - Setting next_dagrun for update_db to 2025-12-16 15:00:00+00:00, run_after=2025-12-17 15:00:00+00:00
[2025-12-16T17:43:48.778+0000] {logging_mixin.py:188} INFO - [2025-12-16T17:43:48.778+0000] {dag.py:3954} INFO - Setting next_dagrun for youtube_video_stats to 2025-12-16 14:00:00+00:00, run_after=2025-12-17 14:00:00+00:00
[2025-12-16T17:43:48.803+0000] {processor.py:183} INFO - Processing /opt/airflow/dags/main.py took 0.301 seconds
[2025-12-16T17:44:19.044+0000] {processor.py:161} INFO - Started process (PID=9151) to work on /opt/airflow/dags/main.py
[2025-12-16T17:44:19.046+0000] {processor.py:830} INFO - Processing file /opt/airflow/dags/main.py for tasks to queue
[2025-12-16T17:44:19.048+0000] {logging_mixin.py:188} INFO - [2025-12-16T17:44:19.048+0000] {dagbag.py:545} INFO - Filling up the DagBag from /opt/airflow/dags/main.py
[2025-12-16T17:44:19.245+0000] {processor.py:840} INFO - DAG(s) 'update_db', 'youtube_video_stats' retrieved from /opt/airflow/dags/main.py
[2025-12-16T17:44:19.566+0000] {logging_mixin.py:188} INFO - [2025-12-16T17:44:19.565+0000] {dag.py:3096} INFO - Sync 2 DAGs
[2025-12-16T17:44:19.601+0000] {logging_mixin.py:188} INFO - [2025-12-16T17:44:19.601+0000] {dag.py:3954} INFO - Setting next_dagrun for update_db to 2025-12-16 15:00:00+00:00, run_after=2025-12-17 15:00:00+00:00
[2025-12-16T17:44:19.610+0000] {logging_mixin.py:188} INFO - [2025-12-16T17:44:19.610+0000] {dag.py:3954} INFO - Setting next_dagrun for youtube_video_stats to 2025-12-16 14:00:00+00:00, run_after=2025-12-17 14:00:00+00:00
[2025-12-16T17:44:19.642+0000] {processor.py:183} INFO - Processing /opt/airflow/dags/main.py took 0.610 seconds
[2025-12-16T17:44:50.075+0000] {processor.py:161} INFO - Started process (PID=9158) to work on /opt/airflow/dags/main.py
[2025-12-16T17:44:50.077+0000] {processor.py:830} INFO - Processing file /opt/airflow/dags/main.py for tasks to queue
[2025-12-16T17:44:50.079+0000] {logging_mixin.py:188} INFO - [2025-12-16T17:44:50.078+0000] {dagbag.py:545} INFO - Filling up the DagBag from /opt/airflow/dags/main.py
[2025-12-16T17:44:50.377+0000] {processor.py:840} INFO - DAG(s) 'update_db', 'youtube_video_stats' retrieved from /opt/airflow/dags/main.py
[2025-12-16T17:44:50.406+0000] {logging_mixin.py:188} INFO - [2025-12-16T17:44:50.406+0000] {dag.py:3096} INFO - Sync 2 DAGs
[2025-12-16T17:44:50.432+0000] {logging_mixin.py:188} INFO - [2025-12-16T17:44:50.431+0000] {dag.py:3954} INFO - Setting next_dagrun for update_db to 2025-12-16 15:00:00+00:00, run_after=2025-12-17 15:00:00+00:00
[2025-12-16T17:44:50.443+0000] {logging_mixin.py:188} INFO - [2025-12-16T17:44:50.440+0000] {dag.py:3954} INFO - Setting next_dagrun for youtube_video_stats to 2025-12-16 14:00:00+00:00, run_after=2025-12-17 14:00:00+00:00
[2025-12-16T17:44:50.474+0000] {processor.py:183} INFO - Processing /opt/airflow/dags/main.py took 0.406 seconds
[2025-12-16T17:45:20.679+0000] {processor.py:161} INFO - Started process (PID=9171) to work on /opt/airflow/dags/main.py
[2025-12-16T17:45:20.680+0000] {processor.py:830} INFO - Processing file /opt/airflow/dags/main.py for tasks to queue
[2025-12-16T17:45:20.681+0000] {logging_mixin.py:188} INFO - [2025-12-16T17:45:20.681+0000] {dagbag.py:545} INFO - Filling up the DagBag from /opt/airflow/dags/main.py
[2025-12-16T17:45:20.952+0000] {processor.py:840} INFO - DAG(s) 'update_db', 'youtube_video_stats' retrieved from /opt/airflow/dags/main.py
[2025-12-16T17:45:20.980+0000] {logging_mixin.py:188} INFO - [2025-12-16T17:45:20.979+0000] {dag.py:3096} INFO - Sync 2 DAGs
[2025-12-16T17:45:20.998+0000] {logging_mixin.py:188} INFO - [2025-12-16T17:45:20.998+0000] {dag.py:3954} INFO - Setting next_dagrun for update_db to 2025-12-16 15:00:00+00:00, run_after=2025-12-17 15:00:00+00:00
[2025-12-16T17:45:21.002+0000] {logging_mixin.py:188} INFO - [2025-12-16T17:45:21.002+0000] {dag.py:3954} INFO - Setting next_dagrun for youtube_video_stats to 2025-12-16 14:00:00+00:00, run_after=2025-12-17 14:00:00+00:00
[2025-12-16T17:45:21.018+0000] {processor.py:183} INFO - Processing /opt/airflow/dags/main.py took 0.345 seconds
[2025-12-16T17:45:51.231+0000] {processor.py:161} INFO - Started process (PID=9178) to work on /opt/airflow/dags/main.py
[2025-12-16T17:45:51.232+0000] {processor.py:830} INFO - Processing file /opt/airflow/dags/main.py for tasks to queue
[2025-12-16T17:45:51.233+0000] {logging_mixin.py:188} INFO - [2025-12-16T17:45:51.233+0000] {dagbag.py:545} INFO - Filling up the DagBag from /opt/airflow/dags/main.py
[2025-12-16T17:45:51.313+0000] {processor.py:840} INFO - DAG(s) 'update_db', 'youtube_video_stats' retrieved from /opt/airflow/dags/main.py
[2025-12-16T17:45:51.391+0000] {logging_mixin.py:188} INFO - [2025-12-16T17:45:51.391+0000] {dag.py:3096} INFO - Sync 2 DAGs
[2025-12-16T17:45:51.556+0000] {logging_mixin.py:188} INFO - [2025-12-16T17:45:51.556+0000] {dag.py:3954} INFO - Setting next_dagrun for update_db to 2025-12-16 15:00:00+00:00, run_after=2025-12-17 15:00:00+00:00
[2025-12-16T17:45:51.561+0000] {logging_mixin.py:188} INFO - [2025-12-16T17:45:51.561+0000] {dag.py:3954} INFO - Setting next_dagrun for youtube_video_stats to 2025-12-16 14:00:00+00:00, run_after=2025-12-17 14:00:00+00:00
[2025-12-16T17:45:51.578+0000] {processor.py:183} INFO - Processing /opt/airflow/dags/main.py took 0.353 seconds
[2025-12-16T17:46:21.800+0000] {processor.py:161} INFO - Started process (PID=9185) to work on /opt/airflow/dags/main.py
[2025-12-16T17:46:21.801+0000] {processor.py:830} INFO - Processing file /opt/airflow/dags/main.py for tasks to queue
[2025-12-16T17:46:21.802+0000] {logging_mixin.py:188} INFO - [2025-12-16T17:46:21.802+0000] {dagbag.py:545} INFO - Filling up the DagBag from /opt/airflow/dags/main.py
[2025-12-16T17:46:21.876+0000] {processor.py:840} INFO - DAG(s) 'youtube_video_stats', 'update_db' retrieved from /opt/airflow/dags/main.py
[2025-12-16T17:46:22.038+0000] {logging_mixin.py:188} INFO - [2025-12-16T17:46:22.037+0000] {dag.py:3096} INFO - Sync 2 DAGs
[2025-12-16T17:46:22.060+0000] {logging_mixin.py:188} INFO - [2025-12-16T17:46:22.060+0000] {dag.py:3954} INFO - Setting next_dagrun for update_db to 2025-12-16 15:00:00+00:00, run_after=2025-12-17 15:00:00+00:00
[2025-12-16T17:46:22.065+0000] {logging_mixin.py:188} INFO - [2025-12-16T17:46:22.065+0000] {dag.py:3954} INFO - Setting next_dagrun for youtube_video_stats to 2025-12-16 14:00:00+00:00, run_after=2025-12-17 14:00:00+00:00
[2025-12-16T17:46:22.085+0000] {processor.py:183} INFO - Processing /opt/airflow/dags/main.py took 0.291 seconds
[2025-12-16T17:46:52.283+0000] {processor.py:161} INFO - Started process (PID=9192) to work on /opt/airflow/dags/main.py
[2025-12-16T17:46:52.284+0000] {processor.py:830} INFO - Processing file /opt/airflow/dags/main.py for tasks to queue
[2025-12-16T17:46:52.285+0000] {logging_mixin.py:188} INFO - [2025-12-16T17:46:52.285+0000] {dagbag.py:545} INFO - Filling up the DagBag from /opt/airflow/dags/main.py
[2025-12-16T17:46:52.358+0000] {processor.py:840} INFO - DAG(s) 'youtube_video_stats', 'update_db' retrieved from /opt/airflow/dags/main.py
[2025-12-16T17:46:52.545+0000] {logging_mixin.py:188} INFO - [2025-12-16T17:46:52.544+0000] {dag.py:3096} INFO - Sync 2 DAGs
[2025-12-16T17:46:52.564+0000] {logging_mixin.py:188} INFO - [2025-12-16T17:46:52.564+0000] {dag.py:3954} INFO - Setting next_dagrun for update_db to 2025-12-16 15:00:00+00:00, run_after=2025-12-17 15:00:00+00:00
[2025-12-16T17:46:52.570+0000] {logging_mixin.py:188} INFO - [2025-12-16T17:46:52.569+0000] {dag.py:3954} INFO - Setting next_dagrun for youtube_video_stats to 2025-12-16 14:00:00+00:00, run_after=2025-12-17 14:00:00+00:00
[2025-12-16T17:46:52.592+0000] {processor.py:183} INFO - Processing /opt/airflow/dags/main.py took 0.315 seconds
[2025-12-16T17:47:22.805+0000] {processor.py:161} INFO - Started process (PID=9199) to work on /opt/airflow/dags/main.py
[2025-12-16T17:47:22.806+0000] {processor.py:830} INFO - Processing file /opt/airflow/dags/main.py for tasks to queue
[2025-12-16T17:47:22.807+0000] {logging_mixin.py:188} INFO - [2025-12-16T17:47:22.807+0000] {dagbag.py:545} INFO - Filling up the DagBag from /opt/airflow/dags/main.py
[2025-12-16T17:47:23.012+0000] {processor.py:840} INFO - DAG(s) 'update_db', 'youtube_video_stats' retrieved from /opt/airflow/dags/main.py
[2025-12-16T17:47:23.039+0000] {logging_mixin.py:188} INFO - [2025-12-16T17:47:23.039+0000] {dag.py:3096} INFO - Sync 2 DAGs
[2025-12-16T17:47:23.057+0000] {logging_mixin.py:188} INFO - [2025-12-16T17:47:23.057+0000] {dag.py:3954} INFO - Setting next_dagrun for update_db to 2025-12-16 15:00:00+00:00, run_after=2025-12-17 15:00:00+00:00
[2025-12-16T17:47:23.062+0000] {logging_mixin.py:188} INFO - [2025-12-16T17:47:23.062+0000] {dag.py:3954} INFO - Setting next_dagrun for youtube_video_stats to 2025-12-16 14:00:00+00:00, run_after=2025-12-17 14:00:00+00:00
[2025-12-16T17:47:23.086+0000] {processor.py:183} INFO - Processing /opt/airflow/dags/main.py took 0.287 seconds
[2025-12-16T17:47:53.319+0000] {processor.py:161} INFO - Started process (PID=9206) to work on /opt/airflow/dags/main.py
[2025-12-16T17:47:53.320+0000] {processor.py:830} INFO - Processing file /opt/airflow/dags/main.py for tasks to queue
[2025-12-16T17:47:53.321+0000] {logging_mixin.py:188} INFO - [2025-12-16T17:47:53.321+0000] {dagbag.py:545} INFO - Filling up the DagBag from /opt/airflow/dags/main.py
[2025-12-16T17:47:53.554+0000] {processor.py:840} INFO - DAG(s) 'update_db', 'youtube_video_stats' retrieved from /opt/airflow/dags/main.py
[2025-12-16T17:47:53.579+0000] {logging_mixin.py:188} INFO - [2025-12-16T17:47:53.579+0000] {dag.py:3096} INFO - Sync 2 DAGs
[2025-12-16T17:47:53.599+0000] {logging_mixin.py:188} INFO - [2025-12-16T17:47:53.599+0000] {dag.py:3954} INFO - Setting next_dagrun for update_db to 2025-12-16 15:00:00+00:00, run_after=2025-12-17 15:00:00+00:00
[2025-12-16T17:47:53.604+0000] {logging_mixin.py:188} INFO - [2025-12-16T17:47:53.604+0000] {dag.py:3954} INFO - Setting next_dagrun for youtube_video_stats to 2025-12-16 14:00:00+00:00, run_after=2025-12-17 14:00:00+00:00
[2025-12-16T17:47:53.625+0000] {processor.py:183} INFO - Processing /opt/airflow/dags/main.py took 0.312 seconds
[2025-12-16T17:48:23.828+0000] {processor.py:161} INFO - Started process (PID=9213) to work on /opt/airflow/dags/main.py
[2025-12-16T17:48:23.830+0000] {processor.py:830} INFO - Processing file /opt/airflow/dags/main.py for tasks to queue
[2025-12-16T17:48:23.831+0000] {logging_mixin.py:188} INFO - [2025-12-16T17:48:23.831+0000] {dagbag.py:545} INFO - Filling up the DagBag from /opt/airflow/dags/main.py
[2025-12-16T17:48:24.053+0000] {processor.py:840} INFO - DAG(s) 'youtube_video_stats', 'update_db' retrieved from /opt/airflow/dags/main.py
[2025-12-16T17:48:24.078+0000] {logging_mixin.py:188} INFO - [2025-12-16T17:48:24.077+0000] {dag.py:3096} INFO - Sync 2 DAGs
[2025-12-16T17:48:24.098+0000] {logging_mixin.py:188} INFO - [2025-12-16T17:48:24.098+0000] {dag.py:3954} INFO - Setting next_dagrun for update_db to 2025-12-16 15:00:00+00:00, run_after=2025-12-17 15:00:00+00:00
[2025-12-16T17:48:24.104+0000] {logging_mixin.py:188} INFO - [2025-12-16T17:48:24.103+0000] {dag.py:3954} INFO - Setting next_dagrun for youtube_video_stats to 2025-12-16 14:00:00+00:00, run_after=2025-12-17 14:00:00+00:00
[2025-12-16T17:48:24.120+0000] {processor.py:183} INFO - Processing /opt/airflow/dags/main.py took 0.297 seconds
[2025-12-16T17:48:54.348+0000] {processor.py:161} INFO - Started process (PID=9220) to work on /opt/airflow/dags/main.py
[2025-12-16T17:48:54.350+0000] {processor.py:830} INFO - Processing file /opt/airflow/dags/main.py for tasks to queue
[2025-12-16T17:48:54.351+0000] {logging_mixin.py:188} INFO - [2025-12-16T17:48:54.351+0000] {dagbag.py:545} INFO - Filling up the DagBag from /opt/airflow/dags/main.py
[2025-12-16T17:48:54.534+0000] {processor.py:840} INFO - DAG(s) 'update_db', 'youtube_video_stats' retrieved from /opt/airflow/dags/main.py
[2025-12-16T17:48:54.584+0000] {logging_mixin.py:188} INFO - [2025-12-16T17:48:54.584+0000] {dag.py:3096} INFO - Sync 2 DAGs
[2025-12-16T17:48:54.798+0000] {logging_mixin.py:188} INFO - [2025-12-16T17:48:54.798+0000] {dag.py:3954} INFO - Setting next_dagrun for update_db to 2025-12-16 15:00:00+00:00, run_after=2025-12-17 15:00:00+00:00
[2025-12-16T17:48:54.805+0000] {logging_mixin.py:188} INFO - [2025-12-16T17:48:54.805+0000] {dag.py:3954} INFO - Setting next_dagrun for youtube_video_stats to 2025-12-16 14:00:00+00:00, run_after=2025-12-17 14:00:00+00:00
[2025-12-16T17:48:54.832+0000] {processor.py:183} INFO - Processing /opt/airflow/dags/main.py took 0.493 seconds
[2025-12-16T17:49:25.059+0000] {processor.py:161} INFO - Started process (PID=9227) to work on /opt/airflow/dags/main.py
[2025-12-16T17:49:25.060+0000] {processor.py:830} INFO - Processing file /opt/airflow/dags/main.py for tasks to queue
[2025-12-16T17:49:25.061+0000] {logging_mixin.py:188} INFO - [2025-12-16T17:49:25.061+0000] {dagbag.py:545} INFO - Filling up the DagBag from /opt/airflow/dags/main.py
[2025-12-16T17:49:25.148+0000] {processor.py:840} INFO - DAG(s) 'youtube_video_stats', 'update_db' retrieved from /opt/airflow/dags/main.py
[2025-12-16T17:49:25.342+0000] {logging_mixin.py:188} INFO - [2025-12-16T17:49:25.342+0000] {dag.py:3096} INFO - Sync 2 DAGs
[2025-12-16T17:49:25.362+0000] {logging_mixin.py:188} INFO - [2025-12-16T17:49:25.362+0000] {dag.py:3954} INFO - Setting next_dagrun for update_db to 2025-12-16 15:00:00+00:00, run_after=2025-12-17 15:00:00+00:00
[2025-12-16T17:49:25.368+0000] {logging_mixin.py:188} INFO - [2025-12-16T17:49:25.368+0000] {dag.py:3954} INFO - Setting next_dagrun for youtube_video_stats to 2025-12-16 14:00:00+00:00, run_after=2025-12-17 14:00:00+00:00
[2025-12-16T17:49:25.388+0000] {processor.py:183} INFO - Processing /opt/airflow/dags/main.py took 0.335 seconds
[2025-12-16T17:49:55.587+0000] {processor.py:161} INFO - Started process (PID=9235) to work on /opt/airflow/dags/main.py
[2025-12-16T17:49:55.588+0000] {processor.py:830} INFO - Processing file /opt/airflow/dags/main.py for tasks to queue
[2025-12-16T17:49:55.589+0000] {logging_mixin.py:188} INFO - [2025-12-16T17:49:55.589+0000] {dagbag.py:545} INFO - Filling up the DagBag from /opt/airflow/dags/main.py
[2025-12-16T17:49:55.665+0000] {processor.py:840} INFO - DAG(s) 'youtube_video_stats', 'update_db' retrieved from /opt/airflow/dags/main.py
[2025-12-16T17:49:55.837+0000] {logging_mixin.py:188} INFO - [2025-12-16T17:49:55.837+0000] {dag.py:3096} INFO - Sync 2 DAGs
[2025-12-16T17:49:55.860+0000] {logging_mixin.py:188} INFO - [2025-12-16T17:49:55.860+0000] {dag.py:3954} INFO - Setting next_dagrun for update_db to 2025-12-16 15:00:00+00:00, run_after=2025-12-17 15:00:00+00:00
[2025-12-16T17:49:55.866+0000] {logging_mixin.py:188} INFO - [2025-12-16T17:49:55.865+0000] {dag.py:3954} INFO - Setting next_dagrun for youtube_video_stats to 2025-12-16 14:00:00+00:00, run_after=2025-12-17 14:00:00+00:00
[2025-12-16T17:49:55.885+0000] {processor.py:183} INFO - Processing /opt/airflow/dags/main.py took 0.304 seconds
[2025-12-16T17:50:26.130+0000] {processor.py:161} INFO - Started process (PID=9242) to work on /opt/airflow/dags/main.py
[2025-12-16T17:50:26.136+0000] {processor.py:830} INFO - Processing file /opt/airflow/dags/main.py for tasks to queue
[2025-12-16T17:50:26.138+0000] {logging_mixin.py:188} INFO - [2025-12-16T17:50:26.138+0000] {dagbag.py:545} INFO - Filling up the DagBag from /opt/airflow/dags/main.py
[2025-12-16T17:50:28.255+0000] {processor.py:840} INFO - DAG(s) 'update_db', 'youtube_video_stats' retrieved from /opt/airflow/dags/main.py
[2025-12-16T17:50:28.350+0000] {logging_mixin.py:188} INFO - [2025-12-16T17:50:28.349+0000] {dag.py:3096} INFO - Sync 2 DAGs
[2025-12-16T17:50:28.400+0000] {logging_mixin.py:188} INFO - [2025-12-16T17:50:28.399+0000] {dag.py:3954} INFO - Setting next_dagrun for update_db to 2025-12-16 15:00:00+00:00, run_after=2025-12-17 15:00:00+00:00
[2025-12-16T17:50:28.418+0000] {logging_mixin.py:188} INFO - [2025-12-16T17:50:28.417+0000] {dag.py:3954} INFO - Setting next_dagrun for youtube_video_stats to 2025-12-16 14:00:00+00:00, run_after=2025-12-17 14:00:00+00:00
[2025-12-16T17:50:28.466+0000] {processor.py:183} INFO - Processing /opt/airflow/dags/main.py took 2.354 seconds
[2025-12-16T17:50:58.573+0000] {processor.py:161} INFO - Started process (PID=9249) to work on /opt/airflow/dags/main.py
[2025-12-16T17:50:58.575+0000] {processor.py:830} INFO - Processing file /opt/airflow/dags/main.py for tasks to queue
[2025-12-16T17:50:58.578+0000] {logging_mixin.py:188} INFO - [2025-12-16T17:50:58.577+0000] {dagbag.py:545} INFO - Filling up the DagBag from /opt/airflow/dags/main.py
[2025-12-16T17:50:58.996+0000] {processor.py:840} INFO - DAG(s) 'update_db', 'youtube_video_stats' retrieved from /opt/airflow/dags/main.py
[2025-12-16T17:50:59.044+0000] {logging_mixin.py:188} INFO - [2025-12-16T17:50:59.044+0000] {dag.py:3096} INFO - Sync 2 DAGs
[2025-12-16T17:50:59.095+0000] {logging_mixin.py:188} INFO - [2025-12-16T17:50:59.094+0000] {dag.py:3954} INFO - Setting next_dagrun for update_db to 2025-12-16 15:00:00+00:00, run_after=2025-12-17 15:00:00+00:00
[2025-12-16T17:50:59.105+0000] {logging_mixin.py:188} INFO - [2025-12-16T17:50:59.105+0000] {dag.py:3954} INFO - Setting next_dagrun for youtube_video_stats to 2025-12-16 14:00:00+00:00, run_after=2025-12-17 14:00:00+00:00
[2025-12-16T17:50:59.136+0000] {processor.py:183} INFO - Processing /opt/airflow/dags/main.py took 0.573 seconds
[2025-12-16T17:51:29.372+0000] {processor.py:161} INFO - Started process (PID=9256) to work on /opt/airflow/dags/main.py
[2025-12-16T17:51:29.373+0000] {processor.py:830} INFO - Processing file /opt/airflow/dags/main.py for tasks to queue
[2025-12-16T17:51:29.374+0000] {logging_mixin.py:188} INFO - [2025-12-16T17:51:29.374+0000] {dagbag.py:545} INFO - Filling up the DagBag from /opt/airflow/dags/main.py
[2025-12-16T17:51:29.706+0000] {processor.py:840} INFO - DAG(s) 'update_db', 'youtube_video_stats' retrieved from /opt/airflow/dags/main.py
[2025-12-16T17:51:29.741+0000] {logging_mixin.py:188} INFO - [2025-12-16T17:51:29.741+0000] {dag.py:3096} INFO - Sync 2 DAGs
[2025-12-16T17:51:29.767+0000] {logging_mixin.py:188} INFO - [2025-12-16T17:51:29.766+0000] {dag.py:3954} INFO - Setting next_dagrun for update_db to 2025-12-16 15:00:00+00:00, run_after=2025-12-17 15:00:00+00:00
[2025-12-16T17:51:29.773+0000] {logging_mixin.py:188} INFO - [2025-12-16T17:51:29.773+0000] {dag.py:3954} INFO - Setting next_dagrun for youtube_video_stats to 2025-12-16 14:00:00+00:00, run_after=2025-12-17 14:00:00+00:00
[2025-12-16T17:51:29.796+0000] {processor.py:183} INFO - Processing /opt/airflow/dags/main.py took 0.432 seconds
[2025-12-16T17:51:59.993+0000] {processor.py:161} INFO - Started process (PID=9263) to work on /opt/airflow/dags/main.py
[2025-12-16T17:51:59.994+0000] {processor.py:830} INFO - Processing file /opt/airflow/dags/main.py for tasks to queue
[2025-12-16T17:51:59.994+0000] {logging_mixin.py:188} INFO - [2025-12-16T17:51:59.994+0000] {dagbag.py:545} INFO - Filling up the DagBag from /opt/airflow/dags/main.py
[2025-12-16T17:52:00.077+0000] {processor.py:840} INFO - DAG(s) 'youtube_video_stats', 'update_db' retrieved from /opt/airflow/dags/main.py
[2025-12-16T17:52:00.106+0000] {logging_mixin.py:188} INFO - [2025-12-16T17:52:00.105+0000] {dag.py:3096} INFO - Sync 2 DAGs
[2025-12-16T17:52:00.264+0000] {logging_mixin.py:188} INFO - [2025-12-16T17:52:00.263+0000] {dag.py:3954} INFO - Setting next_dagrun for update_db to 2025-12-16 15:00:00+00:00, run_after=2025-12-17 15:00:00+00:00
[2025-12-16T17:52:00.269+0000] {logging_mixin.py:188} INFO - [2025-12-16T17:52:00.269+0000] {dag.py:3954} INFO - Setting next_dagrun for youtube_video_stats to 2025-12-16 14:00:00+00:00, run_after=2025-12-17 14:00:00+00:00
[2025-12-16T17:52:00.289+0000] {processor.py:183} INFO - Processing /opt/airflow/dags/main.py took 0.302 seconds
[2025-12-16T17:52:30.503+0000] {processor.py:161} INFO - Started process (PID=9270) to work on /opt/airflow/dags/main.py
[2025-12-16T17:52:30.505+0000] {processor.py:830} INFO - Processing file /opt/airflow/dags/main.py for tasks to queue
[2025-12-16T17:52:30.506+0000] {logging_mixin.py:188} INFO - [2025-12-16T17:52:30.506+0000] {dagbag.py:545} INFO - Filling up the DagBag from /opt/airflow/dags/main.py
[2025-12-16T17:52:30.637+0000] {processor.py:840} INFO - DAG(s) 'update_db', 'youtube_video_stats' retrieved from /opt/airflow/dags/main.py
[2025-12-16T17:52:30.919+0000] {logging_mixin.py:188} INFO - [2025-12-16T17:52:30.919+0000] {dag.py:3096} INFO - Sync 2 DAGs
[2025-12-16T17:52:30.947+0000] {logging_mixin.py:188} INFO - [2025-12-16T17:52:30.947+0000] {dag.py:3954} INFO - Setting next_dagrun for update_db to 2025-12-16 15:00:00+00:00, run_after=2025-12-17 15:00:00+00:00
[2025-12-16T17:52:30.956+0000] {logging_mixin.py:188} INFO - [2025-12-16T17:52:30.956+0000] {dag.py:3954} INFO - Setting next_dagrun for youtube_video_stats to 2025-12-16 14:00:00+00:00, run_after=2025-12-17 14:00:00+00:00
[2025-12-16T17:52:30.990+0000] {processor.py:183} INFO - Processing /opt/airflow/dags/main.py took 0.496 seconds
[2025-12-16T17:53:01.285+0000] {processor.py:161} INFO - Started process (PID=9278) to work on /opt/airflow/dags/main.py
[2025-12-16T17:53:01.286+0000] {processor.py:830} INFO - Processing file /opt/airflow/dags/main.py for tasks to queue
[2025-12-16T17:53:01.287+0000] {logging_mixin.py:188} INFO - [2025-12-16T17:53:01.287+0000] {dagbag.py:545} INFO - Filling up the DagBag from /opt/airflow/dags/main.py
[2025-12-16T17:53:01.360+0000] {processor.py:840} INFO - DAG(s) 'youtube_video_stats', 'update_db' retrieved from /opt/airflow/dags/main.py
[2025-12-16T17:53:01.529+0000] {logging_mixin.py:188} INFO - [2025-12-16T17:53:01.529+0000] {dag.py:3096} INFO - Sync 2 DAGs
[2025-12-16T17:53:01.549+0000] {logging_mixin.py:188} INFO - [2025-12-16T17:53:01.548+0000] {dag.py:3954} INFO - Setting next_dagrun for update_db to 2025-12-16 15:00:00+00:00, run_after=2025-12-17 15:00:00+00:00
[2025-12-16T17:53:01.554+0000] {logging_mixin.py:188} INFO - [2025-12-16T17:53:01.553+0000] {dag.py:3954} INFO - Setting next_dagrun for youtube_video_stats to 2025-12-16 14:00:00+00:00, run_after=2025-12-17 14:00:00+00:00
[2025-12-16T17:53:01.578+0000] {processor.py:183} INFO - Processing /opt/airflow/dags/main.py took 0.298 seconds
[2025-12-16T17:53:31.780+0000] {processor.py:161} INFO - Started process (PID=9285) to work on /opt/airflow/dags/main.py
[2025-12-16T17:53:31.782+0000] {processor.py:830} INFO - Processing file /opt/airflow/dags/main.py for tasks to queue
[2025-12-16T17:53:31.783+0000] {logging_mixin.py:188} INFO - [2025-12-16T17:53:31.782+0000] {dagbag.py:545} INFO - Filling up the DagBag from /opt/airflow/dags/main.py
[2025-12-16T17:53:32.006+0000] {processor.py:840} INFO - DAG(s) 'update_db', 'youtube_video_stats' retrieved from /opt/airflow/dags/main.py
[2025-12-16T17:53:32.035+0000] {logging_mixin.py:188} INFO - [2025-12-16T17:53:32.034+0000] {dag.py:3096} INFO - Sync 2 DAGs
[2025-12-16T17:53:32.053+0000] {logging_mixin.py:188} INFO - [2025-12-16T17:53:32.052+0000] {dag.py:3954} INFO - Setting next_dagrun for update_db to 2025-12-16 15:00:00+00:00, run_after=2025-12-17 15:00:00+00:00
[2025-12-16T17:53:32.057+0000] {logging_mixin.py:188} INFO - [2025-12-16T17:53:32.057+0000] {dag.py:3954} INFO - Setting next_dagrun for youtube_video_stats to 2025-12-16 14:00:00+00:00, run_after=2025-12-17 14:00:00+00:00
[2025-12-16T17:53:32.074+0000] {processor.py:183} INFO - Processing /opt/airflow/dags/main.py took 0.301 seconds
[2025-12-16T17:54:02.284+0000] {processor.py:161} INFO - Started process (PID=9292) to work on /opt/airflow/dags/main.py
[2025-12-16T17:54:02.285+0000] {processor.py:830} INFO - Processing file /opt/airflow/dags/main.py for tasks to queue
[2025-12-16T17:54:02.286+0000] {logging_mixin.py:188} INFO - [2025-12-16T17:54:02.286+0000] {dagbag.py:545} INFO - Filling up the DagBag from /opt/airflow/dags/main.py
[2025-12-16T17:54:02.501+0000] {processor.py:840} INFO - DAG(s) 'youtube_video_stats', 'update_db' retrieved from /opt/airflow/dags/main.py
[2025-12-16T17:54:02.529+0000] {logging_mixin.py:188} INFO - [2025-12-16T17:54:02.529+0000] {dag.py:3096} INFO - Sync 2 DAGs
[2025-12-16T17:54:02.550+0000] {logging_mixin.py:188} INFO - [2025-12-16T17:54:02.550+0000] {dag.py:3954} INFO - Setting next_dagrun for update_db to 2025-12-16 15:00:00+00:00, run_after=2025-12-17 15:00:00+00:00
[2025-12-16T17:54:02.555+0000] {logging_mixin.py:188} INFO - [2025-12-16T17:54:02.555+0000] {dag.py:3954} INFO - Setting next_dagrun for youtube_video_stats to 2025-12-16 14:00:00+00:00, run_after=2025-12-17 14:00:00+00:00
[2025-12-16T17:54:02.568+0000] {processor.py:183} INFO - Processing /opt/airflow/dags/main.py took 0.290 seconds
[2025-12-16T17:54:32.821+0000] {processor.py:161} INFO - Started process (PID=9299) to work on /opt/airflow/dags/main.py
[2025-12-16T17:54:32.822+0000] {processor.py:830} INFO - Processing file /opt/airflow/dags/main.py for tasks to queue
[2025-12-16T17:54:32.823+0000] {logging_mixin.py:188} INFO - [2025-12-16T17:54:32.823+0000] {dagbag.py:545} INFO - Filling up the DagBag from /opt/airflow/dags/main.py
[2025-12-16T17:54:32.902+0000] {processor.py:840} INFO - DAG(s) 'update_db', 'youtube_video_stats' retrieved from /opt/airflow/dags/main.py
[2025-12-16T17:54:32.930+0000] {logging_mixin.py:188} INFO - [2025-12-16T17:54:32.930+0000] {dag.py:3096} INFO - Sync 2 DAGs
[2025-12-16T17:54:33.079+0000] {logging_mixin.py:188} INFO - [2025-12-16T17:54:33.078+0000] {dag.py:3954} INFO - Setting next_dagrun for update_db to 2025-12-16 15:00:00+00:00, run_after=2025-12-17 15:00:00+00:00
[2025-12-16T17:54:33.084+0000] {logging_mixin.py:188} INFO - [2025-12-16T17:54:33.084+0000] {dag.py:3954} INFO - Setting next_dagrun for youtube_video_stats to 2025-12-16 14:00:00+00:00, run_after=2025-12-17 14:00:00+00:00
[2025-12-16T17:54:33.108+0000] {processor.py:183} INFO - Processing /opt/airflow/dags/main.py took 0.293 seconds
[2025-12-16T17:55:03.486+0000] {processor.py:161} INFO - Started process (PID=9306) to work on /opt/airflow/dags/main.py
[2025-12-16T17:55:03.488+0000] {processor.py:830} INFO - Processing file /opt/airflow/dags/main.py for tasks to queue
[2025-12-16T17:55:03.489+0000] {logging_mixin.py:188} INFO - [2025-12-16T17:55:03.489+0000] {dagbag.py:545} INFO - Filling up the DagBag from /opt/airflow/dags/main.py
[2025-12-16T17:55:03.599+0000] {processor.py:840} INFO - DAG(s) 'update_db', 'youtube_video_stats' retrieved from /opt/airflow/dags/main.py
[2025-12-16T17:55:03.828+0000] {logging_mixin.py:188} INFO - [2025-12-16T17:55:03.828+0000] {dag.py:3096} INFO - Sync 2 DAGs
[2025-12-16T17:55:03.860+0000] {logging_mixin.py:188} INFO - [2025-12-16T17:55:03.860+0000] {dag.py:3954} INFO - Setting next_dagrun for update_db to 2025-12-16 15:00:00+00:00, run_after=2025-12-17 15:00:00+00:00
[2025-12-16T17:55:03.868+0000] {logging_mixin.py:188} INFO - [2025-12-16T17:55:03.868+0000] {dag.py:3954} INFO - Setting next_dagrun for youtube_video_stats to 2025-12-16 14:00:00+00:00, run_after=2025-12-17 14:00:00+00:00
[2025-12-16T17:55:03.895+0000] {processor.py:183} INFO - Processing /opt/airflow/dags/main.py took 0.419 seconds
[2025-12-16T17:55:34.185+0000] {processor.py:161} INFO - Started process (PID=9313) to work on /opt/airflow/dags/main.py
[2025-12-16T17:55:34.188+0000] {processor.py:830} INFO - Processing file /opt/airflow/dags/main.py for tasks to queue
[2025-12-16T17:55:34.189+0000] {logging_mixin.py:188} INFO - [2025-12-16T17:55:34.189+0000] {dagbag.py:545} INFO - Filling up the DagBag from /opt/airflow/dags/main.py
[2025-12-16T17:55:34.480+0000] {processor.py:840} INFO - DAG(s) 'youtube_video_stats', 'update_db' retrieved from /opt/airflow/dags/main.py
[2025-12-16T17:55:34.834+0000] {logging_mixin.py:188} INFO - [2025-12-16T17:55:34.833+0000] {dag.py:3096} INFO - Sync 2 DAGs
[2025-12-16T17:55:34.904+0000] {logging_mixin.py:188} INFO - [2025-12-16T17:55:34.902+0000] {dag.py:3954} INFO - Setting next_dagrun for update_db to 2025-12-16 15:00:00+00:00, run_after=2025-12-17 15:00:00+00:00
[2025-12-16T17:55:34.921+0000] {logging_mixin.py:188} INFO - [2025-12-16T17:55:34.920+0000] {dag.py:3954} INFO - Setting next_dagrun for youtube_video_stats to 2025-12-16 14:00:00+00:00, run_after=2025-12-17 14:00:00+00:00
[2025-12-16T17:55:34.974+0000] {processor.py:183} INFO - Processing /opt/airflow/dags/main.py took 0.806 seconds
[2025-12-16T17:56:05.185+0000] {processor.py:161} INFO - Started process (PID=9320) to work on /opt/airflow/dags/main.py
[2025-12-16T17:56:05.186+0000] {processor.py:830} INFO - Processing file /opt/airflow/dags/main.py for tasks to queue
[2025-12-16T17:56:05.187+0000] {logging_mixin.py:188} INFO - [2025-12-16T17:56:05.186+0000] {dagbag.py:545} INFO - Filling up the DagBag from /opt/airflow/dags/main.py
[2025-12-16T17:56:05.459+0000] {processor.py:840} INFO - DAG(s) 'youtube_video_stats', 'update_db' retrieved from /opt/airflow/dags/main.py
[2025-12-16T17:56:05.499+0000] {logging_mixin.py:188} INFO - [2025-12-16T17:56:05.499+0000] {dag.py:3096} INFO - Sync 2 DAGs
[2025-12-16T17:56:05.527+0000] {logging_mixin.py:188} INFO - [2025-12-16T17:56:05.527+0000] {dag.py:3954} INFO - Setting next_dagrun for update_db to 2025-12-16 15:00:00+00:00, run_after=2025-12-17 15:00:00+00:00
[2025-12-16T17:56:05.535+0000] {logging_mixin.py:188} INFO - [2025-12-16T17:56:05.534+0000] {dag.py:3954} INFO - Setting next_dagrun for youtube_video_stats to 2025-12-16 14:00:00+00:00, run_after=2025-12-17 14:00:00+00:00
[2025-12-16T17:56:05.555+0000] {processor.py:183} INFO - Processing /opt/airflow/dags/main.py took 0.376 seconds
[2025-12-16T17:56:35.774+0000] {processor.py:161} INFO - Started process (PID=9327) to work on /opt/airflow/dags/main.py
[2025-12-16T17:56:35.775+0000] {processor.py:830} INFO - Processing file /opt/airflow/dags/main.py for tasks to queue
[2025-12-16T17:56:35.776+0000] {logging_mixin.py:188} INFO - [2025-12-16T17:56:35.775+0000] {dagbag.py:545} INFO - Filling up the DagBag from /opt/airflow/dags/main.py
[2025-12-16T17:56:35.992+0000] {processor.py:840} INFO - DAG(s) 'update_db', 'youtube_video_stats' retrieved from /opt/airflow/dags/main.py
[2025-12-16T17:56:36.016+0000] {logging_mixin.py:188} INFO - [2025-12-16T17:56:36.016+0000] {dag.py:3096} INFO - Sync 2 DAGs
[2025-12-16T17:56:36.035+0000] {logging_mixin.py:188} INFO - [2025-12-16T17:56:36.035+0000] {dag.py:3954} INFO - Setting next_dagrun for update_db to 2025-12-16 15:00:00+00:00, run_after=2025-12-17 15:00:00+00:00
[2025-12-16T17:56:36.040+0000] {logging_mixin.py:188} INFO - [2025-12-16T17:56:36.040+0000] {dag.py:3954} INFO - Setting next_dagrun for youtube_video_stats to 2025-12-16 14:00:00+00:00, run_after=2025-12-17 14:00:00+00:00
[2025-12-16T17:56:36.055+0000] {processor.py:183} INFO - Processing /opt/airflow/dags/main.py took 0.287 seconds
[2025-12-16T17:57:06.244+0000] {processor.py:161} INFO - Started process (PID=9334) to work on /opt/airflow/dags/main.py
[2025-12-16T17:57:06.245+0000] {processor.py:830} INFO - Processing file /opt/airflow/dags/main.py for tasks to queue
[2025-12-16T17:57:06.246+0000] {logging_mixin.py:188} INFO - [2025-12-16T17:57:06.246+0000] {dagbag.py:545} INFO - Filling up the DagBag from /opt/airflow/dags/main.py
[2025-12-16T17:57:06.484+0000] {processor.py:840} INFO - DAG(s) 'youtube_video_stats', 'update_db' retrieved from /opt/airflow/dags/main.py
[2025-12-16T17:57:06.512+0000] {logging_mixin.py:188} INFO - [2025-12-16T17:57:06.512+0000] {dag.py:3096} INFO - Sync 2 DAGs
[2025-12-16T17:57:06.535+0000] {logging_mixin.py:188} INFO - [2025-12-16T17:57:06.534+0000] {dag.py:3954} INFO - Setting next_dagrun for update_db to 2025-12-16 15:00:00+00:00, run_after=2025-12-17 15:00:00+00:00
[2025-12-16T17:57:06.540+0000] {logging_mixin.py:188} INFO - [2025-12-16T17:57:06.540+0000] {dag.py:3954} INFO - Setting next_dagrun for youtube_video_stats to 2025-12-16 14:00:00+00:00, run_after=2025-12-17 14:00:00+00:00
[2025-12-16T17:57:06.560+0000] {processor.py:183} INFO - Processing /opt/airflow/dags/main.py took 0.324 seconds
[2025-12-16T17:57:36.800+0000] {processor.py:161} INFO - Started process (PID=9341) to work on /opt/airflow/dags/main.py
[2025-12-16T17:57:36.801+0000] {processor.py:830} INFO - Processing file /opt/airflow/dags/main.py for tasks to queue
[2025-12-16T17:57:36.803+0000] {logging_mixin.py:188} INFO - [2025-12-16T17:57:36.803+0000] {dagbag.py:545} INFO - Filling up the DagBag from /opt/airflow/dags/main.py
[2025-12-16T17:57:36.927+0000] {processor.py:840} INFO - DAG(s) 'youtube_video_stats', 'update_db' retrieved from /opt/airflow/dags/main.py
[2025-12-16T17:57:36.978+0000] {logging_mixin.py:188} INFO - [2025-12-16T17:57:36.978+0000] {dag.py:3096} INFO - Sync 2 DAGs
[2025-12-16T17:57:37.220+0000] {logging_mixin.py:188} INFO - [2025-12-16T17:57:37.219+0000] {dag.py:3954} INFO - Setting next_dagrun for update_db to 2025-12-16 15:00:00+00:00, run_after=2025-12-17 15:00:00+00:00
[2025-12-16T17:57:37.230+0000] {logging_mixin.py:188} INFO - [2025-12-16T17:57:37.229+0000] {dag.py:3954} INFO - Setting next_dagrun for youtube_video_stats to 2025-12-16 14:00:00+00:00, run_after=2025-12-17 14:00:00+00:00
[2025-12-16T17:57:37.259+0000] {processor.py:183} INFO - Processing /opt/airflow/dags/main.py took 0.471 seconds
[2025-12-16T17:58:07.478+0000] {processor.py:161} INFO - Started process (PID=9348) to work on /opt/airflow/dags/main.py
[2025-12-16T17:58:07.479+0000] {processor.py:830} INFO - Processing file /opt/airflow/dags/main.py for tasks to queue
[2025-12-16T17:58:07.480+0000] {logging_mixin.py:188} INFO - [2025-12-16T17:58:07.480+0000] {dagbag.py:545} INFO - Filling up the DagBag from /opt/airflow/dags/main.py
[2025-12-16T17:58:07.557+0000] {processor.py:840} INFO - DAG(s) 'update_db', 'youtube_video_stats' retrieved from /opt/airflow/dags/main.py
[2025-12-16T17:58:07.703+0000] {logging_mixin.py:188} INFO - [2025-12-16T17:58:07.703+0000] {dag.py:3096} INFO - Sync 2 DAGs
[2025-12-16T17:58:07.719+0000] {logging_mixin.py:188} INFO - [2025-12-16T17:58:07.718+0000] {dag.py:3954} INFO - Setting next_dagrun for update_db to 2025-12-16 15:00:00+00:00, run_after=2025-12-17 15:00:00+00:00
[2025-12-16T17:58:07.724+0000] {logging_mixin.py:188} INFO - [2025-12-16T17:58:07.724+0000] {dag.py:3954} INFO - Setting next_dagrun for youtube_video_stats to 2025-12-16 14:00:00+00:00, run_after=2025-12-17 14:00:00+00:00
[2025-12-16T17:58:07.741+0000] {processor.py:183} INFO - Processing /opt/airflow/dags/main.py took 0.269 seconds
[2025-12-16T17:58:37.957+0000] {processor.py:161} INFO - Started process (PID=9356) to work on /opt/airflow/dags/main.py
[2025-12-16T17:58:37.958+0000] {processor.py:830} INFO - Processing file /opt/airflow/dags/main.py for tasks to queue
[2025-12-16T17:58:37.960+0000] {logging_mixin.py:188} INFO - [2025-12-16T17:58:37.959+0000] {dagbag.py:545} INFO - Filling up the DagBag from /opt/airflow/dags/main.py
[2025-12-16T17:58:38.053+0000] {processor.py:840} INFO - DAG(s) 'youtube_video_stats', 'update_db' retrieved from /opt/airflow/dags/main.py
[2025-12-16T17:58:38.426+0000] {logging_mixin.py:188} INFO - [2025-12-16T17:58:38.425+0000] {dag.py:3096} INFO - Sync 2 DAGs
[2025-12-16T17:58:38.448+0000] {logging_mixin.py:188} INFO - [2025-12-16T17:58:38.448+0000] {dag.py:3954} INFO - Setting next_dagrun for update_db to 2025-12-16 15:00:00+00:00, run_after=2025-12-17 15:00:00+00:00
[2025-12-16T17:58:38.454+0000] {logging_mixin.py:188} INFO - [2025-12-16T17:58:38.454+0000] {dag.py:3954} INFO - Setting next_dagrun for youtube_video_stats to 2025-12-16 14:00:00+00:00, run_after=2025-12-17 14:00:00+00:00
[2025-12-16T17:58:38.477+0000] {processor.py:183} INFO - Processing /opt/airflow/dags/main.py took 0.528 seconds
[2025-12-16T17:59:08.697+0000] {processor.py:161} INFO - Started process (PID=9363) to work on /opt/airflow/dags/main.py
[2025-12-16T17:59:08.699+0000] {processor.py:830} INFO - Processing file /opt/airflow/dags/main.py for tasks to queue
[2025-12-16T17:59:08.701+0000] {logging_mixin.py:188} INFO - [2025-12-16T17:59:08.700+0000] {dagbag.py:545} INFO - Filling up the DagBag from /opt/airflow/dags/main.py
[2025-12-16T17:59:09.079+0000] {processor.py:840} INFO - DAG(s) 'update_db', 'youtube_video_stats' retrieved from /opt/airflow/dags/main.py
[2025-12-16T17:59:09.122+0000] {logging_mixin.py:188} INFO - [2025-12-16T17:59:09.122+0000] {dag.py:3096} INFO - Sync 2 DAGs
[2025-12-16T17:59:09.147+0000] {logging_mixin.py:188} INFO - [2025-12-16T17:59:09.147+0000] {dag.py:3954} INFO - Setting next_dagrun for update_db to 2025-12-16 15:00:00+00:00, run_after=2025-12-17 15:00:00+00:00
[2025-12-16T17:59:09.155+0000] {logging_mixin.py:188} INFO - [2025-12-16T17:59:09.154+0000] {dag.py:3954} INFO - Setting next_dagrun for youtube_video_stats to 2025-12-16 14:00:00+00:00, run_after=2025-12-17 14:00:00+00:00
[2025-12-16T17:59:09.182+0000] {processor.py:183} INFO - Processing /opt/airflow/dags/main.py took 0.498 seconds
[2025-12-16T17:59:39.303+0000] {processor.py:161} INFO - Started process (PID=9370) to work on /opt/airflow/dags/main.py
[2025-12-16T17:59:39.304+0000] {processor.py:830} INFO - Processing file /opt/airflow/dags/main.py for tasks to queue
[2025-12-16T17:59:39.305+0000] {logging_mixin.py:188} INFO - [2025-12-16T17:59:39.305+0000] {dagbag.py:545} INFO - Filling up the DagBag from /opt/airflow/dags/main.py
[2025-12-16T17:59:39.547+0000] {processor.py:840} INFO - DAG(s) 'youtube_video_stats', 'update_db' retrieved from /opt/airflow/dags/main.py
[2025-12-16T17:59:39.579+0000] {logging_mixin.py:188} INFO - [2025-12-16T17:59:39.578+0000] {dag.py:3096} INFO - Sync 2 DAGs
[2025-12-16T17:59:39.603+0000] {logging_mixin.py:188} INFO - [2025-12-16T17:59:39.602+0000] {dag.py:3954} INFO - Setting next_dagrun for update_db to 2025-12-16 15:00:00+00:00, run_after=2025-12-17 15:00:00+00:00
[2025-12-16T17:59:39.608+0000] {logging_mixin.py:188} INFO - [2025-12-16T17:59:39.608+0000] {dag.py:3954} INFO - Setting next_dagrun for youtube_video_stats to 2025-12-16 14:00:00+00:00, run_after=2025-12-17 14:00:00+00:00
[2025-12-16T17:59:39.627+0000] {processor.py:183} INFO - Processing /opt/airflow/dags/main.py took 0.330 seconds
[2025-12-16T18:00:09.708+0000] {processor.py:161} INFO - Started process (PID=9377) to work on /opt/airflow/dags/main.py
[2025-12-16T18:00:09.710+0000] {processor.py:830} INFO - Processing file /opt/airflow/dags/main.py for tasks to queue
[2025-12-16T18:00:09.712+0000] {logging_mixin.py:188} INFO - [2025-12-16T18:00:09.711+0000] {dagbag.py:545} INFO - Filling up the DagBag from /opt/airflow/dags/main.py
[2025-12-16T18:00:09.967+0000] {processor.py:840} INFO - DAG(s) 'update_db', 'youtube_video_stats' retrieved from /opt/airflow/dags/main.py
[2025-12-16T18:00:09.999+0000] {logging_mixin.py:188} INFO - [2025-12-16T18:00:09.999+0000] {dag.py:3096} INFO - Sync 2 DAGs
[2025-12-16T18:00:10.023+0000] {logging_mixin.py:188} INFO - [2025-12-16T18:00:10.022+0000] {dag.py:3954} INFO - Setting next_dagrun for update_db to 2025-12-16 15:00:00+00:00, run_after=2025-12-17 15:00:00+00:00
[2025-12-16T18:00:10.029+0000] {logging_mixin.py:188} INFO - [2025-12-16T18:00:10.028+0000] {dag.py:3954} INFO - Setting next_dagrun for youtube_video_stats to 2025-12-16 14:00:00+00:00, run_after=2025-12-17 14:00:00+00:00
[2025-12-16T18:00:10.053+0000] {processor.py:183} INFO - Processing /opt/airflow/dags/main.py took 0.354 seconds
[2025-12-16T18:00:40.285+0000] {processor.py:161} INFO - Started process (PID=9384) to work on /opt/airflow/dags/main.py
[2025-12-16T18:00:40.286+0000] {processor.py:830} INFO - Processing file /opt/airflow/dags/main.py for tasks to queue
[2025-12-16T18:00:40.287+0000] {logging_mixin.py:188} INFO - [2025-12-16T18:00:40.287+0000] {dagbag.py:545} INFO - Filling up the DagBag from /opt/airflow/dags/main.py
[2025-12-16T18:00:40.362+0000] {processor.py:840} INFO - DAG(s) 'youtube_video_stats', 'update_db' retrieved from /opt/airflow/dags/main.py
[2025-12-16T18:00:40.391+0000] {logging_mixin.py:188} INFO - [2025-12-16T18:00:40.391+0000] {dag.py:3096} INFO - Sync 2 DAGs
[2025-12-16T18:00:40.572+0000] {logging_mixin.py:188} INFO - [2025-12-16T18:00:40.571+0000] {dag.py:3954} INFO - Setting next_dagrun for update_db to 2025-12-16 15:00:00+00:00, run_after=2025-12-17 15:00:00+00:00
[2025-12-16T18:00:40.577+0000] {logging_mixin.py:188} INFO - [2025-12-16T18:00:40.577+0000] {dag.py:3954} INFO - Setting next_dagrun for youtube_video_stats to 2025-12-16 14:00:00+00:00, run_after=2025-12-17 14:00:00+00:00
[2025-12-16T18:00:41.039+0000] {processor.py:183} INFO - Processing /opt/airflow/dags/main.py took 0.761 seconds
[2025-12-16T18:01:11.200+0000] {processor.py:161} INFO - Started process (PID=9391) to work on /opt/airflow/dags/main.py
[2025-12-16T18:01:11.202+0000] {processor.py:830} INFO - Processing file /opt/airflow/dags/main.py for tasks to queue
[2025-12-16T18:01:11.203+0000] {logging_mixin.py:188} INFO - [2025-12-16T18:01:11.203+0000] {dagbag.py:545} INFO - Filling up the DagBag from /opt/airflow/dags/main.py
[2025-12-16T18:01:11.281+0000] {processor.py:840} INFO - DAG(s) 'update_db', 'youtube_video_stats' retrieved from /opt/airflow/dags/main.py
[2025-12-16T18:01:11.444+0000] {logging_mixin.py:188} INFO - [2025-12-16T18:01:11.444+0000] {dag.py:3096} INFO - Sync 2 DAGs
[2025-12-16T18:01:11.469+0000] {logging_mixin.py:188} INFO - [2025-12-16T18:01:11.468+0000] {dag.py:3954} INFO - Setting next_dagrun for update_db to 2025-12-16 15:00:00+00:00, run_after=2025-12-17 15:00:00+00:00
[2025-12-16T18:01:11.475+0000] {logging_mixin.py:188} INFO - [2025-12-16T18:01:11.475+0000] {dag.py:3954} INFO - Setting next_dagrun for youtube_video_stats to 2025-12-16 14:00:00+00:00, run_after=2025-12-17 14:00:00+00:00
[2025-12-16T18:01:11.509+0000] {processor.py:183} INFO - Processing /opt/airflow/dags/main.py took 0.314 seconds
[2025-12-16T18:01:41.605+0000] {processor.py:161} INFO - Started process (PID=9398) to work on /opt/airflow/dags/main.py
[2025-12-16T18:01:41.607+0000] {processor.py:830} INFO - Processing file /opt/airflow/dags/main.py for tasks to queue
[2025-12-16T18:01:41.608+0000] {logging_mixin.py:188} INFO - [2025-12-16T18:01:41.608+0000] {dagbag.py:545} INFO - Filling up the DagBag from /opt/airflow/dags/main.py
[2025-12-16T18:01:41.874+0000] {processor.py:840} INFO - DAG(s) 'update_db', 'youtube_video_stats' retrieved from /opt/airflow/dags/main.py
[2025-12-16T18:01:41.908+0000] {logging_mixin.py:188} INFO - [2025-12-16T18:01:41.908+0000] {dag.py:3096} INFO - Sync 2 DAGs
[2025-12-16T18:01:41.934+0000] {logging_mixin.py:188} INFO - [2025-12-16T18:01:41.934+0000] {dag.py:3954} INFO - Setting next_dagrun for update_db to 2025-12-16 15:00:00+00:00, run_after=2025-12-17 15:00:00+00:00
[2025-12-16T18:01:41.940+0000] {logging_mixin.py:188} INFO - [2025-12-16T18:01:41.940+0000] {dag.py:3954} INFO - Setting next_dagrun for youtube_video_stats to 2025-12-16 14:00:00+00:00, run_after=2025-12-17 14:00:00+00:00
[2025-12-16T18:01:41.967+0000] {processor.py:183} INFO - Processing /opt/airflow/dags/main.py took 0.368 seconds
[2025-12-16T18:02:12.172+0000] {processor.py:161} INFO - Started process (PID=9405) to work on /opt/airflow/dags/main.py
[2025-12-16T18:02:12.174+0000] {processor.py:830} INFO - Processing file /opt/airflow/dags/main.py for tasks to queue
[2025-12-16T18:02:12.175+0000] {logging_mixin.py:188} INFO - [2025-12-16T18:02:12.174+0000] {dagbag.py:545} INFO - Filling up the DagBag from /opt/airflow/dags/main.py
[2025-12-16T18:02:12.397+0000] {processor.py:840} INFO - DAG(s) 'update_db', 'youtube_video_stats' retrieved from /opt/airflow/dags/main.py
[2025-12-16T18:02:12.424+0000] {logging_mixin.py:188} INFO - [2025-12-16T18:02:12.424+0000] {dag.py:3096} INFO - Sync 2 DAGs
[2025-12-16T18:02:12.445+0000] {logging_mixin.py:188} INFO - [2025-12-16T18:02:12.445+0000] {dag.py:3954} INFO - Setting next_dagrun for update_db to 2025-12-16 15:00:00+00:00, run_after=2025-12-17 15:00:00+00:00
[2025-12-16T18:02:12.450+0000] {logging_mixin.py:188} INFO - [2025-12-16T18:02:12.450+0000] {dag.py:3954} INFO - Setting next_dagrun for youtube_video_stats to 2025-12-16 14:00:00+00:00, run_after=2025-12-17 14:00:00+00:00
[2025-12-16T18:02:12.469+0000] {processor.py:183} INFO - Processing /opt/airflow/dags/main.py took 0.303 seconds
[2025-12-16T18:02:42.657+0000] {processor.py:161} INFO - Started process (PID=9412) to work on /opt/airflow/dags/main.py
[2025-12-16T18:02:42.659+0000] {processor.py:830} INFO - Processing file /opt/airflow/dags/main.py for tasks to queue
[2025-12-16T18:02:42.660+0000] {logging_mixin.py:188} INFO - [2025-12-16T18:02:42.659+0000] {dagbag.py:545} INFO - Filling up the DagBag from /opt/airflow/dags/main.py
[2025-12-16T18:02:42.874+0000] {processor.py:840} INFO - DAG(s) 'youtube_video_stats', 'update_db' retrieved from /opt/airflow/dags/main.py
[2025-12-16T18:02:42.900+0000] {logging_mixin.py:188} INFO - [2025-12-16T18:02:42.900+0000] {dag.py:3096} INFO - Sync 2 DAGs
[2025-12-16T18:02:42.920+0000] {logging_mixin.py:188} INFO - [2025-12-16T18:02:42.920+0000] {dag.py:3954} INFO - Setting next_dagrun for update_db to 2025-12-16 15:00:00+00:00, run_after=2025-12-17 15:00:00+00:00
[2025-12-16T18:02:42.927+0000] {logging_mixin.py:188} INFO - [2025-12-16T18:02:42.926+0000] {dag.py:3954} INFO - Setting next_dagrun for youtube_video_stats to 2025-12-16 14:00:00+00:00, run_after=2025-12-17 14:00:00+00:00
[2025-12-16T18:02:42.945+0000] {processor.py:183} INFO - Processing /opt/airflow/dags/main.py took 0.293 seconds
[2025-12-16T18:03:13.143+0000] {processor.py:161} INFO - Started process (PID=9419) to work on /opt/airflow/dags/main.py
[2025-12-16T18:03:13.144+0000] {processor.py:830} INFO - Processing file /opt/airflow/dags/main.py for tasks to queue
[2025-12-16T18:03:13.145+0000] {logging_mixin.py:188} INFO - [2025-12-16T18:03:13.145+0000] {dagbag.py:545} INFO - Filling up the DagBag from /opt/airflow/dags/main.py
[2025-12-16T18:03:13.356+0000] {processor.py:840} INFO - DAG(s) 'youtube_video_stats', 'update_db' retrieved from /opt/airflow/dags/main.py
[2025-12-16T18:03:13.379+0000] {logging_mixin.py:188} INFO - [2025-12-16T18:03:13.379+0000] {dag.py:3096} INFO - Sync 2 DAGs
[2025-12-16T18:03:13.398+0000] {logging_mixin.py:188} INFO - [2025-12-16T18:03:13.397+0000] {dag.py:3954} INFO - Setting next_dagrun for update_db to 2025-12-16 15:00:00+00:00, run_after=2025-12-17 15:00:00+00:00
[2025-12-16T18:03:13.403+0000] {logging_mixin.py:188} INFO - [2025-12-16T18:03:13.403+0000] {dag.py:3954} INFO - Setting next_dagrun for youtube_video_stats to 2025-12-16 14:00:00+00:00, run_after=2025-12-17 14:00:00+00:00
[2025-12-16T18:03:13.421+0000] {processor.py:183} INFO - Processing /opt/airflow/dags/main.py took 0.284 seconds
[2025-12-16T18:03:43.784+0000] {processor.py:161} INFO - Started process (PID=9426) to work on /opt/airflow/dags/main.py
[2025-12-16T18:03:43.785+0000] {processor.py:830} INFO - Processing file /opt/airflow/dags/main.py for tasks to queue
[2025-12-16T18:03:43.786+0000] {logging_mixin.py:188} INFO - [2025-12-16T18:03:43.786+0000] {dagbag.py:545} INFO - Filling up the DagBag from /opt/airflow/dags/main.py
[2025-12-16T18:03:43.870+0000] {processor.py:840} INFO - DAG(s) 'update_db', 'youtube_video_stats' retrieved from /opt/airflow/dags/main.py
[2025-12-16T18:03:43.902+0000] {logging_mixin.py:188} INFO - [2025-12-16T18:03:43.902+0000] {dag.py:3096} INFO - Sync 2 DAGs
[2025-12-16T18:03:43.924+0000] {logging_mixin.py:188} INFO - [2025-12-16T18:03:43.924+0000] {dag.py:3954} INFO - Setting next_dagrun for update_db to 2025-12-16 15:00:00+00:00, run_after=2025-12-17 15:00:00+00:00
[2025-12-16T18:03:43.930+0000] {logging_mixin.py:188} INFO - [2025-12-16T18:03:43.929+0000] {dag.py:3954} INFO - Setting next_dagrun for youtube_video_stats to 2025-12-16 14:00:00+00:00, run_after=2025-12-17 14:00:00+00:00
[2025-12-16T18:03:43.950+0000] {processor.py:183} INFO - Processing /opt/airflow/dags/main.py took 0.173 seconds
[2025-12-16T18:04:14.149+0000] {processor.py:161} INFO - Started process (PID=9433) to work on /opt/airflow/dags/main.py
[2025-12-16T18:04:14.150+0000] {processor.py:830} INFO - Processing file /opt/airflow/dags/main.py for tasks to queue
[2025-12-16T18:04:14.151+0000] {logging_mixin.py:188} INFO - [2025-12-16T18:04:14.151+0000] {dagbag.py:545} INFO - Filling up the DagBag from /opt/airflow/dags/main.py
[2025-12-16T18:04:14.230+0000] {processor.py:840} INFO - DAG(s) 'youtube_video_stats', 'update_db' retrieved from /opt/airflow/dags/main.py
[2025-12-16T18:04:14.257+0000] {logging_mixin.py:188} INFO - [2025-12-16T18:04:14.257+0000] {dag.py:3096} INFO - Sync 2 DAGs
[2025-12-16T18:04:14.277+0000] {logging_mixin.py:188} INFO - [2025-12-16T18:04:14.277+0000] {dag.py:3954} INFO - Setting next_dagrun for update_db to 2025-12-16 15:00:00+00:00, run_after=2025-12-17 15:00:00+00:00
[2025-12-16T18:04:14.281+0000] {logging_mixin.py:188} INFO - [2025-12-16T18:04:14.281+0000] {dag.py:3954} INFO - Setting next_dagrun for youtube_video_stats to 2025-12-16 14:00:00+00:00, run_after=2025-12-17 14:00:00+00:00
[2025-12-16T18:04:14.300+0000] {processor.py:183} INFO - Processing /opt/airflow/dags/main.py took 0.156 seconds
[2025-12-16T18:04:44.623+0000] {processor.py:161} INFO - Started process (PID=9440) to work on /opt/airflow/dags/main.py
[2025-12-16T18:04:44.625+0000] {processor.py:830} INFO - Processing file /opt/airflow/dags/main.py for tasks to queue
[2025-12-16T18:04:44.626+0000] {logging_mixin.py:188} INFO - [2025-12-16T18:04:44.626+0000] {dagbag.py:545} INFO - Filling up the DagBag from /opt/airflow/dags/main.py
[2025-12-16T18:04:44.759+0000] {processor.py:840} INFO - DAG(s) 'update_db', 'youtube_video_stats' retrieved from /opt/airflow/dags/main.py
[2025-12-16T18:04:44.830+0000] {logging_mixin.py:188} INFO - [2025-12-16T18:04:44.829+0000] {dag.py:3096} INFO - Sync 2 DAGs
[2025-12-16T18:04:44.861+0000] {logging_mixin.py:188} INFO - [2025-12-16T18:04:44.861+0000] {dag.py:3954} INFO - Setting next_dagrun for update_db to 2025-12-16 15:00:00+00:00, run_after=2025-12-17 15:00:00+00:00
[2025-12-16T18:04:44.870+0000] {logging_mixin.py:188} INFO - [2025-12-16T18:04:44.870+0000] {dag.py:3954} INFO - Setting next_dagrun for youtube_video_stats to 2025-12-16 14:00:00+00:00, run_after=2025-12-17 14:00:00+00:00
[2025-12-16T18:04:44.899+0000] {processor.py:183} INFO - Processing /opt/airflow/dags/main.py took 0.285 seconds
[2025-12-16T18:05:15.173+0000] {processor.py:161} INFO - Started process (PID=9447) to work on /opt/airflow/dags/main.py
[2025-12-16T18:05:15.174+0000] {processor.py:830} INFO - Processing file /opt/airflow/dags/main.py for tasks to queue
[2025-12-16T18:05:15.175+0000] {logging_mixin.py:188} INFO - [2025-12-16T18:05:15.175+0000] {dagbag.py:545} INFO - Filling up the DagBag from /opt/airflow/dags/main.py
[2025-12-16T18:05:15.249+0000] {processor.py:840} INFO - DAG(s) 'youtube_video_stats', 'update_db' retrieved from /opt/airflow/dags/main.py
[2025-12-16T18:05:15.278+0000] {logging_mixin.py:188} INFO - [2025-12-16T18:05:15.277+0000] {dag.py:3096} INFO - Sync 2 DAGs
[2025-12-16T18:05:15.299+0000] {logging_mixin.py:188} INFO - [2025-12-16T18:05:15.298+0000] {dag.py:3954} INFO - Setting next_dagrun for update_db to 2025-12-16 15:00:00+00:00, run_after=2025-12-17 15:00:00+00:00
[2025-12-16T18:05:15.304+0000] {logging_mixin.py:188} INFO - [2025-12-16T18:05:15.304+0000] {dag.py:3954} INFO - Setting next_dagrun for youtube_video_stats to 2025-12-16 14:00:00+00:00, run_after=2025-12-17 14:00:00+00:00
[2025-12-16T18:05:15.322+0000] {processor.py:183} INFO - Processing /opt/airflow/dags/main.py took 0.155 seconds
[2025-12-16T18:05:45.404+0000] {processor.py:161} INFO - Started process (PID=9454) to work on /opt/airflow/dags/main.py
[2025-12-16T18:05:45.405+0000] {processor.py:830} INFO - Processing file /opt/airflow/dags/main.py for tasks to queue
[2025-12-16T18:05:45.406+0000] {logging_mixin.py:188} INFO - [2025-12-16T18:05:45.406+0000] {dagbag.py:545} INFO - Filling up the DagBag from /opt/airflow/dags/main.py
[2025-12-16T18:05:45.479+0000] {processor.py:840} INFO - DAG(s) 'youtube_video_stats', 'update_db' retrieved from /opt/airflow/dags/main.py
[2025-12-16T18:05:45.507+0000] {logging_mixin.py:188} INFO - [2025-12-16T18:05:45.507+0000] {dag.py:3096} INFO - Sync 2 DAGs
[2025-12-16T18:05:45.528+0000] {logging_mixin.py:188} INFO - [2025-12-16T18:05:45.527+0000] {dag.py:3954} INFO - Setting next_dagrun for update_db to 2025-12-16 15:00:00+00:00, run_after=2025-12-17 15:00:00+00:00
[2025-12-16T18:05:45.533+0000] {logging_mixin.py:188} INFO - [2025-12-16T18:05:45.533+0000] {dag.py:3954} INFO - Setting next_dagrun for youtube_video_stats to 2025-12-16 14:00:00+00:00, run_after=2025-12-17 14:00:00+00:00
[2025-12-16T18:05:45.553+0000] {processor.py:183} INFO - Processing /opt/airflow/dags/main.py took 0.154 seconds
[2025-12-16T18:06:15.769+0000] {processor.py:161} INFO - Started process (PID=9461) to work on /opt/airflow/dags/main.py
[2025-12-16T18:06:15.770+0000] {processor.py:830} INFO - Processing file /opt/airflow/dags/main.py for tasks to queue
[2025-12-16T18:06:15.772+0000] {logging_mixin.py:188} INFO - [2025-12-16T18:06:15.771+0000] {dagbag.py:545} INFO - Filling up the DagBag from /opt/airflow/dags/main.py
[2025-12-16T18:06:15.912+0000] {processor.py:840} INFO - DAG(s) 'update_db', 'youtube_video_stats' retrieved from /opt/airflow/dags/main.py
[2025-12-16T18:06:15.961+0000] {logging_mixin.py:188} INFO - [2025-12-16T18:06:15.960+0000] {dag.py:3096} INFO - Sync 2 DAGs
[2025-12-16T18:06:15.998+0000] {logging_mixin.py:188} INFO - [2025-12-16T18:06:15.998+0000] {dag.py:3954} INFO - Setting next_dagrun for update_db to 2025-12-16 15:00:00+00:00, run_after=2025-12-17 15:00:00+00:00
[2025-12-16T18:06:16.008+0000] {logging_mixin.py:188} INFO - [2025-12-16T18:06:16.007+0000] {dag.py:3954} INFO - Setting next_dagrun for youtube_video_stats to 2025-12-16 14:00:00+00:00, run_after=2025-12-17 14:00:00+00:00
[2025-12-16T18:06:16.037+0000] {processor.py:183} INFO - Processing /opt/airflow/dags/main.py took 0.277 seconds
[2025-12-16T18:06:46.253+0000] {processor.py:161} INFO - Started process (PID=9468) to work on /opt/airflow/dags/main.py
[2025-12-16T18:06:46.254+0000] {processor.py:830} INFO - Processing file /opt/airflow/dags/main.py for tasks to queue
[2025-12-16T18:06:46.255+0000] {logging_mixin.py:188} INFO - [2025-12-16T18:06:46.255+0000] {dagbag.py:545} INFO - Filling up the DagBag from /opt/airflow/dags/main.py
[2025-12-16T18:06:46.329+0000] {processor.py:840} INFO - DAG(s) 'youtube_video_stats', 'update_db' retrieved from /opt/airflow/dags/main.py
[2025-12-16T18:06:46.356+0000] {logging_mixin.py:188} INFO - [2025-12-16T18:06:46.356+0000] {dag.py:3096} INFO - Sync 2 DAGs
[2025-12-16T18:06:46.376+0000] {logging_mixin.py:188} INFO - [2025-12-16T18:06:46.375+0000] {dag.py:3954} INFO - Setting next_dagrun for update_db to 2025-12-16 15:00:00+00:00, run_after=2025-12-17 15:00:00+00:00
[2025-12-16T18:06:46.380+0000] {logging_mixin.py:188} INFO - [2025-12-16T18:06:46.380+0000] {dag.py:3954} INFO - Setting next_dagrun for youtube_video_stats to 2025-12-16 14:00:00+00:00, run_after=2025-12-17 14:00:00+00:00
[2025-12-16T18:06:46.408+0000] {processor.py:183} INFO - Processing /opt/airflow/dags/main.py took 0.161 seconds
[2025-12-16T18:07:16.515+0000] {processor.py:161} INFO - Started process (PID=9475) to work on /opt/airflow/dags/main.py
[2025-12-16T18:07:16.517+0000] {processor.py:830} INFO - Processing file /opt/airflow/dags/main.py for tasks to queue
[2025-12-16T18:07:16.520+0000] {logging_mixin.py:188} INFO - [2025-12-16T18:07:16.519+0000] {dagbag.py:545} INFO - Filling up the DagBag from /opt/airflow/dags/main.py
[2025-12-16T18:07:16.597+0000] {processor.py:840} INFO - DAG(s) 'youtube_video_stats', 'update_db' retrieved from /opt/airflow/dags/main.py
[2025-12-16T18:07:16.623+0000] {logging_mixin.py:188} INFO - [2025-12-16T18:07:16.623+0000] {dag.py:3096} INFO - Sync 2 DAGs
[2025-12-16T18:07:16.641+0000] {logging_mixin.py:188} INFO - [2025-12-16T18:07:16.641+0000] {dag.py:3954} INFO - Setting next_dagrun for update_db to 2025-12-16 15:00:00+00:00, run_after=2025-12-17 15:00:00+00:00
[2025-12-16T18:07:16.646+0000] {logging_mixin.py:188} INFO - [2025-12-16T18:07:16.646+0000] {dag.py:3954} INFO - Setting next_dagrun for youtube_video_stats to 2025-12-16 14:00:00+00:00, run_after=2025-12-17 14:00:00+00:00
[2025-12-16T18:07:16.666+0000] {processor.py:183} INFO - Processing /opt/airflow/dags/main.py took 0.159 seconds
[2025-12-16T18:07:46.838+0000] {processor.py:161} INFO - Started process (PID=9483) to work on /opt/airflow/dags/main.py
[2025-12-16T18:07:46.839+0000] {processor.py:830} INFO - Processing file /opt/airflow/dags/main.py for tasks to queue
[2025-12-16T18:07:46.840+0000] {logging_mixin.py:188} INFO - [2025-12-16T18:07:46.840+0000] {dagbag.py:545} INFO - Filling up the DagBag from /opt/airflow/dags/main.py
[2025-12-16T18:07:46.946+0000] {processor.py:840} INFO - DAG(s) 'youtube_video_stats', 'update_db' retrieved from /opt/airflow/dags/main.py
[2025-12-16T18:07:46.978+0000] {logging_mixin.py:188} INFO - [2025-12-16T18:07:46.977+0000] {dag.py:3096} INFO - Sync 2 DAGs
[2025-12-16T18:07:47.000+0000] {logging_mixin.py:188} INFO - [2025-12-16T18:07:46.999+0000] {dag.py:3954} INFO - Setting next_dagrun for update_db to 2025-12-16 15:00:00+00:00, run_after=2025-12-17 15:00:00+00:00
[2025-12-16T18:07:47.005+0000] {logging_mixin.py:188} INFO - [2025-12-16T18:07:47.004+0000] {dag.py:3954} INFO - Setting next_dagrun for youtube_video_stats to 2025-12-16 14:00:00+00:00, run_after=2025-12-17 14:00:00+00:00
[2025-12-16T18:07:47.024+0000] {processor.py:183} INFO - Processing /opt/airflow/dags/main.py took 0.193 seconds
[2025-12-16T18:08:17.260+0000] {processor.py:161} INFO - Started process (PID=9490) to work on /opt/airflow/dags/main.py
[2025-12-16T18:08:17.261+0000] {processor.py:830} INFO - Processing file /opt/airflow/dags/main.py for tasks to queue
[2025-12-16T18:08:17.262+0000] {logging_mixin.py:188} INFO - [2025-12-16T18:08:17.262+0000] {dagbag.py:545} INFO - Filling up the DagBag from /opt/airflow/dags/main.py
[2025-12-16T18:08:17.343+0000] {processor.py:840} INFO - DAG(s) 'update_db', 'youtube_video_stats' retrieved from /opt/airflow/dags/main.py
[2025-12-16T18:08:17.375+0000] {logging_mixin.py:188} INFO - [2025-12-16T18:08:17.375+0000] {dag.py:3096} INFO - Sync 2 DAGs
[2025-12-16T18:08:17.397+0000] {logging_mixin.py:188} INFO - [2025-12-16T18:08:17.396+0000] {dag.py:3954} INFO - Setting next_dagrun for update_db to 2025-12-16 15:00:00+00:00, run_after=2025-12-17 15:00:00+00:00
[2025-12-16T18:08:17.401+0000] {logging_mixin.py:188} INFO - [2025-12-16T18:08:17.401+0000] {dag.py:3954} INFO - Setting next_dagrun for youtube_video_stats to 2025-12-16 14:00:00+00:00, run_after=2025-12-17 14:00:00+00:00
[2025-12-16T18:08:17.420+0000] {processor.py:183} INFO - Processing /opt/airflow/dags/main.py took 0.166 seconds
[2025-12-16T18:08:47.497+0000] {processor.py:161} INFO - Started process (PID=9497) to work on /opt/airflow/dags/main.py
[2025-12-16T18:08:47.498+0000] {processor.py:830} INFO - Processing file /opt/airflow/dags/main.py for tasks to queue
[2025-12-16T18:08:47.499+0000] {logging_mixin.py:188} INFO - [2025-12-16T18:08:47.498+0000] {dagbag.py:545} INFO - Filling up the DagBag from /opt/airflow/dags/main.py
[2025-12-16T18:08:47.572+0000] {processor.py:840} INFO - DAG(s) 'update_db', 'youtube_video_stats' retrieved from /opt/airflow/dags/main.py
[2025-12-16T18:08:47.598+0000] {logging_mixin.py:188} INFO - [2025-12-16T18:08:47.598+0000] {dag.py:3096} INFO - Sync 2 DAGs
[2025-12-16T18:08:47.618+0000] {logging_mixin.py:188} INFO - [2025-12-16T18:08:47.618+0000] {dag.py:3954} INFO - Setting next_dagrun for update_db to 2025-12-16 15:00:00+00:00, run_after=2025-12-17 15:00:00+00:00
[2025-12-16T18:08:47.623+0000] {logging_mixin.py:188} INFO - [2025-12-16T18:08:47.623+0000] {dag.py:3954} INFO - Setting next_dagrun for youtube_video_stats to 2025-12-16 14:00:00+00:00, run_after=2025-12-17 14:00:00+00:00
[2025-12-16T18:08:47.638+0000] {processor.py:183} INFO - Processing /opt/airflow/dags/main.py took 0.147 seconds
[2025-12-16T18:09:17.881+0000] {processor.py:161} INFO - Started process (PID=9504) to work on /opt/airflow/dags/main.py
[2025-12-16T18:09:17.883+0000] {processor.py:830} INFO - Processing file /opt/airflow/dags/main.py for tasks to queue
[2025-12-16T18:09:17.883+0000] {logging_mixin.py:188} INFO - [2025-12-16T18:09:17.883+0000] {dagbag.py:545} INFO - Filling up the DagBag from /opt/airflow/dags/main.py
[2025-12-16T18:09:17.971+0000] {processor.py:840} INFO - DAG(s) 'update_db', 'youtube_video_stats' retrieved from /opt/airflow/dags/main.py
[2025-12-16T18:09:17.999+0000] {logging_mixin.py:188} INFO - [2025-12-16T18:09:17.999+0000] {dag.py:3096} INFO - Sync 2 DAGs
[2025-12-16T18:09:18.016+0000] {logging_mixin.py:188} INFO - [2025-12-16T18:09:18.016+0000] {dag.py:3954} INFO - Setting next_dagrun for update_db to 2025-12-16 15:00:00+00:00, run_after=2025-12-17 15:00:00+00:00
[2025-12-16T18:09:18.021+0000] {logging_mixin.py:188} INFO - [2025-12-16T18:09:18.021+0000] {dag.py:3954} INFO - Setting next_dagrun for youtube_video_stats to 2025-12-16 14:00:00+00:00, run_after=2025-12-17 14:00:00+00:00
[2025-12-16T18:09:18.035+0000] {processor.py:183} INFO - Processing /opt/airflow/dags/main.py took 0.159 seconds
[2025-12-16T18:09:48.206+0000] {processor.py:161} INFO - Started process (PID=9511) to work on /opt/airflow/dags/main.py
[2025-12-16T18:09:48.208+0000] {processor.py:830} INFO - Processing file /opt/airflow/dags/main.py for tasks to queue
[2025-12-16T18:09:48.209+0000] {logging_mixin.py:188} INFO - [2025-12-16T18:09:48.208+0000] {dagbag.py:545} INFO - Filling up the DagBag from /opt/airflow/dags/main.py
[2025-12-16T18:09:48.278+0000] {processor.py:840} INFO - DAG(s) 'youtube_video_stats', 'update_db' retrieved from /opt/airflow/dags/main.py
[2025-12-16T18:09:48.303+0000] {logging_mixin.py:188} INFO - [2025-12-16T18:09:48.303+0000] {dag.py:3096} INFO - Sync 2 DAGs
[2025-12-16T18:09:48.323+0000] {logging_mixin.py:188} INFO - [2025-12-16T18:09:48.323+0000] {dag.py:3954} INFO - Setting next_dagrun for update_db to 2025-12-16 15:00:00+00:00, run_after=2025-12-17 15:00:00+00:00
[2025-12-16T18:09:48.327+0000] {logging_mixin.py:188} INFO - [2025-12-16T18:09:48.327+0000] {dag.py:3954} INFO - Setting next_dagrun for youtube_video_stats to 2025-12-16 14:00:00+00:00, run_after=2025-12-17 14:00:00+00:00
[2025-12-16T18:09:48.350+0000] {processor.py:183} INFO - Processing /opt/airflow/dags/main.py took 0.150 seconds
[2025-12-16T18:10:18.469+0000] {processor.py:161} INFO - Started process (PID=9518) to work on /opt/airflow/dags/main.py
[2025-12-16T18:10:18.470+0000] {processor.py:830} INFO - Processing file /opt/airflow/dags/main.py for tasks to queue
[2025-12-16T18:10:18.471+0000] {logging_mixin.py:188} INFO - [2025-12-16T18:10:18.471+0000] {dagbag.py:545} INFO - Filling up the DagBag from /opt/airflow/dags/main.py
[2025-12-16T18:10:18.540+0000] {processor.py:840} INFO - DAG(s) 'update_db', 'youtube_video_stats' retrieved from /opt/airflow/dags/main.py
[2025-12-16T18:10:18.564+0000] {logging_mixin.py:188} INFO - [2025-12-16T18:10:18.564+0000] {dag.py:3096} INFO - Sync 2 DAGs
[2025-12-16T18:10:18.582+0000] {logging_mixin.py:188} INFO - [2025-12-16T18:10:18.582+0000] {dag.py:3954} INFO - Setting next_dagrun for update_db to 2025-12-16 15:00:00+00:00, run_after=2025-12-17 15:00:00+00:00
[2025-12-16T18:10:18.587+0000] {logging_mixin.py:188} INFO - [2025-12-16T18:10:18.586+0000] {dag.py:3954} INFO - Setting next_dagrun for youtube_video_stats to 2025-12-16 14:00:00+00:00, run_after=2025-12-17 14:00:00+00:00
[2025-12-16T18:10:18.621+0000] {processor.py:183} INFO - Processing /opt/airflow/dags/main.py took 0.157 seconds
[2025-12-16T18:10:48.774+0000] {processor.py:161} INFO - Started process (PID=9525) to work on /opt/airflow/dags/main.py
[2025-12-16T18:10:48.775+0000] {processor.py:830} INFO - Processing file /opt/airflow/dags/main.py for tasks to queue
[2025-12-16T18:10:48.776+0000] {logging_mixin.py:188} INFO - [2025-12-16T18:10:48.776+0000] {dagbag.py:545} INFO - Filling up the DagBag from /opt/airflow/dags/main.py
[2025-12-16T18:10:48.849+0000] {processor.py:840} INFO - DAG(s) 'update_db', 'youtube_video_stats' retrieved from /opt/airflow/dags/main.py
[2025-12-16T18:10:48.875+0000] {logging_mixin.py:188} INFO - [2025-12-16T18:10:48.874+0000] {dag.py:3096} INFO - Sync 2 DAGs
[2025-12-16T18:10:48.893+0000] {logging_mixin.py:188} INFO - [2025-12-16T18:10:48.893+0000] {dag.py:3954} INFO - Setting next_dagrun for update_db to 2025-12-16 15:00:00+00:00, run_after=2025-12-17 15:00:00+00:00
[2025-12-16T18:10:48.899+0000] {logging_mixin.py:188} INFO - [2025-12-16T18:10:48.899+0000] {dag.py:3954} INFO - Setting next_dagrun for youtube_video_stats to 2025-12-16 14:00:00+00:00, run_after=2025-12-17 14:00:00+00:00
[2025-12-16T18:10:48.920+0000] {processor.py:183} INFO - Processing /opt/airflow/dags/main.py took 0.151 seconds
[2025-12-16T18:11:19.046+0000] {processor.py:161} INFO - Started process (PID=9533) to work on /opt/airflow/dags/main.py
[2025-12-16T18:11:19.048+0000] {processor.py:830} INFO - Processing file /opt/airflow/dags/main.py for tasks to queue
[2025-12-16T18:11:19.049+0000] {logging_mixin.py:188} INFO - [2025-12-16T18:11:19.048+0000] {dagbag.py:545} INFO - Filling up the DagBag from /opt/airflow/dags/main.py
[2025-12-16T18:11:19.136+0000] {processor.py:840} INFO - DAG(s) 'update_db', 'youtube_video_stats' retrieved from /opt/airflow/dags/main.py
[2025-12-16T18:11:19.165+0000] {logging_mixin.py:188} INFO - [2025-12-16T18:11:19.165+0000] {dag.py:3096} INFO - Sync 2 DAGs
[2025-12-16T18:11:19.187+0000] {logging_mixin.py:188} INFO - [2025-12-16T18:11:19.187+0000] {dag.py:3954} INFO - Setting next_dagrun for update_db to 2025-12-16 15:00:00+00:00, run_after=2025-12-17 15:00:00+00:00
[2025-12-16T18:11:19.193+0000] {logging_mixin.py:188} INFO - [2025-12-16T18:11:19.193+0000] {dag.py:3954} INFO - Setting next_dagrun for youtube_video_stats to 2025-12-16 14:00:00+00:00, run_after=2025-12-17 14:00:00+00:00
[2025-12-16T18:11:19.216+0000] {processor.py:183} INFO - Processing /opt/airflow/dags/main.py took 0.176 seconds
[2025-12-16T18:11:49.844+0000] {processor.py:161} INFO - Started process (PID=9540) to work on /opt/airflow/dags/main.py
[2025-12-16T18:11:49.847+0000] {processor.py:830} INFO - Processing file /opt/airflow/dags/main.py for tasks to queue
[2025-12-16T18:11:49.849+0000] {logging_mixin.py:188} INFO - [2025-12-16T18:11:49.849+0000] {dagbag.py:545} INFO - Filling up the DagBag from /opt/airflow/dags/main.py
[2025-12-16T18:11:50.139+0000] {processor.py:840} INFO - DAG(s) 'youtube_video_stats', 'update_db' retrieved from /opt/airflow/dags/main.py
[2025-12-16T18:11:50.212+0000] {logging_mixin.py:188} INFO - [2025-12-16T18:11:50.212+0000] {dag.py:3096} INFO - Sync 2 DAGs
[2025-12-16T18:11:50.286+0000] {logging_mixin.py:188} INFO - [2025-12-16T18:11:50.285+0000] {dag.py:3954} INFO - Setting next_dagrun for update_db to 2025-12-16 15:00:00+00:00, run_after=2025-12-17 15:00:00+00:00
[2025-12-16T18:11:50.299+0000] {logging_mixin.py:188} INFO - [2025-12-16T18:11:50.299+0000] {dag.py:3954} INFO - Setting next_dagrun for youtube_video_stats to 2025-12-16 14:00:00+00:00, run_after=2025-12-17 14:00:00+00:00
[2025-12-16T18:11:50.337+0000] {processor.py:183} INFO - Processing /opt/airflow/dags/main.py took 0.511 seconds
[2025-12-16T18:12:20.632+0000] {processor.py:161} INFO - Started process (PID=9547) to work on /opt/airflow/dags/main.py
[2025-12-16T18:12:20.634+0000] {processor.py:830} INFO - Processing file /opt/airflow/dags/main.py for tasks to queue
[2025-12-16T18:12:20.636+0000] {logging_mixin.py:188} INFO - [2025-12-16T18:12:20.635+0000] {dagbag.py:545} INFO - Filling up the DagBag from /opt/airflow/dags/main.py
[2025-12-16T18:12:20.855+0000] {processor.py:840} INFO - DAG(s) 'youtube_video_stats', 'update_db' retrieved from /opt/airflow/dags/main.py
[2025-12-16T18:12:20.939+0000] {logging_mixin.py:188} INFO - [2025-12-16T18:12:20.938+0000] {dag.py:3096} INFO - Sync 2 DAGs
[2025-12-16T18:12:20.997+0000] {logging_mixin.py:188} INFO - [2025-12-16T18:12:20.996+0000] {dag.py:3954} INFO - Setting next_dagrun for update_db to 2025-12-16 15:00:00+00:00, run_after=2025-12-17 15:00:00+00:00
[2025-12-16T18:12:21.014+0000] {logging_mixin.py:188} INFO - [2025-12-16T18:12:21.013+0000] {dag.py:3954} INFO - Setting next_dagrun for youtube_video_stats to 2025-12-16 14:00:00+00:00, run_after=2025-12-17 14:00:00+00:00
[2025-12-16T18:12:21.055+0000] {processor.py:183} INFO - Processing /opt/airflow/dags/main.py took 0.435 seconds
[2025-12-16T18:29:36.725+0000] {processor.py:161} INFO - Started process (PID=9555) to work on /opt/airflow/dags/main.py
[2025-12-16T18:29:36.736+0000] {processor.py:830} INFO - Processing file /opt/airflow/dags/main.py for tasks to queue
[2025-12-16T18:29:36.738+0000] {logging_mixin.py:188} INFO - [2025-12-16T18:29:36.738+0000] {dagbag.py:545} INFO - Filling up the DagBag from /opt/airflow/dags/main.py
[2025-12-16T18:29:37.359+0000] {processor.py:840} INFO - DAG(s) 'youtube_video_stats', 'update_db' retrieved from /opt/airflow/dags/main.py
[2025-12-16T18:29:37.476+0000] {logging_mixin.py:188} INFO - [2025-12-16T18:29:37.475+0000] {dag.py:3096} INFO - Sync 2 DAGs
[2025-12-16T18:29:37.560+0000] {logging_mixin.py:188} INFO - [2025-12-16T18:29:37.559+0000] {dag.py:3954} INFO - Setting next_dagrun for update_db to 2025-12-16 15:00:00+00:00, run_after=2025-12-17 15:00:00+00:00
[2025-12-16T18:29:37.578+0000] {logging_mixin.py:188} INFO - [2025-12-16T18:29:37.578+0000] {dag.py:3954} INFO - Setting next_dagrun for youtube_video_stats to 2025-12-16 14:00:00+00:00, run_after=2025-12-17 14:00:00+00:00
[2025-12-16T18:29:37.643+0000] {processor.py:183} INFO - Processing /opt/airflow/dags/main.py took 0.940 seconds
[2025-12-16T18:30:07.879+0000] {processor.py:161} INFO - Started process (PID=9562) to work on /opt/airflow/dags/main.py
[2025-12-16T18:30:07.880+0000] {processor.py:830} INFO - Processing file /opt/airflow/dags/main.py for tasks to queue
[2025-12-16T18:30:07.882+0000] {logging_mixin.py:188} INFO - [2025-12-16T18:30:07.882+0000] {dagbag.py:545} INFO - Filling up the DagBag from /opt/airflow/dags/main.py
[2025-12-16T18:30:08.120+0000] {processor.py:840} INFO - DAG(s) 'update_db', 'youtube_video_stats' retrieved from /opt/airflow/dags/main.py
[2025-12-16T18:30:08.220+0000] {logging_mixin.py:188} INFO - [2025-12-16T18:30:08.220+0000] {dag.py:3096} INFO - Sync 2 DAGs
[2025-12-16T18:30:08.243+0000] {logging_mixin.py:188} INFO - [2025-12-16T18:30:08.243+0000] {dag.py:3954} INFO - Setting next_dagrun for update_db to 2025-12-16 15:00:00+00:00, run_after=2025-12-17 15:00:00+00:00
[2025-12-16T18:30:08.250+0000] {logging_mixin.py:188} INFO - [2025-12-16T18:30:08.249+0000] {dag.py:3954} INFO - Setting next_dagrun for youtube_video_stats to 2025-12-16 14:00:00+00:00, run_after=2025-12-17 14:00:00+00:00
[2025-12-16T18:30:08.339+0000] {processor.py:183} INFO - Processing /opt/airflow/dags/main.py took 0.466 seconds
[2025-12-16T18:30:38.800+0000] {processor.py:161} INFO - Started process (PID=9569) to work on /opt/airflow/dags/main.py
[2025-12-16T18:30:38.802+0000] {processor.py:830} INFO - Processing file /opt/airflow/dags/main.py for tasks to queue
[2025-12-16T18:30:38.803+0000] {logging_mixin.py:188} INFO - [2025-12-16T18:30:38.803+0000] {dagbag.py:545} INFO - Filling up the DagBag from /opt/airflow/dags/main.py
[2025-12-16T18:30:38.935+0000] {processor.py:840} INFO - DAG(s) 'youtube_video_stats', 'update_db' retrieved from /opt/airflow/dags/main.py
[2025-12-16T18:30:38.984+0000] {logging_mixin.py:188} INFO - [2025-12-16T18:30:38.984+0000] {dag.py:3096} INFO - Sync 2 DAGs
[2025-12-16T18:30:39.013+0000] {logging_mixin.py:188} INFO - [2025-12-16T18:30:39.012+0000] {dag.py:3954} INFO - Setting next_dagrun for update_db to 2025-12-16 15:00:00+00:00, run_after=2025-12-17 15:00:00+00:00
[2025-12-16T18:30:39.019+0000] {logging_mixin.py:188} INFO - [2025-12-16T18:30:39.019+0000] {dag.py:3954} INFO - Setting next_dagrun for youtube_video_stats to 2025-12-16 14:00:00+00:00, run_after=2025-12-17 14:00:00+00:00
[2025-12-16T18:30:39.074+0000] {processor.py:183} INFO - Processing /opt/airflow/dags/main.py took 0.283 seconds
[2025-12-16T18:31:09.311+0000] {processor.py:161} INFO - Started process (PID=9576) to work on /opt/airflow/dags/main.py
[2025-12-16T18:31:09.312+0000] {processor.py:830} INFO - Processing file /opt/airflow/dags/main.py for tasks to queue
[2025-12-16T18:31:09.313+0000] {logging_mixin.py:188} INFO - [2025-12-16T18:31:09.313+0000] {dagbag.py:545} INFO - Filling up the DagBag from /opt/airflow/dags/main.py
[2025-12-16T18:31:09.426+0000] {processor.py:840} INFO - DAG(s) 'youtube_video_stats', 'update_db' retrieved from /opt/airflow/dags/main.py
[2025-12-16T18:31:09.460+0000] {logging_mixin.py:188} INFO - [2025-12-16T18:31:09.459+0000] {dag.py:3096} INFO - Sync 2 DAGs
[2025-12-16T18:31:09.485+0000] {logging_mixin.py:188} INFO - [2025-12-16T18:31:09.485+0000] {dag.py:3954} INFO - Setting next_dagrun for update_db to 2025-12-16 15:00:00+00:00, run_after=2025-12-17 15:00:00+00:00
[2025-12-16T18:31:09.490+0000] {logging_mixin.py:188} INFO - [2025-12-16T18:31:09.490+0000] {dag.py:3954} INFO - Setting next_dagrun for youtube_video_stats to 2025-12-16 14:00:00+00:00, run_after=2025-12-17 14:00:00+00:00
[2025-12-16T18:31:09.516+0000] {processor.py:183} INFO - Processing /opt/airflow/dags/main.py took 0.212 seconds
[2025-12-16T18:31:39.753+0000] {processor.py:161} INFO - Started process (PID=9583) to work on /opt/airflow/dags/main.py
[2025-12-16T18:31:39.754+0000] {processor.py:830} INFO - Processing file /opt/airflow/dags/main.py for tasks to queue
[2025-12-16T18:31:39.755+0000] {logging_mixin.py:188} INFO - [2025-12-16T18:31:39.755+0000] {dagbag.py:545} INFO - Filling up the DagBag from /opt/airflow/dags/main.py
[2025-12-16T18:31:39.853+0000] {processor.py:840} INFO - DAG(s) 'update_db', 'youtube_video_stats' retrieved from /opt/airflow/dags/main.py
[2025-12-16T18:31:39.883+0000] {logging_mixin.py:188} INFO - [2025-12-16T18:31:39.882+0000] {dag.py:3096} INFO - Sync 2 DAGs
[2025-12-16T18:31:39.904+0000] {logging_mixin.py:188} INFO - [2025-12-16T18:31:39.904+0000] {dag.py:3954} INFO - Setting next_dagrun for update_db to 2025-12-16 15:00:00+00:00, run_after=2025-12-17 15:00:00+00:00
[2025-12-16T18:31:39.910+0000] {logging_mixin.py:188} INFO - [2025-12-16T18:31:39.910+0000] {dag.py:3954} INFO - Setting next_dagrun for youtube_video_stats to 2025-12-16 14:00:00+00:00, run_after=2025-12-17 14:00:00+00:00
[2025-12-16T18:31:39.934+0000] {processor.py:183} INFO - Processing /opt/airflow/dags/main.py took 0.188 seconds
[2025-12-16T18:32:09.975+0000] {processor.py:161} INFO - Started process (PID=9590) to work on /opt/airflow/dags/main.py
[2025-12-16T18:32:09.976+0000] {processor.py:830} INFO - Processing file /opt/airflow/dags/main.py for tasks to queue
[2025-12-16T18:32:09.978+0000] {logging_mixin.py:188} INFO - [2025-12-16T18:32:09.977+0000] {dagbag.py:545} INFO - Filling up the DagBag from /opt/airflow/dags/main.py
[2025-12-16T18:32:10.063+0000] {processor.py:840} INFO - DAG(s) 'update_db', 'youtube_video_stats' retrieved from /opt/airflow/dags/main.py
[2025-12-16T18:32:10.093+0000] {logging_mixin.py:188} INFO - [2025-12-16T18:32:10.093+0000] {dag.py:3096} INFO - Sync 2 DAGs
[2025-12-16T18:32:10.113+0000] {logging_mixin.py:188} INFO - [2025-12-16T18:32:10.113+0000] {dag.py:3954} INFO - Setting next_dagrun for update_db to 2025-12-16 15:00:00+00:00, run_after=2025-12-17 15:00:00+00:00
[2025-12-16T18:32:10.118+0000] {logging_mixin.py:188} INFO - [2025-12-16T18:32:10.118+0000] {dag.py:3954} INFO - Setting next_dagrun for youtube_video_stats to 2025-12-16 14:00:00+00:00, run_after=2025-12-17 14:00:00+00:00
[2025-12-16T18:32:10.137+0000] {processor.py:183} INFO - Processing /opt/airflow/dags/main.py took 0.168 seconds
[2025-12-16T18:32:40.414+0000] {processor.py:161} INFO - Started process (PID=9597) to work on /opt/airflow/dags/main.py
[2025-12-16T18:32:40.415+0000] {processor.py:830} INFO - Processing file /opt/airflow/dags/main.py for tasks to queue
[2025-12-16T18:32:40.417+0000] {logging_mixin.py:188} INFO - [2025-12-16T18:32:40.416+0000] {dagbag.py:545} INFO - Filling up the DagBag from /opt/airflow/dags/main.py
[2025-12-16T18:32:40.568+0000] {processor.py:840} INFO - DAG(s) 'update_db', 'youtube_video_stats' retrieved from /opt/airflow/dags/main.py
[2025-12-16T18:32:40.609+0000] {logging_mixin.py:188} INFO - [2025-12-16T18:32:40.609+0000] {dag.py:3096} INFO - Sync 2 DAGs
[2025-12-16T18:32:40.638+0000] {logging_mixin.py:188} INFO - [2025-12-16T18:32:40.638+0000] {dag.py:3954} INFO - Setting next_dagrun for update_db to 2025-12-16 15:00:00+00:00, run_after=2025-12-17 15:00:00+00:00
[2025-12-16T18:32:40.647+0000] {logging_mixin.py:188} INFO - [2025-12-16T18:32:40.647+0000] {dag.py:3954} INFO - Setting next_dagrun for youtube_video_stats to 2025-12-16 14:00:00+00:00, run_after=2025-12-17 14:00:00+00:00
[2025-12-16T18:32:40.674+0000] {processor.py:183} INFO - Processing /opt/airflow/dags/main.py took 0.268 seconds
[2025-12-16T18:33:10.925+0000] {processor.py:161} INFO - Started process (PID=9604) to work on /opt/airflow/dags/main.py
[2025-12-16T18:33:10.927+0000] {processor.py:830} INFO - Processing file /opt/airflow/dags/main.py for tasks to queue
[2025-12-16T18:33:10.929+0000] {logging_mixin.py:188} INFO - [2025-12-16T18:33:10.928+0000] {dagbag.py:545} INFO - Filling up the DagBag from /opt/airflow/dags/main.py
[2025-12-16T18:33:11.055+0000] {processor.py:840} INFO - DAG(s) 'update_db', 'youtube_video_stats' retrieved from /opt/airflow/dags/main.py
[2025-12-16T18:33:11.099+0000] {logging_mixin.py:188} INFO - [2025-12-16T18:33:11.098+0000] {dag.py:3096} INFO - Sync 2 DAGs
[2025-12-16T18:33:11.141+0000] {logging_mixin.py:188} INFO - [2025-12-16T18:33:11.141+0000] {dag.py:3954} INFO - Setting next_dagrun for update_db to 2025-12-16 15:00:00+00:00, run_after=2025-12-17 15:00:00+00:00
[2025-12-16T18:33:11.148+0000] {logging_mixin.py:188} INFO - [2025-12-16T18:33:11.148+0000] {dag.py:3954} INFO - Setting next_dagrun for youtube_video_stats to 2025-12-16 14:00:00+00:00, run_after=2025-12-17 14:00:00+00:00
[2025-12-16T18:33:11.174+0000] {processor.py:183} INFO - Processing /opt/airflow/dags/main.py took 0.257 seconds
[2025-12-16T18:33:41.433+0000] {processor.py:161} INFO - Started process (PID=9611) to work on /opt/airflow/dags/main.py
[2025-12-16T18:33:41.436+0000] {processor.py:830} INFO - Processing file /opt/airflow/dags/main.py for tasks to queue
[2025-12-16T18:33:41.438+0000] {logging_mixin.py:188} INFO - [2025-12-16T18:33:41.438+0000] {dagbag.py:545} INFO - Filling up the DagBag from /opt/airflow/dags/main.py
[2025-12-16T18:33:41.675+0000] {processor.py:840} INFO - DAG(s) 'update_db', 'youtube_video_stats' retrieved from /opt/airflow/dags/main.py
[2025-12-16T18:33:41.742+0000] {logging_mixin.py:188} INFO - [2025-12-16T18:33:41.741+0000] {dag.py:3096} INFO - Sync 2 DAGs
[2025-12-16T18:33:41.793+0000] {logging_mixin.py:188} INFO - [2025-12-16T18:33:41.792+0000] {dag.py:3954} INFO - Setting next_dagrun for update_db to 2025-12-16 15:00:00+00:00, run_after=2025-12-17 15:00:00+00:00
[2025-12-16T18:33:41.809+0000] {logging_mixin.py:188} INFO - [2025-12-16T18:33:41.808+0000] {dag.py:3954} INFO - Setting next_dagrun for youtube_video_stats to 2025-12-16 14:00:00+00:00, run_after=2025-12-17 14:00:00+00:00
[2025-12-16T18:33:41.849+0000] {processor.py:183} INFO - Processing /opt/airflow/dags/main.py took 0.431 seconds
[2025-12-16T18:34:12.151+0000] {processor.py:161} INFO - Started process (PID=9618) to work on /opt/airflow/dags/main.py
[2025-12-16T18:34:12.155+0000] {processor.py:830} INFO - Processing file /opt/airflow/dags/main.py for tasks to queue
[2025-12-16T18:34:12.157+0000] {logging_mixin.py:188} INFO - [2025-12-16T18:34:12.156+0000] {dagbag.py:545} INFO - Filling up the DagBag from /opt/airflow/dags/main.py
[2025-12-16T18:34:12.357+0000] {processor.py:840} INFO - DAG(s) 'update_db', 'youtube_video_stats' retrieved from /opt/airflow/dags/main.py
[2025-12-16T18:34:12.421+0000] {logging_mixin.py:188} INFO - [2025-12-16T18:34:12.420+0000] {dag.py:3096} INFO - Sync 2 DAGs
[2025-12-16T18:34:12.473+0000] {logging_mixin.py:188} INFO - [2025-12-16T18:34:12.472+0000] {dag.py:3954} INFO - Setting next_dagrun for update_db to 2025-12-16 15:00:00+00:00, run_after=2025-12-17 15:00:00+00:00
[2025-12-16T18:34:12.489+0000] {logging_mixin.py:188} INFO - [2025-12-16T18:34:12.488+0000] {dag.py:3954} INFO - Setting next_dagrun for youtube_video_stats to 2025-12-16 14:00:00+00:00, run_after=2025-12-17 14:00:00+00:00
[2025-12-16T18:34:12.526+0000] {processor.py:183} INFO - Processing /opt/airflow/dags/main.py took 0.386 seconds
[2025-12-16T18:34:42.717+0000] {processor.py:161} INFO - Started process (PID=9625) to work on /opt/airflow/dags/main.py
[2025-12-16T18:34:42.720+0000] {processor.py:830} INFO - Processing file /opt/airflow/dags/main.py for tasks to queue
[2025-12-16T18:34:42.722+0000] {logging_mixin.py:188} INFO - [2025-12-16T18:34:42.722+0000] {dagbag.py:545} INFO - Filling up the DagBag from /opt/airflow/dags/main.py
[2025-12-16T18:34:43.001+0000] {processor.py:840} INFO - DAG(s) 'update_db', 'youtube_video_stats' retrieved from /opt/airflow/dags/main.py
[2025-12-16T18:34:43.146+0000] {logging_mixin.py:188} INFO - [2025-12-16T18:34:43.146+0000] {dag.py:3096} INFO - Sync 2 DAGs
[2025-12-16T18:34:43.288+0000] {logging_mixin.py:188} INFO - [2025-12-16T18:34:43.288+0000] {dag.py:3954} INFO - Setting next_dagrun for update_db to 2025-12-16 15:00:00+00:00, run_after=2025-12-17 15:00:00+00:00
[2025-12-16T18:34:43.308+0000] {logging_mixin.py:188} INFO - [2025-12-16T18:34:43.307+0000] {dag.py:3954} INFO - Setting next_dagrun for youtube_video_stats to 2025-12-16 14:00:00+00:00, run_after=2025-12-17 14:00:00+00:00
[2025-12-16T18:34:43.382+0000] {processor.py:183} INFO - Processing /opt/airflow/dags/main.py took 0.683 seconds
[2025-12-16T18:35:13.707+0000] {processor.py:161} INFO - Started process (PID=9632) to work on /opt/airflow/dags/main.py
[2025-12-16T18:35:13.710+0000] {processor.py:830} INFO - Processing file /opt/airflow/dags/main.py for tasks to queue
[2025-12-16T18:35:13.712+0000] {logging_mixin.py:188} INFO - [2025-12-16T18:35:13.711+0000] {dagbag.py:545} INFO - Filling up the DagBag from /opt/airflow/dags/main.py
[2025-12-16T18:35:13.940+0000] {processor.py:840} INFO - DAG(s) 'youtube_video_stats', 'update_db' retrieved from /opt/airflow/dags/main.py
[2025-12-16T18:35:14.009+0000] {logging_mixin.py:188} INFO - [2025-12-16T18:35:14.009+0000] {dag.py:3096} INFO - Sync 2 DAGs
[2025-12-16T18:35:14.058+0000] {logging_mixin.py:188} INFO - [2025-12-16T18:35:14.058+0000] {dag.py:3954} INFO - Setting next_dagrun for update_db to 2025-12-16 15:00:00+00:00, run_after=2025-12-17 15:00:00+00:00
[2025-12-16T18:35:14.071+0000] {logging_mixin.py:188} INFO - [2025-12-16T18:35:14.071+0000] {dag.py:3954} INFO - Setting next_dagrun for youtube_video_stats to 2025-12-16 14:00:00+00:00, run_after=2025-12-17 14:00:00+00:00
[2025-12-16T18:35:14.103+0000] {processor.py:183} INFO - Processing /opt/airflow/dags/main.py took 0.410 seconds
[2025-12-16T18:35:44.384+0000] {processor.py:161} INFO - Started process (PID=9638) to work on /opt/airflow/dags/main.py
[2025-12-16T18:35:44.386+0000] {processor.py:830} INFO - Processing file /opt/airflow/dags/main.py for tasks to queue
[2025-12-16T18:35:44.388+0000] {logging_mixin.py:188} INFO - [2025-12-16T18:35:44.387+0000] {dagbag.py:545} INFO - Filling up the DagBag from /opt/airflow/dags/main.py
[2025-12-16T18:35:44.576+0000] {processor.py:840} INFO - DAG(s) 'update_db', 'youtube_video_stats' retrieved from /opt/airflow/dags/main.py
[2025-12-16T18:35:44.680+0000] {logging_mixin.py:188} INFO - [2025-12-16T18:35:44.680+0000] {dag.py:3096} INFO - Sync 2 DAGs
[2025-12-16T18:35:44.755+0000] {logging_mixin.py:188} INFO - [2025-12-16T18:35:44.755+0000] {dag.py:3954} INFO - Setting next_dagrun for update_db to 2025-12-16 15:00:00+00:00, run_after=2025-12-17 15:00:00+00:00
[2025-12-16T18:35:44.768+0000] {logging_mixin.py:188} INFO - [2025-12-16T18:35:44.767+0000] {dag.py:3954} INFO - Setting next_dagrun for youtube_video_stats to 2025-12-16 14:00:00+00:00, run_after=2025-12-17 14:00:00+00:00
[2025-12-16T18:35:44.810+0000] {processor.py:183} INFO - Processing /opt/airflow/dags/main.py took 0.437 seconds
[2025-12-16T18:36:15.141+0000] {processor.py:161} INFO - Started process (PID=9651) to work on /opt/airflow/dags/main.py
[2025-12-16T18:36:15.144+0000] {processor.py:830} INFO - Processing file /opt/airflow/dags/main.py for tasks to queue
[2025-12-16T18:36:15.154+0000] {logging_mixin.py:188} INFO - [2025-12-16T18:36:15.146+0000] {dagbag.py:545} INFO - Filling up the DagBag from /opt/airflow/dags/main.py
[2025-12-16T18:36:15.622+0000] {processor.py:840} INFO - DAG(s) 'youtube_video_stats', 'update_db' retrieved from /opt/airflow/dags/main.py
[2025-12-16T18:36:15.734+0000] {logging_mixin.py:188} INFO - [2025-12-16T18:36:15.733+0000] {dag.py:3096} INFO - Sync 2 DAGs
[2025-12-16T18:36:15.814+0000] {logging_mixin.py:188} INFO - [2025-12-16T18:36:15.814+0000] {dag.py:3954} INFO - Setting next_dagrun for update_db to 2025-12-16 15:00:00+00:00, run_after=2025-12-17 15:00:00+00:00
[2025-12-16T18:36:15.833+0000] {logging_mixin.py:188} INFO - [2025-12-16T18:36:15.832+0000] {dag.py:3954} INFO - Setting next_dagrun for youtube_video_stats to 2025-12-16 14:00:00+00:00, run_after=2025-12-17 14:00:00+00:00
[2025-12-16T18:36:15.878+0000] {processor.py:183} INFO - Processing /opt/airflow/dags/main.py took 0.772 seconds
[2025-12-16T18:36:46.184+0000] {processor.py:161} INFO - Started process (PID=9658) to work on /opt/airflow/dags/main.py
[2025-12-16T18:36:46.187+0000] {processor.py:830} INFO - Processing file /opt/airflow/dags/main.py for tasks to queue
[2025-12-16T18:36:46.189+0000] {logging_mixin.py:188} INFO - [2025-12-16T18:36:46.188+0000] {dagbag.py:545} INFO - Filling up the DagBag from /opt/airflow/dags/main.py
[2025-12-16T18:36:46.436+0000] {processor.py:840} INFO - DAG(s) 'update_db', 'youtube_video_stats' retrieved from /opt/airflow/dags/main.py
[2025-12-16T18:36:46.516+0000] {logging_mixin.py:188} INFO - [2025-12-16T18:36:46.515+0000] {dag.py:3096} INFO - Sync 2 DAGs
[2025-12-16T18:36:46.566+0000] {logging_mixin.py:188} INFO - [2025-12-16T18:36:46.565+0000] {dag.py:3954} INFO - Setting next_dagrun for update_db to 2025-12-16 15:00:00+00:00, run_after=2025-12-17 15:00:00+00:00
[2025-12-16T18:36:46.582+0000] {logging_mixin.py:188} INFO - [2025-12-16T18:36:46.582+0000] {dag.py:3954} INFO - Setting next_dagrun for youtube_video_stats to 2025-12-16 14:00:00+00:00, run_after=2025-12-17 14:00:00+00:00
[2025-12-16T18:36:46.618+0000] {processor.py:183} INFO - Processing /opt/airflow/dags/main.py took 0.446 seconds
[2025-12-16T18:37:16.918+0000] {processor.py:161} INFO - Started process (PID=9665) to work on /opt/airflow/dags/main.py
[2025-12-16T18:37:16.921+0000] {processor.py:830} INFO - Processing file /opt/airflow/dags/main.py for tasks to queue
[2025-12-16T18:37:16.923+0000] {logging_mixin.py:188} INFO - [2025-12-16T18:37:16.922+0000] {dagbag.py:545} INFO - Filling up the DagBag from /opt/airflow/dags/main.py
[2025-12-16T18:37:17.123+0000] {processor.py:840} INFO - DAG(s) 'youtube_video_stats', 'update_db' retrieved from /opt/airflow/dags/main.py
[2025-12-16T18:37:17.203+0000] {logging_mixin.py:188} INFO - [2025-12-16T18:37:17.203+0000] {dag.py:3096} INFO - Sync 2 DAGs
[2025-12-16T18:37:17.277+0000] {logging_mixin.py:188} INFO - [2025-12-16T18:37:17.276+0000] {dag.py:3954} INFO - Setting next_dagrun for update_db to 2025-12-16 15:00:00+00:00, run_after=2025-12-17 15:00:00+00:00
[2025-12-16T18:37:17.288+0000] {logging_mixin.py:188} INFO - [2025-12-16T18:37:17.288+0000] {dag.py:3954} INFO - Setting next_dagrun for youtube_video_stats to 2025-12-16 14:00:00+00:00, run_after=2025-12-17 14:00:00+00:00
[2025-12-16T18:37:17.337+0000] {processor.py:183} INFO - Processing /opt/airflow/dags/main.py took 0.431 seconds
[2025-12-16T18:37:47.652+0000] {processor.py:161} INFO - Started process (PID=9672) to work on /opt/airflow/dags/main.py
[2025-12-16T18:37:47.655+0000] {processor.py:830} INFO - Processing file /opt/airflow/dags/main.py for tasks to queue
[2025-12-16T18:37:47.658+0000] {logging_mixin.py:188} INFO - [2025-12-16T18:37:47.657+0000] {dagbag.py:545} INFO - Filling up the DagBag from /opt/airflow/dags/main.py
[2025-12-16T18:37:47.923+0000] {processor.py:840} INFO - DAG(s) 'update_db', 'youtube_video_stats' retrieved from /opt/airflow/dags/main.py
[2025-12-16T18:37:48.004+0000] {logging_mixin.py:188} INFO - [2025-12-16T18:37:48.004+0000] {dag.py:3096} INFO - Sync 2 DAGs
[2025-12-16T18:37:48.073+0000] {logging_mixin.py:188} INFO - [2025-12-16T18:37:48.072+0000] {dag.py:3954} INFO - Setting next_dagrun for update_db to 2025-12-16 15:00:00+00:00, run_after=2025-12-17 15:00:00+00:00
[2025-12-16T18:37:48.089+0000] {logging_mixin.py:188} INFO - [2025-12-16T18:37:48.089+0000] {dag.py:3954} INFO - Setting next_dagrun for youtube_video_stats to 2025-12-16 14:00:00+00:00, run_after=2025-12-17 14:00:00+00:00
[2025-12-16T18:37:48.136+0000] {processor.py:183} INFO - Processing /opt/airflow/dags/main.py took 0.502 seconds
[2025-12-16T18:38:18.413+0000] {processor.py:161} INFO - Started process (PID=9679) to work on /opt/airflow/dags/main.py
[2025-12-16T18:38:18.414+0000] {processor.py:830} INFO - Processing file /opt/airflow/dags/main.py for tasks to queue
[2025-12-16T18:38:18.416+0000] {logging_mixin.py:188} INFO - [2025-12-16T18:38:18.415+0000] {dagbag.py:545} INFO - Filling up the DagBag from /opt/airflow/dags/main.py
[2025-12-16T18:38:18.575+0000] {processor.py:840} INFO - DAG(s) 'update_db', 'youtube_video_stats' retrieved from /opt/airflow/dags/main.py
[2025-12-16T18:38:18.627+0000] {logging_mixin.py:188} INFO - [2025-12-16T18:38:18.627+0000] {dag.py:3096} INFO - Sync 2 DAGs
[2025-12-16T18:38:18.658+0000] {logging_mixin.py:188} INFO - [2025-12-16T18:38:18.657+0000] {dag.py:3954} INFO - Setting next_dagrun for update_db to 2025-12-16 15:00:00+00:00, run_after=2025-12-17 15:00:00+00:00
[2025-12-16T18:38:18.666+0000] {logging_mixin.py:188} INFO - [2025-12-16T18:38:18.666+0000] {dag.py:3954} INFO - Setting next_dagrun for youtube_video_stats to 2025-12-16 14:00:00+00:00, run_after=2025-12-17 14:00:00+00:00
[2025-12-16T18:38:18.727+0000] {processor.py:183} INFO - Processing /opt/airflow/dags/main.py took 0.322 seconds
[2025-12-16T18:38:49.030+0000] {processor.py:161} INFO - Started process (PID=9686) to work on /opt/airflow/dags/main.py
[2025-12-16T18:38:49.034+0000] {processor.py:830} INFO - Processing file /opt/airflow/dags/main.py for tasks to queue
[2025-12-16T18:38:49.036+0000] {logging_mixin.py:188} INFO - [2025-12-16T18:38:49.035+0000] {dagbag.py:545} INFO - Filling up the DagBag from /opt/airflow/dags/main.py
[2025-12-16T18:38:49.347+0000] {processor.py:840} INFO - DAG(s) 'youtube_video_stats', 'update_db' retrieved from /opt/airflow/dags/main.py
[2025-12-16T18:38:49.421+0000] {logging_mixin.py:188} INFO - [2025-12-16T18:38:49.420+0000] {dag.py:3096} INFO - Sync 2 DAGs
[2025-12-16T18:38:49.468+0000] {logging_mixin.py:188} INFO - [2025-12-16T18:38:49.467+0000] {dag.py:3954} INFO - Setting next_dagrun for update_db to 2025-12-16 15:00:00+00:00, run_after=2025-12-17 15:00:00+00:00
[2025-12-16T18:38:49.478+0000] {logging_mixin.py:188} INFO - [2025-12-16T18:38:49.478+0000] {dag.py:3954} INFO - Setting next_dagrun for youtube_video_stats to 2025-12-16 14:00:00+00:00, run_after=2025-12-17 14:00:00+00:00
[2025-12-16T18:38:49.634+0000] {processor.py:183} INFO - Processing /opt/airflow/dags/main.py took 0.624 seconds
[2025-12-16T18:39:20.116+0000] {processor.py:161} INFO - Started process (PID=9694) to work on /opt/airflow/dags/main.py
[2025-12-16T18:39:20.118+0000] {processor.py:830} INFO - Processing file /opt/airflow/dags/main.py for tasks to queue
[2025-12-16T18:39:20.121+0000] {logging_mixin.py:188} INFO - [2025-12-16T18:39:20.120+0000] {dagbag.py:545} INFO - Filling up the DagBag from /opt/airflow/dags/main.py
[2025-12-16T18:39:20.335+0000] {processor.py:840} INFO - DAG(s) 'youtube_video_stats', 'update_db' retrieved from /opt/airflow/dags/main.py
[2025-12-16T18:39:20.388+0000] {logging_mixin.py:188} INFO - [2025-12-16T18:39:20.387+0000] {dag.py:3096} INFO - Sync 2 DAGs
[2025-12-16T18:39:20.428+0000] {logging_mixin.py:188} INFO - [2025-12-16T18:39:20.427+0000] {dag.py:3954} INFO - Setting next_dagrun for update_db to 2025-12-16 15:00:00+00:00, run_after=2025-12-17 15:00:00+00:00
[2025-12-16T18:39:20.437+0000] {logging_mixin.py:188} INFO - [2025-12-16T18:39:20.437+0000] {dag.py:3954} INFO - Setting next_dagrun for youtube_video_stats to 2025-12-16 14:00:00+00:00, run_after=2025-12-17 14:00:00+00:00
[2025-12-16T18:39:20.534+0000] {processor.py:183} INFO - Processing /opt/airflow/dags/main.py took 0.430 seconds
[2025-12-16T18:39:51.140+0000] {processor.py:161} INFO - Started process (PID=9701) to work on /opt/airflow/dags/main.py
[2025-12-16T18:39:51.141+0000] {processor.py:830} INFO - Processing file /opt/airflow/dags/main.py for tasks to queue
[2025-12-16T18:39:51.143+0000] {logging_mixin.py:188} INFO - [2025-12-16T18:39:51.142+0000] {dagbag.py:545} INFO - Filling up the DagBag from /opt/airflow/dags/main.py
[2025-12-16T18:39:51.865+0000] {processor.py:840} INFO - DAG(s) 'youtube_video_stats', 'update_db' retrieved from /opt/airflow/dags/main.py
[2025-12-16T18:39:51.898+0000] {logging_mixin.py:188} INFO - [2025-12-16T18:39:51.898+0000] {dag.py:3096} INFO - Sync 2 DAGs
[2025-12-16T18:39:51.927+0000] {logging_mixin.py:188} INFO - [2025-12-16T18:39:51.927+0000] {dag.py:3954} INFO - Setting next_dagrun for update_db to 2025-12-16 15:00:00+00:00, run_after=2025-12-17 15:00:00+00:00
[2025-12-16T18:39:51.934+0000] {logging_mixin.py:188} INFO - [2025-12-16T18:39:51.934+0000] {dag.py:3954} INFO - Setting next_dagrun for youtube_video_stats to 2025-12-16 14:00:00+00:00, run_after=2025-12-17 14:00:00+00:00
[2025-12-16T18:39:52.185+0000] {processor.py:183} INFO - Processing /opt/airflow/dags/main.py took 1.052 seconds
[2025-12-16T18:40:22.561+0000] {processor.py:161} INFO - Started process (PID=9708) to work on /opt/airflow/dags/main.py
[2025-12-16T18:40:22.563+0000] {processor.py:830} INFO - Processing file /opt/airflow/dags/main.py for tasks to queue
[2025-12-16T18:40:22.565+0000] {logging_mixin.py:188} INFO - [2025-12-16T18:40:22.564+0000] {dagbag.py:545} INFO - Filling up the DagBag from /opt/airflow/dags/main.py
[2025-12-16T18:40:22.689+0000] {processor.py:840} INFO - DAG(s) 'youtube_video_stats', 'update_db' retrieved from /opt/airflow/dags/main.py
[2025-12-16T18:40:22.728+0000] {logging_mixin.py:188} INFO - [2025-12-16T18:40:22.728+0000] {dag.py:3096} INFO - Sync 2 DAGs
[2025-12-16T18:40:22.754+0000] {logging_mixin.py:188} INFO - [2025-12-16T18:40:22.754+0000] {dag.py:3954} INFO - Setting next_dagrun for update_db to 2025-12-16 15:00:00+00:00, run_after=2025-12-17 15:00:00+00:00
[2025-12-16T18:40:22.760+0000] {logging_mixin.py:188} INFO - [2025-12-16T18:40:22.760+0000] {dag.py:3954} INFO - Setting next_dagrun for youtube_video_stats to 2025-12-16 14:00:00+00:00, run_after=2025-12-17 14:00:00+00:00
[2025-12-16T18:40:22.799+0000] {processor.py:183} INFO - Processing /opt/airflow/dags/main.py took 0.246 seconds
[2025-12-16T18:40:53.036+0000] {processor.py:161} INFO - Started process (PID=9715) to work on /opt/airflow/dags/main.py
[2025-12-16T18:40:53.037+0000] {processor.py:830} INFO - Processing file /opt/airflow/dags/main.py for tasks to queue
[2025-12-16T18:40:53.038+0000] {logging_mixin.py:188} INFO - [2025-12-16T18:40:53.038+0000] {dagbag.py:545} INFO - Filling up the DagBag from /opt/airflow/dags/main.py
[2025-12-16T18:40:53.121+0000] {processor.py:840} INFO - DAG(s) 'youtube_video_stats', 'update_db' retrieved from /opt/airflow/dags/main.py
[2025-12-16T18:40:53.152+0000] {logging_mixin.py:188} INFO - [2025-12-16T18:40:53.151+0000] {dag.py:3096} INFO - Sync 2 DAGs
[2025-12-16T18:40:53.171+0000] {logging_mixin.py:188} INFO - [2025-12-16T18:40:53.171+0000] {dag.py:3954} INFO - Setting next_dagrun for update_db to 2025-12-16 15:00:00+00:00, run_after=2025-12-17 15:00:00+00:00
[2025-12-16T18:40:53.177+0000] {logging_mixin.py:188} INFO - [2025-12-16T18:40:53.176+0000] {dag.py:3954} INFO - Setting next_dagrun for youtube_video_stats to 2025-12-16 14:00:00+00:00, run_after=2025-12-17 14:00:00+00:00
[2025-12-16T18:40:53.199+0000] {processor.py:183} INFO - Processing /opt/airflow/dags/main.py took 0.169 seconds
[2025-12-16T18:41:23.262+0000] {processor.py:161} INFO - Started process (PID=9722) to work on /opt/airflow/dags/main.py
[2025-12-16T18:41:23.264+0000] {processor.py:830} INFO - Processing file /opt/airflow/dags/main.py for tasks to queue
[2025-12-16T18:41:23.265+0000] {logging_mixin.py:188} INFO - [2025-12-16T18:41:23.265+0000] {dagbag.py:545} INFO - Filling up the DagBag from /opt/airflow/dags/main.py
[2025-12-16T18:41:23.347+0000] {processor.py:840} INFO - DAG(s) 'update_db', 'youtube_video_stats' retrieved from /opt/airflow/dags/main.py
[2025-12-16T18:41:23.377+0000] {logging_mixin.py:188} INFO - [2025-12-16T18:41:23.376+0000] {dag.py:3096} INFO - Sync 2 DAGs
[2025-12-16T18:41:23.397+0000] {logging_mixin.py:188} INFO - [2025-12-16T18:41:23.397+0000] {dag.py:3954} INFO - Setting next_dagrun for update_db to 2025-12-16 15:00:00+00:00, run_after=2025-12-17 15:00:00+00:00
[2025-12-16T18:41:23.402+0000] {logging_mixin.py:188} INFO - [2025-12-16T18:41:23.402+0000] {dag.py:3954} INFO - Setting next_dagrun for youtube_video_stats to 2025-12-16 14:00:00+00:00, run_after=2025-12-17 14:00:00+00:00
[2025-12-16T18:41:23.425+0000] {processor.py:183} INFO - Processing /opt/airflow/dags/main.py took 0.167 seconds
[2025-12-16T18:41:53.492+0000] {processor.py:161} INFO - Started process (PID=9729) to work on /opt/airflow/dags/main.py
[2025-12-16T18:41:53.494+0000] {processor.py:830} INFO - Processing file /opt/airflow/dags/main.py for tasks to queue
[2025-12-16T18:41:53.495+0000] {logging_mixin.py:188} INFO - [2025-12-16T18:41:53.494+0000] {dagbag.py:545} INFO - Filling up the DagBag from /opt/airflow/dags/main.py
[2025-12-16T18:41:53.596+0000] {processor.py:840} INFO - DAG(s) 'update_db', 'youtube_video_stats' retrieved from /opt/airflow/dags/main.py
[2025-12-16T18:41:53.627+0000] {logging_mixin.py:188} INFO - [2025-12-16T18:41:53.627+0000] {dag.py:3096} INFO - Sync 2 DAGs
[2025-12-16T18:41:53.648+0000] {logging_mixin.py:188} INFO - [2025-12-16T18:41:53.648+0000] {dag.py:3954} INFO - Setting next_dagrun for update_db to 2025-12-16 15:00:00+00:00, run_after=2025-12-17 15:00:00+00:00
[2025-12-16T18:41:53.654+0000] {logging_mixin.py:188} INFO - [2025-12-16T18:41:53.653+0000] {dag.py:3954} INFO - Setting next_dagrun for youtube_video_stats to 2025-12-16 14:00:00+00:00, run_after=2025-12-17 14:00:00+00:00
[2025-12-16T18:41:53.678+0000] {processor.py:183} INFO - Processing /opt/airflow/dags/main.py took 0.192 seconds
[2025-12-16T18:42:23.904+0000] {processor.py:161} INFO - Started process (PID=9736) to work on /opt/airflow/dags/main.py
[2025-12-16T18:42:23.905+0000] {processor.py:830} INFO - Processing file /opt/airflow/dags/main.py for tasks to queue
[2025-12-16T18:42:23.906+0000] {logging_mixin.py:188} INFO - [2025-12-16T18:42:23.905+0000] {dagbag.py:545} INFO - Filling up the DagBag from /opt/airflow/dags/main.py
[2025-12-16T18:42:24.004+0000] {processor.py:840} INFO - DAG(s) 'youtube_video_stats', 'update_db' retrieved from /opt/airflow/dags/main.py
[2025-12-16T18:42:24.034+0000] {logging_mixin.py:188} INFO - [2025-12-16T18:42:24.033+0000] {dag.py:3096} INFO - Sync 2 DAGs
[2025-12-16T18:42:24.058+0000] {logging_mixin.py:188} INFO - [2025-12-16T18:42:24.058+0000] {dag.py:3954} INFO - Setting next_dagrun for update_db to 2025-12-16 15:00:00+00:00, run_after=2025-12-17 15:00:00+00:00
[2025-12-16T18:42:24.063+0000] {logging_mixin.py:188} INFO - [2025-12-16T18:42:24.063+0000] {dag.py:3954} INFO - Setting next_dagrun for youtube_video_stats to 2025-12-16 14:00:00+00:00, run_after=2025-12-17 14:00:00+00:00
[2025-12-16T18:42:24.083+0000] {processor.py:183} INFO - Processing /opt/airflow/dags/main.py took 0.184 seconds
[2025-12-16T18:42:54.135+0000] {processor.py:161} INFO - Started process (PID=9743) to work on /opt/airflow/dags/main.py
[2025-12-16T18:42:54.137+0000] {processor.py:830} INFO - Processing file /opt/airflow/dags/main.py for tasks to queue
[2025-12-16T18:42:54.138+0000] {logging_mixin.py:188} INFO - [2025-12-16T18:42:54.137+0000] {dagbag.py:545} INFO - Filling up the DagBag from /opt/airflow/dags/main.py
[2025-12-16T18:42:54.230+0000] {processor.py:840} INFO - DAG(s) 'update_db', 'youtube_video_stats' retrieved from /opt/airflow/dags/main.py
[2025-12-16T18:42:54.259+0000] {logging_mixin.py:188} INFO - [2025-12-16T18:42:54.259+0000] {dag.py:3096} INFO - Sync 2 DAGs
[2025-12-16T18:42:54.283+0000] {logging_mixin.py:188} INFO - [2025-12-16T18:42:54.282+0000] {dag.py:3954} INFO - Setting next_dagrun for update_db to 2025-12-16 15:00:00+00:00, run_after=2025-12-17 15:00:00+00:00
[2025-12-16T18:42:54.290+0000] {logging_mixin.py:188} INFO - [2025-12-16T18:42:54.289+0000] {dag.py:3954} INFO - Setting next_dagrun for youtube_video_stats to 2025-12-16 14:00:00+00:00, run_after=2025-12-17 14:00:00+00:00
[2025-12-16T18:42:54.312+0000] {processor.py:183} INFO - Processing /opt/airflow/dags/main.py took 0.181 seconds
[2025-12-16T18:43:24.550+0000] {processor.py:161} INFO - Started process (PID=9750) to work on /opt/airflow/dags/main.py
[2025-12-16T18:43:24.559+0000] {processor.py:830} INFO - Processing file /opt/airflow/dags/main.py for tasks to queue
[2025-12-16T18:43:24.561+0000] {logging_mixin.py:188} INFO - [2025-12-16T18:43:24.561+0000] {dagbag.py:545} INFO - Filling up the DagBag from /opt/airflow/dags/main.py
[2025-12-16T18:43:24.685+0000] {processor.py:840} INFO - DAG(s) 'youtube_video_stats', 'update_db' retrieved from /opt/airflow/dags/main.py
[2025-12-16T18:43:24.725+0000] {logging_mixin.py:188} INFO - [2025-12-16T18:43:24.725+0000] {dag.py:3096} INFO - Sync 2 DAGs
[2025-12-16T18:43:24.750+0000] {logging_mixin.py:188} INFO - [2025-12-16T18:43:24.750+0000] {dag.py:3954} INFO - Setting next_dagrun for update_db to 2025-12-16 15:00:00+00:00, run_after=2025-12-17 15:00:00+00:00
[2025-12-16T18:43:24.756+0000] {logging_mixin.py:188} INFO - [2025-12-16T18:43:24.756+0000] {dag.py:3954} INFO - Setting next_dagrun for youtube_video_stats to 2025-12-16 14:00:00+00:00, run_after=2025-12-17 14:00:00+00:00
[2025-12-16T18:43:24.773+0000] {processor.py:183} INFO - Processing /opt/airflow/dags/main.py took 0.232 seconds
[2025-12-16T18:43:55.008+0000] {processor.py:161} INFO - Started process (PID=9757) to work on /opt/airflow/dags/main.py
[2025-12-16T18:43:55.009+0000] {processor.py:830} INFO - Processing file /opt/airflow/dags/main.py for tasks to queue
[2025-12-16T18:43:55.010+0000] {logging_mixin.py:188} INFO - [2025-12-16T18:43:55.009+0000] {dagbag.py:545} INFO - Filling up the DagBag from /opt/airflow/dags/main.py
[2025-12-16T18:43:55.094+0000] {processor.py:840} INFO - DAG(s) 'youtube_video_stats', 'update_db' retrieved from /opt/airflow/dags/main.py
[2025-12-16T18:43:55.123+0000] {logging_mixin.py:188} INFO - [2025-12-16T18:43:55.123+0000] {dag.py:3096} INFO - Sync 2 DAGs
[2025-12-16T18:43:55.144+0000] {logging_mixin.py:188} INFO - [2025-12-16T18:43:55.143+0000] {dag.py:3954} INFO - Setting next_dagrun for update_db to 2025-12-16 15:00:00+00:00, run_after=2025-12-17 15:00:00+00:00
[2025-12-16T18:43:55.149+0000] {logging_mixin.py:188} INFO - [2025-12-16T18:43:55.149+0000] {dag.py:3954} INFO - Setting next_dagrun for youtube_video_stats to 2025-12-16 14:00:00+00:00, run_after=2025-12-17 14:00:00+00:00
[2025-12-16T18:43:55.172+0000] {processor.py:183} INFO - Processing /opt/airflow/dags/main.py took 0.170 seconds
[2025-12-16T18:44:25.244+0000] {processor.py:161} INFO - Started process (PID=9764) to work on /opt/airflow/dags/main.py
[2025-12-16T18:44:25.245+0000] {processor.py:830} INFO - Processing file /opt/airflow/dags/main.py for tasks to queue
[2025-12-16T18:44:25.246+0000] {logging_mixin.py:188} INFO - [2025-12-16T18:44:25.246+0000] {dagbag.py:545} INFO - Filling up the DagBag from /opt/airflow/dags/main.py
[2025-12-16T18:44:25.334+0000] {processor.py:840} INFO - DAG(s) 'youtube_video_stats', 'update_db' retrieved from /opt/airflow/dags/main.py
[2025-12-16T18:44:25.362+0000] {logging_mixin.py:188} INFO - [2025-12-16T18:44:25.362+0000] {dag.py:3096} INFO - Sync 2 DAGs
[2025-12-16T18:44:25.383+0000] {logging_mixin.py:188} INFO - [2025-12-16T18:44:25.382+0000] {dag.py:3954} INFO - Setting next_dagrun for update_db to 2025-12-16 15:00:00+00:00, run_after=2025-12-17 15:00:00+00:00
[2025-12-16T18:44:25.387+0000] {logging_mixin.py:188} INFO - [2025-12-16T18:44:25.387+0000] {dag.py:3954} INFO - Setting next_dagrun for youtube_video_stats to 2025-12-16 14:00:00+00:00, run_after=2025-12-17 14:00:00+00:00
[2025-12-16T18:44:25.403+0000] {processor.py:183} INFO - Processing /opt/airflow/dags/main.py took 0.164 seconds
[2025-12-16T18:44:55.761+0000] {processor.py:161} INFO - Started process (PID=9771) to work on /opt/airflow/dags/main.py
[2025-12-16T18:44:55.763+0000] {processor.py:830} INFO - Processing file /opt/airflow/dags/main.py for tasks to queue
[2025-12-16T18:44:55.764+0000] {logging_mixin.py:188} INFO - [2025-12-16T18:44:55.764+0000] {dagbag.py:545} INFO - Filling up the DagBag from /opt/airflow/dags/main.py
[2025-12-16T18:44:55.886+0000] {processor.py:840} INFO - DAG(s) 'youtube_video_stats', 'update_db' retrieved from /opt/airflow/dags/main.py
[2025-12-16T18:44:55.920+0000] {logging_mixin.py:188} INFO - [2025-12-16T18:44:55.920+0000] {dag.py:3096} INFO - Sync 2 DAGs
[2025-12-16T18:44:55.946+0000] {logging_mixin.py:188} INFO - [2025-12-16T18:44:55.946+0000] {dag.py:3954} INFO - Setting next_dagrun for update_db to 2025-12-16 15:00:00+00:00, run_after=2025-12-17 15:00:00+00:00
[2025-12-16T18:44:55.954+0000] {logging_mixin.py:188} INFO - [2025-12-16T18:44:55.954+0000] {dag.py:3954} INFO - Setting next_dagrun for youtube_video_stats to 2025-12-16 14:00:00+00:00, run_after=2025-12-17 14:00:00+00:00
[2025-12-16T18:44:55.983+0000] {processor.py:183} INFO - Processing /opt/airflow/dags/main.py took 0.228 seconds
[2025-12-16T18:45:26.217+0000] {processor.py:161} INFO - Started process (PID=9778) to work on /opt/airflow/dags/main.py
[2025-12-16T18:45:26.219+0000] {processor.py:830} INFO - Processing file /opt/airflow/dags/main.py for tasks to queue
[2025-12-16T18:45:26.220+0000] {logging_mixin.py:188} INFO - [2025-12-16T18:45:26.219+0000] {dagbag.py:545} INFO - Filling up the DagBag from /opt/airflow/dags/main.py
[2025-12-16T18:45:26.341+0000] {processor.py:840} INFO - DAG(s) 'update_db', 'youtube_video_stats' retrieved from /opt/airflow/dags/main.py
[2025-12-16T18:45:26.386+0000] {logging_mixin.py:188} INFO - [2025-12-16T18:45:26.386+0000] {dag.py:3096} INFO - Sync 2 DAGs
[2025-12-16T18:45:26.428+0000] {logging_mixin.py:188} INFO - [2025-12-16T18:45:26.428+0000] {dag.py:3954} INFO - Setting next_dagrun for update_db to 2025-12-16 15:00:00+00:00, run_after=2025-12-17 15:00:00+00:00
[2025-12-16T18:45:26.439+0000] {logging_mixin.py:188} INFO - [2025-12-16T18:45:26.439+0000] {dag.py:3954} INFO - Setting next_dagrun for youtube_video_stats to 2025-12-16 14:00:00+00:00, run_after=2025-12-17 14:00:00+00:00
[2025-12-16T18:45:26.469+0000] {processor.py:183} INFO - Processing /opt/airflow/dags/main.py took 0.261 seconds
