[2025-12-22T03:31:02.502+0000] {processor.py:161} INFO - Started process (PID=10186) to work on /opt/airflow/dags/main.py
[2025-12-22T03:31:02.517+0000] {processor.py:830} INFO - Processing file /opt/airflow/dags/main.py for tasks to queue
[2025-12-22T03:31:02.521+0000] {logging_mixin.py:188} INFO - [2025-12-22T03:31:02.520+0000] {dagbag.py:545} INFO - Filling up the DagBag from /opt/airflow/dags/main.py
[2025-12-22T03:31:03.118+0000] {processor.py:840} INFO - DAG(s) 'youtube_video_stats', 'update_db' retrieved from /opt/airflow/dags/main.py
[2025-12-22T03:31:03.260+0000] {logging_mixin.py:188} INFO - [2025-12-22T03:31:03.259+0000] {dag.py:3096} INFO - Sync 2 DAGs
[2025-12-22T03:31:03.358+0000] {logging_mixin.py:188} INFO - [2025-12-22T03:31:03.357+0000] {dag.py:3954} INFO - Setting next_dagrun for update_db to 2025-12-21 15:00:00+00:00, run_after=2025-12-22 15:00:00+00:00
[2025-12-22T03:31:03.386+0000] {logging_mixin.py:188} INFO - [2025-12-22T03:31:03.386+0000] {dag.py:3954} INFO - Setting next_dagrun for youtube_video_stats to 2025-12-21 14:00:00+00:00, run_after=2025-12-22 14:00:00+00:00
[2025-12-22T03:31:03.465+0000] {processor.py:183} INFO - Processing /opt/airflow/dags/main.py took 0.975 seconds
[2025-12-22T03:31:34.192+0000] {processor.py:161} INFO - Started process (PID=10193) to work on /opt/airflow/dags/main.py
[2025-12-22T03:31:34.212+0000] {processor.py:830} INFO - Processing file /opt/airflow/dags/main.py for tasks to queue
[2025-12-22T03:31:34.223+0000] {logging_mixin.py:188} INFO - [2025-12-22T03:31:34.222+0000] {dagbag.py:545} INFO - Filling up the DagBag from /opt/airflow/dags/main.py
[2025-12-22T03:31:35.246+0000] {processor.py:840} INFO - DAG(s) 'youtube_video_stats', 'update_db' retrieved from /opt/airflow/dags/main.py
[2025-12-22T03:31:35.471+0000] {logging_mixin.py:188} INFO - [2025-12-22T03:31:35.470+0000] {dag.py:3096} INFO - Sync 2 DAGs
[2025-12-22T03:31:35.644+0000] {logging_mixin.py:188} INFO - [2025-12-22T03:31:35.644+0000] {dag.py:3954} INFO - Setting next_dagrun for update_db to 2025-12-21 15:00:00+00:00, run_after=2025-12-22 15:00:00+00:00
[2025-12-22T03:31:35.693+0000] {logging_mixin.py:188} INFO - [2025-12-22T03:31:35.692+0000] {dag.py:3954} INFO - Setting next_dagrun for youtube_video_stats to 2025-12-21 14:00:00+00:00, run_after=2025-12-22 14:00:00+00:00
[2025-12-22T03:31:35.804+0000] {processor.py:183} INFO - Processing /opt/airflow/dags/main.py took 1.644 seconds
[2025-12-22T03:32:06.716+0000] {processor.py:161} INFO - Started process (PID=10200) to work on /opt/airflow/dags/main.py
[2025-12-22T03:32:06.736+0000] {processor.py:830} INFO - Processing file /opt/airflow/dags/main.py for tasks to queue
[2025-12-22T03:32:06.743+0000] {logging_mixin.py:188} INFO - [2025-12-22T03:32:06.742+0000] {dagbag.py:545} INFO - Filling up the DagBag from /opt/airflow/dags/main.py
[2025-12-22T03:32:07.295+0000] {processor.py:840} INFO - DAG(s) 'youtube_video_stats', 'update_db' retrieved from /opt/airflow/dags/main.py
[2025-12-22T03:32:07.450+0000] {logging_mixin.py:188} INFO - [2025-12-22T03:32:07.449+0000] {dag.py:3096} INFO - Sync 2 DAGs
[2025-12-22T03:32:07.537+0000] {logging_mixin.py:188} INFO - [2025-12-22T03:32:07.537+0000] {dag.py:3954} INFO - Setting next_dagrun for update_db to 2025-12-21 15:00:00+00:00, run_after=2025-12-22 15:00:00+00:00
[2025-12-22T03:32:07.559+0000] {logging_mixin.py:188} INFO - [2025-12-22T03:32:07.559+0000] {dag.py:3954} INFO - Setting next_dagrun for youtube_video_stats to 2025-12-21 14:00:00+00:00, run_after=2025-12-22 14:00:00+00:00
[2025-12-22T03:32:07.791+0000] {processor.py:183} INFO - Processing /opt/airflow/dags/main.py took 1.104 seconds
[2025-12-22T03:32:39.221+0000] {processor.py:161} INFO - Started process (PID=10207) to work on /opt/airflow/dags/main.py
[2025-12-22T03:32:39.222+0000] {processor.py:830} INFO - Processing file /opt/airflow/dags/main.py for tasks to queue
[2025-12-22T03:32:39.224+0000] {logging_mixin.py:188} INFO - [2025-12-22T03:32:39.224+0000] {dagbag.py:545} INFO - Filling up the DagBag from /opt/airflow/dags/main.py
[2025-12-22T03:32:39.508+0000] {processor.py:840} INFO - DAG(s) 'youtube_video_stats', 'update_db' retrieved from /opt/airflow/dags/main.py
[2025-12-22T03:32:39.585+0000] {logging_mixin.py:188} INFO - [2025-12-22T03:32:39.585+0000] {dag.py:3096} INFO - Sync 2 DAGs
[2025-12-22T03:32:39.630+0000] {logging_mixin.py:188} INFO - [2025-12-22T03:32:39.630+0000] {dag.py:3954} INFO - Setting next_dagrun for update_db to 2025-12-21 15:00:00+00:00, run_after=2025-12-22 15:00:00+00:00
[2025-12-22T03:32:39.639+0000] {logging_mixin.py:188} INFO - [2025-12-22T03:32:39.639+0000] {dag.py:3954} INFO - Setting next_dagrun for youtube_video_stats to 2025-12-21 14:00:00+00:00, run_after=2025-12-22 14:00:00+00:00
[2025-12-22T03:32:39.749+0000] {processor.py:183} INFO - Processing /opt/airflow/dags/main.py took 0.543 seconds
[2025-12-22T03:33:10.074+0000] {processor.py:161} INFO - Started process (PID=10214) to work on /opt/airflow/dags/main.py
[2025-12-22T03:33:10.078+0000] {processor.py:830} INFO - Processing file /opt/airflow/dags/main.py for tasks to queue
[2025-12-22T03:33:10.081+0000] {logging_mixin.py:188} INFO - [2025-12-22T03:33:10.080+0000] {dagbag.py:545} INFO - Filling up the DagBag from /opt/airflow/dags/main.py
[2025-12-22T03:33:10.366+0000] {processor.py:840} INFO - DAG(s) 'update_db', 'youtube_video_stats' retrieved from /opt/airflow/dags/main.py
[2025-12-22T03:33:10.467+0000] {logging_mixin.py:188} INFO - [2025-12-22T03:33:10.466+0000] {dag.py:3096} INFO - Sync 2 DAGs
[2025-12-22T03:33:10.539+0000] {logging_mixin.py:188} INFO - [2025-12-22T03:33:10.538+0000] {dag.py:3954} INFO - Setting next_dagrun for update_db to 2025-12-21 15:00:00+00:00, run_after=2025-12-22 15:00:00+00:00
[2025-12-22T03:33:10.556+0000] {logging_mixin.py:188} INFO - [2025-12-22T03:33:10.555+0000] {dag.py:3954} INFO - Setting next_dagrun for youtube_video_stats to 2025-12-21 14:00:00+00:00, run_after=2025-12-22 14:00:00+00:00
[2025-12-22T03:33:10.626+0000] {processor.py:183} INFO - Processing /opt/airflow/dags/main.py took 0.572 seconds
[2025-12-22T03:33:41.052+0000] {processor.py:161} INFO - Started process (PID=10221) to work on /opt/airflow/dags/main.py
[2025-12-22T03:33:41.056+0000] {processor.py:830} INFO - Processing file /opt/airflow/dags/main.py for tasks to queue
[2025-12-22T03:33:41.059+0000] {logging_mixin.py:188} INFO - [2025-12-22T03:33:41.058+0000] {dagbag.py:545} INFO - Filling up the DagBag from /opt/airflow/dags/main.py
[2025-12-22T05:32:35.636+0000] {processor.py:840} INFO - DAG(s) 'update_db', 'youtube_video_stats' retrieved from /opt/airflow/dags/main.py
[2025-12-22T05:32:35.833+0000] {logging_mixin.py:188} INFO - [2025-12-22T05:32:35.832+0000] {dag.py:3096} INFO - Sync 2 DAGs
[2025-12-22T05:32:35.938+0000] {logging_mixin.py:188} INFO - [2025-12-22T05:32:35.937+0000] {dag.py:3954} INFO - Setting next_dagrun for update_db to 2025-12-21 15:00:00+00:00, run_after=2025-12-22 15:00:00+00:00
[2025-12-22T05:32:35.970+0000] {logging_mixin.py:188} INFO - [2025-12-22T05:32:35.969+0000] {dag.py:3954} INFO - Setting next_dagrun for youtube_video_stats to 2025-12-21 14:00:00+00:00, run_after=2025-12-22 14:00:00+00:00
[2025-12-22T05:32:36.083+0000] {processor.py:183} INFO - Processing /opt/airflow/dags/main.py took 8.289 seconds
[2025-12-22T05:33:08.227+0000] {processor.py:161} INFO - Started process (PID=10235) to work on /opt/airflow/dags/main.py
[2025-12-22T05:33:08.239+0000] {processor.py:830} INFO - Processing file /opt/airflow/dags/main.py for tasks to queue
[2025-12-22T05:33:08.249+0000] {logging_mixin.py:188} INFO - [2025-12-22T05:33:08.247+0000] {dagbag.py:545} INFO - Filling up the DagBag from /opt/airflow/dags/main.py
[2025-12-22T05:33:09.005+0000] {processor.py:840} INFO - DAG(s) 'youtube_video_stats', 'update_db' retrieved from /opt/airflow/dags/main.py
[2025-12-22T05:33:09.191+0000] {logging_mixin.py:188} INFO - [2025-12-22T05:33:09.190+0000] {dag.py:3096} INFO - Sync 2 DAGs
[2025-12-22T05:33:09.323+0000] {logging_mixin.py:188} INFO - [2025-12-22T05:33:09.322+0000] {dag.py:3954} INFO - Setting next_dagrun for update_db to 2025-12-21 15:00:00+00:00, run_after=2025-12-22 15:00:00+00:00
[2025-12-22T05:33:09.367+0000] {logging_mixin.py:188} INFO - [2025-12-22T05:33:09.366+0000] {dag.py:3954} INFO - Setting next_dagrun for youtube_video_stats to 2025-12-21 14:00:00+00:00, run_after=2025-12-22 14:00:00+00:00
[2025-12-22T05:33:09.481+0000] {processor.py:183} INFO - Processing /opt/airflow/dags/main.py took 1.311 seconds
[2025-12-22T05:33:39.761+0000] {processor.py:161} INFO - Started process (PID=10242) to work on /opt/airflow/dags/main.py
[2025-12-22T05:33:39.765+0000] {processor.py:830} INFO - Processing file /opt/airflow/dags/main.py for tasks to queue
[2025-12-22T05:33:39.775+0000] {logging_mixin.py:188} INFO - [2025-12-22T05:33:39.774+0000] {dagbag.py:545} INFO - Filling up the DagBag from /opt/airflow/dags/main.py
[2025-12-22T05:33:40.172+0000] {processor.py:840} INFO - DAG(s) 'youtube_video_stats', 'update_db' retrieved from /opt/airflow/dags/main.py
[2025-12-22T05:33:40.308+0000] {logging_mixin.py:188} INFO - [2025-12-22T05:33:40.307+0000] {dag.py:3096} INFO - Sync 2 DAGs
[2025-12-22T05:33:40.402+0000] {logging_mixin.py:188} INFO - [2025-12-22T05:33:40.401+0000] {dag.py:3954} INFO - Setting next_dagrun for update_db to 2025-12-21 15:00:00+00:00, run_after=2025-12-22 15:00:00+00:00
[2025-12-22T05:33:40.435+0000] {logging_mixin.py:188} INFO - [2025-12-22T05:33:40.435+0000] {dag.py:3954} INFO - Setting next_dagrun for youtube_video_stats to 2025-12-21 14:00:00+00:00, run_after=2025-12-22 14:00:00+00:00
[2025-12-22T05:33:40.509+0000] {processor.py:183} INFO - Processing /opt/airflow/dags/main.py took 0.775 seconds
[2025-12-22T05:34:11.161+0000] {processor.py:161} INFO - Started process (PID=10249) to work on /opt/airflow/dags/main.py
[2025-12-22T05:34:11.169+0000] {processor.py:830} INFO - Processing file /opt/airflow/dags/main.py for tasks to queue
[2025-12-22T05:34:11.196+0000] {logging_mixin.py:188} INFO - [2025-12-22T05:34:11.195+0000] {dagbag.py:545} INFO - Filling up the DagBag from /opt/airflow/dags/main.py
[2025-12-22T05:34:11.804+0000] {processor.py:840} INFO - DAG(s) 'youtube_video_stats', 'update_db' retrieved from /opt/airflow/dags/main.py
[2025-12-22T05:34:12.055+0000] {logging_mixin.py:188} INFO - [2025-12-22T05:34:12.046+0000] {dag.py:3096} INFO - Sync 2 DAGs
[2025-12-22T05:34:12.229+0000] {logging_mixin.py:188} INFO - [2025-12-22T05:34:12.228+0000] {dag.py:3954} INFO - Setting next_dagrun for update_db to 2025-12-21 15:00:00+00:00, run_after=2025-12-22 15:00:00+00:00
[2025-12-22T05:34:12.291+0000] {logging_mixin.py:188} INFO - [2025-12-22T05:34:12.291+0000] {dag.py:3954} INFO - Setting next_dagrun for youtube_video_stats to 2025-12-21 14:00:00+00:00, run_after=2025-12-22 14:00:00+00:00
[2025-12-22T05:34:12.408+0000] {processor.py:183} INFO - Processing /opt/airflow/dags/main.py took 1.296 seconds
[2025-12-22T05:34:42.757+0000] {processor.py:161} INFO - Started process (PID=10257) to work on /opt/airflow/dags/main.py
[2025-12-22T05:34:42.759+0000] {processor.py:830} INFO - Processing file /opt/airflow/dags/main.py for tasks to queue
[2025-12-22T05:34:42.761+0000] {logging_mixin.py:188} INFO - [2025-12-22T05:34:42.760+0000] {dagbag.py:545} INFO - Filling up the DagBag from /opt/airflow/dags/main.py
[2025-12-22T05:34:42.995+0000] {processor.py:840} INFO - DAG(s) 'update_db', 'youtube_video_stats' retrieved from /opt/airflow/dags/main.py
[2025-12-22T05:34:43.064+0000] {logging_mixin.py:188} INFO - [2025-12-22T05:34:43.064+0000] {dag.py:3096} INFO - Sync 2 DAGs
[2025-12-22T05:34:43.113+0000] {logging_mixin.py:188} INFO - [2025-12-22T05:34:43.112+0000] {dag.py:3954} INFO - Setting next_dagrun for update_db to 2025-12-21 15:00:00+00:00, run_after=2025-12-22 15:00:00+00:00
[2025-12-22T05:34:43.124+0000] {logging_mixin.py:188} INFO - [2025-12-22T05:34:43.124+0000] {dag.py:3954} INFO - Setting next_dagrun for youtube_video_stats to 2025-12-21 14:00:00+00:00, run_after=2025-12-22 14:00:00+00:00
[2025-12-22T05:34:43.167+0000] {processor.py:183} INFO - Processing /opt/airflow/dags/main.py took 0.420 seconds
[2025-12-22T05:35:13.453+0000] {processor.py:161} INFO - Started process (PID=10264) to work on /opt/airflow/dags/main.py
[2025-12-22T05:35:13.455+0000] {processor.py:830} INFO - Processing file /opt/airflow/dags/main.py for tasks to queue
[2025-12-22T05:35:13.458+0000] {logging_mixin.py:188} INFO - [2025-12-22T05:35:13.457+0000] {dagbag.py:545} INFO - Filling up the DagBag from /opt/airflow/dags/main.py
[2025-12-22T05:35:13.662+0000] {processor.py:840} INFO - DAG(s) 'update_db', 'youtube_video_stats' retrieved from /opt/airflow/dags/main.py
[2025-12-22T05:35:13.725+0000] {logging_mixin.py:188} INFO - [2025-12-22T05:35:13.724+0000] {dag.py:3096} INFO - Sync 2 DAGs
[2025-12-22T05:35:13.777+0000] {logging_mixin.py:188} INFO - [2025-12-22T05:35:13.777+0000] {dag.py:3954} INFO - Setting next_dagrun for update_db to 2025-12-21 15:00:00+00:00, run_after=2025-12-22 15:00:00+00:00
[2025-12-22T05:35:13.793+0000] {logging_mixin.py:188} INFO - [2025-12-22T05:35:13.793+0000] {dag.py:3954} INFO - Setting next_dagrun for youtube_video_stats to 2025-12-21 14:00:00+00:00, run_after=2025-12-22 14:00:00+00:00
[2025-12-22T05:35:13.845+0000] {processor.py:183} INFO - Processing /opt/airflow/dags/main.py took 0.404 seconds
[2025-12-22T05:35:44.258+0000] {processor.py:161} INFO - Started process (PID=10271) to work on /opt/airflow/dags/main.py
[2025-12-22T05:35:44.269+0000] {processor.py:830} INFO - Processing file /opt/airflow/dags/main.py for tasks to queue
[2025-12-22T05:35:44.274+0000] {logging_mixin.py:188} INFO - [2025-12-22T05:35:44.273+0000] {dagbag.py:545} INFO - Filling up the DagBag from /opt/airflow/dags/main.py
[2025-12-22T05:35:44.731+0000] {processor.py:840} INFO - DAG(s) 'update_db', 'youtube_video_stats' retrieved from /opt/airflow/dags/main.py
[2025-12-22T05:35:44.826+0000] {logging_mixin.py:188} INFO - [2025-12-22T05:35:44.825+0000] {dag.py:3096} INFO - Sync 2 DAGs
[2025-12-22T05:35:44.887+0000] {logging_mixin.py:188} INFO - [2025-12-22T05:35:44.886+0000] {dag.py:3954} INFO - Setting next_dagrun for update_db to 2025-12-21 15:00:00+00:00, run_after=2025-12-22 15:00:00+00:00
[2025-12-22T05:35:44.977+0000] {logging_mixin.py:188} INFO - [2025-12-22T05:35:44.977+0000] {dag.py:3954} INFO - Setting next_dagrun for youtube_video_stats to 2025-12-21 14:00:00+00:00, run_after=2025-12-22 14:00:00+00:00
[2025-12-22T05:35:45.185+0000] {processor.py:183} INFO - Processing /opt/airflow/dags/main.py took 0.963 seconds
[2025-12-22T05:36:15.499+0000] {processor.py:161} INFO - Started process (PID=10278) to work on /opt/airflow/dags/main.py
[2025-12-22T05:36:15.502+0000] {processor.py:830} INFO - Processing file /opt/airflow/dags/main.py for tasks to queue
[2025-12-22T05:36:15.506+0000] {logging_mixin.py:188} INFO - [2025-12-22T05:36:15.505+0000] {dagbag.py:545} INFO - Filling up the DagBag from /opt/airflow/dags/main.py
[2025-12-22T05:36:15.811+0000] {processor.py:840} INFO - DAG(s) 'youtube_video_stats', 'update_db' retrieved from /opt/airflow/dags/main.py
[2025-12-22T05:36:15.903+0000] {logging_mixin.py:188} INFO - [2025-12-22T05:36:15.902+0000] {dag.py:3096} INFO - Sync 2 DAGs
[2025-12-22T05:36:15.982+0000] {logging_mixin.py:188} INFO - [2025-12-22T05:36:15.982+0000] {dag.py:3954} INFO - Setting next_dagrun for update_db to 2025-12-21 15:00:00+00:00, run_after=2025-12-22 15:00:00+00:00
[2025-12-22T05:36:15.999+0000] {logging_mixin.py:188} INFO - [2025-12-22T05:36:15.998+0000] {dag.py:3954} INFO - Setting next_dagrun for youtube_video_stats to 2025-12-21 14:00:00+00:00, run_after=2025-12-22 14:00:00+00:00
[2025-12-22T05:36:16.046+0000] {processor.py:183} INFO - Processing /opt/airflow/dags/main.py took 0.564 seconds
[2025-12-22T05:36:46.881+0000] {processor.py:161} INFO - Started process (PID=10285) to work on /opt/airflow/dags/main.py
[2025-12-22T05:36:46.884+0000] {processor.py:830} INFO - Processing file /opt/airflow/dags/main.py for tasks to queue
[2025-12-22T05:36:46.887+0000] {logging_mixin.py:188} INFO - [2025-12-22T05:36:46.886+0000] {dagbag.py:545} INFO - Filling up the DagBag from /opt/airflow/dags/main.py
[2025-12-22T05:36:47.243+0000] {processor.py:840} INFO - DAG(s) 'youtube_video_stats', 'update_db' retrieved from /opt/airflow/dags/main.py
[2025-12-22T05:36:47.344+0000] {logging_mixin.py:188} INFO - [2025-12-22T05:36:47.343+0000] {dag.py:3096} INFO - Sync 2 DAGs
[2025-12-22T05:36:47.435+0000] {logging_mixin.py:188} INFO - [2025-12-22T05:36:47.433+0000] {dag.py:3954} INFO - Setting next_dagrun for update_db to 2025-12-21 15:00:00+00:00, run_after=2025-12-22 15:00:00+00:00
[2025-12-22T05:36:47.453+0000] {logging_mixin.py:188} INFO - [2025-12-22T05:36:47.452+0000] {dag.py:3954} INFO - Setting next_dagrun for youtube_video_stats to 2025-12-21 14:00:00+00:00, run_after=2025-12-22 14:00:00+00:00
[2025-12-22T05:36:47.505+0000] {processor.py:183} INFO - Processing /opt/airflow/dags/main.py took 0.646 seconds
[2025-12-22T05:37:17.850+0000] {processor.py:161} INFO - Started process (PID=10293) to work on /opt/airflow/dags/main.py
[2025-12-22T05:37:17.852+0000] {processor.py:830} INFO - Processing file /opt/airflow/dags/main.py for tasks to queue
[2025-12-22T05:37:17.854+0000] {logging_mixin.py:188} INFO - [2025-12-22T05:37:17.853+0000] {dagbag.py:545} INFO - Filling up the DagBag from /opt/airflow/dags/main.py
[2025-12-22T05:37:18.323+0000] {processor.py:840} INFO - DAG(s) 'update_db', 'youtube_video_stats' retrieved from /opt/airflow/dags/main.py
[2025-12-22T05:37:18.386+0000] {logging_mixin.py:188} INFO - [2025-12-22T05:37:18.386+0000] {dag.py:3096} INFO - Sync 2 DAGs
[2025-12-22T05:37:18.437+0000] {logging_mixin.py:188} INFO - [2025-12-22T05:37:18.437+0000] {dag.py:3954} INFO - Setting next_dagrun for update_db to 2025-12-21 15:00:00+00:00, run_after=2025-12-22 15:00:00+00:00
[2025-12-22T05:37:18.447+0000] {logging_mixin.py:188} INFO - [2025-12-22T05:37:18.447+0000] {dag.py:3954} INFO - Setting next_dagrun for youtube_video_stats to 2025-12-21 14:00:00+00:00, run_after=2025-12-22 14:00:00+00:00
[2025-12-22T05:37:18.481+0000] {processor.py:183} INFO - Processing /opt/airflow/dags/main.py took 0.643 seconds
[2025-12-22T05:37:48.780+0000] {processor.py:161} INFO - Started process (PID=10300) to work on /opt/airflow/dags/main.py
[2025-12-22T05:37:48.783+0000] {processor.py:830} INFO - Processing file /opt/airflow/dags/main.py for tasks to queue
[2025-12-22T05:37:48.785+0000] {logging_mixin.py:188} INFO - [2025-12-22T05:37:48.784+0000] {dagbag.py:545} INFO - Filling up the DagBag from /opt/airflow/dags/main.py
[2025-12-22T05:37:48.988+0000] {processor.py:840} INFO - DAG(s) 'youtube_video_stats', 'update_db' retrieved from /opt/airflow/dags/main.py
[2025-12-22T05:37:49.048+0000] {logging_mixin.py:188} INFO - [2025-12-22T05:37:49.048+0000] {dag.py:3096} INFO - Sync 2 DAGs
[2025-12-22T05:37:49.085+0000] {logging_mixin.py:188} INFO - [2025-12-22T05:37:49.085+0000] {dag.py:3954} INFO - Setting next_dagrun for update_db to 2025-12-21 15:00:00+00:00, run_after=2025-12-22 15:00:00+00:00
[2025-12-22T05:37:49.097+0000] {logging_mixin.py:188} INFO - [2025-12-22T05:37:49.096+0000] {dag.py:3954} INFO - Setting next_dagrun for youtube_video_stats to 2025-12-21 14:00:00+00:00, run_after=2025-12-22 14:00:00+00:00
[2025-12-22T05:37:49.128+0000] {processor.py:183} INFO - Processing /opt/airflow/dags/main.py took 0.358 seconds
[2025-12-22T05:38:19.448+0000] {processor.py:161} INFO - Started process (PID=10307) to work on /opt/airflow/dags/main.py
[2025-12-22T05:38:19.452+0000] {processor.py:830} INFO - Processing file /opt/airflow/dags/main.py for tasks to queue
[2025-12-22T05:38:19.456+0000] {logging_mixin.py:188} INFO - [2025-12-22T05:38:19.455+0000] {dagbag.py:545} INFO - Filling up the DagBag from /opt/airflow/dags/main.py
[2025-12-22T05:38:19.700+0000] {processor.py:840} INFO - DAG(s) 'youtube_video_stats', 'update_db' retrieved from /opt/airflow/dags/main.py
[2025-12-22T05:38:19.783+0000] {logging_mixin.py:188} INFO - [2025-12-22T05:38:19.783+0000] {dag.py:3096} INFO - Sync 2 DAGs
[2025-12-22T05:38:19.851+0000] {logging_mixin.py:188} INFO - [2025-12-22T05:38:19.851+0000] {dag.py:3954} INFO - Setting next_dagrun for update_db to 2025-12-21 15:00:00+00:00, run_after=2025-12-22 15:00:00+00:00
[2025-12-22T05:38:19.867+0000] {logging_mixin.py:188} INFO - [2025-12-22T05:38:19.866+0000] {dag.py:3954} INFO - Setting next_dagrun for youtube_video_stats to 2025-12-21 14:00:00+00:00, run_after=2025-12-22 14:00:00+00:00
[2025-12-22T05:38:19.910+0000] {processor.py:183} INFO - Processing /opt/airflow/dags/main.py took 0.480 seconds
[2025-12-22T05:38:50.358+0000] {processor.py:161} INFO - Started process (PID=10314) to work on /opt/airflow/dags/main.py
[2025-12-22T05:38:50.363+0000] {processor.py:830} INFO - Processing file /opt/airflow/dags/main.py for tasks to queue
[2025-12-22T05:38:50.366+0000] {logging_mixin.py:188} INFO - [2025-12-22T05:38:50.365+0000] {dagbag.py:545} INFO - Filling up the DagBag from /opt/airflow/dags/main.py
[2025-12-22T05:38:50.674+0000] {processor.py:840} INFO - DAG(s) 'youtube_video_stats', 'update_db' retrieved from /opt/airflow/dags/main.py
[2025-12-22T05:38:50.783+0000] {logging_mixin.py:188} INFO - [2025-12-22T05:38:50.782+0000] {dag.py:3096} INFO - Sync 2 DAGs
[2025-12-22T05:38:50.837+0000] {logging_mixin.py:188} INFO - [2025-12-22T05:38:50.836+0000] {dag.py:3954} INFO - Setting next_dagrun for update_db to 2025-12-21 15:00:00+00:00, run_after=2025-12-22 15:00:00+00:00
[2025-12-22T05:38:50.860+0000] {logging_mixin.py:188} INFO - [2025-12-22T05:38:50.859+0000] {dag.py:3954} INFO - Setting next_dagrun for youtube_video_stats to 2025-12-21 14:00:00+00:00, run_after=2025-12-22 14:00:00+00:00
[2025-12-22T05:38:50.906+0000] {processor.py:183} INFO - Processing /opt/airflow/dags/main.py took 0.579 seconds
[2025-12-22T05:39:21.060+0000] {processor.py:161} INFO - Started process (PID=10321) to work on /opt/airflow/dags/main.py
[2025-12-22T05:39:21.063+0000] {processor.py:830} INFO - Processing file /opt/airflow/dags/main.py for tasks to queue
[2025-12-22T05:39:21.066+0000] {logging_mixin.py:188} INFO - [2025-12-22T05:39:21.065+0000] {dagbag.py:545} INFO - Filling up the DagBag from /opt/airflow/dags/main.py
[2025-12-22T05:39:21.377+0000] {processor.py:840} INFO - DAG(s) 'update_db', 'youtube_video_stats' retrieved from /opt/airflow/dags/main.py
[2025-12-22T05:39:21.509+0000] {logging_mixin.py:188} INFO - [2025-12-22T05:39:21.508+0000] {dag.py:3096} INFO - Sync 2 DAGs
[2025-12-22T05:39:21.637+0000] {logging_mixin.py:188} INFO - [2025-12-22T05:39:21.636+0000] {dag.py:3954} INFO - Setting next_dagrun for update_db to 2025-12-21 15:00:00+00:00, run_after=2025-12-22 15:00:00+00:00
[2025-12-22T05:39:21.660+0000] {logging_mixin.py:188} INFO - [2025-12-22T05:39:21.660+0000] {dag.py:3954} INFO - Setting next_dagrun for youtube_video_stats to 2025-12-21 14:00:00+00:00, run_after=2025-12-22 14:00:00+00:00
[2025-12-22T05:39:21.724+0000] {processor.py:183} INFO - Processing /opt/airflow/dags/main.py took 0.683 seconds
[2025-12-22T05:39:52.079+0000] {processor.py:161} INFO - Started process (PID=10328) to work on /opt/airflow/dags/main.py
[2025-12-22T05:39:52.081+0000] {processor.py:830} INFO - Processing file /opt/airflow/dags/main.py for tasks to queue
[2025-12-22T05:39:52.084+0000] {logging_mixin.py:188} INFO - [2025-12-22T05:39:52.083+0000] {dagbag.py:545} INFO - Filling up the DagBag from /opt/airflow/dags/main.py
[2025-12-22T05:39:52.397+0000] {processor.py:840} INFO - DAG(s) 'youtube_video_stats', 'update_db' retrieved from /opt/airflow/dags/main.py
[2025-12-22T05:39:52.498+0000] {logging_mixin.py:188} INFO - [2025-12-22T05:39:52.497+0000] {dag.py:3096} INFO - Sync 2 DAGs
[2025-12-22T05:39:52.578+0000] {logging_mixin.py:188} INFO - [2025-12-22T05:39:52.576+0000] {dag.py:3954} INFO - Setting next_dagrun for update_db to 2025-12-21 15:00:00+00:00, run_after=2025-12-22 15:00:00+00:00
[2025-12-22T05:39:52.600+0000] {logging_mixin.py:188} INFO - [2025-12-22T05:39:52.599+0000] {dag.py:3954} INFO - Setting next_dagrun for youtube_video_stats to 2025-12-21 14:00:00+00:00, run_after=2025-12-22 14:00:00+00:00
[2025-12-22T05:39:52.658+0000] {processor.py:183} INFO - Processing /opt/airflow/dags/main.py took 0.601 seconds
[2025-12-22T05:40:22.772+0000] {processor.py:161} INFO - Started process (PID=10335) to work on /opt/airflow/dags/main.py
[2025-12-22T05:40:22.774+0000] {processor.py:830} INFO - Processing file /opt/airflow/dags/main.py for tasks to queue
[2025-12-22T05:40:22.776+0000] {logging_mixin.py:188} INFO - [2025-12-22T05:40:22.776+0000] {dagbag.py:545} INFO - Filling up the DagBag from /opt/airflow/dags/main.py
[2025-12-22T05:40:23.051+0000] {processor.py:840} INFO - DAG(s) 'update_db', 'youtube_video_stats' retrieved from /opt/airflow/dags/main.py
[2025-12-22T05:40:23.134+0000] {logging_mixin.py:188} INFO - [2025-12-22T05:40:23.133+0000] {dag.py:3096} INFO - Sync 2 DAGs
[2025-12-22T05:40:23.200+0000] {logging_mixin.py:188} INFO - [2025-12-22T05:40:23.199+0000] {dag.py:3954} INFO - Setting next_dagrun for update_db to 2025-12-21 15:00:00+00:00, run_after=2025-12-22 15:00:00+00:00
[2025-12-22T05:40:23.215+0000] {logging_mixin.py:188} INFO - [2025-12-22T05:40:23.215+0000] {dag.py:3954} INFO - Setting next_dagrun for youtube_video_stats to 2025-12-21 14:00:00+00:00, run_after=2025-12-22 14:00:00+00:00
[2025-12-22T05:40:23.256+0000] {processor.py:183} INFO - Processing /opt/airflow/dags/main.py took 0.502 seconds
[2025-12-22T05:40:53.621+0000] {processor.py:161} INFO - Started process (PID=10342) to work on /opt/airflow/dags/main.py
[2025-12-22T05:40:53.624+0000] {processor.py:830} INFO - Processing file /opt/airflow/dags/main.py for tasks to queue
[2025-12-22T05:40:53.626+0000] {logging_mixin.py:188} INFO - [2025-12-22T05:40:53.625+0000] {dagbag.py:545} INFO - Filling up the DagBag from /opt/airflow/dags/main.py
[2025-12-22T05:40:53.854+0000] {processor.py:840} INFO - DAG(s) 'youtube_video_stats', 'update_db' retrieved from /opt/airflow/dags/main.py
[2025-12-22T05:40:53.915+0000] {logging_mixin.py:188} INFO - [2025-12-22T05:40:53.915+0000] {dag.py:3096} INFO - Sync 2 DAGs
[2025-12-22T05:40:53.962+0000] {logging_mixin.py:188} INFO - [2025-12-22T05:40:53.961+0000] {dag.py:3954} INFO - Setting next_dagrun for update_db to 2025-12-21 15:00:00+00:00, run_after=2025-12-22 15:00:00+00:00
[2025-12-22T05:40:53.972+0000] {logging_mixin.py:188} INFO - [2025-12-22T05:40:53.972+0000] {dag.py:3954} INFO - Setting next_dagrun for youtube_video_stats to 2025-12-21 14:00:00+00:00, run_after=2025-12-22 14:00:00+00:00
[2025-12-22T05:40:54.012+0000] {processor.py:183} INFO - Processing /opt/airflow/dags/main.py took 0.406 seconds
[2025-12-22T05:41:24.389+0000] {processor.py:161} INFO - Started process (PID=10349) to work on /opt/airflow/dags/main.py
[2025-12-22T05:41:24.392+0000] {processor.py:830} INFO - Processing file /opt/airflow/dags/main.py for tasks to queue
[2025-12-22T05:41:24.394+0000] {logging_mixin.py:188} INFO - [2025-12-22T05:41:24.394+0000] {dagbag.py:545} INFO - Filling up the DagBag from /opt/airflow/dags/main.py
[2025-12-22T05:41:24.714+0000] {processor.py:840} INFO - DAG(s) 'youtube_video_stats', 'update_db' retrieved from /opt/airflow/dags/main.py
[2025-12-22T05:41:24.843+0000] {logging_mixin.py:188} INFO - [2025-12-22T05:41:24.842+0000] {dag.py:3096} INFO - Sync 2 DAGs
[2025-12-22T05:41:24.923+0000] {logging_mixin.py:188} INFO - [2025-12-22T05:41:24.923+0000] {dag.py:3954} INFO - Setting next_dagrun for update_db to 2025-12-21 15:00:00+00:00, run_after=2025-12-22 15:00:00+00:00
[2025-12-22T05:41:24.939+0000] {logging_mixin.py:188} INFO - [2025-12-22T05:41:24.938+0000] {dag.py:3954} INFO - Setting next_dagrun for youtube_video_stats to 2025-12-21 14:00:00+00:00, run_after=2025-12-22 14:00:00+00:00
[2025-12-22T05:41:25.002+0000] {processor.py:183} INFO - Processing /opt/airflow/dags/main.py took 0.633 seconds
[2025-12-22T05:41:55.543+0000] {processor.py:161} INFO - Started process (PID=10356) to work on /opt/airflow/dags/main.py
[2025-12-22T05:41:55.545+0000] {processor.py:830} INFO - Processing file /opt/airflow/dags/main.py for tasks to queue
[2025-12-22T05:41:55.553+0000] {logging_mixin.py:188} INFO - [2025-12-22T05:41:55.549+0000] {dagbag.py:545} INFO - Filling up the DagBag from /opt/airflow/dags/main.py
[2025-12-22T05:41:55.870+0000] {processor.py:840} INFO - DAG(s) 'update_db', 'youtube_video_stats' retrieved from /opt/airflow/dags/main.py
[2025-12-22T05:41:55.974+0000] {logging_mixin.py:188} INFO - [2025-12-22T05:41:55.973+0000] {dag.py:3096} INFO - Sync 2 DAGs
[2025-12-22T05:41:56.055+0000] {logging_mixin.py:188} INFO - [2025-12-22T05:41:56.055+0000] {dag.py:3954} INFO - Setting next_dagrun for update_db to 2025-12-21 15:00:00+00:00, run_after=2025-12-22 15:00:00+00:00
[2025-12-22T05:41:56.074+0000] {logging_mixin.py:188} INFO - [2025-12-22T05:41:56.073+0000] {dag.py:3954} INFO - Setting next_dagrun for youtube_video_stats to 2025-12-21 14:00:00+00:00, run_after=2025-12-22 14:00:00+00:00
[2025-12-22T05:41:56.117+0000] {processor.py:183} INFO - Processing /opt/airflow/dags/main.py took 0.592 seconds
[2025-12-22T05:42:26.454+0000] {processor.py:161} INFO - Started process (PID=10363) to work on /opt/airflow/dags/main.py
[2025-12-22T05:42:26.457+0000] {processor.py:830} INFO - Processing file /opt/airflow/dags/main.py for tasks to queue
[2025-12-22T05:42:26.460+0000] {logging_mixin.py:188} INFO - [2025-12-22T05:42:26.459+0000] {dagbag.py:545} INFO - Filling up the DagBag from /opt/airflow/dags/main.py
[2025-12-22T05:42:26.686+0000] {processor.py:840} INFO - DAG(s) 'update_db', 'youtube_video_stats' retrieved from /opt/airflow/dags/main.py
[2025-12-22T05:42:26.756+0000] {logging_mixin.py:188} INFO - [2025-12-22T05:42:26.756+0000] {dag.py:3096} INFO - Sync 2 DAGs
[2025-12-22T05:42:26.814+0000] {logging_mixin.py:188} INFO - [2025-12-22T05:42:26.814+0000] {dag.py:3954} INFO - Setting next_dagrun for update_db to 2025-12-21 15:00:00+00:00, run_after=2025-12-22 15:00:00+00:00
[2025-12-22T05:42:26.826+0000] {logging_mixin.py:188} INFO - [2025-12-22T05:42:26.825+0000] {dag.py:3954} INFO - Setting next_dagrun for youtube_video_stats to 2025-12-21 14:00:00+00:00, run_after=2025-12-22 14:00:00+00:00
[2025-12-22T05:42:26.866+0000] {processor.py:183} INFO - Processing /opt/airflow/dags/main.py took 0.424 seconds
[2025-12-22T09:59:52.697+0000] {processor.py:161} INFO - Started process (PID=10371) to work on /opt/airflow/dags/main.py
[2025-12-22T09:59:52.707+0000] {processor.py:830} INFO - Processing file /opt/airflow/dags/main.py for tasks to queue
[2025-12-22T09:59:52.709+0000] {logging_mixin.py:188} INFO - [2025-12-22T09:59:52.709+0000] {dagbag.py:545} INFO - Filling up the DagBag from /opt/airflow/dags/main.py
[2025-12-22T09:59:53.263+0000] {processor.py:840} INFO - DAG(s) 'update_db', 'youtube_video_stats' retrieved from /opt/airflow/dags/main.py
[2025-12-22T09:59:53.397+0000] {logging_mixin.py:188} INFO - [2025-12-22T09:59:53.397+0000] {dag.py:3096} INFO - Sync 2 DAGs
[2025-12-22T09:59:53.533+0000] {logging_mixin.py:188} INFO - [2025-12-22T09:59:53.533+0000] {dag.py:3954} INFO - Setting next_dagrun for update_db to 2025-12-21 15:00:00+00:00, run_after=2025-12-22 15:00:00+00:00
[2025-12-22T09:59:53.586+0000] {logging_mixin.py:188} INFO - [2025-12-22T09:59:53.586+0000] {dag.py:3954} INFO - Setting next_dagrun for youtube_video_stats to 2025-12-21 14:00:00+00:00, run_after=2025-12-22 14:00:00+00:00
[2025-12-22T09:59:53.651+0000] {processor.py:183} INFO - Processing /opt/airflow/dags/main.py took 0.982 seconds
[2025-12-22T10:00:24.989+0000] {processor.py:161} INFO - Started process (PID=10378) to work on /opt/airflow/dags/main.py
[2025-12-22T10:00:24.993+0000] {processor.py:830} INFO - Processing file /opt/airflow/dags/main.py for tasks to queue
[2025-12-22T10:00:24.999+0000] {logging_mixin.py:188} INFO - [2025-12-22T10:00:24.996+0000] {dagbag.py:545} INFO - Filling up the DagBag from /opt/airflow/dags/main.py
[2025-12-22T10:00:25.436+0000] {processor.py:840} INFO - DAG(s) 'youtube_video_stats', 'update_db' retrieved from /opt/airflow/dags/main.py
[2025-12-22T10:00:25.679+0000] {logging_mixin.py:188} INFO - [2025-12-22T10:00:25.670+0000] {dag.py:3096} INFO - Sync 2 DAGs
[2025-12-22T10:00:25.864+0000] {logging_mixin.py:188} INFO - [2025-12-22T10:00:25.863+0000] {dag.py:3954} INFO - Setting next_dagrun for update_db to 2025-12-21 15:00:00+00:00, run_after=2025-12-22 15:00:00+00:00
[2025-12-22T10:00:25.893+0000] {logging_mixin.py:188} INFO - [2025-12-22T10:00:25.892+0000] {dag.py:3954} INFO - Setting next_dagrun for youtube_video_stats to 2025-12-21 14:00:00+00:00, run_after=2025-12-22 14:00:00+00:00
[2025-12-22T10:00:26.010+0000] {processor.py:183} INFO - Processing /opt/airflow/dags/main.py took 1.045 seconds
[2025-12-22T10:00:56.303+0000] {processor.py:161} INFO - Started process (PID=10385) to work on /opt/airflow/dags/main.py
[2025-12-22T10:00:56.305+0000] {processor.py:830} INFO - Processing file /opt/airflow/dags/main.py for tasks to queue
[2025-12-22T10:00:56.307+0000] {logging_mixin.py:188} INFO - [2025-12-22T10:00:56.306+0000] {dagbag.py:545} INFO - Filling up the DagBag from /opt/airflow/dags/main.py
[2025-12-22T10:00:56.474+0000] {processor.py:840} INFO - DAG(s) 'update_db', 'youtube_video_stats' retrieved from /opt/airflow/dags/main.py
[2025-12-22T10:00:56.524+0000] {logging_mixin.py:188} INFO - [2025-12-22T10:00:56.523+0000] {dag.py:3096} INFO - Sync 2 DAGs
[2025-12-22T10:00:56.573+0000] {logging_mixin.py:188} INFO - [2025-12-22T10:00:56.572+0000] {dag.py:3954} INFO - Setting next_dagrun for update_db to 2025-12-21 15:00:00+00:00, run_after=2025-12-22 15:00:00+00:00
[2025-12-22T10:00:56.583+0000] {logging_mixin.py:188} INFO - [2025-12-22T10:00:56.583+0000] {dag.py:3954} INFO - Setting next_dagrun for youtube_video_stats to 2025-12-21 14:00:00+00:00, run_after=2025-12-22 14:00:00+00:00
[2025-12-22T10:00:56.628+0000] {processor.py:183} INFO - Processing /opt/airflow/dags/main.py took 0.334 seconds
[2025-12-22T10:01:26.870+0000] {processor.py:161} INFO - Started process (PID=10392) to work on /opt/airflow/dags/main.py
[2025-12-22T10:01:26.871+0000] {processor.py:830} INFO - Processing file /opt/airflow/dags/main.py for tasks to queue
[2025-12-22T10:01:26.872+0000] {logging_mixin.py:188} INFO - [2025-12-22T10:01:26.872+0000] {dagbag.py:545} INFO - Filling up the DagBag from /opt/airflow/dags/main.py
[2025-12-22T10:01:27.010+0000] {processor.py:840} INFO - DAG(s) 'update_db', 'youtube_video_stats' retrieved from /opt/airflow/dags/main.py
[2025-12-22T10:01:27.077+0000] {logging_mixin.py:188} INFO - [2025-12-22T10:01:27.077+0000] {dag.py:3096} INFO - Sync 2 DAGs
[2025-12-22T10:01:27.106+0000] {logging_mixin.py:188} INFO - [2025-12-22T10:01:27.106+0000] {dag.py:3954} INFO - Setting next_dagrun for update_db to 2025-12-21 15:00:00+00:00, run_after=2025-12-22 15:00:00+00:00
[2025-12-22T10:01:27.113+0000] {logging_mixin.py:188} INFO - [2025-12-22T10:01:27.113+0000] {dag.py:3954} INFO - Setting next_dagrun for youtube_video_stats to 2025-12-21 14:00:00+00:00, run_after=2025-12-22 14:00:00+00:00
[2025-12-22T10:01:27.134+0000] {processor.py:183} INFO - Processing /opt/airflow/dags/main.py took 0.271 seconds
[2025-12-22T10:01:57.384+0000] {processor.py:161} INFO - Started process (PID=10399) to work on /opt/airflow/dags/main.py
[2025-12-22T10:01:57.385+0000] {processor.py:830} INFO - Processing file /opt/airflow/dags/main.py for tasks to queue
[2025-12-22T10:01:57.387+0000] {logging_mixin.py:188} INFO - [2025-12-22T10:01:57.386+0000] {dagbag.py:545} INFO - Filling up the DagBag from /opt/airflow/dags/main.py
[2025-12-22T10:01:57.526+0000] {processor.py:840} INFO - DAG(s) 'youtube_video_stats', 'update_db' retrieved from /opt/airflow/dags/main.py
[2025-12-22T10:01:57.563+0000] {logging_mixin.py:188} INFO - [2025-12-22T10:01:57.562+0000] {dag.py:3096} INFO - Sync 2 DAGs
[2025-12-22T10:01:57.594+0000] {logging_mixin.py:188} INFO - [2025-12-22T10:01:57.593+0000] {dag.py:3954} INFO - Setting next_dagrun for update_db to 2025-12-21 15:00:00+00:00, run_after=2025-12-22 15:00:00+00:00
[2025-12-22T10:01:57.600+0000] {logging_mixin.py:188} INFO - [2025-12-22T10:01:57.600+0000] {dag.py:3954} INFO - Setting next_dagrun for youtube_video_stats to 2025-12-21 14:00:00+00:00, run_after=2025-12-22 14:00:00+00:00
[2025-12-22T10:01:57.620+0000] {processor.py:183} INFO - Processing /opt/airflow/dags/main.py took 0.246 seconds
[2025-12-22T10:02:27.858+0000] {processor.py:161} INFO - Started process (PID=10406) to work on /opt/airflow/dags/main.py
[2025-12-22T10:02:27.860+0000] {processor.py:830} INFO - Processing file /opt/airflow/dags/main.py for tasks to queue
[2025-12-22T10:02:27.862+0000] {logging_mixin.py:188} INFO - [2025-12-22T10:02:27.862+0000] {dagbag.py:545} INFO - Filling up the DagBag from /opt/airflow/dags/main.py
[2025-12-22T10:02:28.004+0000] {processor.py:840} INFO - DAG(s) 'youtube_video_stats', 'update_db' retrieved from /opt/airflow/dags/main.py
[2025-12-22T10:02:28.041+0000] {logging_mixin.py:188} INFO - [2025-12-22T10:02:28.041+0000] {dag.py:3096} INFO - Sync 2 DAGs
[2025-12-22T10:02:28.069+0000] {logging_mixin.py:188} INFO - [2025-12-22T10:02:28.069+0000] {dag.py:3954} INFO - Setting next_dagrun for update_db to 2025-12-21 15:00:00+00:00, run_after=2025-12-22 15:00:00+00:00
[2025-12-22T10:02:28.076+0000] {logging_mixin.py:188} INFO - [2025-12-22T10:02:28.076+0000] {dag.py:3954} INFO - Setting next_dagrun for youtube_video_stats to 2025-12-21 14:00:00+00:00, run_after=2025-12-22 14:00:00+00:00
[2025-12-22T10:02:28.101+0000] {processor.py:183} INFO - Processing /opt/airflow/dags/main.py took 0.252 seconds
[2025-12-22T10:02:58.350+0000] {processor.py:161} INFO - Started process (PID=10413) to work on /opt/airflow/dags/main.py
[2025-12-22T10:02:58.353+0000] {processor.py:830} INFO - Processing file /opt/airflow/dags/main.py for tasks to queue
[2025-12-22T10:02:58.355+0000] {logging_mixin.py:188} INFO - [2025-12-22T10:02:58.354+0000] {dagbag.py:545} INFO - Filling up the DagBag from /opt/airflow/dags/main.py
[2025-12-22T10:02:58.549+0000] {processor.py:840} INFO - DAG(s) 'youtube_video_stats', 'update_db' retrieved from /opt/airflow/dags/main.py
[2025-12-22T10:02:58.619+0000] {logging_mixin.py:188} INFO - [2025-12-22T10:02:58.619+0000] {dag.py:3096} INFO - Sync 2 DAGs
[2025-12-22T10:02:58.673+0000] {logging_mixin.py:188} INFO - [2025-12-22T10:02:58.672+0000] {dag.py:3954} INFO - Setting next_dagrun for update_db to 2025-12-21 15:00:00+00:00, run_after=2025-12-22 15:00:00+00:00
[2025-12-22T10:02:58.686+0000] {logging_mixin.py:188} INFO - [2025-12-22T10:02:58.686+0000] {dag.py:3954} INFO - Setting next_dagrun for youtube_video_stats to 2025-12-21 14:00:00+00:00, run_after=2025-12-22 14:00:00+00:00
[2025-12-22T10:02:58.731+0000] {processor.py:183} INFO - Processing /opt/airflow/dags/main.py took 0.397 seconds
[2025-12-22T10:03:28.986+0000] {processor.py:161} INFO - Started process (PID=10420) to work on /opt/airflow/dags/main.py
[2025-12-22T10:03:28.988+0000] {processor.py:830} INFO - Processing file /opt/airflow/dags/main.py for tasks to queue
[2025-12-22T10:03:28.989+0000] {logging_mixin.py:188} INFO - [2025-12-22T10:03:28.989+0000] {dagbag.py:545} INFO - Filling up the DagBag from /opt/airflow/dags/main.py
[2025-12-22T10:03:29.100+0000] {processor.py:840} INFO - DAG(s) 'update_db', 'youtube_video_stats' retrieved from /opt/airflow/dags/main.py
[2025-12-22T10:03:29.134+0000] {logging_mixin.py:188} INFO - [2025-12-22T10:03:29.134+0000] {dag.py:3096} INFO - Sync 2 DAGs
[2025-12-22T10:03:29.156+0000] {logging_mixin.py:188} INFO - [2025-12-22T10:03:29.156+0000] {dag.py:3954} INFO - Setting next_dagrun for update_db to 2025-12-21 15:00:00+00:00, run_after=2025-12-22 15:00:00+00:00
[2025-12-22T10:03:29.162+0000] {logging_mixin.py:188} INFO - [2025-12-22T10:03:29.162+0000] {dag.py:3954} INFO - Setting next_dagrun for youtube_video_stats to 2025-12-21 14:00:00+00:00, run_after=2025-12-22 14:00:00+00:00
[2025-12-22T10:03:29.181+0000] {processor.py:183} INFO - Processing /opt/airflow/dags/main.py took 0.202 seconds
[2025-12-22T10:03:59.414+0000] {processor.py:161} INFO - Started process (PID=10427) to work on /opt/airflow/dags/main.py
[2025-12-22T10:03:59.416+0000] {processor.py:830} INFO - Processing file /opt/airflow/dags/main.py for tasks to queue
[2025-12-22T10:03:59.417+0000] {logging_mixin.py:188} INFO - [2025-12-22T10:03:59.417+0000] {dagbag.py:545} INFO - Filling up the DagBag from /opt/airflow/dags/main.py
[2025-12-22T10:03:59.531+0000] {processor.py:840} INFO - DAG(s) 'youtube_video_stats', 'update_db' retrieved from /opt/airflow/dags/main.py
[2025-12-22T10:03:59.600+0000] {logging_mixin.py:188} INFO - [2025-12-22T10:03:59.600+0000] {dag.py:3096} INFO - Sync 2 DAGs
[2025-12-22T10:03:59.649+0000] {logging_mixin.py:188} INFO - [2025-12-22T10:03:59.648+0000] {dag.py:3954} INFO - Setting next_dagrun for update_db to 2025-12-21 15:00:00+00:00, run_after=2025-12-22 15:00:00+00:00
[2025-12-22T10:03:59.663+0000] {logging_mixin.py:188} INFO - [2025-12-22T10:03:59.663+0000] {dag.py:3954} INFO - Setting next_dagrun for youtube_video_stats to 2025-12-21 14:00:00+00:00, run_after=2025-12-22 14:00:00+00:00
[2025-12-22T10:03:59.702+0000] {processor.py:183} INFO - Processing /opt/airflow/dags/main.py took 0.295 seconds
[2025-12-22T10:04:29.951+0000] {processor.py:161} INFO - Started process (PID=10434) to work on /opt/airflow/dags/main.py
[2025-12-22T10:04:29.953+0000] {processor.py:830} INFO - Processing file /opt/airflow/dags/main.py for tasks to queue
[2025-12-22T10:04:29.954+0000] {logging_mixin.py:188} INFO - [2025-12-22T10:04:29.954+0000] {dagbag.py:545} INFO - Filling up the DagBag from /opt/airflow/dags/main.py
[2025-12-22T10:04:30.063+0000] {processor.py:840} INFO - DAG(s) 'update_db', 'youtube_video_stats' retrieved from /opt/airflow/dags/main.py
[2025-12-22T10:04:30.092+0000] {logging_mixin.py:188} INFO - [2025-12-22T10:04:30.092+0000] {dag.py:3096} INFO - Sync 2 DAGs
[2025-12-22T10:04:30.116+0000] {logging_mixin.py:188} INFO - [2025-12-22T10:04:30.116+0000] {dag.py:3954} INFO - Setting next_dagrun for update_db to 2025-12-21 15:00:00+00:00, run_after=2025-12-22 15:00:00+00:00
[2025-12-22T10:04:30.122+0000] {logging_mixin.py:188} INFO - [2025-12-22T10:04:30.122+0000] {dag.py:3954} INFO - Setting next_dagrun for youtube_video_stats to 2025-12-21 14:00:00+00:00, run_after=2025-12-22 14:00:00+00:00
[2025-12-22T10:04:30.145+0000] {processor.py:183} INFO - Processing /opt/airflow/dags/main.py took 0.200 seconds
[2025-12-22T11:15:15.019+0000] {processor.py:161} INFO - Started process (PID=10441) to work on /opt/airflow/dags/main.py
[2025-12-22T11:15:15.045+0000] {processor.py:830} INFO - Processing file /opt/airflow/dags/main.py for tasks to queue
[2025-12-22T11:15:15.084+0000] {logging_mixin.py:188} INFO - [2025-12-22T11:15:15.083+0000] {dagbag.py:545} INFO - Filling up the DagBag from /opt/airflow/dags/main.py
[2025-12-22T11:15:17.334+0000] {processor.py:840} INFO - DAG(s) 'update_db', 'youtube_video_stats' retrieved from /opt/airflow/dags/main.py
[2025-12-22T11:15:17.641+0000] {logging_mixin.py:188} INFO - [2025-12-22T11:15:17.640+0000] {dag.py:3096} INFO - Sync 2 DAGs
[2025-12-22T11:15:17.726+0000] {logging_mixin.py:188} INFO - [2025-12-22T11:15:17.726+0000] {dag.py:3954} INFO - Setting next_dagrun for update_db to 2025-12-21 15:00:00+00:00, run_after=2025-12-22 15:00:00+00:00
[2025-12-22T11:15:17.755+0000] {logging_mixin.py:188} INFO - [2025-12-22T11:15:17.754+0000] {dag.py:3954} INFO - Setting next_dagrun for youtube_video_stats to 2025-12-21 14:00:00+00:00, run_after=2025-12-22 14:00:00+00:00
[2025-12-22T11:15:17.875+0000] {processor.py:183} INFO - Processing /opt/airflow/dags/main.py took 2.874 seconds
[2025-12-22T11:15:48.592+0000] {processor.py:161} INFO - Started process (PID=10448) to work on /opt/airflow/dags/main.py
[2025-12-22T11:15:48.595+0000] {processor.py:830} INFO - Processing file /opt/airflow/dags/main.py for tasks to queue
[2025-12-22T11:15:48.597+0000] {logging_mixin.py:188} INFO - [2025-12-22T11:15:48.597+0000] {dagbag.py:545} INFO - Filling up the DagBag from /opt/airflow/dags/main.py
[2025-12-22T11:15:48.789+0000] {processor.py:840} INFO - DAG(s) 'youtube_video_stats', 'update_db' retrieved from /opt/airflow/dags/main.py
[2025-12-22T11:15:48.856+0000] {logging_mixin.py:188} INFO - [2025-12-22T11:15:48.855+0000] {dag.py:3096} INFO - Sync 2 DAGs
[2025-12-22T11:15:48.902+0000] {logging_mixin.py:188} INFO - [2025-12-22T11:15:48.902+0000] {dag.py:3954} INFO - Setting next_dagrun for update_db to 2025-12-21 15:00:00+00:00, run_after=2025-12-22 15:00:00+00:00
[2025-12-22T11:15:48.916+0000] {logging_mixin.py:188} INFO - [2025-12-22T11:15:48.916+0000] {dag.py:3954} INFO - Setting next_dagrun for youtube_video_stats to 2025-12-21 14:00:00+00:00, run_after=2025-12-22 14:00:00+00:00
[2025-12-22T11:15:48.949+0000] {processor.py:183} INFO - Processing /opt/airflow/dags/main.py took 0.368 seconds
[2025-12-22T11:16:19.185+0000] {processor.py:161} INFO - Started process (PID=10456) to work on /opt/airflow/dags/main.py
[2025-12-22T11:16:19.187+0000] {processor.py:830} INFO - Processing file /opt/airflow/dags/main.py for tasks to queue
[2025-12-22T11:16:19.188+0000] {logging_mixin.py:188} INFO - [2025-12-22T11:16:19.188+0000] {dagbag.py:545} INFO - Filling up the DagBag from /opt/airflow/dags/main.py
[2025-12-22T11:16:19.293+0000] {processor.py:840} INFO - DAG(s) 'youtube_video_stats', 'update_db' retrieved from /opt/airflow/dags/main.py
[2025-12-22T11:16:19.328+0000] {logging_mixin.py:188} INFO - [2025-12-22T11:16:19.327+0000] {dag.py:3096} INFO - Sync 2 DAGs
[2025-12-22T11:16:19.351+0000] {logging_mixin.py:188} INFO - [2025-12-22T11:16:19.351+0000] {dag.py:3954} INFO - Setting next_dagrun for update_db to 2025-12-21 15:00:00+00:00, run_after=2025-12-22 15:00:00+00:00
[2025-12-22T11:16:19.357+0000] {logging_mixin.py:188} INFO - [2025-12-22T11:16:19.356+0000] {dag.py:3954} INFO - Setting next_dagrun for youtube_video_stats to 2025-12-21 14:00:00+00:00, run_after=2025-12-22 14:00:00+00:00
[2025-12-22T11:16:19.379+0000] {processor.py:183} INFO - Processing /opt/airflow/dags/main.py took 0.201 seconds
[2025-12-22T11:16:49.617+0000] {processor.py:161} INFO - Started process (PID=10463) to work on /opt/airflow/dags/main.py
[2025-12-22T11:16:49.618+0000] {processor.py:830} INFO - Processing file /opt/airflow/dags/main.py for tasks to queue
[2025-12-22T11:16:49.619+0000] {logging_mixin.py:188} INFO - [2025-12-22T11:16:49.619+0000] {dagbag.py:545} INFO - Filling up the DagBag from /opt/airflow/dags/main.py
[2025-12-22T11:16:49.755+0000] {processor.py:840} INFO - DAG(s) 'update_db', 'youtube_video_stats' retrieved from /opt/airflow/dags/main.py
[2025-12-22T11:16:49.799+0000] {logging_mixin.py:188} INFO - [2025-12-22T11:16:49.799+0000] {dag.py:3096} INFO - Sync 2 DAGs
[2025-12-22T11:16:49.820+0000] {logging_mixin.py:188} INFO - [2025-12-22T11:16:49.819+0000] {dag.py:3954} INFO - Setting next_dagrun for update_db to 2025-12-21 15:00:00+00:00, run_after=2025-12-22 15:00:00+00:00
[2025-12-22T11:16:49.824+0000] {logging_mixin.py:188} INFO - [2025-12-22T11:16:49.824+0000] {dag.py:3954} INFO - Setting next_dagrun for youtube_video_stats to 2025-12-21 14:00:00+00:00, run_after=2025-12-22 14:00:00+00:00
[2025-12-22T11:16:49.845+0000] {processor.py:183} INFO - Processing /opt/airflow/dags/main.py took 0.235 seconds
[2025-12-22T11:17:20.084+0000] {processor.py:161} INFO - Started process (PID=10470) to work on /opt/airflow/dags/main.py
[2025-12-22T11:17:20.085+0000] {processor.py:830} INFO - Processing file /opt/airflow/dags/main.py for tasks to queue
[2025-12-22T11:17:20.087+0000] {logging_mixin.py:188} INFO - [2025-12-22T11:17:20.087+0000] {dagbag.py:545} INFO - Filling up the DagBag from /opt/airflow/dags/main.py
[2025-12-22T11:17:20.191+0000] {processor.py:840} INFO - DAG(s) 'youtube_video_stats', 'update_db' retrieved from /opt/airflow/dags/main.py
[2025-12-22T11:17:20.225+0000] {logging_mixin.py:188} INFO - [2025-12-22T11:17:20.224+0000] {dag.py:3096} INFO - Sync 2 DAGs
[2025-12-22T11:17:20.247+0000] {logging_mixin.py:188} INFO - [2025-12-22T11:17:20.247+0000] {dag.py:3954} INFO - Setting next_dagrun for update_db to 2025-12-21 15:00:00+00:00, run_after=2025-12-22 15:00:00+00:00
[2025-12-22T11:17:20.252+0000] {logging_mixin.py:188} INFO - [2025-12-22T11:17:20.251+0000] {dag.py:3954} INFO - Setting next_dagrun for youtube_video_stats to 2025-12-21 14:00:00+00:00, run_after=2025-12-22 14:00:00+00:00
[2025-12-22T11:17:20.274+0000] {processor.py:183} INFO - Processing /opt/airflow/dags/main.py took 0.197 seconds
[2025-12-22T11:17:50.494+0000] {processor.py:161} INFO - Started process (PID=10477) to work on /opt/airflow/dags/main.py
[2025-12-22T11:17:50.495+0000] {processor.py:830} INFO - Processing file /opt/airflow/dags/main.py for tasks to queue
[2025-12-22T11:17:50.496+0000] {logging_mixin.py:188} INFO - [2025-12-22T11:17:50.496+0000] {dagbag.py:545} INFO - Filling up the DagBag from /opt/airflow/dags/main.py
[2025-12-22T11:17:50.628+0000] {processor.py:840} INFO - DAG(s) 'youtube_video_stats', 'update_db' retrieved from /opt/airflow/dags/main.py
[2025-12-22T11:17:50.658+0000] {logging_mixin.py:188} INFO - [2025-12-22T11:17:50.658+0000] {dag.py:3096} INFO - Sync 2 DAGs
[2025-12-22T11:17:50.680+0000] {logging_mixin.py:188} INFO - [2025-12-22T11:17:50.679+0000] {dag.py:3954} INFO - Setting next_dagrun for update_db to 2025-12-21 15:00:00+00:00, run_after=2025-12-22 15:00:00+00:00
[2025-12-22T11:17:50.687+0000] {logging_mixin.py:188} INFO - [2025-12-22T11:17:50.687+0000] {dag.py:3954} INFO - Setting next_dagrun for youtube_video_stats to 2025-12-21 14:00:00+00:00, run_after=2025-12-22 14:00:00+00:00
[2025-12-22T11:17:50.709+0000] {processor.py:183} INFO - Processing /opt/airflow/dags/main.py took 0.220 seconds
[2025-12-22T11:18:20.937+0000] {processor.py:161} INFO - Started process (PID=10484) to work on /opt/airflow/dags/main.py
[2025-12-22T11:18:20.939+0000] {processor.py:830} INFO - Processing file /opt/airflow/dags/main.py for tasks to queue
[2025-12-22T11:18:20.940+0000] {logging_mixin.py:188} INFO - [2025-12-22T11:18:20.940+0000] {dagbag.py:545} INFO - Filling up the DagBag from /opt/airflow/dags/main.py
[2025-12-22T11:18:21.046+0000] {processor.py:840} INFO - DAG(s) 'youtube_video_stats', 'update_db' retrieved from /opt/airflow/dags/main.py
[2025-12-22T11:18:21.089+0000] {logging_mixin.py:188} INFO - [2025-12-22T11:18:21.089+0000] {dag.py:3096} INFO - Sync 2 DAGs
[2025-12-22T11:18:21.115+0000] {logging_mixin.py:188} INFO - [2025-12-22T11:18:21.114+0000] {dag.py:3954} INFO - Setting next_dagrun for update_db to 2025-12-21 15:00:00+00:00, run_after=2025-12-22 15:00:00+00:00
[2025-12-22T11:18:21.120+0000] {logging_mixin.py:188} INFO - [2025-12-22T11:18:21.119+0000] {dag.py:3954} INFO - Setting next_dagrun for youtube_video_stats to 2025-12-21 14:00:00+00:00, run_after=2025-12-22 14:00:00+00:00
[2025-12-22T11:18:21.138+0000] {processor.py:183} INFO - Processing /opt/airflow/dags/main.py took 0.209 seconds
[2025-12-22T11:18:51.381+0000] {processor.py:161} INFO - Started process (PID=10491) to work on /opt/airflow/dags/main.py
[2025-12-22T11:18:51.383+0000] {processor.py:830} INFO - Processing file /opt/airflow/dags/main.py for tasks to queue
[2025-12-22T11:18:51.384+0000] {logging_mixin.py:188} INFO - [2025-12-22T11:18:51.384+0000] {dagbag.py:545} INFO - Filling up the DagBag from /opt/airflow/dags/main.py
[2025-12-22T11:18:51.496+0000] {processor.py:840} INFO - DAG(s) 'youtube_video_stats', 'update_db' retrieved from /opt/airflow/dags/main.py
[2025-12-22T11:18:51.536+0000] {logging_mixin.py:188} INFO - [2025-12-22T11:18:51.536+0000] {dag.py:3096} INFO - Sync 2 DAGs
[2025-12-22T11:18:51.564+0000] {logging_mixin.py:188} INFO - [2025-12-22T11:18:51.563+0000] {dag.py:3954} INFO - Setting next_dagrun for update_db to 2025-12-21 15:00:00+00:00, run_after=2025-12-22 15:00:00+00:00
[2025-12-22T11:18:51.570+0000] {logging_mixin.py:188} INFO - [2025-12-22T11:18:51.570+0000] {dag.py:3954} INFO - Setting next_dagrun for youtube_video_stats to 2025-12-21 14:00:00+00:00, run_after=2025-12-22 14:00:00+00:00
[2025-12-22T11:18:51.590+0000] {processor.py:183} INFO - Processing /opt/airflow/dags/main.py took 0.221 seconds
[2025-12-22T11:19:21.804+0000] {processor.py:161} INFO - Started process (PID=10498) to work on /opt/airflow/dags/main.py
[2025-12-22T11:19:21.805+0000] {processor.py:830} INFO - Processing file /opt/airflow/dags/main.py for tasks to queue
[2025-12-22T11:19:21.806+0000] {logging_mixin.py:188} INFO - [2025-12-22T11:19:21.805+0000] {dagbag.py:545} INFO - Filling up the DagBag from /opt/airflow/dags/main.py
[2025-12-22T11:19:21.935+0000] {processor.py:840} INFO - DAG(s) 'update_db', 'youtube_video_stats' retrieved from /opt/airflow/dags/main.py
[2025-12-22T11:19:21.975+0000] {logging_mixin.py:188} INFO - [2025-12-22T11:19:21.975+0000] {dag.py:3096} INFO - Sync 2 DAGs
[2025-12-22T11:19:22.002+0000] {logging_mixin.py:188} INFO - [2025-12-22T11:19:22.001+0000] {dag.py:3954} INFO - Setting next_dagrun for update_db to 2025-12-21 15:00:00+00:00, run_after=2025-12-22 15:00:00+00:00
[2025-12-22T11:19:22.009+0000] {logging_mixin.py:188} INFO - [2025-12-22T11:19:22.009+0000] {dag.py:3954} INFO - Setting next_dagrun for youtube_video_stats to 2025-12-21 14:00:00+00:00, run_after=2025-12-22 14:00:00+00:00
[2025-12-22T11:19:22.034+0000] {processor.py:183} INFO - Processing /opt/airflow/dags/main.py took 0.237 seconds
[2025-12-22T11:19:52.257+0000] {processor.py:161} INFO - Started process (PID=10505) to work on /opt/airflow/dags/main.py
[2025-12-22T11:19:52.258+0000] {processor.py:830} INFO - Processing file /opt/airflow/dags/main.py for tasks to queue
[2025-12-22T11:19:52.259+0000] {logging_mixin.py:188} INFO - [2025-12-22T11:19:52.259+0000] {dagbag.py:545} INFO - Filling up the DagBag from /opt/airflow/dags/main.py
[2025-12-22T11:19:52.367+0000] {processor.py:840} INFO - DAG(s) 'youtube_video_stats', 'update_db' retrieved from /opt/airflow/dags/main.py
[2025-12-22T11:19:52.400+0000] {logging_mixin.py:188} INFO - [2025-12-22T11:19:52.399+0000] {dag.py:3096} INFO - Sync 2 DAGs
[2025-12-22T11:19:52.424+0000] {logging_mixin.py:188} INFO - [2025-12-22T11:19:52.424+0000] {dag.py:3954} INFO - Setting next_dagrun for update_db to 2025-12-21 15:00:00+00:00, run_after=2025-12-22 15:00:00+00:00
[2025-12-22T11:19:52.430+0000] {logging_mixin.py:188} INFO - [2025-12-22T11:19:52.430+0000] {dag.py:3954} INFO - Setting next_dagrun for youtube_video_stats to 2025-12-21 14:00:00+00:00, run_after=2025-12-22 14:00:00+00:00
[2025-12-22T11:19:52.451+0000] {processor.py:183} INFO - Processing /opt/airflow/dags/main.py took 0.201 seconds
[2025-12-22T11:20:23.014+0000] {processor.py:161} INFO - Started process (PID=10512) to work on /opt/airflow/dags/main.py
[2025-12-22T11:20:23.020+0000] {processor.py:830} INFO - Processing file /opt/airflow/dags/main.py for tasks to queue
[2025-12-22T11:20:23.026+0000] {logging_mixin.py:188} INFO - [2025-12-22T11:20:23.025+0000] {dagbag.py:545} INFO - Filling up the DagBag from /opt/airflow/dags/main.py
[2025-12-22T11:20:23.480+0000] {processor.py:840} INFO - DAG(s) 'update_db', 'youtube_video_stats' retrieved from /opt/airflow/dags/main.py
[2025-12-22T11:20:23.596+0000] {logging_mixin.py:188} INFO - [2025-12-22T11:20:23.595+0000] {dag.py:3096} INFO - Sync 2 DAGs
[2025-12-22T11:20:23.665+0000] {logging_mixin.py:188} INFO - [2025-12-22T11:20:23.664+0000] {dag.py:3954} INFO - Setting next_dagrun for update_db to 2025-12-21 15:00:00+00:00, run_after=2025-12-22 15:00:00+00:00
[2025-12-22T11:20:23.678+0000] {logging_mixin.py:188} INFO - [2025-12-22T11:20:23.678+0000] {dag.py:3954} INFO - Setting next_dagrun for youtube_video_stats to 2025-12-21 14:00:00+00:00, run_after=2025-12-22 14:00:00+00:00
[2025-12-22T11:20:23.730+0000] {processor.py:183} INFO - Processing /opt/airflow/dags/main.py took 0.749 seconds
[2025-12-22T14:12:07.550+0000] {processor.py:161} INFO - Started process (PID=10519) to work on /opt/airflow/dags/main.py
[2025-12-22T14:12:07.553+0000] {processor.py:830} INFO - Processing file /opt/airflow/dags/main.py for tasks to queue
[2025-12-22T14:12:07.560+0000] {logging_mixin.py:188} INFO - [2025-12-22T14:12:07.559+0000] {dagbag.py:545} INFO - Filling up the DagBag from /opt/airflow/dags/main.py
[2025-12-22T14:12:08.275+0000] {processor.py:840} INFO - DAG(s) 'youtube_video_stats', 'update_db' retrieved from /opt/airflow/dags/main.py
[2025-12-22T14:12:08.500+0000] {logging_mixin.py:188} INFO - [2025-12-22T14:12:08.500+0000] {dag.py:3096} INFO - Sync 2 DAGs
[2025-12-22T14:12:08.835+0000] {logging_mixin.py:188} INFO - [2025-12-22T14:12:08.835+0000] {dag.py:3954} INFO - Setting next_dagrun for update_db to 2025-12-21 15:00:00+00:00, run_after=2025-12-22 15:00:00+00:00
[2025-12-22T14:12:08.867+0000] {logging_mixin.py:188} INFO - [2025-12-22T14:12:08.866+0000] {dag.py:3954} INFO - Setting next_dagrun for youtube_video_stats to 2025-12-22 14:00:00+00:00, run_after=2025-12-23 14:00:00+00:00
[2025-12-22T14:12:08.931+0000] {processor.py:183} INFO - Processing /opt/airflow/dags/main.py took 1.392 seconds
[2025-12-22T14:12:39.185+0000] {processor.py:161} INFO - Started process (PID=10526) to work on /opt/airflow/dags/main.py
[2025-12-22T14:12:39.188+0000] {processor.py:830} INFO - Processing file /opt/airflow/dags/main.py for tasks to queue
[2025-12-22T14:12:39.191+0000] {logging_mixin.py:188} INFO - [2025-12-22T14:12:39.190+0000] {dagbag.py:545} INFO - Filling up the DagBag from /opt/airflow/dags/main.py
[2025-12-22T14:12:39.672+0000] {processor.py:840} INFO - DAG(s) 'youtube_video_stats', 'update_db' retrieved from /opt/airflow/dags/main.py
[2025-12-22T14:12:39.805+0000] {logging_mixin.py:188} INFO - [2025-12-22T14:12:39.803+0000] {dag.py:3096} INFO - Sync 2 DAGs
[2025-12-22T14:12:39.928+0000] {logging_mixin.py:188} INFO - [2025-12-22T14:12:39.927+0000] {dag.py:3954} INFO - Setting next_dagrun for update_db to 2025-12-21 15:00:00+00:00, run_after=2025-12-22 15:00:00+00:00
[2025-12-22T14:12:39.954+0000] {logging_mixin.py:188} INFO - [2025-12-22T14:12:39.954+0000] {dag.py:3954} INFO - Setting next_dagrun for youtube_video_stats to 2025-12-22 14:00:00+00:00, run_after=2025-12-23 14:00:00+00:00
[2025-12-22T14:12:40.022+0000] {processor.py:183} INFO - Processing /opt/airflow/dags/main.py took 0.885 seconds
[2025-12-22T14:13:10.325+0000] {processor.py:161} INFO - Started process (PID=10533) to work on /opt/airflow/dags/main.py
[2025-12-22T14:13:10.326+0000] {processor.py:830} INFO - Processing file /opt/airflow/dags/main.py for tasks to queue
[2025-12-22T14:13:10.327+0000] {logging_mixin.py:188} INFO - [2025-12-22T14:13:10.327+0000] {dagbag.py:545} INFO - Filling up the DagBag from /opt/airflow/dags/main.py
[2025-12-22T14:13:10.428+0000] {processor.py:840} INFO - DAG(s) 'youtube_video_stats', 'update_db' retrieved from /opt/airflow/dags/main.py
[2025-12-22T14:13:10.461+0000] {logging_mixin.py:188} INFO - [2025-12-22T14:13:10.460+0000] {dag.py:3096} INFO - Sync 2 DAGs
[2025-12-22T14:13:10.484+0000] {logging_mixin.py:188} INFO - [2025-12-22T14:13:10.484+0000] {dag.py:3954} INFO - Setting next_dagrun for update_db to 2025-12-21 15:00:00+00:00, run_after=2025-12-22 15:00:00+00:00
[2025-12-22T14:13:10.491+0000] {logging_mixin.py:188} INFO - [2025-12-22T14:13:10.491+0000] {dag.py:3954} INFO - Setting next_dagrun for youtube_video_stats to 2025-12-22 14:00:00+00:00, run_after=2025-12-23 14:00:00+00:00
[2025-12-22T14:13:10.512+0000] {processor.py:183} INFO - Processing /opt/airflow/dags/main.py took 0.194 seconds
[2025-12-22T14:13:40.723+0000] {processor.py:161} INFO - Started process (PID=10540) to work on /opt/airflow/dags/main.py
[2025-12-22T14:13:40.725+0000] {processor.py:830} INFO - Processing file /opt/airflow/dags/main.py for tasks to queue
[2025-12-22T14:13:40.726+0000] {logging_mixin.py:188} INFO - [2025-12-22T14:13:40.725+0000] {dagbag.py:545} INFO - Filling up the DagBag from /opt/airflow/dags/main.py
[2025-12-22T14:13:40.833+0000] {processor.py:840} INFO - DAG(s) 'youtube_video_stats', 'update_db' retrieved from /opt/airflow/dags/main.py
[2025-12-22T14:13:40.867+0000] {logging_mixin.py:188} INFO - [2025-12-22T14:13:40.867+0000] {dag.py:3096} INFO - Sync 2 DAGs
[2025-12-22T14:13:40.890+0000] {logging_mixin.py:188} INFO - [2025-12-22T14:13:40.889+0000] {dag.py:3954} INFO - Setting next_dagrun for update_db to 2025-12-21 15:00:00+00:00, run_after=2025-12-22 15:00:00+00:00
[2025-12-22T14:13:40.895+0000] {logging_mixin.py:188} INFO - [2025-12-22T14:13:40.895+0000] {dag.py:3954} INFO - Setting next_dagrun for youtube_video_stats to 2025-12-22 14:00:00+00:00, run_after=2025-12-23 14:00:00+00:00
[2025-12-22T14:13:40.922+0000] {processor.py:183} INFO - Processing /opt/airflow/dags/main.py took 0.205 seconds
[2025-12-22T14:14:11.163+0000] {processor.py:161} INFO - Started process (PID=10547) to work on /opt/airflow/dags/main.py
[2025-12-22T14:14:11.165+0000] {processor.py:830} INFO - Processing file /opt/airflow/dags/main.py for tasks to queue
[2025-12-22T14:14:11.166+0000] {logging_mixin.py:188} INFO - [2025-12-22T14:14:11.166+0000] {dagbag.py:545} INFO - Filling up the DagBag from /opt/airflow/dags/main.py
[2025-12-22T14:14:11.278+0000] {processor.py:840} INFO - DAG(s) 'update_db', 'youtube_video_stats' retrieved from /opt/airflow/dags/main.py
[2025-12-22T14:14:11.311+0000] {logging_mixin.py:188} INFO - [2025-12-22T14:14:11.311+0000] {dag.py:3096} INFO - Sync 2 DAGs
[2025-12-22T14:14:11.335+0000] {logging_mixin.py:188} INFO - [2025-12-22T14:14:11.335+0000] {dag.py:3954} INFO - Setting next_dagrun for update_db to 2025-12-21 15:00:00+00:00, run_after=2025-12-22 15:00:00+00:00
[2025-12-22T14:14:11.341+0000] {logging_mixin.py:188} INFO - [2025-12-22T14:14:11.341+0000] {dag.py:3954} INFO - Setting next_dagrun for youtube_video_stats to 2025-12-22 14:00:00+00:00, run_after=2025-12-23 14:00:00+00:00
[2025-12-22T14:14:11.362+0000] {processor.py:183} INFO - Processing /opt/airflow/dags/main.py took 0.205 seconds
[2025-12-22T14:14:41.596+0000] {processor.py:161} INFO - Started process (PID=10554) to work on /opt/airflow/dags/main.py
[2025-12-22T14:14:41.598+0000] {processor.py:830} INFO - Processing file /opt/airflow/dags/main.py for tasks to queue
[2025-12-22T14:14:41.599+0000] {logging_mixin.py:188} INFO - [2025-12-22T14:14:41.599+0000] {dagbag.py:545} INFO - Filling up the DagBag from /opt/airflow/dags/main.py
[2025-12-22T14:14:41.740+0000] {processor.py:840} INFO - DAG(s) 'youtube_video_stats', 'update_db' retrieved from /opt/airflow/dags/main.py
[2025-12-22T14:14:41.784+0000] {logging_mixin.py:188} INFO - [2025-12-22T14:14:41.783+0000] {dag.py:3096} INFO - Sync 2 DAGs
[2025-12-22T14:14:41.814+0000] {logging_mixin.py:188} INFO - [2025-12-22T14:14:41.814+0000] {dag.py:3954} INFO - Setting next_dagrun for update_db to 2025-12-21 15:00:00+00:00, run_after=2025-12-22 15:00:00+00:00
[2025-12-22T14:14:41.823+0000] {logging_mixin.py:188} INFO - [2025-12-22T14:14:41.822+0000] {dag.py:3954} INFO - Setting next_dagrun for youtube_video_stats to 2025-12-22 14:00:00+00:00, run_after=2025-12-23 14:00:00+00:00
[2025-12-22T14:14:41.856+0000] {processor.py:183} INFO - Processing /opt/airflow/dags/main.py took 0.268 seconds
[2025-12-22T14:15:12.098+0000] {processor.py:161} INFO - Started process (PID=10561) to work on /opt/airflow/dags/main.py
[2025-12-22T14:15:12.100+0000] {processor.py:830} INFO - Processing file /opt/airflow/dags/main.py for tasks to queue
[2025-12-22T14:15:12.101+0000] {logging_mixin.py:188} INFO - [2025-12-22T14:15:12.100+0000] {dagbag.py:545} INFO - Filling up the DagBag from /opt/airflow/dags/main.py
[2025-12-22T14:15:12.234+0000] {processor.py:840} INFO - DAG(s) 'youtube_video_stats', 'update_db' retrieved from /opt/airflow/dags/main.py
[2025-12-22T14:15:12.272+0000] {logging_mixin.py:188} INFO - [2025-12-22T14:15:12.272+0000] {dag.py:3096} INFO - Sync 2 DAGs
[2025-12-22T14:15:12.300+0000] {logging_mixin.py:188} INFO - [2025-12-22T14:15:12.300+0000] {dag.py:3954} INFO - Setting next_dagrun for update_db to 2025-12-21 15:00:00+00:00, run_after=2025-12-22 15:00:00+00:00
[2025-12-22T14:15:12.308+0000] {logging_mixin.py:188} INFO - [2025-12-22T14:15:12.307+0000] {dag.py:3954} INFO - Setting next_dagrun for youtube_video_stats to 2025-12-22 14:00:00+00:00, run_after=2025-12-23 14:00:00+00:00
[2025-12-22T14:15:12.334+0000] {processor.py:183} INFO - Processing /opt/airflow/dags/main.py took 0.243 seconds
[2025-12-22T14:15:42.567+0000] {processor.py:161} INFO - Started process (PID=10568) to work on /opt/airflow/dags/main.py
[2025-12-22T14:15:42.569+0000] {processor.py:830} INFO - Processing file /opt/airflow/dags/main.py for tasks to queue
[2025-12-22T14:15:42.570+0000] {logging_mixin.py:188} INFO - [2025-12-22T14:15:42.569+0000] {dagbag.py:545} INFO - Filling up the DagBag from /opt/airflow/dags/main.py
[2025-12-22T14:15:42.692+0000] {processor.py:840} INFO - DAG(s) 'update_db', 'youtube_video_stats' retrieved from /opt/airflow/dags/main.py
[2025-12-22T14:15:42.727+0000] {logging_mixin.py:188} INFO - [2025-12-22T14:15:42.727+0000] {dag.py:3096} INFO - Sync 2 DAGs
[2025-12-22T14:15:42.750+0000] {logging_mixin.py:188} INFO - [2025-12-22T14:15:42.750+0000] {dag.py:3954} INFO - Setting next_dagrun for update_db to 2025-12-21 15:00:00+00:00, run_after=2025-12-22 15:00:00+00:00
[2025-12-22T14:15:42.757+0000] {logging_mixin.py:188} INFO - [2025-12-22T14:15:42.757+0000] {dag.py:3954} INFO - Setting next_dagrun for youtube_video_stats to 2025-12-22 14:00:00+00:00, run_after=2025-12-23 14:00:00+00:00
[2025-12-22T14:15:42.776+0000] {processor.py:183} INFO - Processing /opt/airflow/dags/main.py took 0.216 seconds
[2025-12-22T14:16:13.015+0000] {processor.py:161} INFO - Started process (PID=10576) to work on /opt/airflow/dags/main.py
[2025-12-22T14:16:13.017+0000] {processor.py:830} INFO - Processing file /opt/airflow/dags/main.py for tasks to queue
[2025-12-22T14:16:13.018+0000] {logging_mixin.py:188} INFO - [2025-12-22T14:16:13.018+0000] {dagbag.py:545} INFO - Filling up the DagBag from /opt/airflow/dags/main.py
[2025-12-22T14:16:13.117+0000] {processor.py:840} INFO - DAG(s) 'youtube_video_stats', 'update_db' retrieved from /opt/airflow/dags/main.py
[2025-12-22T14:16:13.150+0000] {logging_mixin.py:188} INFO - [2025-12-22T14:16:13.150+0000] {dag.py:3096} INFO - Sync 2 DAGs
[2025-12-22T14:16:13.178+0000] {logging_mixin.py:188} INFO - [2025-12-22T14:16:13.178+0000] {dag.py:3954} INFO - Setting next_dagrun for update_db to 2025-12-21 15:00:00+00:00, run_after=2025-12-22 15:00:00+00:00
[2025-12-22T14:16:13.184+0000] {logging_mixin.py:188} INFO - [2025-12-22T14:16:13.184+0000] {dag.py:3954} INFO - Setting next_dagrun for youtube_video_stats to 2025-12-22 14:00:00+00:00, run_after=2025-12-23 14:00:00+00:00
[2025-12-22T14:16:13.202+0000] {processor.py:183} INFO - Processing /opt/airflow/dags/main.py took 0.194 seconds
[2025-12-22T14:16:43.419+0000] {processor.py:161} INFO - Started process (PID=10583) to work on /opt/airflow/dags/main.py
[2025-12-22T14:16:43.421+0000] {processor.py:830} INFO - Processing file /opt/airflow/dags/main.py for tasks to queue
[2025-12-22T14:16:43.422+0000] {logging_mixin.py:188} INFO - [2025-12-22T14:16:43.422+0000] {dagbag.py:545} INFO - Filling up the DagBag from /opt/airflow/dags/main.py
[2025-12-22T14:16:43.524+0000] {processor.py:840} INFO - DAG(s) 'youtube_video_stats', 'update_db' retrieved from /opt/airflow/dags/main.py
[2025-12-22T14:16:43.559+0000] {logging_mixin.py:188} INFO - [2025-12-22T14:16:43.558+0000] {dag.py:3096} INFO - Sync 2 DAGs
[2025-12-22T14:16:43.580+0000] {logging_mixin.py:188} INFO - [2025-12-22T14:16:43.580+0000] {dag.py:3954} INFO - Setting next_dagrun for update_db to 2025-12-21 15:00:00+00:00, run_after=2025-12-22 15:00:00+00:00
[2025-12-22T14:16:43.586+0000] {logging_mixin.py:188} INFO - [2025-12-22T14:16:43.586+0000] {dag.py:3954} INFO - Setting next_dagrun for youtube_video_stats to 2025-12-22 14:00:00+00:00, run_after=2025-12-23 14:00:00+00:00
[2025-12-22T14:16:43.607+0000] {processor.py:183} INFO - Processing /opt/airflow/dags/main.py took 0.194 seconds
[2025-12-22T18:07:21.319+0000] {processor.py:161} INFO - Started process (PID=10590) to work on /opt/airflow/dags/main.py
[2025-12-22T18:07:21.345+0000] {processor.py:830} INFO - Processing file /opt/airflow/dags/main.py for tasks to queue
[2025-12-22T18:07:21.349+0000] {logging_mixin.py:188} INFO - [2025-12-22T18:07:21.349+0000] {dagbag.py:545} INFO - Filling up the DagBag from /opt/airflow/dags/main.py
[2025-12-22T18:07:22.151+0000] {processor.py:840} INFO - DAG(s) 'youtube_video_stats', 'update_db' retrieved from /opt/airflow/dags/main.py
[2025-12-22T18:07:22.365+0000] {logging_mixin.py:188} INFO - [2025-12-22T18:07:22.364+0000] {dag.py:3096} INFO - Sync 2 DAGs
[2025-12-22T18:07:22.464+0000] {logging_mixin.py:188} INFO - [2025-12-22T18:07:22.464+0000] {dag.py:3954} INFO - Setting next_dagrun for update_db to 2025-12-22 15:00:00+00:00, run_after=2025-12-23 15:00:00+00:00
[2025-12-22T18:07:22.481+0000] {logging_mixin.py:188} INFO - [2025-12-22T18:07:22.480+0000] {dag.py:3954} INFO - Setting next_dagrun for youtube_video_stats to 2025-12-22 14:00:00+00:00, run_after=2025-12-23 14:00:00+00:00
[2025-12-22T18:07:22.557+0000] {processor.py:183} INFO - Processing /opt/airflow/dags/main.py took 1.276 seconds
[2025-12-22T18:07:52.671+0000] {processor.py:161} INFO - Started process (PID=10597) to work on /opt/airflow/dags/main.py
[2025-12-22T18:07:52.673+0000] {processor.py:830} INFO - Processing file /opt/airflow/dags/main.py for tasks to queue
[2025-12-22T18:07:52.675+0000] {logging_mixin.py:188} INFO - [2025-12-22T18:07:52.674+0000] {dagbag.py:545} INFO - Filling up the DagBag from /opt/airflow/dags/main.py
[2025-12-22T18:07:52.799+0000] {processor.py:840} INFO - DAG(s) 'youtube_video_stats', 'update_db' retrieved from /opt/airflow/dags/main.py
[2025-12-22T18:07:52.835+0000] {logging_mixin.py:188} INFO - [2025-12-22T18:07:52.835+0000] {dag.py:3096} INFO - Sync 2 DAGs
[2025-12-22T18:07:52.863+0000] {logging_mixin.py:188} INFO - [2025-12-22T18:07:52.863+0000] {dag.py:3954} INFO - Setting next_dagrun for update_db to 2025-12-22 15:00:00+00:00, run_after=2025-12-23 15:00:00+00:00
[2025-12-22T18:07:52.870+0000] {logging_mixin.py:188} INFO - [2025-12-22T18:07:52.870+0000] {dag.py:3954} INFO - Setting next_dagrun for youtube_video_stats to 2025-12-22 14:00:00+00:00, run_after=2025-12-23 14:00:00+00:00
[2025-12-22T18:07:52.898+0000] {processor.py:183} INFO - Processing /opt/airflow/dags/main.py took 0.237 seconds
[2025-12-22T18:08:23.024+0000] {processor.py:161} INFO - Started process (PID=10605) to work on /opt/airflow/dags/main.py
[2025-12-22T18:08:23.026+0000] {processor.py:830} INFO - Processing file /opt/airflow/dags/main.py for tasks to queue
[2025-12-22T18:08:23.028+0000] {logging_mixin.py:188} INFO - [2025-12-22T18:08:23.027+0000] {dagbag.py:545} INFO - Filling up the DagBag from /opt/airflow/dags/main.py
[2025-12-22T18:08:23.129+0000] {processor.py:840} INFO - DAG(s) 'youtube_video_stats', 'update_db' retrieved from /opt/airflow/dags/main.py
[2025-12-22T18:08:23.161+0000] {logging_mixin.py:188} INFO - [2025-12-22T18:08:23.161+0000] {dag.py:3096} INFO - Sync 2 DAGs
[2025-12-22T18:08:23.191+0000] {logging_mixin.py:188} INFO - [2025-12-22T18:08:23.190+0000] {dag.py:3954} INFO - Setting next_dagrun for update_db to 2025-12-22 15:00:00+00:00, run_after=2025-12-23 15:00:00+00:00
[2025-12-22T18:08:23.200+0000] {logging_mixin.py:188} INFO - [2025-12-22T18:08:23.199+0000] {dag.py:3954} INFO - Setting next_dagrun for youtube_video_stats to 2025-12-22 14:00:00+00:00, run_after=2025-12-23 14:00:00+00:00
[2025-12-22T18:08:23.244+0000] {processor.py:183} INFO - Processing /opt/airflow/dags/main.py took 0.228 seconds
[2025-12-22T18:08:53.334+0000] {processor.py:161} INFO - Started process (PID=10612) to work on /opt/airflow/dags/main.py
[2025-12-22T18:08:53.336+0000] {processor.py:830} INFO - Processing file /opt/airflow/dags/main.py for tasks to queue
[2025-12-22T18:08:53.337+0000] {logging_mixin.py:188} INFO - [2025-12-22T18:08:53.337+0000] {dagbag.py:545} INFO - Filling up the DagBag from /opt/airflow/dags/main.py
[2025-12-22T18:08:53.507+0000] {processor.py:840} INFO - DAG(s) 'update_db', 'youtube_video_stats' retrieved from /opt/airflow/dags/main.py
[2025-12-22T18:08:53.555+0000] {logging_mixin.py:188} INFO - [2025-12-22T18:08:53.554+0000] {dag.py:3096} INFO - Sync 2 DAGs
[2025-12-22T18:08:53.590+0000] {logging_mixin.py:188} INFO - [2025-12-22T18:08:53.589+0000] {dag.py:3954} INFO - Setting next_dagrun for update_db to 2025-12-22 15:00:00+00:00, run_after=2025-12-23 15:00:00+00:00
[2025-12-22T18:08:53.599+0000] {logging_mixin.py:188} INFO - [2025-12-22T18:08:53.599+0000] {dag.py:3954} INFO - Setting next_dagrun for youtube_video_stats to 2025-12-22 14:00:00+00:00, run_after=2025-12-23 14:00:00+00:00
[2025-12-22T18:08:53.621+0000] {processor.py:183} INFO - Processing /opt/airflow/dags/main.py took 0.298 seconds
[2025-12-22T18:09:23.753+0000] {processor.py:161} INFO - Started process (PID=10619) to work on /opt/airflow/dags/main.py
[2025-12-22T18:09:23.756+0000] {processor.py:830} INFO - Processing file /opt/airflow/dags/main.py for tasks to queue
[2025-12-22T18:09:23.758+0000] {logging_mixin.py:188} INFO - [2025-12-22T18:09:23.757+0000] {dagbag.py:545} INFO - Filling up the DagBag from /opt/airflow/dags/main.py
[2025-12-22T18:09:23.963+0000] {processor.py:840} INFO - DAG(s) 'youtube_video_stats', 'update_db' retrieved from /opt/airflow/dags/main.py
[2025-12-22T18:09:24.029+0000] {logging_mixin.py:188} INFO - [2025-12-22T18:09:24.029+0000] {dag.py:3096} INFO - Sync 2 DAGs
[2025-12-22T18:09:24.082+0000] {logging_mixin.py:188} INFO - [2025-12-22T18:09:24.082+0000] {dag.py:3954} INFO - Setting next_dagrun for update_db to 2025-12-22 15:00:00+00:00, run_after=2025-12-23 15:00:00+00:00
[2025-12-22T18:09:24.095+0000] {logging_mixin.py:188} INFO - [2025-12-22T18:09:24.095+0000] {dag.py:3954} INFO - Setting next_dagrun for youtube_video_stats to 2025-12-22 14:00:00+00:00, run_after=2025-12-23 14:00:00+00:00
[2025-12-22T18:09:24.134+0000] {processor.py:183} INFO - Processing /opt/airflow/dags/main.py took 0.394 seconds
[2025-12-22T18:09:54.415+0000] {processor.py:161} INFO - Started process (PID=10626) to work on /opt/airflow/dags/main.py
[2025-12-22T18:09:54.420+0000] {processor.py:830} INFO - Processing file /opt/airflow/dags/main.py for tasks to queue
[2025-12-22T18:09:54.423+0000] {logging_mixin.py:188} INFO - [2025-12-22T18:09:54.422+0000] {dagbag.py:545} INFO - Filling up the DagBag from /opt/airflow/dags/main.py
[2025-12-22T18:09:54.655+0000] {processor.py:840} INFO - DAG(s) 'update_db', 'youtube_video_stats' retrieved from /opt/airflow/dags/main.py
[2025-12-22T18:09:54.738+0000] {logging_mixin.py:188} INFO - [2025-12-22T18:09:54.737+0000] {dag.py:3096} INFO - Sync 2 DAGs
[2025-12-22T18:09:54.831+0000] {logging_mixin.py:188} INFO - [2025-12-22T18:09:54.831+0000] {dag.py:3954} INFO - Setting next_dagrun for update_db to 2025-12-22 15:00:00+00:00, run_after=2025-12-23 15:00:00+00:00
[2025-12-22T18:09:54.855+0000] {logging_mixin.py:188} INFO - [2025-12-22T18:09:54.855+0000] {dag.py:3954} INFO - Setting next_dagrun for youtube_video_stats to 2025-12-22 14:00:00+00:00, run_after=2025-12-23 14:00:00+00:00
[2025-12-22T18:09:54.927+0000] {processor.py:183} INFO - Processing /opt/airflow/dags/main.py took 0.530 seconds
[2025-12-22T18:10:25.288+0000] {processor.py:161} INFO - Started process (PID=10633) to work on /opt/airflow/dags/main.py
[2025-12-22T18:10:25.289+0000] {processor.py:830} INFO - Processing file /opt/airflow/dags/main.py for tasks to queue
[2025-12-22T18:10:25.291+0000] {logging_mixin.py:188} INFO - [2025-12-22T18:10:25.290+0000] {dagbag.py:545} INFO - Filling up the DagBag from /opt/airflow/dags/main.py
[2025-12-22T18:10:25.669+0000] {processor.py:840} INFO - DAG(s) 'update_db', 'youtube_video_stats' retrieved from /opt/airflow/dags/main.py
[2025-12-22T18:10:25.719+0000] {logging_mixin.py:188} INFO - [2025-12-22T18:10:25.719+0000] {dag.py:3096} INFO - Sync 2 DAGs
[2025-12-22T18:10:25.753+0000] {logging_mixin.py:188} INFO - [2025-12-22T18:10:25.752+0000] {dag.py:3954} INFO - Setting next_dagrun for update_db to 2025-12-22 15:00:00+00:00, run_after=2025-12-23 15:00:00+00:00
[2025-12-22T18:10:25.763+0000] {logging_mixin.py:188} INFO - [2025-12-22T18:10:25.762+0000] {dag.py:3954} INFO - Setting next_dagrun for youtube_video_stats to 2025-12-22 14:00:00+00:00, run_after=2025-12-23 14:00:00+00:00
[2025-12-22T18:10:25.800+0000] {processor.py:183} INFO - Processing /opt/airflow/dags/main.py took 0.523 seconds
[2025-12-22T18:10:56.064+0000] {processor.py:161} INFO - Started process (PID=10640) to work on /opt/airflow/dags/main.py
[2025-12-22T18:10:56.066+0000] {processor.py:830} INFO - Processing file /opt/airflow/dags/main.py for tasks to queue
[2025-12-22T18:10:56.067+0000] {logging_mixin.py:188} INFO - [2025-12-22T18:10:56.067+0000] {dagbag.py:545} INFO - Filling up the DagBag from /opt/airflow/dags/main.py
[2025-12-22T18:10:56.196+0000] {processor.py:840} INFO - DAG(s) 'update_db', 'youtube_video_stats' retrieved from /opt/airflow/dags/main.py
[2025-12-22T18:10:56.236+0000] {logging_mixin.py:188} INFO - [2025-12-22T18:10:56.235+0000] {dag.py:3096} INFO - Sync 2 DAGs
[2025-12-22T18:10:56.268+0000] {logging_mixin.py:188} INFO - [2025-12-22T18:10:56.268+0000] {dag.py:3954} INFO - Setting next_dagrun for update_db to 2025-12-22 15:00:00+00:00, run_after=2025-12-23 15:00:00+00:00
[2025-12-22T18:10:56.278+0000] {logging_mixin.py:188} INFO - [2025-12-22T18:10:56.278+0000] {dag.py:3954} INFO - Setting next_dagrun for youtube_video_stats to 2025-12-22 14:00:00+00:00, run_after=2025-12-23 14:00:00+00:00
[2025-12-22T18:10:56.302+0000] {processor.py:183} INFO - Processing /opt/airflow/dags/main.py took 0.247 seconds
[2025-12-22T18:11:26.697+0000] {processor.py:161} INFO - Started process (PID=10647) to work on /opt/airflow/dags/main.py
[2025-12-22T18:11:26.700+0000] {processor.py:830} INFO - Processing file /opt/airflow/dags/main.py for tasks to queue
[2025-12-22T18:11:26.703+0000] {logging_mixin.py:188} INFO - [2025-12-22T18:11:26.702+0000] {dagbag.py:545} INFO - Filling up the DagBag from /opt/airflow/dags/main.py
[2025-12-22T18:11:26.934+0000] {processor.py:840} INFO - DAG(s) 'youtube_video_stats', 'update_db' retrieved from /opt/airflow/dags/main.py
[2025-12-22T18:11:27.031+0000] {logging_mixin.py:188} INFO - [2025-12-22T18:11:27.021+0000] {dag.py:3096} INFO - Sync 2 DAGs
[2025-12-22T18:11:27.128+0000] {logging_mixin.py:188} INFO - [2025-12-22T18:11:27.128+0000] {dag.py:3954} INFO - Setting next_dagrun for update_db to 2025-12-22 15:00:00+00:00, run_after=2025-12-23 15:00:00+00:00
[2025-12-22T18:11:27.150+0000] {logging_mixin.py:188} INFO - [2025-12-22T18:11:27.150+0000] {dag.py:3954} INFO - Setting next_dagrun for youtube_video_stats to 2025-12-22 14:00:00+00:00, run_after=2025-12-23 14:00:00+00:00
[2025-12-22T18:11:27.227+0000] {processor.py:183} INFO - Processing /opt/airflow/dags/main.py took 0.543 seconds
[2025-12-22T18:11:57.523+0000] {processor.py:161} INFO - Started process (PID=10654) to work on /opt/airflow/dags/main.py
[2025-12-22T18:11:57.526+0000] {processor.py:830} INFO - Processing file /opt/airflow/dags/main.py for tasks to queue
[2025-12-22T18:11:57.528+0000] {logging_mixin.py:188} INFO - [2025-12-22T18:11:57.527+0000] {dagbag.py:545} INFO - Filling up the DagBag from /opt/airflow/dags/main.py
[2025-12-22T18:11:57.996+0000] {processor.py:840} INFO - DAG(s) 'youtube_video_stats', 'update_db' retrieved from /opt/airflow/dags/main.py
[2025-12-22T18:11:58.117+0000] {logging_mixin.py:188} INFO - [2025-12-22T18:11:58.116+0000] {dag.py:3096} INFO - Sync 2 DAGs
[2025-12-22T18:11:58.229+0000] {logging_mixin.py:188} INFO - [2025-12-22T18:11:58.229+0000] {dag.py:3954} INFO - Setting next_dagrun for update_db to 2025-12-22 15:00:00+00:00, run_after=2025-12-23 15:00:00+00:00
[2025-12-22T18:11:58.261+0000] {logging_mixin.py:188} INFO - [2025-12-22T18:11:58.260+0000] {dag.py:3954} INFO - Setting next_dagrun for youtube_video_stats to 2025-12-22 14:00:00+00:00, run_after=2025-12-23 14:00:00+00:00
[2025-12-22T18:11:58.363+0000] {processor.py:183} INFO - Processing /opt/airflow/dags/main.py took 0.854 seconds
[2025-12-22T18:12:28.896+0000] {processor.py:161} INFO - Started process (PID=10661) to work on /opt/airflow/dags/main.py
[2025-12-22T18:12:28.907+0000] {processor.py:830} INFO - Processing file /opt/airflow/dags/main.py for tasks to queue
[2025-12-22T18:12:28.910+0000] {logging_mixin.py:188} INFO - [2025-12-22T18:12:28.909+0000] {dagbag.py:545} INFO - Filling up the DagBag from /opt/airflow/dags/main.py
[2025-12-22T18:12:29.458+0000] {processor.py:840} INFO - DAG(s) 'youtube_video_stats', 'update_db' retrieved from /opt/airflow/dags/main.py
[2025-12-22T18:12:29.642+0000] {logging_mixin.py:188} INFO - [2025-12-22T18:12:29.641+0000] {dag.py:3096} INFO - Sync 2 DAGs
[2025-12-22T18:12:29.768+0000] {logging_mixin.py:188} INFO - [2025-12-22T18:12:29.767+0000] {dag.py:3954} INFO - Setting next_dagrun for update_db to 2025-12-22 15:00:00+00:00, run_after=2025-12-23 15:00:00+00:00
[2025-12-22T18:12:29.793+0000] {logging_mixin.py:188} INFO - [2025-12-22T18:12:29.792+0000] {dag.py:3954} INFO - Setting next_dagrun for youtube_video_stats to 2025-12-22 14:00:00+00:00, run_after=2025-12-23 14:00:00+00:00
[2025-12-22T18:12:29.863+0000] {processor.py:183} INFO - Processing /opt/airflow/dags/main.py took 0.986 seconds
[2025-12-22T18:13:00.172+0000] {processor.py:161} INFO - Started process (PID=10674) to work on /opt/airflow/dags/main.py
[2025-12-22T18:13:00.174+0000] {processor.py:830} INFO - Processing file /opt/airflow/dags/main.py for tasks to queue
[2025-12-22T18:13:00.176+0000] {logging_mixin.py:188} INFO - [2025-12-22T18:13:00.176+0000] {dagbag.py:545} INFO - Filling up the DagBag from /opt/airflow/dags/main.py
[2025-12-22T18:13:00.375+0000] {processor.py:840} INFO - DAG(s) 'youtube_video_stats', 'update_db' retrieved from /opt/airflow/dags/main.py
[2025-12-22T18:13:00.443+0000] {logging_mixin.py:188} INFO - [2025-12-22T18:13:00.443+0000] {dag.py:3096} INFO - Sync 2 DAGs
[2025-12-22T18:13:00.489+0000] {logging_mixin.py:188} INFO - [2025-12-22T18:13:00.488+0000] {dag.py:3954} INFO - Setting next_dagrun for update_db to 2025-12-22 15:00:00+00:00, run_after=2025-12-23 15:00:00+00:00
[2025-12-22T18:13:00.498+0000] {logging_mixin.py:188} INFO - [2025-12-22T18:13:00.497+0000] {dag.py:3954} INFO - Setting next_dagrun for youtube_video_stats to 2025-12-22 14:00:00+00:00, run_after=2025-12-23 14:00:00+00:00
[2025-12-22T18:13:00.530+0000] {processor.py:183} INFO - Processing /opt/airflow/dags/main.py took 0.369 seconds
[2025-12-22T18:13:31.088+0000] {processor.py:161} INFO - Started process (PID=10681) to work on /opt/airflow/dags/main.py
[2025-12-22T18:13:31.091+0000] {processor.py:830} INFO - Processing file /opt/airflow/dags/main.py for tasks to queue
[2025-12-22T18:13:31.093+0000] {logging_mixin.py:188} INFO - [2025-12-22T18:13:31.092+0000] {dagbag.py:545} INFO - Filling up the DagBag from /opt/airflow/dags/main.py
[2025-12-22T18:13:31.303+0000] {processor.py:840} INFO - DAG(s) 'youtube_video_stats', 'update_db' retrieved from /opt/airflow/dags/main.py
[2025-12-22T18:13:31.362+0000] {logging_mixin.py:188} INFO - [2025-12-22T18:13:31.362+0000] {dag.py:3096} INFO - Sync 2 DAGs
[2025-12-22T18:13:31.411+0000] {logging_mixin.py:188} INFO - [2025-12-22T18:13:31.411+0000] {dag.py:3954} INFO - Setting next_dagrun for update_db to 2025-12-22 15:00:00+00:00, run_after=2025-12-23 15:00:00+00:00
[2025-12-22T18:13:31.424+0000] {logging_mixin.py:188} INFO - [2025-12-22T18:13:31.423+0000] {dag.py:3954} INFO - Setting next_dagrun for youtube_video_stats to 2025-12-22 14:00:00+00:00, run_after=2025-12-23 14:00:00+00:00
[2025-12-22T18:13:31.457+0000] {processor.py:183} INFO - Processing /opt/airflow/dags/main.py took 0.382 seconds
[2025-12-22T18:14:01.923+0000] {processor.py:161} INFO - Started process (PID=10688) to work on /opt/airflow/dags/main.py
[2025-12-22T18:14:01.939+0000] {processor.py:830} INFO - Processing file /opt/airflow/dags/main.py for tasks to queue
[2025-12-22T18:14:01.954+0000] {logging_mixin.py:188} INFO - [2025-12-22T18:14:01.953+0000] {dagbag.py:545} INFO - Filling up the DagBag from /opt/airflow/dags/main.py
[2025-12-22T18:14:02.842+0000] {processor.py:840} INFO - DAG(s) 'update_db', 'youtube_video_stats' retrieved from /opt/airflow/dags/main.py
[2025-12-22T18:14:03.130+0000] {logging_mixin.py:188} INFO - [2025-12-22T18:14:03.130+0000] {dag.py:3096} INFO - Sync 2 DAGs
[2025-12-22T18:14:03.365+0000] {logging_mixin.py:188} INFO - [2025-12-22T18:14:03.356+0000] {dag.py:3954} INFO - Setting next_dagrun for update_db to 2025-12-22 15:00:00+00:00, run_after=2025-12-23 15:00:00+00:00
[2025-12-22T18:14:03.408+0000] {logging_mixin.py:188} INFO - [2025-12-22T18:14:03.408+0000] {dag.py:3954} INFO - Setting next_dagrun for youtube_video_stats to 2025-12-22 14:00:00+00:00, run_after=2025-12-23 14:00:00+00:00
[2025-12-22T18:14:03.565+0000] {processor.py:183} INFO - Processing /opt/airflow/dags/main.py took 1.680 seconds
[2025-12-22T18:14:34.031+0000] {processor.py:161} INFO - Started process (PID=10695) to work on /opt/airflow/dags/main.py
[2025-12-22T18:14:34.036+0000] {processor.py:830} INFO - Processing file /opt/airflow/dags/main.py for tasks to queue
[2025-12-22T18:14:34.040+0000] {logging_mixin.py:188} INFO - [2025-12-22T18:14:34.040+0000] {dagbag.py:545} INFO - Filling up the DagBag from /opt/airflow/dags/main.py
[2025-12-22T18:14:34.347+0000] {processor.py:840} INFO - DAG(s) 'youtube_video_stats', 'update_db' retrieved from /opt/airflow/dags/main.py
[2025-12-22T18:14:34.445+0000] {logging_mixin.py:188} INFO - [2025-12-22T18:14:34.444+0000] {dag.py:3096} INFO - Sync 2 DAGs
[2025-12-22T18:14:34.512+0000] {logging_mixin.py:188} INFO - [2025-12-22T18:14:34.512+0000] {dag.py:3954} INFO - Setting next_dagrun for update_db to 2025-12-22 15:00:00+00:00, run_after=2025-12-23 15:00:00+00:00
[2025-12-22T18:14:34.542+0000] {logging_mixin.py:188} INFO - [2025-12-22T18:14:34.541+0000] {dag.py:3954} INFO - Setting next_dagrun for youtube_video_stats to 2025-12-22 14:00:00+00:00, run_after=2025-12-23 14:00:00+00:00
[2025-12-22T18:14:34.603+0000] {processor.py:183} INFO - Processing /opt/airflow/dags/main.py took 0.603 seconds
[2025-12-22T18:24:31.142+0000] {processor.py:161} INFO - Started process (PID=10696) to work on /opt/airflow/dags/main.py
[2025-12-22T18:24:31.144+0000] {processor.py:830} INFO - Processing file /opt/airflow/dags/main.py for tasks to queue
[2025-12-22T18:24:31.145+0000] {logging_mixin.py:188} INFO - [2025-12-22T18:24:31.145+0000] {dagbag.py:545} INFO - Filling up the DagBag from /opt/airflow/dags/main.py
[2025-12-22T18:24:31.680+0000] {processor.py:840} INFO - DAG(s) 'youtube_video_stats', 'update_db' retrieved from /opt/airflow/dags/main.py
[2025-12-22T18:24:31.762+0000] {logging_mixin.py:188} INFO - [2025-12-22T18:24:31.761+0000] {dag.py:3096} INFO - Sync 2 DAGs
[2025-12-22T18:24:31.788+0000] {logging_mixin.py:188} INFO - [2025-12-22T18:24:31.788+0000] {dag.py:3954} INFO - Setting next_dagrun for update_db to 2025-12-22 15:00:00+00:00, run_after=2025-12-23 15:00:00+00:00
[2025-12-22T18:24:31.795+0000] {logging_mixin.py:188} INFO - [2025-12-22T18:24:31.795+0000] {dag.py:3954} INFO - Setting next_dagrun for youtube_video_stats to 2025-12-22 14:00:00+00:00, run_after=2025-12-23 14:00:00+00:00
[2025-12-22T18:24:32.009+0000] {processor.py:183} INFO - Processing /opt/airflow/dags/main.py took 0.875 seconds
[2025-12-22T18:25:02.637+0000] {processor.py:161} INFO - Started process (PID=10703) to work on /opt/airflow/dags/main.py
[2025-12-22T18:25:02.638+0000] {processor.py:830} INFO - Processing file /opt/airflow/dags/main.py for tasks to queue
[2025-12-22T18:25:02.640+0000] {logging_mixin.py:188} INFO - [2025-12-22T18:25:02.639+0000] {dagbag.py:545} INFO - Filling up the DagBag from /opt/airflow/dags/main.py
[2025-12-22T18:25:02.775+0000] {processor.py:840} INFO - DAG(s) 'youtube_video_stats', 'update_db' retrieved from /opt/airflow/dags/main.py
[2025-12-22T18:25:02.825+0000] {logging_mixin.py:188} INFO - [2025-12-22T18:25:02.825+0000] {dag.py:3096} INFO - Sync 2 DAGs
[2025-12-22T18:25:02.869+0000] {logging_mixin.py:188} INFO - [2025-12-22T18:25:02.869+0000] {dag.py:3954} INFO - Setting next_dagrun for update_db to 2025-12-22 15:00:00+00:00, run_after=2025-12-23 15:00:00+00:00
[2025-12-22T18:25:02.877+0000] {logging_mixin.py:188} INFO - [2025-12-22T18:25:02.877+0000] {dag.py:3954} INFO - Setting next_dagrun for youtube_video_stats to 2025-12-22 14:00:00+00:00, run_after=2025-12-23 14:00:00+00:00
[2025-12-22T18:25:02.921+0000] {processor.py:183} INFO - Processing /opt/airflow/dags/main.py took 0.295 seconds
[2025-12-22T18:25:33.140+0000] {processor.py:161} INFO - Started process (PID=10710) to work on /opt/airflow/dags/main.py
[2025-12-22T18:25:33.142+0000] {processor.py:830} INFO - Processing file /opt/airflow/dags/main.py for tasks to queue
[2025-12-22T18:25:33.144+0000] {logging_mixin.py:188} INFO - [2025-12-22T18:25:33.144+0000] {dagbag.py:545} INFO - Filling up the DagBag from /opt/airflow/dags/main.py
[2025-12-22T18:25:33.288+0000] {processor.py:840} INFO - DAG(s) 'youtube_video_stats', 'update_db' retrieved from /opt/airflow/dags/main.py
[2025-12-22T18:25:33.343+0000] {logging_mixin.py:188} INFO - [2025-12-22T18:25:33.342+0000] {dag.py:3096} INFO - Sync 2 DAGs
[2025-12-22T18:25:33.376+0000] {logging_mixin.py:188} INFO - [2025-12-22T18:25:33.376+0000] {dag.py:3954} INFO - Setting next_dagrun for update_db to 2025-12-22 15:00:00+00:00, run_after=2025-12-23 15:00:00+00:00
[2025-12-22T18:25:33.385+0000] {logging_mixin.py:188} INFO - [2025-12-22T18:25:33.384+0000] {dag.py:3954} INFO - Setting next_dagrun for youtube_video_stats to 2025-12-22 14:00:00+00:00, run_after=2025-12-23 14:00:00+00:00
[2025-12-22T18:25:33.412+0000] {processor.py:183} INFO - Processing /opt/airflow/dags/main.py took 0.283 seconds
[2025-12-22T18:26:03.616+0000] {processor.py:161} INFO - Started process (PID=10717) to work on /opt/airflow/dags/main.py
[2025-12-22T18:26:03.619+0000] {processor.py:830} INFO - Processing file /opt/airflow/dags/main.py for tasks to queue
[2025-12-22T18:26:03.625+0000] {logging_mixin.py:188} INFO - [2025-12-22T18:26:03.623+0000] {dagbag.py:545} INFO - Filling up the DagBag from /opt/airflow/dags/main.py
[2025-12-22T18:26:03.739+0000] {processor.py:840} INFO - DAG(s) 'update_db', 'youtube_video_stats' retrieved from /opt/airflow/dags/main.py
[2025-12-22T18:26:03.780+0000] {logging_mixin.py:188} INFO - [2025-12-22T18:26:03.779+0000] {dag.py:3096} INFO - Sync 2 DAGs
[2025-12-22T18:26:03.806+0000] {logging_mixin.py:188} INFO - [2025-12-22T18:26:03.806+0000] {dag.py:3954} INFO - Setting next_dagrun for update_db to 2025-12-22 15:00:00+00:00, run_after=2025-12-23 15:00:00+00:00
[2025-12-22T18:26:03.812+0000] {logging_mixin.py:188} INFO - [2025-12-22T18:26:03.812+0000] {dag.py:3954} INFO - Setting next_dagrun for youtube_video_stats to 2025-12-22 14:00:00+00:00, run_after=2025-12-23 14:00:00+00:00
[2025-12-22T18:26:03.832+0000] {processor.py:183} INFO - Processing /opt/airflow/dags/main.py took 0.223 seconds
[2025-12-22T18:26:34.022+0000] {processor.py:161} INFO - Started process (PID=10724) to work on /opt/airflow/dags/main.py
[2025-12-22T18:26:34.023+0000] {processor.py:830} INFO - Processing file /opt/airflow/dags/main.py for tasks to queue
[2025-12-22T18:26:34.024+0000] {logging_mixin.py:188} INFO - [2025-12-22T18:26:34.024+0000] {dagbag.py:545} INFO - Filling up the DagBag from /opt/airflow/dags/main.py
[2025-12-22T18:26:34.105+0000] {processor.py:840} INFO - DAG(s) 'update_db', 'youtube_video_stats' retrieved from /opt/airflow/dags/main.py
[2025-12-22T18:26:34.132+0000] {logging_mixin.py:188} INFO - [2025-12-22T18:26:34.132+0000] {dag.py:3096} INFO - Sync 2 DAGs
[2025-12-22T18:26:34.154+0000] {logging_mixin.py:188} INFO - [2025-12-22T18:26:34.154+0000] {dag.py:3954} INFO - Setting next_dagrun for update_db to 2025-12-22 15:00:00+00:00, run_after=2025-12-23 15:00:00+00:00
[2025-12-22T18:26:34.159+0000] {logging_mixin.py:188} INFO - [2025-12-22T18:26:34.159+0000] {dag.py:3954} INFO - Setting next_dagrun for youtube_video_stats to 2025-12-22 14:00:00+00:00, run_after=2025-12-23 14:00:00+00:00
[2025-12-22T18:26:34.179+0000] {processor.py:183} INFO - Processing /opt/airflow/dags/main.py took 0.163 seconds
[2025-12-22T18:27:04.362+0000] {processor.py:161} INFO - Started process (PID=10731) to work on /opt/airflow/dags/main.py
[2025-12-22T18:27:04.363+0000] {processor.py:830} INFO - Processing file /opt/airflow/dags/main.py for tasks to queue
[2025-12-22T18:27:04.364+0000] {logging_mixin.py:188} INFO - [2025-12-22T18:27:04.364+0000] {dagbag.py:545} INFO - Filling up the DagBag from /opt/airflow/dags/main.py
[2025-12-22T18:27:04.456+0000] {processor.py:840} INFO - DAG(s) 'update_db', 'youtube_video_stats' retrieved from /opt/airflow/dags/main.py
[2025-12-22T18:27:04.482+0000] {logging_mixin.py:188} INFO - [2025-12-22T18:27:04.482+0000] {dag.py:3096} INFO - Sync 2 DAGs
[2025-12-22T18:27:04.503+0000] {logging_mixin.py:188} INFO - [2025-12-22T18:27:04.503+0000] {dag.py:3954} INFO - Setting next_dagrun for update_db to 2025-12-22 15:00:00+00:00, run_after=2025-12-23 15:00:00+00:00
[2025-12-22T18:27:04.509+0000] {logging_mixin.py:188} INFO - [2025-12-22T18:27:04.508+0000] {dag.py:3954} INFO - Setting next_dagrun for youtube_video_stats to 2025-12-22 14:00:00+00:00, run_after=2025-12-23 14:00:00+00:00
[2025-12-22T18:27:04.529+0000] {processor.py:183} INFO - Processing /opt/airflow/dags/main.py took 0.173 seconds
[2025-12-22T18:27:34.714+0000] {processor.py:161} INFO - Started process (PID=10738) to work on /opt/airflow/dags/main.py
[2025-12-22T18:27:34.716+0000] {processor.py:830} INFO - Processing file /opt/airflow/dags/main.py for tasks to queue
[2025-12-22T18:27:34.717+0000] {logging_mixin.py:188} INFO - [2025-12-22T18:27:34.716+0000] {dagbag.py:545} INFO - Filling up the DagBag from /opt/airflow/dags/main.py
[2025-12-22T18:27:34.805+0000] {processor.py:840} INFO - DAG(s) 'update_db', 'youtube_video_stats' retrieved from /opt/airflow/dags/main.py
[2025-12-22T18:27:34.834+0000] {logging_mixin.py:188} INFO - [2025-12-22T18:27:34.834+0000] {dag.py:3096} INFO - Sync 2 DAGs
[2025-12-22T18:27:34.853+0000] {logging_mixin.py:188} INFO - [2025-12-22T18:27:34.852+0000] {dag.py:3954} INFO - Setting next_dagrun for update_db to 2025-12-22 15:00:00+00:00, run_after=2025-12-23 15:00:00+00:00
[2025-12-22T18:27:34.858+0000] {logging_mixin.py:188} INFO - [2025-12-22T18:27:34.858+0000] {dag.py:3954} INFO - Setting next_dagrun for youtube_video_stats to 2025-12-22 14:00:00+00:00, run_after=2025-12-23 14:00:00+00:00
[2025-12-22T18:27:34.874+0000] {processor.py:183} INFO - Processing /opt/airflow/dags/main.py took 0.166 seconds
[2025-12-22T18:28:05.050+0000] {processor.py:161} INFO - Started process (PID=10745) to work on /opt/airflow/dags/main.py
[2025-12-22T18:28:05.051+0000] {processor.py:830} INFO - Processing file /opt/airflow/dags/main.py for tasks to queue
[2025-12-22T18:28:05.052+0000] {logging_mixin.py:188} INFO - [2025-12-22T18:28:05.052+0000] {dagbag.py:545} INFO - Filling up the DagBag from /opt/airflow/dags/main.py
[2025-12-22T18:28:05.138+0000] {processor.py:840} INFO - DAG(s) 'update_db', 'youtube_video_stats' retrieved from /opt/airflow/dags/main.py
[2025-12-22T18:28:05.167+0000] {logging_mixin.py:188} INFO - [2025-12-22T18:28:05.167+0000] {dag.py:3096} INFO - Sync 2 DAGs
[2025-12-22T18:28:05.186+0000] {logging_mixin.py:188} INFO - [2025-12-22T18:28:05.186+0000] {dag.py:3954} INFO - Setting next_dagrun for update_db to 2025-12-22 15:00:00+00:00, run_after=2025-12-23 15:00:00+00:00
[2025-12-22T18:28:05.191+0000] {logging_mixin.py:188} INFO - [2025-12-22T18:28:05.190+0000] {dag.py:3954} INFO - Setting next_dagrun for youtube_video_stats to 2025-12-22 14:00:00+00:00, run_after=2025-12-23 14:00:00+00:00
[2025-12-22T18:28:05.208+0000] {processor.py:183} INFO - Processing /opt/airflow/dags/main.py took 0.165 seconds
[2025-12-22T18:28:35.393+0000] {processor.py:161} INFO - Started process (PID=10752) to work on /opt/airflow/dags/main.py
[2025-12-22T18:28:35.394+0000] {processor.py:830} INFO - Processing file /opt/airflow/dags/main.py for tasks to queue
[2025-12-22T18:28:35.396+0000] {logging_mixin.py:188} INFO - [2025-12-22T18:28:35.395+0000] {dagbag.py:545} INFO - Filling up the DagBag from /opt/airflow/dags/main.py
[2025-12-22T18:28:35.495+0000] {processor.py:840} INFO - DAG(s) 'youtube_video_stats', 'update_db' retrieved from /opt/airflow/dags/main.py
[2025-12-22T18:28:35.524+0000] {logging_mixin.py:188} INFO - [2025-12-22T18:28:35.524+0000] {dag.py:3096} INFO - Sync 2 DAGs
[2025-12-22T18:28:35.545+0000] {logging_mixin.py:188} INFO - [2025-12-22T18:28:35.545+0000] {dag.py:3954} INFO - Setting next_dagrun for update_db to 2025-12-22 15:00:00+00:00, run_after=2025-12-23 15:00:00+00:00
[2025-12-22T18:28:35.550+0000] {logging_mixin.py:188} INFO - [2025-12-22T18:28:35.550+0000] {dag.py:3954} INFO - Setting next_dagrun for youtube_video_stats to 2025-12-22 14:00:00+00:00, run_after=2025-12-23 14:00:00+00:00
[2025-12-22T18:28:35.569+0000] {processor.py:183} INFO - Processing /opt/airflow/dags/main.py took 0.183 seconds
[2025-12-22T18:29:05.754+0000] {processor.py:161} INFO - Started process (PID=10759) to work on /opt/airflow/dags/main.py
[2025-12-22T18:29:05.755+0000] {processor.py:830} INFO - Processing file /opt/airflow/dags/main.py for tasks to queue
[2025-12-22T18:29:05.756+0000] {logging_mixin.py:188} INFO - [2025-12-22T18:29:05.756+0000] {dagbag.py:545} INFO - Filling up the DagBag from /opt/airflow/dags/main.py
[2025-12-22T18:29:05.842+0000] {processor.py:840} INFO - DAG(s) 'update_db', 'youtube_video_stats' retrieved from /opt/airflow/dags/main.py
[2025-12-22T18:29:05.869+0000] {logging_mixin.py:188} INFO - [2025-12-22T18:29:05.868+0000] {dag.py:3096} INFO - Sync 2 DAGs
[2025-12-22T18:29:05.889+0000] {logging_mixin.py:188} INFO - [2025-12-22T18:29:05.888+0000] {dag.py:3954} INFO - Setting next_dagrun for update_db to 2025-12-22 15:00:00+00:00, run_after=2025-12-23 15:00:00+00:00
[2025-12-22T18:29:05.893+0000] {logging_mixin.py:188} INFO - [2025-12-22T18:29:05.893+0000] {dag.py:3954} INFO - Setting next_dagrun for youtube_video_stats to 2025-12-22 14:00:00+00:00, run_after=2025-12-23 14:00:00+00:00
[2025-12-22T18:29:05.916+0000] {processor.py:183} INFO - Processing /opt/airflow/dags/main.py took 0.168 seconds
[2025-12-22T18:29:36.046+0000] {processor.py:161} INFO - Started process (PID=10766) to work on /opt/airflow/dags/main.py
[2025-12-22T18:29:36.048+0000] {processor.py:830} INFO - Processing file /opt/airflow/dags/main.py for tasks to queue
[2025-12-22T18:29:36.049+0000] {logging_mixin.py:188} INFO - [2025-12-22T18:29:36.049+0000] {dagbag.py:545} INFO - Filling up the DagBag from /opt/airflow/dags/main.py
[2025-12-22T18:29:36.148+0000] {processor.py:840} INFO - DAG(s) 'youtube_video_stats', 'update_db' retrieved from /opt/airflow/dags/main.py
[2025-12-22T18:29:36.176+0000] {logging_mixin.py:188} INFO - [2025-12-22T18:29:36.175+0000] {dag.py:3096} INFO - Sync 2 DAGs
[2025-12-22T18:29:36.196+0000] {logging_mixin.py:188} INFO - [2025-12-22T18:29:36.196+0000] {dag.py:3954} INFO - Setting next_dagrun for update_db to 2025-12-22 15:00:00+00:00, run_after=2025-12-23 15:00:00+00:00
[2025-12-22T18:29:36.201+0000] {logging_mixin.py:188} INFO - [2025-12-22T18:29:36.201+0000] {dag.py:3954} INFO - Setting next_dagrun for youtube_video_stats to 2025-12-22 14:00:00+00:00, run_after=2025-12-23 14:00:00+00:00
[2025-12-22T18:29:36.219+0000] {processor.py:183} INFO - Processing /opt/airflow/dags/main.py took 0.178 seconds
[2025-12-22T18:30:06.260+0000] {processor.py:161} INFO - Started process (PID=10773) to work on /opt/airflow/dags/main.py
[2025-12-22T18:30:06.262+0000] {processor.py:830} INFO - Processing file /opt/airflow/dags/main.py for tasks to queue
[2025-12-22T18:30:06.263+0000] {logging_mixin.py:188} INFO - [2025-12-22T18:30:06.262+0000] {dagbag.py:545} INFO - Filling up the DagBag from /opt/airflow/dags/main.py
[2025-12-22T18:30:06.346+0000] {processor.py:840} INFO - DAG(s) 'youtube_video_stats', 'update_db' retrieved from /opt/airflow/dags/main.py
[2025-12-22T18:30:06.372+0000] {logging_mixin.py:188} INFO - [2025-12-22T18:30:06.372+0000] {dag.py:3096} INFO - Sync 2 DAGs
[2025-12-22T18:30:06.391+0000] {logging_mixin.py:188} INFO - [2025-12-22T18:30:06.391+0000] {dag.py:3954} INFO - Setting next_dagrun for update_db to 2025-12-22 15:00:00+00:00, run_after=2025-12-23 15:00:00+00:00
[2025-12-22T18:30:06.397+0000] {logging_mixin.py:188} INFO - [2025-12-22T18:30:06.397+0000] {dag.py:3954} INFO - Setting next_dagrun for youtube_video_stats to 2025-12-22 14:00:00+00:00, run_after=2025-12-23 14:00:00+00:00
[2025-12-22T18:30:06.420+0000] {processor.py:183} INFO - Processing /opt/airflow/dags/main.py took 0.165 seconds
[2025-12-22T18:30:36.575+0000] {processor.py:161} INFO - Started process (PID=10780) to work on /opt/airflow/dags/main.py
[2025-12-22T18:30:36.577+0000] {processor.py:830} INFO - Processing file /opt/airflow/dags/main.py for tasks to queue
[2025-12-22T18:30:36.578+0000] {logging_mixin.py:188} INFO - [2025-12-22T18:30:36.577+0000] {dagbag.py:545} INFO - Filling up the DagBag from /opt/airflow/dags/main.py
[2025-12-22T18:30:36.659+0000] {processor.py:840} INFO - DAG(s) 'youtube_video_stats', 'update_db' retrieved from /opt/airflow/dags/main.py
[2025-12-22T18:30:36.686+0000] {logging_mixin.py:188} INFO - [2025-12-22T18:30:36.686+0000] {dag.py:3096} INFO - Sync 2 DAGs
[2025-12-22T18:30:36.705+0000] {logging_mixin.py:188} INFO - [2025-12-22T18:30:36.705+0000] {dag.py:3954} INFO - Setting next_dagrun for update_db to 2025-12-22 15:00:00+00:00, run_after=2025-12-23 15:00:00+00:00
[2025-12-22T18:30:36.710+0000] {logging_mixin.py:188} INFO - [2025-12-22T18:30:36.710+0000] {dag.py:3954} INFO - Setting next_dagrun for youtube_video_stats to 2025-12-22 14:00:00+00:00, run_after=2025-12-23 14:00:00+00:00
[2025-12-22T18:30:36.725+0000] {processor.py:183} INFO - Processing /opt/airflow/dags/main.py took 0.156 seconds
[2025-12-22T18:31:06.910+0000] {processor.py:161} INFO - Started process (PID=10787) to work on /opt/airflow/dags/main.py
[2025-12-22T18:31:06.911+0000] {processor.py:830} INFO - Processing file /opt/airflow/dags/main.py for tasks to queue
[2025-12-22T18:31:06.912+0000] {logging_mixin.py:188} INFO - [2025-12-22T18:31:06.912+0000] {dagbag.py:545} INFO - Filling up the DagBag from /opt/airflow/dags/main.py
[2025-12-22T18:31:07.005+0000] {processor.py:840} INFO - DAG(s) 'update_db', 'youtube_video_stats' retrieved from /opt/airflow/dags/main.py
[2025-12-22T18:31:07.033+0000] {logging_mixin.py:188} INFO - [2025-12-22T18:31:07.032+0000] {dag.py:3096} INFO - Sync 2 DAGs
[2025-12-22T18:31:07.051+0000] {logging_mixin.py:188} INFO - [2025-12-22T18:31:07.051+0000] {dag.py:3954} INFO - Setting next_dagrun for update_db to 2025-12-22 15:00:00+00:00, run_after=2025-12-23 15:00:00+00:00
[2025-12-22T18:31:07.056+0000] {logging_mixin.py:188} INFO - [2025-12-22T18:31:07.056+0000] {dag.py:3954} INFO - Setting next_dagrun for youtube_video_stats to 2025-12-22 14:00:00+00:00, run_after=2025-12-23 14:00:00+00:00
[2025-12-22T18:31:07.075+0000] {processor.py:183} INFO - Processing /opt/airflow/dags/main.py took 0.171 seconds
[2025-12-22T18:31:37.257+0000] {processor.py:161} INFO - Started process (PID=10794) to work on /opt/airflow/dags/main.py
[2025-12-22T18:31:37.258+0000] {processor.py:830} INFO - Processing file /opt/airflow/dags/main.py for tasks to queue
[2025-12-22T18:31:37.259+0000] {logging_mixin.py:188} INFO - [2025-12-22T18:31:37.259+0000] {dagbag.py:545} INFO - Filling up the DagBag from /opt/airflow/dags/main.py
[2025-12-22T18:31:37.370+0000] {processor.py:840} INFO - DAG(s) 'update_db', 'youtube_video_stats' retrieved from /opt/airflow/dags/main.py
[2025-12-22T18:31:37.396+0000] {logging_mixin.py:188} INFO - [2025-12-22T18:31:37.396+0000] {dag.py:3096} INFO - Sync 2 DAGs
[2025-12-22T18:31:37.417+0000] {logging_mixin.py:188} INFO - [2025-12-22T18:31:37.417+0000] {dag.py:3954} INFO - Setting next_dagrun for update_db to 2025-12-22 15:00:00+00:00, run_after=2025-12-23 15:00:00+00:00
[2025-12-22T18:31:37.421+0000] {logging_mixin.py:188} INFO - [2025-12-22T18:31:37.421+0000] {dag.py:3954} INFO - Setting next_dagrun for youtube_video_stats to 2025-12-22 14:00:00+00:00, run_after=2025-12-23 14:00:00+00:00
[2025-12-22T18:31:37.437+0000] {processor.py:183} INFO - Processing /opt/airflow/dags/main.py took 0.188 seconds
[2025-12-22T18:32:07.615+0000] {processor.py:161} INFO - Started process (PID=10801) to work on /opt/airflow/dags/main.py
[2025-12-22T18:32:07.616+0000] {processor.py:830} INFO - Processing file /opt/airflow/dags/main.py for tasks to queue
[2025-12-22T18:32:07.617+0000] {logging_mixin.py:188} INFO - [2025-12-22T18:32:07.617+0000] {dagbag.py:545} INFO - Filling up the DagBag from /opt/airflow/dags/main.py
[2025-12-22T18:32:07.696+0000] {processor.py:840} INFO - DAG(s) 'youtube_video_stats', 'update_db' retrieved from /opt/airflow/dags/main.py
[2025-12-22T18:32:07.722+0000] {logging_mixin.py:188} INFO - [2025-12-22T18:32:07.722+0000] {dag.py:3096} INFO - Sync 2 DAGs
[2025-12-22T18:32:07.742+0000] {logging_mixin.py:188} INFO - [2025-12-22T18:32:07.742+0000] {dag.py:3954} INFO - Setting next_dagrun for update_db to 2025-12-22 15:00:00+00:00, run_after=2025-12-23 15:00:00+00:00
[2025-12-22T18:32:07.747+0000] {logging_mixin.py:188} INFO - [2025-12-22T18:32:07.747+0000] {dag.py:3954} INFO - Setting next_dagrun for youtube_video_stats to 2025-12-22 14:00:00+00:00, run_after=2025-12-23 14:00:00+00:00
[2025-12-22T18:32:07.766+0000] {processor.py:183} INFO - Processing /opt/airflow/dags/main.py took 0.157 seconds
[2025-12-22T18:32:37.961+0000] {processor.py:161} INFO - Started process (PID=10808) to work on /opt/airflow/dags/main.py
[2025-12-22T18:32:37.962+0000] {processor.py:830} INFO - Processing file /opt/airflow/dags/main.py for tasks to queue
[2025-12-22T18:32:37.963+0000] {logging_mixin.py:188} INFO - [2025-12-22T18:32:37.963+0000] {dagbag.py:545} INFO - Filling up the DagBag from /opt/airflow/dags/main.py
[2025-12-22T18:32:38.073+0000] {processor.py:840} INFO - DAG(s) 'update_db', 'youtube_video_stats' retrieved from /opt/airflow/dags/main.py
[2025-12-22T18:32:38.106+0000] {logging_mixin.py:188} INFO - [2025-12-22T18:32:38.106+0000] {dag.py:3096} INFO - Sync 2 DAGs
[2025-12-22T18:32:38.133+0000] {logging_mixin.py:188} INFO - [2025-12-22T18:32:38.132+0000] {dag.py:3954} INFO - Setting next_dagrun for update_db to 2025-12-22 15:00:00+00:00, run_after=2025-12-23 15:00:00+00:00
[2025-12-22T18:32:38.138+0000] {logging_mixin.py:188} INFO - [2025-12-22T18:32:38.138+0000] {dag.py:3954} INFO - Setting next_dagrun for youtube_video_stats to 2025-12-22 14:00:00+00:00, run_after=2025-12-23 14:00:00+00:00
[2025-12-22T18:32:38.158+0000] {processor.py:183} INFO - Processing /opt/airflow/dags/main.py took 0.204 seconds
[2025-12-22T18:33:08.331+0000] {processor.py:161} INFO - Started process (PID=10815) to work on /opt/airflow/dags/main.py
[2025-12-22T18:33:08.332+0000] {processor.py:830} INFO - Processing file /opt/airflow/dags/main.py for tasks to queue
[2025-12-22T18:33:08.333+0000] {logging_mixin.py:188} INFO - [2025-12-22T18:33:08.333+0000] {dagbag.py:545} INFO - Filling up the DagBag from /opt/airflow/dags/main.py
[2025-12-22T18:33:08.425+0000] {processor.py:840} INFO - DAG(s) 'update_db', 'youtube_video_stats' retrieved from /opt/airflow/dags/main.py
[2025-12-22T18:33:08.455+0000] {logging_mixin.py:188} INFO - [2025-12-22T18:33:08.454+0000] {dag.py:3096} INFO - Sync 2 DAGs
[2025-12-22T18:33:08.474+0000] {logging_mixin.py:188} INFO - [2025-12-22T18:33:08.474+0000] {dag.py:3954} INFO - Setting next_dagrun for update_db to 2025-12-22 15:00:00+00:00, run_after=2025-12-23 15:00:00+00:00
[2025-12-22T18:33:08.478+0000] {logging_mixin.py:188} INFO - [2025-12-22T18:33:08.478+0000] {dag.py:3954} INFO - Setting next_dagrun for youtube_video_stats to 2025-12-22 14:00:00+00:00, run_after=2025-12-23 14:00:00+00:00
[2025-12-22T18:33:08.493+0000] {processor.py:183} INFO - Processing /opt/airflow/dags/main.py took 0.168 seconds
[2025-12-22T18:33:38.663+0000] {processor.py:161} INFO - Started process (PID=10822) to work on /opt/airflow/dags/main.py
[2025-12-22T18:33:38.664+0000] {processor.py:830} INFO - Processing file /opt/airflow/dags/main.py for tasks to queue
[2025-12-22T18:33:38.665+0000] {logging_mixin.py:188} INFO - [2025-12-22T18:33:38.665+0000] {dagbag.py:545} INFO - Filling up the DagBag from /opt/airflow/dags/main.py
[2025-12-22T18:33:38.744+0000] {processor.py:840} INFO - DAG(s) 'youtube_video_stats', 'update_db' retrieved from /opt/airflow/dags/main.py
[2025-12-22T18:33:38.772+0000] {logging_mixin.py:188} INFO - [2025-12-22T18:33:38.772+0000] {dag.py:3096} INFO - Sync 2 DAGs
[2025-12-22T18:33:38.796+0000] {logging_mixin.py:188} INFO - [2025-12-22T18:33:38.796+0000] {dag.py:3954} INFO - Setting next_dagrun for update_db to 2025-12-22 15:00:00+00:00, run_after=2025-12-23 15:00:00+00:00
[2025-12-22T18:33:38.801+0000] {logging_mixin.py:188} INFO - [2025-12-22T18:33:38.801+0000] {dag.py:3954} INFO - Setting next_dagrun for youtube_video_stats to 2025-12-22 14:00:00+00:00, run_after=2025-12-23 14:00:00+00:00
[2025-12-22T18:33:38.818+0000] {processor.py:183} INFO - Processing /opt/airflow/dags/main.py took 0.160 seconds
[2025-12-22T18:34:08.995+0000] {processor.py:161} INFO - Started process (PID=10829) to work on /opt/airflow/dags/main.py
[2025-12-22T18:34:08.997+0000] {processor.py:830} INFO - Processing file /opt/airflow/dags/main.py for tasks to queue
[2025-12-22T18:34:08.998+0000] {logging_mixin.py:188} INFO - [2025-12-22T18:34:08.997+0000] {dagbag.py:545} INFO - Filling up the DagBag from /opt/airflow/dags/main.py
[2025-12-22T18:34:09.081+0000] {processor.py:840} INFO - DAG(s) 'youtube_video_stats', 'update_db' retrieved from /opt/airflow/dags/main.py
[2025-12-22T18:34:09.111+0000] {logging_mixin.py:188} INFO - [2025-12-22T18:34:09.110+0000] {dag.py:3096} INFO - Sync 2 DAGs
[2025-12-22T18:34:09.132+0000] {logging_mixin.py:188} INFO - [2025-12-22T18:34:09.132+0000] {dag.py:3954} INFO - Setting next_dagrun for update_db to 2025-12-22 15:00:00+00:00, run_after=2025-12-23 15:00:00+00:00
[2025-12-22T18:34:09.137+0000] {logging_mixin.py:188} INFO - [2025-12-22T18:34:09.137+0000] {dag.py:3954} INFO - Setting next_dagrun for youtube_video_stats to 2025-12-22 14:00:00+00:00, run_after=2025-12-23 14:00:00+00:00
[2025-12-22T18:34:09.160+0000] {processor.py:183} INFO - Processing /opt/airflow/dags/main.py took 0.170 seconds
[2025-12-22T18:34:39.282+0000] {processor.py:161} INFO - Started process (PID=10836) to work on /opt/airflow/dags/main.py
[2025-12-22T18:34:39.283+0000] {processor.py:830} INFO - Processing file /opt/airflow/dags/main.py for tasks to queue
[2025-12-22T18:34:39.284+0000] {logging_mixin.py:188} INFO - [2025-12-22T18:34:39.284+0000] {dagbag.py:545} INFO - Filling up the DagBag from /opt/airflow/dags/main.py
[2025-12-22T18:34:39.362+0000] {processor.py:840} INFO - DAG(s) 'update_db', 'youtube_video_stats' retrieved from /opt/airflow/dags/main.py
[2025-12-22T18:34:39.388+0000] {logging_mixin.py:188} INFO - [2025-12-22T18:34:39.388+0000] {dag.py:3096} INFO - Sync 2 DAGs
[2025-12-22T18:34:39.407+0000] {logging_mixin.py:188} INFO - [2025-12-22T18:34:39.406+0000] {dag.py:3954} INFO - Setting next_dagrun for update_db to 2025-12-22 15:00:00+00:00, run_after=2025-12-23 15:00:00+00:00
[2025-12-22T18:34:39.412+0000] {logging_mixin.py:188} INFO - [2025-12-22T18:34:39.412+0000] {dag.py:3954} INFO - Setting next_dagrun for youtube_video_stats to 2025-12-22 14:00:00+00:00, run_after=2025-12-23 14:00:00+00:00
[2025-12-22T18:34:39.432+0000] {processor.py:183} INFO - Processing /opt/airflow/dags/main.py took 0.156 seconds
[2025-12-22T18:35:09.518+0000] {processor.py:161} INFO - Started process (PID=10843) to work on /opt/airflow/dags/main.py
[2025-12-22T18:35:09.519+0000] {processor.py:830} INFO - Processing file /opt/airflow/dags/main.py for tasks to queue
[2025-12-22T18:35:09.520+0000] {logging_mixin.py:188} INFO - [2025-12-22T18:35:09.520+0000] {dagbag.py:545} INFO - Filling up the DagBag from /opt/airflow/dags/main.py
[2025-12-22T18:35:09.624+0000] {processor.py:840} INFO - DAG(s) 'youtube_video_stats', 'update_db' retrieved from /opt/airflow/dags/main.py
[2025-12-22T18:35:09.657+0000] {logging_mixin.py:188} INFO - [2025-12-22T18:35:09.657+0000] {dag.py:3096} INFO - Sync 2 DAGs
[2025-12-22T18:35:09.681+0000] {logging_mixin.py:188} INFO - [2025-12-22T18:35:09.681+0000] {dag.py:3954} INFO - Setting next_dagrun for update_db to 2025-12-22 15:00:00+00:00, run_after=2025-12-23 15:00:00+00:00
[2025-12-22T18:35:09.687+0000] {logging_mixin.py:188} INFO - [2025-12-22T18:35:09.686+0000] {dag.py:3954} INFO - Setting next_dagrun for youtube_video_stats to 2025-12-22 14:00:00+00:00, run_after=2025-12-23 14:00:00+00:00
[2025-12-22T18:35:09.709+0000] {processor.py:183} INFO - Processing /opt/airflow/dags/main.py took 0.199 seconds
[2025-12-22T18:35:39.792+0000] {processor.py:161} INFO - Started process (PID=10850) to work on /opt/airflow/dags/main.py
[2025-12-22T18:35:39.793+0000] {processor.py:830} INFO - Processing file /opt/airflow/dags/main.py for tasks to queue
[2025-12-22T18:35:39.794+0000] {logging_mixin.py:188} INFO - [2025-12-22T18:35:39.794+0000] {dagbag.py:545} INFO - Filling up the DagBag from /opt/airflow/dags/main.py
[2025-12-22T18:35:39.877+0000] {processor.py:840} INFO - DAG(s) 'youtube_video_stats', 'update_db' retrieved from /opt/airflow/dags/main.py
[2025-12-22T18:35:39.903+0000] {logging_mixin.py:188} INFO - [2025-12-22T18:35:39.903+0000] {dag.py:3096} INFO - Sync 2 DAGs
[2025-12-22T18:35:39.924+0000] {logging_mixin.py:188} INFO - [2025-12-22T18:35:39.924+0000] {dag.py:3954} INFO - Setting next_dagrun for update_db to 2025-12-22 15:00:00+00:00, run_after=2025-12-23 15:00:00+00:00
[2025-12-22T18:35:39.931+0000] {logging_mixin.py:188} INFO - [2025-12-22T18:35:39.931+0000] {dag.py:3954} INFO - Setting next_dagrun for youtube_video_stats to 2025-12-22 14:00:00+00:00, run_after=2025-12-23 14:00:00+00:00
[2025-12-22T18:35:39.958+0000] {processor.py:183} INFO - Processing /opt/airflow/dags/main.py took 0.172 seconds
[2025-12-22T18:36:10.059+0000] {processor.py:161} INFO - Started process (PID=10863) to work on /opt/airflow/dags/main.py
[2025-12-22T18:36:10.061+0000] {processor.py:830} INFO - Processing file /opt/airflow/dags/main.py for tasks to queue
[2025-12-22T18:36:10.062+0000] {logging_mixin.py:188} INFO - [2025-12-22T18:36:10.062+0000] {dagbag.py:545} INFO - Filling up the DagBag from /opt/airflow/dags/main.py
[2025-12-22T18:36:10.184+0000] {processor.py:840} INFO - DAG(s) 'update_db', 'youtube_video_stats' retrieved from /opt/airflow/dags/main.py
[2025-12-22T18:36:10.214+0000] {logging_mixin.py:188} INFO - [2025-12-22T18:36:10.213+0000] {dag.py:3096} INFO - Sync 2 DAGs
[2025-12-22T18:36:10.232+0000] {logging_mixin.py:188} INFO - [2025-12-22T18:36:10.232+0000] {dag.py:3954} INFO - Setting next_dagrun for update_db to 2025-12-22 15:00:00+00:00, run_after=2025-12-23 15:00:00+00:00
[2025-12-22T18:36:10.237+0000] {logging_mixin.py:188} INFO - [2025-12-22T18:36:10.237+0000] {dag.py:3954} INFO - Setting next_dagrun for youtube_video_stats to 2025-12-22 14:00:00+00:00, run_after=2025-12-23 14:00:00+00:00
[2025-12-22T18:36:10.253+0000] {processor.py:183} INFO - Processing /opt/airflow/dags/main.py took 0.202 seconds
[2025-12-22T18:36:40.312+0000] {processor.py:161} INFO - Started process (PID=10870) to work on /opt/airflow/dags/main.py
[2025-12-22T18:36:40.313+0000] {processor.py:830} INFO - Processing file /opt/airflow/dags/main.py for tasks to queue
[2025-12-22T18:36:40.314+0000] {logging_mixin.py:188} INFO - [2025-12-22T18:36:40.314+0000] {dagbag.py:545} INFO - Filling up the DagBag from /opt/airflow/dags/main.py
[2025-12-22T18:36:40.395+0000] {processor.py:840} INFO - DAG(s) 'youtube_video_stats', 'update_db' retrieved from /opt/airflow/dags/main.py
[2025-12-22T18:36:40.428+0000] {logging_mixin.py:188} INFO - [2025-12-22T18:36:40.428+0000] {dag.py:3096} INFO - Sync 2 DAGs
[2025-12-22T18:36:40.451+0000] {logging_mixin.py:188} INFO - [2025-12-22T18:36:40.451+0000] {dag.py:3954} INFO - Setting next_dagrun for update_db to 2025-12-22 15:00:00+00:00, run_after=2025-12-23 15:00:00+00:00
[2025-12-22T18:36:40.457+0000] {logging_mixin.py:188} INFO - [2025-12-22T18:36:40.457+0000] {dag.py:3954} INFO - Setting next_dagrun for youtube_video_stats to 2025-12-22 14:00:00+00:00, run_after=2025-12-23 14:00:00+00:00
[2025-12-22T18:36:40.476+0000] {processor.py:183} INFO - Processing /opt/airflow/dags/main.py took 0.170 seconds
[2025-12-22T18:37:10.600+0000] {processor.py:161} INFO - Started process (PID=10877) to work on /opt/airflow/dags/main.py
[2025-12-22T18:37:10.601+0000] {processor.py:830} INFO - Processing file /opt/airflow/dags/main.py for tasks to queue
[2025-12-22T18:37:10.602+0000] {logging_mixin.py:188} INFO - [2025-12-22T18:37:10.602+0000] {dagbag.py:545} INFO - Filling up the DagBag from /opt/airflow/dags/main.py
[2025-12-22T18:37:10.694+0000] {processor.py:840} INFO - DAG(s) 'youtube_video_stats', 'update_db' retrieved from /opt/airflow/dags/main.py
[2025-12-22T18:37:10.723+0000] {logging_mixin.py:188} INFO - [2025-12-22T18:37:10.722+0000] {dag.py:3096} INFO - Sync 2 DAGs
[2025-12-22T18:37:10.742+0000] {logging_mixin.py:188} INFO - [2025-12-22T18:37:10.742+0000] {dag.py:3954} INFO - Setting next_dagrun for update_db to 2025-12-22 15:00:00+00:00, run_after=2025-12-23 15:00:00+00:00
[2025-12-22T18:37:10.748+0000] {logging_mixin.py:188} INFO - [2025-12-22T18:37:10.748+0000] {dag.py:3954} INFO - Setting next_dagrun for youtube_video_stats to 2025-12-22 14:00:00+00:00, run_after=2025-12-23 14:00:00+00:00
[2025-12-22T18:37:10.766+0000] {processor.py:183} INFO - Processing /opt/airflow/dags/main.py took 0.173 seconds
[2025-12-22T18:37:40.822+0000] {processor.py:161} INFO - Started process (PID=10884) to work on /opt/airflow/dags/main.py
[2025-12-22T18:37:40.823+0000] {processor.py:830} INFO - Processing file /opt/airflow/dags/main.py for tasks to queue
[2025-12-22T18:37:40.824+0000] {logging_mixin.py:188} INFO - [2025-12-22T18:37:40.824+0000] {dagbag.py:545} INFO - Filling up the DagBag from /opt/airflow/dags/main.py
[2025-12-22T18:37:40.908+0000] {processor.py:840} INFO - DAG(s) 'youtube_video_stats', 'update_db' retrieved from /opt/airflow/dags/main.py
[2025-12-22T18:37:40.937+0000] {logging_mixin.py:188} INFO - [2025-12-22T18:37:40.937+0000] {dag.py:3096} INFO - Sync 2 DAGs
[2025-12-22T18:37:40.959+0000] {logging_mixin.py:188} INFO - [2025-12-22T18:37:40.959+0000] {dag.py:3954} INFO - Setting next_dagrun for update_db to 2025-12-22 15:00:00+00:00, run_after=2025-12-23 15:00:00+00:00
[2025-12-22T18:37:40.965+0000] {logging_mixin.py:188} INFO - [2025-12-22T18:37:40.965+0000] {dag.py:3954} INFO - Setting next_dagrun for youtube_video_stats to 2025-12-22 14:00:00+00:00, run_after=2025-12-23 14:00:00+00:00
[2025-12-22T18:37:40.980+0000] {processor.py:183} INFO - Processing /opt/airflow/dags/main.py took 0.164 seconds
[2025-12-22T18:38:11.126+0000] {processor.py:161} INFO - Started process (PID=10891) to work on /opt/airflow/dags/main.py
[2025-12-22T18:38:11.127+0000] {processor.py:830} INFO - Processing file /opt/airflow/dags/main.py for tasks to queue
[2025-12-22T18:38:11.128+0000] {logging_mixin.py:188} INFO - [2025-12-22T18:38:11.128+0000] {dagbag.py:545} INFO - Filling up the DagBag from /opt/airflow/dags/main.py
[2025-12-22T18:38:11.214+0000] {processor.py:840} INFO - DAG(s) 'youtube_video_stats', 'update_db' retrieved from /opt/airflow/dags/main.py
[2025-12-22T18:38:11.240+0000] {logging_mixin.py:188} INFO - [2025-12-22T18:38:11.239+0000] {dag.py:3096} INFO - Sync 2 DAGs
[2025-12-22T18:38:11.259+0000] {logging_mixin.py:188} INFO - [2025-12-22T18:38:11.259+0000] {dag.py:3954} INFO - Setting next_dagrun for update_db to 2025-12-22 15:00:00+00:00, run_after=2025-12-23 15:00:00+00:00
[2025-12-22T18:38:11.266+0000] {logging_mixin.py:188} INFO - [2025-12-22T18:38:11.265+0000] {dag.py:3954} INFO - Setting next_dagrun for youtube_video_stats to 2025-12-22 14:00:00+00:00, run_after=2025-12-23 14:00:00+00:00
[2025-12-22T18:38:11.303+0000] {processor.py:183} INFO - Processing /opt/airflow/dags/main.py took 0.183 seconds
[2025-12-22T18:38:41.486+0000] {processor.py:161} INFO - Started process (PID=10898) to work on /opt/airflow/dags/main.py
[2025-12-22T18:38:41.487+0000] {processor.py:830} INFO - Processing file /opt/airflow/dags/main.py for tasks to queue
[2025-12-22T18:38:41.488+0000] {logging_mixin.py:188} INFO - [2025-12-22T18:38:41.488+0000] {dagbag.py:545} INFO - Filling up the DagBag from /opt/airflow/dags/main.py
[2025-12-22T18:38:41.573+0000] {processor.py:840} INFO - DAG(s) 'youtube_video_stats', 'update_db' retrieved from /opt/airflow/dags/main.py
[2025-12-22T18:38:41.600+0000] {logging_mixin.py:188} INFO - [2025-12-22T18:38:41.599+0000] {dag.py:3096} INFO - Sync 2 DAGs
[2025-12-22T18:38:41.619+0000] {logging_mixin.py:188} INFO - [2025-12-22T18:38:41.618+0000] {dag.py:3954} INFO - Setting next_dagrun for update_db to 2025-12-22 15:00:00+00:00, run_after=2025-12-23 15:00:00+00:00
[2025-12-22T18:38:41.623+0000] {logging_mixin.py:188} INFO - [2025-12-22T18:38:41.623+0000] {dag.py:3954} INFO - Setting next_dagrun for youtube_video_stats to 2025-12-22 14:00:00+00:00, run_after=2025-12-23 14:00:00+00:00
[2025-12-22T18:38:41.642+0000] {processor.py:183} INFO - Processing /opt/airflow/dags/main.py took 0.161 seconds
[2025-12-22T18:39:11.816+0000] {processor.py:161} INFO - Started process (PID=10905) to work on /opt/airflow/dags/main.py
[2025-12-22T18:39:11.818+0000] {processor.py:830} INFO - Processing file /opt/airflow/dags/main.py for tasks to queue
[2025-12-22T18:39:11.819+0000] {logging_mixin.py:188} INFO - [2025-12-22T18:39:11.818+0000] {dagbag.py:545} INFO - Filling up the DagBag from /opt/airflow/dags/main.py
[2025-12-22T18:39:11.899+0000] {processor.py:840} INFO - DAG(s) 'youtube_video_stats', 'update_db' retrieved from /opt/airflow/dags/main.py
[2025-12-22T18:39:11.927+0000] {logging_mixin.py:188} INFO - [2025-12-22T18:39:11.927+0000] {dag.py:3096} INFO - Sync 2 DAGs
[2025-12-22T18:39:11.947+0000] {logging_mixin.py:188} INFO - [2025-12-22T18:39:11.947+0000] {dag.py:3954} INFO - Setting next_dagrun for update_db to 2025-12-22 15:00:00+00:00, run_after=2025-12-23 15:00:00+00:00
[2025-12-22T18:39:11.954+0000] {logging_mixin.py:188} INFO - [2025-12-22T18:39:11.954+0000] {dag.py:3954} INFO - Setting next_dagrun for youtube_video_stats to 2025-12-22 14:00:00+00:00, run_after=2025-12-23 14:00:00+00:00
[2025-12-22T18:39:11.971+0000] {processor.py:183} INFO - Processing /opt/airflow/dags/main.py took 0.160 seconds
[2025-12-22T18:39:42.100+0000] {processor.py:161} INFO - Started process (PID=10912) to work on /opt/airflow/dags/main.py
[2025-12-22T18:39:42.101+0000] {processor.py:830} INFO - Processing file /opt/airflow/dags/main.py for tasks to queue
[2025-12-22T18:39:42.102+0000] {logging_mixin.py:188} INFO - [2025-12-22T18:39:42.102+0000] {dagbag.py:545} INFO - Filling up the DagBag from /opt/airflow/dags/main.py
[2025-12-22T18:39:42.192+0000] {processor.py:840} INFO - DAG(s) 'update_db', 'youtube_video_stats' retrieved from /opt/airflow/dags/main.py
[2025-12-22T18:39:42.223+0000] {logging_mixin.py:188} INFO - [2025-12-22T18:39:42.222+0000] {dag.py:3096} INFO - Sync 2 DAGs
[2025-12-22T18:39:42.243+0000] {logging_mixin.py:188} INFO - [2025-12-22T18:39:42.243+0000] {dag.py:3954} INFO - Setting next_dagrun for update_db to 2025-12-22 15:00:00+00:00, run_after=2025-12-23 15:00:00+00:00
[2025-12-22T18:39:42.248+0000] {logging_mixin.py:188} INFO - [2025-12-22T18:39:42.248+0000] {dag.py:3954} INFO - Setting next_dagrun for youtube_video_stats to 2025-12-22 14:00:00+00:00, run_after=2025-12-23 14:00:00+00:00
[2025-12-22T18:39:42.268+0000] {processor.py:183} INFO - Processing /opt/airflow/dags/main.py took 0.174 seconds
[2025-12-22T18:40:12.326+0000] {processor.py:161} INFO - Started process (PID=10919) to work on /opt/airflow/dags/main.py
[2025-12-22T18:40:12.328+0000] {processor.py:830} INFO - Processing file /opt/airflow/dags/main.py for tasks to queue
[2025-12-22T18:40:12.329+0000] {logging_mixin.py:188} INFO - [2025-12-22T18:40:12.329+0000] {dagbag.py:545} INFO - Filling up the DagBag from /opt/airflow/dags/main.py
[2025-12-22T18:40:12.411+0000] {processor.py:840} INFO - DAG(s) 'youtube_video_stats', 'update_db' retrieved from /opt/airflow/dags/main.py
[2025-12-22T18:40:12.439+0000] {logging_mixin.py:188} INFO - [2025-12-22T18:40:12.438+0000] {dag.py:3096} INFO - Sync 2 DAGs
[2025-12-22T18:40:12.458+0000] {logging_mixin.py:188} INFO - [2025-12-22T18:40:12.458+0000] {dag.py:3954} INFO - Setting next_dagrun for update_db to 2025-12-22 15:00:00+00:00, run_after=2025-12-23 15:00:00+00:00
[2025-12-22T18:40:12.462+0000] {logging_mixin.py:188} INFO - [2025-12-22T18:40:12.462+0000] {dag.py:3954} INFO - Setting next_dagrun for youtube_video_stats to 2025-12-22 14:00:00+00:00, run_after=2025-12-23 14:00:00+00:00
[2025-12-22T18:40:12.480+0000] {processor.py:183} INFO - Processing /opt/airflow/dags/main.py took 0.160 seconds
[2025-12-22T18:40:42.624+0000] {processor.py:161} INFO - Started process (PID=10926) to work on /opt/airflow/dags/main.py
[2025-12-22T18:40:42.625+0000] {processor.py:830} INFO - Processing file /opt/airflow/dags/main.py for tasks to queue
[2025-12-22T18:40:42.626+0000] {logging_mixin.py:188} INFO - [2025-12-22T18:40:42.626+0000] {dagbag.py:545} INFO - Filling up the DagBag from /opt/airflow/dags/main.py
[2025-12-22T18:40:42.731+0000] {processor.py:840} INFO - DAG(s) 'youtube_video_stats', 'update_db' retrieved from /opt/airflow/dags/main.py
[2025-12-22T18:40:42.765+0000] {logging_mixin.py:188} INFO - [2025-12-22T18:40:42.765+0000] {dag.py:3096} INFO - Sync 2 DAGs
[2025-12-22T18:40:42.788+0000] {logging_mixin.py:188} INFO - [2025-12-22T18:40:42.788+0000] {dag.py:3954} INFO - Setting next_dagrun for update_db to 2025-12-22 15:00:00+00:00, run_after=2025-12-23 15:00:00+00:00
[2025-12-22T18:40:42.793+0000] {logging_mixin.py:188} INFO - [2025-12-22T18:40:42.793+0000] {dag.py:3954} INFO - Setting next_dagrun for youtube_video_stats to 2025-12-22 14:00:00+00:00, run_after=2025-12-23 14:00:00+00:00
[2025-12-22T18:40:42.813+0000] {processor.py:183} INFO - Processing /opt/airflow/dags/main.py took 0.195 seconds
[2025-12-22T18:41:13.021+0000] {processor.py:161} INFO - Started process (PID=10933) to work on /opt/airflow/dags/main.py
[2025-12-22T18:41:13.022+0000] {processor.py:830} INFO - Processing file /opt/airflow/dags/main.py for tasks to queue
[2025-12-22T18:41:13.023+0000] {logging_mixin.py:188} INFO - [2025-12-22T18:41:13.023+0000] {dagbag.py:545} INFO - Filling up the DagBag from /opt/airflow/dags/main.py
[2025-12-22T18:41:13.128+0000] {processor.py:840} INFO - DAG(s) 'youtube_video_stats', 'update_db' retrieved from /opt/airflow/dags/main.py
[2025-12-22T18:41:13.158+0000] {logging_mixin.py:188} INFO - [2025-12-22T18:41:13.158+0000] {dag.py:3096} INFO - Sync 2 DAGs
[2025-12-22T18:41:13.178+0000] {logging_mixin.py:188} INFO - [2025-12-22T18:41:13.178+0000] {dag.py:3954} INFO - Setting next_dagrun for update_db to 2025-12-22 15:00:00+00:00, run_after=2025-12-23 15:00:00+00:00
[2025-12-22T18:41:13.183+0000] {logging_mixin.py:188} INFO - [2025-12-22T18:41:13.183+0000] {dag.py:3954} INFO - Setting next_dagrun for youtube_video_stats to 2025-12-22 14:00:00+00:00, run_after=2025-12-23 14:00:00+00:00
[2025-12-22T18:41:13.203+0000] {processor.py:183} INFO - Processing /opt/airflow/dags/main.py took 0.187 seconds
[2025-12-22T18:41:43.673+0000] {processor.py:161} INFO - Started process (PID=10940) to work on /opt/airflow/dags/main.py
[2025-12-22T18:41:43.678+0000] {processor.py:830} INFO - Processing file /opt/airflow/dags/main.py for tasks to queue
[2025-12-22T18:41:43.689+0000] {logging_mixin.py:188} INFO - [2025-12-22T18:41:43.688+0000] {dagbag.py:545} INFO - Filling up the DagBag from /opt/airflow/dags/main.py
[2025-12-22T18:41:44.083+0000] {processor.py:840} INFO - DAG(s) 'youtube_video_stats', 'update_db' retrieved from /opt/airflow/dags/main.py
[2025-12-22T18:41:44.198+0000] {logging_mixin.py:188} INFO - [2025-12-22T18:41:44.198+0000] {dag.py:3096} INFO - Sync 2 DAGs
[2025-12-22T18:41:44.272+0000] {logging_mixin.py:188} INFO - [2025-12-22T18:41:44.271+0000] {dag.py:3954} INFO - Setting next_dagrun for update_db to 2025-12-22 15:00:00+00:00, run_after=2025-12-23 15:00:00+00:00
[2025-12-22T18:41:44.288+0000] {logging_mixin.py:188} INFO - [2025-12-22T18:41:44.287+0000] {dag.py:3954} INFO - Setting next_dagrun for youtube_video_stats to 2025-12-22 14:00:00+00:00, run_after=2025-12-23 14:00:00+00:00
[2025-12-22T18:41:44.340+0000] {processor.py:183} INFO - Processing /opt/airflow/dags/main.py took 0.702 seconds
[2025-12-22T18:42:14.721+0000] {processor.py:161} INFO - Started process (PID=10947) to work on /opt/airflow/dags/main.py
[2025-12-22T18:42:14.724+0000] {processor.py:830} INFO - Processing file /opt/airflow/dags/main.py for tasks to queue
[2025-12-22T18:42:14.727+0000] {logging_mixin.py:188} INFO - [2025-12-22T18:42:14.726+0000] {dagbag.py:545} INFO - Filling up the DagBag from /opt/airflow/dags/main.py
[2025-12-22T18:42:15.009+0000] {processor.py:840} INFO - DAG(s) 'update_db', 'youtube_video_stats' retrieved from /opt/airflow/dags/main.py
[2025-12-22T18:42:15.102+0000] {logging_mixin.py:188} INFO - [2025-12-22T18:42:15.101+0000] {dag.py:3096} INFO - Sync 2 DAGs
[2025-12-22T18:42:15.168+0000] {logging_mixin.py:188} INFO - [2025-12-22T18:42:15.167+0000] {dag.py:3954} INFO - Setting next_dagrun for update_db to 2025-12-22 15:00:00+00:00, run_after=2025-12-23 15:00:00+00:00
[2025-12-22T18:42:15.182+0000] {logging_mixin.py:188} INFO - [2025-12-22T18:42:15.181+0000] {dag.py:3954} INFO - Setting next_dagrun for youtube_video_stats to 2025-12-22 14:00:00+00:00, run_after=2025-12-23 14:00:00+00:00
[2025-12-22T18:42:15.222+0000] {processor.py:183} INFO - Processing /opt/airflow/dags/main.py took 0.519 seconds
[2025-12-22T18:42:45.529+0000] {processor.py:161} INFO - Started process (PID=10954) to work on /opt/airflow/dags/main.py
[2025-12-22T18:42:45.531+0000] {processor.py:830} INFO - Processing file /opt/airflow/dags/main.py for tasks to queue
[2025-12-22T18:42:45.533+0000] {logging_mixin.py:188} INFO - [2025-12-22T18:42:45.532+0000] {dagbag.py:545} INFO - Filling up the DagBag from /opt/airflow/dags/main.py
[2025-12-22T18:42:45.731+0000] {processor.py:840} INFO - DAG(s) 'update_db', 'youtube_video_stats' retrieved from /opt/airflow/dags/main.py
[2025-12-22T18:42:45.792+0000] {logging_mixin.py:188} INFO - [2025-12-22T18:42:45.791+0000] {dag.py:3096} INFO - Sync 2 DAGs
[2025-12-22T18:42:45.835+0000] {logging_mixin.py:188} INFO - [2025-12-22T18:42:45.834+0000] {dag.py:3954} INFO - Setting next_dagrun for update_db to 2025-12-22 15:00:00+00:00, run_after=2025-12-23 15:00:00+00:00
[2025-12-22T18:42:45.845+0000] {logging_mixin.py:188} INFO - [2025-12-22T18:42:45.844+0000] {dag.py:3954} INFO - Setting next_dagrun for youtube_video_stats to 2025-12-22 14:00:00+00:00, run_after=2025-12-23 14:00:00+00:00
[2025-12-22T18:42:45.875+0000] {processor.py:183} INFO - Processing /opt/airflow/dags/main.py took 0.357 seconds
[2025-12-22T18:43:16.287+0000] {processor.py:161} INFO - Started process (PID=10961) to work on /opt/airflow/dags/main.py
[2025-12-22T18:43:16.293+0000] {processor.py:830} INFO - Processing file /opt/airflow/dags/main.py for tasks to queue
[2025-12-22T18:43:16.297+0000] {logging_mixin.py:188} INFO - [2025-12-22T18:43:16.296+0000] {dagbag.py:545} INFO - Filling up the DagBag from /opt/airflow/dags/main.py
[2025-12-22T18:43:16.668+0000] {processor.py:840} INFO - DAG(s) 'youtube_video_stats', 'update_db' retrieved from /opt/airflow/dags/main.py
[2025-12-22T18:43:16.803+0000] {logging_mixin.py:188} INFO - [2025-12-22T18:43:16.803+0000] {dag.py:3096} INFO - Sync 2 DAGs
[2025-12-22T18:43:16.886+0000] {logging_mixin.py:188} INFO - [2025-12-22T18:43:16.886+0000] {dag.py:3954} INFO - Setting next_dagrun for update_db to 2025-12-22 15:00:00+00:00, run_after=2025-12-23 15:00:00+00:00
[2025-12-22T18:43:16.911+0000] {logging_mixin.py:188} INFO - [2025-12-22T18:43:16.910+0000] {dag.py:3954} INFO - Setting next_dagrun for youtube_video_stats to 2025-12-22 14:00:00+00:00, run_after=2025-12-23 14:00:00+00:00
[2025-12-22T18:43:17.004+0000] {processor.py:183} INFO - Processing /opt/airflow/dags/main.py took 0.741 seconds
[2025-12-22T18:43:47.257+0000] {processor.py:161} INFO - Started process (PID=10968) to work on /opt/airflow/dags/main.py
[2025-12-22T18:43:47.260+0000] {processor.py:830} INFO - Processing file /opt/airflow/dags/main.py for tasks to queue
[2025-12-22T18:43:47.264+0000] {logging_mixin.py:188} INFO - [2025-12-22T18:43:47.263+0000] {dagbag.py:545} INFO - Filling up the DagBag from /opt/airflow/dags/main.py
[2025-12-22T18:43:47.485+0000] {processor.py:840} INFO - DAG(s) 'update_db', 'youtube_video_stats' retrieved from /opt/airflow/dags/main.py
[2025-12-22T18:43:47.566+0000] {logging_mixin.py:188} INFO - [2025-12-22T18:43:47.565+0000] {dag.py:3096} INFO - Sync 2 DAGs
[2025-12-22T18:43:47.622+0000] {logging_mixin.py:188} INFO - [2025-12-22T18:43:47.622+0000] {dag.py:3954} INFO - Setting next_dagrun for update_db to 2025-12-22 15:00:00+00:00, run_after=2025-12-23 15:00:00+00:00
[2025-12-22T18:43:47.636+0000] {logging_mixin.py:188} INFO - [2025-12-22T18:43:47.635+0000] {dag.py:3954} INFO - Setting next_dagrun for youtube_video_stats to 2025-12-22 14:00:00+00:00, run_after=2025-12-23 14:00:00+00:00
[2025-12-22T18:43:47.676+0000] {processor.py:183} INFO - Processing /opt/airflow/dags/main.py took 0.430 seconds
[2025-12-22T18:44:18.000+0000] {processor.py:161} INFO - Started process (PID=10975) to work on /opt/airflow/dags/main.py
[2025-12-22T18:44:18.006+0000] {processor.py:830} INFO - Processing file /opt/airflow/dags/main.py for tasks to queue
[2025-12-22T18:44:18.009+0000] {logging_mixin.py:188} INFO - [2025-12-22T18:44:18.009+0000] {dagbag.py:545} INFO - Filling up the DagBag from /opt/airflow/dags/main.py
[2025-12-22T18:44:18.430+0000] {processor.py:840} INFO - DAG(s) 'update_db', 'youtube_video_stats' retrieved from /opt/airflow/dags/main.py
[2025-12-22T18:44:18.544+0000] {logging_mixin.py:188} INFO - [2025-12-22T18:44:18.543+0000] {dag.py:3096} INFO - Sync 2 DAGs
[2025-12-22T18:44:18.608+0000] {logging_mixin.py:188} INFO - [2025-12-22T18:44:18.608+0000] {dag.py:3954} INFO - Setting next_dagrun for update_db to 2025-12-22 15:00:00+00:00, run_after=2025-12-23 15:00:00+00:00
[2025-12-22T18:44:18.630+0000] {logging_mixin.py:188} INFO - [2025-12-22T18:44:18.630+0000] {dag.py:3954} INFO - Setting next_dagrun for youtube_video_stats to 2025-12-22 14:00:00+00:00, run_after=2025-12-23 14:00:00+00:00
[2025-12-22T18:44:18.693+0000] {processor.py:183} INFO - Processing /opt/airflow/dags/main.py took 0.712 seconds
[2025-12-22T18:44:49.523+0000] {processor.py:161} INFO - Started process (PID=10982) to work on /opt/airflow/dags/main.py
[2025-12-22T18:44:49.525+0000] {processor.py:830} INFO - Processing file /opt/airflow/dags/main.py for tasks to queue
[2025-12-22T18:44:49.529+0000] {logging_mixin.py:188} INFO - [2025-12-22T18:44:49.528+0000] {dagbag.py:545} INFO - Filling up the DagBag from /opt/airflow/dags/main.py
[2025-12-22T18:44:49.778+0000] {processor.py:840} INFO - DAG(s) 'youtube_video_stats', 'update_db' retrieved from /opt/airflow/dags/main.py
[2025-12-22T18:44:49.864+0000] {logging_mixin.py:188} INFO - [2025-12-22T18:44:49.864+0000] {dag.py:3096} INFO - Sync 2 DAGs
[2025-12-22T18:44:49.923+0000] {logging_mixin.py:188} INFO - [2025-12-22T18:44:49.918+0000] {dag.py:3954} INFO - Setting next_dagrun for update_db to 2025-12-22 15:00:00+00:00, run_after=2025-12-23 15:00:00+00:00
[2025-12-22T18:44:49.937+0000] {logging_mixin.py:188} INFO - [2025-12-22T18:44:49.937+0000] {dag.py:3954} INFO - Setting next_dagrun for youtube_video_stats to 2025-12-22 14:00:00+00:00, run_after=2025-12-23 14:00:00+00:00
[2025-12-22T18:44:49.976+0000] {processor.py:183} INFO - Processing /opt/airflow/dags/main.py took 0.463 seconds
[2025-12-22T18:45:20.332+0000] {processor.py:161} INFO - Started process (PID=10988) to work on /opt/airflow/dags/main.py
[2025-12-22T18:45:20.338+0000] {processor.py:830} INFO - Processing file /opt/airflow/dags/main.py for tasks to queue
[2025-12-22T18:45:20.341+0000] {logging_mixin.py:188} INFO - [2025-12-22T18:45:20.340+0000] {dagbag.py:545} INFO - Filling up the DagBag from /opt/airflow/dags/main.py
[2025-12-22T18:45:20.674+0000] {processor.py:840} INFO - DAG(s) 'youtube_video_stats', 'update_db' retrieved from /opt/airflow/dags/main.py
[2025-12-22T18:45:20.761+0000] {logging_mixin.py:188} INFO - [2025-12-22T18:45:20.760+0000] {dag.py:3096} INFO - Sync 2 DAGs
[2025-12-22T18:45:20.821+0000] {logging_mixin.py:188} INFO - [2025-12-22T18:45:20.820+0000] {dag.py:3954} INFO - Setting next_dagrun for update_db to 2025-12-22 15:00:00+00:00, run_after=2025-12-23 15:00:00+00:00
[2025-12-22T18:45:20.835+0000] {logging_mixin.py:188} INFO - [2025-12-22T18:45:20.835+0000] {dag.py:3954} INFO - Setting next_dagrun for youtube_video_stats to 2025-12-22 14:00:00+00:00, run_after=2025-12-23 14:00:00+00:00
[2025-12-22T18:45:20.888+0000] {processor.py:183} INFO - Processing /opt/airflow/dags/main.py took 0.581 seconds
[2025-12-22T18:45:51.109+0000] {processor.py:161} INFO - Started process (PID=10995) to work on /opt/airflow/dags/main.py
[2025-12-22T18:45:51.111+0000] {processor.py:830} INFO - Processing file /opt/airflow/dags/main.py for tasks to queue
[2025-12-22T18:45:51.117+0000] {logging_mixin.py:188} INFO - [2025-12-22T18:45:51.114+0000] {dagbag.py:545} INFO - Filling up the DagBag from /opt/airflow/dags/main.py
[2025-12-22T18:45:51.445+0000] {processor.py:840} INFO - DAG(s) 'update_db', 'youtube_video_stats' retrieved from /opt/airflow/dags/main.py
[2025-12-22T18:45:51.539+0000] {logging_mixin.py:188} INFO - [2025-12-22T18:45:51.538+0000] {dag.py:3096} INFO - Sync 2 DAGs
[2025-12-22T18:45:51.622+0000] {logging_mixin.py:188} INFO - [2025-12-22T18:45:51.621+0000] {dag.py:3954} INFO - Setting next_dagrun for update_db to 2025-12-22 15:00:00+00:00, run_after=2025-12-23 15:00:00+00:00
[2025-12-22T18:45:51.640+0000] {logging_mixin.py:188} INFO - [2025-12-22T18:45:51.640+0000] {dag.py:3954} INFO - Setting next_dagrun for youtube_video_stats to 2025-12-22 14:00:00+00:00, run_after=2025-12-23 14:00:00+00:00
[2025-12-22T18:45:51.696+0000] {processor.py:183} INFO - Processing /opt/airflow/dags/main.py took 0.603 seconds
[2025-12-22T18:46:22.028+0000] {processor.py:161} INFO - Started process (PID=11002) to work on /opt/airflow/dags/main.py
[2025-12-22T18:46:22.032+0000] {processor.py:830} INFO - Processing file /opt/airflow/dags/main.py for tasks to queue
[2025-12-22T18:46:22.034+0000] {logging_mixin.py:188} INFO - [2025-12-22T18:46:22.033+0000] {dagbag.py:545} INFO - Filling up the DagBag from /opt/airflow/dags/main.py
[2025-12-22T18:46:22.295+0000] {processor.py:840} INFO - DAG(s) 'youtube_video_stats', 'update_db' retrieved from /opt/airflow/dags/main.py
[2025-12-22T18:46:22.374+0000] {logging_mixin.py:188} INFO - [2025-12-22T18:46:22.373+0000] {dag.py:3096} INFO - Sync 2 DAGs
[2025-12-22T18:46:22.438+0000] {logging_mixin.py:188} INFO - [2025-12-22T18:46:22.437+0000] {dag.py:3954} INFO - Setting next_dagrun for update_db to 2025-12-22 15:00:00+00:00, run_after=2025-12-23 15:00:00+00:00
[2025-12-22T18:46:22.457+0000] {logging_mixin.py:188} INFO - [2025-12-22T18:46:22.456+0000] {dag.py:3954} INFO - Setting next_dagrun for youtube_video_stats to 2025-12-22 14:00:00+00:00, run_after=2025-12-23 14:00:00+00:00
[2025-12-22T18:46:22.516+0000] {processor.py:183} INFO - Processing /opt/airflow/dags/main.py took 0.502 seconds
[2025-12-22T18:46:52.826+0000] {processor.py:161} INFO - Started process (PID=11009) to work on /opt/airflow/dags/main.py
[2025-12-22T18:46:52.829+0000] {processor.py:830} INFO - Processing file /opt/airflow/dags/main.py for tasks to queue
[2025-12-22T18:46:52.833+0000] {logging_mixin.py:188} INFO - [2025-12-22T18:46:52.832+0000] {dagbag.py:545} INFO - Filling up the DagBag from /opt/airflow/dags/main.py
[2025-12-22T18:46:53.075+0000] {processor.py:840} INFO - DAG(s) 'update_db', 'youtube_video_stats' retrieved from /opt/airflow/dags/main.py
[2025-12-22T18:46:53.155+0000] {logging_mixin.py:188} INFO - [2025-12-22T18:46:53.154+0000] {dag.py:3096} INFO - Sync 2 DAGs
[2025-12-22T18:46:53.210+0000] {logging_mixin.py:188} INFO - [2025-12-22T18:46:53.210+0000] {dag.py:3954} INFO - Setting next_dagrun for update_db to 2025-12-22 15:00:00+00:00, run_after=2025-12-23 15:00:00+00:00
[2025-12-22T18:46:53.222+0000] {logging_mixin.py:188} INFO - [2025-12-22T18:46:53.221+0000] {dag.py:3954} INFO - Setting next_dagrun for youtube_video_stats to 2025-12-22 14:00:00+00:00, run_after=2025-12-23 14:00:00+00:00
[2025-12-22T18:46:53.284+0000] {processor.py:183} INFO - Processing /opt/airflow/dags/main.py took 0.469 seconds
[2025-12-22T18:47:23.691+0000] {processor.py:161} INFO - Started process (PID=11015) to work on /opt/airflow/dags/main.py
[2025-12-22T18:47:23.694+0000] {processor.py:830} INFO - Processing file /opt/airflow/dags/main.py for tasks to queue
[2025-12-22T18:47:23.700+0000] {logging_mixin.py:188} INFO - [2025-12-22T18:47:23.698+0000] {dagbag.py:545} INFO - Filling up the DagBag from /opt/airflow/dags/main.py
[2025-12-22T18:47:24.011+0000] {processor.py:840} INFO - DAG(s) 'update_db', 'youtube_video_stats' retrieved from /opt/airflow/dags/main.py
[2025-12-22T18:47:24.122+0000] {logging_mixin.py:188} INFO - [2025-12-22T18:47:24.121+0000] {dag.py:3096} INFO - Sync 2 DAGs
[2025-12-22T18:47:24.208+0000] {logging_mixin.py:188} INFO - [2025-12-22T18:47:24.207+0000] {dag.py:3954} INFO - Setting next_dagrun for update_db to 2025-12-22 15:00:00+00:00, run_after=2025-12-23 15:00:00+00:00
[2025-12-22T18:47:24.224+0000] {logging_mixin.py:188} INFO - [2025-12-22T18:47:24.223+0000] {dag.py:3954} INFO - Setting next_dagrun for youtube_video_stats to 2025-12-22 14:00:00+00:00, run_after=2025-12-23 14:00:00+00:00
[2025-12-22T18:47:24.267+0000] {processor.py:183} INFO - Processing /opt/airflow/dags/main.py took 0.594 seconds
[2025-12-22T18:47:54.619+0000] {processor.py:161} INFO - Started process (PID=11022) to work on /opt/airflow/dags/main.py
[2025-12-22T18:47:54.622+0000] {processor.py:830} INFO - Processing file /opt/airflow/dags/main.py for tasks to queue
[2025-12-22T18:47:54.625+0000] {logging_mixin.py:188} INFO - [2025-12-22T18:47:54.625+0000] {dagbag.py:545} INFO - Filling up the DagBag from /opt/airflow/dags/main.py
[2025-12-22T18:47:55.003+0000] {processor.py:840} INFO - DAG(s) 'youtube_video_stats', 'update_db' retrieved from /opt/airflow/dags/main.py
[2025-12-22T18:47:55.136+0000] {logging_mixin.py:188} INFO - [2025-12-22T18:47:55.135+0000] {dag.py:3096} INFO - Sync 2 DAGs
[2025-12-22T18:47:55.253+0000] {logging_mixin.py:188} INFO - [2025-12-22T18:47:55.252+0000] {dag.py:3954} INFO - Setting next_dagrun for update_db to 2025-12-22 15:00:00+00:00, run_after=2025-12-23 15:00:00+00:00
[2025-12-22T18:47:55.294+0000] {logging_mixin.py:188} INFO - [2025-12-22T18:47:55.293+0000] {dag.py:3954} INFO - Setting next_dagrun for youtube_video_stats to 2025-12-22 14:00:00+00:00, run_after=2025-12-23 14:00:00+00:00
[2025-12-22T18:47:55.373+0000] {processor.py:183} INFO - Processing /opt/airflow/dags/main.py took 0.774 seconds
[2025-12-22T18:48:26.036+0000] {processor.py:161} INFO - Started process (PID=11029) to work on /opt/airflow/dags/main.py
[2025-12-22T18:48:26.044+0000] {processor.py:830} INFO - Processing file /opt/airflow/dags/main.py for tasks to queue
[2025-12-22T18:48:26.049+0000] {logging_mixin.py:188} INFO - [2025-12-22T18:48:26.048+0000] {dagbag.py:545} INFO - Filling up the DagBag from /opt/airflow/dags/main.py
[2025-12-22T18:48:26.742+0000] {processor.py:840} INFO - DAG(s) 'youtube_video_stats', 'update_db' retrieved from /opt/airflow/dags/main.py
[2025-12-22T18:48:27.220+0000] {logging_mixin.py:188} INFO - [2025-12-22T18:48:27.219+0000] {dag.py:3096} INFO - Sync 2 DAGs
[2025-12-22T18:48:27.691+0000] {logging_mixin.py:188} INFO - [2025-12-22T18:48:27.689+0000] {dag.py:3954} INFO - Setting next_dagrun for update_db to 2025-12-22 15:00:00+00:00, run_after=2025-12-23 15:00:00+00:00
[2025-12-22T18:48:27.806+0000] {logging_mixin.py:188} INFO - [2025-12-22T18:48:27.804+0000] {dag.py:3954} INFO - Setting next_dagrun for youtube_video_stats to 2025-12-22 14:00:00+00:00, run_after=2025-12-23 14:00:00+00:00
[2025-12-22T18:48:27.997+0000] {processor.py:183} INFO - Processing /opt/airflow/dags/main.py took 2.010 seconds
[2025-12-22T18:48:59.355+0000] {processor.py:161} INFO - Started process (PID=11037) to work on /opt/airflow/dags/main.py
[2025-12-22T18:48:59.403+0000] {processor.py:830} INFO - Processing file /opt/airflow/dags/main.py for tasks to queue
[2025-12-22T18:48:59.438+0000] {logging_mixin.py:188} INFO - [2025-12-22T18:48:59.435+0000] {dagbag.py:545} INFO - Filling up the DagBag from /opt/airflow/dags/main.py
[2025-12-22T18:49:02.471+0000] {processor.py:840} INFO - DAG(s) 'youtube_video_stats', 'update_db' retrieved from /opt/airflow/dags/main.py
[2025-12-22T18:49:03.199+0000] {logging_mixin.py:188} INFO - [2025-12-22T18:49:03.197+0000] {dag.py:3096} INFO - Sync 2 DAGs
[2025-12-22T18:49:03.629+0000] {logging_mixin.py:188} INFO - [2025-12-22T18:49:03.626+0000] {dag.py:3954} INFO - Setting next_dagrun for update_db to 2025-12-22 15:00:00+00:00, run_after=2025-12-23 15:00:00+00:00
[2025-12-22T18:49:03.762+0000] {logging_mixin.py:188} INFO - [2025-12-22T18:49:03.750+0000] {dag.py:3954} INFO - Setting next_dagrun for youtube_video_stats to 2025-12-22 14:00:00+00:00, run_after=2025-12-23 14:00:00+00:00
[2025-12-22T18:49:04.065+0000] {processor.py:183} INFO - Processing /opt/airflow/dags/main.py took 4.859 seconds
[2025-12-22T18:49:34.929+0000] {processor.py:161} INFO - Started process (PID=11044) to work on /opt/airflow/dags/main.py
[2025-12-22T18:49:34.934+0000] {processor.py:830} INFO - Processing file /opt/airflow/dags/main.py for tasks to queue
[2025-12-22T18:49:34.947+0000] {logging_mixin.py:188} INFO - [2025-12-22T18:49:34.945+0000] {dagbag.py:545} INFO - Filling up the DagBag from /opt/airflow/dags/main.py
[2025-12-22T18:49:36.099+0000] {processor.py:840} INFO - DAG(s) 'update_db', 'youtube_video_stats' retrieved from /opt/airflow/dags/main.py
[2025-12-22T18:49:36.661+0000] {logging_mixin.py:188} INFO - [2025-12-22T18:49:36.659+0000] {dag.py:3096} INFO - Sync 2 DAGs
[2025-12-22T18:49:37.127+0000] {logging_mixin.py:188} INFO - [2025-12-22T18:49:37.126+0000] {dag.py:3954} INFO - Setting next_dagrun for update_db to 2025-12-22 15:00:00+00:00, run_after=2025-12-23 15:00:00+00:00
[2025-12-22T18:49:37.237+0000] {logging_mixin.py:188} INFO - [2025-12-22T18:49:37.236+0000] {dag.py:3954} INFO - Setting next_dagrun for youtube_video_stats to 2025-12-22 14:00:00+00:00, run_after=2025-12-23 14:00:00+00:00
[2025-12-22T18:49:37.456+0000] {processor.py:183} INFO - Processing /opt/airflow/dags/main.py took 2.612 seconds
[2025-12-22T18:50:08.205+0000] {processor.py:161} INFO - Started process (PID=11051) to work on /opt/airflow/dags/main.py
[2025-12-22T18:50:08.208+0000] {processor.py:830} INFO - Processing file /opt/airflow/dags/main.py for tasks to queue
[2025-12-22T18:50:08.212+0000] {logging_mixin.py:188} INFO - [2025-12-22T18:50:08.211+0000] {dagbag.py:545} INFO - Filling up the DagBag from /opt/airflow/dags/main.py
[2025-12-22T18:50:08.521+0000] {processor.py:840} INFO - DAG(s) 'update_db', 'youtube_video_stats' retrieved from /opt/airflow/dags/main.py
[2025-12-22T18:50:08.597+0000] {logging_mixin.py:188} INFO - [2025-12-22T18:50:08.597+0000] {dag.py:3096} INFO - Sync 2 DAGs
[2025-12-22T18:50:08.660+0000] {logging_mixin.py:188} INFO - [2025-12-22T18:50:08.660+0000] {dag.py:3954} INFO - Setting next_dagrun for update_db to 2025-12-22 15:00:00+00:00, run_after=2025-12-23 15:00:00+00:00
[2025-12-22T18:50:08.677+0000] {logging_mixin.py:188} INFO - [2025-12-22T18:50:08.676+0000] {dag.py:3954} INFO - Setting next_dagrun for youtube_video_stats to 2025-12-22 14:00:00+00:00, run_after=2025-12-23 14:00:00+00:00
[2025-12-22T18:50:08.720+0000] {processor.py:183} INFO - Processing /opt/airflow/dags/main.py took 0.538 seconds
[2025-12-22T18:50:39.069+0000] {processor.py:161} INFO - Started process (PID=11058) to work on /opt/airflow/dags/main.py
[2025-12-22T18:50:39.073+0000] {processor.py:830} INFO - Processing file /opt/airflow/dags/main.py for tasks to queue
[2025-12-22T18:50:39.075+0000] {logging_mixin.py:188} INFO - [2025-12-22T18:50:39.074+0000] {dagbag.py:545} INFO - Filling up the DagBag from /opt/airflow/dags/main.py
[2025-12-22T18:50:39.322+0000] {processor.py:840} INFO - DAG(s) 'youtube_video_stats', 'update_db' retrieved from /opt/airflow/dags/main.py
[2025-12-22T18:50:39.393+0000] {logging_mixin.py:188} INFO - [2025-12-22T18:50:39.393+0000] {dag.py:3096} INFO - Sync 2 DAGs
[2025-12-22T18:50:39.450+0000] {logging_mixin.py:188} INFO - [2025-12-22T18:50:39.450+0000] {dag.py:3954} INFO - Setting next_dagrun for update_db to 2025-12-22 15:00:00+00:00, run_after=2025-12-23 15:00:00+00:00
[2025-12-22T18:50:39.463+0000] {logging_mixin.py:188} INFO - [2025-12-22T18:50:39.463+0000] {dag.py:3954} INFO - Setting next_dagrun for youtube_video_stats to 2025-12-22 14:00:00+00:00, run_after=2025-12-23 14:00:00+00:00
[2025-12-22T18:50:39.502+0000] {processor.py:183} INFO - Processing /opt/airflow/dags/main.py took 0.450 seconds
[2025-12-22T18:51:09.865+0000] {processor.py:161} INFO - Started process (PID=11065) to work on /opt/airflow/dags/main.py
[2025-12-22T18:51:09.868+0000] {processor.py:830} INFO - Processing file /opt/airflow/dags/main.py for tasks to queue
[2025-12-22T18:51:09.871+0000] {logging_mixin.py:188} INFO - [2025-12-22T18:51:09.870+0000] {dagbag.py:545} INFO - Filling up the DagBag from /opt/airflow/dags/main.py
[2025-12-22T18:51:10.128+0000] {processor.py:840} INFO - DAG(s) 'youtube_video_stats', 'update_db' retrieved from /opt/airflow/dags/main.py
[2025-12-22T18:51:10.196+0000] {logging_mixin.py:188} INFO - [2025-12-22T18:51:10.196+0000] {dag.py:3096} INFO - Sync 2 DAGs
[2025-12-22T18:51:10.247+0000] {logging_mixin.py:188} INFO - [2025-12-22T18:51:10.247+0000] {dag.py:3954} INFO - Setting next_dagrun for update_db to 2025-12-22 15:00:00+00:00, run_after=2025-12-23 15:00:00+00:00
[2025-12-22T18:51:10.262+0000] {logging_mixin.py:188} INFO - [2025-12-22T18:51:10.262+0000] {dag.py:3954} INFO - Setting next_dagrun for youtube_video_stats to 2025-12-22 14:00:00+00:00, run_after=2025-12-23 14:00:00+00:00
[2025-12-22T18:51:10.299+0000] {processor.py:183} INFO - Processing /opt/airflow/dags/main.py took 0.447 seconds
[2025-12-22T18:51:40.846+0000] {processor.py:161} INFO - Started process (PID=11072) to work on /opt/airflow/dags/main.py
[2025-12-22T18:51:40.862+0000] {processor.py:830} INFO - Processing file /opt/airflow/dags/main.py for tasks to queue
[2025-12-22T18:51:40.872+0000] {logging_mixin.py:188} INFO - [2025-12-22T18:51:40.870+0000] {dagbag.py:545} INFO - Filling up the DagBag from /opt/airflow/dags/main.py
[2025-12-22T18:51:42.028+0000] {processor.py:840} INFO - DAG(s) 'youtube_video_stats', 'update_db' retrieved from /opt/airflow/dags/main.py
[2025-12-22T18:51:42.328+0000] {logging_mixin.py:188} INFO - [2025-12-22T18:51:42.327+0000] {dag.py:3096} INFO - Sync 2 DAGs
[2025-12-22T18:51:42.573+0000] {logging_mixin.py:188} INFO - [2025-12-22T18:51:42.572+0000] {dag.py:3954} INFO - Setting next_dagrun for update_db to 2025-12-22 15:00:00+00:00, run_after=2025-12-23 15:00:00+00:00
[2025-12-22T18:51:42.635+0000] {logging_mixin.py:188} INFO - [2025-12-22T18:51:42.634+0000] {dag.py:3954} INFO - Setting next_dagrun for youtube_video_stats to 2025-12-22 14:00:00+00:00, run_after=2025-12-23 14:00:00+00:00
[2025-12-22T18:51:42.793+0000] {processor.py:183} INFO - Processing /opt/airflow/dags/main.py took 2.002 seconds
[2025-12-22T18:52:13.311+0000] {processor.py:161} INFO - Started process (PID=11079) to work on /opt/airflow/dags/main.py
[2025-12-22T18:52:13.315+0000] {processor.py:830} INFO - Processing file /opt/airflow/dags/main.py for tasks to queue
[2025-12-22T18:52:13.320+0000] {logging_mixin.py:188} INFO - [2025-12-22T18:52:13.319+0000] {dagbag.py:545} INFO - Filling up the DagBag from /opt/airflow/dags/main.py
[2025-12-22T18:52:13.779+0000] {processor.py:840} INFO - DAG(s) 'update_db', 'youtube_video_stats' retrieved from /opt/airflow/dags/main.py
[2025-12-22T18:52:13.945+0000] {logging_mixin.py:188} INFO - [2025-12-22T18:52:13.944+0000] {dag.py:3096} INFO - Sync 2 DAGs
[2025-12-22T18:52:14.072+0000] {logging_mixin.py:188} INFO - [2025-12-22T18:52:14.070+0000] {dag.py:3954} INFO - Setting next_dagrun for update_db to 2025-12-22 15:00:00+00:00, run_after=2025-12-23 15:00:00+00:00
[2025-12-22T18:52:14.100+0000] {logging_mixin.py:188} INFO - [2025-12-22T18:52:14.099+0000] {dag.py:3954} INFO - Setting next_dagrun for youtube_video_stats to 2025-12-22 14:00:00+00:00, run_after=2025-12-23 14:00:00+00:00
[2025-12-22T18:52:14.177+0000] {processor.py:183} INFO - Processing /opt/airflow/dags/main.py took 0.886 seconds
[2025-12-22T18:52:44.962+0000] {processor.py:161} INFO - Started process (PID=11086) to work on /opt/airflow/dags/main.py
[2025-12-22T18:52:44.971+0000] {processor.py:830} INFO - Processing file /opt/airflow/dags/main.py for tasks to queue
[2025-12-22T18:52:44.976+0000] {logging_mixin.py:188} INFO - [2025-12-22T18:52:44.975+0000] {dagbag.py:545} INFO - Filling up the DagBag from /opt/airflow/dags/main.py
[2025-12-22T18:52:45.827+0000] {processor.py:840} INFO - DAG(s) 'update_db', 'youtube_video_stats' retrieved from /opt/airflow/dags/main.py
[2025-12-22T18:52:46.063+0000] {logging_mixin.py:188} INFO - [2025-12-22T18:52:46.062+0000] {dag.py:3096} INFO - Sync 2 DAGs
[2025-12-22T18:52:46.239+0000] {logging_mixin.py:188} INFO - [2025-12-22T18:52:46.238+0000] {dag.py:3954} INFO - Setting next_dagrun for update_db to 2025-12-22 15:00:00+00:00, run_after=2025-12-23 15:00:00+00:00
[2025-12-22T18:52:46.281+0000] {logging_mixin.py:188} INFO - [2025-12-22T18:52:46.279+0000] {dag.py:3954} INFO - Setting next_dagrun for youtube_video_stats to 2025-12-22 14:00:00+00:00, run_after=2025-12-23 14:00:00+00:00
[2025-12-22T18:52:46.453+0000] {processor.py:183} INFO - Processing /opt/airflow/dags/main.py took 1.523 seconds
[2025-12-22T18:53:17.019+0000] {processor.py:161} INFO - Started process (PID=11099) to work on /opt/airflow/dags/main.py
[2025-12-22T18:53:17.039+0000] {processor.py:830} INFO - Processing file /opt/airflow/dags/main.py for tasks to queue
[2025-12-22T18:53:17.063+0000] {logging_mixin.py:188} INFO - [2025-12-22T18:53:17.050+0000] {dagbag.py:545} INFO - Filling up the DagBag from /opt/airflow/dags/main.py
[2025-12-22T18:53:19.088+0000] {processor.py:840} INFO - DAG(s) 'update_db', 'youtube_video_stats' retrieved from /opt/airflow/dags/main.py
[2025-12-22T18:53:19.948+0000] {logging_mixin.py:188} INFO - [2025-12-22T18:53:19.938+0000] {dag.py:3096} INFO - Sync 2 DAGs
[2025-12-22T18:53:20.535+0000] {logging_mixin.py:188} INFO - [2025-12-22T18:53:20.525+0000] {dag.py:3954} INFO - Setting next_dagrun for update_db to 2025-12-22 15:00:00+00:00, run_after=2025-12-23 15:00:00+00:00
[2025-12-22T18:53:20.716+0000] {logging_mixin.py:188} INFO - [2025-12-22T18:53:20.712+0000] {dag.py:3954} INFO - Setting next_dagrun for youtube_video_stats to 2025-12-22 14:00:00+00:00, run_after=2025-12-23 14:00:00+00:00
[2025-12-22T18:53:21.158+0000] {processor.py:183} INFO - Processing /opt/airflow/dags/main.py took 4.322 seconds
[2025-12-22T18:53:51.570+0000] {processor.py:161} INFO - Started process (PID=11107) to work on /opt/airflow/dags/main.py
[2025-12-22T18:53:51.579+0000] {processor.py:830} INFO - Processing file /opt/airflow/dags/main.py for tasks to queue
[2025-12-22T18:53:51.586+0000] {logging_mixin.py:188} INFO - [2025-12-22T18:53:51.584+0000] {dagbag.py:545} INFO - Filling up the DagBag from /opt/airflow/dags/main.py
[2025-12-22T18:53:52.215+0000] {processor.py:840} INFO - DAG(s) 'youtube_video_stats', 'update_db' retrieved from /opt/airflow/dags/main.py
[2025-12-22T18:53:52.447+0000] {logging_mixin.py:188} INFO - [2025-12-22T18:53:52.442+0000] {dag.py:3096} INFO - Sync 2 DAGs
[2025-12-22T18:53:52.649+0000] {logging_mixin.py:188} INFO - [2025-12-22T18:53:52.648+0000] {dag.py:3954} INFO - Setting next_dagrun for update_db to 2025-12-22 15:00:00+00:00, run_after=2025-12-23 15:00:00+00:00
[2025-12-22T18:53:52.685+0000] {logging_mixin.py:188} INFO - [2025-12-22T18:53:52.684+0000] {dag.py:3954} INFO - Setting next_dagrun for youtube_video_stats to 2025-12-22 14:00:00+00:00, run_after=2025-12-23 14:00:00+00:00
[2025-12-22T18:53:52.814+0000] {processor.py:183} INFO - Processing /opt/airflow/dags/main.py took 1.289 seconds
[2025-12-22T18:54:23.223+0000] {processor.py:161} INFO - Started process (PID=11114) to work on /opt/airflow/dags/main.py
[2025-12-22T18:54:23.225+0000] {processor.py:830} INFO - Processing file /opt/airflow/dags/main.py for tasks to queue
[2025-12-22T18:54:23.227+0000] {logging_mixin.py:188} INFO - [2025-12-22T18:54:23.227+0000] {dagbag.py:545} INFO - Filling up the DagBag from /opt/airflow/dags/main.py
[2025-12-22T20:11:47.958+0000] {processor.py:840} INFO - DAG(s) 'youtube_video_stats', 'update_db' retrieved from /opt/airflow/dags/main.py
[2025-12-22T20:11:48.216+0000] {logging_mixin.py:188} INFO - [2025-12-22T20:11:48.215+0000] {dag.py:3096} INFO - Sync 2 DAGs
[2025-12-22T20:11:48.681+0000] {logging_mixin.py:188} INFO - [2025-12-22T20:11:48.680+0000] {dag.py:3954} INFO - Setting next_dagrun for update_db to 2025-12-22 15:00:00+00:00, run_after=2025-12-23 15:00:00+00:00
[2025-12-22T20:11:48.733+0000] {logging_mixin.py:188} INFO - [2025-12-22T20:11:48.732+0000] {dag.py:3954} INFO - Setting next_dagrun for youtube_video_stats to 2025-12-22 14:00:00+00:00, run_after=2025-12-23 14:00:00+00:00
[2025-12-22T20:11:48.971+0000] {processor.py:183} INFO - Processing /opt/airflow/dags/main.py took 6.295 seconds
[2025-12-22T20:12:20.769+0000] {processor.py:161} INFO - Started process (PID=11121) to work on /opt/airflow/dags/main.py
[2025-12-22T20:12:20.772+0000] {processor.py:830} INFO - Processing file /opt/airflow/dags/main.py for tasks to queue
[2025-12-22T20:12:20.774+0000] {logging_mixin.py:188} INFO - [2025-12-22T20:12:20.773+0000] {dagbag.py:545} INFO - Filling up the DagBag from /opt/airflow/dags/main.py
[2025-12-22T20:12:21.248+0000] {processor.py:840} INFO - DAG(s) 'update_db', 'youtube_video_stats' retrieved from /opt/airflow/dags/main.py
[2025-12-22T20:12:21.378+0000] {logging_mixin.py:188} INFO - [2025-12-22T20:12:21.377+0000] {dag.py:3096} INFO - Sync 2 DAGs
[2025-12-22T20:12:21.541+0000] {logging_mixin.py:188} INFO - [2025-12-22T20:12:21.540+0000] {dag.py:3954} INFO - Setting next_dagrun for update_db to 2025-12-22 15:00:00+00:00, run_after=2025-12-23 15:00:00+00:00
[2025-12-22T20:12:21.579+0000] {logging_mixin.py:188} INFO - [2025-12-22T20:12:21.579+0000] {dag.py:3954} INFO - Setting next_dagrun for youtube_video_stats to 2025-12-22 14:00:00+00:00, run_after=2025-12-23 14:00:00+00:00
[2025-12-22T20:12:21.722+0000] {processor.py:183} INFO - Processing /opt/airflow/dags/main.py took 0.969 seconds
[2025-12-22T20:12:52.070+0000] {processor.py:161} INFO - Started process (PID=11128) to work on /opt/airflow/dags/main.py
[2025-12-22T20:12:52.071+0000] {processor.py:830} INFO - Processing file /opt/airflow/dags/main.py for tasks to queue
[2025-12-22T20:12:52.072+0000] {logging_mixin.py:188} INFO - [2025-12-22T20:12:52.072+0000] {dagbag.py:545} INFO - Filling up the DagBag from /opt/airflow/dags/main.py
[2025-12-22T20:12:52.159+0000] {processor.py:840} INFO - DAG(s) 'update_db', 'youtube_video_stats' retrieved from /opt/airflow/dags/main.py
[2025-12-22T20:12:52.186+0000] {logging_mixin.py:188} INFO - [2025-12-22T20:12:52.186+0000] {dag.py:3096} INFO - Sync 2 DAGs
[2025-12-22T20:12:52.209+0000] {logging_mixin.py:188} INFO - [2025-12-22T20:12:52.208+0000] {dag.py:3954} INFO - Setting next_dagrun for update_db to 2025-12-22 15:00:00+00:00, run_after=2025-12-23 15:00:00+00:00
[2025-12-22T20:12:52.215+0000] {logging_mixin.py:188} INFO - [2025-12-22T20:12:52.214+0000] {dag.py:3954} INFO - Setting next_dagrun for youtube_video_stats to 2025-12-22 14:00:00+00:00, run_after=2025-12-23 14:00:00+00:00
[2025-12-22T20:12:52.232+0000] {processor.py:183} INFO - Processing /opt/airflow/dags/main.py took 0.167 seconds
[2025-12-22T20:13:22.298+0000] {processor.py:161} INFO - Started process (PID=11135) to work on /opt/airflow/dags/main.py
[2025-12-22T20:13:22.299+0000] {processor.py:830} INFO - Processing file /opt/airflow/dags/main.py for tasks to queue
[2025-12-22T20:13:22.300+0000] {logging_mixin.py:188} INFO - [2025-12-22T20:13:22.300+0000] {dagbag.py:545} INFO - Filling up the DagBag from /opt/airflow/dags/main.py
[2025-12-22T20:13:22.393+0000] {processor.py:840} INFO - DAG(s) 'youtube_video_stats', 'update_db' retrieved from /opt/airflow/dags/main.py
[2025-12-22T20:13:22.427+0000] {logging_mixin.py:188} INFO - [2025-12-22T20:13:22.426+0000] {dag.py:3096} INFO - Sync 2 DAGs
[2025-12-22T20:13:22.449+0000] {logging_mixin.py:188} INFO - [2025-12-22T20:13:22.449+0000] {dag.py:3954} INFO - Setting next_dagrun for update_db to 2025-12-22 15:00:00+00:00, run_after=2025-12-23 15:00:00+00:00
[2025-12-22T20:13:22.454+0000] {logging_mixin.py:188} INFO - [2025-12-22T20:13:22.453+0000] {dag.py:3954} INFO - Setting next_dagrun for youtube_video_stats to 2025-12-22 14:00:00+00:00, run_after=2025-12-23 14:00:00+00:00
[2025-12-22T20:13:22.478+0000] {processor.py:183} INFO - Processing /opt/airflow/dags/main.py took 0.186 seconds
[2025-12-22T20:13:52.671+0000] {processor.py:161} INFO - Started process (PID=11142) to work on /opt/airflow/dags/main.py
[2025-12-22T20:13:52.672+0000] {processor.py:830} INFO - Processing file /opt/airflow/dags/main.py for tasks to queue
[2025-12-22T20:13:52.674+0000] {logging_mixin.py:188} INFO - [2025-12-22T20:13:52.673+0000] {dagbag.py:545} INFO - Filling up the DagBag from /opt/airflow/dags/main.py
[2025-12-22T20:13:52.791+0000] {processor.py:840} INFO - DAG(s) 'update_db', 'youtube_video_stats' retrieved from /opt/airflow/dags/main.py
[2025-12-22T20:13:52.838+0000] {logging_mixin.py:188} INFO - [2025-12-22T20:13:52.838+0000] {dag.py:3096} INFO - Sync 2 DAGs
[2025-12-22T20:13:52.869+0000] {logging_mixin.py:188} INFO - [2025-12-22T20:13:52.869+0000] {dag.py:3954} INFO - Setting next_dagrun for update_db to 2025-12-22 15:00:00+00:00, run_after=2025-12-23 15:00:00+00:00
[2025-12-22T20:13:52.876+0000] {logging_mixin.py:188} INFO - [2025-12-22T20:13:52.876+0000] {dag.py:3954} INFO - Setting next_dagrun for youtube_video_stats to 2025-12-22 14:00:00+00:00, run_after=2025-12-23 14:00:00+00:00
[2025-12-22T20:13:52.912+0000] {processor.py:183} INFO - Processing /opt/airflow/dags/main.py took 0.249 seconds
[2025-12-22T20:14:23.530+0000] {processor.py:161} INFO - Started process (PID=11149) to work on /opt/airflow/dags/main.py
[2025-12-22T20:14:23.532+0000] {processor.py:830} INFO - Processing file /opt/airflow/dags/main.py for tasks to queue
[2025-12-22T20:14:23.534+0000] {logging_mixin.py:188} INFO - [2025-12-22T20:14:23.534+0000] {dagbag.py:545} INFO - Filling up the DagBag from /opt/airflow/dags/main.py
[2025-12-22T20:14:23.754+0000] {processor.py:840} INFO - DAG(s) 'update_db', 'youtube_video_stats' retrieved from /opt/airflow/dags/main.py
[2025-12-22T20:14:23.828+0000] {logging_mixin.py:188} INFO - [2025-12-22T20:14:23.827+0000] {dag.py:3096} INFO - Sync 2 DAGs
[2025-12-22T20:14:23.876+0000] {logging_mixin.py:188} INFO - [2025-12-22T20:14:23.876+0000] {dag.py:3954} INFO - Setting next_dagrun for update_db to 2025-12-22 15:00:00+00:00, run_after=2025-12-23 15:00:00+00:00
[2025-12-22T20:14:23.890+0000] {logging_mixin.py:188} INFO - [2025-12-22T20:14:23.889+0000] {dag.py:3954} INFO - Setting next_dagrun for youtube_video_stats to 2025-12-22 14:00:00+00:00, run_after=2025-12-23 14:00:00+00:00
[2025-12-22T20:14:23.933+0000] {processor.py:183} INFO - Processing /opt/airflow/dags/main.py took 0.414 seconds
[2025-12-22T20:14:54.323+0000] {processor.py:161} INFO - Started process (PID=11156) to work on /opt/airflow/dags/main.py
[2025-12-22T20:14:54.325+0000] {processor.py:830} INFO - Processing file /opt/airflow/dags/main.py for tasks to queue
[2025-12-22T20:14:54.326+0000] {logging_mixin.py:188} INFO - [2025-12-22T20:14:54.326+0000] {dagbag.py:545} INFO - Filling up the DagBag from /opt/airflow/dags/main.py
[2025-12-22T20:14:54.452+0000] {processor.py:840} INFO - DAG(s) 'youtube_video_stats', 'update_db' retrieved from /opt/airflow/dags/main.py
[2025-12-22T20:14:54.483+0000] {logging_mixin.py:188} INFO - [2025-12-22T20:14:54.482+0000] {dag.py:3096} INFO - Sync 2 DAGs
[2025-12-22T20:14:54.505+0000] {logging_mixin.py:188} INFO - [2025-12-22T20:14:54.505+0000] {dag.py:3954} INFO - Setting next_dagrun for update_db to 2025-12-22 15:00:00+00:00, run_after=2025-12-23 15:00:00+00:00
[2025-12-22T20:14:54.511+0000] {logging_mixin.py:188} INFO - [2025-12-22T20:14:54.511+0000] {dag.py:3954} INFO - Setting next_dagrun for youtube_video_stats to 2025-12-22 14:00:00+00:00, run_after=2025-12-23 14:00:00+00:00
[2025-12-22T20:14:54.534+0000] {processor.py:183} INFO - Processing /opt/airflow/dags/main.py took 0.218 seconds
[2025-12-22T20:15:24.771+0000] {processor.py:161} INFO - Started process (PID=11163) to work on /opt/airflow/dags/main.py
[2025-12-22T20:15:24.773+0000] {processor.py:830} INFO - Processing file /opt/airflow/dags/main.py for tasks to queue
[2025-12-22T20:15:24.774+0000] {logging_mixin.py:188} INFO - [2025-12-22T20:15:24.774+0000] {dagbag.py:545} INFO - Filling up the DagBag from /opt/airflow/dags/main.py
[2025-12-22T20:15:24.887+0000] {processor.py:840} INFO - DAG(s) 'update_db', 'youtube_video_stats' retrieved from /opt/airflow/dags/main.py
[2025-12-22T20:15:24.922+0000] {logging_mixin.py:188} INFO - [2025-12-22T20:15:24.922+0000] {dag.py:3096} INFO - Sync 2 DAGs
[2025-12-22T20:15:24.949+0000] {logging_mixin.py:188} INFO - [2025-12-22T20:15:24.949+0000] {dag.py:3954} INFO - Setting next_dagrun for update_db to 2025-12-22 15:00:00+00:00, run_after=2025-12-23 15:00:00+00:00
[2025-12-22T20:15:24.957+0000] {logging_mixin.py:188} INFO - [2025-12-22T20:15:24.957+0000] {dag.py:3954} INFO - Setting next_dagrun for youtube_video_stats to 2025-12-22 14:00:00+00:00, run_after=2025-12-23 14:00:00+00:00
[2025-12-22T20:15:24.982+0000] {processor.py:183} INFO - Processing /opt/airflow/dags/main.py took 0.217 seconds
[2025-12-22T20:15:55.230+0000] {processor.py:161} INFO - Started process (PID=11170) to work on /opt/airflow/dags/main.py
[2025-12-22T20:15:55.231+0000] {processor.py:830} INFO - Processing file /opt/airflow/dags/main.py for tasks to queue
[2025-12-22T20:15:55.233+0000] {logging_mixin.py:188} INFO - [2025-12-22T20:15:55.232+0000] {dagbag.py:545} INFO - Filling up the DagBag from /opt/airflow/dags/main.py
[2025-12-22T20:15:55.354+0000] {processor.py:840} INFO - DAG(s) 'youtube_video_stats', 'update_db' retrieved from /opt/airflow/dags/main.py
[2025-12-22T20:15:55.388+0000] {logging_mixin.py:188} INFO - [2025-12-22T20:15:55.388+0000] {dag.py:3096} INFO - Sync 2 DAGs
[2025-12-22T20:15:55.415+0000] {logging_mixin.py:188} INFO - [2025-12-22T20:15:55.415+0000] {dag.py:3954} INFO - Setting next_dagrun for update_db to 2025-12-22 15:00:00+00:00, run_after=2025-12-23 15:00:00+00:00
[2025-12-22T20:15:55.421+0000] {logging_mixin.py:188} INFO - [2025-12-22T20:15:55.421+0000] {dag.py:3954} INFO - Setting next_dagrun for youtube_video_stats to 2025-12-22 14:00:00+00:00, run_after=2025-12-23 14:00:00+00:00
[2025-12-22T20:15:55.446+0000] {processor.py:183} INFO - Processing /opt/airflow/dags/main.py took 0.223 seconds
[2025-12-22T20:16:25.677+0000] {processor.py:161} INFO - Started process (PID=11177) to work on /opt/airflow/dags/main.py
[2025-12-22T20:16:25.679+0000] {processor.py:830} INFO - Processing file /opt/airflow/dags/main.py for tasks to queue
[2025-12-22T20:16:25.680+0000] {logging_mixin.py:188} INFO - [2025-12-22T20:16:25.680+0000] {dagbag.py:545} INFO - Filling up the DagBag from /opt/airflow/dags/main.py
[2025-12-22T20:16:25.802+0000] {processor.py:840} INFO - DAG(s) 'update_db', 'youtube_video_stats' retrieved from /opt/airflow/dags/main.py
[2025-12-22T20:16:25.837+0000] {logging_mixin.py:188} INFO - [2025-12-22T20:16:25.836+0000] {dag.py:3096} INFO - Sync 2 DAGs
[2025-12-22T20:16:25.858+0000] {logging_mixin.py:188} INFO - [2025-12-22T20:16:25.858+0000] {dag.py:3954} INFO - Setting next_dagrun for update_db to 2025-12-22 15:00:00+00:00, run_after=2025-12-23 15:00:00+00:00
[2025-12-22T20:16:25.864+0000] {logging_mixin.py:188} INFO - [2025-12-22T20:16:25.864+0000] {dag.py:3954} INFO - Setting next_dagrun for youtube_video_stats to 2025-12-22 14:00:00+00:00, run_after=2025-12-23 14:00:00+00:00
[2025-12-22T20:16:25.889+0000] {processor.py:183} INFO - Processing /opt/airflow/dags/main.py took 0.218 seconds
[2025-12-22T20:16:56.099+0000] {processor.py:161} INFO - Started process (PID=11184) to work on /opt/airflow/dags/main.py
[2025-12-22T20:16:56.100+0000] {processor.py:830} INFO - Processing file /opt/airflow/dags/main.py for tasks to queue
[2025-12-22T20:16:56.101+0000] {logging_mixin.py:188} INFO - [2025-12-22T20:16:56.101+0000] {dagbag.py:545} INFO - Filling up the DagBag from /opt/airflow/dags/main.py
[2025-12-22T20:16:56.240+0000] {processor.py:840} INFO - DAG(s) 'update_db', 'youtube_video_stats' retrieved from /opt/airflow/dags/main.py
[2025-12-22T20:16:56.276+0000] {logging_mixin.py:188} INFO - [2025-12-22T20:16:56.275+0000] {dag.py:3096} INFO - Sync 2 DAGs
[2025-12-22T20:16:56.304+0000] {logging_mixin.py:188} INFO - [2025-12-22T20:16:56.304+0000] {dag.py:3954} INFO - Setting next_dagrun for update_db to 2025-12-22 15:00:00+00:00, run_after=2025-12-23 15:00:00+00:00
[2025-12-22T20:16:56.310+0000] {logging_mixin.py:188} INFO - [2025-12-22T20:16:56.310+0000] {dag.py:3954} INFO - Setting next_dagrun for youtube_video_stats to 2025-12-22 14:00:00+00:00, run_after=2025-12-23 14:00:00+00:00
[2025-12-22T20:16:56.333+0000] {processor.py:183} INFO - Processing /opt/airflow/dags/main.py took 0.241 seconds
[2025-12-22T20:17:26.573+0000] {processor.py:161} INFO - Started process (PID=11191) to work on /opt/airflow/dags/main.py
[2025-12-22T20:17:26.574+0000] {processor.py:830} INFO - Processing file /opt/airflow/dags/main.py for tasks to queue
[2025-12-22T20:17:26.576+0000] {logging_mixin.py:188} INFO - [2025-12-22T20:17:26.575+0000] {dagbag.py:545} INFO - Filling up the DagBag from /opt/airflow/dags/main.py
[2025-12-22T20:17:26.692+0000] {processor.py:840} INFO - DAG(s) 'youtube_video_stats', 'update_db' retrieved from /opt/airflow/dags/main.py
[2025-12-22T20:17:26.725+0000] {logging_mixin.py:188} INFO - [2025-12-22T20:17:26.725+0000] {dag.py:3096} INFO - Sync 2 DAGs
[2025-12-22T20:17:26.751+0000] {logging_mixin.py:188} INFO - [2025-12-22T20:17:26.751+0000] {dag.py:3954} INFO - Setting next_dagrun for update_db to 2025-12-22 15:00:00+00:00, run_after=2025-12-23 15:00:00+00:00
[2025-12-22T20:17:26.758+0000] {logging_mixin.py:188} INFO - [2025-12-22T20:17:26.758+0000] {dag.py:3954} INFO - Setting next_dagrun for youtube_video_stats to 2025-12-22 14:00:00+00:00, run_after=2025-12-23 14:00:00+00:00
[2025-12-22T20:17:26.777+0000] {processor.py:183} INFO - Processing /opt/airflow/dags/main.py took 0.212 seconds
[2025-12-22T20:17:57.024+0000] {processor.py:161} INFO - Started process (PID=11198) to work on /opt/airflow/dags/main.py
[2025-12-22T20:17:57.026+0000] {processor.py:830} INFO - Processing file /opt/airflow/dags/main.py for tasks to queue
[2025-12-22T20:17:57.027+0000] {logging_mixin.py:188} INFO - [2025-12-22T20:17:57.027+0000] {dagbag.py:545} INFO - Filling up the DagBag from /opt/airflow/dags/main.py
[2025-12-22T20:17:57.156+0000] {processor.py:840} INFO - DAG(s) 'update_db', 'youtube_video_stats' retrieved from /opt/airflow/dags/main.py
[2025-12-22T20:17:57.189+0000] {logging_mixin.py:188} INFO - [2025-12-22T20:17:57.189+0000] {dag.py:3096} INFO - Sync 2 DAGs
[2025-12-22T20:17:57.212+0000] {logging_mixin.py:188} INFO - [2025-12-22T20:17:57.211+0000] {dag.py:3954} INFO - Setting next_dagrun for update_db to 2025-12-22 15:00:00+00:00, run_after=2025-12-23 15:00:00+00:00
[2025-12-22T20:17:57.218+0000] {logging_mixin.py:188} INFO - [2025-12-22T20:17:57.218+0000] {dag.py:3954} INFO - Setting next_dagrun for youtube_video_stats to 2025-12-22 14:00:00+00:00, run_after=2025-12-23 14:00:00+00:00
[2025-12-22T20:17:57.240+0000] {processor.py:183} INFO - Processing /opt/airflow/dags/main.py took 0.224 seconds
[2025-12-22T20:18:27.482+0000] {processor.py:161} INFO - Started process (PID=11205) to work on /opt/airflow/dags/main.py
[2025-12-22T20:18:27.483+0000] {processor.py:830} INFO - Processing file /opt/airflow/dags/main.py for tasks to queue
[2025-12-22T20:18:27.484+0000] {logging_mixin.py:188} INFO - [2025-12-22T20:18:27.484+0000] {dagbag.py:545} INFO - Filling up the DagBag from /opt/airflow/dags/main.py
[2025-12-22T20:18:27.622+0000] {processor.py:840} INFO - DAG(s) 'youtube_video_stats', 'update_db' retrieved from /opt/airflow/dags/main.py
[2025-12-22T20:18:27.669+0000] {logging_mixin.py:188} INFO - [2025-12-22T20:18:27.668+0000] {dag.py:3096} INFO - Sync 2 DAGs
[2025-12-22T20:18:27.706+0000] {logging_mixin.py:188} INFO - [2025-12-22T20:18:27.705+0000] {dag.py:3954} INFO - Setting next_dagrun for update_db to 2025-12-22 15:00:00+00:00, run_after=2025-12-23 15:00:00+00:00
[2025-12-22T20:18:27.713+0000] {logging_mixin.py:188} INFO - [2025-12-22T20:18:27.712+0000] {dag.py:3954} INFO - Setting next_dagrun for youtube_video_stats to 2025-12-22 14:00:00+00:00, run_after=2025-12-23 14:00:00+00:00
[2025-12-22T20:18:27.738+0000] {processor.py:183} INFO - Processing /opt/airflow/dags/main.py took 0.264 seconds
[2025-12-22T20:18:57.981+0000] {processor.py:161} INFO - Started process (PID=11212) to work on /opt/airflow/dags/main.py
[2025-12-22T20:18:57.983+0000] {processor.py:830} INFO - Processing file /opt/airflow/dags/main.py for tasks to queue
[2025-12-22T20:18:57.984+0000] {logging_mixin.py:188} INFO - [2025-12-22T20:18:57.984+0000] {dagbag.py:545} INFO - Filling up the DagBag from /opt/airflow/dags/main.py
[2025-12-22T20:18:58.105+0000] {processor.py:840} INFO - DAG(s) 'update_db', 'youtube_video_stats' retrieved from /opt/airflow/dags/main.py
[2025-12-22T20:18:58.142+0000] {logging_mixin.py:188} INFO - [2025-12-22T20:18:58.142+0000] {dag.py:3096} INFO - Sync 2 DAGs
[2025-12-22T20:18:58.168+0000] {logging_mixin.py:188} INFO - [2025-12-22T20:18:58.167+0000] {dag.py:3954} INFO - Setting next_dagrun for update_db to 2025-12-22 15:00:00+00:00, run_after=2025-12-23 15:00:00+00:00
[2025-12-22T20:18:58.175+0000] {logging_mixin.py:188} INFO - [2025-12-22T20:18:58.174+0000] {dag.py:3954} INFO - Setting next_dagrun for youtube_video_stats to 2025-12-22 14:00:00+00:00, run_after=2025-12-23 14:00:00+00:00
[2025-12-22T20:18:58.198+0000] {processor.py:183} INFO - Processing /opt/airflow/dags/main.py took 0.224 seconds
