[2025-12-24T06:56:08.585+0000] {processor.py:161} INFO - Started process (PID=13164) to work on /opt/airflow/dags/main.py
[2025-12-24T06:56:08.610+0000] {processor.py:830} INFO - Processing file /opt/airflow/dags/main.py for tasks to queue
[2025-12-24T06:56:08.635+0000] {logging_mixin.py:188} INFO - [2025-12-24T06:56:08.634+0000] {dagbag.py:545} INFO - Filling up the DagBag from /opt/airflow/dags/main.py
[2025-12-24T06:56:11.252+0000] {processor.py:840} INFO - DAG(s) 'update_db', 'youtube_video_stats' retrieved from /opt/airflow/dags/main.py
[2025-12-24T06:56:11.454+0000] {logging_mixin.py:188} INFO - [2025-12-24T06:56:11.453+0000] {dag.py:3096} INFO - Sync 2 DAGs
[2025-12-24T06:56:11.554+0000] {logging_mixin.py:188} INFO - [2025-12-24T06:56:11.554+0000] {dag.py:3954} INFO - Setting next_dagrun for update_db to 2025-12-23 15:00:00+00:00, run_after=2025-12-24 15:00:00+00:00
[2025-12-24T06:56:11.582+0000] {logging_mixin.py:188} INFO - [2025-12-24T06:56:11.574+0000] {dag.py:3954} INFO - Setting next_dagrun for youtube_video_stats to 2025-12-23 14:00:00+00:00, run_after=2025-12-24 14:00:00+00:00
[2025-12-24T06:56:11.657+0000] {processor.py:183} INFO - Processing /opt/airflow/dags/main.py took 3.093 seconds
[2025-12-24T06:56:42.742+0000] {processor.py:161} INFO - Started process (PID=13171) to work on /opt/airflow/dags/main.py
[2025-12-24T06:56:42.767+0000] {processor.py:830} INFO - Processing file /opt/airflow/dags/main.py for tasks to queue
[2025-12-24T06:56:42.771+0000] {logging_mixin.py:188} INFO - [2025-12-24T06:56:42.770+0000] {dagbag.py:545} INFO - Filling up the DagBag from /opt/airflow/dags/main.py
[2025-12-24T06:56:44.966+0000] {processor.py:840} INFO - DAG(s) 'update_db', 'youtube_video_stats' retrieved from /opt/airflow/dags/main.py
[2025-12-24T06:56:45.427+0000] {logging_mixin.py:188} INFO - [2025-12-24T06:56:45.417+0000] {dag.py:3096} INFO - Sync 2 DAGs
[2025-12-24T06:56:45.611+0000] {logging_mixin.py:188} INFO - [2025-12-24T06:56:45.608+0000] {dag.py:3954} INFO - Setting next_dagrun for update_db to 2025-12-23 15:00:00+00:00, run_after=2025-12-24 15:00:00+00:00
[2025-12-24T06:56:45.660+0000] {logging_mixin.py:188} INFO - [2025-12-24T06:56:45.659+0000] {dag.py:3954} INFO - Setting next_dagrun for youtube_video_stats to 2025-12-23 14:00:00+00:00, run_after=2025-12-24 14:00:00+00:00
[2025-12-24T06:56:45.784+0000] {processor.py:183} INFO - Processing /opt/airflow/dags/main.py took 3.100 seconds
[2025-12-24T06:57:16.507+0000] {processor.py:161} INFO - Started process (PID=13178) to work on /opt/airflow/dags/main.py
[2025-12-24T06:57:16.520+0000] {processor.py:830} INFO - Processing file /opt/airflow/dags/main.py for tasks to queue
[2025-12-24T06:57:16.525+0000] {logging_mixin.py:188} INFO - [2025-12-24T06:57:16.523+0000] {dagbag.py:545} INFO - Filling up the DagBag from /opt/airflow/dags/main.py
[2025-12-24T06:57:18.055+0000] {processor.py:840} INFO - DAG(s) 'update_db', 'youtube_video_stats' retrieved from /opt/airflow/dags/main.py
[2025-12-24T06:57:18.388+0000] {logging_mixin.py:188} INFO - [2025-12-24T06:57:18.387+0000] {dag.py:3096} INFO - Sync 2 DAGs
[2025-12-24T06:57:18.634+0000] {logging_mixin.py:188} INFO - [2025-12-24T06:57:18.634+0000] {dag.py:3954} INFO - Setting next_dagrun for update_db to 2025-12-23 15:00:00+00:00, run_after=2025-12-24 15:00:00+00:00
[2025-12-24T06:57:18.696+0000] {logging_mixin.py:188} INFO - [2025-12-24T06:57:18.695+0000] {dag.py:3954} INFO - Setting next_dagrun for youtube_video_stats to 2025-12-23 14:00:00+00:00, run_after=2025-12-24 14:00:00+00:00
[2025-12-24T06:57:18.855+0000] {processor.py:183} INFO - Processing /opt/airflow/dags/main.py took 2.387 seconds
[2025-12-24T06:57:49.171+0000] {processor.py:161} INFO - Started process (PID=13191) to work on /opt/airflow/dags/main.py
[2025-12-24T06:57:49.178+0000] {processor.py:830} INFO - Processing file /opt/airflow/dags/main.py for tasks to queue
[2025-12-24T06:57:49.184+0000] {logging_mixin.py:188} INFO - [2025-12-24T06:57:49.183+0000] {dagbag.py:545} INFO - Filling up the DagBag from /opt/airflow/dags/main.py
[2025-12-24T06:57:50.686+0000] {processor.py:840} INFO - DAG(s) 'youtube_video_stats', 'update_db' retrieved from /opt/airflow/dags/main.py
[2025-12-24T06:57:51.163+0000] {logging_mixin.py:188} INFO - [2025-12-24T06:57:51.163+0000] {dag.py:3096} INFO - Sync 2 DAGs
[2025-12-24T06:57:51.355+0000] {logging_mixin.py:188} INFO - [2025-12-24T06:57:51.354+0000] {dag.py:3954} INFO - Setting next_dagrun for update_db to 2025-12-23 15:00:00+00:00, run_after=2025-12-24 15:00:00+00:00
[2025-12-24T06:57:51.390+0000] {logging_mixin.py:188} INFO - [2025-12-24T06:57:51.389+0000] {dag.py:3954} INFO - Setting next_dagrun for youtube_video_stats to 2025-12-23 14:00:00+00:00, run_after=2025-12-24 14:00:00+00:00
[2025-12-24T06:57:51.485+0000] {processor.py:183} INFO - Processing /opt/airflow/dags/main.py took 2.357 seconds
[2025-12-24T06:58:22.064+0000] {processor.py:161} INFO - Started process (PID=13198) to work on /opt/airflow/dags/main.py
[2025-12-24T06:58:22.068+0000] {processor.py:830} INFO - Processing file /opt/airflow/dags/main.py for tasks to queue
[2025-12-24T06:58:22.081+0000] {logging_mixin.py:188} INFO - [2025-12-24T06:58:22.071+0000] {dagbag.py:545} INFO - Filling up the DagBag from /opt/airflow/dags/main.py
[2025-12-24T06:58:22.622+0000] {processor.py:840} INFO - DAG(s) 'youtube_video_stats', 'update_db' retrieved from /opt/airflow/dags/main.py
[2025-12-24T06:58:22.797+0000] {logging_mixin.py:188} INFO - [2025-12-24T06:58:22.796+0000] {dag.py:3096} INFO - Sync 2 DAGs
[2025-12-24T06:58:22.988+0000] {logging_mixin.py:188} INFO - [2025-12-24T06:58:22.987+0000] {dag.py:3954} INFO - Setting next_dagrun for update_db to 2025-12-23 15:00:00+00:00, run_after=2025-12-24 15:00:00+00:00
[2025-12-24T06:58:23.034+0000] {logging_mixin.py:188} INFO - [2025-12-24T06:58:23.033+0000] {dag.py:3954} INFO - Setting next_dagrun for youtube_video_stats to 2025-12-23 14:00:00+00:00, run_after=2025-12-24 14:00:00+00:00
[2025-12-24T06:58:23.125+0000] {processor.py:183} INFO - Processing /opt/airflow/dags/main.py took 1.103 seconds
[2025-12-24T06:58:53.466+0000] {processor.py:161} INFO - Started process (PID=13205) to work on /opt/airflow/dags/main.py
[2025-12-24T06:58:53.470+0000] {processor.py:830} INFO - Processing file /opt/airflow/dags/main.py for tasks to queue
[2025-12-24T06:58:53.481+0000] {logging_mixin.py:188} INFO - [2025-12-24T06:58:53.480+0000] {dagbag.py:545} INFO - Filling up the DagBag from /opt/airflow/dags/main.py
[2025-12-24T06:58:53.921+0000] {processor.py:840} INFO - DAG(s) 'youtube_video_stats', 'update_db' retrieved from /opt/airflow/dags/main.py
[2025-12-24T06:58:54.069+0000] {logging_mixin.py:188} INFO - [2025-12-24T06:58:54.068+0000] {dag.py:3096} INFO - Sync 2 DAGs
[2025-12-24T06:58:54.189+0000] {logging_mixin.py:188} INFO - [2025-12-24T06:58:54.188+0000] {dag.py:3954} INFO - Setting next_dagrun for update_db to 2025-12-23 15:00:00+00:00, run_after=2025-12-24 15:00:00+00:00
[2025-12-24T06:58:54.221+0000] {logging_mixin.py:188} INFO - [2025-12-24T06:58:54.220+0000] {dag.py:3954} INFO - Setting next_dagrun for youtube_video_stats to 2025-12-23 14:00:00+00:00, run_after=2025-12-24 14:00:00+00:00
[2025-12-24T06:58:54.314+0000] {processor.py:183} INFO - Processing /opt/airflow/dags/main.py took 0.899 seconds
[2025-12-24T06:59:24.804+0000] {processor.py:161} INFO - Started process (PID=13212) to work on /opt/airflow/dags/main.py
[2025-12-24T06:59:24.806+0000] {processor.py:830} INFO - Processing file /opt/airflow/dags/main.py for tasks to queue
[2025-12-24T06:59:24.808+0000] {logging_mixin.py:188} INFO - [2025-12-24T06:59:24.807+0000] {dagbag.py:545} INFO - Filling up the DagBag from /opt/airflow/dags/main.py
[2025-12-24T06:59:25.035+0000] {processor.py:840} INFO - DAG(s) 'youtube_video_stats', 'update_db' retrieved from /opt/airflow/dags/main.py
[2025-12-24T06:59:25.146+0000] {logging_mixin.py:188} INFO - [2025-12-24T06:59:25.145+0000] {dag.py:3096} INFO - Sync 2 DAGs
[2025-12-24T06:59:25.198+0000] {logging_mixin.py:188} INFO - [2025-12-24T06:59:25.198+0000] {dag.py:3954} INFO - Setting next_dagrun for update_db to 2025-12-23 15:00:00+00:00, run_after=2025-12-24 15:00:00+00:00
[2025-12-24T06:59:25.210+0000] {logging_mixin.py:188} INFO - [2025-12-24T06:59:25.209+0000] {dag.py:3954} INFO - Setting next_dagrun for youtube_video_stats to 2025-12-23 14:00:00+00:00, run_after=2025-12-24 14:00:00+00:00
[2025-12-24T06:59:25.248+0000] {processor.py:183} INFO - Processing /opt/airflow/dags/main.py took 0.463 seconds
[2025-12-24T06:59:55.594+0000] {processor.py:161} INFO - Started process (PID=13219) to work on /opt/airflow/dags/main.py
[2025-12-24T06:59:55.597+0000] {processor.py:830} INFO - Processing file /opt/airflow/dags/main.py for tasks to queue
[2025-12-24T06:59:55.602+0000] {logging_mixin.py:188} INFO - [2025-12-24T06:59:55.599+0000] {dagbag.py:545} INFO - Filling up the DagBag from /opt/airflow/dags/main.py
[2025-12-24T06:59:55.826+0000] {processor.py:840} INFO - DAG(s) 'update_db', 'youtube_video_stats' retrieved from /opt/airflow/dags/main.py
[2025-12-24T06:59:55.885+0000] {logging_mixin.py:188} INFO - [2025-12-24T06:59:55.884+0000] {dag.py:3096} INFO - Sync 2 DAGs
[2025-12-24T06:59:55.927+0000] {logging_mixin.py:188} INFO - [2025-12-24T06:59:55.926+0000] {dag.py:3954} INFO - Setting next_dagrun for update_db to 2025-12-23 15:00:00+00:00, run_after=2025-12-24 15:00:00+00:00
[2025-12-24T06:59:55.939+0000] {logging_mixin.py:188} INFO - [2025-12-24T06:59:55.938+0000] {dag.py:3954} INFO - Setting next_dagrun for youtube_video_stats to 2025-12-23 14:00:00+00:00, run_after=2025-12-24 14:00:00+00:00
[2025-12-24T06:59:55.973+0000] {processor.py:183} INFO - Processing /opt/airflow/dags/main.py took 0.395 seconds
[2025-12-24T07:00:26.340+0000] {processor.py:161} INFO - Started process (PID=13226) to work on /opt/airflow/dags/main.py
[2025-12-24T07:00:26.345+0000] {processor.py:830} INFO - Processing file /opt/airflow/dags/main.py for tasks to queue
[2025-12-24T07:00:26.348+0000] {logging_mixin.py:188} INFO - [2025-12-24T07:00:26.347+0000] {dagbag.py:545} INFO - Filling up the DagBag from /opt/airflow/dags/main.py
[2025-12-24T07:00:26.694+0000] {processor.py:840} INFO - DAG(s) 'youtube_video_stats', 'update_db' retrieved from /opt/airflow/dags/main.py
[2025-12-24T07:00:26.831+0000] {logging_mixin.py:188} INFO - [2025-12-24T07:00:26.830+0000] {dag.py:3096} INFO - Sync 2 DAGs
[2025-12-24T07:00:26.917+0000] {logging_mixin.py:188} INFO - [2025-12-24T07:00:26.916+0000] {dag.py:3954} INFO - Setting next_dagrun for update_db to 2025-12-23 15:00:00+00:00, run_after=2025-12-24 15:00:00+00:00
[2025-12-24T07:00:26.936+0000] {logging_mixin.py:188} INFO - [2025-12-24T07:00:26.935+0000] {dag.py:3954} INFO - Setting next_dagrun for youtube_video_stats to 2025-12-23 14:00:00+00:00, run_after=2025-12-24 14:00:00+00:00
[2025-12-24T07:00:26.990+0000] {processor.py:183} INFO - Processing /opt/airflow/dags/main.py took 0.671 seconds
[2025-12-24T07:00:57.214+0000] {processor.py:161} INFO - Started process (PID=13233) to work on /opt/airflow/dags/main.py
[2025-12-24T07:00:57.218+0000] {processor.py:830} INFO - Processing file /opt/airflow/dags/main.py for tasks to queue
[2025-12-24T07:00:57.223+0000] {logging_mixin.py:188} INFO - [2025-12-24T07:00:57.221+0000] {dagbag.py:545} INFO - Filling up the DagBag from /opt/airflow/dags/main.py
[2025-12-24T07:00:57.795+0000] {processor.py:840} INFO - DAG(s) 'youtube_video_stats', 'update_db' retrieved from /opt/airflow/dags/main.py
[2025-12-24T07:00:57.912+0000] {logging_mixin.py:188} INFO - [2025-12-24T07:00:57.909+0000] {dag.py:3096} INFO - Sync 2 DAGs
[2025-12-24T07:00:58.000+0000] {logging_mixin.py:188} INFO - [2025-12-24T07:00:57.999+0000] {dag.py:3954} INFO - Setting next_dagrun for update_db to 2025-12-23 15:00:00+00:00, run_after=2025-12-24 15:00:00+00:00
[2025-12-24T07:00:58.025+0000] {logging_mixin.py:188} INFO - [2025-12-24T07:00:58.024+0000] {dag.py:3954} INFO - Setting next_dagrun for youtube_video_stats to 2025-12-23 14:00:00+00:00, run_after=2025-12-24 14:00:00+00:00
[2025-12-24T07:00:58.088+0000] {processor.py:183} INFO - Processing /opt/airflow/dags/main.py took 0.901 seconds
[2025-12-24T07:01:29.056+0000] {processor.py:161} INFO - Started process (PID=13240) to work on /opt/airflow/dags/main.py
[2025-12-24T07:01:29.058+0000] {processor.py:830} INFO - Processing file /opt/airflow/dags/main.py for tasks to queue
[2025-12-24T07:01:29.059+0000] {logging_mixin.py:188} INFO - [2025-12-24T07:01:29.059+0000] {dagbag.py:545} INFO - Filling up the DagBag from /opt/airflow/dags/main.py
[2025-12-24T07:01:29.221+0000] {processor.py:840} INFO - DAG(s) 'youtube_video_stats', 'update_db' retrieved from /opt/airflow/dags/main.py
[2025-12-24T07:01:29.267+0000] {logging_mixin.py:188} INFO - [2025-12-24T07:01:29.267+0000] {dag.py:3096} INFO - Sync 2 DAGs
[2025-12-24T07:01:29.301+0000] {logging_mixin.py:188} INFO - [2025-12-24T07:01:29.300+0000] {dag.py:3954} INFO - Setting next_dagrun for update_db to 2025-12-23 15:00:00+00:00, run_after=2025-12-24 15:00:00+00:00
[2025-12-24T07:01:29.309+0000] {logging_mixin.py:188} INFO - [2025-12-24T07:01:29.309+0000] {dag.py:3954} INFO - Setting next_dagrun for youtube_video_stats to 2025-12-23 14:00:00+00:00, run_after=2025-12-24 14:00:00+00:00
[2025-12-24T07:01:29.334+0000] {processor.py:183} INFO - Processing /opt/airflow/dags/main.py took 0.289 seconds
[2025-12-24T07:02:00.017+0000] {processor.py:161} INFO - Started process (PID=13247) to work on /opt/airflow/dags/main.py
[2025-12-24T07:02:00.020+0000] {processor.py:830} INFO - Processing file /opt/airflow/dags/main.py for tasks to queue
[2025-12-24T07:02:00.022+0000] {logging_mixin.py:188} INFO - [2025-12-24T07:02:00.021+0000] {dagbag.py:545} INFO - Filling up the DagBag from /opt/airflow/dags/main.py
[2025-12-24T07:02:00.266+0000] {processor.py:840} INFO - DAG(s) 'youtube_video_stats', 'update_db' retrieved from /opt/airflow/dags/main.py
[2025-12-24T07:02:00.329+0000] {logging_mixin.py:188} INFO - [2025-12-24T07:02:00.328+0000] {dag.py:3096} INFO - Sync 2 DAGs
[2025-12-24T07:02:00.375+0000] {logging_mixin.py:188} INFO - [2025-12-24T07:02:00.374+0000] {dag.py:3954} INFO - Setting next_dagrun for update_db to 2025-12-23 15:00:00+00:00, run_after=2025-12-24 15:00:00+00:00
[2025-12-24T07:02:00.387+0000] {logging_mixin.py:188} INFO - [2025-12-24T07:02:00.387+0000] {dag.py:3954} INFO - Setting next_dagrun for youtube_video_stats to 2025-12-23 14:00:00+00:00, run_after=2025-12-24 14:00:00+00:00
[2025-12-24T07:02:00.440+0000] {processor.py:183} INFO - Processing /opt/airflow/dags/main.py took 0.440 seconds
[2025-12-24T07:02:30.747+0000] {processor.py:161} INFO - Started process (PID=13254) to work on /opt/airflow/dags/main.py
[2025-12-24T07:02:30.749+0000] {processor.py:830} INFO - Processing file /opt/airflow/dags/main.py for tasks to queue
[2025-12-24T07:02:30.751+0000] {logging_mixin.py:188} INFO - [2025-12-24T07:02:30.751+0000] {dagbag.py:545} INFO - Filling up the DagBag from /opt/airflow/dags/main.py
[2025-12-24T07:02:31.005+0000] {processor.py:840} INFO - DAG(s) 'update_db', 'youtube_video_stats' retrieved from /opt/airflow/dags/main.py
[2025-12-24T07:02:31.104+0000] {logging_mixin.py:188} INFO - [2025-12-24T07:02:31.104+0000] {dag.py:3096} INFO - Sync 2 DAGs
[2025-12-24T07:02:31.145+0000] {logging_mixin.py:188} INFO - [2025-12-24T07:02:31.145+0000] {dag.py:3954} INFO - Setting next_dagrun for update_db to 2025-12-23 15:00:00+00:00, run_after=2025-12-24 15:00:00+00:00
[2025-12-24T07:02:31.158+0000] {logging_mixin.py:188} INFO - [2025-12-24T07:02:31.157+0000] {dag.py:3954} INFO - Setting next_dagrun for youtube_video_stats to 2025-12-23 14:00:00+00:00, run_after=2025-12-24 14:00:00+00:00
[2025-12-24T07:02:31.195+0000] {processor.py:183} INFO - Processing /opt/airflow/dags/main.py took 0.458 seconds
[2025-12-24T07:03:01.556+0000] {processor.py:161} INFO - Started process (PID=13261) to work on /opt/airflow/dags/main.py
[2025-12-24T07:03:01.558+0000] {processor.py:830} INFO - Processing file /opt/airflow/dags/main.py for tasks to queue
[2025-12-24T07:03:01.561+0000] {logging_mixin.py:188} INFO - [2025-12-24T07:03:01.560+0000] {dagbag.py:545} INFO - Filling up the DagBag from /opt/airflow/dags/main.py
[2025-12-24T07:03:01.795+0000] {processor.py:840} INFO - DAG(s) 'youtube_video_stats', 'update_db' retrieved from /opt/airflow/dags/main.py
[2025-12-24T07:03:01.896+0000] {logging_mixin.py:188} INFO - [2025-12-24T07:03:01.895+0000] {dag.py:3096} INFO - Sync 2 DAGs
[2025-12-24T07:03:01.979+0000] {logging_mixin.py:188} INFO - [2025-12-24T07:03:01.978+0000] {dag.py:3954} INFO - Setting next_dagrun for update_db to 2025-12-23 15:00:00+00:00, run_after=2025-12-24 15:00:00+00:00
[2025-12-24T07:03:01.998+0000] {logging_mixin.py:188} INFO - [2025-12-24T07:03:01.998+0000] {dag.py:3954} INFO - Setting next_dagrun for youtube_video_stats to 2025-12-23 14:00:00+00:00, run_after=2025-12-24 14:00:00+00:00
[2025-12-24T07:03:02.060+0000] {processor.py:183} INFO - Processing /opt/airflow/dags/main.py took 0.519 seconds
[2025-12-24T07:03:32.431+0000] {processor.py:161} INFO - Started process (PID=13268) to work on /opt/airflow/dags/main.py
[2025-12-24T07:03:32.435+0000] {processor.py:830} INFO - Processing file /opt/airflow/dags/main.py for tasks to queue
[2025-12-24T07:03:32.440+0000] {logging_mixin.py:188} INFO - [2025-12-24T07:03:32.438+0000] {dagbag.py:545} INFO - Filling up the DagBag from /opt/airflow/dags/main.py
[2025-12-24T07:03:32.721+0000] {processor.py:840} INFO - DAG(s) 'youtube_video_stats', 'update_db' retrieved from /opt/airflow/dags/main.py
[2025-12-24T07:03:32.804+0000] {logging_mixin.py:188} INFO - [2025-12-24T07:03:32.803+0000] {dag.py:3096} INFO - Sync 2 DAGs
[2025-12-24T07:03:32.880+0000] {logging_mixin.py:188} INFO - [2025-12-24T07:03:32.879+0000] {dag.py:3954} INFO - Setting next_dagrun for update_db to 2025-12-23 15:00:00+00:00, run_after=2025-12-24 15:00:00+00:00
[2025-12-24T07:03:32.893+0000] {logging_mixin.py:188} INFO - [2025-12-24T07:03:32.893+0000] {dag.py:3954} INFO - Setting next_dagrun for youtube_video_stats to 2025-12-23 14:00:00+00:00, run_after=2025-12-24 14:00:00+00:00
[2025-12-24T07:03:32.940+0000] {processor.py:183} INFO - Processing /opt/airflow/dags/main.py took 0.527 seconds
[2025-12-24T07:04:03.428+0000] {processor.py:161} INFO - Started process (PID=13275) to work on /opt/airflow/dags/main.py
[2025-12-24T07:04:03.433+0000] {processor.py:830} INFO - Processing file /opt/airflow/dags/main.py for tasks to queue
[2025-12-24T07:04:03.436+0000] {logging_mixin.py:188} INFO - [2025-12-24T07:04:03.435+0000] {dagbag.py:545} INFO - Filling up the DagBag from /opt/airflow/dags/main.py
[2025-12-24T07:04:03.760+0000] {processor.py:840} INFO - DAG(s) 'youtube_video_stats', 'update_db' retrieved from /opt/airflow/dags/main.py
[2025-12-24T07:04:03.855+0000] {logging_mixin.py:188} INFO - [2025-12-24T07:04:03.854+0000] {dag.py:3096} INFO - Sync 2 DAGs
[2025-12-24T07:04:03.948+0000] {logging_mixin.py:188} INFO - [2025-12-24T07:04:03.946+0000] {dag.py:3954} INFO - Setting next_dagrun for update_db to 2025-12-23 15:00:00+00:00, run_after=2025-12-24 15:00:00+00:00
[2025-12-24T07:04:03.968+0000] {logging_mixin.py:188} INFO - [2025-12-24T07:04:03.968+0000] {dag.py:3954} INFO - Setting next_dagrun for youtube_video_stats to 2025-12-23 14:00:00+00:00, run_after=2025-12-24 14:00:00+00:00
[2025-12-24T07:04:04.032+0000] {processor.py:183} INFO - Processing /opt/airflow/dags/main.py took 0.632 seconds
[2025-12-24T07:04:34.377+0000] {processor.py:161} INFO - Started process (PID=13282) to work on /opt/airflow/dags/main.py
[2025-12-24T07:04:34.380+0000] {processor.py:830} INFO - Processing file /opt/airflow/dags/main.py for tasks to queue
[2025-12-24T07:04:34.383+0000] {logging_mixin.py:188} INFO - [2025-12-24T07:04:34.382+0000] {dagbag.py:545} INFO - Filling up the DagBag from /opt/airflow/dags/main.py
[2025-12-24T07:04:34.659+0000] {processor.py:840} INFO - DAG(s) 'update_db', 'youtube_video_stats' retrieved from /opt/airflow/dags/main.py
[2025-12-24T07:04:34.732+0000] {logging_mixin.py:188} INFO - [2025-12-24T07:04:34.732+0000] {dag.py:3096} INFO - Sync 2 DAGs
[2025-12-24T07:04:34.803+0000] {logging_mixin.py:188} INFO - [2025-12-24T07:04:34.802+0000] {dag.py:3954} INFO - Setting next_dagrun for update_db to 2025-12-23 15:00:00+00:00, run_after=2025-12-24 15:00:00+00:00
[2025-12-24T07:04:34.816+0000] {logging_mixin.py:188} INFO - [2025-12-24T07:04:34.816+0000] {dag.py:3954} INFO - Setting next_dagrun for youtube_video_stats to 2025-12-23 14:00:00+00:00, run_after=2025-12-24 14:00:00+00:00
[2025-12-24T07:04:34.863+0000] {processor.py:183} INFO - Processing /opt/airflow/dags/main.py took 0.502 seconds
[2025-12-24T07:05:05.198+0000] {processor.py:161} INFO - Started process (PID=13289) to work on /opt/airflow/dags/main.py
[2025-12-24T07:05:05.201+0000] {processor.py:830} INFO - Processing file /opt/airflow/dags/main.py for tasks to queue
[2025-12-24T07:05:05.203+0000] {logging_mixin.py:188} INFO - [2025-12-24T07:05:05.203+0000] {dagbag.py:545} INFO - Filling up the DagBag from /opt/airflow/dags/main.py
[2025-12-24T07:05:05.430+0000] {processor.py:840} INFO - DAG(s) 'youtube_video_stats', 'update_db' retrieved from /opt/airflow/dags/main.py
[2025-12-24T07:05:05.497+0000] {logging_mixin.py:188} INFO - [2025-12-24T07:05:05.497+0000] {dag.py:3096} INFO - Sync 2 DAGs
[2025-12-24T07:05:05.544+0000] {logging_mixin.py:188} INFO - [2025-12-24T07:05:05.544+0000] {dag.py:3954} INFO - Setting next_dagrun for update_db to 2025-12-23 15:00:00+00:00, run_after=2025-12-24 15:00:00+00:00
[2025-12-24T07:05:05.556+0000] {logging_mixin.py:188} INFO - [2025-12-24T07:05:05.555+0000] {dag.py:3954} INFO - Setting next_dagrun for youtube_video_stats to 2025-12-23 14:00:00+00:00, run_after=2025-12-24 14:00:00+00:00
[2025-12-24T07:05:05.596+0000] {processor.py:183} INFO - Processing /opt/airflow/dags/main.py took 0.410 seconds
[2025-12-24T07:05:36.008+0000] {processor.py:161} INFO - Started process (PID=13296) to work on /opt/airflow/dags/main.py
[2025-12-24T07:05:36.012+0000] {processor.py:830} INFO - Processing file /opt/airflow/dags/main.py for tasks to queue
[2025-12-24T07:05:36.019+0000] {logging_mixin.py:188} INFO - [2025-12-24T07:05:36.017+0000] {dagbag.py:545} INFO - Filling up the DagBag from /opt/airflow/dags/main.py
[2025-12-24T07:05:36.316+0000] {processor.py:840} INFO - DAG(s) 'update_db', 'youtube_video_stats' retrieved from /opt/airflow/dags/main.py
[2025-12-24T07:05:36.416+0000] {logging_mixin.py:188} INFO - [2025-12-24T07:05:36.415+0000] {dag.py:3096} INFO - Sync 2 DAGs
[2025-12-24T07:05:36.497+0000] {logging_mixin.py:188} INFO - [2025-12-24T07:05:36.496+0000] {dag.py:3954} INFO - Setting next_dagrun for update_db to 2025-12-23 15:00:00+00:00, run_after=2025-12-24 15:00:00+00:00
[2025-12-24T07:05:36.513+0000] {logging_mixin.py:188} INFO - [2025-12-24T07:05:36.512+0000] {dag.py:3954} INFO - Setting next_dagrun for youtube_video_stats to 2025-12-23 14:00:00+00:00, run_after=2025-12-24 14:00:00+00:00
[2025-12-24T07:05:36.556+0000] {processor.py:183} INFO - Processing /opt/airflow/dags/main.py took 0.572 seconds
[2025-12-24T07:06:06.975+0000] {processor.py:161} INFO - Started process (PID=13303) to work on /opt/airflow/dags/main.py
[2025-12-24T07:06:06.982+0000] {processor.py:830} INFO - Processing file /opt/airflow/dags/main.py for tasks to queue
[2025-12-24T07:06:06.986+0000] {logging_mixin.py:188} INFO - [2025-12-24T07:06:06.985+0000] {dagbag.py:545} INFO - Filling up the DagBag from /opt/airflow/dags/main.py
[2025-12-24T07:06:07.394+0000] {processor.py:840} INFO - DAG(s) 'update_db', 'youtube_video_stats' retrieved from /opt/airflow/dags/main.py
[2025-12-24T07:06:07.613+0000] {logging_mixin.py:188} INFO - [2025-12-24T07:06:07.612+0000] {dag.py:3096} INFO - Sync 2 DAGs
[2025-12-24T07:06:07.805+0000] {logging_mixin.py:188} INFO - [2025-12-24T07:06:07.804+0000] {dag.py:3954} INFO - Setting next_dagrun for update_db to 2025-12-23 15:00:00+00:00, run_after=2025-12-24 15:00:00+00:00
[2025-12-24T07:06:07.844+0000] {logging_mixin.py:188} INFO - [2025-12-24T07:06:07.844+0000] {dag.py:3954} INFO - Setting next_dagrun for youtube_video_stats to 2025-12-23 14:00:00+00:00, run_after=2025-12-24 14:00:00+00:00
[2025-12-24T07:06:07.936+0000] {processor.py:183} INFO - Processing /opt/airflow/dags/main.py took 0.987 seconds
[2025-12-24T07:06:38.825+0000] {processor.py:161} INFO - Started process (PID=13311) to work on /opt/airflow/dags/main.py
[2025-12-24T07:06:38.827+0000] {processor.py:830} INFO - Processing file /opt/airflow/dags/main.py for tasks to queue
[2025-12-24T07:06:38.829+0000] {logging_mixin.py:188} INFO - [2025-12-24T07:06:38.828+0000] {dagbag.py:545} INFO - Filling up the DagBag from /opt/airflow/dags/main.py
[2025-12-24T07:06:39.076+0000] {processor.py:840} INFO - DAG(s) 'update_db', 'youtube_video_stats' retrieved from /opt/airflow/dags/main.py
[2025-12-24T07:06:39.148+0000] {logging_mixin.py:188} INFO - [2025-12-24T07:06:39.147+0000] {dag.py:3096} INFO - Sync 2 DAGs
[2025-12-24T07:06:39.211+0000] {logging_mixin.py:188} INFO - [2025-12-24T07:06:39.210+0000] {dag.py:3954} INFO - Setting next_dagrun for update_db to 2025-12-23 15:00:00+00:00, run_after=2025-12-24 15:00:00+00:00
[2025-12-24T07:06:39.229+0000] {logging_mixin.py:188} INFO - [2025-12-24T07:06:39.229+0000] {dag.py:3954} INFO - Setting next_dagrun for youtube_video_stats to 2025-12-23 14:00:00+00:00, run_after=2025-12-24 14:00:00+00:00
[2025-12-24T07:06:39.273+0000] {processor.py:183} INFO - Processing /opt/airflow/dags/main.py took 0.460 seconds
[2025-12-24T07:07:09.660+0000] {processor.py:161} INFO - Started process (PID=13318) to work on /opt/airflow/dags/main.py
[2025-12-24T07:07:09.666+0000] {processor.py:830} INFO - Processing file /opt/airflow/dags/main.py for tasks to queue
[2025-12-24T07:07:09.673+0000] {logging_mixin.py:188} INFO - [2025-12-24T07:07:09.672+0000] {dagbag.py:545} INFO - Filling up the DagBag from /opt/airflow/dags/main.py
[2025-12-24T07:07:10.099+0000] {processor.py:840} INFO - DAG(s) 'youtube_video_stats', 'update_db' retrieved from /opt/airflow/dags/main.py
[2025-12-24T07:07:10.232+0000] {logging_mixin.py:188} INFO - [2025-12-24T07:07:10.231+0000] {dag.py:3096} INFO - Sync 2 DAGs
[2025-12-24T07:07:10.366+0000] {logging_mixin.py:188} INFO - [2025-12-24T07:07:10.365+0000] {dag.py:3954} INFO - Setting next_dagrun for update_db to 2025-12-23 15:00:00+00:00, run_after=2025-12-24 15:00:00+00:00
[2025-12-24T07:07:10.402+0000] {logging_mixin.py:188} INFO - [2025-12-24T07:07:10.401+0000] {dag.py:3954} INFO - Setting next_dagrun for youtube_video_stats to 2025-12-23 14:00:00+00:00, run_after=2025-12-24 14:00:00+00:00
[2025-12-24T07:07:10.475+0000] {processor.py:183} INFO - Processing /opt/airflow/dags/main.py took 0.849 seconds
[2025-12-24T07:07:40.849+0000] {processor.py:161} INFO - Started process (PID=13325) to work on /opt/airflow/dags/main.py
[2025-12-24T07:07:40.852+0000] {processor.py:830} INFO - Processing file /opt/airflow/dags/main.py for tasks to queue
[2025-12-24T07:07:40.854+0000] {logging_mixin.py:188} INFO - [2025-12-24T07:07:40.854+0000] {dagbag.py:545} INFO - Filling up the DagBag from /opt/airflow/dags/main.py
[2025-12-24T07:07:41.126+0000] {processor.py:840} INFO - DAG(s) 'youtube_video_stats', 'update_db' retrieved from /opt/airflow/dags/main.py
[2025-12-24T07:07:41.208+0000] {logging_mixin.py:188} INFO - [2025-12-24T07:07:41.207+0000] {dag.py:3096} INFO - Sync 2 DAGs
[2025-12-24T07:07:41.271+0000] {logging_mixin.py:188} INFO - [2025-12-24T07:07:41.271+0000] {dag.py:3954} INFO - Setting next_dagrun for update_db to 2025-12-23 15:00:00+00:00, run_after=2025-12-24 15:00:00+00:00
[2025-12-24T07:07:41.292+0000] {logging_mixin.py:188} INFO - [2025-12-24T07:07:41.291+0000] {dag.py:3954} INFO - Setting next_dagrun for youtube_video_stats to 2025-12-23 14:00:00+00:00, run_after=2025-12-24 14:00:00+00:00
[2025-12-24T07:07:41.340+0000] {processor.py:183} INFO - Processing /opt/airflow/dags/main.py took 0.512 seconds
[2025-12-24T07:08:11.908+0000] {processor.py:161} INFO - Started process (PID=13332) to work on /opt/airflow/dags/main.py
[2025-12-24T07:08:11.911+0000] {processor.py:830} INFO - Processing file /opt/airflow/dags/main.py for tasks to queue
[2025-12-24T07:08:11.913+0000] {logging_mixin.py:188} INFO - [2025-12-24T07:08:11.913+0000] {dagbag.py:545} INFO - Filling up the DagBag from /opt/airflow/dags/main.py
[2025-12-24T07:08:12.608+0000] {processor.py:840} INFO - DAG(s) 'youtube_video_stats', 'update_db' retrieved from /opt/airflow/dags/main.py
[2025-12-24T07:08:12.799+0000] {logging_mixin.py:188} INFO - [2025-12-24T07:08:12.798+0000] {dag.py:3096} INFO - Sync 2 DAGs
[2025-12-24T07:08:12.973+0000] {logging_mixin.py:188} INFO - [2025-12-24T07:08:12.972+0000] {dag.py:3954} INFO - Setting next_dagrun for update_db to 2025-12-23 15:00:00+00:00, run_after=2025-12-24 15:00:00+00:00
[2025-12-24T07:08:13.018+0000] {logging_mixin.py:188} INFO - [2025-12-24T07:08:13.007+0000] {dag.py:3954} INFO - Setting next_dagrun for youtube_video_stats to 2025-12-23 14:00:00+00:00, run_after=2025-12-24 14:00:00+00:00
[2025-12-24T07:08:13.093+0000] {processor.py:183} INFO - Processing /opt/airflow/dags/main.py took 1.203 seconds
[2025-12-24T07:08:43.221+0000] {processor.py:161} INFO - Started process (PID=13339) to work on /opt/airflow/dags/main.py
[2025-12-24T07:08:43.224+0000] {processor.py:830} INFO - Processing file /opt/airflow/dags/main.py for tasks to queue
[2025-12-24T07:08:43.227+0000] {logging_mixin.py:188} INFO - [2025-12-24T07:08:43.226+0000] {dagbag.py:545} INFO - Filling up the DagBag from /opt/airflow/dags/main.py
[2025-12-24T07:08:43.482+0000] {processor.py:840} INFO - DAG(s) 'update_db', 'youtube_video_stats' retrieved from /opt/airflow/dags/main.py
[2025-12-24T07:08:43.557+0000] {logging_mixin.py:188} INFO - [2025-12-24T07:08:43.557+0000] {dag.py:3096} INFO - Sync 2 DAGs
[2025-12-24T07:08:43.625+0000] {logging_mixin.py:188} INFO - [2025-12-24T07:08:43.624+0000] {dag.py:3954} INFO - Setting next_dagrun for update_db to 2025-12-23 15:00:00+00:00, run_after=2025-12-24 15:00:00+00:00
[2025-12-24T07:08:43.637+0000] {logging_mixin.py:188} INFO - [2025-12-24T07:08:43.636+0000] {dag.py:3954} INFO - Setting next_dagrun for youtube_video_stats to 2025-12-23 14:00:00+00:00, run_after=2025-12-24 14:00:00+00:00
[2025-12-24T07:08:43.674+0000] {processor.py:183} INFO - Processing /opt/airflow/dags/main.py took 0.474 seconds
[2025-12-24T07:09:14.048+0000] {processor.py:161} INFO - Started process (PID=13346) to work on /opt/airflow/dags/main.py
[2025-12-24T07:09:14.052+0000] {processor.py:830} INFO - Processing file /opt/airflow/dags/main.py for tasks to queue
[2025-12-24T07:09:14.056+0000] {logging_mixin.py:188} INFO - [2025-12-24T07:09:14.055+0000] {dagbag.py:545} INFO - Filling up the DagBag from /opt/airflow/dags/main.py
[2025-12-24T07:09:14.426+0000] {processor.py:840} INFO - DAG(s) 'update_db', 'youtube_video_stats' retrieved from /opt/airflow/dags/main.py
[2025-12-24T07:09:14.573+0000] {logging_mixin.py:188} INFO - [2025-12-24T07:09:14.572+0000] {dag.py:3096} INFO - Sync 2 DAGs
[2025-12-24T07:09:14.664+0000] {logging_mixin.py:188} INFO - [2025-12-24T07:09:14.663+0000] {dag.py:3954} INFO - Setting next_dagrun for update_db to 2025-12-23 15:00:00+00:00, run_after=2025-12-24 15:00:00+00:00
[2025-12-24T07:09:14.682+0000] {logging_mixin.py:188} INFO - [2025-12-24T07:09:14.681+0000] {dag.py:3954} INFO - Setting next_dagrun for youtube_video_stats to 2025-12-23 14:00:00+00:00, run_after=2025-12-24 14:00:00+00:00
[2025-12-24T07:09:14.734+0000] {processor.py:183} INFO - Processing /opt/airflow/dags/main.py took 0.710 seconds
[2025-12-24T09:47:01.438+0000] {processor.py:161} INFO - Started process (PID=13353) to work on /opt/airflow/dags/main.py
[2025-12-24T09:47:01.440+0000] {processor.py:830} INFO - Processing file /opt/airflow/dags/main.py for tasks to queue
[2025-12-24T09:47:01.442+0000] {logging_mixin.py:188} INFO - [2025-12-24T09:47:01.442+0000] {dagbag.py:545} INFO - Filling up the DagBag from /opt/airflow/dags/main.py
[2025-12-24T09:47:01.975+0000] {processor.py:840} INFO - DAG(s) 'youtube_video_stats', 'update_db' retrieved from /opt/airflow/dags/main.py
[2025-12-24T09:47:02.137+0000] {logging_mixin.py:188} INFO - [2025-12-24T09:47:02.137+0000] {dag.py:3096} INFO - Sync 2 DAGs
[2025-12-24T09:47:02.224+0000] {logging_mixin.py:188} INFO - [2025-12-24T09:47:02.218+0000] {dag.py:3954} INFO - Setting next_dagrun for update_db to 2025-12-23 15:00:00+00:00, run_after=2025-12-24 15:00:00+00:00
[2025-12-24T09:47:02.243+0000] {logging_mixin.py:188} INFO - [2025-12-24T09:47:02.243+0000] {dag.py:3954} INFO - Setting next_dagrun for youtube_video_stats to 2025-12-23 14:00:00+00:00, run_after=2025-12-24 14:00:00+00:00
[2025-12-24T09:47:02.330+0000] {processor.py:183} INFO - Processing /opt/airflow/dags/main.py took 0.963 seconds
[2025-12-24T09:47:32.787+0000] {processor.py:161} INFO - Started process (PID=13360) to work on /opt/airflow/dags/main.py
[2025-12-24T09:47:32.801+0000] {processor.py:830} INFO - Processing file /opt/airflow/dags/main.py for tasks to queue
[2025-12-24T09:47:32.805+0000] {logging_mixin.py:188} INFO - [2025-12-24T09:47:32.804+0000] {dagbag.py:545} INFO - Filling up the DagBag from /opt/airflow/dags/main.py
[2025-12-24T09:47:33.349+0000] {processor.py:840} INFO - DAG(s) 'update_db', 'youtube_video_stats' retrieved from /opt/airflow/dags/main.py
[2025-12-24T09:47:33.583+0000] {logging_mixin.py:188} INFO - [2025-12-24T09:47:33.582+0000] {dag.py:3096} INFO - Sync 2 DAGs
[2025-12-24T09:47:33.796+0000] {logging_mixin.py:188} INFO - [2025-12-24T09:47:33.796+0000] {dag.py:3954} INFO - Setting next_dagrun for update_db to 2025-12-23 15:00:00+00:00, run_after=2025-12-24 15:00:00+00:00
[2025-12-24T09:47:33.843+0000] {logging_mixin.py:188} INFO - [2025-12-24T09:47:33.842+0000] {dag.py:3954} INFO - Setting next_dagrun for youtube_video_stats to 2025-12-23 14:00:00+00:00, run_after=2025-12-24 14:00:00+00:00
[2025-12-24T09:47:33.964+0000] {processor.py:183} INFO - Processing /opt/airflow/dags/main.py took 1.215 seconds
[2025-12-24T09:48:04.169+0000] {processor.py:161} INFO - Started process (PID=13367) to work on /opt/airflow/dags/main.py
[2025-12-24T09:48:04.175+0000] {processor.py:830} INFO - Processing file /opt/airflow/dags/main.py for tasks to queue
[2025-12-24T09:48:04.178+0000] {logging_mixin.py:188} INFO - [2025-12-24T09:48:04.178+0000] {dagbag.py:545} INFO - Filling up the DagBag from /opt/airflow/dags/main.py
[2025-12-24T09:48:04.535+0000] {processor.py:840} INFO - DAG(s) 'youtube_video_stats', 'update_db' retrieved from /opt/airflow/dags/main.py
[2025-12-24T09:48:04.674+0000] {logging_mixin.py:188} INFO - [2025-12-24T09:48:04.673+0000] {dag.py:3096} INFO - Sync 2 DAGs
[2025-12-24T09:48:04.768+0000] {logging_mixin.py:188} INFO - [2025-12-24T09:48:04.764+0000] {dag.py:3954} INFO - Setting next_dagrun for update_db to 2025-12-23 15:00:00+00:00, run_after=2025-12-24 15:00:00+00:00
[2025-12-24T09:48:04.795+0000] {logging_mixin.py:188} INFO - [2025-12-24T09:48:04.795+0000] {dag.py:3954} INFO - Setting next_dagrun for youtube_video_stats to 2025-12-23 14:00:00+00:00, run_after=2025-12-24 14:00:00+00:00
[2025-12-24T09:48:04.860+0000] {processor.py:183} INFO - Processing /opt/airflow/dags/main.py took 0.720 seconds
[2025-12-24T09:48:35.263+0000] {processor.py:161} INFO - Started process (PID=13375) to work on /opt/airflow/dags/main.py
[2025-12-24T09:48:35.264+0000] {processor.py:830} INFO - Processing file /opt/airflow/dags/main.py for tasks to queue
[2025-12-24T09:48:35.265+0000] {logging_mixin.py:188} INFO - [2025-12-24T09:48:35.265+0000] {dagbag.py:545} INFO - Filling up the DagBag from /opt/airflow/dags/main.py
[2025-12-24T09:48:35.398+0000] {processor.py:840} INFO - DAG(s) 'update_db', 'youtube_video_stats' retrieved from /opt/airflow/dags/main.py
[2025-12-24T09:48:35.442+0000] {logging_mixin.py:188} INFO - [2025-12-24T09:48:35.441+0000] {dag.py:3096} INFO - Sync 2 DAGs
[2025-12-24T09:48:35.472+0000] {logging_mixin.py:188} INFO - [2025-12-24T09:48:35.472+0000] {dag.py:3954} INFO - Setting next_dagrun for update_db to 2025-12-23 15:00:00+00:00, run_after=2025-12-24 15:00:00+00:00
[2025-12-24T09:48:35.478+0000] {logging_mixin.py:188} INFO - [2025-12-24T09:48:35.478+0000] {dag.py:3954} INFO - Setting next_dagrun for youtube_video_stats to 2025-12-23 14:00:00+00:00, run_after=2025-12-24 14:00:00+00:00
[2025-12-24T09:48:35.499+0000] {processor.py:183} INFO - Processing /opt/airflow/dags/main.py took 0.244 seconds
[2025-12-24T09:49:05.798+0000] {processor.py:161} INFO - Started process (PID=13383) to work on /opt/airflow/dags/main.py
[2025-12-24T09:49:05.801+0000] {processor.py:830} INFO - Processing file /opt/airflow/dags/main.py for tasks to queue
[2025-12-24T09:49:05.805+0000] {logging_mixin.py:188} INFO - [2025-12-24T09:49:05.804+0000] {dagbag.py:545} INFO - Filling up the DagBag from /opt/airflow/dags/main.py
[2025-12-24T09:49:06.376+0000] {processor.py:840} INFO - DAG(s) 'update_db', 'youtube_video_stats' retrieved from /opt/airflow/dags/main.py
[2025-12-24T09:49:06.587+0000] {logging_mixin.py:188} INFO - [2025-12-24T09:49:06.586+0000] {dag.py:3096} INFO - Sync 2 DAGs
[2025-12-24T09:49:06.734+0000] {logging_mixin.py:188} INFO - [2025-12-24T09:49:06.724+0000] {dag.py:3954} INFO - Setting next_dagrun for update_db to 2025-12-23 15:00:00+00:00, run_after=2025-12-24 15:00:00+00:00
[2025-12-24T09:49:06.770+0000] {logging_mixin.py:188} INFO - [2025-12-24T09:49:06.769+0000] {dag.py:3954} INFO - Setting next_dagrun for youtube_video_stats to 2025-12-23 14:00:00+00:00, run_after=2025-12-24 14:00:00+00:00
[2025-12-24T09:49:06.839+0000] {processor.py:183} INFO - Processing /opt/airflow/dags/main.py took 1.064 seconds
[2025-12-24T09:49:37.016+0000] {processor.py:161} INFO - Started process (PID=13390) to work on /opt/airflow/dags/main.py
[2025-12-24T09:49:37.018+0000] {processor.py:830} INFO - Processing file /opt/airflow/dags/main.py for tasks to queue
[2025-12-24T09:49:37.019+0000] {logging_mixin.py:188} INFO - [2025-12-24T09:49:37.018+0000] {dagbag.py:545} INFO - Filling up the DagBag from /opt/airflow/dags/main.py
[2025-12-24T09:49:37.135+0000] {processor.py:840} INFO - DAG(s) 'youtube_video_stats', 'update_db' retrieved from /opt/airflow/dags/main.py
[2025-12-24T09:49:37.168+0000] {logging_mixin.py:188} INFO - [2025-12-24T09:49:37.168+0000] {dag.py:3096} INFO - Sync 2 DAGs
[2025-12-24T09:49:37.190+0000] {logging_mixin.py:188} INFO - [2025-12-24T09:49:37.190+0000] {dag.py:3954} INFO - Setting next_dagrun for update_db to 2025-12-23 15:00:00+00:00, run_after=2025-12-24 15:00:00+00:00
[2025-12-24T09:49:37.195+0000] {logging_mixin.py:188} INFO - [2025-12-24T09:49:37.194+0000] {dag.py:3954} INFO - Setting next_dagrun for youtube_video_stats to 2025-12-23 14:00:00+00:00, run_after=2025-12-24 14:00:00+00:00
[2025-12-24T09:49:37.217+0000] {processor.py:183} INFO - Processing /opt/airflow/dags/main.py took 0.211 seconds
[2025-12-24T09:50:07.335+0000] {processor.py:161} INFO - Started process (PID=13397) to work on /opt/airflow/dags/main.py
[2025-12-24T09:50:07.337+0000] {processor.py:830} INFO - Processing file /opt/airflow/dags/main.py for tasks to queue
[2025-12-24T09:50:07.339+0000] {logging_mixin.py:188} INFO - [2025-12-24T09:50:07.338+0000] {dagbag.py:545} INFO - Filling up the DagBag from /opt/airflow/dags/main.py
[2025-12-24T09:50:07.522+0000] {processor.py:840} INFO - DAG(s) 'youtube_video_stats', 'update_db' retrieved from /opt/airflow/dags/main.py
[2025-12-24T09:50:07.568+0000] {logging_mixin.py:188} INFO - [2025-12-24T09:50:07.568+0000] {dag.py:3096} INFO - Sync 2 DAGs
[2025-12-24T09:50:07.602+0000] {logging_mixin.py:188} INFO - [2025-12-24T09:50:07.602+0000] {dag.py:3954} INFO - Setting next_dagrun for update_db to 2025-12-23 15:00:00+00:00, run_after=2025-12-24 15:00:00+00:00
[2025-12-24T09:50:07.612+0000] {logging_mixin.py:188} INFO - [2025-12-24T09:50:07.611+0000] {dag.py:3954} INFO - Setting next_dagrun for youtube_video_stats to 2025-12-23 14:00:00+00:00, run_after=2025-12-24 14:00:00+00:00
[2025-12-24T09:50:07.647+0000] {processor.py:183} INFO - Processing /opt/airflow/dags/main.py took 0.321 seconds
[2025-12-24T09:50:37.882+0000] {processor.py:161} INFO - Started process (PID=13405) to work on /opt/airflow/dags/main.py
[2025-12-24T09:50:37.884+0000] {processor.py:830} INFO - Processing file /opt/airflow/dags/main.py for tasks to queue
[2025-12-24T09:50:37.885+0000] {logging_mixin.py:188} INFO - [2025-12-24T09:50:37.885+0000] {dagbag.py:545} INFO - Filling up the DagBag from /opt/airflow/dags/main.py
[2025-12-24T09:50:38.033+0000] {processor.py:840} INFO - DAG(s) 'update_db', 'youtube_video_stats' retrieved from /opt/airflow/dags/main.py
[2025-12-24T09:50:38.070+0000] {logging_mixin.py:188} INFO - [2025-12-24T09:50:38.070+0000] {dag.py:3096} INFO - Sync 2 DAGs
[2025-12-24T09:50:38.099+0000] {logging_mixin.py:188} INFO - [2025-12-24T09:50:38.099+0000] {dag.py:3954} INFO - Setting next_dagrun for update_db to 2025-12-23 15:00:00+00:00, run_after=2025-12-24 15:00:00+00:00
[2025-12-24T09:50:38.105+0000] {logging_mixin.py:188} INFO - [2025-12-24T09:50:38.104+0000] {dag.py:3954} INFO - Setting next_dagrun for youtube_video_stats to 2025-12-23 14:00:00+00:00, run_after=2025-12-24 14:00:00+00:00
[2025-12-24T09:50:38.120+0000] {processor.py:183} INFO - Processing /opt/airflow/dags/main.py took 0.244 seconds
[2025-12-24T09:51:08.372+0000] {processor.py:161} INFO - Started process (PID=13418) to work on /opt/airflow/dags/main.py
[2025-12-24T09:51:08.375+0000] {processor.py:830} INFO - Processing file /opt/airflow/dags/main.py for tasks to queue
[2025-12-24T09:51:08.377+0000] {logging_mixin.py:188} INFO - [2025-12-24T09:51:08.376+0000] {dagbag.py:545} INFO - Filling up the DagBag from /opt/airflow/dags/main.py
[2025-12-24T09:51:08.563+0000] {processor.py:840} INFO - DAG(s) 'update_db', 'youtube_video_stats' retrieved from /opt/airflow/dags/main.py
[2025-12-24T09:51:08.632+0000] {logging_mixin.py:188} INFO - [2025-12-24T09:51:08.632+0000] {dag.py:3096} INFO - Sync 2 DAGs
[2025-12-24T09:51:08.677+0000] {logging_mixin.py:188} INFO - [2025-12-24T09:51:08.677+0000] {dag.py:3954} INFO - Setting next_dagrun for update_db to 2025-12-23 15:00:00+00:00, run_after=2025-12-24 15:00:00+00:00
[2025-12-24T09:51:08.687+0000] {logging_mixin.py:188} INFO - [2025-12-24T09:51:08.686+0000] {dag.py:3954} INFO - Setting next_dagrun for youtube_video_stats to 2025-12-23 14:00:00+00:00, run_after=2025-12-24 14:00:00+00:00
[2025-12-24T09:51:08.722+0000] {processor.py:183} INFO - Processing /opt/airflow/dags/main.py took 0.365 seconds
[2025-12-24T09:51:38.958+0000] {processor.py:161} INFO - Started process (PID=13425) to work on /opt/airflow/dags/main.py
[2025-12-24T09:51:38.959+0000] {processor.py:830} INFO - Processing file /opt/airflow/dags/main.py for tasks to queue
[2025-12-24T09:51:38.960+0000] {logging_mixin.py:188} INFO - [2025-12-24T09:51:38.960+0000] {dagbag.py:545} INFO - Filling up the DagBag from /opt/airflow/dags/main.py
[2025-12-24T09:51:39.067+0000] {processor.py:840} INFO - DAG(s) 'update_db', 'youtube_video_stats' retrieved from /opt/airflow/dags/main.py
[2025-12-24T09:51:39.103+0000] {logging_mixin.py:188} INFO - [2025-12-24T09:51:39.102+0000] {dag.py:3096} INFO - Sync 2 DAGs
[2025-12-24T09:51:39.127+0000] {logging_mixin.py:188} INFO - [2025-12-24T09:51:39.127+0000] {dag.py:3954} INFO - Setting next_dagrun for update_db to 2025-12-23 15:00:00+00:00, run_after=2025-12-24 15:00:00+00:00
[2025-12-24T09:51:39.134+0000] {logging_mixin.py:188} INFO - [2025-12-24T09:51:39.134+0000] {dag.py:3954} INFO - Setting next_dagrun for youtube_video_stats to 2025-12-23 14:00:00+00:00, run_after=2025-12-24 14:00:00+00:00
[2025-12-24T09:51:39.152+0000] {processor.py:183} INFO - Processing /opt/airflow/dags/main.py took 0.201 seconds
[2025-12-24T09:52:09.576+0000] {processor.py:161} INFO - Started process (PID=13432) to work on /opt/airflow/dags/main.py
[2025-12-24T09:52:09.579+0000] {processor.py:830} INFO - Processing file /opt/airflow/dags/main.py for tasks to queue
[2025-12-24T09:52:09.582+0000] {logging_mixin.py:188} INFO - [2025-12-24T09:52:09.581+0000] {dagbag.py:545} INFO - Filling up the DagBag from /opt/airflow/dags/main.py
[2025-12-24T09:52:09.840+0000] {processor.py:840} INFO - DAG(s) 'update_db', 'youtube_video_stats' retrieved from /opt/airflow/dags/main.py
[2025-12-24T09:52:09.918+0000] {logging_mixin.py:188} INFO - [2025-12-24T09:52:09.918+0000] {dag.py:3096} INFO - Sync 2 DAGs
[2025-12-24T09:52:09.980+0000] {logging_mixin.py:188} INFO - [2025-12-24T09:52:09.977+0000] {dag.py:3954} INFO - Setting next_dagrun for update_db to 2025-12-23 15:00:00+00:00, run_after=2025-12-24 15:00:00+00:00
[2025-12-24T09:52:09.998+0000] {logging_mixin.py:188} INFO - [2025-12-24T09:52:09.997+0000] {dag.py:3954} INFO - Setting next_dagrun for youtube_video_stats to 2025-12-23 14:00:00+00:00, run_after=2025-12-24 14:00:00+00:00
[2025-12-24T09:52:10.052+0000] {processor.py:183} INFO - Processing /opt/airflow/dags/main.py took 0.494 seconds
[2025-12-24T09:54:12.128+0000] {processor.py:161} INFO - Started process (PID=13433) to work on /opt/airflow/dags/main.py
[2025-12-24T09:54:12.134+0000] {processor.py:830} INFO - Processing file /opt/airflow/dags/main.py for tasks to queue
[2025-12-24T09:54:12.137+0000] {logging_mixin.py:188} INFO - [2025-12-24T09:54:12.137+0000] {dagbag.py:545} INFO - Filling up the DagBag from /opt/airflow/dags/main.py
[2025-12-24T09:54:12.699+0000] {processor.py:840} INFO - DAG(s) 'update_db', 'youtube_video_stats' retrieved from /opt/airflow/dags/main.py
[2025-12-24T09:54:12.769+0000] {logging_mixin.py:188} INFO - [2025-12-24T09:54:12.769+0000] {dag.py:3096} INFO - Sync 2 DAGs
[2025-12-24T09:54:12.826+0000] {logging_mixin.py:188} INFO - [2025-12-24T09:54:12.826+0000] {dag.py:3954} INFO - Setting next_dagrun for update_db to 2025-12-23 15:00:00+00:00, run_after=2025-12-24 15:00:00+00:00
[2025-12-24T09:54:12.836+0000] {logging_mixin.py:188} INFO - [2025-12-24T09:54:12.836+0000] {dag.py:3954} INFO - Setting next_dagrun for youtube_video_stats to 2025-12-23 14:00:00+00:00, run_after=2025-12-24 14:00:00+00:00
[2025-12-24T09:54:12.893+0000] {processor.py:183} INFO - Processing /opt/airflow/dags/main.py took 0.783 seconds
[2025-12-24T09:54:43.410+0000] {processor.py:161} INFO - Started process (PID=13440) to work on /opt/airflow/dags/main.py
[2025-12-24T09:54:43.411+0000] {processor.py:830} INFO - Processing file /opt/airflow/dags/main.py for tasks to queue
[2025-12-24T09:54:43.413+0000] {logging_mixin.py:188} INFO - [2025-12-24T09:54:43.412+0000] {dagbag.py:545} INFO - Filling up the DagBag from /opt/airflow/dags/main.py
[2025-12-24T09:54:43.515+0000] {processor.py:840} INFO - DAG(s) 'youtube_video_stats', 'update_db' retrieved from /opt/airflow/dags/main.py
[2025-12-24T09:54:43.546+0000] {logging_mixin.py:188} INFO - [2025-12-24T09:54:43.546+0000] {dag.py:3096} INFO - Sync 2 DAGs
[2025-12-24T09:54:43.570+0000] {logging_mixin.py:188} INFO - [2025-12-24T09:54:43.570+0000] {dag.py:3954} INFO - Setting next_dagrun for update_db to 2025-12-23 15:00:00+00:00, run_after=2025-12-24 15:00:00+00:00
[2025-12-24T09:54:43.577+0000] {logging_mixin.py:188} INFO - [2025-12-24T09:54:43.576+0000] {dag.py:3954} INFO - Setting next_dagrun for youtube_video_stats to 2025-12-23 14:00:00+00:00, run_after=2025-12-24 14:00:00+00:00
[2025-12-24T09:54:43.599+0000] {processor.py:183} INFO - Processing /opt/airflow/dags/main.py took 0.196 seconds
[2025-12-24T09:55:13.779+0000] {processor.py:161} INFO - Started process (PID=13447) to work on /opt/airflow/dags/main.py
[2025-12-24T09:55:13.780+0000] {processor.py:830} INFO - Processing file /opt/airflow/dags/main.py for tasks to queue
[2025-12-24T09:55:13.781+0000] {logging_mixin.py:188} INFO - [2025-12-24T09:55:13.781+0000] {dagbag.py:545} INFO - Filling up the DagBag from /opt/airflow/dags/main.py
[2025-12-24T09:55:13.860+0000] {processor.py:840} INFO - DAG(s) 'youtube_video_stats', 'update_db' retrieved from /opt/airflow/dags/main.py
[2025-12-24T09:55:13.891+0000] {logging_mixin.py:188} INFO - [2025-12-24T09:55:13.891+0000] {dag.py:3096} INFO - Sync 2 DAGs
[2025-12-24T09:55:13.917+0000] {logging_mixin.py:188} INFO - [2025-12-24T09:55:13.917+0000] {dag.py:3954} INFO - Setting next_dagrun for update_db to 2025-12-23 15:00:00+00:00, run_after=2025-12-24 15:00:00+00:00
[2025-12-24T09:55:13.926+0000] {logging_mixin.py:188} INFO - [2025-12-24T09:55:13.925+0000] {dag.py:3954} INFO - Setting next_dagrun for youtube_video_stats to 2025-12-23 14:00:00+00:00, run_after=2025-12-24 14:00:00+00:00
[2025-12-24T09:55:13.946+0000] {processor.py:183} INFO - Processing /opt/airflow/dags/main.py took 0.176 seconds
[2025-12-24T09:55:44.143+0000] {processor.py:161} INFO - Started process (PID=13454) to work on /opt/airflow/dags/main.py
[2025-12-24T09:55:44.146+0000] {processor.py:830} INFO - Processing file /opt/airflow/dags/main.py for tasks to queue
[2025-12-24T09:55:44.147+0000] {logging_mixin.py:188} INFO - [2025-12-24T09:55:44.147+0000] {dagbag.py:545} INFO - Filling up the DagBag from /opt/airflow/dags/main.py
[2025-12-24T09:55:44.290+0000] {processor.py:840} INFO - DAG(s) 'update_db', 'youtube_video_stats' retrieved from /opt/airflow/dags/main.py
[2025-12-24T09:55:44.334+0000] {logging_mixin.py:188} INFO - [2025-12-24T09:55:44.333+0000] {dag.py:3096} INFO - Sync 2 DAGs
[2025-12-24T09:55:44.362+0000] {logging_mixin.py:188} INFO - [2025-12-24T09:55:44.362+0000] {dag.py:3954} INFO - Setting next_dagrun for update_db to 2025-12-23 15:00:00+00:00, run_after=2025-12-24 15:00:00+00:00
[2025-12-24T09:55:44.369+0000] {logging_mixin.py:188} INFO - [2025-12-24T09:55:44.369+0000] {dag.py:3954} INFO - Setting next_dagrun for youtube_video_stats to 2025-12-23 14:00:00+00:00, run_after=2025-12-24 14:00:00+00:00
[2025-12-24T09:55:44.396+0000] {processor.py:183} INFO - Processing /opt/airflow/dags/main.py took 0.262 seconds
[2025-12-24T09:56:14.607+0000] {processor.py:161} INFO - Started process (PID=13461) to work on /opt/airflow/dags/main.py
[2025-12-24T09:56:14.608+0000] {processor.py:830} INFO - Processing file /opt/airflow/dags/main.py for tasks to queue
[2025-12-24T09:56:14.609+0000] {logging_mixin.py:188} INFO - [2025-12-24T09:56:14.609+0000] {dagbag.py:545} INFO - Filling up the DagBag from /opt/airflow/dags/main.py
[2025-12-24T09:56:14.700+0000] {processor.py:840} INFO - DAG(s) 'youtube_video_stats', 'update_db' retrieved from /opt/airflow/dags/main.py
[2025-12-24T09:56:14.731+0000] {logging_mixin.py:188} INFO - [2025-12-24T09:56:14.731+0000] {dag.py:3096} INFO - Sync 2 DAGs
[2025-12-24T09:56:14.753+0000] {logging_mixin.py:188} INFO - [2025-12-24T09:56:14.753+0000] {dag.py:3954} INFO - Setting next_dagrun for update_db to 2025-12-23 15:00:00+00:00, run_after=2025-12-24 15:00:00+00:00
[2025-12-24T09:56:14.759+0000] {logging_mixin.py:188} INFO - [2025-12-24T09:56:14.759+0000] {dag.py:3954} INFO - Setting next_dagrun for youtube_video_stats to 2025-12-23 14:00:00+00:00, run_after=2025-12-24 14:00:00+00:00
[2025-12-24T09:56:14.779+0000] {processor.py:183} INFO - Processing /opt/airflow/dags/main.py took 0.179 seconds
[2025-12-24T09:56:44.927+0000] {processor.py:161} INFO - Started process (PID=13468) to work on /opt/airflow/dags/main.py
[2025-12-24T09:56:44.929+0000] {processor.py:830} INFO - Processing file /opt/airflow/dags/main.py for tasks to queue
[2025-12-24T09:56:44.932+0000] {logging_mixin.py:188} INFO - [2025-12-24T09:56:44.931+0000] {dagbag.py:545} INFO - Filling up the DagBag from /opt/airflow/dags/main.py
[2025-12-24T09:56:45.258+0000] {processor.py:840} INFO - DAG(s) 'update_db', 'youtube_video_stats' retrieved from /opt/airflow/dags/main.py
[2025-12-24T09:56:45.375+0000] {logging_mixin.py:188} INFO - [2025-12-24T09:56:45.374+0000] {dag.py:3096} INFO - Sync 2 DAGs
[2025-12-24T09:56:45.485+0000] {logging_mixin.py:188} INFO - [2025-12-24T09:56:45.484+0000] {dag.py:3954} INFO - Setting next_dagrun for update_db to 2025-12-23 15:00:00+00:00, run_after=2025-12-24 15:00:00+00:00
[2025-12-24T09:56:45.514+0000] {logging_mixin.py:188} INFO - [2025-12-24T09:56:45.513+0000] {dag.py:3954} INFO - Setting next_dagrun for youtube_video_stats to 2025-12-23 14:00:00+00:00, run_after=2025-12-24 14:00:00+00:00
[2025-12-24T09:56:45.582+0000] {processor.py:183} INFO - Processing /opt/airflow/dags/main.py took 0.691 seconds
[2025-12-24T09:57:16.420+0000] {processor.py:161} INFO - Started process (PID=13475) to work on /opt/airflow/dags/main.py
[2025-12-24T09:57:16.424+0000] {processor.py:830} INFO - Processing file /opt/airflow/dags/main.py for tasks to queue
[2025-12-24T09:57:16.426+0000] {logging_mixin.py:188} INFO - [2025-12-24T09:57:16.426+0000] {dagbag.py:545} INFO - Filling up the DagBag from /opt/airflow/dags/main.py
[2025-12-24T09:57:16.547+0000] {processor.py:840} INFO - DAG(s) 'update_db', 'youtube_video_stats' retrieved from /opt/airflow/dags/main.py
[2025-12-24T09:57:16.585+0000] {logging_mixin.py:188} INFO - [2025-12-24T09:57:16.584+0000] {dag.py:3096} INFO - Sync 2 DAGs
[2025-12-24T09:57:16.627+0000] {logging_mixin.py:188} INFO - [2025-12-24T09:57:16.626+0000] {dag.py:3954} INFO - Setting next_dagrun for update_db to 2025-12-23 15:00:00+00:00, run_after=2025-12-24 15:00:00+00:00
[2025-12-24T09:57:16.636+0000] {logging_mixin.py:188} INFO - [2025-12-24T09:57:16.636+0000] {dag.py:3954} INFO - Setting next_dagrun for youtube_video_stats to 2025-12-23 14:00:00+00:00, run_after=2025-12-24 14:00:00+00:00
[2025-12-24T09:57:16.661+0000] {processor.py:183} INFO - Processing /opt/airflow/dags/main.py took 0.249 seconds
[2025-12-24T09:57:46.890+0000] {processor.py:161} INFO - Started process (PID=13482) to work on /opt/airflow/dags/main.py
[2025-12-24T09:57:46.892+0000] {processor.py:830} INFO - Processing file /opt/airflow/dags/main.py for tasks to queue
[2025-12-24T09:57:46.893+0000] {logging_mixin.py:188} INFO - [2025-12-24T09:57:46.892+0000] {dagbag.py:545} INFO - Filling up the DagBag from /opt/airflow/dags/main.py
[2025-12-24T09:57:46.987+0000] {processor.py:840} INFO - DAG(s) 'youtube_video_stats', 'update_db' retrieved from /opt/airflow/dags/main.py
[2025-12-24T09:57:47.019+0000] {logging_mixin.py:188} INFO - [2025-12-24T09:57:47.019+0000] {dag.py:3096} INFO - Sync 2 DAGs
[2025-12-24T09:57:47.044+0000] {logging_mixin.py:188} INFO - [2025-12-24T09:57:47.044+0000] {dag.py:3954} INFO - Setting next_dagrun for update_db to 2025-12-23 15:00:00+00:00, run_after=2025-12-24 15:00:00+00:00
[2025-12-24T09:57:47.050+0000] {logging_mixin.py:188} INFO - [2025-12-24T09:57:47.050+0000] {dag.py:3954} INFO - Setting next_dagrun for youtube_video_stats to 2025-12-23 14:00:00+00:00, run_after=2025-12-24 14:00:00+00:00
[2025-12-24T09:57:47.071+0000] {processor.py:183} INFO - Processing /opt/airflow/dags/main.py took 0.186 seconds
[2025-12-24T09:58:17.298+0000] {processor.py:161} INFO - Started process (PID=13489) to work on /opt/airflow/dags/main.py
[2025-12-24T09:58:17.299+0000] {processor.py:830} INFO - Processing file /opt/airflow/dags/main.py for tasks to queue
[2025-12-24T09:58:17.299+0000] {logging_mixin.py:188} INFO - [2025-12-24T09:58:17.299+0000] {dagbag.py:545} INFO - Filling up the DagBag from /opt/airflow/dags/main.py
[2025-12-24T09:58:17.371+0000] {processor.py:840} INFO - DAG(s) 'youtube_video_stats', 'update_db' retrieved from /opt/airflow/dags/main.py
[2025-12-24T09:58:17.397+0000] {logging_mixin.py:188} INFO - [2025-12-24T09:58:17.396+0000] {dag.py:3096} INFO - Sync 2 DAGs
[2025-12-24T09:58:17.421+0000] {logging_mixin.py:188} INFO - [2025-12-24T09:58:17.420+0000] {dag.py:3954} INFO - Setting next_dagrun for update_db to 2025-12-23 15:00:00+00:00, run_after=2025-12-24 15:00:00+00:00
[2025-12-24T09:58:17.425+0000] {logging_mixin.py:188} INFO - [2025-12-24T09:58:17.425+0000] {dag.py:3954} INFO - Setting next_dagrun for youtube_video_stats to 2025-12-23 14:00:00+00:00, run_after=2025-12-24 14:00:00+00:00
[2025-12-24T09:58:17.446+0000] {processor.py:183} INFO - Processing /opt/airflow/dags/main.py took 0.154 seconds
[2025-12-24T09:58:47.502+0000] {processor.py:161} INFO - Started process (PID=13496) to work on /opt/airflow/dags/main.py
[2025-12-24T09:58:47.503+0000] {processor.py:830} INFO - Processing file /opt/airflow/dags/main.py for tasks to queue
[2025-12-24T09:58:47.504+0000] {logging_mixin.py:188} INFO - [2025-12-24T09:58:47.504+0000] {dagbag.py:545} INFO - Filling up the DagBag from /opt/airflow/dags/main.py
[2025-12-24T09:58:47.582+0000] {processor.py:840} INFO - DAG(s) 'youtube_video_stats', 'update_db' retrieved from /opt/airflow/dags/main.py
[2025-12-24T09:58:47.612+0000] {logging_mixin.py:188} INFO - [2025-12-24T09:58:47.611+0000] {dag.py:3096} INFO - Sync 2 DAGs
[2025-12-24T09:58:47.632+0000] {logging_mixin.py:188} INFO - [2025-12-24T09:58:47.631+0000] {dag.py:3954} INFO - Setting next_dagrun for update_db to 2025-12-23 15:00:00+00:00, run_after=2025-12-24 15:00:00+00:00
[2025-12-24T09:58:47.636+0000] {logging_mixin.py:188} INFO - [2025-12-24T09:58:47.636+0000] {dag.py:3954} INFO - Setting next_dagrun for youtube_video_stats to 2025-12-23 14:00:00+00:00, run_after=2025-12-24 14:00:00+00:00
[2025-12-24T09:58:47.653+0000] {processor.py:183} INFO - Processing /opt/airflow/dags/main.py took 0.157 seconds
[2025-12-24T09:59:17.834+0000] {processor.py:161} INFO - Started process (PID=13503) to work on /opt/airflow/dags/main.py
[2025-12-24T09:59:17.837+0000] {processor.py:830} INFO - Processing file /opt/airflow/dags/main.py for tasks to queue
[2025-12-24T09:59:17.838+0000] {logging_mixin.py:188} INFO - [2025-12-24T09:59:17.838+0000] {dagbag.py:545} INFO - Filling up the DagBag from /opt/airflow/dags/main.py
[2025-12-24T09:59:17.923+0000] {processor.py:840} INFO - DAG(s) 'youtube_video_stats', 'update_db' retrieved from /opt/airflow/dags/main.py
[2025-12-24T09:59:17.956+0000] {logging_mixin.py:188} INFO - [2025-12-24T09:59:17.956+0000] {dag.py:3096} INFO - Sync 2 DAGs
[2025-12-24T09:59:17.977+0000] {logging_mixin.py:188} INFO - [2025-12-24T09:59:17.976+0000] {dag.py:3954} INFO - Setting next_dagrun for update_db to 2025-12-23 15:00:00+00:00, run_after=2025-12-24 15:00:00+00:00
[2025-12-24T09:59:17.985+0000] {logging_mixin.py:188} INFO - [2025-12-24T09:59:17.984+0000] {dag.py:3954} INFO - Setting next_dagrun for youtube_video_stats to 2025-12-23 14:00:00+00:00, run_after=2025-12-24 14:00:00+00:00
[2025-12-24T09:59:18.005+0000] {processor.py:183} INFO - Processing /opt/airflow/dags/main.py took 0.176 seconds
[2025-12-24T09:59:48.246+0000] {processor.py:161} INFO - Started process (PID=13510) to work on /opt/airflow/dags/main.py
[2025-12-24T09:59:48.247+0000] {processor.py:830} INFO - Processing file /opt/airflow/dags/main.py for tasks to queue
[2025-12-24T09:59:48.248+0000] {logging_mixin.py:188} INFO - [2025-12-24T09:59:48.248+0000] {dagbag.py:545} INFO - Filling up the DagBag from /opt/airflow/dags/main.py
[2025-12-24T09:59:48.356+0000] {processor.py:840} INFO - DAG(s) 'update_db', 'youtube_video_stats' retrieved from /opt/airflow/dags/main.py
[2025-12-24T09:59:48.390+0000] {logging_mixin.py:188} INFO - [2025-12-24T09:59:48.389+0000] {dag.py:3096} INFO - Sync 2 DAGs
[2025-12-24T09:59:48.420+0000] {logging_mixin.py:188} INFO - [2025-12-24T09:59:48.419+0000] {dag.py:3954} INFO - Setting next_dagrun for update_db to 2025-12-23 15:00:00+00:00, run_after=2025-12-24 15:00:00+00:00
[2025-12-24T09:59:48.426+0000] {logging_mixin.py:188} INFO - [2025-12-24T09:59:48.426+0000] {dag.py:3954} INFO - Setting next_dagrun for youtube_video_stats to 2025-12-23 14:00:00+00:00, run_after=2025-12-24 14:00:00+00:00
[2025-12-24T09:59:48.445+0000] {processor.py:183} INFO - Processing /opt/airflow/dags/main.py took 0.210 seconds
[2025-12-24T10:00:18.646+0000] {processor.py:161} INFO - Started process (PID=13517) to work on /opt/airflow/dags/main.py
[2025-12-24T10:00:18.647+0000] {processor.py:830} INFO - Processing file /opt/airflow/dags/main.py for tasks to queue
[2025-12-24T10:00:18.648+0000] {logging_mixin.py:188} INFO - [2025-12-24T10:00:18.647+0000] {dagbag.py:545} INFO - Filling up the DagBag from /opt/airflow/dags/main.py
[2025-12-24T10:00:18.717+0000] {processor.py:840} INFO - DAG(s) 'youtube_video_stats', 'update_db' retrieved from /opt/airflow/dags/main.py
[2025-12-24T10:00:18.743+0000] {logging_mixin.py:188} INFO - [2025-12-24T10:00:18.743+0000] {dag.py:3096} INFO - Sync 2 DAGs
[2025-12-24T10:00:18.762+0000] {logging_mixin.py:188} INFO - [2025-12-24T10:00:18.762+0000] {dag.py:3954} INFO - Setting next_dagrun for update_db to 2025-12-23 15:00:00+00:00, run_after=2025-12-24 15:00:00+00:00
[2025-12-24T10:00:18.768+0000] {logging_mixin.py:188} INFO - [2025-12-24T10:00:18.768+0000] {dag.py:3954} INFO - Setting next_dagrun for youtube_video_stats to 2025-12-23 14:00:00+00:00, run_after=2025-12-24 14:00:00+00:00
[2025-12-24T10:00:18.789+0000] {processor.py:183} INFO - Processing /opt/airflow/dags/main.py took 0.149 seconds
[2025-12-24T10:00:48.898+0000] {processor.py:161} INFO - Started process (PID=13524) to work on /opt/airflow/dags/main.py
[2025-12-24T10:00:48.900+0000] {processor.py:830} INFO - Processing file /opt/airflow/dags/main.py for tasks to queue
[2025-12-24T10:00:48.902+0000] {logging_mixin.py:188} INFO - [2025-12-24T10:00:48.901+0000] {dagbag.py:545} INFO - Filling up the DagBag from /opt/airflow/dags/main.py
[2025-12-24T10:00:49.139+0000] {processor.py:840} INFO - DAG(s) 'update_db', 'youtube_video_stats' retrieved from /opt/airflow/dags/main.py
[2025-12-24T10:00:49.273+0000] {logging_mixin.py:188} INFO - [2025-12-24T10:00:49.273+0000] {dag.py:3096} INFO - Sync 2 DAGs
[2025-12-24T10:00:49.383+0000] {logging_mixin.py:188} INFO - [2025-12-24T10:00:49.383+0000] {dag.py:3954} INFO - Setting next_dagrun for update_db to 2025-12-23 15:00:00+00:00, run_after=2025-12-24 15:00:00+00:00
[2025-12-24T10:00:49.404+0000] {logging_mixin.py:188} INFO - [2025-12-24T10:00:49.403+0000] {dag.py:3954} INFO - Setting next_dagrun for youtube_video_stats to 2025-12-23 14:00:00+00:00, run_after=2025-12-24 14:00:00+00:00
[2025-12-24T10:00:49.478+0000] {processor.py:183} INFO - Processing /opt/airflow/dags/main.py took 0.593 seconds
[2025-12-24T10:01:19.712+0000] {processor.py:161} INFO - Started process (PID=13531) to work on /opt/airflow/dags/main.py
[2025-12-24T10:01:19.715+0000] {processor.py:830} INFO - Processing file /opt/airflow/dags/main.py for tasks to queue
[2025-12-24T10:01:19.716+0000] {logging_mixin.py:188} INFO - [2025-12-24T10:01:19.716+0000] {dagbag.py:545} INFO - Filling up the DagBag from /opt/airflow/dags/main.py
[2025-12-24T10:01:19.883+0000] {processor.py:840} INFO - DAG(s) 'youtube_video_stats', 'update_db' retrieved from /opt/airflow/dags/main.py
[2025-12-24T10:01:19.938+0000] {logging_mixin.py:188} INFO - [2025-12-24T10:01:19.937+0000] {dag.py:3096} INFO - Sync 2 DAGs
[2025-12-24T10:01:19.972+0000] {logging_mixin.py:188} INFO - [2025-12-24T10:01:19.972+0000] {dag.py:3954} INFO - Setting next_dagrun for update_db to 2025-12-23 15:00:00+00:00, run_after=2025-12-24 15:00:00+00:00
[2025-12-24T10:01:19.982+0000] {logging_mixin.py:188} INFO - [2025-12-24T10:01:19.981+0000] {dag.py:3954} INFO - Setting next_dagrun for youtube_video_stats to 2025-12-23 14:00:00+00:00, run_after=2025-12-24 14:00:00+00:00
[2025-12-24T10:01:20.007+0000] {processor.py:183} INFO - Processing /opt/airflow/dags/main.py took 0.304 seconds
[2025-12-24T10:01:50.209+0000] {processor.py:161} INFO - Started process (PID=13538) to work on /opt/airflow/dags/main.py
[2025-12-24T10:01:50.210+0000] {processor.py:830} INFO - Processing file /opt/airflow/dags/main.py for tasks to queue
[2025-12-24T10:01:50.215+0000] {logging_mixin.py:188} INFO - [2025-12-24T10:01:50.214+0000] {dagbag.py:545} INFO - Filling up the DagBag from /opt/airflow/dags/main.py
[2025-12-24T10:01:50.310+0000] {processor.py:840} INFO - DAG(s) 'update_db', 'youtube_video_stats' retrieved from /opt/airflow/dags/main.py
[2025-12-24T10:01:50.341+0000] {logging_mixin.py:188} INFO - [2025-12-24T10:01:50.340+0000] {dag.py:3096} INFO - Sync 2 DAGs
[2025-12-24T10:01:50.359+0000] {logging_mixin.py:188} INFO - [2025-12-24T10:01:50.359+0000] {dag.py:3954} INFO - Setting next_dagrun for update_db to 2025-12-23 15:00:00+00:00, run_after=2025-12-24 15:00:00+00:00
[2025-12-24T10:01:50.365+0000] {logging_mixin.py:188} INFO - [2025-12-24T10:01:50.364+0000] {dag.py:3954} INFO - Setting next_dagrun for youtube_video_stats to 2025-12-23 14:00:00+00:00, run_after=2025-12-24 14:00:00+00:00
[2025-12-24T10:01:50.382+0000] {processor.py:183} INFO - Processing /opt/airflow/dags/main.py took 0.180 seconds
[2025-12-24T10:02:20.515+0000] {processor.py:161} INFO - Started process (PID=13545) to work on /opt/airflow/dags/main.py
[2025-12-24T10:02:20.516+0000] {processor.py:830} INFO - Processing file /opt/airflow/dags/main.py for tasks to queue
[2025-12-24T10:02:20.517+0000] {logging_mixin.py:188} INFO - [2025-12-24T10:02:20.517+0000] {dagbag.py:545} INFO - Filling up the DagBag from /opt/airflow/dags/main.py
[2025-12-24T10:02:20.605+0000] {processor.py:840} INFO - DAG(s) 'youtube_video_stats', 'update_db' retrieved from /opt/airflow/dags/main.py
[2025-12-24T10:02:20.637+0000] {logging_mixin.py:188} INFO - [2025-12-24T10:02:20.637+0000] {dag.py:3096} INFO - Sync 2 DAGs
[2025-12-24T10:02:20.658+0000] {logging_mixin.py:188} INFO - [2025-12-24T10:02:20.657+0000] {dag.py:3954} INFO - Setting next_dagrun for update_db to 2025-12-23 15:00:00+00:00, run_after=2025-12-24 15:00:00+00:00
[2025-12-24T10:02:20.664+0000] {logging_mixin.py:188} INFO - [2025-12-24T10:02:20.663+0000] {dag.py:3954} INFO - Setting next_dagrun for youtube_video_stats to 2025-12-23 14:00:00+00:00, run_after=2025-12-24 14:00:00+00:00
[2025-12-24T10:02:20.684+0000] {processor.py:183} INFO - Processing /opt/airflow/dags/main.py took 0.175 seconds
[2025-12-24T10:02:50.779+0000] {processor.py:161} INFO - Started process (PID=13552) to work on /opt/airflow/dags/main.py
[2025-12-24T10:02:50.780+0000] {processor.py:830} INFO - Processing file /opt/airflow/dags/main.py for tasks to queue
[2025-12-24T10:02:50.781+0000] {logging_mixin.py:188} INFO - [2025-12-24T10:02:50.781+0000] {dagbag.py:545} INFO - Filling up the DagBag from /opt/airflow/dags/main.py
[2025-12-24T10:02:50.852+0000] {processor.py:840} INFO - DAG(s) 'youtube_video_stats', 'update_db' retrieved from /opt/airflow/dags/main.py
[2025-12-24T10:02:50.880+0000] {logging_mixin.py:188} INFO - [2025-12-24T10:02:50.880+0000] {dag.py:3096} INFO - Sync 2 DAGs
[2025-12-24T10:02:50.901+0000] {logging_mixin.py:188} INFO - [2025-12-24T10:02:50.901+0000] {dag.py:3954} INFO - Setting next_dagrun for update_db to 2025-12-23 15:00:00+00:00, run_after=2025-12-24 15:00:00+00:00
[2025-12-24T10:02:50.907+0000] {logging_mixin.py:188} INFO - [2025-12-24T10:02:50.907+0000] {dag.py:3954} INFO - Setting next_dagrun for youtube_video_stats to 2025-12-23 14:00:00+00:00, run_after=2025-12-24 14:00:00+00:00
[2025-12-24T10:02:50.931+0000] {processor.py:183} INFO - Processing /opt/airflow/dags/main.py took 0.157 seconds
[2025-12-24T10:03:21.080+0000] {processor.py:161} INFO - Started process (PID=13559) to work on /opt/airflow/dags/main.py
[2025-12-24T10:03:21.081+0000] {processor.py:830} INFO - Processing file /opt/airflow/dags/main.py for tasks to queue
[2025-12-24T10:03:21.082+0000] {logging_mixin.py:188} INFO - [2025-12-24T10:03:21.082+0000] {dagbag.py:545} INFO - Filling up the DagBag from /opt/airflow/dags/main.py
[2025-12-24T10:03:21.160+0000] {processor.py:840} INFO - DAG(s) 'update_db', 'youtube_video_stats' retrieved from /opt/airflow/dags/main.py
[2025-12-24T10:03:21.189+0000] {logging_mixin.py:188} INFO - [2025-12-24T10:03:21.189+0000] {dag.py:3096} INFO - Sync 2 DAGs
[2025-12-24T10:03:21.208+0000] {logging_mixin.py:188} INFO - [2025-12-24T10:03:21.208+0000] {dag.py:3954} INFO - Setting next_dagrun for update_db to 2025-12-23 15:00:00+00:00, run_after=2025-12-24 15:00:00+00:00
[2025-12-24T10:03:21.214+0000] {logging_mixin.py:188} INFO - [2025-12-24T10:03:21.214+0000] {dag.py:3954} INFO - Setting next_dagrun for youtube_video_stats to 2025-12-23 14:00:00+00:00, run_after=2025-12-24 14:00:00+00:00
[2025-12-24T10:03:21.230+0000] {processor.py:183} INFO - Processing /opt/airflow/dags/main.py took 0.155 seconds
[2025-12-24T10:03:51.313+0000] {processor.py:161} INFO - Started process (PID=13566) to work on /opt/airflow/dags/main.py
[2025-12-24T10:03:51.314+0000] {processor.py:830} INFO - Processing file /opt/airflow/dags/main.py for tasks to queue
[2025-12-24T10:03:51.315+0000] {logging_mixin.py:188} INFO - [2025-12-24T10:03:51.314+0000] {dagbag.py:545} INFO - Filling up the DagBag from /opt/airflow/dags/main.py
[2025-12-24T10:03:51.385+0000] {processor.py:840} INFO - DAG(s) 'update_db', 'youtube_video_stats' retrieved from /opt/airflow/dags/main.py
[2025-12-24T10:03:51.416+0000] {logging_mixin.py:188} INFO - [2025-12-24T10:03:51.415+0000] {dag.py:3096} INFO - Sync 2 DAGs
[2025-12-24T10:03:51.440+0000] {logging_mixin.py:188} INFO - [2025-12-24T10:03:51.439+0000] {dag.py:3954} INFO - Setting next_dagrun for update_db to 2025-12-23 15:00:00+00:00, run_after=2025-12-24 15:00:00+00:00
[2025-12-24T10:03:51.445+0000] {logging_mixin.py:188} INFO - [2025-12-24T10:03:51.445+0000] {dag.py:3954} INFO - Setting next_dagrun for youtube_video_stats to 2025-12-23 14:00:00+00:00, run_after=2025-12-24 14:00:00+00:00
[2025-12-24T10:03:51.468+0000] {processor.py:183} INFO - Processing /opt/airflow/dags/main.py took 0.161 seconds
[2025-12-24T10:04:21.617+0000] {processor.py:161} INFO - Started process (PID=13573) to work on /opt/airflow/dags/main.py
[2025-12-24T10:04:21.618+0000] {processor.py:830} INFO - Processing file /opt/airflow/dags/main.py for tasks to queue
[2025-12-24T10:04:21.620+0000] {logging_mixin.py:188} INFO - [2025-12-24T10:04:21.619+0000] {dagbag.py:545} INFO - Filling up the DagBag from /opt/airflow/dags/main.py
[2025-12-24T10:04:21.695+0000] {processor.py:840} INFO - DAG(s) 'update_db', 'youtube_video_stats' retrieved from /opt/airflow/dags/main.py
[2025-12-24T10:04:21.725+0000] {logging_mixin.py:188} INFO - [2025-12-24T10:04:21.725+0000] {dag.py:3096} INFO - Sync 2 DAGs
[2025-12-24T10:04:21.745+0000] {logging_mixin.py:188} INFO - [2025-12-24T10:04:21.744+0000] {dag.py:3954} INFO - Setting next_dagrun for update_db to 2025-12-23 15:00:00+00:00, run_after=2025-12-24 15:00:00+00:00
[2025-12-24T10:04:21.750+0000] {logging_mixin.py:188} INFO - [2025-12-24T10:04:21.750+0000] {dag.py:3954} INFO - Setting next_dagrun for youtube_video_stats to 2025-12-23 14:00:00+00:00, run_after=2025-12-24 14:00:00+00:00
[2025-12-24T10:04:21.768+0000] {processor.py:183} INFO - Processing /opt/airflow/dags/main.py took 0.156 seconds
[2025-12-24T10:04:51.857+0000] {processor.py:161} INFO - Started process (PID=13580) to work on /opt/airflow/dags/main.py
[2025-12-24T10:04:51.858+0000] {processor.py:830} INFO - Processing file /opt/airflow/dags/main.py for tasks to queue
[2025-12-24T10:04:51.859+0000] {logging_mixin.py:188} INFO - [2025-12-24T10:04:51.858+0000] {dagbag.py:545} INFO - Filling up the DagBag from /opt/airflow/dags/main.py
[2025-12-24T10:04:51.943+0000] {processor.py:840} INFO - DAG(s) 'update_db', 'youtube_video_stats' retrieved from /opt/airflow/dags/main.py
[2025-12-24T10:04:51.971+0000] {logging_mixin.py:188} INFO - [2025-12-24T10:04:51.971+0000] {dag.py:3096} INFO - Sync 2 DAGs
[2025-12-24T10:04:51.992+0000] {logging_mixin.py:188} INFO - [2025-12-24T10:04:51.992+0000] {dag.py:3954} INFO - Setting next_dagrun for update_db to 2025-12-23 15:00:00+00:00, run_after=2025-12-24 15:00:00+00:00
[2025-12-24T10:04:51.997+0000] {logging_mixin.py:188} INFO - [2025-12-24T10:04:51.996+0000] {dag.py:3954} INFO - Setting next_dagrun for youtube_video_stats to 2025-12-23 14:00:00+00:00, run_after=2025-12-24 14:00:00+00:00
[2025-12-24T10:04:52.014+0000] {processor.py:183} INFO - Processing /opt/airflow/dags/main.py took 0.162 seconds
[2025-12-24T10:05:22.171+0000] {processor.py:161} INFO - Started process (PID=13587) to work on /opt/airflow/dags/main.py
[2025-12-24T10:05:22.172+0000] {processor.py:830} INFO - Processing file /opt/airflow/dags/main.py for tasks to queue
[2025-12-24T10:05:22.175+0000] {logging_mixin.py:188} INFO - [2025-12-24T10:05:22.173+0000] {dagbag.py:545} INFO - Filling up the DagBag from /opt/airflow/dags/main.py
[2025-12-24T10:05:22.317+0000] {processor.py:840} INFO - DAG(s) 'youtube_video_stats', 'update_db' retrieved from /opt/airflow/dags/main.py
[2025-12-24T10:05:22.377+0000] {logging_mixin.py:188} INFO - [2025-12-24T10:05:22.376+0000] {dag.py:3096} INFO - Sync 2 DAGs
[2025-12-24T10:05:22.407+0000] {logging_mixin.py:188} INFO - [2025-12-24T10:05:22.407+0000] {dag.py:3954} INFO - Setting next_dagrun for update_db to 2025-12-23 15:00:00+00:00, run_after=2025-12-24 15:00:00+00:00
[2025-12-24T10:05:22.414+0000] {logging_mixin.py:188} INFO - [2025-12-24T10:05:22.414+0000] {dag.py:3954} INFO - Setting next_dagrun for youtube_video_stats to 2025-12-23 14:00:00+00:00, run_after=2025-12-24 14:00:00+00:00
[2025-12-24T10:05:22.444+0000] {processor.py:183} INFO - Processing /opt/airflow/dags/main.py took 0.281 seconds
[2025-12-24T10:05:52.722+0000] {processor.py:161} INFO - Started process (PID=13594) to work on /opt/airflow/dags/main.py
[2025-12-24T10:05:52.724+0000] {processor.py:830} INFO - Processing file /opt/airflow/dags/main.py for tasks to queue
[2025-12-24T10:05:52.725+0000] {logging_mixin.py:188} INFO - [2025-12-24T10:05:52.725+0000] {dagbag.py:545} INFO - Filling up the DagBag from /opt/airflow/dags/main.py
[2025-12-24T10:05:52.813+0000] {processor.py:840} INFO - DAG(s) 'update_db', 'youtube_video_stats' retrieved from /opt/airflow/dags/main.py
[2025-12-24T10:05:52.843+0000] {logging_mixin.py:188} INFO - [2025-12-24T10:05:52.842+0000] {dag.py:3096} INFO - Sync 2 DAGs
[2025-12-24T10:05:52.864+0000] {logging_mixin.py:188} INFO - [2025-12-24T10:05:52.864+0000] {dag.py:3954} INFO - Setting next_dagrun for update_db to 2025-12-23 15:00:00+00:00, run_after=2025-12-24 15:00:00+00:00
[2025-12-24T10:05:52.870+0000] {logging_mixin.py:188} INFO - [2025-12-24T10:05:52.870+0000] {dag.py:3954} INFO - Setting next_dagrun for youtube_video_stats to 2025-12-23 14:00:00+00:00, run_after=2025-12-24 14:00:00+00:00
[2025-12-24T10:05:53.073+0000] {processor.py:183} INFO - Processing /opt/airflow/dags/main.py took 0.358 seconds
[2025-12-24T10:06:23.283+0000] {processor.py:161} INFO - Started process (PID=13601) to work on /opt/airflow/dags/main.py
[2025-12-24T10:06:23.284+0000] {processor.py:830} INFO - Processing file /opt/airflow/dags/main.py for tasks to queue
[2025-12-24T10:06:23.285+0000] {logging_mixin.py:188} INFO - [2025-12-24T10:06:23.285+0000] {dagbag.py:545} INFO - Filling up the DagBag from /opt/airflow/dags/main.py
[2025-12-24T10:06:23.354+0000] {processor.py:840} INFO - DAG(s) 'youtube_video_stats', 'update_db' retrieved from /opt/airflow/dags/main.py
[2025-12-24T10:06:23.384+0000] {logging_mixin.py:188} INFO - [2025-12-24T10:06:23.384+0000] {dag.py:3096} INFO - Sync 2 DAGs
[2025-12-24T10:06:23.408+0000] {logging_mixin.py:188} INFO - [2025-12-24T10:06:23.408+0000] {dag.py:3954} INFO - Setting next_dagrun for update_db to 2025-12-23 15:00:00+00:00, run_after=2025-12-24 15:00:00+00:00
[2025-12-24T10:06:23.414+0000] {logging_mixin.py:188} INFO - [2025-12-24T10:06:23.414+0000] {dag.py:3954} INFO - Setting next_dagrun for youtube_video_stats to 2025-12-23 14:00:00+00:00, run_after=2025-12-24 14:00:00+00:00
[2025-12-24T10:06:23.434+0000] {processor.py:183} INFO - Processing /opt/airflow/dags/main.py took 0.156 seconds
[2025-12-24T10:06:53.602+0000] {processor.py:161} INFO - Started process (PID=13608) to work on /opt/airflow/dags/main.py
[2025-12-24T10:06:53.604+0000] {processor.py:830} INFO - Processing file /opt/airflow/dags/main.py for tasks to queue
[2025-12-24T10:06:53.605+0000] {logging_mixin.py:188} INFO - [2025-12-24T10:06:53.604+0000] {dagbag.py:545} INFO - Filling up the DagBag from /opt/airflow/dags/main.py
[2025-12-24T10:06:53.681+0000] {processor.py:840} INFO - DAG(s) 'youtube_video_stats', 'update_db' retrieved from /opt/airflow/dags/main.py
[2025-12-24T10:06:53.711+0000] {logging_mixin.py:188} INFO - [2025-12-24T10:06:53.711+0000] {dag.py:3096} INFO - Sync 2 DAGs
[2025-12-24T10:06:53.734+0000] {logging_mixin.py:188} INFO - [2025-12-24T10:06:53.734+0000] {dag.py:3954} INFO - Setting next_dagrun for update_db to 2025-12-23 15:00:00+00:00, run_after=2025-12-24 15:00:00+00:00
[2025-12-24T10:06:53.739+0000] {logging_mixin.py:188} INFO - [2025-12-24T10:06:53.738+0000] {dag.py:3954} INFO - Setting next_dagrun for youtube_video_stats to 2025-12-23 14:00:00+00:00, run_after=2025-12-24 14:00:00+00:00
[2025-12-24T10:06:53.756+0000] {processor.py:183} INFO - Processing /opt/airflow/dags/main.py took 0.159 seconds
[2025-12-24T10:07:23.902+0000] {processor.py:161} INFO - Started process (PID=13615) to work on /opt/airflow/dags/main.py
[2025-12-24T10:07:23.903+0000] {processor.py:830} INFO - Processing file /opt/airflow/dags/main.py for tasks to queue
[2025-12-24T10:07:23.905+0000] {logging_mixin.py:188} INFO - [2025-12-24T10:07:23.904+0000] {dagbag.py:545} INFO - Filling up the DagBag from /opt/airflow/dags/main.py
[2025-12-24T10:07:23.989+0000] {processor.py:840} INFO - DAG(s) 'update_db', 'youtube_video_stats' retrieved from /opt/airflow/dags/main.py
[2025-12-24T10:07:24.019+0000] {logging_mixin.py:188} INFO - [2025-12-24T10:07:24.018+0000] {dag.py:3096} INFO - Sync 2 DAGs
[2025-12-24T10:07:24.039+0000] {logging_mixin.py:188} INFO - [2025-12-24T10:07:24.038+0000] {dag.py:3954} INFO - Setting next_dagrun for update_db to 2025-12-23 15:00:00+00:00, run_after=2025-12-24 15:00:00+00:00
[2025-12-24T10:07:24.043+0000] {logging_mixin.py:188} INFO - [2025-12-24T10:07:24.043+0000] {dag.py:3954} INFO - Setting next_dagrun for youtube_video_stats to 2025-12-23 14:00:00+00:00, run_after=2025-12-24 14:00:00+00:00
[2025-12-24T10:07:24.061+0000] {processor.py:183} INFO - Processing /opt/airflow/dags/main.py took 0.165 seconds
[2025-12-24T10:07:54.129+0000] {processor.py:161} INFO - Started process (PID=13622) to work on /opt/airflow/dags/main.py
[2025-12-24T10:07:54.130+0000] {processor.py:830} INFO - Processing file /opt/airflow/dags/main.py for tasks to queue
[2025-12-24T10:07:54.131+0000] {logging_mixin.py:188} INFO - [2025-12-24T10:07:54.130+0000] {dagbag.py:545} INFO - Filling up the DagBag from /opt/airflow/dags/main.py
[2025-12-24T10:07:54.204+0000] {processor.py:840} INFO - DAG(s) 'youtube_video_stats', 'update_db' retrieved from /opt/airflow/dags/main.py
[2025-12-24T10:07:54.231+0000] {logging_mixin.py:188} INFO - [2025-12-24T10:07:54.230+0000] {dag.py:3096} INFO - Sync 2 DAGs
[2025-12-24T10:07:54.249+0000] {logging_mixin.py:188} INFO - [2025-12-24T10:07:54.249+0000] {dag.py:3954} INFO - Setting next_dagrun for update_db to 2025-12-23 15:00:00+00:00, run_after=2025-12-24 15:00:00+00:00
[2025-12-24T10:07:54.254+0000] {logging_mixin.py:188} INFO - [2025-12-24T10:07:54.254+0000] {dag.py:3954} INFO - Setting next_dagrun for youtube_video_stats to 2025-12-23 14:00:00+00:00, run_after=2025-12-24 14:00:00+00:00
[2025-12-24T10:07:54.272+0000] {processor.py:183} INFO - Processing /opt/airflow/dags/main.py took 0.150 seconds
[2025-12-24T10:08:24.447+0000] {processor.py:161} INFO - Started process (PID=13629) to work on /opt/airflow/dags/main.py
[2025-12-24T10:08:24.448+0000] {processor.py:830} INFO - Processing file /opt/airflow/dags/main.py for tasks to queue
[2025-12-24T10:08:24.449+0000] {logging_mixin.py:188} INFO - [2025-12-24T10:08:24.449+0000] {dagbag.py:545} INFO - Filling up the DagBag from /opt/airflow/dags/main.py
[2025-12-24T10:08:24.517+0000] {processor.py:840} INFO - DAG(s) 'update_db', 'youtube_video_stats' retrieved from /opt/airflow/dags/main.py
[2025-12-24T10:08:24.544+0000] {logging_mixin.py:188} INFO - [2025-12-24T10:08:24.544+0000] {dag.py:3096} INFO - Sync 2 DAGs
[2025-12-24T10:08:24.564+0000] {logging_mixin.py:188} INFO - [2025-12-24T10:08:24.564+0000] {dag.py:3954} INFO - Setting next_dagrun for update_db to 2025-12-23 15:00:00+00:00, run_after=2025-12-24 15:00:00+00:00
[2025-12-24T10:08:24.570+0000] {logging_mixin.py:188} INFO - [2025-12-24T10:08:24.570+0000] {dag.py:3954} INFO - Setting next_dagrun for youtube_video_stats to 2025-12-23 14:00:00+00:00, run_after=2025-12-24 14:00:00+00:00
[2025-12-24T10:08:24.590+0000] {processor.py:183} INFO - Processing /opt/airflow/dags/main.py took 0.148 seconds
[2025-12-24T10:08:54.643+0000] {processor.py:161} INFO - Started process (PID=13636) to work on /opt/airflow/dags/main.py
[2025-12-24T10:08:54.644+0000] {processor.py:830} INFO - Processing file /opt/airflow/dags/main.py for tasks to queue
[2025-12-24T10:08:54.645+0000] {logging_mixin.py:188} INFO - [2025-12-24T10:08:54.645+0000] {dagbag.py:545} INFO - Filling up the DagBag from /opt/airflow/dags/main.py
[2025-12-24T10:08:54.821+0000] {processor.py:840} INFO - DAG(s) 'youtube_video_stats', 'update_db' retrieved from /opt/airflow/dags/main.py
[2025-12-24T10:08:54.885+0000] {logging_mixin.py:188} INFO - [2025-12-24T10:08:54.884+0000] {dag.py:3096} INFO - Sync 2 DAGs
[2025-12-24T10:08:54.935+0000] {logging_mixin.py:188} INFO - [2025-12-24T10:08:54.934+0000] {dag.py:3954} INFO - Setting next_dagrun for update_db to 2025-12-23 15:00:00+00:00, run_after=2025-12-24 15:00:00+00:00
[2025-12-24T10:08:54.956+0000] {logging_mixin.py:188} INFO - [2025-12-24T10:08:54.956+0000] {dag.py:3954} INFO - Setting next_dagrun for youtube_video_stats to 2025-12-23 14:00:00+00:00, run_after=2025-12-24 14:00:00+00:00
[2025-12-24T10:08:55.025+0000] {processor.py:183} INFO - Processing /opt/airflow/dags/main.py took 0.389 seconds
[2025-12-24T10:09:25.278+0000] {processor.py:161} INFO - Started process (PID=13643) to work on /opt/airflow/dags/main.py
[2025-12-24T10:09:25.280+0000] {processor.py:830} INFO - Processing file /opt/airflow/dags/main.py for tasks to queue
[2025-12-24T10:09:25.282+0000] {logging_mixin.py:188} INFO - [2025-12-24T10:09:25.281+0000] {dagbag.py:545} INFO - Filling up the DagBag from /opt/airflow/dags/main.py
[2025-12-24T10:09:25.553+0000] {processor.py:840} INFO - DAG(s) 'update_db', 'youtube_video_stats' retrieved from /opt/airflow/dags/main.py
[2025-12-24T10:09:25.668+0000] {logging_mixin.py:188} INFO - [2025-12-24T10:09:25.667+0000] {dag.py:3096} INFO - Sync 2 DAGs
[2025-12-24T10:09:25.741+0000] {logging_mixin.py:188} INFO - [2025-12-24T10:09:25.741+0000] {dag.py:3954} INFO - Setting next_dagrun for update_db to 2025-12-23 15:00:00+00:00, run_after=2025-12-24 15:00:00+00:00
[2025-12-24T10:09:25.760+0000] {logging_mixin.py:188} INFO - [2025-12-24T10:09:25.760+0000] {dag.py:3954} INFO - Setting next_dagrun for youtube_video_stats to 2025-12-23 14:00:00+00:00, run_after=2025-12-24 14:00:00+00:00
[2025-12-24T10:09:25.812+0000] {processor.py:183} INFO - Processing /opt/airflow/dags/main.py took 0.560 seconds
[2025-12-24T10:09:56.055+0000] {processor.py:161} INFO - Started process (PID=13650) to work on /opt/airflow/dags/main.py
[2025-12-24T10:09:56.056+0000] {processor.py:830} INFO - Processing file /opt/airflow/dags/main.py for tasks to queue
[2025-12-24T10:09:56.057+0000] {logging_mixin.py:188} INFO - [2025-12-24T10:09:56.057+0000] {dagbag.py:545} INFO - Filling up the DagBag from /opt/airflow/dags/main.py
[2025-12-24T10:09:56.140+0000] {processor.py:840} INFO - DAG(s) 'update_db', 'youtube_video_stats' retrieved from /opt/airflow/dags/main.py
[2025-12-24T10:09:56.169+0000] {logging_mixin.py:188} INFO - [2025-12-24T10:09:56.169+0000] {dag.py:3096} INFO - Sync 2 DAGs
[2025-12-24T10:09:56.190+0000] {logging_mixin.py:188} INFO - [2025-12-24T10:09:56.190+0000] {dag.py:3954} INFO - Setting next_dagrun for update_db to 2025-12-23 15:00:00+00:00, run_after=2025-12-24 15:00:00+00:00
[2025-12-24T10:09:56.196+0000] {logging_mixin.py:188} INFO - [2025-12-24T10:09:56.195+0000] {dag.py:3954} INFO - Setting next_dagrun for youtube_video_stats to 2025-12-23 14:00:00+00:00, run_after=2025-12-24 14:00:00+00:00
[2025-12-24T10:09:56.218+0000] {processor.py:183} INFO - Processing /opt/airflow/dags/main.py took 0.169 seconds
[2025-12-24T10:10:26.439+0000] {processor.py:161} INFO - Started process (PID=13657) to work on /opt/airflow/dags/main.py
[2025-12-24T10:10:26.441+0000] {processor.py:830} INFO - Processing file /opt/airflow/dags/main.py for tasks to queue
[2025-12-24T10:10:26.443+0000] {logging_mixin.py:188} INFO - [2025-12-24T10:10:26.442+0000] {dagbag.py:545} INFO - Filling up the DagBag from /opt/airflow/dags/main.py
[2025-12-24T10:10:26.612+0000] {processor.py:840} INFO - DAG(s) 'update_db', 'youtube_video_stats' retrieved from /opt/airflow/dags/main.py
[2025-12-24T10:10:26.671+0000] {logging_mixin.py:188} INFO - [2025-12-24T10:10:26.671+0000] {dag.py:3096} INFO - Sync 2 DAGs
[2025-12-24T10:10:26.710+0000] {logging_mixin.py:188} INFO - [2025-12-24T10:10:26.710+0000] {dag.py:3954} INFO - Setting next_dagrun for update_db to 2025-12-23 15:00:00+00:00, run_after=2025-12-24 15:00:00+00:00
[2025-12-24T10:10:26.721+0000] {logging_mixin.py:188} INFO - [2025-12-24T10:10:26.721+0000] {dag.py:3954} INFO - Setting next_dagrun for youtube_video_stats to 2025-12-23 14:00:00+00:00, run_after=2025-12-24 14:00:00+00:00
[2025-12-24T10:10:26.760+0000] {processor.py:183} INFO - Processing /opt/airflow/dags/main.py took 0.337 seconds
[2025-12-24T10:10:56.973+0000] {processor.py:161} INFO - Started process (PID=13664) to work on /opt/airflow/dags/main.py
[2025-12-24T10:10:56.974+0000] {processor.py:830} INFO - Processing file /opt/airflow/dags/main.py for tasks to queue
[2025-12-24T10:10:56.975+0000] {logging_mixin.py:188} INFO - [2025-12-24T10:10:56.974+0000] {dagbag.py:545} INFO - Filling up the DagBag from /opt/airflow/dags/main.py
[2025-12-24T10:10:57.070+0000] {processor.py:840} INFO - DAG(s) 'youtube_video_stats', 'update_db' retrieved from /opt/airflow/dags/main.py
[2025-12-24T10:10:57.103+0000] {logging_mixin.py:188} INFO - [2025-12-24T10:10:57.102+0000] {dag.py:3096} INFO - Sync 2 DAGs
[2025-12-24T10:10:57.122+0000] {logging_mixin.py:188} INFO - [2025-12-24T10:10:57.122+0000] {dag.py:3954} INFO - Setting next_dagrun for update_db to 2025-12-23 15:00:00+00:00, run_after=2025-12-24 15:00:00+00:00
[2025-12-24T10:10:57.128+0000] {logging_mixin.py:188} INFO - [2025-12-24T10:10:57.128+0000] {dag.py:3954} INFO - Setting next_dagrun for youtube_video_stats to 2025-12-23 14:00:00+00:00, run_after=2025-12-24 14:00:00+00:00
[2025-12-24T10:10:57.147+0000] {processor.py:183} INFO - Processing /opt/airflow/dags/main.py took 0.180 seconds
[2025-12-24T10:11:27.357+0000] {processor.py:161} INFO - Started process (PID=13671) to work on /opt/airflow/dags/main.py
[2025-12-24T10:11:27.359+0000] {processor.py:830} INFO - Processing file /opt/airflow/dags/main.py for tasks to queue
[2025-12-24T10:11:27.360+0000] {logging_mixin.py:188} INFO - [2025-12-24T10:11:27.359+0000] {dagbag.py:545} INFO - Filling up the DagBag from /opt/airflow/dags/main.py
[2025-12-24T10:11:27.450+0000] {processor.py:840} INFO - DAG(s) 'update_db', 'youtube_video_stats' retrieved from /opt/airflow/dags/main.py
[2025-12-24T10:11:27.478+0000] {logging_mixin.py:188} INFO - [2025-12-24T10:11:27.478+0000] {dag.py:3096} INFO - Sync 2 DAGs
[2025-12-24T10:11:27.497+0000] {logging_mixin.py:188} INFO - [2025-12-24T10:11:27.497+0000] {dag.py:3954} INFO - Setting next_dagrun for update_db to 2025-12-23 15:00:00+00:00, run_after=2025-12-24 15:00:00+00:00
[2025-12-24T10:11:27.503+0000] {logging_mixin.py:188} INFO - [2025-12-24T10:11:27.503+0000] {dag.py:3954} INFO - Setting next_dagrun for youtube_video_stats to 2025-12-23 14:00:00+00:00, run_after=2025-12-24 14:00:00+00:00
[2025-12-24T10:11:27.521+0000] {processor.py:183} INFO - Processing /opt/airflow/dags/main.py took 0.172 seconds
[2025-12-24T10:11:57.594+0000] {processor.py:161} INFO - Started process (PID=13678) to work on /opt/airflow/dags/main.py
[2025-12-24T10:11:57.595+0000] {processor.py:830} INFO - Processing file /opt/airflow/dags/main.py for tasks to queue
[2025-12-24T10:11:57.596+0000] {logging_mixin.py:188} INFO - [2025-12-24T10:11:57.596+0000] {dagbag.py:545} INFO - Filling up the DagBag from /opt/airflow/dags/main.py
[2025-12-24T10:11:57.698+0000] {processor.py:840} INFO - DAG(s) 'update_db', 'youtube_video_stats' retrieved from /opt/airflow/dags/main.py
[2025-12-24T10:11:57.729+0000] {logging_mixin.py:188} INFO - [2025-12-24T10:11:57.729+0000] {dag.py:3096} INFO - Sync 2 DAGs
[2025-12-24T10:11:57.752+0000] {logging_mixin.py:188} INFO - [2025-12-24T10:11:57.752+0000] {dag.py:3954} INFO - Setting next_dagrun for update_db to 2025-12-23 15:00:00+00:00, run_after=2025-12-24 15:00:00+00:00
[2025-12-24T10:11:57.760+0000] {logging_mixin.py:188} INFO - [2025-12-24T10:11:57.759+0000] {dag.py:3954} INFO - Setting next_dagrun for youtube_video_stats to 2025-12-23 14:00:00+00:00, run_after=2025-12-24 14:00:00+00:00
[2025-12-24T10:11:57.782+0000] {processor.py:183} INFO - Processing /opt/airflow/dags/main.py took 0.195 seconds
[2025-12-24T10:12:28.080+0000] {processor.py:161} INFO - Started process (PID=13685) to work on /opt/airflow/dags/main.py
[2025-12-24T10:12:28.082+0000] {processor.py:830} INFO - Processing file /opt/airflow/dags/main.py for tasks to queue
[2025-12-24T10:12:28.083+0000] {logging_mixin.py:188} INFO - [2025-12-24T10:12:28.083+0000] {dagbag.py:545} INFO - Filling up the DagBag from /opt/airflow/dags/main.py
[2025-12-24T10:12:28.187+0000] {processor.py:840} INFO - DAG(s) 'update_db', 'youtube_video_stats' retrieved from /opt/airflow/dags/main.py
[2025-12-24T10:12:28.221+0000] {logging_mixin.py:188} INFO - [2025-12-24T10:12:28.221+0000] {dag.py:3096} INFO - Sync 2 DAGs
[2025-12-24T10:12:28.257+0000] {logging_mixin.py:188} INFO - [2025-12-24T10:12:28.257+0000] {dag.py:3954} INFO - Setting next_dagrun for update_db to 2025-12-23 15:00:00+00:00, run_after=2025-12-24 15:00:00+00:00
[2025-12-24T10:12:28.265+0000] {logging_mixin.py:188} INFO - [2025-12-24T10:12:28.265+0000] {dag.py:3954} INFO - Setting next_dagrun for youtube_video_stats to 2025-12-23 14:00:00+00:00, run_after=2025-12-24 14:00:00+00:00
[2025-12-24T10:12:28.289+0000] {processor.py:183} INFO - Processing /opt/airflow/dags/main.py took 0.215 seconds
[2025-12-24T10:12:58.671+0000] {processor.py:161} INFO - Started process (PID=13692) to work on /opt/airflow/dags/main.py
[2025-12-24T10:12:58.673+0000] {processor.py:830} INFO - Processing file /opt/airflow/dags/main.py for tasks to queue
[2025-12-24T10:12:58.674+0000] {logging_mixin.py:188} INFO - [2025-12-24T10:12:58.674+0000] {dagbag.py:545} INFO - Filling up the DagBag from /opt/airflow/dags/main.py
[2025-12-24T10:12:58.809+0000] {processor.py:840} INFO - DAG(s) 'update_db', 'youtube_video_stats' retrieved from /opt/airflow/dags/main.py
[2025-12-24T10:12:58.852+0000] {logging_mixin.py:188} INFO - [2025-12-24T10:12:58.852+0000] {dag.py:3096} INFO - Sync 2 DAGs
[2025-12-24T10:12:58.878+0000] {logging_mixin.py:188} INFO - [2025-12-24T10:12:58.877+0000] {dag.py:3954} INFO - Setting next_dagrun for update_db to 2025-12-23 15:00:00+00:00, run_after=2025-12-24 15:00:00+00:00
[2025-12-24T10:12:58.884+0000] {logging_mixin.py:188} INFO - [2025-12-24T10:12:58.884+0000] {dag.py:3954} INFO - Setting next_dagrun for youtube_video_stats to 2025-12-23 14:00:00+00:00, run_after=2025-12-24 14:00:00+00:00
[2025-12-24T10:12:58.905+0000] {processor.py:183} INFO - Processing /opt/airflow/dags/main.py took 0.242 seconds
[2025-12-24T10:13:29.145+0000] {processor.py:161} INFO - Started process (PID=13699) to work on /opt/airflow/dags/main.py
[2025-12-24T10:13:29.147+0000] {processor.py:830} INFO - Processing file /opt/airflow/dags/main.py for tasks to queue
[2025-12-24T10:13:29.150+0000] {logging_mixin.py:188} INFO - [2025-12-24T10:13:29.150+0000] {dagbag.py:545} INFO - Filling up the DagBag from /opt/airflow/dags/main.py
[2025-12-24T10:13:29.242+0000] {processor.py:840} INFO - DAG(s) 'youtube_video_stats', 'update_db' retrieved from /opt/airflow/dags/main.py
[2025-12-24T10:13:29.272+0000] {logging_mixin.py:188} INFO - [2025-12-24T10:13:29.272+0000] {dag.py:3096} INFO - Sync 2 DAGs
[2025-12-24T10:13:29.293+0000] {logging_mixin.py:188} INFO - [2025-12-24T10:13:29.293+0000] {dag.py:3954} INFO - Setting next_dagrun for update_db to 2025-12-23 15:00:00+00:00, run_after=2025-12-24 15:00:00+00:00
[2025-12-24T10:13:29.300+0000] {logging_mixin.py:188} INFO - [2025-12-24T10:13:29.299+0000] {dag.py:3954} INFO - Setting next_dagrun for youtube_video_stats to 2025-12-23 14:00:00+00:00, run_after=2025-12-24 14:00:00+00:00
[2025-12-24T10:13:29.322+0000] {processor.py:183} INFO - Processing /opt/airflow/dags/main.py took 0.183 seconds
[2025-12-24T10:13:59.379+0000] {processor.py:161} INFO - Started process (PID=13706) to work on /opt/airflow/dags/main.py
[2025-12-24T10:13:59.380+0000] {processor.py:830} INFO - Processing file /opt/airflow/dags/main.py for tasks to queue
[2025-12-24T10:13:59.382+0000] {logging_mixin.py:188} INFO - [2025-12-24T10:13:59.381+0000] {dagbag.py:545} INFO - Filling up the DagBag from /opt/airflow/dags/main.py
[2025-12-24T10:13:59.481+0000] {processor.py:840} INFO - DAG(s) 'update_db', 'youtube_video_stats' retrieved from /opt/airflow/dags/main.py
[2025-12-24T10:13:59.511+0000] {logging_mixin.py:188} INFO - [2025-12-24T10:13:59.511+0000] {dag.py:3096} INFO - Sync 2 DAGs
[2025-12-24T10:13:59.531+0000] {logging_mixin.py:188} INFO - [2025-12-24T10:13:59.531+0000] {dag.py:3954} INFO - Setting next_dagrun for update_db to 2025-12-23 15:00:00+00:00, run_after=2025-12-24 15:00:00+00:00
[2025-12-24T10:13:59.537+0000] {logging_mixin.py:188} INFO - [2025-12-24T10:13:59.537+0000] {dag.py:3954} INFO - Setting next_dagrun for youtube_video_stats to 2025-12-23 14:00:00+00:00, run_after=2025-12-24 14:00:00+00:00
[2025-12-24T10:13:59.556+0000] {processor.py:183} INFO - Processing /opt/airflow/dags/main.py took 0.188 seconds
[2025-12-24T10:14:29.702+0000] {processor.py:161} INFO - Started process (PID=13713) to work on /opt/airflow/dags/main.py
[2025-12-24T10:14:29.703+0000] {processor.py:830} INFO - Processing file /opt/airflow/dags/main.py for tasks to queue
[2025-12-24T10:14:29.704+0000] {logging_mixin.py:188} INFO - [2025-12-24T10:14:29.704+0000] {dagbag.py:545} INFO - Filling up the DagBag from /opt/airflow/dags/main.py
[2025-12-24T10:14:29.786+0000] {processor.py:840} INFO - DAG(s) 'youtube_video_stats', 'update_db' retrieved from /opt/airflow/dags/main.py
[2025-12-24T10:14:29.811+0000] {logging_mixin.py:188} INFO - [2025-12-24T10:14:29.811+0000] {dag.py:3096} INFO - Sync 2 DAGs
[2025-12-24T10:14:29.830+0000] {logging_mixin.py:188} INFO - [2025-12-24T10:14:29.830+0000] {dag.py:3954} INFO - Setting next_dagrun for update_db to 2025-12-23 15:00:00+00:00, run_after=2025-12-24 15:00:00+00:00
[2025-12-24T10:14:29.835+0000] {logging_mixin.py:188} INFO - [2025-12-24T10:14:29.835+0000] {dag.py:3954} INFO - Setting next_dagrun for youtube_video_stats to 2025-12-23 14:00:00+00:00, run_after=2025-12-24 14:00:00+00:00
[2025-12-24T10:14:29.856+0000] {processor.py:183} INFO - Processing /opt/airflow/dags/main.py took 0.159 seconds
[2025-12-24T10:15:00.148+0000] {processor.py:161} INFO - Started process (PID=13720) to work on /opt/airflow/dags/main.py
[2025-12-24T10:15:00.149+0000] {processor.py:830} INFO - Processing file /opt/airflow/dags/main.py for tasks to queue
[2025-12-24T10:15:00.151+0000] {logging_mixin.py:188} INFO - [2025-12-24T10:15:00.150+0000] {dagbag.py:545} INFO - Filling up the DagBag from /opt/airflow/dags/main.py
[2025-12-24T10:15:00.271+0000] {processor.py:840} INFO - DAG(s) 'youtube_video_stats', 'update_db' retrieved from /opt/airflow/dags/main.py
[2025-12-24T10:15:00.320+0000] {logging_mixin.py:188} INFO - [2025-12-24T10:15:00.320+0000] {dag.py:3096} INFO - Sync 2 DAGs
[2025-12-24T10:15:00.358+0000] {logging_mixin.py:188} INFO - [2025-12-24T10:15:00.358+0000] {dag.py:3954} INFO - Setting next_dagrun for update_db to 2025-12-23 15:00:00+00:00, run_after=2025-12-24 15:00:00+00:00
[2025-12-24T10:15:00.366+0000] {logging_mixin.py:188} INFO - [2025-12-24T10:15:00.366+0000] {dag.py:3954} INFO - Setting next_dagrun for youtube_video_stats to 2025-12-23 14:00:00+00:00, run_after=2025-12-24 14:00:00+00:00
[2025-12-24T10:15:00.394+0000] {processor.py:183} INFO - Processing /opt/airflow/dags/main.py took 0.254 seconds
[2025-12-24T10:15:30.488+0000] {processor.py:161} INFO - Started process (PID=13727) to work on /opt/airflow/dags/main.py
[2025-12-24T10:15:30.489+0000] {processor.py:830} INFO - Processing file /opt/airflow/dags/main.py for tasks to queue
[2025-12-24T10:15:30.490+0000] {logging_mixin.py:188} INFO - [2025-12-24T10:15:30.490+0000] {dagbag.py:545} INFO - Filling up the DagBag from /opt/airflow/dags/main.py
[2025-12-24T10:15:30.579+0000] {processor.py:840} INFO - DAG(s) 'update_db', 'youtube_video_stats' retrieved from /opt/airflow/dags/main.py
[2025-12-24T10:15:30.609+0000] {logging_mixin.py:188} INFO - [2025-12-24T10:15:30.608+0000] {dag.py:3096} INFO - Sync 2 DAGs
[2025-12-24T10:15:30.631+0000] {logging_mixin.py:188} INFO - [2025-12-24T10:15:30.631+0000] {dag.py:3954} INFO - Setting next_dagrun for update_db to 2025-12-23 15:00:00+00:00, run_after=2025-12-24 15:00:00+00:00
[2025-12-24T10:15:30.637+0000] {logging_mixin.py:188} INFO - [2025-12-24T10:15:30.637+0000] {dag.py:3954} INFO - Setting next_dagrun for youtube_video_stats to 2025-12-23 14:00:00+00:00, run_after=2025-12-24 14:00:00+00:00
[2025-12-24T10:15:30.655+0000] {processor.py:183} INFO - Processing /opt/airflow/dags/main.py took 0.173 seconds
[2025-12-24T10:16:00.695+0000] {processor.py:161} INFO - Started process (PID=13734) to work on /opt/airflow/dags/main.py
[2025-12-24T10:16:00.696+0000] {processor.py:830} INFO - Processing file /opt/airflow/dags/main.py for tasks to queue
[2025-12-24T10:16:00.697+0000] {logging_mixin.py:188} INFO - [2025-12-24T10:16:00.697+0000] {dagbag.py:545} INFO - Filling up the DagBag from /opt/airflow/dags/main.py
[2025-12-24T10:16:00.792+0000] {processor.py:840} INFO - DAG(s) 'update_db', 'youtube_video_stats' retrieved from /opt/airflow/dags/main.py
[2025-12-24T10:16:00.828+0000] {logging_mixin.py:188} INFO - [2025-12-24T10:16:00.828+0000] {dag.py:3096} INFO - Sync 2 DAGs
[2025-12-24T10:16:00.852+0000] {logging_mixin.py:188} INFO - [2025-12-24T10:16:00.852+0000] {dag.py:3954} INFO - Setting next_dagrun for update_db to 2025-12-23 15:00:00+00:00, run_after=2025-12-24 15:00:00+00:00
[2025-12-24T10:16:00.858+0000] {logging_mixin.py:188} INFO - [2025-12-24T10:16:00.857+0000] {dag.py:3954} INFO - Setting next_dagrun for youtube_video_stats to 2025-12-23 14:00:00+00:00, run_after=2025-12-24 14:00:00+00:00
[2025-12-24T10:16:00.877+0000] {processor.py:183} INFO - Processing /opt/airflow/dags/main.py took 0.189 seconds
[2025-12-24T10:16:31.057+0000] {processor.py:161} INFO - Started process (PID=13741) to work on /opt/airflow/dags/main.py
[2025-12-24T10:16:31.058+0000] {processor.py:830} INFO - Processing file /opt/airflow/dags/main.py for tasks to queue
[2025-12-24T10:16:31.060+0000] {logging_mixin.py:188} INFO - [2025-12-24T10:16:31.059+0000] {dagbag.py:545} INFO - Filling up the DagBag from /opt/airflow/dags/main.py
[2025-12-24T10:16:31.144+0000] {processor.py:840} INFO - DAG(s) 'update_db', 'youtube_video_stats' retrieved from /opt/airflow/dags/main.py
[2025-12-24T10:16:31.183+0000] {logging_mixin.py:188} INFO - [2025-12-24T10:16:31.182+0000] {dag.py:3096} INFO - Sync 2 DAGs
[2025-12-24T10:16:31.204+0000] {logging_mixin.py:188} INFO - [2025-12-24T10:16:31.204+0000] {dag.py:3954} INFO - Setting next_dagrun for update_db to 2025-12-23 15:00:00+00:00, run_after=2025-12-24 15:00:00+00:00
[2025-12-24T10:16:31.209+0000] {logging_mixin.py:188} INFO - [2025-12-24T10:16:31.209+0000] {dag.py:3954} INFO - Setting next_dagrun for youtube_video_stats to 2025-12-23 14:00:00+00:00, run_after=2025-12-24 14:00:00+00:00
[2025-12-24T10:16:31.228+0000] {processor.py:183} INFO - Processing /opt/airflow/dags/main.py took 0.184 seconds
[2025-12-24T10:17:01.369+0000] {processor.py:161} INFO - Started process (PID=13748) to work on /opt/airflow/dags/main.py
[2025-12-24T10:17:01.370+0000] {processor.py:830} INFO - Processing file /opt/airflow/dags/main.py for tasks to queue
[2025-12-24T10:17:01.371+0000] {logging_mixin.py:188} INFO - [2025-12-24T10:17:01.371+0000] {dagbag.py:545} INFO - Filling up the DagBag from /opt/airflow/dags/main.py
[2025-12-24T10:17:01.459+0000] {processor.py:840} INFO - DAG(s) 'update_db', 'youtube_video_stats' retrieved from /opt/airflow/dags/main.py
[2025-12-24T10:17:01.491+0000] {logging_mixin.py:188} INFO - [2025-12-24T10:17:01.490+0000] {dag.py:3096} INFO - Sync 2 DAGs
[2025-12-24T10:17:01.511+0000] {logging_mixin.py:188} INFO - [2025-12-24T10:17:01.511+0000] {dag.py:3954} INFO - Setting next_dagrun for update_db to 2025-12-23 15:00:00+00:00, run_after=2025-12-24 15:00:00+00:00
[2025-12-24T10:17:01.516+0000] {logging_mixin.py:188} INFO - [2025-12-24T10:17:01.516+0000] {dag.py:3954} INFO - Setting next_dagrun for youtube_video_stats to 2025-12-23 14:00:00+00:00, run_after=2025-12-24 14:00:00+00:00
[2025-12-24T10:17:01.536+0000] {processor.py:183} INFO - Processing /opt/airflow/dags/main.py took 0.174 seconds
[2025-12-24T10:17:31.709+0000] {processor.py:161} INFO - Started process (PID=13755) to work on /opt/airflow/dags/main.py
[2025-12-24T10:17:31.710+0000] {processor.py:830} INFO - Processing file /opt/airflow/dags/main.py for tasks to queue
[2025-12-24T10:17:31.711+0000] {logging_mixin.py:188} INFO - [2025-12-24T10:17:31.710+0000] {dagbag.py:545} INFO - Filling up the DagBag from /opt/airflow/dags/main.py
[2025-12-24T10:17:31.798+0000] {processor.py:840} INFO - DAG(s) 'youtube_video_stats', 'update_db' retrieved from /opt/airflow/dags/main.py
[2025-12-24T10:17:31.829+0000] {logging_mixin.py:188} INFO - [2025-12-24T10:17:31.828+0000] {dag.py:3096} INFO - Sync 2 DAGs
[2025-12-24T10:17:31.856+0000] {logging_mixin.py:188} INFO - [2025-12-24T10:17:31.856+0000] {dag.py:3954} INFO - Setting next_dagrun for update_db to 2025-12-23 15:00:00+00:00, run_after=2025-12-24 15:00:00+00:00
[2025-12-24T10:17:31.864+0000] {logging_mixin.py:188} INFO - [2025-12-24T10:17:31.863+0000] {dag.py:3954} INFO - Setting next_dagrun for youtube_video_stats to 2025-12-23 14:00:00+00:00, run_after=2025-12-24 14:00:00+00:00
[2025-12-24T10:17:31.888+0000] {processor.py:183} INFO - Processing /opt/airflow/dags/main.py took 0.189 seconds
[2025-12-24T10:18:01.967+0000] {processor.py:161} INFO - Started process (PID=13762) to work on /opt/airflow/dags/main.py
[2025-12-24T10:18:01.968+0000] {processor.py:830} INFO - Processing file /opt/airflow/dags/main.py for tasks to queue
[2025-12-24T10:18:01.976+0000] {logging_mixin.py:188} INFO - [2025-12-24T10:18:01.973+0000] {dagbag.py:545} INFO - Filling up the DagBag from /opt/airflow/dags/main.py
[2025-12-24T10:18:02.130+0000] {processor.py:840} INFO - DAG(s) 'update_db', 'youtube_video_stats' retrieved from /opt/airflow/dags/main.py
[2025-12-24T10:18:02.165+0000] {logging_mixin.py:188} INFO - [2025-12-24T10:18:02.164+0000] {dag.py:3096} INFO - Sync 2 DAGs
[2025-12-24T10:18:02.196+0000] {logging_mixin.py:188} INFO - [2025-12-24T10:18:02.196+0000] {dag.py:3954} INFO - Setting next_dagrun for update_db to 2025-12-23 15:00:00+00:00, run_after=2025-12-24 15:00:00+00:00
[2025-12-24T10:18:02.202+0000] {logging_mixin.py:188} INFO - [2025-12-24T10:18:02.202+0000] {dag.py:3954} INFO - Setting next_dagrun for youtube_video_stats to 2025-12-23 14:00:00+00:00, run_after=2025-12-24 14:00:00+00:00
[2025-12-24T10:18:02.223+0000] {processor.py:183} INFO - Processing /opt/airflow/dags/main.py took 0.266 seconds
[2025-12-24T10:18:32.471+0000] {processor.py:161} INFO - Started process (PID=13776) to work on /opt/airflow/dags/main.py
[2025-12-24T10:18:32.472+0000] {processor.py:830} INFO - Processing file /opt/airflow/dags/main.py for tasks to queue
[2025-12-24T10:18:32.473+0000] {logging_mixin.py:188} INFO - [2025-12-24T10:18:32.473+0000] {dagbag.py:545} INFO - Filling up the DagBag from /opt/airflow/dags/main.py
[2025-12-24T10:18:32.572+0000] {processor.py:840} INFO - DAG(s) 'youtube_video_stats', 'update_db' retrieved from /opt/airflow/dags/main.py
[2025-12-24T10:18:32.605+0000] {logging_mixin.py:188} INFO - [2025-12-24T10:18:32.604+0000] {dag.py:3096} INFO - Sync 2 DAGs
[2025-12-24T10:18:32.627+0000] {logging_mixin.py:188} INFO - [2025-12-24T10:18:32.627+0000] {dag.py:3954} INFO - Setting next_dagrun for update_db to 2025-12-23 15:00:00+00:00, run_after=2025-12-24 15:00:00+00:00
[2025-12-24T10:18:32.632+0000] {logging_mixin.py:188} INFO - [2025-12-24T10:18:32.632+0000] {dag.py:3954} INFO - Setting next_dagrun for youtube_video_stats to 2025-12-23 14:00:00+00:00, run_after=2025-12-24 14:00:00+00:00
[2025-12-24T10:18:32.648+0000] {processor.py:183} INFO - Processing /opt/airflow/dags/main.py took 0.182 seconds
[2025-12-24T10:19:02.727+0000] {processor.py:161} INFO - Started process (PID=13783) to work on /opt/airflow/dags/main.py
[2025-12-24T10:19:02.728+0000] {processor.py:830} INFO - Processing file /opt/airflow/dags/main.py for tasks to queue
[2025-12-24T10:19:02.729+0000] {logging_mixin.py:188} INFO - [2025-12-24T10:19:02.729+0000] {dagbag.py:545} INFO - Filling up the DagBag from /opt/airflow/dags/main.py
[2025-12-24T10:19:02.838+0000] {processor.py:840} INFO - DAG(s) 'youtube_video_stats', 'update_db' retrieved from /opt/airflow/dags/main.py
[2025-12-24T10:19:02.878+0000] {logging_mixin.py:188} INFO - [2025-12-24T10:19:02.877+0000] {dag.py:3096} INFO - Sync 2 DAGs
[2025-12-24T10:19:02.906+0000] {logging_mixin.py:188} INFO - [2025-12-24T10:19:02.905+0000] {dag.py:3954} INFO - Setting next_dagrun for update_db to 2025-12-23 15:00:00+00:00, run_after=2025-12-24 15:00:00+00:00
[2025-12-24T10:19:02.912+0000] {logging_mixin.py:188} INFO - [2025-12-24T10:19:02.912+0000] {dag.py:3954} INFO - Setting next_dagrun for youtube_video_stats to 2025-12-23 14:00:00+00:00, run_after=2025-12-24 14:00:00+00:00
[2025-12-24T10:19:02.935+0000] {processor.py:183} INFO - Processing /opt/airflow/dags/main.py took 0.216 seconds
[2025-12-24T10:19:33.071+0000] {processor.py:161} INFO - Started process (PID=13790) to work on /opt/airflow/dags/main.py
[2025-12-24T10:19:33.072+0000] {processor.py:830} INFO - Processing file /opt/airflow/dags/main.py for tasks to queue
[2025-12-24T10:19:33.073+0000] {logging_mixin.py:188} INFO - [2025-12-24T10:19:33.073+0000] {dagbag.py:545} INFO - Filling up the DagBag from /opt/airflow/dags/main.py
[2025-12-24T10:19:33.284+0000] {processor.py:840} INFO - DAG(s) 'youtube_video_stats', 'update_db' retrieved from /opt/airflow/dags/main.py
[2025-12-24T10:19:33.327+0000] {logging_mixin.py:188} INFO - [2025-12-24T10:19:33.327+0000] {dag.py:3096} INFO - Sync 2 DAGs
[2025-12-24T10:19:33.356+0000] {logging_mixin.py:188} INFO - [2025-12-24T10:19:33.356+0000] {dag.py:3954} INFO - Setting next_dagrun for update_db to 2025-12-23 15:00:00+00:00, run_after=2025-12-24 15:00:00+00:00
[2025-12-24T10:19:33.361+0000] {logging_mixin.py:188} INFO - [2025-12-24T10:19:33.361+0000] {dag.py:3954} INFO - Setting next_dagrun for youtube_video_stats to 2025-12-23 14:00:00+00:00, run_after=2025-12-24 14:00:00+00:00
[2025-12-24T10:19:33.384+0000] {processor.py:183} INFO - Processing /opt/airflow/dags/main.py took 0.320 seconds
[2025-12-24T10:20:03.474+0000] {processor.py:161} INFO - Started process (PID=13797) to work on /opt/airflow/dags/main.py
[2025-12-24T10:20:03.476+0000] {processor.py:830} INFO - Processing file /opt/airflow/dags/main.py for tasks to queue
[2025-12-24T10:20:03.477+0000] {logging_mixin.py:188} INFO - [2025-12-24T10:20:03.476+0000] {dagbag.py:545} INFO - Filling up the DagBag from /opt/airflow/dags/main.py
[2025-12-24T10:20:03.585+0000] {processor.py:840} INFO - DAG(s) 'youtube_video_stats', 'update_db' retrieved from /opt/airflow/dags/main.py
[2025-12-24T10:20:03.623+0000] {logging_mixin.py:188} INFO - [2025-12-24T10:20:03.623+0000] {dag.py:3096} INFO - Sync 2 DAGs
[2025-12-24T10:20:03.672+0000] {logging_mixin.py:188} INFO - [2025-12-24T10:20:03.672+0000] {dag.py:3954} INFO - Setting next_dagrun for update_db to 2025-12-23 15:00:00+00:00, run_after=2025-12-24 15:00:00+00:00
[2025-12-24T10:20:03.680+0000] {logging_mixin.py:188} INFO - [2025-12-24T10:20:03.680+0000] {dag.py:3954} INFO - Setting next_dagrun for youtube_video_stats to 2025-12-23 14:00:00+00:00, run_after=2025-12-24 14:00:00+00:00
[2025-12-24T10:20:03.713+0000] {processor.py:183} INFO - Processing /opt/airflow/dags/main.py took 0.246 seconds
[2025-12-24T12:11:09.473+0000] {processor.py:161} INFO - Started process (PID=13798) to work on /opt/airflow/dags/main.py
[2025-12-24T12:11:09.498+0000] {processor.py:830} INFO - Processing file /opt/airflow/dags/main.py for tasks to queue
[2025-12-24T12:11:09.500+0000] {logging_mixin.py:188} INFO - [2025-12-24T12:11:09.499+0000] {dagbag.py:545} INFO - Filling up the DagBag from /opt/airflow/dags/main.py
[2025-12-24T12:11:12.202+0000] {processor.py:840} INFO - DAG(s) 'youtube_video_stats', 'update_db' retrieved from /opt/airflow/dags/main.py
[2025-12-24T12:11:13.057+0000] {logging_mixin.py:188} INFO - [2025-12-24T12:11:13.056+0000] {dag.py:3096} INFO - Sync 2 DAGs
[2025-12-24T12:11:13.128+0000] {logging_mixin.py:188} INFO - [2025-12-24T12:11:13.127+0000] {dag.py:3954} INFO - Setting next_dagrun for update_db to 2025-12-23 15:00:00+00:00, run_after=2025-12-24 15:00:00+00:00
[2025-12-24T12:11:13.145+0000] {logging_mixin.py:188} INFO - [2025-12-24T12:11:13.145+0000] {dag.py:3954} INFO - Setting next_dagrun for youtube_video_stats to 2025-12-23 14:00:00+00:00, run_after=2025-12-24 14:00:00+00:00
[2025-12-24T12:11:13.272+0000] {processor.py:183} INFO - Processing /opt/airflow/dags/main.py took 3.996 seconds
[2025-12-24T12:11:44.254+0000] {processor.py:161} INFO - Started process (PID=13805) to work on /opt/airflow/dags/main.py
[2025-12-24T12:11:44.260+0000] {processor.py:830} INFO - Processing file /opt/airflow/dags/main.py for tasks to queue
[2025-12-24T12:11:44.266+0000] {logging_mixin.py:188} INFO - [2025-12-24T12:11:44.264+0000] {dagbag.py:545} INFO - Filling up the DagBag from /opt/airflow/dags/main.py
[2025-12-24T12:11:44.810+0000] {processor.py:840} INFO - DAG(s) 'update_db', 'youtube_video_stats' retrieved from /opt/airflow/dags/main.py
[2025-12-24T12:11:44.977+0000] {logging_mixin.py:188} INFO - [2025-12-24T12:11:44.976+0000] {dag.py:3096} INFO - Sync 2 DAGs
[2025-12-24T12:11:45.087+0000] {logging_mixin.py:188} INFO - [2025-12-24T12:11:45.087+0000] {dag.py:3954} INFO - Setting next_dagrun for update_db to 2025-12-23 15:00:00+00:00, run_after=2025-12-24 15:00:00+00:00
[2025-12-24T12:11:45.118+0000] {logging_mixin.py:188} INFO - [2025-12-24T12:11:45.117+0000] {dag.py:3954} INFO - Setting next_dagrun for youtube_video_stats to 2025-12-23 14:00:00+00:00, run_after=2025-12-24 14:00:00+00:00
[2025-12-24T12:11:45.197+0000] {processor.py:183} INFO - Processing /opt/airflow/dags/main.py took 1.010 seconds
[2025-12-24T12:12:16.878+0000] {processor.py:161} INFO - Started process (PID=13812) to work on /opt/airflow/dags/main.py
[2025-12-24T12:12:16.882+0000] {processor.py:830} INFO - Processing file /opt/airflow/dags/main.py for tasks to queue
[2025-12-24T12:12:16.886+0000] {logging_mixin.py:188} INFO - [2025-12-24T12:12:16.885+0000] {dagbag.py:545} INFO - Filling up the DagBag from /opt/airflow/dags/main.py
[2025-12-24T12:12:17.206+0000] {processor.py:840} INFO - DAG(s) 'update_db', 'youtube_video_stats' retrieved from /opt/airflow/dags/main.py
[2025-12-24T12:12:17.341+0000] {logging_mixin.py:188} INFO - [2025-12-24T12:12:17.341+0000] {dag.py:3096} INFO - Sync 2 DAGs
[2025-12-24T12:12:17.411+0000] {logging_mixin.py:188} INFO - [2025-12-24T12:12:17.411+0000] {dag.py:3954} INFO - Setting next_dagrun for update_db to 2025-12-23 15:00:00+00:00, run_after=2025-12-24 15:00:00+00:00
[2025-12-24T12:12:17.425+0000] {logging_mixin.py:188} INFO - [2025-12-24T12:12:17.424+0000] {dag.py:3954} INFO - Setting next_dagrun for youtube_video_stats to 2025-12-23 14:00:00+00:00, run_after=2025-12-24 14:00:00+00:00
[2025-12-24T12:12:17.505+0000] {processor.py:183} INFO - Processing /opt/airflow/dags/main.py took 0.815 seconds
[2025-12-24T12:12:47.980+0000] {processor.py:161} INFO - Started process (PID=13819) to work on /opt/airflow/dags/main.py
[2025-12-24T12:12:47.984+0000] {processor.py:830} INFO - Processing file /opt/airflow/dags/main.py for tasks to queue
[2025-12-24T12:12:47.987+0000] {logging_mixin.py:188} INFO - [2025-12-24T12:12:47.986+0000] {dagbag.py:545} INFO - Filling up the DagBag from /opt/airflow/dags/main.py
[2025-12-24T12:12:49.833+0000] {processor.py:840} INFO - DAG(s) 'youtube_video_stats', 'update_db' retrieved from /opt/airflow/dags/main.py
[2025-12-24T12:12:50.206+0000] {logging_mixin.py:188} INFO - [2025-12-24T12:12:50.205+0000] {dag.py:3096} INFO - Sync 2 DAGs
[2025-12-24T12:12:50.532+0000] {logging_mixin.py:188} INFO - [2025-12-24T12:12:50.532+0000] {dag.py:3954} INFO - Setting next_dagrun for update_db to 2025-12-23 15:00:00+00:00, run_after=2025-12-24 15:00:00+00:00
[2025-12-24T12:12:50.539+0000] {logging_mixin.py:188} INFO - [2025-12-24T12:12:50.538+0000] {dag.py:3954} INFO - Setting next_dagrun for youtube_video_stats to 2025-12-23 14:00:00+00:00, run_after=2025-12-24 14:00:00+00:00
[2025-12-24T12:12:51.225+0000] {processor.py:183} INFO - Processing /opt/airflow/dags/main.py took 3.458 seconds
[2025-12-24T12:13:21.598+0000] {processor.py:161} INFO - Started process (PID=13827) to work on /opt/airflow/dags/main.py
[2025-12-24T12:13:21.599+0000] {processor.py:830} INFO - Processing file /opt/airflow/dags/main.py for tasks to queue
[2025-12-24T12:13:21.601+0000] {logging_mixin.py:188} INFO - [2025-12-24T12:13:21.600+0000] {dagbag.py:545} INFO - Filling up the DagBag from /opt/airflow/dags/main.py
[2025-12-24T12:13:21.765+0000] {processor.py:840} INFO - DAG(s) 'update_db', 'youtube_video_stats' retrieved from /opt/airflow/dags/main.py
[2025-12-24T12:13:21.823+0000] {logging_mixin.py:188} INFO - [2025-12-24T12:13:21.822+0000] {dag.py:3096} INFO - Sync 2 DAGs
[2025-12-24T12:13:21.927+0000] {logging_mixin.py:188} INFO - [2025-12-24T12:13:21.927+0000] {dag.py:3954} INFO - Setting next_dagrun for update_db to 2025-12-23 15:00:00+00:00, run_after=2025-12-24 15:00:00+00:00
[2025-12-24T12:13:21.957+0000] {logging_mixin.py:188} INFO - [2025-12-24T12:13:21.957+0000] {dag.py:3954} INFO - Setting next_dagrun for youtube_video_stats to 2025-12-23 14:00:00+00:00, run_after=2025-12-24 14:00:00+00:00
[2025-12-24T12:13:22.112+0000] {processor.py:183} INFO - Processing /opt/airflow/dags/main.py took 0.524 seconds
[2025-12-24T12:13:52.365+0000] {processor.py:161} INFO - Started process (PID=13834) to work on /opt/airflow/dags/main.py
[2025-12-24T12:13:52.367+0000] {processor.py:830} INFO - Processing file /opt/airflow/dags/main.py for tasks to queue
[2025-12-24T12:13:52.368+0000] {logging_mixin.py:188} INFO - [2025-12-24T12:13:52.368+0000] {dagbag.py:545} INFO - Filling up the DagBag from /opt/airflow/dags/main.py
[2025-12-24T12:13:52.501+0000] {processor.py:840} INFO - DAG(s) 'youtube_video_stats', 'update_db' retrieved from /opt/airflow/dags/main.py
[2025-12-24T12:13:52.535+0000] {logging_mixin.py:188} INFO - [2025-12-24T12:13:52.535+0000] {dag.py:3096} INFO - Sync 2 DAGs
[2025-12-24T12:13:52.557+0000] {logging_mixin.py:188} INFO - [2025-12-24T12:13:52.557+0000] {dag.py:3954} INFO - Setting next_dagrun for update_db to 2025-12-23 15:00:00+00:00, run_after=2025-12-24 15:00:00+00:00
[2025-12-24T12:13:52.563+0000] {logging_mixin.py:188} INFO - [2025-12-24T12:13:52.562+0000] {dag.py:3954} INFO - Setting next_dagrun for youtube_video_stats to 2025-12-23 14:00:00+00:00, run_after=2025-12-24 14:00:00+00:00
[2025-12-24T12:13:52.594+0000] {processor.py:183} INFO - Processing /opt/airflow/dags/main.py took 0.237 seconds
[2025-12-24T12:14:23.431+0000] {processor.py:161} INFO - Started process (PID=13841) to work on /opt/airflow/dags/main.py
[2025-12-24T12:14:23.436+0000] {processor.py:830} INFO - Processing file /opt/airflow/dags/main.py for tasks to queue
[2025-12-24T12:14:23.440+0000] {logging_mixin.py:188} INFO - [2025-12-24T12:14:23.438+0000] {dagbag.py:545} INFO - Filling up the DagBag from /opt/airflow/dags/main.py
[2025-12-24T12:14:23.660+0000] {processor.py:840} INFO - DAG(s) 'youtube_video_stats', 'update_db' retrieved from /opt/airflow/dags/main.py
[2025-12-24T12:14:23.695+0000] {logging_mixin.py:188} INFO - [2025-12-24T12:14:23.695+0000] {dag.py:3096} INFO - Sync 2 DAGs
[2025-12-24T12:14:23.726+0000] {logging_mixin.py:188} INFO - [2025-12-24T12:14:23.726+0000] {dag.py:3954} INFO - Setting next_dagrun for update_db to 2025-12-23 15:00:00+00:00, run_after=2025-12-24 15:00:00+00:00
[2025-12-24T12:14:23.736+0000] {logging_mixin.py:188} INFO - [2025-12-24T12:14:23.735+0000] {dag.py:3954} INFO - Setting next_dagrun for youtube_video_stats to 2025-12-23 14:00:00+00:00, run_after=2025-12-24 14:00:00+00:00
[2025-12-24T12:14:23.758+0000] {processor.py:183} INFO - Processing /opt/airflow/dags/main.py took 0.336 seconds
[2025-12-24T12:14:53.924+0000] {processor.py:161} INFO - Started process (PID=13848) to work on /opt/airflow/dags/main.py
[2025-12-24T12:14:53.925+0000] {processor.py:830} INFO - Processing file /opt/airflow/dags/main.py for tasks to queue
[2025-12-24T12:14:53.927+0000] {logging_mixin.py:188} INFO - [2025-12-24T12:14:53.926+0000] {dagbag.py:545} INFO - Filling up the DagBag from /opt/airflow/dags/main.py
[2025-12-24T12:14:54.053+0000] {processor.py:840} INFO - DAG(s) 'youtube_video_stats', 'update_db' retrieved from /opt/airflow/dags/main.py
[2025-12-24T12:14:54.099+0000] {logging_mixin.py:188} INFO - [2025-12-24T12:14:54.098+0000] {dag.py:3096} INFO - Sync 2 DAGs
[2025-12-24T12:14:54.134+0000] {logging_mixin.py:188} INFO - [2025-12-24T12:14:54.133+0000] {dag.py:3954} INFO - Setting next_dagrun for update_db to 2025-12-23 15:00:00+00:00, run_after=2025-12-24 15:00:00+00:00
[2025-12-24T12:14:54.142+0000] {logging_mixin.py:188} INFO - [2025-12-24T12:14:54.141+0000] {dag.py:3954} INFO - Setting next_dagrun for youtube_video_stats to 2025-12-23 14:00:00+00:00, run_after=2025-12-24 14:00:00+00:00
[2025-12-24T12:14:54.169+0000] {processor.py:183} INFO - Processing /opt/airflow/dags/main.py took 0.253 seconds
[2025-12-24T12:15:24.496+0000] {processor.py:161} INFO - Started process (PID=13855) to work on /opt/airflow/dags/main.py
[2025-12-24T12:15:24.499+0000] {processor.py:830} INFO - Processing file /opt/airflow/dags/main.py for tasks to queue
[2025-12-24T12:15:24.503+0000] {logging_mixin.py:188} INFO - [2025-12-24T12:15:24.501+0000] {dagbag.py:545} INFO - Filling up the DagBag from /opt/airflow/dags/main.py
[2025-12-24T12:15:24.810+0000] {processor.py:840} INFO - DAG(s) 'youtube_video_stats', 'update_db' retrieved from /opt/airflow/dags/main.py
[2025-12-24T12:15:24.923+0000] {logging_mixin.py:188} INFO - [2025-12-24T12:15:24.919+0000] {dag.py:3096} INFO - Sync 2 DAGs
[2025-12-24T12:15:24.996+0000] {logging_mixin.py:188} INFO - [2025-12-24T12:15:24.996+0000] {dag.py:3954} INFO - Setting next_dagrun for update_db to 2025-12-23 15:00:00+00:00, run_after=2025-12-24 15:00:00+00:00
[2025-12-24T12:15:25.016+0000] {logging_mixin.py:188} INFO - [2025-12-24T12:15:25.016+0000] {dag.py:3954} INFO - Setting next_dagrun for youtube_video_stats to 2025-12-23 14:00:00+00:00, run_after=2025-12-24 14:00:00+00:00
[2025-12-24T12:15:25.061+0000] {processor.py:183} INFO - Processing /opt/airflow/dags/main.py took 0.605 seconds
[2025-12-24T12:15:56.019+0000] {processor.py:161} INFO - Started process (PID=13863) to work on /opt/airflow/dags/main.py
[2025-12-24T12:15:56.030+0000] {processor.py:830} INFO - Processing file /opt/airflow/dags/main.py for tasks to queue
[2025-12-24T12:15:56.036+0000] {logging_mixin.py:188} INFO - [2025-12-24T12:15:56.034+0000] {dagbag.py:545} INFO - Filling up the DagBag from /opt/airflow/dags/main.py
[2025-12-24T12:15:57.102+0000] {processor.py:840} INFO - DAG(s) 'youtube_video_stats', 'update_db' retrieved from /opt/airflow/dags/main.py
[2025-12-24T12:15:57.348+0000] {logging_mixin.py:188} INFO - [2025-12-24T12:15:57.348+0000] {dag.py:3096} INFO - Sync 2 DAGs
[2025-12-24T12:15:57.476+0000] {logging_mixin.py:188} INFO - [2025-12-24T12:15:57.475+0000] {dag.py:3954} INFO - Setting next_dagrun for update_db to 2025-12-23 15:00:00+00:00, run_after=2025-12-24 15:00:00+00:00
[2025-12-24T12:15:57.487+0000] {logging_mixin.py:188} INFO - [2025-12-24T12:15:57.487+0000] {dag.py:3954} INFO - Setting next_dagrun for youtube_video_stats to 2025-12-23 14:00:00+00:00, run_after=2025-12-24 14:00:00+00:00
[2025-12-24T12:15:57.548+0000] {processor.py:183} INFO - Processing /opt/airflow/dags/main.py took 1.621 seconds
[2025-12-24T12:16:27.897+0000] {processor.py:161} INFO - Started process (PID=13870) to work on /opt/airflow/dags/main.py
[2025-12-24T12:16:27.903+0000] {processor.py:830} INFO - Processing file /opt/airflow/dags/main.py for tasks to queue
[2025-12-24T12:16:27.918+0000] {logging_mixin.py:188} INFO - [2025-12-24T12:16:27.916+0000] {dagbag.py:545} INFO - Filling up the DagBag from /opt/airflow/dags/main.py
[2025-12-24T12:16:28.507+0000] {processor.py:840} INFO - DAG(s) 'update_db', 'youtube_video_stats' retrieved from /opt/airflow/dags/main.py
[2025-12-24T12:16:28.667+0000] {logging_mixin.py:188} INFO - [2025-12-24T12:16:28.666+0000] {dag.py:3096} INFO - Sync 2 DAGs
[2025-12-24T12:16:28.778+0000] {logging_mixin.py:188} INFO - [2025-12-24T12:16:28.777+0000] {dag.py:3954} INFO - Setting next_dagrun for update_db to 2025-12-23 15:00:00+00:00, run_after=2025-12-24 15:00:00+00:00
[2025-12-24T12:16:28.790+0000] {logging_mixin.py:188} INFO - [2025-12-24T12:16:28.790+0000] {dag.py:3954} INFO - Setting next_dagrun for youtube_video_stats to 2025-12-23 14:00:00+00:00, run_after=2025-12-24 14:00:00+00:00
[2025-12-24T12:16:28.862+0000] {processor.py:183} INFO - Processing /opt/airflow/dags/main.py took 1.021 seconds
[2025-12-24T12:16:59.693+0000] {processor.py:161} INFO - Started process (PID=13877) to work on /opt/airflow/dags/main.py
[2025-12-24T12:16:59.702+0000] {processor.py:830} INFO - Processing file /opt/airflow/dags/main.py for tasks to queue
[2025-12-24T12:16:59.727+0000] {logging_mixin.py:188} INFO - [2025-12-24T12:16:59.708+0000] {dagbag.py:545} INFO - Filling up the DagBag from /opt/airflow/dags/main.py
[2025-12-24T12:17:00.314+0000] {processor.py:840} INFO - DAG(s) 'update_db', 'youtube_video_stats' retrieved from /opt/airflow/dags/main.py
[2025-12-24T12:17:00.491+0000] {logging_mixin.py:188} INFO - [2025-12-24T12:17:00.491+0000] {dag.py:3096} INFO - Sync 2 DAGs
[2025-12-24T12:17:00.619+0000] {logging_mixin.py:188} INFO - [2025-12-24T12:17:00.619+0000] {dag.py:3954} INFO - Setting next_dagrun for update_db to 2025-12-23 15:00:00+00:00, run_after=2025-12-24 15:00:00+00:00
[2025-12-24T12:17:00.634+0000] {logging_mixin.py:188} INFO - [2025-12-24T12:17:00.634+0000] {dag.py:3954} INFO - Setting next_dagrun for youtube_video_stats to 2025-12-23 14:00:00+00:00, run_after=2025-12-24 14:00:00+00:00
[2025-12-24T12:17:00.691+0000] {processor.py:183} INFO - Processing /opt/airflow/dags/main.py took 1.191 seconds
[2025-12-24T12:17:33.355+0000] {processor.py:161} INFO - Started process (PID=13885) to work on /opt/airflow/dags/main.py
[2025-12-24T12:17:35.853+0000] {processor.py:830} INFO - Processing file /opt/airflow/dags/main.py for tasks to queue
[2025-12-24T12:17:36.090+0000] {logging_mixin.py:188} INFO - [2025-12-24T12:17:36.089+0000] {dagbag.py:545} INFO - Filling up the DagBag from /opt/airflow/dags/main.py
[2025-12-24T12:17:45.230+0000] {processor.py:840} INFO - DAG(s) 'youtube_video_stats', 'update_db' retrieved from /opt/airflow/dags/main.py
[2025-12-24T12:17:45.866+0000] {logging_mixin.py:188} INFO - [2025-12-24T12:17:45.865+0000] {dag.py:3096} INFO - Sync 2 DAGs
[2025-12-24T12:17:46.058+0000] {logging_mixin.py:188} INFO - [2025-12-24T12:17:46.058+0000] {dag.py:3954} INFO - Setting next_dagrun for update_db to 2025-12-23 15:00:00+00:00, run_after=2025-12-24 15:00:00+00:00
[2025-12-24T12:17:46.073+0000] {logging_mixin.py:188} INFO - [2025-12-24T12:17:46.072+0000] {dag.py:3954} INFO - Setting next_dagrun for youtube_video_stats to 2025-12-23 14:00:00+00:00, run_after=2025-12-24 14:00:00+00:00
[2025-12-24T12:17:48.564+0000] {processor.py:183} INFO - Processing /opt/airflow/dags/main.py took 15.253 seconds
[2025-12-24T12:18:21.880+0000] {processor.py:161} INFO - Started process (PID=13898) to work on /opt/airflow/dags/main.py
[2025-12-24T12:18:22.338+0000] {processor.py:830} INFO - Processing file /opt/airflow/dags/main.py for tasks to queue
[2025-12-24T12:18:22.363+0000] {logging_mixin.py:188} INFO - [2025-12-24T12:18:22.361+0000] {dagbag.py:545} INFO - Filling up the DagBag from /opt/airflow/dags/main.py
[2025-12-24T12:18:24.666+0000] {processor.py:840} INFO - DAG(s) 'update_db', 'youtube_video_stats' retrieved from /opt/airflow/dags/main.py
[2025-12-24T12:18:24.833+0000] {logging_mixin.py:188} INFO - [2025-12-24T12:18:24.833+0000] {dag.py:3096} INFO - Sync 2 DAGs
[2025-12-24T12:18:24.944+0000] {logging_mixin.py:188} INFO - [2025-12-24T12:18:24.944+0000] {dag.py:3954} INFO - Setting next_dagrun for update_db to 2025-12-23 15:00:00+00:00, run_after=2025-12-24 15:00:00+00:00
[2025-12-24T12:18:24.973+0000] {logging_mixin.py:188} INFO - [2025-12-24T12:18:24.973+0000] {dag.py:3954} INFO - Setting next_dagrun for youtube_video_stats to 2025-12-23 14:00:00+00:00, run_after=2025-12-24 14:00:00+00:00
[2025-12-24T12:18:25.042+0000] {processor.py:183} INFO - Processing /opt/airflow/dags/main.py took 3.426 seconds
[2025-12-24T12:18:55.684+0000] {processor.py:161} INFO - Started process (PID=13905) to work on /opt/airflow/dags/main.py
[2025-12-24T12:18:55.715+0000] {processor.py:830} INFO - Processing file /opt/airflow/dags/main.py for tasks to queue
[2025-12-24T12:18:55.717+0000] {logging_mixin.py:188} INFO - [2025-12-24T12:18:55.716+0000] {dagbag.py:545} INFO - Filling up the DagBag from /opt/airflow/dags/main.py
[2025-12-24T12:18:55.949+0000] {processor.py:840} INFO - DAG(s) 'update_db', 'youtube_video_stats' retrieved from /opt/airflow/dags/main.py
[2025-12-24T12:18:56.027+0000] {logging_mixin.py:188} INFO - [2025-12-24T12:18:56.026+0000] {dag.py:3096} INFO - Sync 2 DAGs
[2025-12-24T12:18:56.151+0000] {logging_mixin.py:188} INFO - [2025-12-24T12:18:56.150+0000] {dag.py:3954} INFO - Setting next_dagrun for update_db to 2025-12-23 15:00:00+00:00, run_after=2025-12-24 15:00:00+00:00
[2025-12-24T12:18:56.162+0000] {logging_mixin.py:188} INFO - [2025-12-24T12:18:56.161+0000] {dag.py:3954} INFO - Setting next_dagrun for youtube_video_stats to 2025-12-23 14:00:00+00:00, run_after=2025-12-24 14:00:00+00:00
[2025-12-24T12:18:56.199+0000] {processor.py:183} INFO - Processing /opt/airflow/dags/main.py took 0.524 seconds
[2025-12-24T12:19:28.366+0000] {processor.py:161} INFO - Started process (PID=13912) to work on /opt/airflow/dags/main.py
[2025-12-24T12:19:28.713+0000] {processor.py:830} INFO - Processing file /opt/airflow/dags/main.py for tasks to queue
[2025-12-24T12:19:28.814+0000] {logging_mixin.py:188} INFO - [2025-12-24T12:19:28.813+0000] {dagbag.py:545} INFO - Filling up the DagBag from /opt/airflow/dags/main.py
[2025-12-24T12:19:40.529+0000] {processor.py:840} INFO - DAG(s) 'update_db', 'youtube_video_stats' retrieved from /opt/airflow/dags/main.py
[2025-12-24T12:19:41.832+0000] {logging_mixin.py:188} INFO - [2025-12-24T12:19:41.832+0000] {dag.py:3096} INFO - Sync 2 DAGs
[2025-12-24T12:19:41.892+0000] {logging_mixin.py:188} INFO - [2025-12-24T12:19:41.892+0000] {dag.py:3954} INFO - Setting next_dagrun for update_db to 2025-12-23 15:00:00+00:00, run_after=2025-12-24 15:00:00+00:00
[2025-12-24T12:19:41.918+0000] {logging_mixin.py:188} INFO - [2025-12-24T12:19:41.917+0000] {dag.py:3954} INFO - Setting next_dagrun for youtube_video_stats to 2025-12-23 14:00:00+00:00, run_after=2025-12-24 14:00:00+00:00
[2025-12-24T12:19:41.963+0000] {processor.py:183} INFO - Processing /opt/airflow/dags/main.py took 13.605 seconds
[2025-12-24T12:20:12.804+0000] {processor.py:161} INFO - Started process (PID=13920) to work on /opt/airflow/dags/main.py
[2025-12-24T12:20:12.829+0000] {processor.py:830} INFO - Processing file /opt/airflow/dags/main.py for tasks to queue
[2025-12-24T12:20:12.832+0000] {logging_mixin.py:188} INFO - [2025-12-24T12:20:12.831+0000] {dagbag.py:545} INFO - Filling up the DagBag from /opt/airflow/dags/main.py
[2025-12-24T12:20:13.137+0000] {processor.py:840} INFO - DAG(s) 'update_db', 'youtube_video_stats' retrieved from /opt/airflow/dags/main.py
[2025-12-24T12:20:13.190+0000] {logging_mixin.py:188} INFO - [2025-12-24T12:20:13.189+0000] {dag.py:3096} INFO - Sync 2 DAGs
[2025-12-24T12:20:13.225+0000] {logging_mixin.py:188} INFO - [2025-12-24T12:20:13.225+0000] {dag.py:3954} INFO - Setting next_dagrun for update_db to 2025-12-23 15:00:00+00:00, run_after=2025-12-24 15:00:00+00:00
[2025-12-24T12:20:13.233+0000] {logging_mixin.py:188} INFO - [2025-12-24T12:20:13.233+0000] {dag.py:3954} INFO - Setting next_dagrun for youtube_video_stats to 2025-12-23 14:00:00+00:00, run_after=2025-12-24 14:00:00+00:00
[2025-12-24T12:20:13.545+0000] {processor.py:183} INFO - Processing /opt/airflow/dags/main.py took 0.749 seconds
[2025-12-24T12:20:43.968+0000] {processor.py:161} INFO - Started process (PID=13927) to work on /opt/airflow/dags/main.py
[2025-12-24T12:20:44.186+0000] {processor.py:830} INFO - Processing file /opt/airflow/dags/main.py for tasks to queue
[2025-12-24T12:20:44.188+0000] {logging_mixin.py:188} INFO - [2025-12-24T12:20:44.188+0000] {dagbag.py:545} INFO - Filling up the DagBag from /opt/airflow/dags/main.py
[2025-12-24T12:20:45.711+0000] {processor.py:840} INFO - DAG(s) 'update_db', 'youtube_video_stats' retrieved from /opt/airflow/dags/main.py
[2025-12-24T12:20:45.962+0000] {logging_mixin.py:188} INFO - [2025-12-24T12:20:45.961+0000] {dag.py:3096} INFO - Sync 2 DAGs
[2025-12-24T12:20:46.128+0000] {logging_mixin.py:188} INFO - [2025-12-24T12:20:46.128+0000] {dag.py:3954} INFO - Setting next_dagrun for update_db to 2025-12-23 15:00:00+00:00, run_after=2025-12-24 15:00:00+00:00
[2025-12-24T12:20:46.138+0000] {logging_mixin.py:188} INFO - [2025-12-24T12:20:46.138+0000] {dag.py:3954} INFO - Setting next_dagrun for youtube_video_stats to 2025-12-23 14:00:00+00:00, run_after=2025-12-24 14:00:00+00:00
[2025-12-24T12:20:46.200+0000] {processor.py:183} INFO - Processing /opt/airflow/dags/main.py took 2.254 seconds
[2025-12-24T12:21:28.324+0000] {processor.py:161} INFO - Started process (PID=13942) to work on /opt/airflow/dags/main.py
[2025-12-24T12:21:28.336+0000] {processor.py:830} INFO - Processing file /opt/airflow/dags/main.py for tasks to queue
[2025-12-24T12:21:28.343+0000] {logging_mixin.py:188} INFO - [2025-12-24T12:21:28.341+0000] {dagbag.py:545} INFO - Filling up the DagBag from /opt/airflow/dags/main.py
[2025-12-24T12:21:29.835+0000] {processor.py:840} INFO - DAG(s) 'youtube_video_stats', 'update_db' retrieved from /opt/airflow/dags/main.py
[2025-12-24T12:21:29.916+0000] {logging_mixin.py:188} INFO - [2025-12-24T12:21:29.915+0000] {dag.py:3096} INFO - Sync 2 DAGs
[2025-12-24T12:21:29.970+0000] {logging_mixin.py:188} INFO - [2025-12-24T12:21:29.969+0000] {dag.py:3954} INFO - Setting next_dagrun for update_db to 2025-12-23 15:00:00+00:00, run_after=2025-12-24 15:00:00+00:00
[2025-12-24T12:21:29.980+0000] {logging_mixin.py:188} INFO - [2025-12-24T12:21:29.979+0000] {dag.py:3954} INFO - Setting next_dagrun for youtube_video_stats to 2025-12-23 14:00:00+00:00, run_after=2025-12-24 14:00:00+00:00
[2025-12-24T12:21:30.783+0000] {processor.py:183} INFO - Processing /opt/airflow/dags/main.py took 2.492 seconds
[2025-12-24T12:22:02.162+0000] {processor.py:161} INFO - Started process (PID=13949) to work on /opt/airflow/dags/main.py
[2025-12-24T12:22:02.168+0000] {processor.py:830} INFO - Processing file /opt/airflow/dags/main.py for tasks to queue
[2025-12-24T12:22:02.171+0000] {logging_mixin.py:188} INFO - [2025-12-24T12:22:02.170+0000] {dagbag.py:545} INFO - Filling up the DagBag from /opt/airflow/dags/main.py
[2025-12-24T12:22:03.119+0000] {processor.py:840} INFO - DAG(s) 'update_db', 'youtube_video_stats' retrieved from /opt/airflow/dags/main.py
[2025-12-24T12:22:03.263+0000] {logging_mixin.py:188} INFO - [2025-12-24T12:22:03.261+0000] {dag.py:3096} INFO - Sync 2 DAGs
[2025-12-24T12:22:03.360+0000] {logging_mixin.py:188} INFO - [2025-12-24T12:22:03.357+0000] {dag.py:3954} INFO - Setting next_dagrun for update_db to 2025-12-23 15:00:00+00:00, run_after=2025-12-24 15:00:00+00:00
[2025-12-24T12:22:03.402+0000] {logging_mixin.py:188} INFO - [2025-12-24T12:22:03.402+0000] {dag.py:3954} INFO - Setting next_dagrun for youtube_video_stats to 2025-12-23 14:00:00+00:00, run_after=2025-12-24 14:00:00+00:00
[2025-12-24T12:22:03.515+0000] {processor.py:183} INFO - Processing /opt/airflow/dags/main.py took 1.399 seconds
[2025-12-24T12:22:34.162+0000] {processor.py:161} INFO - Started process (PID=13956) to work on /opt/airflow/dags/main.py
[2025-12-24T12:22:34.165+0000] {processor.py:830} INFO - Processing file /opt/airflow/dags/main.py for tasks to queue
[2025-12-24T12:22:34.167+0000] {logging_mixin.py:188} INFO - [2025-12-24T12:22:34.166+0000] {dagbag.py:545} INFO - Filling up the DagBag from /opt/airflow/dags/main.py
[2025-12-24T12:22:34.351+0000] {processor.py:840} INFO - DAG(s) 'youtube_video_stats', 'update_db' retrieved from /opt/airflow/dags/main.py
[2025-12-24T12:22:34.428+0000] {logging_mixin.py:188} INFO - [2025-12-24T12:22:34.428+0000] {dag.py:3096} INFO - Sync 2 DAGs
[2025-12-24T12:22:34.466+0000] {logging_mixin.py:188} INFO - [2025-12-24T12:22:34.465+0000] {dag.py:3954} INFO - Setting next_dagrun for update_db to 2025-12-23 15:00:00+00:00, run_after=2025-12-24 15:00:00+00:00
[2025-12-24T12:22:34.475+0000] {logging_mixin.py:188} INFO - [2025-12-24T12:22:34.475+0000] {dag.py:3954} INFO - Setting next_dagrun for youtube_video_stats to 2025-12-23 14:00:00+00:00, run_after=2025-12-24 14:00:00+00:00
[2025-12-24T12:22:34.513+0000] {processor.py:183} INFO - Processing /opt/airflow/dags/main.py took 0.361 seconds
[2025-12-24T12:23:04.785+0000] {processor.py:161} INFO - Started process (PID=13963) to work on /opt/airflow/dags/main.py
[2025-12-24T12:23:04.787+0000] {processor.py:830} INFO - Processing file /opt/airflow/dags/main.py for tasks to queue
[2025-12-24T12:23:04.789+0000] {logging_mixin.py:188} INFO - [2025-12-24T12:23:04.788+0000] {dagbag.py:545} INFO - Filling up the DagBag from /opt/airflow/dags/main.py
[2025-12-24T12:23:04.986+0000] {processor.py:840} INFO - DAG(s) 'update_db', 'youtube_video_stats' retrieved from /opt/airflow/dags/main.py
[2025-12-24T12:23:05.050+0000] {logging_mixin.py:188} INFO - [2025-12-24T12:23:05.050+0000] {dag.py:3096} INFO - Sync 2 DAGs
[2025-12-24T12:23:05.098+0000] {logging_mixin.py:188} INFO - [2025-12-24T12:23:05.098+0000] {dag.py:3954} INFO - Setting next_dagrun for update_db to 2025-12-23 15:00:00+00:00, run_after=2025-12-24 15:00:00+00:00
[2025-12-24T12:23:05.109+0000] {logging_mixin.py:188} INFO - [2025-12-24T12:23:05.108+0000] {dag.py:3954} INFO - Setting next_dagrun for youtube_video_stats to 2025-12-23 14:00:00+00:00, run_after=2025-12-24 14:00:00+00:00
[2025-12-24T12:23:05.140+0000] {processor.py:183} INFO - Processing /opt/airflow/dags/main.py took 0.363 seconds
[2025-12-24T12:23:35.559+0000] {processor.py:161} INFO - Started process (PID=13970) to work on /opt/airflow/dags/main.py
[2025-12-24T12:23:35.570+0000] {processor.py:830} INFO - Processing file /opt/airflow/dags/main.py for tasks to queue
[2025-12-24T12:23:35.577+0000] {logging_mixin.py:188} INFO - [2025-12-24T12:23:35.576+0000] {dagbag.py:545} INFO - Filling up the DagBag from /opt/airflow/dags/main.py
[2025-12-24T12:23:36.002+0000] {processor.py:840} INFO - DAG(s) 'update_db', 'youtube_video_stats' retrieved from /opt/airflow/dags/main.py
[2025-12-24T12:23:36.096+0000] {logging_mixin.py:188} INFO - [2025-12-24T12:23:36.095+0000] {dag.py:3096} INFO - Sync 2 DAGs
[2025-12-24T12:23:36.166+0000] {logging_mixin.py:188} INFO - [2025-12-24T12:23:36.166+0000] {dag.py:3954} INFO - Setting next_dagrun for update_db to 2025-12-23 15:00:00+00:00, run_after=2025-12-24 15:00:00+00:00
[2025-12-24T12:23:36.186+0000] {logging_mixin.py:188} INFO - [2025-12-24T12:23:36.185+0000] {dag.py:3954} INFO - Setting next_dagrun for youtube_video_stats to 2025-12-23 14:00:00+00:00, run_after=2025-12-24 14:00:00+00:00
[2025-12-24T12:23:36.243+0000] {processor.py:183} INFO - Processing /opt/airflow/dags/main.py took 0.708 seconds
[2025-12-24T12:24:06.968+0000] {processor.py:161} INFO - Started process (PID=13977) to work on /opt/airflow/dags/main.py
[2025-12-24T12:24:07.003+0000] {processor.py:830} INFO - Processing file /opt/airflow/dags/main.py for tasks to queue
[2025-12-24T12:24:07.007+0000] {logging_mixin.py:188} INFO - [2025-12-24T12:24:07.006+0000] {dagbag.py:545} INFO - Filling up the DagBag from /opt/airflow/dags/main.py
[2025-12-24T12:24:07.216+0000] {processor.py:840} INFO - DAG(s) 'update_db', 'youtube_video_stats' retrieved from /opt/airflow/dags/main.py
[2025-12-24T12:24:07.260+0000] {logging_mixin.py:188} INFO - [2025-12-24T12:24:07.260+0000] {dag.py:3096} INFO - Sync 2 DAGs
[2025-12-24T12:24:07.302+0000] {logging_mixin.py:188} INFO - [2025-12-24T12:24:07.302+0000] {dag.py:3954} INFO - Setting next_dagrun for update_db to 2025-12-23 15:00:00+00:00, run_after=2025-12-24 15:00:00+00:00
[2025-12-24T12:24:07.311+0000] {logging_mixin.py:188} INFO - [2025-12-24T12:24:07.311+0000] {dag.py:3954} INFO - Setting next_dagrun for youtube_video_stats to 2025-12-23 14:00:00+00:00, run_after=2025-12-24 14:00:00+00:00
[2025-12-24T12:24:07.437+0000] {processor.py:183} INFO - Processing /opt/airflow/dags/main.py took 0.477 seconds
[2025-12-24T12:24:38.355+0000] {processor.py:161} INFO - Started process (PID=13984) to work on /opt/airflow/dags/main.py
[2025-12-24T12:24:38.357+0000] {processor.py:830} INFO - Processing file /opt/airflow/dags/main.py for tasks to queue
[2025-12-24T12:24:38.359+0000] {logging_mixin.py:188} INFO - [2025-12-24T12:24:38.359+0000] {dagbag.py:545} INFO - Filling up the DagBag from /opt/airflow/dags/main.py
[2025-12-24T12:24:38.554+0000] {processor.py:840} INFO - DAG(s) 'update_db', 'youtube_video_stats' retrieved from /opt/airflow/dags/main.py
[2025-12-24T12:24:38.620+0000] {logging_mixin.py:188} INFO - [2025-12-24T12:24:38.619+0000] {dag.py:3096} INFO - Sync 2 DAGs
[2025-12-24T12:24:38.658+0000] {logging_mixin.py:188} INFO - [2025-12-24T12:24:38.658+0000] {dag.py:3954} INFO - Setting next_dagrun for update_db to 2025-12-23 15:00:00+00:00, run_after=2025-12-24 15:00:00+00:00
[2025-12-24T12:24:38.668+0000] {logging_mixin.py:188} INFO - [2025-12-24T12:24:38.668+0000] {dag.py:3954} INFO - Setting next_dagrun for youtube_video_stats to 2025-12-23 14:00:00+00:00, run_after=2025-12-24 14:00:00+00:00
[2025-12-24T12:24:38.695+0000] {processor.py:183} INFO - Processing /opt/airflow/dags/main.py took 0.352 seconds
[2025-12-24T12:25:11.069+0000] {processor.py:161} INFO - Started process (PID=13991) to work on /opt/airflow/dags/main.py
[2025-12-24T12:25:11.627+0000] {processor.py:830} INFO - Processing file /opt/airflow/dags/main.py for tasks to queue
[2025-12-24T12:25:11.792+0000] {logging_mixin.py:188} INFO - [2025-12-24T12:25:11.791+0000] {dagbag.py:545} INFO - Filling up the DagBag from /opt/airflow/dags/main.py
[2025-12-24T12:25:17.816+0000] {processor.py:840} INFO - DAG(s) 'update_db', 'youtube_video_stats' retrieved from /opt/airflow/dags/main.py
[2025-12-24T12:25:17.933+0000] {logging_mixin.py:188} INFO - [2025-12-24T12:25:17.932+0000] {dag.py:3096} INFO - Sync 2 DAGs
[2025-12-24T12:25:18.022+0000] {logging_mixin.py:188} INFO - [2025-12-24T12:25:18.022+0000] {dag.py:3954} INFO - Setting next_dagrun for update_db to 2025-12-23 15:00:00+00:00, run_after=2025-12-24 15:00:00+00:00
[2025-12-24T12:25:18.043+0000] {logging_mixin.py:188} INFO - [2025-12-24T12:25:18.042+0000] {dag.py:3954} INFO - Setting next_dagrun for youtube_video_stats to 2025-12-23 14:00:00+00:00, run_after=2025-12-24 14:00:00+00:00
[2025-12-24T12:25:18.124+0000] {processor.py:183} INFO - Processing /opt/airflow/dags/main.py took 7.074 seconds
[2025-12-24T12:25:49.266+0000] {processor.py:161} INFO - Started process (PID=13998) to work on /opt/airflow/dags/main.py
[2025-12-24T12:25:49.407+0000] {processor.py:830} INFO - Processing file /opt/airflow/dags/main.py for tasks to queue
[2025-12-24T12:25:49.409+0000] {logging_mixin.py:188} INFO - [2025-12-24T12:25:49.408+0000] {dagbag.py:545} INFO - Filling up the DagBag from /opt/airflow/dags/main.py
[2025-12-24T12:25:49.630+0000] {processor.py:840} INFO - DAG(s) 'youtube_video_stats', 'update_db' retrieved from /opt/airflow/dags/main.py
[2025-12-24T12:25:49.674+0000] {logging_mixin.py:188} INFO - [2025-12-24T12:25:49.674+0000] {dag.py:3096} INFO - Sync 2 DAGs
[2025-12-24T12:25:49.703+0000] {logging_mixin.py:188} INFO - [2025-12-24T12:25:49.703+0000] {dag.py:3954} INFO - Setting next_dagrun for update_db to 2025-12-23 15:00:00+00:00, run_after=2025-12-24 15:00:00+00:00
[2025-12-24T12:25:49.713+0000] {logging_mixin.py:188} INFO - [2025-12-24T12:25:49.712+0000] {dag.py:3954} INFO - Setting next_dagrun for youtube_video_stats to 2025-12-23 14:00:00+00:00, run_after=2025-12-24 14:00:00+00:00
[2025-12-24T12:25:49.851+0000] {processor.py:183} INFO - Processing /opt/airflow/dags/main.py took 0.593 seconds
[2025-12-24T12:26:21.903+0000] {processor.py:161} INFO - Started process (PID=14005) to work on /opt/airflow/dags/main.py
[2025-12-24T12:26:22.022+0000] {processor.py:830} INFO - Processing file /opt/airflow/dags/main.py for tasks to queue
[2025-12-24T12:26:22.055+0000] {logging_mixin.py:188} INFO - [2025-12-24T12:26:22.054+0000] {dagbag.py:545} INFO - Filling up the DagBag from /opt/airflow/dags/main.py
[2025-12-24T12:26:24.893+0000] {processor.py:840} INFO - DAG(s) 'youtube_video_stats', 'update_db' retrieved from /opt/airflow/dags/main.py
[2025-12-24T12:26:25.018+0000] {logging_mixin.py:188} INFO - [2025-12-24T12:26:25.018+0000] {dag.py:3096} INFO - Sync 2 DAGs
[2025-12-24T12:26:25.097+0000] {logging_mixin.py:188} INFO - [2025-12-24T12:26:25.096+0000] {dag.py:3954} INFO - Setting next_dagrun for update_db to 2025-12-23 15:00:00+00:00, run_after=2025-12-24 15:00:00+00:00
[2025-12-24T12:26:25.107+0000] {logging_mixin.py:188} INFO - [2025-12-24T12:26:25.106+0000] {dag.py:3954} INFO - Setting next_dagrun for youtube_video_stats to 2025-12-23 14:00:00+00:00, run_after=2025-12-24 14:00:00+00:00
[2025-12-24T12:26:25.381+0000] {processor.py:183} INFO - Processing /opt/airflow/dags/main.py took 3.583 seconds
[2025-12-24T12:26:56.064+0000] {processor.py:161} INFO - Started process (PID=14012) to work on /opt/airflow/dags/main.py
[2025-12-24T12:26:56.065+0000] {processor.py:830} INFO - Processing file /opt/airflow/dags/main.py for tasks to queue
[2025-12-24T12:26:56.067+0000] {logging_mixin.py:188} INFO - [2025-12-24T12:26:56.067+0000] {dagbag.py:545} INFO - Filling up the DagBag from /opt/airflow/dags/main.py
[2025-12-24T12:26:56.250+0000] {processor.py:840} INFO - DAG(s) 'youtube_video_stats', 'update_db' retrieved from /opt/airflow/dags/main.py
[2025-12-24T12:26:56.294+0000] {logging_mixin.py:188} INFO - [2025-12-24T12:26:56.294+0000] {dag.py:3096} INFO - Sync 2 DAGs
[2025-12-24T12:26:56.323+0000] {logging_mixin.py:188} INFO - [2025-12-24T12:26:56.322+0000] {dag.py:3954} INFO - Setting next_dagrun for update_db to 2025-12-23 15:00:00+00:00, run_after=2025-12-24 15:00:00+00:00
[2025-12-24T12:26:56.332+0000] {logging_mixin.py:188} INFO - [2025-12-24T12:26:56.331+0000] {dag.py:3954} INFO - Setting next_dagrun for youtube_video_stats to 2025-12-23 14:00:00+00:00, run_after=2025-12-24 14:00:00+00:00
[2025-12-24T12:26:56.355+0000] {processor.py:183} INFO - Processing /opt/airflow/dags/main.py took 0.303 seconds
[2025-12-24T12:27:26.603+0000] {processor.py:161} INFO - Started process (PID=14019) to work on /opt/airflow/dags/main.py
[2025-12-24T12:27:26.604+0000] {processor.py:830} INFO - Processing file /opt/airflow/dags/main.py for tasks to queue
[2025-12-24T12:27:26.605+0000] {logging_mixin.py:188} INFO - [2025-12-24T12:27:26.605+0000] {dagbag.py:545} INFO - Filling up the DagBag from /opt/airflow/dags/main.py
[2025-12-24T12:27:26.693+0000] {processor.py:840} INFO - DAG(s) 'update_db', 'youtube_video_stats' retrieved from /opt/airflow/dags/main.py
[2025-12-24T12:27:26.724+0000] {logging_mixin.py:188} INFO - [2025-12-24T12:27:26.723+0000] {dag.py:3096} INFO - Sync 2 DAGs
[2025-12-24T12:27:26.747+0000] {logging_mixin.py:188} INFO - [2025-12-24T12:27:26.746+0000] {dag.py:3954} INFO - Setting next_dagrun for update_db to 2025-12-23 15:00:00+00:00, run_after=2025-12-24 15:00:00+00:00
[2025-12-24T12:27:26.753+0000] {logging_mixin.py:188} INFO - [2025-12-24T12:27:26.753+0000] {dag.py:3954} INFO - Setting next_dagrun for youtube_video_stats to 2025-12-23 14:00:00+00:00, run_after=2025-12-24 14:00:00+00:00
[2025-12-24T12:27:26.774+0000] {processor.py:183} INFO - Processing /opt/airflow/dags/main.py took 0.177 seconds
[2025-12-24T12:27:56.913+0000] {processor.py:161} INFO - Started process (PID=14026) to work on /opt/airflow/dags/main.py
[2025-12-24T12:27:56.914+0000] {processor.py:830} INFO - Processing file /opt/airflow/dags/main.py for tasks to queue
[2025-12-24T12:27:56.915+0000] {logging_mixin.py:188} INFO - [2025-12-24T12:27:56.915+0000] {dagbag.py:545} INFO - Filling up the DagBag from /opt/airflow/dags/main.py
[2025-12-24T12:27:57.002+0000] {processor.py:840} INFO - DAG(s) 'youtube_video_stats', 'update_db' retrieved from /opt/airflow/dags/main.py
[2025-12-24T12:27:57.032+0000] {logging_mixin.py:188} INFO - [2025-12-24T12:27:57.032+0000] {dag.py:3096} INFO - Sync 2 DAGs
[2025-12-24T12:27:57.053+0000] {logging_mixin.py:188} INFO - [2025-12-24T12:27:57.053+0000] {dag.py:3954} INFO - Setting next_dagrun for update_db to 2025-12-23 15:00:00+00:00, run_after=2025-12-24 15:00:00+00:00
[2025-12-24T12:27:57.059+0000] {logging_mixin.py:188} INFO - [2025-12-24T12:27:57.058+0000] {dag.py:3954} INFO - Setting next_dagrun for youtube_video_stats to 2025-12-23 14:00:00+00:00, run_after=2025-12-24 14:00:00+00:00
[2025-12-24T12:27:57.076+0000] {processor.py:183} INFO - Processing /opt/airflow/dags/main.py took 0.169 seconds
[2025-12-24T12:28:27.570+0000] {processor.py:161} INFO - Started process (PID=14033) to work on /opt/airflow/dags/main.py
[2025-12-24T12:28:27.574+0000] {processor.py:830} INFO - Processing file /opt/airflow/dags/main.py for tasks to queue
[2025-12-24T12:28:27.576+0000] {logging_mixin.py:188} INFO - [2025-12-24T12:28:27.575+0000] {dagbag.py:545} INFO - Filling up the DagBag from /opt/airflow/dags/main.py
[2025-12-24T12:28:27.861+0000] {processor.py:840} INFO - DAG(s) 'update_db', 'youtube_video_stats' retrieved from /opt/airflow/dags/main.py
[2025-12-24T12:28:27.954+0000] {logging_mixin.py:188} INFO - [2025-12-24T12:28:27.954+0000] {dag.py:3096} INFO - Sync 2 DAGs
[2025-12-24T12:28:28.001+0000] {logging_mixin.py:188} INFO - [2025-12-24T12:28:28.001+0000] {dag.py:3954} INFO - Setting next_dagrun for update_db to 2025-12-23 15:00:00+00:00, run_after=2025-12-24 15:00:00+00:00
[2025-12-24T12:28:28.013+0000] {logging_mixin.py:188} INFO - [2025-12-24T12:28:28.013+0000] {dag.py:3954} INFO - Setting next_dagrun for youtube_video_stats to 2025-12-23 14:00:00+00:00, run_after=2025-12-24 14:00:00+00:00
[2025-12-24T12:28:28.046+0000] {processor.py:183} INFO - Processing /opt/airflow/dags/main.py took 0.492 seconds
[2025-12-24T12:28:58.354+0000] {processor.py:161} INFO - Started process (PID=14040) to work on /opt/airflow/dags/main.py
[2025-12-24T12:28:58.356+0000] {processor.py:830} INFO - Processing file /opt/airflow/dags/main.py for tasks to queue
[2025-12-24T12:28:58.358+0000] {logging_mixin.py:188} INFO - [2025-12-24T12:28:58.358+0000] {dagbag.py:545} INFO - Filling up the DagBag from /opt/airflow/dags/main.py
[2025-12-24T12:28:58.672+0000] {processor.py:840} INFO - DAG(s) 'youtube_video_stats', 'update_db' retrieved from /opt/airflow/dags/main.py
[2025-12-24T12:28:58.750+0000] {logging_mixin.py:188} INFO - [2025-12-24T12:28:58.749+0000] {dag.py:3096} INFO - Sync 2 DAGs
[2025-12-24T12:28:58.814+0000] {logging_mixin.py:188} INFO - [2025-12-24T12:28:58.814+0000] {dag.py:3954} INFO - Setting next_dagrun for update_db to 2025-12-23 15:00:00+00:00, run_after=2025-12-24 15:00:00+00:00
[2025-12-24T12:28:58.838+0000] {logging_mixin.py:188} INFO - [2025-12-24T12:28:58.837+0000] {dag.py:3954} INFO - Setting next_dagrun for youtube_video_stats to 2025-12-23 14:00:00+00:00, run_after=2025-12-24 14:00:00+00:00
[2025-12-24T12:28:58.883+0000] {processor.py:183} INFO - Processing /opt/airflow/dags/main.py took 0.547 seconds
[2025-12-24T12:29:29.385+0000] {processor.py:161} INFO - Started process (PID=14047) to work on /opt/airflow/dags/main.py
[2025-12-24T12:29:29.387+0000] {processor.py:830} INFO - Processing file /opt/airflow/dags/main.py for tasks to queue
[2025-12-24T12:29:29.388+0000] {logging_mixin.py:188} INFO - [2025-12-24T12:29:29.388+0000] {dagbag.py:545} INFO - Filling up the DagBag from /opt/airflow/dags/main.py
[2025-12-24T12:29:29.515+0000] {processor.py:840} INFO - DAG(s) 'update_db', 'youtube_video_stats' retrieved from /opt/airflow/dags/main.py
[2025-12-24T12:29:29.550+0000] {logging_mixin.py:188} INFO - [2025-12-24T12:29:29.550+0000] {dag.py:3096} INFO - Sync 2 DAGs
[2025-12-24T12:29:29.575+0000] {logging_mixin.py:188} INFO - [2025-12-24T12:29:29.575+0000] {dag.py:3954} INFO - Setting next_dagrun for update_db to 2025-12-23 15:00:00+00:00, run_after=2025-12-24 15:00:00+00:00
[2025-12-24T12:29:29.581+0000] {logging_mixin.py:188} INFO - [2025-12-24T12:29:29.581+0000] {dag.py:3954} INFO - Setting next_dagrun for youtube_video_stats to 2025-12-23 14:00:00+00:00, run_after=2025-12-24 14:00:00+00:00
[2025-12-24T12:29:29.606+0000] {processor.py:183} INFO - Processing /opt/airflow/dags/main.py took 0.228 seconds
[2025-12-24T12:30:00.020+0000] {processor.py:161} INFO - Started process (PID=14054) to work on /opt/airflow/dags/main.py
[2025-12-24T12:30:00.026+0000] {processor.py:830} INFO - Processing file /opt/airflow/dags/main.py for tasks to queue
[2025-12-24T12:30:00.061+0000] {logging_mixin.py:188} INFO - [2025-12-24T12:30:00.057+0000] {dagbag.py:545} INFO - Filling up the DagBag from /opt/airflow/dags/main.py
[2025-12-24T12:30:00.266+0000] {processor.py:840} INFO - DAG(s) 'update_db', 'youtube_video_stats' retrieved from /opt/airflow/dags/main.py
[2025-12-24T12:30:00.307+0000] {logging_mixin.py:188} INFO - [2025-12-24T12:30:00.307+0000] {dag.py:3096} INFO - Sync 2 DAGs
[2025-12-24T12:30:00.341+0000] {logging_mixin.py:188} INFO - [2025-12-24T12:30:00.340+0000] {dag.py:3954} INFO - Setting next_dagrun for update_db to 2025-12-23 15:00:00+00:00, run_after=2025-12-24 15:00:00+00:00
[2025-12-24T12:30:00.349+0000] {logging_mixin.py:188} INFO - [2025-12-24T12:30:00.349+0000] {dag.py:3954} INFO - Setting next_dagrun for youtube_video_stats to 2025-12-23 14:00:00+00:00, run_after=2025-12-24 14:00:00+00:00
[2025-12-24T12:30:00.375+0000] {processor.py:183} INFO - Processing /opt/airflow/dags/main.py took 0.369 seconds
[2025-12-24T12:30:30.670+0000] {processor.py:161} INFO - Started process (PID=14061) to work on /opt/airflow/dags/main.py
[2025-12-24T12:30:30.671+0000] {processor.py:830} INFO - Processing file /opt/airflow/dags/main.py for tasks to queue
[2025-12-24T12:30:30.673+0000] {logging_mixin.py:188} INFO - [2025-12-24T12:30:30.673+0000] {dagbag.py:545} INFO - Filling up the DagBag from /opt/airflow/dags/main.py
[2025-12-24T12:30:30.799+0000] {processor.py:840} INFO - DAG(s) 'update_db', 'youtube_video_stats' retrieved from /opt/airflow/dags/main.py
[2025-12-24T12:30:30.835+0000] {logging_mixin.py:188} INFO - [2025-12-24T12:30:30.835+0000] {dag.py:3096} INFO - Sync 2 DAGs
[2025-12-24T12:30:30.861+0000] {logging_mixin.py:188} INFO - [2025-12-24T12:30:30.861+0000] {dag.py:3954} INFO - Setting next_dagrun for update_db to 2025-12-23 15:00:00+00:00, run_after=2025-12-24 15:00:00+00:00
[2025-12-24T12:30:30.868+0000] {logging_mixin.py:188} INFO - [2025-12-24T12:30:30.868+0000] {dag.py:3954} INFO - Setting next_dagrun for youtube_video_stats to 2025-12-23 14:00:00+00:00, run_after=2025-12-24 14:00:00+00:00
[2025-12-24T12:30:30.891+0000] {processor.py:183} INFO - Processing /opt/airflow/dags/main.py took 0.229 seconds
[2025-12-24T12:31:00.965+0000] {processor.py:161} INFO - Started process (PID=14069) to work on /opt/airflow/dags/main.py
[2025-12-24T12:31:00.966+0000] {processor.py:830} INFO - Processing file /opt/airflow/dags/main.py for tasks to queue
[2025-12-24T12:31:00.967+0000] {logging_mixin.py:188} INFO - [2025-12-24T12:31:00.967+0000] {dagbag.py:545} INFO - Filling up the DagBag from /opt/airflow/dags/main.py
[2025-12-24T12:31:01.068+0000] {processor.py:840} INFO - DAG(s) 'youtube_video_stats', 'update_db' retrieved from /opt/airflow/dags/main.py
[2025-12-24T12:31:01.113+0000] {logging_mixin.py:188} INFO - [2025-12-24T12:31:01.113+0000] {dag.py:3096} INFO - Sync 2 DAGs
[2025-12-24T12:31:01.142+0000] {logging_mixin.py:188} INFO - [2025-12-24T12:31:01.142+0000] {dag.py:3954} INFO - Setting next_dagrun for update_db to 2025-12-23 15:00:00+00:00, run_after=2025-12-24 15:00:00+00:00
[2025-12-24T12:31:01.149+0000] {logging_mixin.py:188} INFO - [2025-12-24T12:31:01.148+0000] {dag.py:3954} INFO - Setting next_dagrun for youtube_video_stats to 2025-12-23 14:00:00+00:00, run_after=2025-12-24 14:00:00+00:00
[2025-12-24T12:31:01.230+0000] {processor.py:183} INFO - Processing /opt/airflow/dags/main.py took 0.272 seconds
[2025-12-24T12:31:31.794+0000] {processor.py:161} INFO - Started process (PID=14076) to work on /opt/airflow/dags/main.py
[2025-12-24T12:31:31.796+0000] {processor.py:830} INFO - Processing file /opt/airflow/dags/main.py for tasks to queue
[2025-12-24T12:31:31.797+0000] {logging_mixin.py:188} INFO - [2025-12-24T12:31:31.797+0000] {dagbag.py:545} INFO - Filling up the DagBag from /opt/airflow/dags/main.py
[2025-12-24T12:31:31.942+0000] {processor.py:840} INFO - DAG(s) 'youtube_video_stats', 'update_db' retrieved from /opt/airflow/dags/main.py
[2025-12-24T12:31:31.988+0000] {logging_mixin.py:188} INFO - [2025-12-24T12:31:31.988+0000] {dag.py:3096} INFO - Sync 2 DAGs
[2025-12-24T12:31:32.025+0000] {logging_mixin.py:188} INFO - [2025-12-24T12:31:32.025+0000] {dag.py:3954} INFO - Setting next_dagrun for update_db to 2025-12-23 15:00:00+00:00, run_after=2025-12-24 15:00:00+00:00
[2025-12-24T12:31:32.032+0000] {logging_mixin.py:188} INFO - [2025-12-24T12:31:32.032+0000] {dag.py:3954} INFO - Setting next_dagrun for youtube_video_stats to 2025-12-23 14:00:00+00:00, run_after=2025-12-24 14:00:00+00:00
[2025-12-24T12:31:32.056+0000] {processor.py:183} INFO - Processing /opt/airflow/dags/main.py took 0.287 seconds
[2025-12-24T12:32:02.381+0000] {processor.py:161} INFO - Started process (PID=14083) to work on /opt/airflow/dags/main.py
[2025-12-24T12:32:02.382+0000] {processor.py:830} INFO - Processing file /opt/airflow/dags/main.py for tasks to queue
[2025-12-24T12:32:02.383+0000] {logging_mixin.py:188} INFO - [2025-12-24T12:32:02.383+0000] {dagbag.py:545} INFO - Filling up the DagBag from /opt/airflow/dags/main.py
[2025-12-24T12:32:02.490+0000] {processor.py:840} INFO - DAG(s) 'youtube_video_stats', 'update_db' retrieved from /opt/airflow/dags/main.py
[2025-12-24T12:32:02.520+0000] {logging_mixin.py:188} INFO - [2025-12-24T12:32:02.520+0000] {dag.py:3096} INFO - Sync 2 DAGs
[2025-12-24T12:32:02.541+0000] {logging_mixin.py:188} INFO - [2025-12-24T12:32:02.541+0000] {dag.py:3954} INFO - Setting next_dagrun for update_db to 2025-12-23 15:00:00+00:00, run_after=2025-12-24 15:00:00+00:00
[2025-12-24T12:32:02.547+0000] {logging_mixin.py:188} INFO - [2025-12-24T12:32:02.547+0000] {dag.py:3954} INFO - Setting next_dagrun for youtube_video_stats to 2025-12-23 14:00:00+00:00, run_after=2025-12-24 14:00:00+00:00
[2025-12-24T12:32:02.579+0000] {processor.py:183} INFO - Processing /opt/airflow/dags/main.py took 0.205 seconds
[2025-12-24T12:32:32.997+0000] {processor.py:161} INFO - Started process (PID=14090) to work on /opt/airflow/dags/main.py
[2025-12-24T12:32:32.998+0000] {processor.py:830} INFO - Processing file /opt/airflow/dags/main.py for tasks to queue
[2025-12-24T12:32:32.999+0000] {logging_mixin.py:188} INFO - [2025-12-24T12:32:32.999+0000] {dagbag.py:545} INFO - Filling up the DagBag from /opt/airflow/dags/main.py
[2025-12-24T12:32:33.092+0000] {processor.py:840} INFO - DAG(s) 'update_db', 'youtube_video_stats' retrieved from /opt/airflow/dags/main.py
[2025-12-24T12:32:33.127+0000] {logging_mixin.py:188} INFO - [2025-12-24T12:32:33.126+0000] {dag.py:3096} INFO - Sync 2 DAGs
[2025-12-24T12:32:33.151+0000] {logging_mixin.py:188} INFO - [2025-12-24T12:32:33.151+0000] {dag.py:3954} INFO - Setting next_dagrun for update_db to 2025-12-23 15:00:00+00:00, run_after=2025-12-24 15:00:00+00:00
[2025-12-24T12:32:33.157+0000] {logging_mixin.py:188} INFO - [2025-12-24T12:32:33.157+0000] {dag.py:3954} INFO - Setting next_dagrun for youtube_video_stats to 2025-12-23 14:00:00+00:00, run_after=2025-12-24 14:00:00+00:00
[2025-12-24T12:32:33.178+0000] {processor.py:183} INFO - Processing /opt/airflow/dags/main.py took 0.188 seconds
[2025-12-24T12:33:03.411+0000] {processor.py:161} INFO - Started process (PID=14096) to work on /opt/airflow/dags/main.py
[2025-12-24T12:33:03.412+0000] {processor.py:830} INFO - Processing file /opt/airflow/dags/main.py for tasks to queue
[2025-12-24T12:33:03.413+0000] {logging_mixin.py:188} INFO - [2025-12-24T12:33:03.413+0000] {dagbag.py:545} INFO - Filling up the DagBag from /opt/airflow/dags/main.py
[2025-12-24T12:33:03.504+0000] {processor.py:840} INFO - DAG(s) 'youtube_video_stats', 'update_db' retrieved from /opt/airflow/dags/main.py
[2025-12-24T12:33:03.536+0000] {logging_mixin.py:188} INFO - [2025-12-24T12:33:03.536+0000] {dag.py:3096} INFO - Sync 2 DAGs
[2025-12-24T12:33:03.559+0000] {logging_mixin.py:188} INFO - [2025-12-24T12:33:03.559+0000] {dag.py:3954} INFO - Setting next_dagrun for update_db to 2025-12-23 15:00:00+00:00, run_after=2025-12-24 15:00:00+00:00
[2025-12-24T12:33:03.566+0000] {logging_mixin.py:188} INFO - [2025-12-24T12:33:03.565+0000] {dag.py:3954} INFO - Setting next_dagrun for youtube_video_stats to 2025-12-23 14:00:00+00:00, run_after=2025-12-24 14:00:00+00:00
[2025-12-24T12:33:03.586+0000] {processor.py:183} INFO - Processing /opt/airflow/dags/main.py took 0.181 seconds
[2025-12-24T12:33:34.057+0000] {processor.py:161} INFO - Started process (PID=14103) to work on /opt/airflow/dags/main.py
[2025-12-24T12:33:34.058+0000] {processor.py:830} INFO - Processing file /opt/airflow/dags/main.py for tasks to queue
[2025-12-24T12:33:34.059+0000] {logging_mixin.py:188} INFO - [2025-12-24T12:33:34.059+0000] {dagbag.py:545} INFO - Filling up the DagBag from /opt/airflow/dags/main.py
[2025-12-24T12:33:34.141+0000] {processor.py:840} INFO - DAG(s) 'youtube_video_stats', 'update_db' retrieved from /opt/airflow/dags/main.py
[2025-12-24T12:33:34.167+0000] {logging_mixin.py:188} INFO - [2025-12-24T12:33:34.166+0000] {dag.py:3096} INFO - Sync 2 DAGs
[2025-12-24T12:33:34.188+0000] {logging_mixin.py:188} INFO - [2025-12-24T12:33:34.187+0000] {dag.py:3954} INFO - Setting next_dagrun for update_db to 2025-12-23 15:00:00+00:00, run_after=2025-12-24 15:00:00+00:00
[2025-12-24T12:33:34.192+0000] {logging_mixin.py:188} INFO - [2025-12-24T12:33:34.192+0000] {dag.py:3954} INFO - Setting next_dagrun for youtube_video_stats to 2025-12-23 14:00:00+00:00, run_after=2025-12-24 14:00:00+00:00
[2025-12-24T12:33:34.208+0000] {processor.py:183} INFO - Processing /opt/airflow/dags/main.py took 0.158 seconds
[2025-12-24T12:34:04.444+0000] {processor.py:161} INFO - Started process (PID=14110) to work on /opt/airflow/dags/main.py
[2025-12-24T12:34:04.446+0000] {processor.py:830} INFO - Processing file /opt/airflow/dags/main.py for tasks to queue
[2025-12-24T12:34:04.447+0000] {logging_mixin.py:188} INFO - [2025-12-24T12:34:04.447+0000] {dagbag.py:545} INFO - Filling up the DagBag from /opt/airflow/dags/main.py
[2025-12-24T12:34:04.554+0000] {processor.py:840} INFO - DAG(s) 'update_db', 'youtube_video_stats' retrieved from /opt/airflow/dags/main.py
[2025-12-24T12:34:04.591+0000] {logging_mixin.py:188} INFO - [2025-12-24T12:34:04.590+0000] {dag.py:3096} INFO - Sync 2 DAGs
[2025-12-24T12:34:04.614+0000] {logging_mixin.py:188} INFO - [2025-12-24T12:34:04.614+0000] {dag.py:3954} INFO - Setting next_dagrun for update_db to 2025-12-23 15:00:00+00:00, run_after=2025-12-24 15:00:00+00:00
[2025-12-24T12:34:04.620+0000] {logging_mixin.py:188} INFO - [2025-12-24T12:34:04.620+0000] {dag.py:3954} INFO - Setting next_dagrun for youtube_video_stats to 2025-12-23 14:00:00+00:00, run_after=2025-12-24 14:00:00+00:00
[2025-12-24T12:34:04.643+0000] {processor.py:183} INFO - Processing /opt/airflow/dags/main.py took 0.207 seconds
[2025-12-24T12:34:34.899+0000] {processor.py:161} INFO - Started process (PID=14117) to work on /opt/airflow/dags/main.py
[2025-12-24T12:34:34.901+0000] {processor.py:830} INFO - Processing file /opt/airflow/dags/main.py for tasks to queue
[2025-12-24T12:34:34.902+0000] {logging_mixin.py:188} INFO - [2025-12-24T12:34:34.902+0000] {dagbag.py:545} INFO - Filling up the DagBag from /opt/airflow/dags/main.py
[2025-12-24T12:34:35.005+0000] {processor.py:840} INFO - DAG(s) 'youtube_video_stats', 'update_db' retrieved from /opt/airflow/dags/main.py
[2025-12-24T12:34:35.042+0000] {logging_mixin.py:188} INFO - [2025-12-24T12:34:35.042+0000] {dag.py:3096} INFO - Sync 2 DAGs
[2025-12-24T12:34:35.066+0000] {logging_mixin.py:188} INFO - [2025-12-24T12:34:35.066+0000] {dag.py:3954} INFO - Setting next_dagrun for update_db to 2025-12-23 15:00:00+00:00, run_after=2025-12-24 15:00:00+00:00
[2025-12-24T12:34:35.072+0000] {logging_mixin.py:188} INFO - [2025-12-24T12:34:35.072+0000] {dag.py:3954} INFO - Setting next_dagrun for youtube_video_stats to 2025-12-23 14:00:00+00:00, run_after=2025-12-24 14:00:00+00:00
[2025-12-24T12:34:35.093+0000] {processor.py:183} INFO - Processing /opt/airflow/dags/main.py took 0.202 seconds
[2025-12-24T12:35:05.199+0000] {processor.py:161} INFO - Started process (PID=14124) to work on /opt/airflow/dags/main.py
[2025-12-24T12:35:05.201+0000] {processor.py:830} INFO - Processing file /opt/airflow/dags/main.py for tasks to queue
[2025-12-24T12:35:05.202+0000] {logging_mixin.py:188} INFO - [2025-12-24T12:35:05.202+0000] {dagbag.py:545} INFO - Filling up the DagBag from /opt/airflow/dags/main.py
[2025-12-24T12:35:05.321+0000] {processor.py:840} INFO - DAG(s) 'update_db', 'youtube_video_stats' retrieved from /opt/airflow/dags/main.py
[2025-12-24T12:35:05.353+0000] {logging_mixin.py:188} INFO - [2025-12-24T12:35:05.353+0000] {dag.py:3096} INFO - Sync 2 DAGs
[2025-12-24T12:35:05.376+0000] {logging_mixin.py:188} INFO - [2025-12-24T12:35:05.376+0000] {dag.py:3954} INFO - Setting next_dagrun for update_db to 2025-12-23 15:00:00+00:00, run_after=2025-12-24 15:00:00+00:00
[2025-12-24T12:35:05.383+0000] {logging_mixin.py:188} INFO - [2025-12-24T12:35:05.383+0000] {dag.py:3954} INFO - Setting next_dagrun for youtube_video_stats to 2025-12-23 14:00:00+00:00, run_after=2025-12-24 14:00:00+00:00
[2025-12-24T12:35:05.406+0000] {processor.py:183} INFO - Processing /opt/airflow/dags/main.py took 0.214 seconds
[2025-12-24T12:35:35.671+0000] {processor.py:161} INFO - Started process (PID=14131) to work on /opt/airflow/dags/main.py
[2025-12-24T12:35:35.672+0000] {processor.py:830} INFO - Processing file /opt/airflow/dags/main.py for tasks to queue
[2025-12-24T12:35:35.673+0000] {logging_mixin.py:188} INFO - [2025-12-24T12:35:35.673+0000] {dagbag.py:545} INFO - Filling up the DagBag from /opt/airflow/dags/main.py
[2025-12-24T12:35:35.756+0000] {processor.py:840} INFO - DAG(s) 'youtube_video_stats', 'update_db' retrieved from /opt/airflow/dags/main.py
[2025-12-24T12:35:35.793+0000] {logging_mixin.py:188} INFO - [2025-12-24T12:35:35.793+0000] {dag.py:3096} INFO - Sync 2 DAGs
[2025-12-24T12:35:35.816+0000] {logging_mixin.py:188} INFO - [2025-12-24T12:35:35.816+0000] {dag.py:3954} INFO - Setting next_dagrun for update_db to 2025-12-23 15:00:00+00:00, run_after=2025-12-24 15:00:00+00:00
[2025-12-24T12:35:35.822+0000] {logging_mixin.py:188} INFO - [2025-12-24T12:35:35.822+0000] {dag.py:3954} INFO - Setting next_dagrun for youtube_video_stats to 2025-12-23 14:00:00+00:00, run_after=2025-12-24 14:00:00+00:00
[2025-12-24T12:35:35.843+0000] {processor.py:183} INFO - Processing /opt/airflow/dags/main.py took 0.178 seconds
[2025-12-24T12:36:06.171+0000] {processor.py:161} INFO - Started process (PID=14138) to work on /opt/airflow/dags/main.py
[2025-12-24T12:36:06.173+0000] {processor.py:830} INFO - Processing file /opt/airflow/dags/main.py for tasks to queue
[2025-12-24T12:36:06.175+0000] {logging_mixin.py:188} INFO - [2025-12-24T12:36:06.174+0000] {dagbag.py:545} INFO - Filling up the DagBag from /opt/airflow/dags/main.py
[2025-12-24T12:36:06.370+0000] {processor.py:840} INFO - DAG(s) 'youtube_video_stats', 'update_db' retrieved from /opt/airflow/dags/main.py
[2025-12-24T12:36:06.458+0000] {logging_mixin.py:188} INFO - [2025-12-24T12:36:06.457+0000] {dag.py:3096} INFO - Sync 2 DAGs
[2025-12-24T12:36:06.530+0000] {logging_mixin.py:188} INFO - [2025-12-24T12:36:06.529+0000] {dag.py:3954} INFO - Setting next_dagrun for update_db to 2025-12-23 15:00:00+00:00, run_after=2025-12-24 15:00:00+00:00
[2025-12-24T12:36:06.549+0000] {logging_mixin.py:188} INFO - [2025-12-24T12:36:06.549+0000] {dag.py:3954} INFO - Setting next_dagrun for youtube_video_stats to 2025-12-23 14:00:00+00:00, run_after=2025-12-24 14:00:00+00:00
[2025-12-24T12:36:06.604+0000] {processor.py:183} INFO - Processing /opt/airflow/dags/main.py took 0.450 seconds
[2025-12-24T12:36:37.149+0000] {processor.py:161} INFO - Started process (PID=14145) to work on /opt/airflow/dags/main.py
[2025-12-24T12:36:37.151+0000] {processor.py:830} INFO - Processing file /opt/airflow/dags/main.py for tasks to queue
[2025-12-24T12:36:37.152+0000] {logging_mixin.py:188} INFO - [2025-12-24T12:36:37.152+0000] {dagbag.py:545} INFO - Filling up the DagBag from /opt/airflow/dags/main.py
[2025-12-24T12:36:37.312+0000] {processor.py:840} INFO - DAG(s) 'youtube_video_stats', 'update_db' retrieved from /opt/airflow/dags/main.py
[2025-12-24T12:36:37.348+0000] {logging_mixin.py:188} INFO - [2025-12-24T12:36:37.348+0000] {dag.py:3096} INFO - Sync 2 DAGs
[2025-12-24T12:36:37.375+0000] {logging_mixin.py:188} INFO - [2025-12-24T12:36:37.375+0000] {dag.py:3954} INFO - Setting next_dagrun for update_db to 2025-12-23 15:00:00+00:00, run_after=2025-12-24 15:00:00+00:00
[2025-12-24T12:36:37.381+0000] {logging_mixin.py:188} INFO - [2025-12-24T12:36:37.381+0000] {dag.py:3954} INFO - Setting next_dagrun for youtube_video_stats to 2025-12-23 14:00:00+00:00, run_after=2025-12-24 14:00:00+00:00
[2025-12-24T12:36:37.418+0000] {processor.py:183} INFO - Processing /opt/airflow/dags/main.py took 0.277 seconds
[2025-12-24T12:37:07.675+0000] {processor.py:161} INFO - Started process (PID=14152) to work on /opt/airflow/dags/main.py
[2025-12-24T12:37:07.676+0000] {processor.py:830} INFO - Processing file /opt/airflow/dags/main.py for tasks to queue
[2025-12-24T12:37:07.677+0000] {logging_mixin.py:188} INFO - [2025-12-24T12:37:07.677+0000] {dagbag.py:545} INFO - Filling up the DagBag from /opt/airflow/dags/main.py
[2025-12-24T12:37:07.761+0000] {processor.py:840} INFO - DAG(s) 'update_db', 'youtube_video_stats' retrieved from /opt/airflow/dags/main.py
[2025-12-24T12:37:07.791+0000] {logging_mixin.py:188} INFO - [2025-12-24T12:37:07.791+0000] {dag.py:3096} INFO - Sync 2 DAGs
[2025-12-24T12:37:07.811+0000] {logging_mixin.py:188} INFO - [2025-12-24T12:37:07.811+0000] {dag.py:3954} INFO - Setting next_dagrun for update_db to 2025-12-23 15:00:00+00:00, run_after=2025-12-24 15:00:00+00:00
[2025-12-24T12:37:07.817+0000] {logging_mixin.py:188} INFO - [2025-12-24T12:37:07.817+0000] {dag.py:3954} INFO - Setting next_dagrun for youtube_video_stats to 2025-12-23 14:00:00+00:00, run_after=2025-12-24 14:00:00+00:00
[2025-12-24T12:37:07.839+0000] {processor.py:183} INFO - Processing /opt/airflow/dags/main.py took 0.169 seconds
[2025-12-24T12:37:38.492+0000] {processor.py:161} INFO - Started process (PID=14159) to work on /opt/airflow/dags/main.py
[2025-12-24T12:37:38.493+0000] {processor.py:830} INFO - Processing file /opt/airflow/dags/main.py for tasks to queue
[2025-12-24T12:37:38.495+0000] {logging_mixin.py:188} INFO - [2025-12-24T12:37:38.494+0000] {dagbag.py:545} INFO - Filling up the DagBag from /opt/airflow/dags/main.py
[2025-12-24T12:37:38.656+0000] {processor.py:840} INFO - DAG(s) 'update_db', 'youtube_video_stats' retrieved from /opt/airflow/dags/main.py
[2025-12-24T12:37:38.702+0000] {logging_mixin.py:188} INFO - [2025-12-24T12:37:38.702+0000] {dag.py:3096} INFO - Sync 2 DAGs
[2025-12-24T12:37:38.728+0000] {logging_mixin.py:188} INFO - [2025-12-24T12:37:38.727+0000] {dag.py:3954} INFO - Setting next_dagrun for update_db to 2025-12-23 15:00:00+00:00, run_after=2025-12-24 15:00:00+00:00
[2025-12-24T12:37:38.734+0000] {logging_mixin.py:188} INFO - [2025-12-24T12:37:38.733+0000] {dag.py:3954} INFO - Setting next_dagrun for youtube_video_stats to 2025-12-23 14:00:00+00:00, run_after=2025-12-24 14:00:00+00:00
[2025-12-24T12:37:38.758+0000] {processor.py:183} INFO - Processing /opt/airflow/dags/main.py took 0.275 seconds
[2025-12-24T12:38:09.062+0000] {processor.py:161} INFO - Started process (PID=14166) to work on /opt/airflow/dags/main.py
[2025-12-24T12:38:09.064+0000] {processor.py:830} INFO - Processing file /opt/airflow/dags/main.py for tasks to queue
[2025-12-24T12:38:09.064+0000] {logging_mixin.py:188} INFO - [2025-12-24T12:38:09.064+0000] {dagbag.py:545} INFO - Filling up the DagBag from /opt/airflow/dags/main.py
[2025-12-24T12:38:09.145+0000] {processor.py:840} INFO - DAG(s) 'youtube_video_stats', 'update_db' retrieved from /opt/airflow/dags/main.py
[2025-12-24T12:38:09.173+0000] {logging_mixin.py:188} INFO - [2025-12-24T12:38:09.173+0000] {dag.py:3096} INFO - Sync 2 DAGs
[2025-12-24T12:38:09.194+0000] {logging_mixin.py:188} INFO - [2025-12-24T12:38:09.194+0000] {dag.py:3954} INFO - Setting next_dagrun for update_db to 2025-12-23 15:00:00+00:00, run_after=2025-12-24 15:00:00+00:00
[2025-12-24T12:38:09.199+0000] {logging_mixin.py:188} INFO - [2025-12-24T12:38:09.199+0000] {dag.py:3954} INFO - Setting next_dagrun for youtube_video_stats to 2025-12-23 14:00:00+00:00, run_after=2025-12-24 14:00:00+00:00
[2025-12-24T12:38:09.216+0000] {processor.py:183} INFO - Processing /opt/airflow/dags/main.py took 0.159 seconds
[2025-12-24T12:38:39.323+0000] {processor.py:161} INFO - Started process (PID=14173) to work on /opt/airflow/dags/main.py
[2025-12-24T12:38:39.324+0000] {processor.py:830} INFO - Processing file /opt/airflow/dags/main.py for tasks to queue
[2025-12-24T12:38:39.326+0000] {logging_mixin.py:188} INFO - [2025-12-24T12:38:39.325+0000] {dagbag.py:545} INFO - Filling up the DagBag from /opt/airflow/dags/main.py
[2025-12-24T12:38:39.402+0000] {processor.py:840} INFO - DAG(s) 'update_db', 'youtube_video_stats' retrieved from /opt/airflow/dags/main.py
[2025-12-24T12:38:39.430+0000] {logging_mixin.py:188} INFO - [2025-12-24T12:38:39.430+0000] {dag.py:3096} INFO - Sync 2 DAGs
[2025-12-24T12:38:39.450+0000] {logging_mixin.py:188} INFO - [2025-12-24T12:38:39.450+0000] {dag.py:3954} INFO - Setting next_dagrun for update_db to 2025-12-23 15:00:00+00:00, run_after=2025-12-24 15:00:00+00:00
[2025-12-24T12:38:39.457+0000] {logging_mixin.py:188} INFO - [2025-12-24T12:38:39.456+0000] {dag.py:3954} INFO - Setting next_dagrun for youtube_video_stats to 2025-12-23 14:00:00+00:00, run_after=2025-12-24 14:00:00+00:00
[2025-12-24T12:38:39.474+0000] {processor.py:183} INFO - Processing /opt/airflow/dags/main.py took 0.156 seconds
[2025-12-24T12:39:09.531+0000] {processor.py:161} INFO - Started process (PID=14180) to work on /opt/airflow/dags/main.py
[2025-12-24T12:39:09.532+0000] {processor.py:830} INFO - Processing file /opt/airflow/dags/main.py for tasks to queue
[2025-12-24T12:39:09.533+0000] {logging_mixin.py:188} INFO - [2025-12-24T12:39:09.533+0000] {dagbag.py:545} INFO - Filling up the DagBag from /opt/airflow/dags/main.py
[2025-12-24T12:39:09.617+0000] {processor.py:840} INFO - DAG(s) 'update_db', 'youtube_video_stats' retrieved from /opt/airflow/dags/main.py
[2025-12-24T12:39:09.644+0000] {logging_mixin.py:188} INFO - [2025-12-24T12:39:09.644+0000] {dag.py:3096} INFO - Sync 2 DAGs
[2025-12-24T12:39:09.667+0000] {logging_mixin.py:188} INFO - [2025-12-24T12:39:09.667+0000] {dag.py:3954} INFO - Setting next_dagrun for update_db to 2025-12-23 15:00:00+00:00, run_after=2025-12-24 15:00:00+00:00
[2025-12-24T12:39:09.672+0000] {logging_mixin.py:188} INFO - [2025-12-24T12:39:09.671+0000] {dag.py:3954} INFO - Setting next_dagrun for youtube_video_stats to 2025-12-23 14:00:00+00:00, run_after=2025-12-24 14:00:00+00:00
[2025-12-24T12:39:09.691+0000] {processor.py:183} INFO - Processing /opt/airflow/dags/main.py took 0.167 seconds
[2025-12-24T12:39:40.062+0000] {processor.py:161} INFO - Started process (PID=14187) to work on /opt/airflow/dags/main.py
[2025-12-24T12:39:40.065+0000] {processor.py:830} INFO - Processing file /opt/airflow/dags/main.py for tasks to queue
[2025-12-24T12:39:40.067+0000] {logging_mixin.py:188} INFO - [2025-12-24T12:39:40.066+0000] {dagbag.py:545} INFO - Filling up the DagBag from /opt/airflow/dags/main.py
[2025-12-24T12:39:40.254+0000] {processor.py:840} INFO - DAG(s) 'youtube_video_stats', 'update_db' retrieved from /opt/airflow/dags/main.py
[2025-12-24T12:39:40.358+0000] {logging_mixin.py:188} INFO - [2025-12-24T12:39:40.358+0000] {dag.py:3096} INFO - Sync 2 DAGs
[2025-12-24T12:39:40.400+0000] {logging_mixin.py:188} INFO - [2025-12-24T12:39:40.400+0000] {dag.py:3954} INFO - Setting next_dagrun for update_db to 2025-12-23 15:00:00+00:00, run_after=2025-12-24 15:00:00+00:00
[2025-12-24T12:39:40.416+0000] {logging_mixin.py:188} INFO - [2025-12-24T12:39:40.416+0000] {dag.py:3954} INFO - Setting next_dagrun for youtube_video_stats to 2025-12-23 14:00:00+00:00, run_after=2025-12-24 14:00:00+00:00
[2025-12-24T12:39:40.445+0000] {processor.py:183} INFO - Processing /opt/airflow/dags/main.py took 0.393 seconds
[2025-12-24T12:40:10.673+0000] {processor.py:161} INFO - Started process (PID=14200) to work on /opt/airflow/dags/main.py
[2025-12-24T12:40:10.675+0000] {processor.py:830} INFO - Processing file /opt/airflow/dags/main.py for tasks to queue
[2025-12-24T12:40:10.676+0000] {logging_mixin.py:188} INFO - [2025-12-24T12:40:10.676+0000] {dagbag.py:545} INFO - Filling up the DagBag from /opt/airflow/dags/main.py
[2025-12-24T12:40:10.780+0000] {processor.py:840} INFO - DAG(s) 'update_db', 'youtube_video_stats' retrieved from /opt/airflow/dags/main.py
[2025-12-24T12:40:10.812+0000] {logging_mixin.py:188} INFO - [2025-12-24T12:40:10.812+0000] {dag.py:3096} INFO - Sync 2 DAGs
[2025-12-24T12:40:10.834+0000] {logging_mixin.py:188} INFO - [2025-12-24T12:40:10.834+0000] {dag.py:3954} INFO - Setting next_dagrun for update_db to 2025-12-23 15:00:00+00:00, run_after=2025-12-24 15:00:00+00:00
[2025-12-24T12:40:10.840+0000] {logging_mixin.py:188} INFO - [2025-12-24T12:40:10.840+0000] {dag.py:3954} INFO - Setting next_dagrun for youtube_video_stats to 2025-12-23 14:00:00+00:00, run_after=2025-12-24 14:00:00+00:00
[2025-12-24T12:40:10.862+0000] {processor.py:183} INFO - Processing /opt/airflow/dags/main.py took 0.195 seconds
[2025-12-24T12:40:41.072+0000] {processor.py:161} INFO - Started process (PID=14207) to work on /opt/airflow/dags/main.py
[2025-12-24T12:40:41.074+0000] {processor.py:830} INFO - Processing file /opt/airflow/dags/main.py for tasks to queue
[2025-12-24T12:40:41.075+0000] {logging_mixin.py:188} INFO - [2025-12-24T12:40:41.075+0000] {dagbag.py:545} INFO - Filling up the DagBag from /opt/airflow/dags/main.py
[2025-12-24T12:40:41.170+0000] {processor.py:840} INFO - DAG(s) 'update_db', 'youtube_video_stats' retrieved from /opt/airflow/dags/main.py
[2025-12-24T12:40:41.205+0000] {logging_mixin.py:188} INFO - [2025-12-24T12:40:41.205+0000] {dag.py:3096} INFO - Sync 2 DAGs
[2025-12-24T12:40:41.228+0000] {logging_mixin.py:188} INFO - [2025-12-24T12:40:41.228+0000] {dag.py:3954} INFO - Setting next_dagrun for update_db to 2025-12-23 15:00:00+00:00, run_after=2025-12-24 15:00:00+00:00
[2025-12-24T12:40:41.233+0000] {logging_mixin.py:188} INFO - [2025-12-24T12:40:41.233+0000] {dag.py:3954} INFO - Setting next_dagrun for youtube_video_stats to 2025-12-23 14:00:00+00:00, run_after=2025-12-24 14:00:00+00:00
[2025-12-24T12:40:41.253+0000] {processor.py:183} INFO - Processing /opt/airflow/dags/main.py took 0.190 seconds
[2025-12-24T12:41:11.394+0000] {processor.py:161} INFO - Started process (PID=14214) to work on /opt/airflow/dags/main.py
[2025-12-24T12:41:11.395+0000] {processor.py:830} INFO - Processing file /opt/airflow/dags/main.py for tasks to queue
[2025-12-24T12:41:11.396+0000] {logging_mixin.py:188} INFO - [2025-12-24T12:41:11.396+0000] {dagbag.py:545} INFO - Filling up the DagBag from /opt/airflow/dags/main.py
[2025-12-24T12:41:11.490+0000] {processor.py:840} INFO - DAG(s) 'update_db', 'youtube_video_stats' retrieved from /opt/airflow/dags/main.py
[2025-12-24T12:41:11.519+0000] {logging_mixin.py:188} INFO - [2025-12-24T12:41:11.519+0000] {dag.py:3096} INFO - Sync 2 DAGs
[2025-12-24T12:41:11.541+0000] {logging_mixin.py:188} INFO - [2025-12-24T12:41:11.540+0000] {dag.py:3954} INFO - Setting next_dagrun for update_db to 2025-12-23 15:00:00+00:00, run_after=2025-12-24 15:00:00+00:00
[2025-12-24T12:41:11.546+0000] {logging_mixin.py:188} INFO - [2025-12-24T12:41:11.546+0000] {dag.py:3954} INFO - Setting next_dagrun for youtube_video_stats to 2025-12-23 14:00:00+00:00, run_after=2025-12-24 14:00:00+00:00
[2025-12-24T12:41:11.563+0000] {processor.py:183} INFO - Processing /opt/airflow/dags/main.py took 0.174 seconds
[2025-12-24T12:41:41.657+0000] {processor.py:161} INFO - Started process (PID=14221) to work on /opt/airflow/dags/main.py
[2025-12-24T12:41:41.658+0000] {processor.py:830} INFO - Processing file /opt/airflow/dags/main.py for tasks to queue
[2025-12-24T12:41:41.659+0000] {logging_mixin.py:188} INFO - [2025-12-24T12:41:41.659+0000] {dagbag.py:545} INFO - Filling up the DagBag from /opt/airflow/dags/main.py
[2025-12-24T12:41:41.751+0000] {processor.py:840} INFO - DAG(s) 'update_db', 'youtube_video_stats' retrieved from /opt/airflow/dags/main.py
[2025-12-24T12:41:41.777+0000] {logging_mixin.py:188} INFO - [2025-12-24T12:41:41.777+0000] {dag.py:3096} INFO - Sync 2 DAGs
[2025-12-24T12:41:41.806+0000] {logging_mixin.py:188} INFO - [2025-12-24T12:41:41.805+0000] {dag.py:3954} INFO - Setting next_dagrun for update_db to 2025-12-23 15:00:00+00:00, run_after=2025-12-24 15:00:00+00:00
[2025-12-24T12:41:41.810+0000] {logging_mixin.py:188} INFO - [2025-12-24T12:41:41.810+0000] {dag.py:3954} INFO - Setting next_dagrun for youtube_video_stats to 2025-12-23 14:00:00+00:00, run_after=2025-12-24 14:00:00+00:00
[2025-12-24T12:41:41.827+0000] {processor.py:183} INFO - Processing /opt/airflow/dags/main.py took 0.175 seconds
[2025-12-24T12:42:11.945+0000] {processor.py:161} INFO - Started process (PID=14228) to work on /opt/airflow/dags/main.py
[2025-12-24T12:42:11.946+0000] {processor.py:830} INFO - Processing file /opt/airflow/dags/main.py for tasks to queue
[2025-12-24T12:42:11.947+0000] {logging_mixin.py:188} INFO - [2025-12-24T12:42:11.947+0000] {dagbag.py:545} INFO - Filling up the DagBag from /opt/airflow/dags/main.py
[2025-12-24T12:42:12.051+0000] {processor.py:840} INFO - DAG(s) 'update_db', 'youtube_video_stats' retrieved from /opt/airflow/dags/main.py
[2025-12-24T12:42:12.080+0000] {logging_mixin.py:188} INFO - [2025-12-24T12:42:12.079+0000] {dag.py:3096} INFO - Sync 2 DAGs
[2025-12-24T12:42:12.100+0000] {logging_mixin.py:188} INFO - [2025-12-24T12:42:12.100+0000] {dag.py:3954} INFO - Setting next_dagrun for update_db to 2025-12-23 15:00:00+00:00, run_after=2025-12-24 15:00:00+00:00
[2025-12-24T12:42:12.106+0000] {logging_mixin.py:188} INFO - [2025-12-24T12:42:12.106+0000] {dag.py:3954} INFO - Setting next_dagrun for youtube_video_stats to 2025-12-23 14:00:00+00:00, run_after=2025-12-24 14:00:00+00:00
[2025-12-24T12:42:12.120+0000] {processor.py:183} INFO - Processing /opt/airflow/dags/main.py took 0.188 seconds
[2025-12-24T12:42:42.201+0000] {processor.py:161} INFO - Started process (PID=14235) to work on /opt/airflow/dags/main.py
[2025-12-24T12:42:42.203+0000] {processor.py:830} INFO - Processing file /opt/airflow/dags/main.py for tasks to queue
[2025-12-24T12:42:42.204+0000] {logging_mixin.py:188} INFO - [2025-12-24T12:42:42.204+0000] {dagbag.py:545} INFO - Filling up the DagBag from /opt/airflow/dags/main.py
[2025-12-24T12:42:42.281+0000] {processor.py:840} INFO - DAG(s) 'youtube_video_stats', 'update_db' retrieved from /opt/airflow/dags/main.py
[2025-12-24T12:42:42.312+0000] {logging_mixin.py:188} INFO - [2025-12-24T12:42:42.312+0000] {dag.py:3096} INFO - Sync 2 DAGs
[2025-12-24T12:42:42.332+0000] {logging_mixin.py:188} INFO - [2025-12-24T12:42:42.332+0000] {dag.py:3954} INFO - Setting next_dagrun for update_db to 2025-12-23 15:00:00+00:00, run_after=2025-12-24 15:00:00+00:00
[2025-12-24T12:42:42.337+0000] {logging_mixin.py:188} INFO - [2025-12-24T12:42:42.337+0000] {dag.py:3954} INFO - Setting next_dagrun for youtube_video_stats to 2025-12-23 14:00:00+00:00, run_after=2025-12-24 14:00:00+00:00
[2025-12-24T12:42:42.354+0000] {processor.py:183} INFO - Processing /opt/airflow/dags/main.py took 0.159 seconds
[2025-12-24T12:43:12.503+0000] {processor.py:161} INFO - Started process (PID=14242) to work on /opt/airflow/dags/main.py
[2025-12-24T12:43:12.504+0000] {processor.py:830} INFO - Processing file /opt/airflow/dags/main.py for tasks to queue
[2025-12-24T12:43:12.505+0000] {logging_mixin.py:188} INFO - [2025-12-24T12:43:12.505+0000] {dagbag.py:545} INFO - Filling up the DagBag from /opt/airflow/dags/main.py
[2025-12-24T12:43:12.583+0000] {processor.py:840} INFO - DAG(s) 'update_db', 'youtube_video_stats' retrieved from /opt/airflow/dags/main.py
[2025-12-24T12:43:12.612+0000] {logging_mixin.py:188} INFO - [2025-12-24T12:43:12.612+0000] {dag.py:3096} INFO - Sync 2 DAGs
[2025-12-24T12:43:12.634+0000] {logging_mixin.py:188} INFO - [2025-12-24T12:43:12.634+0000] {dag.py:3954} INFO - Setting next_dagrun for update_db to 2025-12-23 15:00:00+00:00, run_after=2025-12-24 15:00:00+00:00
[2025-12-24T12:43:12.640+0000] {logging_mixin.py:188} INFO - [2025-12-24T12:43:12.640+0000] {dag.py:3954} INFO - Setting next_dagrun for youtube_video_stats to 2025-12-23 14:00:00+00:00, run_after=2025-12-24 14:00:00+00:00
[2025-12-24T12:43:12.660+0000] {processor.py:183} INFO - Processing /opt/airflow/dags/main.py took 0.164 seconds
[2025-12-24T12:43:42.776+0000] {processor.py:161} INFO - Started process (PID=14249) to work on /opt/airflow/dags/main.py
[2025-12-24T12:43:42.777+0000] {processor.py:830} INFO - Processing file /opt/airflow/dags/main.py for tasks to queue
[2025-12-24T12:43:42.778+0000] {logging_mixin.py:188} INFO - [2025-12-24T12:43:42.778+0000] {dagbag.py:545} INFO - Filling up the DagBag from /opt/airflow/dags/main.py
[2025-12-24T12:43:42.878+0000] {processor.py:840} INFO - DAG(s) 'update_db', 'youtube_video_stats' retrieved from /opt/airflow/dags/main.py
[2025-12-24T12:43:42.905+0000] {logging_mixin.py:188} INFO - [2025-12-24T12:43:42.904+0000] {dag.py:3096} INFO - Sync 2 DAGs
[2025-12-24T12:43:42.930+0000] {logging_mixin.py:188} INFO - [2025-12-24T12:43:42.929+0000] {dag.py:3954} INFO - Setting next_dagrun for update_db to 2025-12-23 15:00:00+00:00, run_after=2025-12-24 15:00:00+00:00
[2025-12-24T12:43:42.934+0000] {logging_mixin.py:188} INFO - [2025-12-24T12:43:42.934+0000] {dag.py:3954} INFO - Setting next_dagrun for youtube_video_stats to 2025-12-23 14:00:00+00:00, run_after=2025-12-24 14:00:00+00:00
[2025-12-24T12:43:42.954+0000] {processor.py:183} INFO - Processing /opt/airflow/dags/main.py took 0.186 seconds
[2025-12-24T12:44:13.034+0000] {processor.py:161} INFO - Started process (PID=14256) to work on /opt/airflow/dags/main.py
[2025-12-24T12:44:13.035+0000] {processor.py:830} INFO - Processing file /opt/airflow/dags/main.py for tasks to queue
[2025-12-24T12:44:13.036+0000] {logging_mixin.py:188} INFO - [2025-12-24T12:44:13.036+0000] {dagbag.py:545} INFO - Filling up the DagBag from /opt/airflow/dags/main.py
[2025-12-24T12:44:13.108+0000] {processor.py:840} INFO - DAG(s) 'update_db', 'youtube_video_stats' retrieved from /opt/airflow/dags/main.py
[2025-12-24T12:44:13.134+0000] {logging_mixin.py:188} INFO - [2025-12-24T12:44:13.133+0000] {dag.py:3096} INFO - Sync 2 DAGs
[2025-12-24T12:44:13.154+0000] {logging_mixin.py:188} INFO - [2025-12-24T12:44:13.154+0000] {dag.py:3954} INFO - Setting next_dagrun for update_db to 2025-12-23 15:00:00+00:00, run_after=2025-12-24 15:00:00+00:00
[2025-12-24T12:44:13.159+0000] {logging_mixin.py:188} INFO - [2025-12-24T12:44:13.158+0000] {dag.py:3954} INFO - Setting next_dagrun for youtube_video_stats to 2025-12-23 14:00:00+00:00, run_after=2025-12-24 14:00:00+00:00
[2025-12-24T12:44:13.175+0000] {processor.py:183} INFO - Processing /opt/airflow/dags/main.py took 0.146 seconds
[2025-12-24T12:44:43.311+0000] {processor.py:161} INFO - Started process (PID=14263) to work on /opt/airflow/dags/main.py
[2025-12-24T12:44:43.313+0000] {processor.py:830} INFO - Processing file /opt/airflow/dags/main.py for tasks to queue
[2025-12-24T12:44:43.314+0000] {logging_mixin.py:188} INFO - [2025-12-24T12:44:43.313+0000] {dagbag.py:545} INFO - Filling up the DagBag from /opt/airflow/dags/main.py
[2025-12-24T12:44:43.388+0000] {processor.py:840} INFO - DAG(s) 'youtube_video_stats', 'update_db' retrieved from /opt/airflow/dags/main.py
[2025-12-24T12:44:43.415+0000] {logging_mixin.py:188} INFO - [2025-12-24T12:44:43.415+0000] {dag.py:3096} INFO - Sync 2 DAGs
[2025-12-24T12:44:43.437+0000] {logging_mixin.py:188} INFO - [2025-12-24T12:44:43.437+0000] {dag.py:3954} INFO - Setting next_dagrun for update_db to 2025-12-23 15:00:00+00:00, run_after=2025-12-24 15:00:00+00:00
[2025-12-24T12:44:43.443+0000] {logging_mixin.py:188} INFO - [2025-12-24T12:44:43.442+0000] {dag.py:3954} INFO - Setting next_dagrun for youtube_video_stats to 2025-12-23 14:00:00+00:00, run_after=2025-12-24 14:00:00+00:00
[2025-12-24T12:44:43.459+0000] {processor.py:183} INFO - Processing /opt/airflow/dags/main.py took 0.153 seconds
[2025-12-24T12:45:13.540+0000] {processor.py:161} INFO - Started process (PID=14270) to work on /opt/airflow/dags/main.py
[2025-12-24T12:45:13.541+0000] {processor.py:830} INFO - Processing file /opt/airflow/dags/main.py for tasks to queue
[2025-12-24T12:45:13.542+0000] {logging_mixin.py:188} INFO - [2025-12-24T12:45:13.542+0000] {dagbag.py:545} INFO - Filling up the DagBag from /opt/airflow/dags/main.py
[2025-12-24T12:45:13.612+0000] {processor.py:840} INFO - DAG(s) 'youtube_video_stats', 'update_db' retrieved from /opt/airflow/dags/main.py
[2025-12-24T12:45:13.637+0000] {logging_mixin.py:188} INFO - [2025-12-24T12:45:13.637+0000] {dag.py:3096} INFO - Sync 2 DAGs
[2025-12-24T12:45:13.657+0000] {logging_mixin.py:188} INFO - [2025-12-24T12:45:13.656+0000] {dag.py:3954} INFO - Setting next_dagrun for update_db to 2025-12-23 15:00:00+00:00, run_after=2025-12-24 15:00:00+00:00
[2025-12-24T12:45:13.661+0000] {logging_mixin.py:188} INFO - [2025-12-24T12:45:13.661+0000] {dag.py:3954} INFO - Setting next_dagrun for youtube_video_stats to 2025-12-23 14:00:00+00:00, run_after=2025-12-24 14:00:00+00:00
[2025-12-24T12:45:13.682+0000] {processor.py:183} INFO - Processing /opt/airflow/dags/main.py took 0.147 seconds
[2025-12-24T12:45:43.835+0000] {processor.py:161} INFO - Started process (PID=14278) to work on /opt/airflow/dags/main.py
[2025-12-24T12:45:43.836+0000] {processor.py:830} INFO - Processing file /opt/airflow/dags/main.py for tasks to queue
[2025-12-24T12:45:43.837+0000] {logging_mixin.py:188} INFO - [2025-12-24T12:45:43.837+0000] {dagbag.py:545} INFO - Filling up the DagBag from /opt/airflow/dags/main.py
[2025-12-24T12:45:43.913+0000] {processor.py:840} INFO - DAG(s) 'update_db', 'youtube_video_stats' retrieved from /opt/airflow/dags/main.py
[2025-12-24T12:45:43.941+0000] {logging_mixin.py:188} INFO - [2025-12-24T12:45:43.941+0000] {dag.py:3096} INFO - Sync 2 DAGs
[2025-12-24T12:45:43.961+0000] {logging_mixin.py:188} INFO - [2025-12-24T12:45:43.960+0000] {dag.py:3954} INFO - Setting next_dagrun for update_db to 2025-12-23 15:00:00+00:00, run_after=2025-12-24 15:00:00+00:00
[2025-12-24T12:45:43.965+0000] {logging_mixin.py:188} INFO - [2025-12-24T12:45:43.965+0000] {dag.py:3954} INFO - Setting next_dagrun for youtube_video_stats to 2025-12-23 14:00:00+00:00, run_after=2025-12-24 14:00:00+00:00
[2025-12-24T12:45:43.982+0000] {processor.py:183} INFO - Processing /opt/airflow/dags/main.py took 0.154 seconds
[2025-12-24T12:46:14.158+0000] {processor.py:161} INFO - Started process (PID=14285) to work on /opt/airflow/dags/main.py
[2025-12-24T12:46:14.159+0000] {processor.py:830} INFO - Processing file /opt/airflow/dags/main.py for tasks to queue
[2025-12-24T12:46:14.160+0000] {logging_mixin.py:188} INFO - [2025-12-24T12:46:14.159+0000] {dagbag.py:545} INFO - Filling up the DagBag from /opt/airflow/dags/main.py
[2025-12-24T12:46:14.256+0000] {processor.py:840} INFO - DAG(s) 'update_db', 'youtube_video_stats' retrieved from /opt/airflow/dags/main.py
[2025-12-24T12:46:14.282+0000] {logging_mixin.py:188} INFO - [2025-12-24T12:46:14.282+0000] {dag.py:3096} INFO - Sync 2 DAGs
[2025-12-24T12:46:14.302+0000] {logging_mixin.py:188} INFO - [2025-12-24T12:46:14.302+0000] {dag.py:3954} INFO - Setting next_dagrun for update_db to 2025-12-23 15:00:00+00:00, run_after=2025-12-24 15:00:00+00:00
[2025-12-24T12:46:14.307+0000] {logging_mixin.py:188} INFO - [2025-12-24T12:46:14.307+0000] {dag.py:3954} INFO - Setting next_dagrun for youtube_video_stats to 2025-12-23 14:00:00+00:00, run_after=2025-12-24 14:00:00+00:00
[2025-12-24T12:46:14.326+0000] {processor.py:183} INFO - Processing /opt/airflow/dags/main.py took 0.174 seconds
[2025-12-24T12:46:44.503+0000] {processor.py:161} INFO - Started process (PID=14292) to work on /opt/airflow/dags/main.py
[2025-12-24T12:46:44.507+0000] {processor.py:830} INFO - Processing file /opt/airflow/dags/main.py for tasks to queue
[2025-12-24T12:46:44.510+0000] {logging_mixin.py:188} INFO - [2025-12-24T12:46:44.509+0000] {dagbag.py:545} INFO - Filling up the DagBag from /opt/airflow/dags/main.py
[2025-12-24T12:46:44.827+0000] {processor.py:840} INFO - DAG(s) 'youtube_video_stats', 'update_db' retrieved from /opt/airflow/dags/main.py
[2025-12-24T12:46:44.917+0000] {logging_mixin.py:188} INFO - [2025-12-24T12:46:44.916+0000] {dag.py:3096} INFO - Sync 2 DAGs
[2025-12-24T12:46:44.985+0000] {logging_mixin.py:188} INFO - [2025-12-24T12:46:44.985+0000] {dag.py:3954} INFO - Setting next_dagrun for update_db to 2025-12-23 15:00:00+00:00, run_after=2025-12-24 15:00:00+00:00
[2025-12-24T12:46:45.003+0000] {logging_mixin.py:188} INFO - [2025-12-24T12:46:45.002+0000] {dag.py:3954} INFO - Setting next_dagrun for youtube_video_stats to 2025-12-23 14:00:00+00:00, run_after=2025-12-24 14:00:00+00:00
[2025-12-24T12:46:45.068+0000] {processor.py:183} INFO - Processing /opt/airflow/dags/main.py took 0.587 seconds
[2025-12-24T12:47:19.337+0000] {processor.py:161} INFO - Started process (PID=14299) to work on /opt/airflow/dags/main.py
[2025-12-24T12:47:19.372+0000] {processor.py:830} INFO - Processing file /opt/airflow/dags/main.py for tasks to queue
[2025-12-24T12:47:19.387+0000] {logging_mixin.py:188} INFO - [2025-12-24T12:47:19.386+0000] {dagbag.py:545} INFO - Filling up the DagBag from /opt/airflow/dags/main.py
[2025-12-24T13:14:17.933+0000] {processor.py:840} INFO - DAG(s) 'update_db', 'youtube_video_stats' retrieved from /opt/airflow/dags/main.py
[2025-12-24T13:14:18.227+0000] {logging_mixin.py:188} INFO - [2025-12-24T13:14:18.226+0000] {dag.py:3096} INFO - Sync 2 DAGs
[2025-12-24T13:14:18.431+0000] {logging_mixin.py:188} INFO - [2025-12-24T13:14:18.431+0000] {dag.py:3954} INFO - Setting next_dagrun for update_db to 2025-12-23 15:00:00+00:00, run_after=2025-12-24 15:00:00+00:00
[2025-12-24T13:14:18.461+0000] {logging_mixin.py:188} INFO - [2025-12-24T13:14:18.461+0000] {dag.py:3954} INFO - Setting next_dagrun for youtube_video_stats to 2025-12-23 14:00:00+00:00, run_after=2025-12-24 14:00:00+00:00
[2025-12-24T13:14:18.586+0000] {processor.py:183} INFO - Processing /opt/airflow/dags/main.py took 3.908 seconds
[2025-12-24T13:14:50.054+0000] {processor.py:161} INFO - Started process (PID=14306) to work on /opt/airflow/dags/main.py
[2025-12-24T13:14:50.112+0000] {processor.py:830} INFO - Processing file /opt/airflow/dags/main.py for tasks to queue
[2025-12-24T13:14:50.114+0000] {logging_mixin.py:188} INFO - [2025-12-24T13:14:50.113+0000] {dagbag.py:545} INFO - Filling up the DagBag from /opt/airflow/dags/main.py
[2025-12-24T13:14:50.576+0000] {processor.py:840} INFO - DAG(s) 'update_db', 'youtube_video_stats' retrieved from /opt/airflow/dags/main.py
[2025-12-24T13:14:51.147+0000] {logging_mixin.py:188} INFO - [2025-12-24T13:14:51.146+0000] {dag.py:3096} INFO - Sync 2 DAGs
[2025-12-24T13:14:51.247+0000] {logging_mixin.py:188} INFO - [2025-12-24T13:14:51.246+0000] {dag.py:3954} INFO - Setting next_dagrun for update_db to 2025-12-23 15:00:00+00:00, run_after=2025-12-24 15:00:00+00:00
[2025-12-24T13:14:51.265+0000] {logging_mixin.py:188} INFO - [2025-12-24T13:14:51.264+0000] {dag.py:3954} INFO - Setting next_dagrun for youtube_video_stats to 2025-12-23 14:00:00+00:00, run_after=2025-12-24 14:00:00+00:00
[2025-12-24T13:14:51.341+0000] {processor.py:183} INFO - Processing /opt/airflow/dags/main.py took 1.305 seconds
[2025-12-24T13:15:21.682+0000] {processor.py:161} INFO - Started process (PID=14313) to work on /opt/airflow/dags/main.py
[2025-12-24T13:15:21.684+0000] {processor.py:830} INFO - Processing file /opt/airflow/dags/main.py for tasks to queue
[2025-12-24T13:15:21.686+0000] {logging_mixin.py:188} INFO - [2025-12-24T13:15:21.685+0000] {dagbag.py:545} INFO - Filling up the DagBag from /opt/airflow/dags/main.py
[2025-12-24T13:15:21.878+0000] {processor.py:840} INFO - DAG(s) 'youtube_video_stats', 'update_db' retrieved from /opt/airflow/dags/main.py
[2025-12-24T13:15:21.925+0000] {logging_mixin.py:188} INFO - [2025-12-24T13:15:21.925+0000] {dag.py:3096} INFO - Sync 2 DAGs
[2025-12-24T13:15:21.959+0000] {logging_mixin.py:188} INFO - [2025-12-24T13:15:21.958+0000] {dag.py:3954} INFO - Setting next_dagrun for update_db to 2025-12-23 15:00:00+00:00, run_after=2025-12-24 15:00:00+00:00
[2025-12-24T13:15:21.968+0000] {logging_mixin.py:188} INFO - [2025-12-24T13:15:21.968+0000] {dag.py:3954} INFO - Setting next_dagrun for youtube_video_stats to 2025-12-23 14:00:00+00:00, run_after=2025-12-24 14:00:00+00:00
[2025-12-24T13:15:22.010+0000] {processor.py:183} INFO - Processing /opt/airflow/dags/main.py took 0.338 seconds
[2025-12-24T13:15:52.254+0000] {processor.py:161} INFO - Started process (PID=14320) to work on /opt/airflow/dags/main.py
[2025-12-24T13:15:52.256+0000] {processor.py:830} INFO - Processing file /opt/airflow/dags/main.py for tasks to queue
[2025-12-24T13:15:52.257+0000] {logging_mixin.py:188} INFO - [2025-12-24T13:15:52.257+0000] {dagbag.py:545} INFO - Filling up the DagBag from /opt/airflow/dags/main.py
[2025-12-24T13:15:52.421+0000] {processor.py:840} INFO - DAG(s) 'youtube_video_stats', 'update_db' retrieved from /opt/airflow/dags/main.py
[2025-12-24T13:15:52.469+0000] {logging_mixin.py:188} INFO - [2025-12-24T13:15:52.468+0000] {dag.py:3096} INFO - Sync 2 DAGs
[2025-12-24T13:15:52.504+0000] {logging_mixin.py:188} INFO - [2025-12-24T13:15:52.503+0000] {dag.py:3954} INFO - Setting next_dagrun for update_db to 2025-12-23 15:00:00+00:00, run_after=2025-12-24 15:00:00+00:00
[2025-12-24T13:15:52.513+0000] {logging_mixin.py:188} INFO - [2025-12-24T13:15:52.513+0000] {dag.py:3954} INFO - Setting next_dagrun for youtube_video_stats to 2025-12-23 14:00:00+00:00, run_after=2025-12-24 14:00:00+00:00
[2025-12-24T13:15:52.537+0000] {processor.py:183} INFO - Processing /opt/airflow/dags/main.py took 0.293 seconds
[2025-12-24T13:16:22.779+0000] {processor.py:161} INFO - Started process (PID=14327) to work on /opt/airflow/dags/main.py
[2025-12-24T13:16:22.781+0000] {processor.py:830} INFO - Processing file /opt/airflow/dags/main.py for tasks to queue
[2025-12-24T13:16:22.783+0000] {logging_mixin.py:188} INFO - [2025-12-24T13:16:22.783+0000] {dagbag.py:545} INFO - Filling up the DagBag from /opt/airflow/dags/main.py
[2025-12-24T13:16:22.989+0000] {processor.py:840} INFO - DAG(s) 'youtube_video_stats', 'update_db' retrieved from /opt/airflow/dags/main.py
[2025-12-24T13:16:23.044+0000] {logging_mixin.py:188} INFO - [2025-12-24T13:16:23.044+0000] {dag.py:3096} INFO - Sync 2 DAGs
[2025-12-24T13:16:23.086+0000] {logging_mixin.py:188} INFO - [2025-12-24T13:16:23.086+0000] {dag.py:3954} INFO - Setting next_dagrun for update_db to 2025-12-23 15:00:00+00:00, run_after=2025-12-24 15:00:00+00:00
[2025-12-24T13:16:23.097+0000] {logging_mixin.py:188} INFO - [2025-12-24T13:16:23.096+0000] {dag.py:3954} INFO - Setting next_dagrun for youtube_video_stats to 2025-12-23 14:00:00+00:00, run_after=2025-12-24 14:00:00+00:00
[2025-12-24T13:16:23.129+0000] {processor.py:183} INFO - Processing /opt/airflow/dags/main.py took 0.359 seconds
[2025-12-24T13:16:53.375+0000] {processor.py:161} INFO - Started process (PID=14334) to work on /opt/airflow/dags/main.py
[2025-12-24T13:16:53.376+0000] {processor.py:830} INFO - Processing file /opt/airflow/dags/main.py for tasks to queue
[2025-12-24T13:16:53.378+0000] {logging_mixin.py:188} INFO - [2025-12-24T13:16:53.377+0000] {dagbag.py:545} INFO - Filling up the DagBag from /opt/airflow/dags/main.py
[2025-12-24T13:16:53.486+0000] {processor.py:840} INFO - DAG(s) 'update_db', 'youtube_video_stats' retrieved from /opt/airflow/dags/main.py
[2025-12-24T13:16:53.521+0000] {logging_mixin.py:188} INFO - [2025-12-24T13:16:53.520+0000] {dag.py:3096} INFO - Sync 2 DAGs
[2025-12-24T13:16:53.542+0000] {logging_mixin.py:188} INFO - [2025-12-24T13:16:53.542+0000] {dag.py:3954} INFO - Setting next_dagrun for update_db to 2025-12-23 15:00:00+00:00, run_after=2025-12-24 15:00:00+00:00
[2025-12-24T13:16:53.549+0000] {logging_mixin.py:188} INFO - [2025-12-24T13:16:53.549+0000] {dag.py:3954} INFO - Setting next_dagrun for youtube_video_stats to 2025-12-23 14:00:00+00:00, run_after=2025-12-24 14:00:00+00:00
[2025-12-24T13:16:53.575+0000] {processor.py:183} INFO - Processing /opt/airflow/dags/main.py took 0.207 seconds
[2025-12-24T13:17:23.813+0000] {processor.py:161} INFO - Started process (PID=14341) to work on /opt/airflow/dags/main.py
[2025-12-24T13:17:23.814+0000] {processor.py:830} INFO - Processing file /opt/airflow/dags/main.py for tasks to queue
[2025-12-24T13:17:23.816+0000] {logging_mixin.py:188} INFO - [2025-12-24T13:17:23.815+0000] {dagbag.py:545} INFO - Filling up the DagBag from /opt/airflow/dags/main.py
[2025-12-24T13:17:23.933+0000] {processor.py:840} INFO - DAG(s) 'update_db', 'youtube_video_stats' retrieved from /opt/airflow/dags/main.py
[2025-12-24T13:17:23.972+0000] {logging_mixin.py:188} INFO - [2025-12-24T13:17:23.971+0000] {dag.py:3096} INFO - Sync 2 DAGs
[2025-12-24T13:17:23.997+0000] {logging_mixin.py:188} INFO - [2025-12-24T13:17:23.997+0000] {dag.py:3954} INFO - Setting next_dagrun for update_db to 2025-12-23 15:00:00+00:00, run_after=2025-12-24 15:00:00+00:00
[2025-12-24T13:17:24.004+0000] {logging_mixin.py:188} INFO - [2025-12-24T13:17:24.004+0000] {dag.py:3954} INFO - Setting next_dagrun for youtube_video_stats to 2025-12-23 14:00:00+00:00, run_after=2025-12-24 14:00:00+00:00
[2025-12-24T13:17:24.025+0000] {processor.py:183} INFO - Processing /opt/airflow/dags/main.py took 0.219 seconds
[2025-12-24T13:17:54.267+0000] {processor.py:161} INFO - Started process (PID=14348) to work on /opt/airflow/dags/main.py
[2025-12-24T13:17:54.269+0000] {processor.py:830} INFO - Processing file /opt/airflow/dags/main.py for tasks to queue
[2025-12-24T13:17:54.271+0000] {logging_mixin.py:188} INFO - [2025-12-24T13:17:54.270+0000] {dagbag.py:545} INFO - Filling up the DagBag from /opt/airflow/dags/main.py
[2025-12-24T13:17:54.396+0000] {processor.py:840} INFO - DAG(s) 'youtube_video_stats', 'update_db' retrieved from /opt/airflow/dags/main.py
[2025-12-24T13:17:54.439+0000] {logging_mixin.py:188} INFO - [2025-12-24T13:17:54.439+0000] {dag.py:3096} INFO - Sync 2 DAGs
[2025-12-24T13:17:54.469+0000] {logging_mixin.py:188} INFO - [2025-12-24T13:17:54.469+0000] {dag.py:3954} INFO - Setting next_dagrun for update_db to 2025-12-23 15:00:00+00:00, run_after=2025-12-24 15:00:00+00:00
[2025-12-24T13:17:54.475+0000] {logging_mixin.py:188} INFO - [2025-12-24T13:17:54.475+0000] {dag.py:3954} INFO - Setting next_dagrun for youtube_video_stats to 2025-12-23 14:00:00+00:00, run_after=2025-12-24 14:00:00+00:00
[2025-12-24T13:17:54.497+0000] {processor.py:183} INFO - Processing /opt/airflow/dags/main.py took 0.238 seconds
[2025-12-24T13:18:24.728+0000] {processor.py:161} INFO - Started process (PID=14355) to work on /opt/airflow/dags/main.py
[2025-12-24T13:18:24.730+0000] {processor.py:830} INFO - Processing file /opt/airflow/dags/main.py for tasks to queue
[2025-12-24T13:18:24.731+0000] {logging_mixin.py:188} INFO - [2025-12-24T13:18:24.731+0000] {dagbag.py:545} INFO - Filling up the DagBag from /opt/airflow/dags/main.py
[2025-12-24T13:18:24.837+0000] {processor.py:840} INFO - DAG(s) 'update_db', 'youtube_video_stats' retrieved from /opt/airflow/dags/main.py
[2025-12-24T13:18:24.872+0000] {logging_mixin.py:188} INFO - [2025-12-24T13:18:24.871+0000] {dag.py:3096} INFO - Sync 2 DAGs
[2025-12-24T13:18:24.901+0000] {logging_mixin.py:188} INFO - [2025-12-24T13:18:24.901+0000] {dag.py:3954} INFO - Setting next_dagrun for update_db to 2025-12-23 15:00:00+00:00, run_after=2025-12-24 15:00:00+00:00
[2025-12-24T13:18:24.907+0000] {logging_mixin.py:188} INFO - [2025-12-24T13:18:24.907+0000] {dag.py:3954} INFO - Setting next_dagrun for youtube_video_stats to 2025-12-23 14:00:00+00:00, run_after=2025-12-24 14:00:00+00:00
[2025-12-24T13:18:24.930+0000] {processor.py:183} INFO - Processing /opt/airflow/dags/main.py took 0.210 seconds
[2025-12-24T13:18:55.157+0000] {processor.py:161} INFO - Started process (PID=14362) to work on /opt/airflow/dags/main.py
[2025-12-24T13:18:55.159+0000] {processor.py:830} INFO - Processing file /opt/airflow/dags/main.py for tasks to queue
[2025-12-24T13:18:55.160+0000] {logging_mixin.py:188} INFO - [2025-12-24T13:18:55.160+0000] {dagbag.py:545} INFO - Filling up the DagBag from /opt/airflow/dags/main.py
[2025-12-24T13:18:55.261+0000] {processor.py:840} INFO - DAG(s) 'update_db', 'youtube_video_stats' retrieved from /opt/airflow/dags/main.py
[2025-12-24T13:18:55.294+0000] {logging_mixin.py:188} INFO - [2025-12-24T13:18:55.294+0000] {dag.py:3096} INFO - Sync 2 DAGs
[2025-12-24T13:18:55.317+0000] {logging_mixin.py:188} INFO - [2025-12-24T13:18:55.316+0000] {dag.py:3954} INFO - Setting next_dagrun for update_db to 2025-12-23 15:00:00+00:00, run_after=2025-12-24 15:00:00+00:00
[2025-12-24T13:18:55.321+0000] {logging_mixin.py:188} INFO - [2025-12-24T13:18:55.321+0000] {dag.py:3954} INFO - Setting next_dagrun for youtube_video_stats to 2025-12-23 14:00:00+00:00, run_after=2025-12-24 14:00:00+00:00
[2025-12-24T13:18:55.345+0000] {processor.py:183} INFO - Processing /opt/airflow/dags/main.py took 0.194 seconds
[2025-12-24T13:19:25.785+0000] {processor.py:161} INFO - Started process (PID=14370) to work on /opt/airflow/dags/main.py
[2025-12-24T13:19:25.786+0000] {processor.py:830} INFO - Processing file /opt/airflow/dags/main.py for tasks to queue
[2025-12-24T13:19:25.788+0000] {logging_mixin.py:188} INFO - [2025-12-24T13:19:25.787+0000] {dagbag.py:545} INFO - Filling up the DagBag from /opt/airflow/dags/main.py
[2025-12-24T13:19:25.922+0000] {processor.py:840} INFO - DAG(s) 'youtube_video_stats', 'update_db' retrieved from /opt/airflow/dags/main.py
[2025-12-24T13:19:25.963+0000] {logging_mixin.py:188} INFO - [2025-12-24T13:19:25.963+0000] {dag.py:3096} INFO - Sync 2 DAGs
[2025-12-24T13:19:25.995+0000] {logging_mixin.py:188} INFO - [2025-12-24T13:19:25.995+0000] {dag.py:3954} INFO - Setting next_dagrun for update_db to 2025-12-23 15:00:00+00:00, run_after=2025-12-24 15:00:00+00:00
[2025-12-24T13:19:26.004+0000] {logging_mixin.py:188} INFO - [2025-12-24T13:19:26.004+0000] {dag.py:3954} INFO - Setting next_dagrun for youtube_video_stats to 2025-12-23 14:00:00+00:00, run_after=2025-12-24 14:00:00+00:00
[2025-12-24T13:19:26.029+0000] {processor.py:183} INFO - Processing /opt/airflow/dags/main.py took 0.253 seconds
[2025-12-24T14:33:40.508+0000] {processor.py:161} INFO - Started process (PID=14377) to work on /opt/airflow/dags/main.py
[2025-12-24T14:33:40.512+0000] {processor.py:830} INFO - Processing file /opt/airflow/dags/main.py for tasks to queue
[2025-12-24T14:33:40.518+0000] {logging_mixin.py:188} INFO - [2025-12-24T14:33:40.517+0000] {dagbag.py:545} INFO - Filling up the DagBag from /opt/airflow/dags/main.py
[2025-12-24T14:33:40.925+0000] {processor.py:840} INFO - DAG(s) 'update_db', 'youtube_video_stats' retrieved from /opt/airflow/dags/main.py
[2025-12-24T14:33:41.116+0000] {logging_mixin.py:188} INFO - [2025-12-24T14:33:41.115+0000] {dag.py:3096} INFO - Sync 2 DAGs
[2025-12-24T14:33:41.846+0000] {logging_mixin.py:188} INFO - [2025-12-24T14:33:41.845+0000] {dag.py:3954} INFO - Setting next_dagrun for update_db to 2025-12-23 15:00:00+00:00, run_after=2025-12-24 15:00:00+00:00
[2025-12-24T14:33:41.863+0000] {logging_mixin.py:188} INFO - [2025-12-24T14:33:41.863+0000] {dag.py:3954} INFO - Setting next_dagrun for youtube_video_stats to 2025-12-24 14:00:00+00:00, run_after=2025-12-25 14:00:00+00:00
[2025-12-24T14:33:41.940+0000] {processor.py:183} INFO - Processing /opt/airflow/dags/main.py took 1.441 seconds
[2025-12-24T14:34:12.735+0000] {processor.py:161} INFO - Started process (PID=14384) to work on /opt/airflow/dags/main.py
[2025-12-24T14:34:12.741+0000] {processor.py:830} INFO - Processing file /opt/airflow/dags/main.py for tasks to queue
[2025-12-24T14:34:12.752+0000] {logging_mixin.py:188} INFO - [2025-12-24T14:34:12.744+0000] {dagbag.py:545} INFO - Filling up the DagBag from /opt/airflow/dags/main.py
[2025-12-24T14:34:13.333+0000] {processor.py:840} INFO - DAG(s) 'update_db', 'youtube_video_stats' retrieved from /opt/airflow/dags/main.py
[2025-12-24T14:34:13.560+0000] {logging_mixin.py:188} INFO - [2025-12-24T14:34:13.560+0000] {dag.py:3096} INFO - Sync 2 DAGs
[2025-12-24T14:34:13.724+0000] {logging_mixin.py:188} INFO - [2025-12-24T14:34:13.724+0000] {dag.py:3954} INFO - Setting next_dagrun for update_db to 2025-12-23 15:00:00+00:00, run_after=2025-12-24 15:00:00+00:00
[2025-12-24T14:34:13.756+0000] {logging_mixin.py:188} INFO - [2025-12-24T14:34:13.756+0000] {dag.py:3954} INFO - Setting next_dagrun for youtube_video_stats to 2025-12-24 14:00:00+00:00, run_after=2025-12-25 14:00:00+00:00
[2025-12-24T14:34:13.838+0000] {processor.py:183} INFO - Processing /opt/airflow/dags/main.py took 1.150 seconds
[2025-12-24T14:34:44.421+0000] {processor.py:161} INFO - Started process (PID=14392) to work on /opt/airflow/dags/main.py
[2025-12-24T14:34:44.423+0000] {processor.py:830} INFO - Processing file /opt/airflow/dags/main.py for tasks to queue
[2025-12-24T14:34:44.425+0000] {logging_mixin.py:188} INFO - [2025-12-24T14:34:44.425+0000] {dagbag.py:545} INFO - Filling up the DagBag from /opt/airflow/dags/main.py
[2025-12-24T14:34:44.781+0000] {processor.py:840} INFO - DAG(s) 'update_db', 'youtube_video_stats' retrieved from /opt/airflow/dags/main.py
[2025-12-24T14:34:44.886+0000] {logging_mixin.py:188} INFO - [2025-12-24T14:34:44.886+0000] {dag.py:3096} INFO - Sync 2 DAGs
[2025-12-24T14:34:44.983+0000] {logging_mixin.py:188} INFO - [2025-12-24T14:34:44.983+0000] {dag.py:3954} INFO - Setting next_dagrun for update_db to 2025-12-23 15:00:00+00:00, run_after=2025-12-24 15:00:00+00:00
[2025-12-24T14:34:45.035+0000] {logging_mixin.py:188} INFO - [2025-12-24T14:34:45.027+0000] {dag.py:3954} INFO - Setting next_dagrun for youtube_video_stats to 2025-12-24 14:00:00+00:00, run_after=2025-12-25 14:00:00+00:00
[2025-12-24T14:34:45.090+0000] {processor.py:183} INFO - Processing /opt/airflow/dags/main.py took 0.685 seconds
[2025-12-24T14:35:15.263+0000] {processor.py:161} INFO - Started process (PID=14399) to work on /opt/airflow/dags/main.py
[2025-12-24T14:35:15.264+0000] {processor.py:830} INFO - Processing file /opt/airflow/dags/main.py for tasks to queue
[2025-12-24T14:35:15.265+0000] {logging_mixin.py:188} INFO - [2025-12-24T14:35:15.264+0000] {dagbag.py:545} INFO - Filling up the DagBag from /opt/airflow/dags/main.py
[2025-12-24T14:35:15.360+0000] {processor.py:840} INFO - DAG(s) 'update_db', 'youtube_video_stats' retrieved from /opt/airflow/dags/main.py
[2025-12-24T14:35:15.393+0000] {logging_mixin.py:188} INFO - [2025-12-24T14:35:15.392+0000] {dag.py:3096} INFO - Sync 2 DAGs
[2025-12-24T14:35:15.416+0000] {logging_mixin.py:188} INFO - [2025-12-24T14:35:15.416+0000] {dag.py:3954} INFO - Setting next_dagrun for update_db to 2025-12-23 15:00:00+00:00, run_after=2025-12-24 15:00:00+00:00
[2025-12-24T14:35:15.421+0000] {logging_mixin.py:188} INFO - [2025-12-24T14:35:15.421+0000] {dag.py:3954} INFO - Setting next_dagrun for youtube_video_stats to 2025-12-24 14:00:00+00:00, run_after=2025-12-25 14:00:00+00:00
[2025-12-24T14:35:15.444+0000] {processor.py:183} INFO - Processing /opt/airflow/dags/main.py took 0.188 seconds
[2025-12-24T14:35:45.640+0000] {processor.py:161} INFO - Started process (PID=14406) to work on /opt/airflow/dags/main.py
[2025-12-24T14:35:45.642+0000] {processor.py:830} INFO - Processing file /opt/airflow/dags/main.py for tasks to queue
[2025-12-24T14:35:45.643+0000] {logging_mixin.py:188} INFO - [2025-12-24T14:35:45.642+0000] {dagbag.py:545} INFO - Filling up the DagBag from /opt/airflow/dags/main.py
[2025-12-24T14:35:45.743+0000] {processor.py:840} INFO - DAG(s) 'youtube_video_stats', 'update_db' retrieved from /opt/airflow/dags/main.py
[2025-12-24T14:35:45.797+0000] {logging_mixin.py:188} INFO - [2025-12-24T14:35:45.796+0000] {dag.py:3096} INFO - Sync 2 DAGs
[2025-12-24T14:35:45.818+0000] {logging_mixin.py:188} INFO - [2025-12-24T14:35:45.818+0000] {dag.py:3954} INFO - Setting next_dagrun for update_db to 2025-12-23 15:00:00+00:00, run_after=2025-12-24 15:00:00+00:00
[2025-12-24T14:35:45.823+0000] {logging_mixin.py:188} INFO - [2025-12-24T14:35:45.823+0000] {dag.py:3954} INFO - Setting next_dagrun for youtube_video_stats to 2025-12-24 14:00:00+00:00, run_after=2025-12-25 14:00:00+00:00
[2025-12-24T14:35:45.842+0000] {processor.py:183} INFO - Processing /opt/airflow/dags/main.py took 0.208 seconds
[2025-12-24T14:36:16.180+0000] {processor.py:161} INFO - Started process (PID=14413) to work on /opt/airflow/dags/main.py
[2025-12-24T14:36:16.181+0000] {processor.py:830} INFO - Processing file /opt/airflow/dags/main.py for tasks to queue
[2025-12-24T14:36:16.182+0000] {logging_mixin.py:188} INFO - [2025-12-24T14:36:16.182+0000] {dagbag.py:545} INFO - Filling up the DagBag from /opt/airflow/dags/main.py
[2025-12-24T14:36:16.267+0000] {processor.py:840} INFO - DAG(s) 'youtube_video_stats', 'update_db' retrieved from /opt/airflow/dags/main.py
[2025-12-24T14:36:16.295+0000] {logging_mixin.py:188} INFO - [2025-12-24T14:36:16.295+0000] {dag.py:3096} INFO - Sync 2 DAGs
[2025-12-24T14:36:16.315+0000] {logging_mixin.py:188} INFO - [2025-12-24T14:36:16.315+0000] {dag.py:3954} INFO - Setting next_dagrun for update_db to 2025-12-23 15:00:00+00:00, run_after=2025-12-24 15:00:00+00:00
[2025-12-24T14:36:16.320+0000] {logging_mixin.py:188} INFO - [2025-12-24T14:36:16.320+0000] {dag.py:3954} INFO - Setting next_dagrun for youtube_video_stats to 2025-12-24 14:00:00+00:00, run_after=2025-12-25 14:00:00+00:00
[2025-12-24T14:36:16.395+0000] {processor.py:183} INFO - Processing /opt/airflow/dags/main.py took 0.221 seconds
[2025-12-24T14:36:46.753+0000] {processor.py:161} INFO - Started process (PID=14420) to work on /opt/airflow/dags/main.py
[2025-12-24T14:36:46.754+0000] {processor.py:830} INFO - Processing file /opt/airflow/dags/main.py for tasks to queue
[2025-12-24T14:36:46.755+0000] {logging_mixin.py:188} INFO - [2025-12-24T14:36:46.755+0000] {dagbag.py:545} INFO - Filling up the DagBag from /opt/airflow/dags/main.py
[2025-12-24T14:36:46.855+0000] {processor.py:840} INFO - DAG(s) 'youtube_video_stats', 'update_db' retrieved from /opt/airflow/dags/main.py
[2025-12-24T14:36:46.885+0000] {logging_mixin.py:188} INFO - [2025-12-24T14:36:46.884+0000] {dag.py:3096} INFO - Sync 2 DAGs
[2025-12-24T14:36:46.906+0000] {logging_mixin.py:188} INFO - [2025-12-24T14:36:46.906+0000] {dag.py:3954} INFO - Setting next_dagrun for update_db to 2025-12-23 15:00:00+00:00, run_after=2025-12-24 15:00:00+00:00
[2025-12-24T14:36:46.913+0000] {logging_mixin.py:188} INFO - [2025-12-24T14:36:46.913+0000] {dag.py:3954} INFO - Setting next_dagrun for youtube_video_stats to 2025-12-24 14:00:00+00:00, run_after=2025-12-25 14:00:00+00:00
[2025-12-24T14:36:46.934+0000] {processor.py:183} INFO - Processing /opt/airflow/dags/main.py took 0.186 seconds
[2025-12-24T14:37:17.120+0000] {processor.py:161} INFO - Started process (PID=14427) to work on /opt/airflow/dags/main.py
[2025-12-24T14:37:17.121+0000] {processor.py:830} INFO - Processing file /opt/airflow/dags/main.py for tasks to queue
[2025-12-24T14:37:17.122+0000] {logging_mixin.py:188} INFO - [2025-12-24T14:37:17.121+0000] {dagbag.py:545} INFO - Filling up the DagBag from /opt/airflow/dags/main.py
[2025-12-24T14:37:17.193+0000] {processor.py:840} INFO - DAG(s) 'youtube_video_stats', 'update_db' retrieved from /opt/airflow/dags/main.py
[2025-12-24T14:37:17.223+0000] {logging_mixin.py:188} INFO - [2025-12-24T14:37:17.222+0000] {dag.py:3096} INFO - Sync 2 DAGs
[2025-12-24T14:37:17.244+0000] {logging_mixin.py:188} INFO - [2025-12-24T14:37:17.244+0000] {dag.py:3954} INFO - Setting next_dagrun for update_db to 2025-12-23 15:00:00+00:00, run_after=2025-12-24 15:00:00+00:00
[2025-12-24T14:37:17.249+0000] {logging_mixin.py:188} INFO - [2025-12-24T14:37:17.249+0000] {dag.py:3954} INFO - Setting next_dagrun for youtube_video_stats to 2025-12-24 14:00:00+00:00, run_after=2025-12-25 14:00:00+00:00
[2025-12-24T14:37:17.266+0000] {processor.py:183} INFO - Processing /opt/airflow/dags/main.py took 0.152 seconds
[2025-12-24T14:37:47.423+0000] {processor.py:161} INFO - Started process (PID=14434) to work on /opt/airflow/dags/main.py
[2025-12-24T14:37:47.425+0000] {processor.py:830} INFO - Processing file /opt/airflow/dags/main.py for tasks to queue
[2025-12-24T14:37:47.426+0000] {logging_mixin.py:188} INFO - [2025-12-24T14:37:47.426+0000] {dagbag.py:545} INFO - Filling up the DagBag from /opt/airflow/dags/main.py
[2025-12-24T14:37:47.505+0000] {processor.py:840} INFO - DAG(s) 'update_db', 'youtube_video_stats' retrieved from /opt/airflow/dags/main.py
[2025-12-24T14:37:47.534+0000] {logging_mixin.py:188} INFO - [2025-12-24T14:37:47.534+0000] {dag.py:3096} INFO - Sync 2 DAGs
[2025-12-24T14:37:47.556+0000] {logging_mixin.py:188} INFO - [2025-12-24T14:37:47.556+0000] {dag.py:3954} INFO - Setting next_dagrun for update_db to 2025-12-23 15:00:00+00:00, run_after=2025-12-24 15:00:00+00:00
[2025-12-24T14:37:47.561+0000] {logging_mixin.py:188} INFO - [2025-12-24T14:37:47.561+0000] {dag.py:3954} INFO - Setting next_dagrun for youtube_video_stats to 2025-12-24 14:00:00+00:00, run_after=2025-12-25 14:00:00+00:00
[2025-12-24T14:37:47.582+0000] {processor.py:183} INFO - Processing /opt/airflow/dags/main.py took 0.164 seconds
[2025-12-24T14:38:17.626+0000] {processor.py:161} INFO - Started process (PID=14441) to work on /opt/airflow/dags/main.py
[2025-12-24T14:38:17.627+0000] {processor.py:830} INFO - Processing file /opt/airflow/dags/main.py for tasks to queue
[2025-12-24T14:38:17.628+0000] {logging_mixin.py:188} INFO - [2025-12-24T14:38:17.628+0000] {dagbag.py:545} INFO - Filling up the DagBag from /opt/airflow/dags/main.py
[2025-12-24T14:38:17.713+0000] {processor.py:840} INFO - DAG(s) 'update_db', 'youtube_video_stats' retrieved from /opt/airflow/dags/main.py
[2025-12-24T14:38:17.740+0000] {logging_mixin.py:188} INFO - [2025-12-24T14:38:17.740+0000] {dag.py:3096} INFO - Sync 2 DAGs
[2025-12-24T14:38:17.758+0000] {logging_mixin.py:188} INFO - [2025-12-24T14:38:17.758+0000] {dag.py:3954} INFO - Setting next_dagrun for update_db to 2025-12-23 15:00:00+00:00, run_after=2025-12-24 15:00:00+00:00
[2025-12-24T14:38:17.763+0000] {logging_mixin.py:188} INFO - [2025-12-24T14:38:17.763+0000] {dag.py:3954} INFO - Setting next_dagrun for youtube_video_stats to 2025-12-24 14:00:00+00:00, run_after=2025-12-25 14:00:00+00:00
[2025-12-24T14:38:17.782+0000] {processor.py:183} INFO - Processing /opt/airflow/dags/main.py took 0.163 seconds
[2025-12-24T14:38:48.071+0000] {processor.py:161} INFO - Started process (PID=14448) to work on /opt/airflow/dags/main.py
[2025-12-24T14:38:48.073+0000] {processor.py:830} INFO - Processing file /opt/airflow/dags/main.py for tasks to queue
[2025-12-24T14:38:48.074+0000] {logging_mixin.py:188} INFO - [2025-12-24T14:38:48.074+0000] {dagbag.py:545} INFO - Filling up the DagBag from /opt/airflow/dags/main.py
[2025-12-24T14:38:48.191+0000] {processor.py:840} INFO - DAG(s) 'youtube_video_stats', 'update_db' retrieved from /opt/airflow/dags/main.py
[2025-12-24T14:38:48.230+0000] {logging_mixin.py:188} INFO - [2025-12-24T14:38:48.230+0000] {dag.py:3096} INFO - Sync 2 DAGs
[2025-12-24T14:38:48.259+0000] {logging_mixin.py:188} INFO - [2025-12-24T14:38:48.258+0000] {dag.py:3954} INFO - Setting next_dagrun for update_db to 2025-12-23 15:00:00+00:00, run_after=2025-12-24 15:00:00+00:00
[2025-12-24T14:38:48.266+0000] {logging_mixin.py:188} INFO - [2025-12-24T14:38:48.265+0000] {dag.py:3954} INFO - Setting next_dagrun for youtube_video_stats to 2025-12-24 14:00:00+00:00, run_after=2025-12-25 14:00:00+00:00
[2025-12-24T14:38:48.292+0000] {processor.py:183} INFO - Processing /opt/airflow/dags/main.py took 0.228 seconds
[2025-12-24T14:39:18.352+0000] {processor.py:161} INFO - Started process (PID=14455) to work on /opt/airflow/dags/main.py
[2025-12-24T14:39:18.353+0000] {processor.py:830} INFO - Processing file /opt/airflow/dags/main.py for tasks to queue
[2025-12-24T14:39:18.354+0000] {logging_mixin.py:188} INFO - [2025-12-24T14:39:18.354+0000] {dagbag.py:545} INFO - Filling up the DagBag from /opt/airflow/dags/main.py
[2025-12-24T14:39:18.455+0000] {processor.py:840} INFO - DAG(s) 'update_db', 'youtube_video_stats' retrieved from /opt/airflow/dags/main.py
[2025-12-24T14:39:18.488+0000] {logging_mixin.py:188} INFO - [2025-12-24T14:39:18.488+0000] {dag.py:3096} INFO - Sync 2 DAGs
[2025-12-24T14:39:18.512+0000] {logging_mixin.py:188} INFO - [2025-12-24T14:39:18.512+0000] {dag.py:3954} INFO - Setting next_dagrun for update_db to 2025-12-23 15:00:00+00:00, run_after=2025-12-24 15:00:00+00:00
[2025-12-24T14:39:18.518+0000] {logging_mixin.py:188} INFO - [2025-12-24T14:39:18.517+0000] {dag.py:3954} INFO - Setting next_dagrun for youtube_video_stats to 2025-12-24 14:00:00+00:00, run_after=2025-12-25 14:00:00+00:00
[2025-12-24T14:39:18.537+0000] {processor.py:183} INFO - Processing /opt/airflow/dags/main.py took 0.192 seconds
[2025-12-24T14:39:48.687+0000] {processor.py:161} INFO - Started process (PID=14462) to work on /opt/airflow/dags/main.py
[2025-12-24T14:39:48.688+0000] {processor.py:830} INFO - Processing file /opt/airflow/dags/main.py for tasks to queue
[2025-12-24T14:39:48.689+0000] {logging_mixin.py:188} INFO - [2025-12-24T14:39:48.689+0000] {dagbag.py:545} INFO - Filling up the DagBag from /opt/airflow/dags/main.py
[2025-12-24T14:39:48.783+0000] {processor.py:840} INFO - DAG(s) 'youtube_video_stats', 'update_db' retrieved from /opt/airflow/dags/main.py
[2025-12-24T14:39:48.812+0000] {logging_mixin.py:188} INFO - [2025-12-24T14:39:48.812+0000] {dag.py:3096} INFO - Sync 2 DAGs
[2025-12-24T14:39:48.837+0000] {logging_mixin.py:188} INFO - [2025-12-24T14:39:48.836+0000] {dag.py:3954} INFO - Setting next_dagrun for update_db to 2025-12-23 15:00:00+00:00, run_after=2025-12-24 15:00:00+00:00
[2025-12-24T14:39:48.841+0000] {logging_mixin.py:188} INFO - [2025-12-24T14:39:48.841+0000] {dag.py:3954} INFO - Setting next_dagrun for youtube_video_stats to 2025-12-24 14:00:00+00:00, run_after=2025-12-25 14:00:00+00:00
[2025-12-24T14:39:48.857+0000] {processor.py:183} INFO - Processing /opt/airflow/dags/main.py took 0.176 seconds
[2025-12-24T14:40:18.988+0000] {processor.py:161} INFO - Started process (PID=14469) to work on /opt/airflow/dags/main.py
[2025-12-24T14:40:18.989+0000] {processor.py:830} INFO - Processing file /opt/airflow/dags/main.py for tasks to queue
[2025-12-24T14:40:18.990+0000] {logging_mixin.py:188} INFO - [2025-12-24T14:40:18.990+0000] {dagbag.py:545} INFO - Filling up the DagBag from /opt/airflow/dags/main.py
[2025-12-24T14:40:19.072+0000] {processor.py:840} INFO - DAG(s) 'update_db', 'youtube_video_stats' retrieved from /opt/airflow/dags/main.py
[2025-12-24T14:40:19.103+0000] {logging_mixin.py:188} INFO - [2025-12-24T14:40:19.103+0000] {dag.py:3096} INFO - Sync 2 DAGs
[2025-12-24T14:40:19.126+0000] {logging_mixin.py:188} INFO - [2025-12-24T14:40:19.126+0000] {dag.py:3954} INFO - Setting next_dagrun for update_db to 2025-12-23 15:00:00+00:00, run_after=2025-12-24 15:00:00+00:00
[2025-12-24T14:40:19.131+0000] {logging_mixin.py:188} INFO - [2025-12-24T14:40:19.131+0000] {dag.py:3954} INFO - Setting next_dagrun for youtube_video_stats to 2025-12-24 14:00:00+00:00, run_after=2025-12-25 14:00:00+00:00
[2025-12-24T14:40:19.151+0000] {processor.py:183} INFO - Processing /opt/airflow/dags/main.py took 0.169 seconds
[2025-12-24T14:40:49.247+0000] {processor.py:161} INFO - Started process (PID=14476) to work on /opt/airflow/dags/main.py
[2025-12-24T14:40:49.250+0000] {processor.py:830} INFO - Processing file /opt/airflow/dags/main.py for tasks to queue
[2025-12-24T14:40:49.252+0000] {logging_mixin.py:188} INFO - [2025-12-24T14:40:49.252+0000] {dagbag.py:545} INFO - Filling up the DagBag from /opt/airflow/dags/main.py
[2025-12-24T14:40:49.329+0000] {processor.py:840} INFO - DAG(s) 'update_db', 'youtube_video_stats' retrieved from /opt/airflow/dags/main.py
[2025-12-24T14:40:49.356+0000] {logging_mixin.py:188} INFO - [2025-12-24T14:40:49.356+0000] {dag.py:3096} INFO - Sync 2 DAGs
[2025-12-24T14:40:49.379+0000] {logging_mixin.py:188} INFO - [2025-12-24T14:40:49.378+0000] {dag.py:3954} INFO - Setting next_dagrun for update_db to 2025-12-23 15:00:00+00:00, run_after=2025-12-24 15:00:00+00:00
[2025-12-24T14:40:49.383+0000] {logging_mixin.py:188} INFO - [2025-12-24T14:40:49.383+0000] {dag.py:3954} INFO - Setting next_dagrun for youtube_video_stats to 2025-12-24 14:00:00+00:00, run_after=2025-12-25 14:00:00+00:00
[2025-12-24T14:40:49.404+0000] {processor.py:183} INFO - Processing /opt/airflow/dags/main.py took 0.163 seconds
[2025-12-24T14:41:19.612+0000] {processor.py:161} INFO - Started process (PID=14483) to work on /opt/airflow/dags/main.py
[2025-12-24T14:41:19.613+0000] {processor.py:830} INFO - Processing file /opt/airflow/dags/main.py for tasks to queue
[2025-12-24T14:41:19.614+0000] {logging_mixin.py:188} INFO - [2025-12-24T14:41:19.614+0000] {dagbag.py:545} INFO - Filling up the DagBag from /opt/airflow/dags/main.py
[2025-12-24T14:41:19.691+0000] {processor.py:840} INFO - DAG(s) 'youtube_video_stats', 'update_db' retrieved from /opt/airflow/dags/main.py
[2025-12-24T14:41:19.717+0000] {logging_mixin.py:188} INFO - [2025-12-24T14:41:19.717+0000] {dag.py:3096} INFO - Sync 2 DAGs
[2025-12-24T14:41:19.737+0000] {logging_mixin.py:188} INFO - [2025-12-24T14:41:19.737+0000] {dag.py:3954} INFO - Setting next_dagrun for update_db to 2025-12-23 15:00:00+00:00, run_after=2025-12-24 15:00:00+00:00
[2025-12-24T14:41:19.742+0000] {logging_mixin.py:188} INFO - [2025-12-24T14:41:19.742+0000] {dag.py:3954} INFO - Setting next_dagrun for youtube_video_stats to 2025-12-24 14:00:00+00:00, run_after=2025-12-25 14:00:00+00:00
[2025-12-24T14:41:19.763+0000] {processor.py:183} INFO - Processing /opt/airflow/dags/main.py took 0.156 seconds
[2025-12-24T14:41:49.803+0000] {processor.py:161} INFO - Started process (PID=14490) to work on /opt/airflow/dags/main.py
[2025-12-24T14:41:49.804+0000] {processor.py:830} INFO - Processing file /opt/airflow/dags/main.py for tasks to queue
[2025-12-24T14:41:49.805+0000] {logging_mixin.py:188} INFO - [2025-12-24T14:41:49.805+0000] {dagbag.py:545} INFO - Filling up the DagBag from /opt/airflow/dags/main.py
[2025-12-24T14:41:49.896+0000] {processor.py:840} INFO - DAG(s) 'youtube_video_stats', 'update_db' retrieved from /opt/airflow/dags/main.py
[2025-12-24T14:41:49.931+0000] {logging_mixin.py:188} INFO - [2025-12-24T14:41:49.931+0000] {dag.py:3096} INFO - Sync 2 DAGs
[2025-12-24T14:41:49.954+0000] {logging_mixin.py:188} INFO - [2025-12-24T14:41:49.953+0000] {dag.py:3954} INFO - Setting next_dagrun for update_db to 2025-12-23 15:00:00+00:00, run_after=2025-12-24 15:00:00+00:00
[2025-12-24T14:41:49.959+0000] {logging_mixin.py:188} INFO - [2025-12-24T14:41:49.959+0000] {dag.py:3954} INFO - Setting next_dagrun for youtube_video_stats to 2025-12-24 14:00:00+00:00, run_after=2025-12-25 14:00:00+00:00
[2025-12-24T14:41:49.978+0000] {processor.py:183} INFO - Processing /opt/airflow/dags/main.py took 0.182 seconds
[2025-12-24T14:42:20.143+0000] {processor.py:161} INFO - Started process (PID=14497) to work on /opt/airflow/dags/main.py
[2025-12-24T14:42:20.144+0000] {processor.py:830} INFO - Processing file /opt/airflow/dags/main.py for tasks to queue
[2025-12-24T14:42:20.145+0000] {logging_mixin.py:188} INFO - [2025-12-24T14:42:20.145+0000] {dagbag.py:545} INFO - Filling up the DagBag from /opt/airflow/dags/main.py
[2025-12-24T14:42:20.244+0000] {processor.py:840} INFO - DAG(s) 'update_db', 'youtube_video_stats' retrieved from /opt/airflow/dags/main.py
[2025-12-24T14:42:20.276+0000] {logging_mixin.py:188} INFO - [2025-12-24T14:42:20.276+0000] {dag.py:3096} INFO - Sync 2 DAGs
[2025-12-24T14:42:20.299+0000] {logging_mixin.py:188} INFO - [2025-12-24T14:42:20.299+0000] {dag.py:3954} INFO - Setting next_dagrun for update_db to 2025-12-23 15:00:00+00:00, run_after=2025-12-24 15:00:00+00:00
[2025-12-24T14:42:20.306+0000] {logging_mixin.py:188} INFO - [2025-12-24T14:42:20.305+0000] {dag.py:3954} INFO - Setting next_dagrun for youtube_video_stats to 2025-12-24 14:00:00+00:00, run_after=2025-12-25 14:00:00+00:00
[2025-12-24T14:42:20.324+0000] {processor.py:183} INFO - Processing /opt/airflow/dags/main.py took 0.187 seconds
[2025-12-24T14:42:50.377+0000] {processor.py:161} INFO - Started process (PID=14504) to work on /opt/airflow/dags/main.py
[2025-12-24T14:42:50.378+0000] {processor.py:830} INFO - Processing file /opt/airflow/dags/main.py for tasks to queue
[2025-12-24T14:42:50.380+0000] {logging_mixin.py:188} INFO - [2025-12-24T14:42:50.379+0000] {dagbag.py:545} INFO - Filling up the DagBag from /opt/airflow/dags/main.py
[2025-12-24T14:42:50.479+0000] {processor.py:840} INFO - DAG(s) 'youtube_video_stats', 'update_db' retrieved from /opt/airflow/dags/main.py
[2025-12-24T14:42:50.509+0000] {logging_mixin.py:188} INFO - [2025-12-24T14:42:50.509+0000] {dag.py:3096} INFO - Sync 2 DAGs
[2025-12-24T14:42:50.531+0000] {logging_mixin.py:188} INFO - [2025-12-24T14:42:50.531+0000] {dag.py:3954} INFO - Setting next_dagrun for update_db to 2025-12-23 15:00:00+00:00, run_after=2025-12-24 15:00:00+00:00
[2025-12-24T14:42:50.536+0000] {logging_mixin.py:188} INFO - [2025-12-24T14:42:50.536+0000] {dag.py:3954} INFO - Setting next_dagrun for youtube_video_stats to 2025-12-24 14:00:00+00:00, run_after=2025-12-25 14:00:00+00:00
[2025-12-24T14:42:50.557+0000] {processor.py:183} INFO - Processing /opt/airflow/dags/main.py took 0.186 seconds
[2025-12-24T14:43:20.794+0000] {processor.py:161} INFO - Started process (PID=14511) to work on /opt/airflow/dags/main.py
[2025-12-24T14:43:20.795+0000] {processor.py:830} INFO - Processing file /opt/airflow/dags/main.py for tasks to queue
[2025-12-24T14:43:20.796+0000] {logging_mixin.py:188} INFO - [2025-12-24T14:43:20.795+0000] {dagbag.py:545} INFO - Filling up the DagBag from /opt/airflow/dags/main.py
[2025-12-24T14:43:20.871+0000] {processor.py:840} INFO - DAG(s) 'update_db', 'youtube_video_stats' retrieved from /opt/airflow/dags/main.py
[2025-12-24T14:43:20.899+0000] {logging_mixin.py:188} INFO - [2025-12-24T14:43:20.899+0000] {dag.py:3096} INFO - Sync 2 DAGs
[2025-12-24T14:43:20.923+0000] {logging_mixin.py:188} INFO - [2025-12-24T14:43:20.923+0000] {dag.py:3954} INFO - Setting next_dagrun for update_db to 2025-12-23 15:00:00+00:00, run_after=2025-12-24 15:00:00+00:00
[2025-12-24T14:43:20.928+0000] {logging_mixin.py:188} INFO - [2025-12-24T14:43:20.928+0000] {dag.py:3954} INFO - Setting next_dagrun for youtube_video_stats to 2025-12-24 14:00:00+00:00, run_after=2025-12-25 14:00:00+00:00
[2025-12-24T14:43:20.946+0000] {processor.py:183} INFO - Processing /opt/airflow/dags/main.py took 0.158 seconds
[2025-12-24T14:43:51.170+0000] {processor.py:161} INFO - Started process (PID=14518) to work on /opt/airflow/dags/main.py
[2025-12-24T14:43:51.172+0000] {processor.py:830} INFO - Processing file /opt/airflow/dags/main.py for tasks to queue
[2025-12-24T14:43:51.173+0000] {logging_mixin.py:188} INFO - [2025-12-24T14:43:51.172+0000] {dagbag.py:545} INFO - Filling up the DagBag from /opt/airflow/dags/main.py
[2025-12-24T14:43:51.309+0000] {processor.py:840} INFO - DAG(s) 'youtube_video_stats', 'update_db' retrieved from /opt/airflow/dags/main.py
[2025-12-24T14:43:51.353+0000] {logging_mixin.py:188} INFO - [2025-12-24T14:43:51.353+0000] {dag.py:3096} INFO - Sync 2 DAGs
[2025-12-24T14:43:51.384+0000] {logging_mixin.py:188} INFO - [2025-12-24T14:43:51.384+0000] {dag.py:3954} INFO - Setting next_dagrun for update_db to 2025-12-23 15:00:00+00:00, run_after=2025-12-24 15:00:00+00:00
[2025-12-24T14:43:51.391+0000] {logging_mixin.py:188} INFO - [2025-12-24T14:43:51.391+0000] {dag.py:3954} INFO - Setting next_dagrun for youtube_video_stats to 2025-12-24 14:00:00+00:00, run_after=2025-12-25 14:00:00+00:00
[2025-12-24T14:43:51.419+0000] {processor.py:183} INFO - Processing /opt/airflow/dags/main.py took 0.260 seconds
[2025-12-24T14:44:21.491+0000] {processor.py:161} INFO - Started process (PID=14525) to work on /opt/airflow/dags/main.py
[2025-12-24T14:44:21.492+0000] {processor.py:830} INFO - Processing file /opt/airflow/dags/main.py for tasks to queue
[2025-12-24T14:44:21.493+0000] {logging_mixin.py:188} INFO - [2025-12-24T14:44:21.493+0000] {dagbag.py:545} INFO - Filling up the DagBag from /opt/airflow/dags/main.py
[2025-12-24T14:44:21.584+0000] {processor.py:840} INFO - DAG(s) 'youtube_video_stats', 'update_db' retrieved from /opt/airflow/dags/main.py
[2025-12-24T14:44:21.619+0000] {logging_mixin.py:188} INFO - [2025-12-24T14:44:21.618+0000] {dag.py:3096} INFO - Sync 2 DAGs
[2025-12-24T14:44:21.639+0000] {logging_mixin.py:188} INFO - [2025-12-24T14:44:21.638+0000] {dag.py:3954} INFO - Setting next_dagrun for update_db to 2025-12-23 15:00:00+00:00, run_after=2025-12-24 15:00:00+00:00
[2025-12-24T14:44:21.644+0000] {logging_mixin.py:188} INFO - [2025-12-24T14:44:21.644+0000] {dag.py:3954} INFO - Setting next_dagrun for youtube_video_stats to 2025-12-24 14:00:00+00:00, run_after=2025-12-25 14:00:00+00:00
[2025-12-24T14:44:21.659+0000] {processor.py:183} INFO - Processing /opt/airflow/dags/main.py took 0.173 seconds
[2025-12-24T14:44:51.866+0000] {processor.py:161} INFO - Started process (PID=14532) to work on /opt/airflow/dags/main.py
[2025-12-24T14:44:51.867+0000] {processor.py:830} INFO - Processing file /opt/airflow/dags/main.py for tasks to queue
[2025-12-24T14:44:51.868+0000] {logging_mixin.py:188} INFO - [2025-12-24T14:44:51.868+0000] {dagbag.py:545} INFO - Filling up the DagBag from /opt/airflow/dags/main.py
[2025-12-24T14:44:51.953+0000] {processor.py:840} INFO - DAG(s) 'youtube_video_stats', 'update_db' retrieved from /opt/airflow/dags/main.py
[2025-12-24T14:44:51.984+0000] {logging_mixin.py:188} INFO - [2025-12-24T14:44:51.984+0000] {dag.py:3096} INFO - Sync 2 DAGs
[2025-12-24T14:44:52.009+0000] {logging_mixin.py:188} INFO - [2025-12-24T14:44:52.009+0000] {dag.py:3954} INFO - Setting next_dagrun for update_db to 2025-12-23 15:00:00+00:00, run_after=2025-12-24 15:00:00+00:00
[2025-12-24T14:44:52.016+0000] {logging_mixin.py:188} INFO - [2025-12-24T14:44:52.016+0000] {dag.py:3954} INFO - Setting next_dagrun for youtube_video_stats to 2025-12-24 14:00:00+00:00, run_after=2025-12-25 14:00:00+00:00
[2025-12-24T14:44:52.034+0000] {processor.py:183} INFO - Processing /opt/airflow/dags/main.py took 0.173 seconds
[2025-12-24T14:45:22.213+0000] {processor.py:161} INFO - Started process (PID=14539) to work on /opt/airflow/dags/main.py
[2025-12-24T14:45:22.214+0000] {processor.py:830} INFO - Processing file /opt/airflow/dags/main.py for tasks to queue
[2025-12-24T14:45:22.215+0000] {logging_mixin.py:188} INFO - [2025-12-24T14:45:22.215+0000] {dagbag.py:545} INFO - Filling up the DagBag from /opt/airflow/dags/main.py
[2025-12-24T14:45:22.288+0000] {processor.py:840} INFO - DAG(s) 'update_db', 'youtube_video_stats' retrieved from /opt/airflow/dags/main.py
[2025-12-24T14:45:22.315+0000] {logging_mixin.py:188} INFO - [2025-12-24T14:45:22.315+0000] {dag.py:3096} INFO - Sync 2 DAGs
[2025-12-24T14:45:22.333+0000] {logging_mixin.py:188} INFO - [2025-12-24T14:45:22.333+0000] {dag.py:3954} INFO - Setting next_dagrun for update_db to 2025-12-23 15:00:00+00:00, run_after=2025-12-24 15:00:00+00:00
[2025-12-24T14:45:22.339+0000] {logging_mixin.py:188} INFO - [2025-12-24T14:45:22.339+0000] {dag.py:3954} INFO - Setting next_dagrun for youtube_video_stats to 2025-12-24 14:00:00+00:00, run_after=2025-12-25 14:00:00+00:00
[2025-12-24T14:45:22.361+0000] {processor.py:183} INFO - Processing /opt/airflow/dags/main.py took 0.153 seconds
[2025-12-24T14:45:52.469+0000] {processor.py:161} INFO - Started process (PID=14546) to work on /opt/airflow/dags/main.py
[2025-12-24T14:45:52.470+0000] {processor.py:830} INFO - Processing file /opt/airflow/dags/main.py for tasks to queue
[2025-12-24T14:45:52.471+0000] {logging_mixin.py:188} INFO - [2025-12-24T14:45:52.471+0000] {dagbag.py:545} INFO - Filling up the DagBag from /opt/airflow/dags/main.py
[2025-12-24T14:45:52.572+0000] {processor.py:840} INFO - DAG(s) 'youtube_video_stats', 'update_db' retrieved from /opt/airflow/dags/main.py
[2025-12-24T14:45:52.611+0000] {logging_mixin.py:188} INFO - [2025-12-24T14:45:52.610+0000] {dag.py:3096} INFO - Sync 2 DAGs
[2025-12-24T14:45:52.645+0000] {logging_mixin.py:188} INFO - [2025-12-24T14:45:52.645+0000] {dag.py:3954} INFO - Setting next_dagrun for update_db to 2025-12-23 15:00:00+00:00, run_after=2025-12-24 15:00:00+00:00
[2025-12-24T14:45:52.650+0000] {logging_mixin.py:188} INFO - [2025-12-24T14:45:52.650+0000] {dag.py:3954} INFO - Setting next_dagrun for youtube_video_stats to 2025-12-24 14:00:00+00:00, run_after=2025-12-25 14:00:00+00:00
[2025-12-24T14:45:52.669+0000] {processor.py:183} INFO - Processing /opt/airflow/dags/main.py took 0.208 seconds
[2025-12-24T14:46:22.827+0000] {processor.py:161} INFO - Started process (PID=14553) to work on /opt/airflow/dags/main.py
[2025-12-24T14:46:22.828+0000] {processor.py:830} INFO - Processing file /opt/airflow/dags/main.py for tasks to queue
[2025-12-24T14:46:22.829+0000] {logging_mixin.py:188} INFO - [2025-12-24T14:46:22.829+0000] {dagbag.py:545} INFO - Filling up the DagBag from /opt/airflow/dags/main.py
[2025-12-24T14:46:22.908+0000] {processor.py:840} INFO - DAG(s) 'update_db', 'youtube_video_stats' retrieved from /opt/airflow/dags/main.py
[2025-12-24T14:46:22.939+0000] {logging_mixin.py:188} INFO - [2025-12-24T14:46:22.939+0000] {dag.py:3096} INFO - Sync 2 DAGs
[2025-12-24T14:46:22.961+0000] {logging_mixin.py:188} INFO - [2025-12-24T14:46:22.961+0000] {dag.py:3954} INFO - Setting next_dagrun for update_db to 2025-12-23 15:00:00+00:00, run_after=2025-12-24 15:00:00+00:00
[2025-12-24T14:46:22.966+0000] {logging_mixin.py:188} INFO - [2025-12-24T14:46:22.966+0000] {dag.py:3954} INFO - Setting next_dagrun for youtube_video_stats to 2025-12-24 14:00:00+00:00, run_after=2025-12-25 14:00:00+00:00
[2025-12-24T14:46:22.981+0000] {processor.py:183} INFO - Processing /opt/airflow/dags/main.py took 0.160 seconds
[2025-12-24T20:36:51.801+0000] {processor.py:161} INFO - Started process (PID=14560) to work on /opt/airflow/dags/main.py
[2025-12-24T20:36:51.817+0000] {processor.py:830} INFO - Processing file /opt/airflow/dags/main.py for tasks to queue
[2025-12-24T20:36:51.820+0000] {logging_mixin.py:188} INFO - [2025-12-24T20:36:51.820+0000] {dagbag.py:545} INFO - Filling up the DagBag from /opt/airflow/dags/main.py
[2025-12-24T20:36:52.480+0000] {processor.py:840} INFO - DAG(s) 'youtube_video_stats', 'update_db' retrieved from /opt/airflow/dags/main.py
[2025-12-24T20:36:52.646+0000] {logging_mixin.py:188} INFO - [2025-12-24T20:36:52.646+0000] {dag.py:3096} INFO - Sync 2 DAGs
[2025-12-24T20:36:52.751+0000] {logging_mixin.py:188} INFO - [2025-12-24T20:36:52.750+0000] {dag.py:3954} INFO - Setting next_dagrun for update_db to 2025-12-24 15:00:00+00:00, run_after=2025-12-25 15:00:00+00:00
[2025-12-24T20:36:52.763+0000] {logging_mixin.py:188} INFO - [2025-12-24T20:36:52.763+0000] {dag.py:3954} INFO - Setting next_dagrun for youtube_video_stats to 2025-12-24 14:00:00+00:00, run_after=2025-12-25 14:00:00+00:00
[2025-12-24T20:36:52.829+0000] {processor.py:183} INFO - Processing /opt/airflow/dags/main.py took 1.048 seconds
[2025-12-24T20:37:23.301+0000] {processor.py:161} INFO - Started process (PID=14567) to work on /opt/airflow/dags/main.py
[2025-12-24T20:37:23.304+0000] {processor.py:830} INFO - Processing file /opt/airflow/dags/main.py for tasks to queue
[2025-12-24T20:37:23.306+0000] {logging_mixin.py:188} INFO - [2025-12-24T20:37:23.305+0000] {dagbag.py:545} INFO - Filling up the DagBag from /opt/airflow/dags/main.py
[2025-12-24T20:37:23.516+0000] {processor.py:840} INFO - DAG(s) 'update_db', 'youtube_video_stats' retrieved from /opt/airflow/dags/main.py
[2025-12-24T20:37:23.571+0000] {logging_mixin.py:188} INFO - [2025-12-24T20:37:23.570+0000] {dag.py:3096} INFO - Sync 2 DAGs
[2025-12-24T20:37:23.614+0000] {logging_mixin.py:188} INFO - [2025-12-24T20:37:23.613+0000] {dag.py:3954} INFO - Setting next_dagrun for update_db to 2025-12-24 15:00:00+00:00, run_after=2025-12-25 15:00:00+00:00
[2025-12-24T20:37:23.623+0000] {logging_mixin.py:188} INFO - [2025-12-24T20:37:23.623+0000] {dag.py:3954} INFO - Setting next_dagrun for youtube_video_stats to 2025-12-24 14:00:00+00:00, run_after=2025-12-25 14:00:00+00:00
[2025-12-24T20:37:23.649+0000] {processor.py:183} INFO - Processing /opt/airflow/dags/main.py took 0.366 seconds
