[2026-01-02T21:09:56.495+0000] {processor.py:161} INFO - Started process (PID=23897) to work on /opt/airflow/dags/main.py
[2026-01-02T21:09:56.591+0000] {processor.py:830} INFO - Processing file /opt/airflow/dags/main.py for tasks to queue
[2026-01-02T21:09:56.740+0000] {logging_mixin.py:188} INFO - [2026-01-02T21:09:56.740+0000] {dagbag.py:545} INFO - Filling up the DagBag from /opt/airflow/dags/main.py
[2026-01-02T21:10:01.117+0000] {processor.py:840} INFO - DAG(s) 'update_db', 'youtube_video_stats' retrieved from /opt/airflow/dags/main.py
[2026-01-02T21:10:01.422+0000] {logging_mixin.py:188} INFO - [2026-01-02T21:10:01.421+0000] {dag.py:3096} INFO - Sync 2 DAGs
[2026-01-02T21:10:01.508+0000] {logging_mixin.py:188} INFO - [2026-01-02T21:10:01.507+0000] {dag.py:3954} INFO - Setting next_dagrun for update_db to 2026-01-01 15:00:00+00:00, run_after=2026-01-02 15:00:00+00:00
[2026-01-02T21:10:01.524+0000] {logging_mixin.py:188} INFO - [2026-01-02T21:10:01.524+0000] {dag.py:3954} INFO - Setting next_dagrun for youtube_video_stats to 2026-01-02 14:00:00+00:00, run_after=2026-01-03 14:00:00+00:00
[2026-01-02T21:10:01.594+0000] {processor.py:183} INFO - Processing /opt/airflow/dags/main.py took 5.129 seconds
[2026-01-02T21:10:31.919+0000] {processor.py:161} INFO - Started process (PID=23907) to work on /opt/airflow/dags/main.py
[2026-01-02T21:10:31.922+0000] {processor.py:830} INFO - Processing file /opt/airflow/dags/main.py for tasks to queue
[2026-01-02T21:10:31.925+0000] {logging_mixin.py:188} INFO - [2026-01-02T21:10:31.924+0000] {dagbag.py:545} INFO - Filling up the DagBag from /opt/airflow/dags/main.py
[2026-01-02T21:10:32.304+0000] {processor.py:840} INFO - DAG(s) 'update_db', 'youtube_video_stats' retrieved from /opt/airflow/dags/main.py
[2026-01-02T21:10:32.384+0000] {logging_mixin.py:188} INFO - [2026-01-02T21:10:32.383+0000] {dag.py:3096} INFO - Sync 2 DAGs
[2026-01-02T21:10:32.444+0000] {logging_mixin.py:188} INFO - [2026-01-02T21:10:32.444+0000] {dag.py:3954} INFO - Setting next_dagrun for update_db to 2026-01-02 15:00:00+00:00, run_after=2026-01-03 15:00:00+00:00
[2026-01-02T21:10:32.463+0000] {logging_mixin.py:188} INFO - [2026-01-02T21:10:32.462+0000] {dag.py:3954} INFO - Setting next_dagrun for youtube_video_stats to 2026-01-02 14:00:00+00:00, run_after=2026-01-03 14:00:00+00:00
[2026-01-02T21:10:32.577+0000] {processor.py:183} INFO - Processing /opt/airflow/dags/main.py took 0.675 seconds
[2026-01-02T21:11:02.891+0000] {processor.py:161} INFO - Started process (PID=23914) to work on /opt/airflow/dags/main.py
[2026-01-02T21:11:02.894+0000] {processor.py:830} INFO - Processing file /opt/airflow/dags/main.py for tasks to queue
[2026-01-02T21:11:02.897+0000] {logging_mixin.py:188} INFO - [2026-01-02T21:11:02.896+0000] {dagbag.py:545} INFO - Filling up the DagBag from /opt/airflow/dags/main.py
[2026-01-02T21:11:03.156+0000] {processor.py:840} INFO - DAG(s) 'youtube_video_stats', 'update_db' retrieved from /opt/airflow/dags/main.py
[2026-01-02T21:11:03.231+0000] {logging_mixin.py:188} INFO - [2026-01-02T21:11:03.230+0000] {dag.py:3096} INFO - Sync 2 DAGs
[2026-01-02T21:11:03.308+0000] {logging_mixin.py:188} INFO - [2026-01-02T21:11:03.308+0000] {dag.py:3954} INFO - Setting next_dagrun for update_db to 2026-01-02 15:00:00+00:00, run_after=2026-01-03 15:00:00+00:00
[2026-01-02T21:11:03.321+0000] {logging_mixin.py:188} INFO - [2026-01-02T21:11:03.318+0000] {dag.py:3954} INFO - Setting next_dagrun for youtube_video_stats to 2026-01-02 14:00:00+00:00, run_after=2026-01-03 14:00:00+00:00
[2026-01-02T21:11:03.358+0000] {processor.py:183} INFO - Processing /opt/airflow/dags/main.py took 0.485 seconds
[2026-01-02T21:11:33.576+0000] {processor.py:161} INFO - Started process (PID=23921) to work on /opt/airflow/dags/main.py
[2026-01-02T21:11:33.578+0000] {processor.py:830} INFO - Processing file /opt/airflow/dags/main.py for tasks to queue
[2026-01-02T21:11:33.580+0000] {logging_mixin.py:188} INFO - [2026-01-02T21:11:33.579+0000] {dagbag.py:545} INFO - Filling up the DagBag from /opt/airflow/dags/main.py
[2026-01-02T21:11:33.772+0000] {processor.py:840} INFO - DAG(s) 'update_db', 'youtube_video_stats' retrieved from /opt/airflow/dags/main.py
[2026-01-02T21:11:33.824+0000] {logging_mixin.py:188} INFO - [2026-01-02T21:11:33.823+0000] {dag.py:3096} INFO - Sync 2 DAGs
[2026-01-02T21:11:33.860+0000] {logging_mixin.py:188} INFO - [2026-01-02T21:11:33.859+0000] {dag.py:3954} INFO - Setting next_dagrun for update_db to 2026-01-02 15:00:00+00:00, run_after=2026-01-03 15:00:00+00:00
[2026-01-02T21:11:33.869+0000] {logging_mixin.py:188} INFO - [2026-01-02T21:11:33.869+0000] {dag.py:3954} INFO - Setting next_dagrun for youtube_video_stats to 2026-01-02 14:00:00+00:00, run_after=2026-01-03 14:00:00+00:00
[2026-01-02T21:11:33.902+0000] {processor.py:183} INFO - Processing /opt/airflow/dags/main.py took 0.336 seconds
[2026-01-02T21:12:04.284+0000] {processor.py:161} INFO - Started process (PID=23928) to work on /opt/airflow/dags/main.py
[2026-01-02T21:12:04.286+0000] {processor.py:830} INFO - Processing file /opt/airflow/dags/main.py for tasks to queue
[2026-01-02T21:12:04.288+0000] {logging_mixin.py:188} INFO - [2026-01-02T21:12:04.287+0000] {dagbag.py:545} INFO - Filling up the DagBag from /opt/airflow/dags/main.py
[2026-01-02T21:12:04.499+0000] {processor.py:840} INFO - DAG(s) 'update_db', 'youtube_video_stats' retrieved from /opt/airflow/dags/main.py
[2026-01-02T21:12:04.607+0000] {logging_mixin.py:188} INFO - [2026-01-02T21:12:04.607+0000] {dag.py:3096} INFO - Sync 2 DAGs
[2026-01-02T21:12:04.647+0000] {logging_mixin.py:188} INFO - [2026-01-02T21:12:04.647+0000] {dag.py:3954} INFO - Setting next_dagrun for update_db to 2026-01-02 15:00:00+00:00, run_after=2026-01-03 15:00:00+00:00
[2026-01-02T21:12:04.656+0000] {logging_mixin.py:188} INFO - [2026-01-02T21:12:04.655+0000] {dag.py:3954} INFO - Setting next_dagrun for youtube_video_stats to 2026-01-02 14:00:00+00:00, run_after=2026-01-03 14:00:00+00:00
[2026-01-02T21:12:04.688+0000] {processor.py:183} INFO - Processing /opt/airflow/dags/main.py took 0.438 seconds
[2026-01-02T21:12:34.983+0000] {processor.py:161} INFO - Started process (PID=23942) to work on /opt/airflow/dags/main.py
[2026-01-02T21:12:34.985+0000] {processor.py:830} INFO - Processing file /opt/airflow/dags/main.py for tasks to queue
[2026-01-02T21:12:34.987+0000] {logging_mixin.py:188} INFO - [2026-01-02T21:12:34.987+0000] {dagbag.py:545} INFO - Filling up the DagBag from /opt/airflow/dags/main.py
[2026-01-02T21:12:35.185+0000] {processor.py:840} INFO - DAG(s) 'youtube_video_stats', 'update_db' retrieved from /opt/airflow/dags/main.py
[2026-01-02T21:12:35.250+0000] {logging_mixin.py:188} INFO - [2026-01-02T21:12:35.250+0000] {dag.py:3096} INFO - Sync 2 DAGs
[2026-01-02T21:12:35.282+0000] {logging_mixin.py:188} INFO - [2026-01-02T21:12:35.281+0000] {dag.py:3954} INFO - Setting next_dagrun for update_db to 2026-01-02 15:00:00+00:00, run_after=2026-01-03 15:00:00+00:00
[2026-01-02T21:12:35.291+0000] {logging_mixin.py:188} INFO - [2026-01-02T21:12:35.291+0000] {dag.py:3954} INFO - Setting next_dagrun for youtube_video_stats to 2026-01-02 14:00:00+00:00, run_after=2026-01-03 14:00:00+00:00
[2026-01-02T21:12:35.322+0000] {processor.py:183} INFO - Processing /opt/airflow/dags/main.py took 0.347 seconds
[2026-01-02T21:13:05.604+0000] {processor.py:161} INFO - Started process (PID=23949) to work on /opt/airflow/dags/main.py
[2026-01-02T21:13:05.606+0000] {processor.py:830} INFO - Processing file /opt/airflow/dags/main.py for tasks to queue
[2026-01-02T21:13:05.608+0000] {logging_mixin.py:188} INFO - [2026-01-02T21:13:05.607+0000] {dagbag.py:545} INFO - Filling up the DagBag from /opt/airflow/dags/main.py
[2026-01-02T21:13:05.813+0000] {processor.py:840} INFO - DAG(s) 'update_db', 'youtube_video_stats' retrieved from /opt/airflow/dags/main.py
[2026-01-02T21:13:05.864+0000] {logging_mixin.py:188} INFO - [2026-01-02T21:13:05.863+0000] {dag.py:3096} INFO - Sync 2 DAGs
[2026-01-02T21:13:05.900+0000] {logging_mixin.py:188} INFO - [2026-01-02T21:13:05.899+0000] {dag.py:3954} INFO - Setting next_dagrun for update_db to 2026-01-02 15:00:00+00:00, run_after=2026-01-03 15:00:00+00:00
[2026-01-02T21:13:05.910+0000] {logging_mixin.py:188} INFO - [2026-01-02T21:13:05.910+0000] {dag.py:3954} INFO - Setting next_dagrun for youtube_video_stats to 2026-01-02 14:00:00+00:00, run_after=2026-01-03 14:00:00+00:00
[2026-01-02T21:13:05.937+0000] {processor.py:183} INFO - Processing /opt/airflow/dags/main.py took 0.341 seconds
[2026-01-02T21:13:36.238+0000] {processor.py:161} INFO - Started process (PID=23956) to work on /opt/airflow/dags/main.py
[2026-01-02T21:13:36.241+0000] {processor.py:830} INFO - Processing file /opt/airflow/dags/main.py for tasks to queue
[2026-01-02T21:13:36.243+0000] {logging_mixin.py:188} INFO - [2026-01-02T21:13:36.243+0000] {dagbag.py:545} INFO - Filling up the DagBag from /opt/airflow/dags/main.py
[2026-01-02T21:13:36.460+0000] {processor.py:840} INFO - DAG(s) 'update_db', 'youtube_video_stats' retrieved from /opt/airflow/dags/main.py
[2026-01-02T21:13:36.545+0000] {logging_mixin.py:188} INFO - [2026-01-02T21:13:36.545+0000] {dag.py:3096} INFO - Sync 2 DAGs
[2026-01-02T21:13:36.582+0000] {logging_mixin.py:188} INFO - [2026-01-02T21:13:36.581+0000] {dag.py:3954} INFO - Setting next_dagrun for update_db to 2026-01-02 15:00:00+00:00, run_after=2026-01-03 15:00:00+00:00
[2026-01-02T21:13:36.589+0000] {logging_mixin.py:188} INFO - [2026-01-02T21:13:36.589+0000] {dag.py:3954} INFO - Setting next_dagrun for youtube_video_stats to 2026-01-02 14:00:00+00:00, run_after=2026-01-03 14:00:00+00:00
[2026-01-02T21:13:36.612+0000] {processor.py:183} INFO - Processing /opt/airflow/dags/main.py took 0.382 seconds
[2026-01-02T21:14:06.924+0000] {processor.py:161} INFO - Started process (PID=23963) to work on /opt/airflow/dags/main.py
[2026-01-02T21:14:06.926+0000] {processor.py:830} INFO - Processing file /opt/airflow/dags/main.py for tasks to queue
[2026-01-02T21:14:06.927+0000] {logging_mixin.py:188} INFO - [2026-01-02T21:14:06.926+0000] {dagbag.py:545} INFO - Filling up the DagBag from /opt/airflow/dags/main.py
[2026-01-02T21:14:07.123+0000] {processor.py:840} INFO - DAG(s) 'update_db', 'youtube_video_stats' retrieved from /opt/airflow/dags/main.py
[2026-01-02T21:14:07.174+0000] {logging_mixin.py:188} INFO - [2026-01-02T21:14:07.173+0000] {dag.py:3096} INFO - Sync 2 DAGs
[2026-01-02T21:14:07.205+0000] {logging_mixin.py:188} INFO - [2026-01-02T21:14:07.205+0000] {dag.py:3954} INFO - Setting next_dagrun for update_db to 2026-01-02 15:00:00+00:00, run_after=2026-01-03 15:00:00+00:00
[2026-01-02T21:14:07.212+0000] {logging_mixin.py:188} INFO - [2026-01-02T21:14:07.212+0000] {dag.py:3954} INFO - Setting next_dagrun for youtube_video_stats to 2026-01-02 14:00:00+00:00, run_after=2026-01-03 14:00:00+00:00
[2026-01-02T21:14:07.238+0000] {processor.py:183} INFO - Processing /opt/airflow/dags/main.py took 0.324 seconds
[2026-01-02T21:14:37.584+0000] {processor.py:161} INFO - Started process (PID=23970) to work on /opt/airflow/dags/main.py
[2026-01-02T21:14:37.586+0000] {processor.py:830} INFO - Processing file /opt/airflow/dags/main.py for tasks to queue
[2026-01-02T21:14:37.588+0000] {logging_mixin.py:188} INFO - [2026-01-02T21:14:37.588+0000] {dagbag.py:545} INFO - Filling up the DagBag from /opt/airflow/dags/main.py
[2026-01-02T21:14:37.842+0000] {processor.py:840} INFO - DAG(s) 'youtube_video_stats', 'update_db' retrieved from /opt/airflow/dags/main.py
[2026-01-02T21:14:37.887+0000] {logging_mixin.py:188} INFO - [2026-01-02T21:14:37.887+0000] {dag.py:3096} INFO - Sync 2 DAGs
[2026-01-02T21:14:37.918+0000] {logging_mixin.py:188} INFO - [2026-01-02T21:14:37.918+0000] {dag.py:3954} INFO - Setting next_dagrun for update_db to 2026-01-02 15:00:00+00:00, run_after=2026-01-03 15:00:00+00:00
[2026-01-02T21:14:37.925+0000] {logging_mixin.py:188} INFO - [2026-01-02T21:14:37.925+0000] {dag.py:3954} INFO - Setting next_dagrun for youtube_video_stats to 2026-01-02 14:00:00+00:00, run_after=2026-01-03 14:00:00+00:00
[2026-01-02T21:14:37.954+0000] {processor.py:183} INFO - Processing /opt/airflow/dags/main.py took 0.382 seconds
[2026-01-02T21:15:08.144+0000] {processor.py:161} INFO - Started process (PID=23977) to work on /opt/airflow/dags/main.py
[2026-01-02T21:15:08.146+0000] {processor.py:830} INFO - Processing file /opt/airflow/dags/main.py for tasks to queue
[2026-01-02T21:15:08.148+0000] {logging_mixin.py:188} INFO - [2026-01-02T21:15:08.148+0000] {dagbag.py:545} INFO - Filling up the DagBag from /opt/airflow/dags/main.py
[2026-01-02T21:15:08.325+0000] {processor.py:840} INFO - DAG(s) 'youtube_video_stats', 'update_db' retrieved from /opt/airflow/dags/main.py
[2026-01-02T21:15:08.377+0000] {logging_mixin.py:188} INFO - [2026-01-02T21:15:08.377+0000] {dag.py:3096} INFO - Sync 2 DAGs
[2026-01-02T21:15:08.411+0000] {logging_mixin.py:188} INFO - [2026-01-02T21:15:08.411+0000] {dag.py:3954} INFO - Setting next_dagrun for update_db to 2026-01-02 15:00:00+00:00, run_after=2026-01-03 15:00:00+00:00
[2026-01-02T21:15:08.418+0000] {logging_mixin.py:188} INFO - [2026-01-02T21:15:08.418+0000] {dag.py:3954} INFO - Setting next_dagrun for youtube_video_stats to 2026-01-02 14:00:00+00:00, run_after=2026-01-03 14:00:00+00:00
[2026-01-02T21:15:08.445+0000] {processor.py:183} INFO - Processing /opt/airflow/dags/main.py took 0.308 seconds
[2026-01-02T21:15:38.715+0000] {processor.py:161} INFO - Started process (PID=23984) to work on /opt/airflow/dags/main.py
[2026-01-02T21:15:38.717+0000] {processor.py:830} INFO - Processing file /opt/airflow/dags/main.py for tasks to queue
[2026-01-02T21:15:38.719+0000] {logging_mixin.py:188} INFO - [2026-01-02T21:15:38.719+0000] {dagbag.py:545} INFO - Filling up the DagBag from /opt/airflow/dags/main.py
[2026-01-02T21:15:38.966+0000] {processor.py:840} INFO - DAG(s) 'update_db', 'youtube_video_stats' retrieved from /opt/airflow/dags/main.py
[2026-01-02T21:15:39.047+0000] {logging_mixin.py:188} INFO - [2026-01-02T21:15:39.047+0000] {dag.py:3096} INFO - Sync 2 DAGs
[2026-01-02T21:15:39.105+0000] {logging_mixin.py:188} INFO - [2026-01-02T21:15:39.104+0000] {dag.py:3954} INFO - Setting next_dagrun for update_db to 2026-01-02 15:00:00+00:00, run_after=2026-01-03 15:00:00+00:00
[2026-01-02T21:15:39.121+0000] {logging_mixin.py:188} INFO - [2026-01-02T21:15:39.121+0000] {dag.py:3954} INFO - Setting next_dagrun for youtube_video_stats to 2026-01-02 14:00:00+00:00, run_after=2026-01-03 14:00:00+00:00
[2026-01-02T21:15:39.170+0000] {processor.py:183} INFO - Processing /opt/airflow/dags/main.py took 0.470 seconds
[2026-01-02T21:16:09.470+0000] {processor.py:161} INFO - Started process (PID=23991) to work on /opt/airflow/dags/main.py
[2026-01-02T21:16:09.473+0000] {processor.py:830} INFO - Processing file /opt/airflow/dags/main.py for tasks to queue
[2026-01-02T21:16:09.475+0000] {logging_mixin.py:188} INFO - [2026-01-02T21:16:09.475+0000] {dagbag.py:545} INFO - Filling up the DagBag from /opt/airflow/dags/main.py
[2026-01-02T21:16:09.676+0000] {processor.py:840} INFO - DAG(s) 'youtube_video_stats', 'update_db' retrieved from /opt/airflow/dags/main.py
[2026-01-02T21:16:09.763+0000] {logging_mixin.py:188} INFO - [2026-01-02T21:16:09.762+0000] {dag.py:3096} INFO - Sync 2 DAGs
[2026-01-02T21:16:09.818+0000] {logging_mixin.py:188} INFO - [2026-01-02T21:16:09.818+0000] {dag.py:3954} INFO - Setting next_dagrun for update_db to 2026-01-02 15:00:00+00:00, run_after=2026-01-03 15:00:00+00:00
[2026-01-02T21:16:09.832+0000] {logging_mixin.py:188} INFO - [2026-01-02T21:16:09.831+0000] {dag.py:3954} INFO - Setting next_dagrun for youtube_video_stats to 2026-01-02 14:00:00+00:00, run_after=2026-01-03 14:00:00+00:00
[2026-01-02T21:16:09.861+0000] {processor.py:183} INFO - Processing /opt/airflow/dags/main.py took 0.406 seconds
[2026-01-02T21:16:40.142+0000] {processor.py:161} INFO - Started process (PID=23998) to work on /opt/airflow/dags/main.py
[2026-01-02T21:16:40.144+0000] {processor.py:830} INFO - Processing file /opt/airflow/dags/main.py for tasks to queue
[2026-01-02T21:16:40.146+0000] {logging_mixin.py:188} INFO - [2026-01-02T21:16:40.145+0000] {dagbag.py:545} INFO - Filling up the DagBag from /opt/airflow/dags/main.py
[2026-01-02T21:16:40.367+0000] {processor.py:840} INFO - DAG(s) 'update_db', 'youtube_video_stats' retrieved from /opt/airflow/dags/main.py
[2026-01-02T21:16:40.439+0000] {logging_mixin.py:188} INFO - [2026-01-02T21:16:40.439+0000] {dag.py:3096} INFO - Sync 2 DAGs
[2026-01-02T21:16:40.484+0000] {logging_mixin.py:188} INFO - [2026-01-02T21:16:40.484+0000] {dag.py:3954} INFO - Setting next_dagrun for update_db to 2026-01-02 15:00:00+00:00, run_after=2026-01-03 15:00:00+00:00
[2026-01-02T21:16:40.494+0000] {logging_mixin.py:188} INFO - [2026-01-02T21:16:40.494+0000] {dag.py:3954} INFO - Setting next_dagrun for youtube_video_stats to 2026-01-02 14:00:00+00:00, run_after=2026-01-03 14:00:00+00:00
[2026-01-02T21:16:40.526+0000] {processor.py:183} INFO - Processing /opt/airflow/dags/main.py took 0.396 seconds
[2026-01-02T21:17:10.780+0000] {processor.py:161} INFO - Started process (PID=24005) to work on /opt/airflow/dags/main.py
[2026-01-02T21:17:10.782+0000] {processor.py:830} INFO - Processing file /opt/airflow/dags/main.py for tasks to queue
[2026-01-02T21:17:10.784+0000] {logging_mixin.py:188} INFO - [2026-01-02T21:17:10.783+0000] {dagbag.py:545} INFO - Filling up the DagBag from /opt/airflow/dags/main.py
[2026-01-02T21:17:10.934+0000] {processor.py:840} INFO - DAG(s) 'update_db', 'youtube_video_stats' retrieved from /opt/airflow/dags/main.py
[2026-01-02T21:17:10.997+0000] {logging_mixin.py:188} INFO - [2026-01-02T21:17:10.997+0000] {dag.py:3096} INFO - Sync 2 DAGs
[2026-01-02T21:17:11.026+0000] {logging_mixin.py:188} INFO - [2026-01-02T21:17:11.026+0000] {dag.py:3954} INFO - Setting next_dagrun for update_db to 2026-01-02 15:00:00+00:00, run_after=2026-01-03 15:00:00+00:00
[2026-01-02T21:17:11.033+0000] {logging_mixin.py:188} INFO - [2026-01-02T21:17:11.033+0000] {dag.py:3954} INFO - Setting next_dagrun for youtube_video_stats to 2026-01-02 14:00:00+00:00, run_after=2026-01-03 14:00:00+00:00
[2026-01-02T21:17:11.060+0000] {processor.py:183} INFO - Processing /opt/airflow/dags/main.py took 0.289 seconds
[2026-01-02T21:17:41.386+0000] {processor.py:161} INFO - Started process (PID=24012) to work on /opt/airflow/dags/main.py
[2026-01-02T21:17:41.387+0000] {processor.py:830} INFO - Processing file /opt/airflow/dags/main.py for tasks to queue
[2026-01-02T21:17:41.389+0000] {logging_mixin.py:188} INFO - [2026-01-02T21:17:41.388+0000] {dagbag.py:545} INFO - Filling up the DagBag from /opt/airflow/dags/main.py
[2026-01-02T21:17:41.559+0000] {processor.py:840} INFO - DAG(s) 'youtube_video_stats', 'update_db' retrieved from /opt/airflow/dags/main.py
[2026-01-02T21:17:41.623+0000] {logging_mixin.py:188} INFO - [2026-01-02T21:17:41.622+0000] {dag.py:3096} INFO - Sync 2 DAGs
[2026-01-02T21:17:41.658+0000] {logging_mixin.py:188} INFO - [2026-01-02T21:17:41.658+0000] {dag.py:3954} INFO - Setting next_dagrun for update_db to 2026-01-02 15:00:00+00:00, run_after=2026-01-03 15:00:00+00:00
[2026-01-02T21:17:41.666+0000] {logging_mixin.py:188} INFO - [2026-01-02T21:17:41.666+0000] {dag.py:3954} INFO - Setting next_dagrun for youtube_video_stats to 2026-01-02 14:00:00+00:00, run_after=2026-01-03 14:00:00+00:00
[2026-01-02T21:17:41.695+0000] {processor.py:183} INFO - Processing /opt/airflow/dags/main.py took 0.317 seconds
[2026-01-02T21:18:12.015+0000] {processor.py:161} INFO - Started process (PID=24019) to work on /opt/airflow/dags/main.py
[2026-01-02T21:18:12.017+0000] {processor.py:830} INFO - Processing file /opt/airflow/dags/main.py for tasks to queue
[2026-01-02T21:18:12.019+0000] {logging_mixin.py:188} INFO - [2026-01-02T21:18:12.019+0000] {dagbag.py:545} INFO - Filling up the DagBag from /opt/airflow/dags/main.py
[2026-01-02T21:18:12.174+0000] {processor.py:840} INFO - DAG(s) 'update_db', 'youtube_video_stats' retrieved from /opt/airflow/dags/main.py
[2026-01-02T21:18:12.227+0000] {logging_mixin.py:188} INFO - [2026-01-02T21:18:12.227+0000] {dag.py:3096} INFO - Sync 2 DAGs
[2026-01-02T21:18:12.262+0000] {logging_mixin.py:188} INFO - [2026-01-02T21:18:12.261+0000] {dag.py:3954} INFO - Setting next_dagrun for update_db to 2026-01-02 15:00:00+00:00, run_after=2026-01-03 15:00:00+00:00
[2026-01-02T21:18:12.270+0000] {logging_mixin.py:188} INFO - [2026-01-02T21:18:12.270+0000] {dag.py:3954} INFO - Setting next_dagrun for youtube_video_stats to 2026-01-02 14:00:00+00:00, run_after=2026-01-03 14:00:00+00:00
[2026-01-02T21:18:12.291+0000] {processor.py:183} INFO - Processing /opt/airflow/dags/main.py took 0.285 seconds
[2026-01-02T21:18:42.629+0000] {processor.py:161} INFO - Started process (PID=24026) to work on /opt/airflow/dags/main.py
[2026-01-02T21:18:42.631+0000] {processor.py:830} INFO - Processing file /opt/airflow/dags/main.py for tasks to queue
[2026-01-02T21:18:42.633+0000] {logging_mixin.py:188} INFO - [2026-01-02T21:18:42.632+0000] {dagbag.py:545} INFO - Filling up the DagBag from /opt/airflow/dags/main.py
[2026-01-02T21:18:42.857+0000] {processor.py:840} INFO - DAG(s) 'update_db', 'youtube_video_stats' retrieved from /opt/airflow/dags/main.py
[2026-01-02T21:18:42.906+0000] {logging_mixin.py:188} INFO - [2026-01-02T21:18:42.905+0000] {dag.py:3096} INFO - Sync 2 DAGs
[2026-01-02T21:18:42.939+0000] {logging_mixin.py:188} INFO - [2026-01-02T21:18:42.939+0000] {dag.py:3954} INFO - Setting next_dagrun for update_db to 2026-01-02 15:00:00+00:00, run_after=2026-01-03 15:00:00+00:00
[2026-01-02T21:18:42.946+0000] {logging_mixin.py:188} INFO - [2026-01-02T21:18:42.946+0000] {dag.py:3954} INFO - Setting next_dagrun for youtube_video_stats to 2026-01-02 14:00:00+00:00, run_after=2026-01-03 14:00:00+00:00
[2026-01-02T21:18:42.976+0000] {processor.py:183} INFO - Processing /opt/airflow/dags/main.py took 0.355 seconds
[2026-01-02T21:19:13.301+0000] {processor.py:161} INFO - Started process (PID=24033) to work on /opt/airflow/dags/main.py
[2026-01-02T21:19:13.304+0000] {processor.py:830} INFO - Processing file /opt/airflow/dags/main.py for tasks to queue
[2026-01-02T21:19:13.306+0000] {logging_mixin.py:188} INFO - [2026-01-02T21:19:13.305+0000] {dagbag.py:545} INFO - Filling up the DagBag from /opt/airflow/dags/main.py
[2026-01-02T21:19:13.543+0000] {processor.py:840} INFO - DAG(s) 'youtube_video_stats', 'update_db' retrieved from /opt/airflow/dags/main.py
[2026-01-02T21:19:13.592+0000] {logging_mixin.py:188} INFO - [2026-01-02T21:19:13.592+0000] {dag.py:3096} INFO - Sync 2 DAGs
[2026-01-02T21:19:13.621+0000] {logging_mixin.py:188} INFO - [2026-01-02T21:19:13.621+0000] {dag.py:3954} INFO - Setting next_dagrun for update_db to 2026-01-02 15:00:00+00:00, run_after=2026-01-03 15:00:00+00:00
[2026-01-02T21:19:13.627+0000] {logging_mixin.py:188} INFO - [2026-01-02T21:19:13.627+0000] {dag.py:3954} INFO - Setting next_dagrun for youtube_video_stats to 2026-01-02 14:00:00+00:00, run_after=2026-01-03 14:00:00+00:00
[2026-01-02T21:19:13.654+0000] {processor.py:183} INFO - Processing /opt/airflow/dags/main.py took 0.361 seconds
[2026-01-02T21:19:43.981+0000] {processor.py:161} INFO - Started process (PID=24040) to work on /opt/airflow/dags/main.py
[2026-01-02T21:19:43.983+0000] {processor.py:830} INFO - Processing file /opt/airflow/dags/main.py for tasks to queue
[2026-01-02T21:19:43.984+0000] {logging_mixin.py:188} INFO - [2026-01-02T21:19:43.984+0000] {dagbag.py:545} INFO - Filling up the DagBag from /opt/airflow/dags/main.py
[2026-01-02T21:19:44.154+0000] {processor.py:840} INFO - DAG(s) 'update_db', 'youtube_video_stats' retrieved from /opt/airflow/dags/main.py
[2026-01-02T21:19:44.205+0000] {logging_mixin.py:188} INFO - [2026-01-02T21:19:44.205+0000] {dag.py:3096} INFO - Sync 2 DAGs
[2026-01-02T21:19:44.249+0000] {logging_mixin.py:188} INFO - [2026-01-02T21:19:44.249+0000] {dag.py:3954} INFO - Setting next_dagrun for update_db to 2026-01-02 15:00:00+00:00, run_after=2026-01-03 15:00:00+00:00
[2026-01-02T21:19:44.258+0000] {logging_mixin.py:188} INFO - [2026-01-02T21:19:44.257+0000] {dag.py:3954} INFO - Setting next_dagrun for youtube_video_stats to 2026-01-02 14:00:00+00:00, run_after=2026-01-03 14:00:00+00:00
[2026-01-02T21:19:44.288+0000] {processor.py:183} INFO - Processing /opt/airflow/dags/main.py took 0.314 seconds
[2026-01-02T21:20:15.278+0000] {processor.py:161} INFO - Started process (PID=24047) to work on /opt/airflow/dags/main.py
[2026-01-02T21:20:15.280+0000] {processor.py:830} INFO - Processing file /opt/airflow/dags/main.py for tasks to queue
[2026-01-02T21:20:15.282+0000] {logging_mixin.py:188} INFO - [2026-01-02T21:20:15.281+0000] {dagbag.py:545} INFO - Filling up the DagBag from /opt/airflow/dags/main.py
[2026-01-02T21:20:15.455+0000] {processor.py:840} INFO - DAG(s) 'update_db', 'youtube_video_stats' retrieved from /opt/airflow/dags/main.py
[2026-01-02T21:20:15.507+0000] {logging_mixin.py:188} INFO - [2026-01-02T21:20:15.507+0000] {dag.py:3096} INFO - Sync 2 DAGs
[2026-01-02T21:20:15.545+0000] {logging_mixin.py:188} INFO - [2026-01-02T21:20:15.545+0000] {dag.py:3954} INFO - Setting next_dagrun for update_db to 2026-01-02 15:00:00+00:00, run_after=2026-01-03 15:00:00+00:00
[2026-01-02T21:20:15.554+0000] {logging_mixin.py:188} INFO - [2026-01-02T21:20:15.553+0000] {dag.py:3954} INFO - Setting next_dagrun for youtube_video_stats to 2026-01-02 14:00:00+00:00, run_after=2026-01-03 14:00:00+00:00
[2026-01-02T21:20:15.607+0000] {processor.py:183} INFO - Processing /opt/airflow/dags/main.py took 0.336 seconds
[2026-01-02T21:20:45.896+0000] {processor.py:161} INFO - Started process (PID=24054) to work on /opt/airflow/dags/main.py
[2026-01-02T21:20:45.898+0000] {processor.py:830} INFO - Processing file /opt/airflow/dags/main.py for tasks to queue
[2026-01-02T21:20:45.900+0000] {logging_mixin.py:188} INFO - [2026-01-02T21:20:45.899+0000] {dagbag.py:545} INFO - Filling up the DagBag from /opt/airflow/dags/main.py
[2026-01-02T21:20:46.244+0000] {processor.py:840} INFO - DAG(s) 'update_db', 'youtube_video_stats' retrieved from /opt/airflow/dags/main.py
[2026-01-02T21:20:46.297+0000] {logging_mixin.py:188} INFO - [2026-01-02T21:20:46.296+0000] {dag.py:3096} INFO - Sync 2 DAGs
[2026-01-02T21:20:46.329+0000] {logging_mixin.py:188} INFO - [2026-01-02T21:20:46.329+0000] {dag.py:3954} INFO - Setting next_dagrun for update_db to 2026-01-02 15:00:00+00:00, run_after=2026-01-03 15:00:00+00:00
[2026-01-02T21:20:46.338+0000] {logging_mixin.py:188} INFO - [2026-01-02T21:20:46.338+0000] {dag.py:3954} INFO - Setting next_dagrun for youtube_video_stats to 2026-01-02 14:00:00+00:00, run_after=2026-01-03 14:00:00+00:00
[2026-01-02T21:20:46.363+0000] {processor.py:183} INFO - Processing /opt/airflow/dags/main.py took 0.477 seconds
[2026-01-02T21:21:16.648+0000] {processor.py:161} INFO - Started process (PID=24061) to work on /opt/airflow/dags/main.py
[2026-01-02T21:21:16.651+0000] {processor.py:830} INFO - Processing file /opt/airflow/dags/main.py for tasks to queue
[2026-01-02T21:21:16.653+0000] {logging_mixin.py:188} INFO - [2026-01-02T21:21:16.652+0000] {dagbag.py:545} INFO - Filling up the DagBag from /opt/airflow/dags/main.py
[2026-01-02T21:21:16.819+0000] {processor.py:840} INFO - DAG(s) 'youtube_video_stats', 'update_db' retrieved from /opt/airflow/dags/main.py
[2026-01-02T21:21:16.878+0000] {logging_mixin.py:188} INFO - [2026-01-02T21:21:16.877+0000] {dag.py:3096} INFO - Sync 2 DAGs
[2026-01-02T21:21:16.923+0000] {logging_mixin.py:188} INFO - [2026-01-02T21:21:16.923+0000] {dag.py:3954} INFO - Setting next_dagrun for update_db to 2026-01-02 15:00:00+00:00, run_after=2026-01-03 15:00:00+00:00
[2026-01-02T21:21:16.935+0000] {logging_mixin.py:188} INFO - [2026-01-02T21:21:16.935+0000] {dag.py:3954} INFO - Setting next_dagrun for youtube_video_stats to 2026-01-02 14:00:00+00:00, run_after=2026-01-03 14:00:00+00:00
[2026-01-02T21:21:16.969+0000] {processor.py:183} INFO - Processing /opt/airflow/dags/main.py took 0.335 seconds
[2026-01-02T21:21:47.287+0000] {processor.py:161} INFO - Started process (PID=24068) to work on /opt/airflow/dags/main.py
[2026-01-02T21:21:47.289+0000] {processor.py:830} INFO - Processing file /opt/airflow/dags/main.py for tasks to queue
[2026-01-02T21:21:47.290+0000] {logging_mixin.py:188} INFO - [2026-01-02T21:21:47.290+0000] {dagbag.py:545} INFO - Filling up the DagBag from /opt/airflow/dags/main.py
[2026-01-02T21:21:47.508+0000] {processor.py:840} INFO - DAG(s) 'youtube_video_stats', 'update_db' retrieved from /opt/airflow/dags/main.py
[2026-01-02T21:21:47.556+0000] {logging_mixin.py:188} INFO - [2026-01-02T21:21:47.556+0000] {dag.py:3096} INFO - Sync 2 DAGs
[2026-01-02T21:21:47.592+0000] {logging_mixin.py:188} INFO - [2026-01-02T21:21:47.592+0000] {dag.py:3954} INFO - Setting next_dagrun for update_db to 2026-01-02 15:00:00+00:00, run_after=2026-01-03 15:00:00+00:00
[2026-01-02T21:21:47.600+0000] {logging_mixin.py:188} INFO - [2026-01-02T21:21:47.599+0000] {dag.py:3954} INFO - Setting next_dagrun for youtube_video_stats to 2026-01-02 14:00:00+00:00, run_after=2026-01-03 14:00:00+00:00
[2026-01-02T21:21:47.623+0000] {processor.py:183} INFO - Processing /opt/airflow/dags/main.py took 0.343 seconds
[2026-01-02T21:22:17.952+0000] {processor.py:161} INFO - Started process (PID=24075) to work on /opt/airflow/dags/main.py
[2026-01-02T21:22:17.955+0000] {processor.py:830} INFO - Processing file /opt/airflow/dags/main.py for tasks to queue
[2026-01-02T21:22:17.957+0000] {logging_mixin.py:188} INFO - [2026-01-02T21:22:17.956+0000] {dagbag.py:545} INFO - Filling up the DagBag from /opt/airflow/dags/main.py
[2026-01-02T21:22:18.125+0000] {processor.py:840} INFO - DAG(s) 'update_db', 'youtube_video_stats' retrieved from /opt/airflow/dags/main.py
[2026-01-02T21:22:18.184+0000] {logging_mixin.py:188} INFO - [2026-01-02T21:22:18.183+0000] {dag.py:3096} INFO - Sync 2 DAGs
[2026-01-02T21:22:18.224+0000] {logging_mixin.py:188} INFO - [2026-01-02T21:22:18.224+0000] {dag.py:3954} INFO - Setting next_dagrun for update_db to 2026-01-02 15:00:00+00:00, run_after=2026-01-03 15:00:00+00:00
[2026-01-02T21:22:18.232+0000] {logging_mixin.py:188} INFO - [2026-01-02T21:22:18.232+0000] {dag.py:3954} INFO - Setting next_dagrun for youtube_video_stats to 2026-01-02 14:00:00+00:00, run_after=2026-01-03 14:00:00+00:00
[2026-01-02T21:22:18.261+0000] {processor.py:183} INFO - Processing /opt/airflow/dags/main.py took 0.319 seconds
[2026-01-02T21:22:48.566+0000] {processor.py:161} INFO - Started process (PID=24082) to work on /opt/airflow/dags/main.py
[2026-01-02T21:22:48.568+0000] {processor.py:830} INFO - Processing file /opt/airflow/dags/main.py for tasks to queue
[2026-01-02T21:22:48.570+0000] {logging_mixin.py:188} INFO - [2026-01-02T21:22:48.569+0000] {dagbag.py:545} INFO - Filling up the DagBag from /opt/airflow/dags/main.py
[2026-01-02T21:22:48.735+0000] {processor.py:840} INFO - DAG(s) 'update_db', 'youtube_video_stats' retrieved from /opt/airflow/dags/main.py
[2026-01-02T21:22:48.782+0000] {logging_mixin.py:188} INFO - [2026-01-02T21:22:48.782+0000] {dag.py:3096} INFO - Sync 2 DAGs
[2026-01-02T21:22:48.817+0000] {logging_mixin.py:188} INFO - [2026-01-02T21:22:48.817+0000] {dag.py:3954} INFO - Setting next_dagrun for update_db to 2026-01-02 15:00:00+00:00, run_after=2026-01-03 15:00:00+00:00
[2026-01-02T21:22:48.824+0000] {logging_mixin.py:188} INFO - [2026-01-02T21:22:48.824+0000] {dag.py:3954} INFO - Setting next_dagrun for youtube_video_stats to 2026-01-02 14:00:00+00:00, run_after=2026-01-03 14:00:00+00:00
[2026-01-02T21:22:48.849+0000] {processor.py:183} INFO - Processing /opt/airflow/dags/main.py took 0.291 seconds
[2026-01-02T21:23:19.212+0000] {processor.py:161} INFO - Started process (PID=24089) to work on /opt/airflow/dags/main.py
[2026-01-02T21:23:19.214+0000] {processor.py:830} INFO - Processing file /opt/airflow/dags/main.py for tasks to queue
[2026-01-02T21:23:19.215+0000] {logging_mixin.py:188} INFO - [2026-01-02T21:23:19.215+0000] {dagbag.py:545} INFO - Filling up the DagBag from /opt/airflow/dags/main.py
[2026-01-02T21:23:19.427+0000] {processor.py:840} INFO - DAG(s) 'update_db', 'youtube_video_stats' retrieved from /opt/airflow/dags/main.py
[2026-01-02T21:23:19.476+0000] {logging_mixin.py:188} INFO - [2026-01-02T21:23:19.476+0000] {dag.py:3096} INFO - Sync 2 DAGs
[2026-01-02T21:23:19.505+0000] {logging_mixin.py:188} INFO - [2026-01-02T21:23:19.505+0000] {dag.py:3954} INFO - Setting next_dagrun for update_db to 2026-01-02 15:00:00+00:00, run_after=2026-01-03 15:00:00+00:00
[2026-01-02T21:23:19.512+0000] {logging_mixin.py:188} INFO - [2026-01-02T21:23:19.512+0000] {dag.py:3954} INFO - Setting next_dagrun for youtube_video_stats to 2026-01-02 14:00:00+00:00, run_after=2026-01-03 14:00:00+00:00
[2026-01-02T21:23:19.534+0000] {processor.py:183} INFO - Processing /opt/airflow/dags/main.py took 0.331 seconds
[2026-01-02T21:23:49.904+0000] {processor.py:161} INFO - Started process (PID=24096) to work on /opt/airflow/dags/main.py
[2026-01-02T21:23:49.906+0000] {processor.py:830} INFO - Processing file /opt/airflow/dags/main.py for tasks to queue
[2026-01-02T21:23:49.907+0000] {logging_mixin.py:188} INFO - [2026-01-02T21:23:49.907+0000] {dagbag.py:545} INFO - Filling up the DagBag from /opt/airflow/dags/main.py
[2026-01-02T21:23:50.132+0000] {processor.py:840} INFO - DAG(s) 'youtube_video_stats', 'update_db' retrieved from /opt/airflow/dags/main.py
[2026-01-02T21:23:50.177+0000] {logging_mixin.py:188} INFO - [2026-01-02T21:23:50.177+0000] {dag.py:3096} INFO - Sync 2 DAGs
[2026-01-02T21:23:50.208+0000] {logging_mixin.py:188} INFO - [2026-01-02T21:23:50.208+0000] {dag.py:3954} INFO - Setting next_dagrun for update_db to 2026-01-02 15:00:00+00:00, run_after=2026-01-03 15:00:00+00:00
[2026-01-02T21:23:50.214+0000] {logging_mixin.py:188} INFO - [2026-01-02T21:23:50.214+0000] {dag.py:3954} INFO - Setting next_dagrun for youtube_video_stats to 2026-01-02 14:00:00+00:00, run_after=2026-01-03 14:00:00+00:00
[2026-01-02T21:23:50.248+0000] {processor.py:183} INFO - Processing /opt/airflow/dags/main.py took 0.352 seconds
[2026-01-02T21:24:20.598+0000] {processor.py:161} INFO - Started process (PID=24103) to work on /opt/airflow/dags/main.py
[2026-01-02T21:24:20.600+0000] {processor.py:830} INFO - Processing file /opt/airflow/dags/main.py for tasks to queue
[2026-01-02T21:24:20.602+0000] {logging_mixin.py:188} INFO - [2026-01-02T21:24:20.601+0000] {dagbag.py:545} INFO - Filling up the DagBag from /opt/airflow/dags/main.py
[2026-01-02T21:24:20.815+0000] {processor.py:840} INFO - DAG(s) 'youtube_video_stats', 'update_db' retrieved from /opt/airflow/dags/main.py
[2026-01-02T21:24:20.857+0000] {logging_mixin.py:188} INFO - [2026-01-02T21:24:20.857+0000] {dag.py:3096} INFO - Sync 2 DAGs
[2026-01-02T21:24:20.886+0000] {logging_mixin.py:188} INFO - [2026-01-02T21:24:20.886+0000] {dag.py:3954} INFO - Setting next_dagrun for update_db to 2026-01-02 15:00:00+00:00, run_after=2026-01-03 15:00:00+00:00
[2026-01-02T21:24:20.893+0000] {logging_mixin.py:188} INFO - [2026-01-02T21:24:20.893+0000] {dag.py:3954} INFO - Setting next_dagrun for youtube_video_stats to 2026-01-02 14:00:00+00:00, run_after=2026-01-03 14:00:00+00:00
[2026-01-02T21:24:20.918+0000] {processor.py:183} INFO - Processing /opt/airflow/dags/main.py took 0.329 seconds
[2026-01-02T21:24:51.566+0000] {processor.py:161} INFO - Started process (PID=24110) to work on /opt/airflow/dags/main.py
[2026-01-02T21:24:51.568+0000] {processor.py:830} INFO - Processing file /opt/airflow/dags/main.py for tasks to queue
[2026-01-02T21:24:51.570+0000] {logging_mixin.py:188} INFO - [2026-01-02T21:24:51.570+0000] {dagbag.py:545} INFO - Filling up the DagBag from /opt/airflow/dags/main.py
[2026-01-02T21:24:51.721+0000] {processor.py:840} INFO - DAG(s) 'update_db', 'youtube_video_stats' retrieved from /opt/airflow/dags/main.py
[2026-01-02T21:24:51.766+0000] {logging_mixin.py:188} INFO - [2026-01-02T21:24:51.765+0000] {dag.py:3096} INFO - Sync 2 DAGs
[2026-01-02T21:24:51.801+0000] {logging_mixin.py:188} INFO - [2026-01-02T21:24:51.801+0000] {dag.py:3954} INFO - Setting next_dagrun for update_db to 2026-01-02 15:00:00+00:00, run_after=2026-01-03 15:00:00+00:00
[2026-01-02T21:24:51.809+0000] {logging_mixin.py:188} INFO - [2026-01-02T21:24:51.809+0000] {dag.py:3954} INFO - Setting next_dagrun for youtube_video_stats to 2026-01-02 14:00:00+00:00, run_after=2026-01-03 14:00:00+00:00
[2026-01-02T21:24:51.832+0000] {processor.py:183} INFO - Processing /opt/airflow/dags/main.py took 0.275 seconds
[2026-01-02T21:25:22.155+0000] {processor.py:161} INFO - Started process (PID=24117) to work on /opt/airflow/dags/main.py
[2026-01-02T21:25:22.157+0000] {processor.py:830} INFO - Processing file /opt/airflow/dags/main.py for tasks to queue
[2026-01-02T21:25:22.160+0000] {logging_mixin.py:188} INFO - [2026-01-02T21:25:22.159+0000] {dagbag.py:545} INFO - Filling up the DagBag from /opt/airflow/dags/main.py
[2026-01-02T21:25:22.310+0000] {processor.py:840} INFO - DAG(s) 'update_db', 'youtube_video_stats' retrieved from /opt/airflow/dags/main.py
[2026-01-02T21:25:22.352+0000] {logging_mixin.py:188} INFO - [2026-01-02T21:25:22.352+0000] {dag.py:3096} INFO - Sync 2 DAGs
[2026-01-02T21:25:22.388+0000] {logging_mixin.py:188} INFO - [2026-01-02T21:25:22.387+0000] {dag.py:3954} INFO - Setting next_dagrun for update_db to 2026-01-02 15:00:00+00:00, run_after=2026-01-03 15:00:00+00:00
[2026-01-02T21:25:22.398+0000] {logging_mixin.py:188} INFO - [2026-01-02T21:25:22.397+0000] {dag.py:3954} INFO - Setting next_dagrun for youtube_video_stats to 2026-01-02 14:00:00+00:00, run_after=2026-01-03 14:00:00+00:00
[2026-01-02T21:25:22.425+0000] {processor.py:183} INFO - Processing /opt/airflow/dags/main.py took 0.280 seconds
[2026-01-02T21:25:52.748+0000] {processor.py:161} INFO - Started process (PID=24124) to work on /opt/airflow/dags/main.py
[2026-01-02T21:25:52.750+0000] {processor.py:830} INFO - Processing file /opt/airflow/dags/main.py for tasks to queue
[2026-01-02T21:25:52.752+0000] {logging_mixin.py:188} INFO - [2026-01-02T21:25:52.752+0000] {dagbag.py:545} INFO - Filling up the DagBag from /opt/airflow/dags/main.py
[2026-01-02T21:25:52.965+0000] {processor.py:840} INFO - DAG(s) 'update_db', 'youtube_video_stats' retrieved from /opt/airflow/dags/main.py
[2026-01-02T21:25:53.037+0000] {logging_mixin.py:188} INFO - [2026-01-02T21:25:53.036+0000] {dag.py:3096} INFO - Sync 2 DAGs
[2026-01-02T21:25:53.105+0000] {logging_mixin.py:188} INFO - [2026-01-02T21:25:53.105+0000] {dag.py:3954} INFO - Setting next_dagrun for update_db to 2026-01-02 15:00:00+00:00, run_after=2026-01-03 15:00:00+00:00
[2026-01-02T21:25:53.113+0000] {logging_mixin.py:188} INFO - [2026-01-02T21:25:53.113+0000] {dag.py:3954} INFO - Setting next_dagrun for youtube_video_stats to 2026-01-02 14:00:00+00:00, run_after=2026-01-03 14:00:00+00:00
[2026-01-02T21:25:53.145+0000] {processor.py:183} INFO - Processing /opt/airflow/dags/main.py took 0.409 seconds
[2026-01-02T21:26:23.423+0000] {processor.py:161} INFO - Started process (PID=24131) to work on /opt/airflow/dags/main.py
[2026-01-02T21:26:23.425+0000] {processor.py:830} INFO - Processing file /opt/airflow/dags/main.py for tasks to queue
[2026-01-02T21:26:23.426+0000] {logging_mixin.py:188} INFO - [2026-01-02T21:26:23.426+0000] {dagbag.py:545} INFO - Filling up the DagBag from /opt/airflow/dags/main.py
[2026-01-02T21:26:23.584+0000] {processor.py:840} INFO - DAG(s) 'youtube_video_stats', 'update_db' retrieved from /opt/airflow/dags/main.py
[2026-01-02T21:26:23.624+0000] {logging_mixin.py:188} INFO - [2026-01-02T21:26:23.624+0000] {dag.py:3096} INFO - Sync 2 DAGs
[2026-01-02T21:26:23.656+0000] {logging_mixin.py:188} INFO - [2026-01-02T21:26:23.656+0000] {dag.py:3954} INFO - Setting next_dagrun for update_db to 2026-01-02 15:00:00+00:00, run_after=2026-01-03 15:00:00+00:00
[2026-01-02T21:26:23.662+0000] {logging_mixin.py:188} INFO - [2026-01-02T21:26:23.662+0000] {dag.py:3954} INFO - Setting next_dagrun for youtube_video_stats to 2026-01-02 14:00:00+00:00, run_after=2026-01-03 14:00:00+00:00
[2026-01-02T21:26:23.684+0000] {processor.py:183} INFO - Processing /opt/airflow/dags/main.py took 0.271 seconds
[2026-01-02T21:26:53.946+0000] {processor.py:161} INFO - Started process (PID=24138) to work on /opt/airflow/dags/main.py
[2026-01-02T21:26:53.949+0000] {processor.py:830} INFO - Processing file /opt/airflow/dags/main.py for tasks to queue
[2026-01-02T21:26:53.950+0000] {logging_mixin.py:188} INFO - [2026-01-02T21:26:53.950+0000] {dagbag.py:545} INFO - Filling up the DagBag from /opt/airflow/dags/main.py
[2026-01-02T21:26:54.103+0000] {processor.py:840} INFO - DAG(s) 'youtube_video_stats', 'update_db' retrieved from /opt/airflow/dags/main.py
[2026-01-02T21:26:54.149+0000] {logging_mixin.py:188} INFO - [2026-01-02T21:26:54.149+0000] {dag.py:3096} INFO - Sync 2 DAGs
[2026-01-02T21:26:54.179+0000] {logging_mixin.py:188} INFO - [2026-01-02T21:26:54.178+0000] {dag.py:3954} INFO - Setting next_dagrun for update_db to 2026-01-02 15:00:00+00:00, run_after=2026-01-03 15:00:00+00:00
[2026-01-02T21:26:54.187+0000] {logging_mixin.py:188} INFO - [2026-01-02T21:26:54.187+0000] {dag.py:3954} INFO - Setting next_dagrun for youtube_video_stats to 2026-01-02 14:00:00+00:00, run_after=2026-01-03 14:00:00+00:00
[2026-01-02T21:26:54.213+0000] {processor.py:183} INFO - Processing /opt/airflow/dags/main.py took 0.277 seconds
[2026-01-02T21:27:24.470+0000] {processor.py:161} INFO - Started process (PID=24145) to work on /opt/airflow/dags/main.py
[2026-01-02T21:27:24.471+0000] {processor.py:830} INFO - Processing file /opt/airflow/dags/main.py for tasks to queue
[2026-01-02T21:27:24.473+0000] {logging_mixin.py:188} INFO - [2026-01-02T21:27:24.472+0000] {dagbag.py:545} INFO - Filling up the DagBag from /opt/airflow/dags/main.py
[2026-01-02T21:27:24.636+0000] {processor.py:840} INFO - DAG(s) 'youtube_video_stats', 'update_db' retrieved from /opt/airflow/dags/main.py
[2026-01-02T21:27:24.686+0000] {logging_mixin.py:188} INFO - [2026-01-02T21:27:24.685+0000] {dag.py:3096} INFO - Sync 2 DAGs
[2026-01-02T21:27:24.723+0000] {logging_mixin.py:188} INFO - [2026-01-02T21:27:24.723+0000] {dag.py:3954} INFO - Setting next_dagrun for update_db to 2026-01-02 15:00:00+00:00, run_after=2026-01-03 15:00:00+00:00
[2026-01-02T21:27:24.733+0000] {logging_mixin.py:188} INFO - [2026-01-02T21:27:24.732+0000] {dag.py:3954} INFO - Setting next_dagrun for youtube_video_stats to 2026-01-02 14:00:00+00:00, run_after=2026-01-03 14:00:00+00:00
[2026-01-02T21:27:24.760+0000] {processor.py:183} INFO - Processing /opt/airflow/dags/main.py took 0.297 seconds
[2026-01-02T21:27:55.022+0000] {processor.py:161} INFO - Started process (PID=24152) to work on /opt/airflow/dags/main.py
[2026-01-02T21:27:55.024+0000] {processor.py:830} INFO - Processing file /opt/airflow/dags/main.py for tasks to queue
[2026-01-02T21:27:55.026+0000] {logging_mixin.py:188} INFO - [2026-01-02T21:27:55.025+0000] {dagbag.py:545} INFO - Filling up the DagBag from /opt/airflow/dags/main.py
[2026-01-02T21:27:55.192+0000] {processor.py:840} INFO - DAG(s) 'youtube_video_stats', 'update_db' retrieved from /opt/airflow/dags/main.py
[2026-01-02T21:27:55.240+0000] {logging_mixin.py:188} INFO - [2026-01-02T21:27:55.240+0000] {dag.py:3096} INFO - Sync 2 DAGs
[2026-01-02T21:27:55.269+0000] {logging_mixin.py:188} INFO - [2026-01-02T21:27:55.268+0000] {dag.py:3954} INFO - Setting next_dagrun for update_db to 2026-01-02 15:00:00+00:00, run_after=2026-01-03 15:00:00+00:00
[2026-01-02T21:27:55.275+0000] {logging_mixin.py:188} INFO - [2026-01-02T21:27:55.275+0000] {dag.py:3954} INFO - Setting next_dagrun for youtube_video_stats to 2026-01-02 14:00:00+00:00, run_after=2026-01-03 14:00:00+00:00
[2026-01-02T21:27:55.300+0000] {processor.py:183} INFO - Processing /opt/airflow/dags/main.py took 0.287 seconds
[2026-01-02T21:28:25.566+0000] {processor.py:161} INFO - Started process (PID=24159) to work on /opt/airflow/dags/main.py
[2026-01-02T21:28:25.567+0000] {processor.py:830} INFO - Processing file /opt/airflow/dags/main.py for tasks to queue
[2026-01-02T21:28:25.569+0000] {logging_mixin.py:188} INFO - [2026-01-02T21:28:25.569+0000] {dagbag.py:545} INFO - Filling up the DagBag from /opt/airflow/dags/main.py
[2026-01-02T21:28:25.736+0000] {processor.py:840} INFO - DAG(s) 'youtube_video_stats', 'update_db' retrieved from /opt/airflow/dags/main.py
[2026-01-02T21:28:25.776+0000] {logging_mixin.py:188} INFO - [2026-01-02T21:28:25.776+0000] {dag.py:3096} INFO - Sync 2 DAGs
[2026-01-02T21:28:25.807+0000] {logging_mixin.py:188} INFO - [2026-01-02T21:28:25.807+0000] {dag.py:3954} INFO - Setting next_dagrun for update_db to 2026-01-02 15:00:00+00:00, run_after=2026-01-03 15:00:00+00:00
[2026-01-02T21:28:25.813+0000] {logging_mixin.py:188} INFO - [2026-01-02T21:28:25.813+0000] {dag.py:3954} INFO - Setting next_dagrun for youtube_video_stats to 2026-01-02 14:00:00+00:00, run_after=2026-01-03 14:00:00+00:00
[2026-01-02T21:28:25.839+0000] {processor.py:183} INFO - Processing /opt/airflow/dags/main.py took 0.281 seconds
[2026-01-02T21:28:56.119+0000] {processor.py:161} INFO - Started process (PID=24166) to work on /opt/airflow/dags/main.py
[2026-01-02T21:28:56.121+0000] {processor.py:830} INFO - Processing file /opt/airflow/dags/main.py for tasks to queue
[2026-01-02T21:28:56.123+0000] {logging_mixin.py:188} INFO - [2026-01-02T21:28:56.122+0000] {dagbag.py:545} INFO - Filling up the DagBag from /opt/airflow/dags/main.py
[2026-01-02T21:28:56.298+0000] {processor.py:840} INFO - DAG(s) 'youtube_video_stats', 'update_db' retrieved from /opt/airflow/dags/main.py
[2026-01-02T21:28:56.344+0000] {logging_mixin.py:188} INFO - [2026-01-02T21:28:56.344+0000] {dag.py:3096} INFO - Sync 2 DAGs
[2026-01-02T21:28:56.388+0000] {logging_mixin.py:188} INFO - [2026-01-02T21:28:56.387+0000] {dag.py:3954} INFO - Setting next_dagrun for update_db to 2026-01-02 15:00:00+00:00, run_after=2026-01-03 15:00:00+00:00
[2026-01-02T21:28:56.398+0000] {logging_mixin.py:188} INFO - [2026-01-02T21:28:56.398+0000] {dag.py:3954} INFO - Setting next_dagrun for youtube_video_stats to 2026-01-02 14:00:00+00:00, run_after=2026-01-03 14:00:00+00:00
[2026-01-02T21:28:56.423+0000] {processor.py:183} INFO - Processing /opt/airflow/dags/main.py took 0.311 seconds
[2026-01-02T21:29:26.750+0000] {processor.py:161} INFO - Started process (PID=24173) to work on /opt/airflow/dags/main.py
[2026-01-02T21:29:26.752+0000] {processor.py:830} INFO - Processing file /opt/airflow/dags/main.py for tasks to queue
[2026-01-02T21:29:26.754+0000] {logging_mixin.py:188} INFO - [2026-01-02T21:29:26.753+0000] {dagbag.py:545} INFO - Filling up the DagBag from /opt/airflow/dags/main.py
[2026-01-02T21:29:26.981+0000] {processor.py:840} INFO - DAG(s) 'youtube_video_stats', 'update_db' retrieved from /opt/airflow/dags/main.py
[2026-01-02T21:29:27.025+0000] {logging_mixin.py:188} INFO - [2026-01-02T21:29:27.025+0000] {dag.py:3096} INFO - Sync 2 DAGs
[2026-01-02T21:29:27.056+0000] {logging_mixin.py:188} INFO - [2026-01-02T21:29:27.056+0000] {dag.py:3954} INFO - Setting next_dagrun for update_db to 2026-01-02 15:00:00+00:00, run_after=2026-01-03 15:00:00+00:00
[2026-01-02T21:29:27.065+0000] {logging_mixin.py:188} INFO - [2026-01-02T21:29:27.064+0000] {dag.py:3954} INFO - Setting next_dagrun for youtube_video_stats to 2026-01-02 14:00:00+00:00, run_after=2026-01-03 14:00:00+00:00
[2026-01-02T21:29:27.093+0000] {processor.py:183} INFO - Processing /opt/airflow/dags/main.py took 0.351 seconds
[2026-01-02T21:29:58.045+0000] {processor.py:161} INFO - Started process (PID=24180) to work on /opt/airflow/dags/main.py
[2026-01-02T21:29:58.047+0000] {processor.py:830} INFO - Processing file /opt/airflow/dags/main.py for tasks to queue
[2026-01-02T21:29:58.049+0000] {logging_mixin.py:188} INFO - [2026-01-02T21:29:58.048+0000] {dagbag.py:545} INFO - Filling up the DagBag from /opt/airflow/dags/main.py
[2026-01-02T21:29:58.207+0000] {processor.py:840} INFO - DAG(s) 'youtube_video_stats', 'update_db' retrieved from /opt/airflow/dags/main.py
[2026-01-02T21:29:58.257+0000] {logging_mixin.py:188} INFO - [2026-01-02T21:29:58.257+0000] {dag.py:3096} INFO - Sync 2 DAGs
[2026-01-02T21:29:58.289+0000] {logging_mixin.py:188} INFO - [2026-01-02T21:29:58.288+0000] {dag.py:3954} INFO - Setting next_dagrun for update_db to 2026-01-02 15:00:00+00:00, run_after=2026-01-03 15:00:00+00:00
[2026-01-02T21:29:58.297+0000] {logging_mixin.py:188} INFO - [2026-01-02T21:29:58.297+0000] {dag.py:3954} INFO - Setting next_dagrun for youtube_video_stats to 2026-01-02 14:00:00+00:00, run_after=2026-01-03 14:00:00+00:00
[2026-01-02T21:29:58.328+0000] {processor.py:183} INFO - Processing /opt/airflow/dags/main.py took 0.290 seconds
[2026-01-02T21:30:28.673+0000] {processor.py:161} INFO - Started process (PID=24187) to work on /opt/airflow/dags/main.py
[2026-01-02T21:30:28.675+0000] {processor.py:830} INFO - Processing file /opt/airflow/dags/main.py for tasks to queue
[2026-01-02T21:30:28.677+0000] {logging_mixin.py:188} INFO - [2026-01-02T21:30:28.677+0000] {dagbag.py:545} INFO - Filling up the DagBag from /opt/airflow/dags/main.py
[2026-01-02T21:30:28.908+0000] {processor.py:840} INFO - DAG(s) 'update_db', 'youtube_video_stats' retrieved from /opt/airflow/dags/main.py
[2026-01-02T21:30:28.952+0000] {logging_mixin.py:188} INFO - [2026-01-02T21:30:28.952+0000] {dag.py:3096} INFO - Sync 2 DAGs
[2026-01-02T21:30:28.982+0000] {logging_mixin.py:188} INFO - [2026-01-02T21:30:28.981+0000] {dag.py:3954} INFO - Setting next_dagrun for update_db to 2026-01-02 15:00:00+00:00, run_after=2026-01-03 15:00:00+00:00
[2026-01-02T21:30:28.988+0000] {logging_mixin.py:188} INFO - [2026-01-02T21:30:28.988+0000] {dag.py:3954} INFO - Setting next_dagrun for youtube_video_stats to 2026-01-02 14:00:00+00:00, run_after=2026-01-03 14:00:00+00:00
[2026-01-02T21:30:29.012+0000] {processor.py:183} INFO - Processing /opt/airflow/dags/main.py took 0.346 seconds
[2026-01-02T21:30:59.362+0000] {processor.py:161} INFO - Started process (PID=24195) to work on /opt/airflow/dags/main.py
[2026-01-02T21:30:59.365+0000] {processor.py:830} INFO - Processing file /opt/airflow/dags/main.py for tasks to queue
[2026-01-02T21:30:59.367+0000] {logging_mixin.py:188} INFO - [2026-01-02T21:30:59.366+0000] {dagbag.py:545} INFO - Filling up the DagBag from /opt/airflow/dags/main.py
[2026-01-02T21:30:59.509+0000] {processor.py:840} INFO - DAG(s) 'update_db', 'youtube_video_stats' retrieved from /opt/airflow/dags/main.py
[2026-01-02T21:30:59.549+0000] {logging_mixin.py:188} INFO - [2026-01-02T21:30:59.548+0000] {dag.py:3096} INFO - Sync 2 DAGs
[2026-01-02T21:30:59.576+0000] {logging_mixin.py:188} INFO - [2026-01-02T21:30:59.576+0000] {dag.py:3954} INFO - Setting next_dagrun for update_db to 2026-01-02 15:00:00+00:00, run_after=2026-01-03 15:00:00+00:00
[2026-01-02T21:30:59.586+0000] {logging_mixin.py:188} INFO - [2026-01-02T21:30:59.585+0000] {dag.py:3954} INFO - Setting next_dagrun for youtube_video_stats to 2026-01-02 14:00:00+00:00, run_after=2026-01-03 14:00:00+00:00
[2026-01-02T21:30:59.609+0000] {processor.py:183} INFO - Processing /opt/airflow/dags/main.py took 0.260 seconds
[2026-01-02T21:31:29.948+0000] {processor.py:161} INFO - Started process (PID=24202) to work on /opt/airflow/dags/main.py
[2026-01-02T21:31:29.950+0000] {processor.py:830} INFO - Processing file /opt/airflow/dags/main.py for tasks to queue
[2026-01-02T21:31:29.951+0000] {logging_mixin.py:188} INFO - [2026-01-02T21:31:29.951+0000] {dagbag.py:545} INFO - Filling up the DagBag from /opt/airflow/dags/main.py
[2026-01-02T21:31:30.182+0000] {processor.py:840} INFO - DAG(s) 'youtube_video_stats', 'update_db' retrieved from /opt/airflow/dags/main.py
[2026-01-02T21:31:30.232+0000] {logging_mixin.py:188} INFO - [2026-01-02T21:31:30.232+0000] {dag.py:3096} INFO - Sync 2 DAGs
[2026-01-02T21:31:30.263+0000] {logging_mixin.py:188} INFO - [2026-01-02T21:31:30.263+0000] {dag.py:3954} INFO - Setting next_dagrun for update_db to 2026-01-02 15:00:00+00:00, run_after=2026-01-03 15:00:00+00:00
[2026-01-02T21:31:30.269+0000] {logging_mixin.py:188} INFO - [2026-01-02T21:31:30.269+0000] {dag.py:3954} INFO - Setting next_dagrun for youtube_video_stats to 2026-01-02 14:00:00+00:00, run_after=2026-01-03 14:00:00+00:00
[2026-01-02T21:31:30.292+0000] {processor.py:183} INFO - Processing /opt/airflow/dags/main.py took 0.352 seconds
[2026-01-02T21:32:00.647+0000] {processor.py:161} INFO - Started process (PID=24209) to work on /opt/airflow/dags/main.py
[2026-01-02T21:32:00.649+0000] {processor.py:830} INFO - Processing file /opt/airflow/dags/main.py for tasks to queue
[2026-01-02T21:32:00.651+0000] {logging_mixin.py:188} INFO - [2026-01-02T21:32:00.651+0000] {dagbag.py:545} INFO - Filling up the DagBag from /opt/airflow/dags/main.py
[2026-01-02T21:32:00.865+0000] {processor.py:840} INFO - DAG(s) 'youtube_video_stats', 'update_db' retrieved from /opt/airflow/dags/main.py
[2026-01-02T21:32:00.907+0000] {logging_mixin.py:188} INFO - [2026-01-02T21:32:00.907+0000] {dag.py:3096} INFO - Sync 2 DAGs
[2026-01-02T21:32:00.934+0000] {logging_mixin.py:188} INFO - [2026-01-02T21:32:00.934+0000] {dag.py:3954} INFO - Setting next_dagrun for update_db to 2026-01-02 15:00:00+00:00, run_after=2026-01-03 15:00:00+00:00
[2026-01-02T21:32:00.941+0000] {logging_mixin.py:188} INFO - [2026-01-02T21:32:00.941+0000] {dag.py:3954} INFO - Setting next_dagrun for youtube_video_stats to 2026-01-02 14:00:00+00:00, run_after=2026-01-03 14:00:00+00:00
[2026-01-02T21:32:00.963+0000] {processor.py:183} INFO - Processing /opt/airflow/dags/main.py took 0.324 seconds
[2026-01-02T21:32:31.292+0000] {processor.py:161} INFO - Started process (PID=24216) to work on /opt/airflow/dags/main.py
[2026-01-02T21:32:31.294+0000] {processor.py:830} INFO - Processing file /opt/airflow/dags/main.py for tasks to queue
[2026-01-02T21:32:31.295+0000] {logging_mixin.py:188} INFO - [2026-01-02T21:32:31.295+0000] {dagbag.py:545} INFO - Filling up the DagBag from /opt/airflow/dags/main.py
[2026-01-02T21:32:31.433+0000] {processor.py:840} INFO - DAG(s) 'youtube_video_stats', 'update_db' retrieved from /opt/airflow/dags/main.py
[2026-01-02T21:32:31.479+0000] {logging_mixin.py:188} INFO - [2026-01-02T21:32:31.479+0000] {dag.py:3096} INFO - Sync 2 DAGs
[2026-01-02T21:32:31.513+0000] {logging_mixin.py:188} INFO - [2026-01-02T21:32:31.513+0000] {dag.py:3954} INFO - Setting next_dagrun for update_db to 2026-01-02 15:00:00+00:00, run_after=2026-01-03 15:00:00+00:00
[2026-01-02T21:32:31.524+0000] {logging_mixin.py:188} INFO - [2026-01-02T21:32:31.524+0000] {dag.py:3954} INFO - Setting next_dagrun for youtube_video_stats to 2026-01-02 14:00:00+00:00, run_after=2026-01-03 14:00:00+00:00
[2026-01-02T21:32:31.552+0000] {processor.py:183} INFO - Processing /opt/airflow/dags/main.py took 0.269 seconds
[2026-01-02T21:33:01.907+0000] {processor.py:161} INFO - Started process (PID=24223) to work on /opt/airflow/dags/main.py
[2026-01-02T21:33:01.909+0000] {processor.py:830} INFO - Processing file /opt/airflow/dags/main.py for tasks to queue
[2026-01-02T21:33:01.911+0000] {logging_mixin.py:188} INFO - [2026-01-02T21:33:01.911+0000] {dagbag.py:545} INFO - Filling up the DagBag from /opt/airflow/dags/main.py
[2026-01-02T21:33:02.056+0000] {processor.py:840} INFO - DAG(s) 'update_db', 'youtube_video_stats' retrieved from /opt/airflow/dags/main.py
[2026-01-02T21:33:02.102+0000] {logging_mixin.py:188} INFO - [2026-01-02T21:33:02.101+0000] {dag.py:3096} INFO - Sync 2 DAGs
[2026-01-02T21:33:02.135+0000] {logging_mixin.py:188} INFO - [2026-01-02T21:33:02.134+0000] {dag.py:3954} INFO - Setting next_dagrun for update_db to 2026-01-02 15:00:00+00:00, run_after=2026-01-03 15:00:00+00:00
[2026-01-02T21:33:02.141+0000] {logging_mixin.py:188} INFO - [2026-01-02T21:33:02.141+0000] {dag.py:3954} INFO - Setting next_dagrun for youtube_video_stats to 2026-01-02 14:00:00+00:00, run_after=2026-01-03 14:00:00+00:00
[2026-01-02T21:33:02.164+0000] {processor.py:183} INFO - Processing /opt/airflow/dags/main.py took 0.271 seconds
[2026-01-02T21:33:32.490+0000] {processor.py:161} INFO - Started process (PID=24230) to work on /opt/airflow/dags/main.py
[2026-01-02T21:33:32.492+0000] {processor.py:830} INFO - Processing file /opt/airflow/dags/main.py for tasks to queue
[2026-01-02T21:33:32.494+0000] {logging_mixin.py:188} INFO - [2026-01-02T21:33:32.494+0000] {dagbag.py:545} INFO - Filling up the DagBag from /opt/airflow/dags/main.py
[2026-01-02T21:33:32.676+0000] {processor.py:840} INFO - DAG(s) 'update_db', 'youtube_video_stats' retrieved from /opt/airflow/dags/main.py
[2026-01-02T21:33:32.721+0000] {logging_mixin.py:188} INFO - [2026-01-02T21:33:32.721+0000] {dag.py:3096} INFO - Sync 2 DAGs
[2026-01-02T21:33:32.749+0000] {logging_mixin.py:188} INFO - [2026-01-02T21:33:32.749+0000] {dag.py:3954} INFO - Setting next_dagrun for update_db to 2026-01-02 15:00:00+00:00, run_after=2026-01-03 15:00:00+00:00
[2026-01-02T21:33:32.757+0000] {logging_mixin.py:188} INFO - [2026-01-02T21:33:32.757+0000] {dag.py:3954} INFO - Setting next_dagrun for youtube_video_stats to 2026-01-02 14:00:00+00:00, run_after=2026-01-03 14:00:00+00:00
[2026-01-02T21:33:32.782+0000] {processor.py:183} INFO - Processing /opt/airflow/dags/main.py took 0.299 seconds
[2026-01-02T21:34:03.109+0000] {processor.py:161} INFO - Started process (PID=24237) to work on /opt/airflow/dags/main.py
[2026-01-02T21:34:03.111+0000] {processor.py:830} INFO - Processing file /opt/airflow/dags/main.py for tasks to queue
[2026-01-02T21:34:03.113+0000] {logging_mixin.py:188} INFO - [2026-01-02T21:34:03.113+0000] {dagbag.py:545} INFO - Filling up the DagBag from /opt/airflow/dags/main.py
[2026-01-02T21:34:03.295+0000] {processor.py:840} INFO - DAG(s) 'update_db', 'youtube_video_stats' retrieved from /opt/airflow/dags/main.py
[2026-01-02T21:34:03.351+0000] {logging_mixin.py:188} INFO - [2026-01-02T21:34:03.350+0000] {dag.py:3096} INFO - Sync 2 DAGs
[2026-01-02T21:34:03.429+0000] {logging_mixin.py:188} INFO - [2026-01-02T21:34:03.428+0000] {dag.py:3954} INFO - Setting next_dagrun for update_db to 2026-01-02 15:00:00+00:00, run_after=2026-01-03 15:00:00+00:00
[2026-01-02T21:34:03.456+0000] {logging_mixin.py:188} INFO - [2026-01-02T21:34:03.456+0000] {dag.py:3954} INFO - Setting next_dagrun for youtube_video_stats to 2026-01-02 14:00:00+00:00, run_after=2026-01-03 14:00:00+00:00
[2026-01-02T21:34:03.487+0000] {processor.py:183} INFO - Processing /opt/airflow/dags/main.py took 0.389 seconds
[2026-01-02T21:34:33.774+0000] {processor.py:161} INFO - Started process (PID=24244) to work on /opt/airflow/dags/main.py
[2026-01-02T21:34:33.776+0000] {processor.py:830} INFO - Processing file /opt/airflow/dags/main.py for tasks to queue
[2026-01-02T21:34:33.778+0000] {logging_mixin.py:188} INFO - [2026-01-02T21:34:33.777+0000] {dagbag.py:545} INFO - Filling up the DagBag from /opt/airflow/dags/main.py
[2026-01-02T21:34:33.931+0000] {processor.py:840} INFO - DAG(s) 'update_db', 'youtube_video_stats' retrieved from /opt/airflow/dags/main.py
[2026-01-02T21:34:33.982+0000] {logging_mixin.py:188} INFO - [2026-01-02T21:34:33.982+0000] {dag.py:3096} INFO - Sync 2 DAGs
[2026-01-02T21:34:34.019+0000] {logging_mixin.py:188} INFO - [2026-01-02T21:34:34.019+0000] {dag.py:3954} INFO - Setting next_dagrun for update_db to 2026-01-02 15:00:00+00:00, run_after=2026-01-03 15:00:00+00:00
[2026-01-02T21:34:34.027+0000] {logging_mixin.py:188} INFO - [2026-01-02T21:34:34.027+0000] {dag.py:3954} INFO - Setting next_dagrun for youtube_video_stats to 2026-01-02 14:00:00+00:00, run_after=2026-01-03 14:00:00+00:00
[2026-01-02T21:34:34.051+0000] {processor.py:183} INFO - Processing /opt/airflow/dags/main.py took 0.284 seconds
[2026-01-02T21:35:04.461+0000] {processor.py:161} INFO - Started process (PID=24251) to work on /opt/airflow/dags/main.py
[2026-01-02T21:35:04.463+0000] {processor.py:830} INFO - Processing file /opt/airflow/dags/main.py for tasks to queue
[2026-01-02T21:35:04.465+0000] {logging_mixin.py:188} INFO - [2026-01-02T21:35:04.464+0000] {dagbag.py:545} INFO - Filling up the DagBag from /opt/airflow/dags/main.py
[2026-01-02T21:35:04.689+0000] {processor.py:840} INFO - DAG(s) 'youtube_video_stats', 'update_db' retrieved from /opt/airflow/dags/main.py
[2026-01-02T21:35:04.737+0000] {logging_mixin.py:188} INFO - [2026-01-02T21:35:04.737+0000] {dag.py:3096} INFO - Sync 2 DAGs
[2026-01-02T21:35:04.769+0000] {logging_mixin.py:188} INFO - [2026-01-02T21:35:04.769+0000] {dag.py:3954} INFO - Setting next_dagrun for update_db to 2026-01-02 15:00:00+00:00, run_after=2026-01-03 15:00:00+00:00
[2026-01-02T21:35:04.777+0000] {logging_mixin.py:188} INFO - [2026-01-02T21:35:04.776+0000] {dag.py:3954} INFO - Setting next_dagrun for youtube_video_stats to 2026-01-02 14:00:00+00:00, run_after=2026-01-03 14:00:00+00:00
[2026-01-02T21:35:04.801+0000] {processor.py:183} INFO - Processing /opt/airflow/dags/main.py took 0.347 seconds
[2026-01-02T21:35:35.137+0000] {processor.py:161} INFO - Started process (PID=24258) to work on /opt/airflow/dags/main.py
[2026-01-02T21:35:35.138+0000] {processor.py:830} INFO - Processing file /opt/airflow/dags/main.py for tasks to queue
[2026-01-02T21:35:35.140+0000] {logging_mixin.py:188} INFO - [2026-01-02T21:35:35.140+0000] {dagbag.py:545} INFO - Filling up the DagBag from /opt/airflow/dags/main.py
[2026-01-02T21:35:35.367+0000] {processor.py:840} INFO - DAG(s) 'youtube_video_stats', 'update_db' retrieved from /opt/airflow/dags/main.py
[2026-01-02T21:35:35.413+0000] {logging_mixin.py:188} INFO - [2026-01-02T21:35:35.412+0000] {dag.py:3096} INFO - Sync 2 DAGs
[2026-01-02T21:35:35.442+0000] {logging_mixin.py:188} INFO - [2026-01-02T21:35:35.442+0000] {dag.py:3954} INFO - Setting next_dagrun for update_db to 2026-01-02 15:00:00+00:00, run_after=2026-01-03 15:00:00+00:00
[2026-01-02T21:35:35.448+0000] {logging_mixin.py:188} INFO - [2026-01-02T21:35:35.448+0000] {dag.py:3954} INFO - Setting next_dagrun for youtube_video_stats to 2026-01-02 14:00:00+00:00, run_after=2026-01-03 14:00:00+00:00
[2026-01-02T21:35:35.468+0000] {processor.py:183} INFO - Processing /opt/airflow/dags/main.py took 0.340 seconds
[2026-01-02T21:36:05.794+0000] {processor.py:161} INFO - Started process (PID=24265) to work on /opt/airflow/dags/main.py
[2026-01-02T21:36:05.797+0000] {processor.py:830} INFO - Processing file /opt/airflow/dags/main.py for tasks to queue
[2026-01-02T21:36:05.798+0000] {logging_mixin.py:188} INFO - [2026-01-02T21:36:05.798+0000] {dagbag.py:545} INFO - Filling up the DagBag from /opt/airflow/dags/main.py
[2026-01-02T21:36:06.022+0000] {processor.py:840} INFO - DAG(s) 'update_db', 'youtube_video_stats' retrieved from /opt/airflow/dags/main.py
[2026-01-02T21:36:06.064+0000] {logging_mixin.py:188} INFO - [2026-01-02T21:36:06.064+0000] {dag.py:3096} INFO - Sync 2 DAGs
[2026-01-02T21:36:06.093+0000] {logging_mixin.py:188} INFO - [2026-01-02T21:36:06.093+0000] {dag.py:3954} INFO - Setting next_dagrun for update_db to 2026-01-02 15:00:00+00:00, run_after=2026-01-03 15:00:00+00:00
[2026-01-02T21:36:06.100+0000] {logging_mixin.py:188} INFO - [2026-01-02T21:36:06.099+0000] {dag.py:3954} INFO - Setting next_dagrun for youtube_video_stats to 2026-01-02 14:00:00+00:00, run_after=2026-01-03 14:00:00+00:00
[2026-01-02T21:36:06.131+0000] {processor.py:183} INFO - Processing /opt/airflow/dags/main.py took 0.343 seconds
[2026-01-02T21:36:36.465+0000] {processor.py:161} INFO - Started process (PID=24272) to work on /opt/airflow/dags/main.py
[2026-01-02T21:36:36.468+0000] {processor.py:830} INFO - Processing file /opt/airflow/dags/main.py for tasks to queue
[2026-01-02T21:36:36.470+0000] {logging_mixin.py:188} INFO - [2026-01-02T21:36:36.469+0000] {dagbag.py:545} INFO - Filling up the DagBag from /opt/airflow/dags/main.py
[2026-01-02T21:36:36.665+0000] {processor.py:840} INFO - DAG(s) 'youtube_video_stats', 'update_db' retrieved from /opt/airflow/dags/main.py
[2026-01-02T21:36:36.712+0000] {logging_mixin.py:188} INFO - [2026-01-02T21:36:36.712+0000] {dag.py:3096} INFO - Sync 2 DAGs
[2026-01-02T21:36:36.742+0000] {logging_mixin.py:188} INFO - [2026-01-02T21:36:36.741+0000] {dag.py:3954} INFO - Setting next_dagrun for update_db to 2026-01-02 15:00:00+00:00, run_after=2026-01-03 15:00:00+00:00
[2026-01-02T21:36:36.748+0000] {logging_mixin.py:188} INFO - [2026-01-02T21:36:36.748+0000] {dag.py:3954} INFO - Setting next_dagrun for youtube_video_stats to 2026-01-02 14:00:00+00:00, run_after=2026-01-03 14:00:00+00:00
[2026-01-02T21:36:36.776+0000] {processor.py:183} INFO - Processing /opt/airflow/dags/main.py took 0.321 seconds
[2026-01-02T21:37:07.098+0000] {processor.py:161} INFO - Started process (PID=24279) to work on /opt/airflow/dags/main.py
[2026-01-02T21:37:07.100+0000] {processor.py:830} INFO - Processing file /opt/airflow/dags/main.py for tasks to queue
[2026-01-02T21:37:07.101+0000] {logging_mixin.py:188} INFO - [2026-01-02T21:37:07.101+0000] {dagbag.py:545} INFO - Filling up the DagBag from /opt/airflow/dags/main.py
[2026-01-02T21:37:07.261+0000] {processor.py:840} INFO - DAG(s) 'youtube_video_stats', 'update_db' retrieved from /opt/airflow/dags/main.py
[2026-01-02T21:37:07.317+0000] {logging_mixin.py:188} INFO - [2026-01-02T21:37:07.316+0000] {dag.py:3096} INFO - Sync 2 DAGs
[2026-01-02T21:37:07.348+0000] {logging_mixin.py:188} INFO - [2026-01-02T21:37:07.348+0000] {dag.py:3954} INFO - Setting next_dagrun for update_db to 2026-01-02 15:00:00+00:00, run_after=2026-01-03 15:00:00+00:00
[2026-01-02T21:37:07.355+0000] {logging_mixin.py:188} INFO - [2026-01-02T21:37:07.355+0000] {dag.py:3954} INFO - Setting next_dagrun for youtube_video_stats to 2026-01-02 14:00:00+00:00, run_after=2026-01-03 14:00:00+00:00
[2026-01-02T21:37:07.375+0000] {processor.py:183} INFO - Processing /opt/airflow/dags/main.py took 0.285 seconds
[2026-01-02T21:37:37.686+0000] {processor.py:161} INFO - Started process (PID=24286) to work on /opt/airflow/dags/main.py
[2026-01-02T21:37:37.687+0000] {processor.py:830} INFO - Processing file /opt/airflow/dags/main.py for tasks to queue
[2026-01-02T21:37:37.689+0000] {logging_mixin.py:188} INFO - [2026-01-02T21:37:37.689+0000] {dagbag.py:545} INFO - Filling up the DagBag from /opt/airflow/dags/main.py
[2026-01-02T21:37:37.902+0000] {processor.py:840} INFO - DAG(s) 'youtube_video_stats', 'update_db' retrieved from /opt/airflow/dags/main.py
[2026-01-02T21:37:37.943+0000] {logging_mixin.py:188} INFO - [2026-01-02T21:37:37.943+0000] {dag.py:3096} INFO - Sync 2 DAGs
[2026-01-02T21:37:37.975+0000] {logging_mixin.py:188} INFO - [2026-01-02T21:37:37.975+0000] {dag.py:3954} INFO - Setting next_dagrun for update_db to 2026-01-02 15:00:00+00:00, run_after=2026-01-03 15:00:00+00:00
[2026-01-02T21:37:37.981+0000] {logging_mixin.py:188} INFO - [2026-01-02T21:37:37.981+0000] {dag.py:3954} INFO - Setting next_dagrun for youtube_video_stats to 2026-01-02 14:00:00+00:00, run_after=2026-01-03 14:00:00+00:00
[2026-01-02T21:37:38.006+0000] {processor.py:183} INFO - Processing /opt/airflow/dags/main.py took 0.327 seconds
[2026-01-02T21:38:08.335+0000] {processor.py:161} INFO - Started process (PID=24293) to work on /opt/airflow/dags/main.py
[2026-01-02T21:38:08.337+0000] {processor.py:830} INFO - Processing file /opt/airflow/dags/main.py for tasks to queue
[2026-01-02T21:38:08.338+0000] {logging_mixin.py:188} INFO - [2026-01-02T21:38:08.338+0000] {dagbag.py:545} INFO - Filling up the DagBag from /opt/airflow/dags/main.py
[2026-01-02T21:38:08.557+0000] {processor.py:840} INFO - DAG(s) 'update_db', 'youtube_video_stats' retrieved from /opt/airflow/dags/main.py
[2026-01-02T21:38:08.605+0000] {logging_mixin.py:188} INFO - [2026-01-02T21:38:08.604+0000] {dag.py:3096} INFO - Sync 2 DAGs
[2026-01-02T21:38:08.634+0000] {logging_mixin.py:188} INFO - [2026-01-02T21:38:08.634+0000] {dag.py:3954} INFO - Setting next_dagrun for update_db to 2026-01-02 15:00:00+00:00, run_after=2026-01-03 15:00:00+00:00
[2026-01-02T21:38:08.641+0000] {logging_mixin.py:188} INFO - [2026-01-02T21:38:08.641+0000] {dag.py:3954} INFO - Setting next_dagrun for youtube_video_stats to 2026-01-02 14:00:00+00:00, run_after=2026-01-03 14:00:00+00:00
[2026-01-02T21:38:08.663+0000] {processor.py:183} INFO - Processing /opt/airflow/dags/main.py took 0.335 seconds
[2026-01-02T21:38:39.010+0000] {processor.py:161} INFO - Started process (PID=24306) to work on /opt/airflow/dags/main.py
[2026-01-02T21:38:39.012+0000] {processor.py:830} INFO - Processing file /opt/airflow/dags/main.py for tasks to queue
[2026-01-02T21:38:39.013+0000] {logging_mixin.py:188} INFO - [2026-01-02T21:38:39.013+0000] {dagbag.py:545} INFO - Filling up the DagBag from /opt/airflow/dags/main.py
[2026-01-02T21:38:39.240+0000] {processor.py:840} INFO - DAG(s) 'youtube_video_stats', 'update_db' retrieved from /opt/airflow/dags/main.py
[2026-01-02T21:38:39.285+0000] {logging_mixin.py:188} INFO - [2026-01-02T21:38:39.285+0000] {dag.py:3096} INFO - Sync 2 DAGs
[2026-01-02T21:38:39.313+0000] {logging_mixin.py:188} INFO - [2026-01-02T21:38:39.313+0000] {dag.py:3954} INFO - Setting next_dagrun for update_db to 2026-01-02 15:00:00+00:00, run_after=2026-01-03 15:00:00+00:00
[2026-01-02T21:38:39.320+0000] {logging_mixin.py:188} INFO - [2026-01-02T21:38:39.320+0000] {dag.py:3954} INFO - Setting next_dagrun for youtube_video_stats to 2026-01-02 14:00:00+00:00, run_after=2026-01-03 14:00:00+00:00
[2026-01-02T21:38:39.344+0000] {processor.py:183} INFO - Processing /opt/airflow/dags/main.py took 0.342 seconds
[2026-01-02T21:39:09.694+0000] {processor.py:161} INFO - Started process (PID=24313) to work on /opt/airflow/dags/main.py
[2026-01-02T21:39:09.696+0000] {processor.py:830} INFO - Processing file /opt/airflow/dags/main.py for tasks to queue
[2026-01-02T21:39:09.697+0000] {logging_mixin.py:188} INFO - [2026-01-02T21:39:09.697+0000] {dagbag.py:545} INFO - Filling up the DagBag from /opt/airflow/dags/main.py
[2026-01-02T21:39:09.929+0000] {processor.py:840} INFO - DAG(s) 'update_db', 'youtube_video_stats' retrieved from /opt/airflow/dags/main.py
[2026-01-02T21:39:09.974+0000] {logging_mixin.py:188} INFO - [2026-01-02T21:39:09.974+0000] {dag.py:3096} INFO - Sync 2 DAGs
[2026-01-02T21:39:10.003+0000] {logging_mixin.py:188} INFO - [2026-01-02T21:39:10.003+0000] {dag.py:3954} INFO - Setting next_dagrun for update_db to 2026-01-02 15:00:00+00:00, run_after=2026-01-03 15:00:00+00:00
[2026-01-02T21:39:10.010+0000] {logging_mixin.py:188} INFO - [2026-01-02T21:39:10.010+0000] {dag.py:3954} INFO - Setting next_dagrun for youtube_video_stats to 2026-01-02 14:00:00+00:00, run_after=2026-01-03 14:00:00+00:00
[2026-01-02T21:39:10.033+0000] {processor.py:183} INFO - Processing /opt/airflow/dags/main.py took 0.352 seconds
[2026-01-02T21:39:40.347+0000] {processor.py:161} INFO - Started process (PID=24320) to work on /opt/airflow/dags/main.py
[2026-01-02T21:39:40.349+0000] {processor.py:830} INFO - Processing file /opt/airflow/dags/main.py for tasks to queue
[2026-01-02T21:39:40.351+0000] {logging_mixin.py:188} INFO - [2026-01-02T21:39:40.351+0000] {dagbag.py:545} INFO - Filling up the DagBag from /opt/airflow/dags/main.py
[2026-01-02T21:39:40.523+0000] {processor.py:840} INFO - DAG(s) 'update_db', 'youtube_video_stats' retrieved from /opt/airflow/dags/main.py
[2026-01-02T21:39:40.572+0000] {logging_mixin.py:188} INFO - [2026-01-02T21:39:40.572+0000] {dag.py:3096} INFO - Sync 2 DAGs
[2026-01-02T21:39:40.605+0000] {logging_mixin.py:188} INFO - [2026-01-02T21:39:40.605+0000] {dag.py:3954} INFO - Setting next_dagrun for update_db to 2026-01-02 15:00:00+00:00, run_after=2026-01-03 15:00:00+00:00
[2026-01-02T21:39:40.614+0000] {logging_mixin.py:188} INFO - [2026-01-02T21:39:40.613+0000] {dag.py:3954} INFO - Setting next_dagrun for youtube_video_stats to 2026-01-02 14:00:00+00:00, run_after=2026-01-03 14:00:00+00:00
[2026-01-02T21:39:40.640+0000] {processor.py:183} INFO - Processing /opt/airflow/dags/main.py took 0.301 seconds
[2026-01-02T21:40:11.229+0000] {processor.py:161} INFO - Started process (PID=24327) to work on /opt/airflow/dags/main.py
[2026-01-02T21:40:11.232+0000] {processor.py:830} INFO - Processing file /opt/airflow/dags/main.py for tasks to queue
[2026-01-02T21:40:11.234+0000] {logging_mixin.py:188} INFO - [2026-01-02T21:40:11.233+0000] {dagbag.py:545} INFO - Filling up the DagBag from /opt/airflow/dags/main.py
[2026-01-02T21:40:11.427+0000] {processor.py:840} INFO - DAG(s) 'youtube_video_stats', 'update_db' retrieved from /opt/airflow/dags/main.py
[2026-01-02T21:40:11.469+0000] {logging_mixin.py:188} INFO - [2026-01-02T21:40:11.469+0000] {dag.py:3096} INFO - Sync 2 DAGs
[2026-01-02T21:40:11.500+0000] {logging_mixin.py:188} INFO - [2026-01-02T21:40:11.499+0000] {dag.py:3954} INFO - Setting next_dagrun for update_db to 2026-01-02 15:00:00+00:00, run_after=2026-01-03 15:00:00+00:00
[2026-01-02T21:40:11.508+0000] {logging_mixin.py:188} INFO - [2026-01-02T21:40:11.508+0000] {dag.py:3954} INFO - Setting next_dagrun for youtube_video_stats to 2026-01-02 14:00:00+00:00, run_after=2026-01-03 14:00:00+00:00
[2026-01-02T21:40:11.533+0000] {processor.py:183} INFO - Processing /opt/airflow/dags/main.py took 0.311 seconds
[2026-01-02T21:40:41.821+0000] {processor.py:161} INFO - Started process (PID=24335) to work on /opt/airflow/dags/main.py
[2026-01-02T21:40:41.823+0000] {processor.py:830} INFO - Processing file /opt/airflow/dags/main.py for tasks to queue
[2026-01-02T21:40:41.826+0000] {logging_mixin.py:188} INFO - [2026-01-02T21:40:41.825+0000] {dagbag.py:545} INFO - Filling up the DagBag from /opt/airflow/dags/main.py
[2026-01-02T21:40:41.976+0000] {processor.py:840} INFO - DAG(s) 'youtube_video_stats', 'update_db' retrieved from /opt/airflow/dags/main.py
[2026-01-02T21:40:42.038+0000] {logging_mixin.py:188} INFO - [2026-01-02T21:40:42.038+0000] {dag.py:3096} INFO - Sync 2 DAGs
[2026-01-02T21:40:42.080+0000] {logging_mixin.py:188} INFO - [2026-01-02T21:40:42.079+0000] {dag.py:3954} INFO - Setting next_dagrun for update_db to 2026-01-02 15:00:00+00:00, run_after=2026-01-03 15:00:00+00:00
[2026-01-02T21:40:42.087+0000] {logging_mixin.py:188} INFO - [2026-01-02T21:40:42.087+0000] {dag.py:3954} INFO - Setting next_dagrun for youtube_video_stats to 2026-01-02 14:00:00+00:00, run_after=2026-01-03 14:00:00+00:00
[2026-01-02T21:40:42.113+0000] {processor.py:183} INFO - Processing /opt/airflow/dags/main.py took 0.300 seconds
[2026-01-02T21:41:12.420+0000] {processor.py:161} INFO - Started process (PID=24342) to work on /opt/airflow/dags/main.py
[2026-01-02T21:41:12.422+0000] {processor.py:830} INFO - Processing file /opt/airflow/dags/main.py for tasks to queue
[2026-01-02T21:41:12.423+0000] {logging_mixin.py:188} INFO - [2026-01-02T21:41:12.423+0000] {dagbag.py:545} INFO - Filling up the DagBag from /opt/airflow/dags/main.py
[2026-01-02T21:41:12.566+0000] {processor.py:840} INFO - DAG(s) 'update_db', 'youtube_video_stats' retrieved from /opt/airflow/dags/main.py
[2026-01-02T21:41:12.611+0000] {logging_mixin.py:188} INFO - [2026-01-02T21:41:12.611+0000] {dag.py:3096} INFO - Sync 2 DAGs
[2026-01-02T21:41:12.658+0000] {logging_mixin.py:188} INFO - [2026-01-02T21:41:12.658+0000] {dag.py:3954} INFO - Setting next_dagrun for update_db to 2026-01-02 15:00:00+00:00, run_after=2026-01-03 15:00:00+00:00
[2026-01-02T21:41:12.666+0000] {logging_mixin.py:188} INFO - [2026-01-02T21:41:12.666+0000] {dag.py:3954} INFO - Setting next_dagrun for youtube_video_stats to 2026-01-02 14:00:00+00:00, run_after=2026-01-03 14:00:00+00:00
[2026-01-02T21:41:12.699+0000] {processor.py:183} INFO - Processing /opt/airflow/dags/main.py took 0.287 seconds
[2026-01-02T21:41:43.040+0000] {processor.py:161} INFO - Started process (PID=24350) to work on /opt/airflow/dags/main.py
[2026-01-02T21:41:43.043+0000] {processor.py:830} INFO - Processing file /opt/airflow/dags/main.py for tasks to queue
[2026-01-02T21:41:43.044+0000] {logging_mixin.py:188} INFO - [2026-01-02T21:41:43.044+0000] {dagbag.py:545} INFO - Filling up the DagBag from /opt/airflow/dags/main.py
[2026-01-02T21:41:43.265+0000] {processor.py:840} INFO - DAG(s) 'update_db', 'youtube_video_stats' retrieved from /opt/airflow/dags/main.py
[2026-01-02T21:41:43.307+0000] {logging_mixin.py:188} INFO - [2026-01-02T21:41:43.306+0000] {dag.py:3096} INFO - Sync 2 DAGs
[2026-01-02T21:41:43.335+0000] {logging_mixin.py:188} INFO - [2026-01-02T21:41:43.334+0000] {dag.py:3954} INFO - Setting next_dagrun for update_db to 2026-01-02 15:00:00+00:00, run_after=2026-01-03 15:00:00+00:00
[2026-01-02T21:41:43.341+0000] {logging_mixin.py:188} INFO - [2026-01-02T21:41:43.341+0000] {dag.py:3954} INFO - Setting next_dagrun for youtube_video_stats to 2026-01-02 14:00:00+00:00, run_after=2026-01-03 14:00:00+00:00
[2026-01-02T21:41:43.367+0000] {processor.py:183} INFO - Processing /opt/airflow/dags/main.py took 0.334 seconds
[2026-01-02T21:42:13.703+0000] {processor.py:161} INFO - Started process (PID=24357) to work on /opt/airflow/dags/main.py
[2026-01-02T21:42:13.705+0000] {processor.py:830} INFO - Processing file /opt/airflow/dags/main.py for tasks to queue
[2026-01-02T21:42:13.706+0000] {logging_mixin.py:188} INFO - [2026-01-02T21:42:13.706+0000] {dagbag.py:545} INFO - Filling up the DagBag from /opt/airflow/dags/main.py
[2026-01-02T21:42:13.945+0000] {processor.py:840} INFO - DAG(s) 'update_db', 'youtube_video_stats' retrieved from /opt/airflow/dags/main.py
[2026-01-02T21:42:13.987+0000] {logging_mixin.py:188} INFO - [2026-01-02T21:42:13.987+0000] {dag.py:3096} INFO - Sync 2 DAGs
[2026-01-02T21:42:14.020+0000] {logging_mixin.py:188} INFO - [2026-01-02T21:42:14.019+0000] {dag.py:3954} INFO - Setting next_dagrun for update_db to 2026-01-02 15:00:00+00:00, run_after=2026-01-03 15:00:00+00:00
[2026-01-02T21:42:14.027+0000] {logging_mixin.py:188} INFO - [2026-01-02T21:42:14.027+0000] {dag.py:3954} INFO - Setting next_dagrun for youtube_video_stats to 2026-01-02 14:00:00+00:00, run_after=2026-01-03 14:00:00+00:00
[2026-01-02T21:42:14.050+0000] {processor.py:183} INFO - Processing /opt/airflow/dags/main.py took 0.355 seconds
[2026-01-02T21:42:44.404+0000] {processor.py:161} INFO - Started process (PID=24364) to work on /opt/airflow/dags/main.py
[2026-01-02T21:42:44.406+0000] {processor.py:830} INFO - Processing file /opt/airflow/dags/main.py for tasks to queue
[2026-01-02T21:42:44.408+0000] {logging_mixin.py:188} INFO - [2026-01-02T21:42:44.407+0000] {dagbag.py:545} INFO - Filling up the DagBag from /opt/airflow/dags/main.py
[2026-01-02T21:42:44.611+0000] {processor.py:840} INFO - DAG(s) 'youtube_video_stats', 'update_db' retrieved from /opt/airflow/dags/main.py
[2026-01-02T21:42:44.654+0000] {logging_mixin.py:188} INFO - [2026-01-02T21:42:44.654+0000] {dag.py:3096} INFO - Sync 2 DAGs
[2026-01-02T21:42:44.689+0000] {logging_mixin.py:188} INFO - [2026-01-02T21:42:44.688+0000] {dag.py:3954} INFO - Setting next_dagrun for update_db to 2026-01-02 15:00:00+00:00, run_after=2026-01-03 15:00:00+00:00
[2026-01-02T21:42:44.697+0000] {logging_mixin.py:188} INFO - [2026-01-02T21:42:44.696+0000] {dag.py:3954} INFO - Setting next_dagrun for youtube_video_stats to 2026-01-02 14:00:00+00:00, run_after=2026-01-03 14:00:00+00:00
[2026-01-02T21:42:44.725+0000] {processor.py:183} INFO - Processing /opt/airflow/dags/main.py took 0.334 seconds
[2026-01-02T21:43:15.049+0000] {processor.py:161} INFO - Started process (PID=24371) to work on /opt/airflow/dags/main.py
[2026-01-02T21:43:15.051+0000] {processor.py:830} INFO - Processing file /opt/airflow/dags/main.py for tasks to queue
[2026-01-02T21:43:15.052+0000] {logging_mixin.py:188} INFO - [2026-01-02T21:43:15.052+0000] {dagbag.py:545} INFO - Filling up the DagBag from /opt/airflow/dags/main.py
[2026-01-02T21:43:15.254+0000] {processor.py:840} INFO - DAG(s) 'youtube_video_stats', 'update_db' retrieved from /opt/airflow/dags/main.py
[2026-01-02T21:43:15.296+0000] {logging_mixin.py:188} INFO - [2026-01-02T21:43:15.296+0000] {dag.py:3096} INFO - Sync 2 DAGs
[2026-01-02T21:43:15.325+0000] {logging_mixin.py:188} INFO - [2026-01-02T21:43:15.324+0000] {dag.py:3954} INFO - Setting next_dagrun for update_db to 2026-01-02 15:00:00+00:00, run_after=2026-01-03 15:00:00+00:00
[2026-01-02T21:43:15.331+0000] {logging_mixin.py:188} INFO - [2026-01-02T21:43:15.331+0000] {dag.py:3954} INFO - Setting next_dagrun for youtube_video_stats to 2026-01-02 14:00:00+00:00, run_after=2026-01-03 14:00:00+00:00
[2026-01-02T21:43:15.355+0000] {processor.py:183} INFO - Processing /opt/airflow/dags/main.py took 0.313 seconds
[2026-01-02T21:43:45.700+0000] {processor.py:161} INFO - Started process (PID=24378) to work on /opt/airflow/dags/main.py
[2026-01-02T21:43:45.702+0000] {processor.py:830} INFO - Processing file /opt/airflow/dags/main.py for tasks to queue
[2026-01-02T21:43:45.704+0000] {logging_mixin.py:188} INFO - [2026-01-02T21:43:45.703+0000] {dagbag.py:545} INFO - Filling up the DagBag from /opt/airflow/dags/main.py
[2026-01-02T21:43:45.929+0000] {processor.py:840} INFO - DAG(s) 'update_db', 'youtube_video_stats' retrieved from /opt/airflow/dags/main.py
[2026-01-02T21:43:45.972+0000] {logging_mixin.py:188} INFO - [2026-01-02T21:43:45.971+0000] {dag.py:3096} INFO - Sync 2 DAGs
[2026-01-02T21:43:46.002+0000] {logging_mixin.py:188} INFO - [2026-01-02T21:43:46.002+0000] {dag.py:3954} INFO - Setting next_dagrun for update_db to 2026-01-02 15:00:00+00:00, run_after=2026-01-03 15:00:00+00:00
[2026-01-02T21:43:46.009+0000] {logging_mixin.py:188} INFO - [2026-01-02T21:43:46.009+0000] {dag.py:3954} INFO - Setting next_dagrun for youtube_video_stats to 2026-01-02 14:00:00+00:00, run_after=2026-01-03 14:00:00+00:00
[2026-01-02T21:43:46.037+0000] {processor.py:183} INFO - Processing /opt/airflow/dags/main.py took 0.346 seconds
[2026-01-02T21:44:16.399+0000] {processor.py:161} INFO - Started process (PID=24385) to work on /opt/airflow/dags/main.py
[2026-01-02T21:44:16.401+0000] {processor.py:830} INFO - Processing file /opt/airflow/dags/main.py for tasks to queue
[2026-01-02T21:44:16.403+0000] {logging_mixin.py:188} INFO - [2026-01-02T21:44:16.403+0000] {dagbag.py:545} INFO - Filling up the DagBag from /opt/airflow/dags/main.py
[2026-01-02T21:44:16.620+0000] {processor.py:840} INFO - DAG(s) 'youtube_video_stats', 'update_db' retrieved from /opt/airflow/dags/main.py
[2026-01-02T21:44:16.666+0000] {logging_mixin.py:188} INFO - [2026-01-02T21:44:16.666+0000] {dag.py:3096} INFO - Sync 2 DAGs
[2026-01-02T21:44:16.696+0000] {logging_mixin.py:188} INFO - [2026-01-02T21:44:16.695+0000] {dag.py:3954} INFO - Setting next_dagrun for update_db to 2026-01-02 15:00:00+00:00, run_after=2026-01-03 15:00:00+00:00
[2026-01-02T21:44:16.702+0000] {logging_mixin.py:188} INFO - [2026-01-02T21:44:16.702+0000] {dag.py:3954} INFO - Setting next_dagrun for youtube_video_stats to 2026-01-02 14:00:00+00:00, run_after=2026-01-03 14:00:00+00:00
[2026-01-02T21:44:16.722+0000] {processor.py:183} INFO - Processing /opt/airflow/dags/main.py took 0.331 seconds
[2026-01-02T21:44:47.081+0000] {processor.py:161} INFO - Started process (PID=24392) to work on /opt/airflow/dags/main.py
[2026-01-02T21:44:47.083+0000] {processor.py:830} INFO - Processing file /opt/airflow/dags/main.py for tasks to queue
[2026-01-02T21:44:47.085+0000] {logging_mixin.py:188} INFO - [2026-01-02T21:44:47.085+0000] {dagbag.py:545} INFO - Filling up the DagBag from /opt/airflow/dags/main.py
[2026-01-02T21:44:47.303+0000] {processor.py:840} INFO - DAG(s) 'update_db', 'youtube_video_stats' retrieved from /opt/airflow/dags/main.py
[2026-01-02T21:44:47.345+0000] {logging_mixin.py:188} INFO - [2026-01-02T21:44:47.345+0000] {dag.py:3096} INFO - Sync 2 DAGs
[2026-01-02T21:44:47.374+0000] {logging_mixin.py:188} INFO - [2026-01-02T21:44:47.373+0000] {dag.py:3954} INFO - Setting next_dagrun for update_db to 2026-01-02 15:00:00+00:00, run_after=2026-01-03 15:00:00+00:00
[2026-01-02T21:44:47.380+0000] {logging_mixin.py:188} INFO - [2026-01-02T21:44:47.380+0000] {dag.py:3954} INFO - Setting next_dagrun for youtube_video_stats to 2026-01-02 14:00:00+00:00, run_after=2026-01-03 14:00:00+00:00
[2026-01-02T21:44:47.435+0000] {processor.py:183} INFO - Processing /opt/airflow/dags/main.py took 0.361 seconds
[2026-01-02T21:45:17.572+0000] {processor.py:161} INFO - Started process (PID=24399) to work on /opt/airflow/dags/main.py
[2026-01-02T21:45:17.574+0000] {processor.py:830} INFO - Processing file /opt/airflow/dags/main.py for tasks to queue
[2026-01-02T21:45:17.575+0000] {logging_mixin.py:188} INFO - [2026-01-02T21:45:17.575+0000] {dagbag.py:545} INFO - Filling up the DagBag from /opt/airflow/dags/main.py
[2026-01-02T21:45:17.750+0000] {processor.py:840} INFO - DAG(s) 'update_db', 'youtube_video_stats' retrieved from /opt/airflow/dags/main.py
[2026-01-02T21:45:17.797+0000] {logging_mixin.py:188} INFO - [2026-01-02T21:45:17.797+0000] {dag.py:3096} INFO - Sync 2 DAGs
[2026-01-02T21:45:17.831+0000] {logging_mixin.py:188} INFO - [2026-01-02T21:45:17.831+0000] {dag.py:3954} INFO - Setting next_dagrun for update_db to 2026-01-02 15:00:00+00:00, run_after=2026-01-03 15:00:00+00:00
[2026-01-02T21:45:17.839+0000] {logging_mixin.py:188} INFO - [2026-01-02T21:45:17.839+0000] {dag.py:3954} INFO - Setting next_dagrun for youtube_video_stats to 2026-01-02 14:00:00+00:00, run_after=2026-01-03 14:00:00+00:00
[2026-01-02T21:45:17.872+0000] {processor.py:183} INFO - Processing /opt/airflow/dags/main.py took 0.309 seconds
[2026-01-02T21:45:48.051+0000] {processor.py:161} INFO - Started process (PID=24406) to work on /opt/airflow/dags/main.py
[2026-01-02T21:45:48.053+0000] {processor.py:830} INFO - Processing file /opt/airflow/dags/main.py for tasks to queue
[2026-01-02T21:45:48.055+0000] {logging_mixin.py:188} INFO - [2026-01-02T21:45:48.055+0000] {dagbag.py:545} INFO - Filling up the DagBag from /opt/airflow/dags/main.py
[2026-01-02T21:45:48.206+0000] {processor.py:840} INFO - DAG(s) 'update_db', 'youtube_video_stats' retrieved from /opt/airflow/dags/main.py
[2026-01-02T21:45:48.250+0000] {logging_mixin.py:188} INFO - [2026-01-02T21:45:48.249+0000] {dag.py:3096} INFO - Sync 2 DAGs
[2026-01-02T21:45:48.286+0000] {logging_mixin.py:188} INFO - [2026-01-02T21:45:48.286+0000] {dag.py:3954} INFO - Setting next_dagrun for update_db to 2026-01-02 15:00:00+00:00, run_after=2026-01-03 15:00:00+00:00
[2026-01-02T21:45:48.294+0000] {logging_mixin.py:188} INFO - [2026-01-02T21:45:48.294+0000] {dag.py:3954} INFO - Setting next_dagrun for youtube_video_stats to 2026-01-02 14:00:00+00:00, run_after=2026-01-03 14:00:00+00:00
[2026-01-02T21:45:48.316+0000] {processor.py:183} INFO - Processing /opt/airflow/dags/main.py took 0.273 seconds
[2026-01-02T21:46:18.451+0000] {processor.py:161} INFO - Started process (PID=24413) to work on /opt/airflow/dags/main.py
[2026-01-02T21:46:18.452+0000] {processor.py:830} INFO - Processing file /opt/airflow/dags/main.py for tasks to queue
[2026-01-02T21:46:18.455+0000] {logging_mixin.py:188} INFO - [2026-01-02T21:46:18.455+0000] {dagbag.py:545} INFO - Filling up the DagBag from /opt/airflow/dags/main.py
[2026-01-02T21:46:18.615+0000] {processor.py:840} INFO - DAG(s) 'update_db', 'youtube_video_stats' retrieved from /opt/airflow/dags/main.py
[2026-01-02T21:46:18.660+0000] {logging_mixin.py:188} INFO - [2026-01-02T21:46:18.659+0000] {dag.py:3096} INFO - Sync 2 DAGs
[2026-01-02T21:46:18.692+0000] {logging_mixin.py:188} INFO - [2026-01-02T21:46:18.692+0000] {dag.py:3954} INFO - Setting next_dagrun for update_db to 2026-01-02 15:00:00+00:00, run_after=2026-01-03 15:00:00+00:00
[2026-01-02T21:46:18.701+0000] {logging_mixin.py:188} INFO - [2026-01-02T21:46:18.701+0000] {dag.py:3954} INFO - Setting next_dagrun for youtube_video_stats to 2026-01-02 14:00:00+00:00, run_after=2026-01-03 14:00:00+00:00
[2026-01-02T21:46:18.729+0000] {processor.py:183} INFO - Processing /opt/airflow/dags/main.py took 0.287 seconds
[2026-01-02T21:46:48.948+0000] {processor.py:161} INFO - Started process (PID=24420) to work on /opt/airflow/dags/main.py
[2026-01-02T21:46:48.950+0000] {processor.py:830} INFO - Processing file /opt/airflow/dags/main.py for tasks to queue
[2026-01-02T21:46:48.951+0000] {logging_mixin.py:188} INFO - [2026-01-02T21:46:48.951+0000] {dagbag.py:545} INFO - Filling up the DagBag from /opt/airflow/dags/main.py
[2026-01-02T21:46:49.173+0000] {processor.py:840} INFO - DAG(s) 'update_db', 'youtube_video_stats' retrieved from /opt/airflow/dags/main.py
[2026-01-02T21:46:49.217+0000] {logging_mixin.py:188} INFO - [2026-01-02T21:46:49.217+0000] {dag.py:3096} INFO - Sync 2 DAGs
[2026-01-02T21:46:49.248+0000] {logging_mixin.py:188} INFO - [2026-01-02T21:46:49.247+0000] {dag.py:3954} INFO - Setting next_dagrun for update_db to 2026-01-02 15:00:00+00:00, run_after=2026-01-03 15:00:00+00:00
[2026-01-02T21:46:49.254+0000] {logging_mixin.py:188} INFO - [2026-01-02T21:46:49.254+0000] {dag.py:3954} INFO - Setting next_dagrun for youtube_video_stats to 2026-01-02 14:00:00+00:00, run_after=2026-01-03 14:00:00+00:00
[2026-01-02T21:46:49.284+0000] {processor.py:183} INFO - Processing /opt/airflow/dags/main.py took 0.344 seconds
[2026-01-02T21:47:19.632+0000] {processor.py:161} INFO - Started process (PID=24427) to work on /opt/airflow/dags/main.py
[2026-01-02T21:47:19.634+0000] {processor.py:830} INFO - Processing file /opt/airflow/dags/main.py for tasks to queue
[2026-01-02T21:47:19.636+0000] {logging_mixin.py:188} INFO - [2026-01-02T21:47:19.636+0000] {dagbag.py:545} INFO - Filling up the DagBag from /opt/airflow/dags/main.py
[2026-01-02T21:47:19.840+0000] {processor.py:840} INFO - DAG(s) 'update_db', 'youtube_video_stats' retrieved from /opt/airflow/dags/main.py
[2026-01-02T21:47:19.880+0000] {logging_mixin.py:188} INFO - [2026-01-02T21:47:19.880+0000] {dag.py:3096} INFO - Sync 2 DAGs
[2026-01-02T21:47:19.913+0000] {logging_mixin.py:188} INFO - [2026-01-02T21:47:19.913+0000] {dag.py:3954} INFO - Setting next_dagrun for update_db to 2026-01-02 15:00:00+00:00, run_after=2026-01-03 15:00:00+00:00
[2026-01-02T21:47:19.920+0000] {logging_mixin.py:188} INFO - [2026-01-02T21:47:19.920+0000] {dag.py:3954} INFO - Setting next_dagrun for youtube_video_stats to 2026-01-02 14:00:00+00:00, run_after=2026-01-03 14:00:00+00:00
[2026-01-02T21:47:19.949+0000] {processor.py:183} INFO - Processing /opt/airflow/dags/main.py took 0.325 seconds
[2026-01-02T21:47:50.286+0000] {processor.py:161} INFO - Started process (PID=24434) to work on /opt/airflow/dags/main.py
[2026-01-02T21:47:50.288+0000] {processor.py:830} INFO - Processing file /opt/airflow/dags/main.py for tasks to queue
[2026-01-02T21:47:50.290+0000] {logging_mixin.py:188} INFO - [2026-01-02T21:47:50.289+0000] {dagbag.py:545} INFO - Filling up the DagBag from /opt/airflow/dags/main.py
[2026-01-02T21:47:50.517+0000] {processor.py:840} INFO - DAG(s) 'update_db', 'youtube_video_stats' retrieved from /opt/airflow/dags/main.py
[2026-01-02T21:47:50.560+0000] {logging_mixin.py:188} INFO - [2026-01-02T21:47:50.560+0000] {dag.py:3096} INFO - Sync 2 DAGs
[2026-01-02T21:47:50.586+0000] {logging_mixin.py:188} INFO - [2026-01-02T21:47:50.586+0000] {dag.py:3954} INFO - Setting next_dagrun for update_db to 2026-01-02 15:00:00+00:00, run_after=2026-01-03 15:00:00+00:00
[2026-01-02T21:47:50.592+0000] {logging_mixin.py:188} INFO - [2026-01-02T21:47:50.592+0000] {dag.py:3954} INFO - Setting next_dagrun for youtube_video_stats to 2026-01-02 14:00:00+00:00, run_after=2026-01-03 14:00:00+00:00
[2026-01-02T21:47:50.615+0000] {processor.py:183} INFO - Processing /opt/airflow/dags/main.py took 0.339 seconds
[2026-01-02T21:48:20.929+0000] {processor.py:161} INFO - Started process (PID=24441) to work on /opt/airflow/dags/main.py
[2026-01-02T21:48:20.932+0000] {processor.py:830} INFO - Processing file /opt/airflow/dags/main.py for tasks to queue
[2026-01-02T21:48:20.935+0000] {logging_mixin.py:188} INFO - [2026-01-02T21:48:20.934+0000] {dagbag.py:545} INFO - Filling up the DagBag from /opt/airflow/dags/main.py
[2026-01-02T21:48:21.059+0000] {processor.py:840} INFO - DAG(s) 'update_db', 'youtube_video_stats' retrieved from /opt/airflow/dags/main.py
[2026-01-02T21:48:21.102+0000] {logging_mixin.py:188} INFO - [2026-01-02T21:48:21.101+0000] {dag.py:3096} INFO - Sync 2 DAGs
[2026-01-02T21:48:21.134+0000] {logging_mixin.py:188} INFO - [2026-01-02T21:48:21.134+0000] {dag.py:3954} INFO - Setting next_dagrun for update_db to 2026-01-02 15:00:00+00:00, run_after=2026-01-03 15:00:00+00:00
[2026-01-02T21:48:21.142+0000] {logging_mixin.py:188} INFO - [2026-01-02T21:48:21.142+0000] {dag.py:3954} INFO - Setting next_dagrun for youtube_video_stats to 2026-01-02 14:00:00+00:00, run_after=2026-01-03 14:00:00+00:00
[2026-01-02T21:48:21.165+0000] {processor.py:183} INFO - Processing /opt/airflow/dags/main.py took 0.247 seconds
[2026-01-02T21:48:51.227+0000] {processor.py:161} INFO - Started process (PID=24448) to work on /opt/airflow/dags/main.py
[2026-01-02T21:48:51.229+0000] {processor.py:830} INFO - Processing file /opt/airflow/dags/main.py for tasks to queue
[2026-01-02T21:48:51.230+0000] {logging_mixin.py:188} INFO - [2026-01-02T21:48:51.230+0000] {dagbag.py:545} INFO - Filling up the DagBag from /opt/airflow/dags/main.py
[2026-01-02T21:48:51.404+0000] {processor.py:840} INFO - DAG(s) 'youtube_video_stats', 'update_db' retrieved from /opt/airflow/dags/main.py
[2026-01-02T21:48:51.451+0000] {logging_mixin.py:188} INFO - [2026-01-02T21:48:51.450+0000] {dag.py:3096} INFO - Sync 2 DAGs
[2026-01-02T21:48:51.486+0000] {logging_mixin.py:188} INFO - [2026-01-02T21:48:51.485+0000] {dag.py:3954} INFO - Setting next_dagrun for update_db to 2026-01-02 15:00:00+00:00, run_after=2026-01-03 15:00:00+00:00
[2026-01-02T21:48:51.494+0000] {logging_mixin.py:188} INFO - [2026-01-02T21:48:51.493+0000] {dag.py:3954} INFO - Setting next_dagrun for youtube_video_stats to 2026-01-02 14:00:00+00:00, run_after=2026-01-03 14:00:00+00:00
[2026-01-02T21:48:51.519+0000] {processor.py:183} INFO - Processing /opt/airflow/dags/main.py took 0.300 seconds
[2026-01-02T21:49:21.808+0000] {processor.py:161} INFO - Started process (PID=24455) to work on /opt/airflow/dags/main.py
[2026-01-02T21:49:21.810+0000] {processor.py:830} INFO - Processing file /opt/airflow/dags/main.py for tasks to queue
[2026-01-02T21:49:21.812+0000] {logging_mixin.py:188} INFO - [2026-01-02T21:49:21.811+0000] {dagbag.py:545} INFO - Filling up the DagBag from /opt/airflow/dags/main.py
[2026-01-02T21:49:22.073+0000] {processor.py:840} INFO - DAG(s) 'youtube_video_stats', 'update_db' retrieved from /opt/airflow/dags/main.py
[2026-01-02T21:49:22.121+0000] {logging_mixin.py:188} INFO - [2026-01-02T21:49:22.120+0000] {dag.py:3096} INFO - Sync 2 DAGs
[2026-01-02T21:49:22.150+0000] {logging_mixin.py:188} INFO - [2026-01-02T21:49:22.150+0000] {dag.py:3954} INFO - Setting next_dagrun for update_db to 2026-01-02 15:00:00+00:00, run_after=2026-01-03 15:00:00+00:00
[2026-01-02T21:49:22.156+0000] {logging_mixin.py:188} INFO - [2026-01-02T21:49:22.156+0000] {dag.py:3954} INFO - Setting next_dagrun for youtube_video_stats to 2026-01-02 14:00:00+00:00, run_after=2026-01-03 14:00:00+00:00
[2026-01-02T21:49:22.180+0000] {processor.py:183} INFO - Processing /opt/airflow/dags/main.py took 0.379 seconds
[2026-01-02T21:49:52.653+0000] {processor.py:161} INFO - Started process (PID=24462) to work on /opt/airflow/dags/main.py
[2026-01-02T21:49:52.656+0000] {processor.py:830} INFO - Processing file /opt/airflow/dags/main.py for tasks to queue
[2026-01-02T21:49:52.658+0000] {logging_mixin.py:188} INFO - [2026-01-02T21:49:52.657+0000] {dagbag.py:545} INFO - Filling up the DagBag from /opt/airflow/dags/main.py
[2026-01-02T21:49:52.814+0000] {processor.py:840} INFO - DAG(s) 'youtube_video_stats', 'update_db' retrieved from /opt/airflow/dags/main.py
[2026-01-02T21:49:52.876+0000] {logging_mixin.py:188} INFO - [2026-01-02T21:49:52.875+0000] {dag.py:3096} INFO - Sync 2 DAGs
[2026-01-02T21:49:52.913+0000] {logging_mixin.py:188} INFO - [2026-01-02T21:49:52.912+0000] {dag.py:3954} INFO - Setting next_dagrun for update_db to 2026-01-02 15:00:00+00:00, run_after=2026-01-03 15:00:00+00:00
[2026-01-02T21:49:52.920+0000] {logging_mixin.py:188} INFO - [2026-01-02T21:49:52.920+0000] {dag.py:3954} INFO - Setting next_dagrun for youtube_video_stats to 2026-01-02 14:00:00+00:00, run_after=2026-01-03 14:00:00+00:00
[2026-01-02T21:49:52.952+0000] {processor.py:183} INFO - Processing /opt/airflow/dags/main.py took 0.310 seconds
[2026-01-02T21:50:23.255+0000] {processor.py:161} INFO - Started process (PID=24469) to work on /opt/airflow/dags/main.py
[2026-01-02T21:50:23.257+0000] {processor.py:830} INFO - Processing file /opt/airflow/dags/main.py for tasks to queue
[2026-01-02T21:50:23.259+0000] {logging_mixin.py:188} INFO - [2026-01-02T21:50:23.258+0000] {dagbag.py:545} INFO - Filling up the DagBag from /opt/airflow/dags/main.py
[2026-01-02T21:50:23.402+0000] {processor.py:840} INFO - DAG(s) 'youtube_video_stats', 'update_db' retrieved from /opt/airflow/dags/main.py
[2026-01-02T21:50:23.469+0000] {logging_mixin.py:188} INFO - [2026-01-02T21:50:23.469+0000] {dag.py:3096} INFO - Sync 2 DAGs
[2026-01-02T21:50:23.500+0000] {logging_mixin.py:188} INFO - [2026-01-02T21:50:23.500+0000] {dag.py:3954} INFO - Setting next_dagrun for update_db to 2026-01-02 15:00:00+00:00, run_after=2026-01-03 15:00:00+00:00
[2026-01-02T21:50:23.508+0000] {logging_mixin.py:188} INFO - [2026-01-02T21:50:23.507+0000] {dag.py:3954} INFO - Setting next_dagrun for youtube_video_stats to 2026-01-02 14:00:00+00:00, run_after=2026-01-03 14:00:00+00:00
[2026-01-02T21:50:23.540+0000] {processor.py:183} INFO - Processing /opt/airflow/dags/main.py took 0.295 seconds
[2026-01-02T21:50:53.816+0000] {processor.py:161} INFO - Started process (PID=24476) to work on /opt/airflow/dags/main.py
[2026-01-02T21:50:53.817+0000] {processor.py:830} INFO - Processing file /opt/airflow/dags/main.py for tasks to queue
[2026-01-02T21:50:53.819+0000] {logging_mixin.py:188} INFO - [2026-01-02T21:50:53.819+0000] {dagbag.py:545} INFO - Filling up the DagBag from /opt/airflow/dags/main.py
[2026-01-02T21:50:54.031+0000] {processor.py:840} INFO - DAG(s) 'youtube_video_stats', 'update_db' retrieved from /opt/airflow/dags/main.py
[2026-01-02T21:50:54.075+0000] {logging_mixin.py:188} INFO - [2026-01-02T21:50:54.075+0000] {dag.py:3096} INFO - Sync 2 DAGs
[2026-01-02T21:50:54.105+0000] {logging_mixin.py:188} INFO - [2026-01-02T21:50:54.104+0000] {dag.py:3954} INFO - Setting next_dagrun for update_db to 2026-01-02 15:00:00+00:00, run_after=2026-01-03 15:00:00+00:00
[2026-01-02T21:50:54.111+0000] {logging_mixin.py:188} INFO - [2026-01-02T21:50:54.111+0000] {dag.py:3954} INFO - Setting next_dagrun for youtube_video_stats to 2026-01-02 14:00:00+00:00, run_after=2026-01-03 14:00:00+00:00
[2026-01-02T21:50:54.134+0000] {processor.py:183} INFO - Processing /opt/airflow/dags/main.py took 0.326 seconds
[2026-01-02T21:51:24.483+0000] {processor.py:161} INFO - Started process (PID=24483) to work on /opt/airflow/dags/main.py
[2026-01-02T21:51:24.485+0000] {processor.py:830} INFO - Processing file /opt/airflow/dags/main.py for tasks to queue
[2026-01-02T21:51:24.487+0000] {logging_mixin.py:188} INFO - [2026-01-02T21:51:24.486+0000] {dagbag.py:545} INFO - Filling up the DagBag from /opt/airflow/dags/main.py
[2026-01-02T21:51:24.681+0000] {processor.py:840} INFO - DAG(s) 'update_db', 'youtube_video_stats' retrieved from /opt/airflow/dags/main.py
[2026-01-02T21:51:24.731+0000] {logging_mixin.py:188} INFO - [2026-01-02T21:51:24.731+0000] {dag.py:3096} INFO - Sync 2 DAGs
[2026-01-02T21:51:24.768+0000] {logging_mixin.py:188} INFO - [2026-01-02T21:51:24.768+0000] {dag.py:3954} INFO - Setting next_dagrun for update_db to 2026-01-02 15:00:00+00:00, run_after=2026-01-03 15:00:00+00:00
[2026-01-02T21:51:24.777+0000] {logging_mixin.py:188} INFO - [2026-01-02T21:51:24.777+0000] {dag.py:3954} INFO - Setting next_dagrun for youtube_video_stats to 2026-01-02 14:00:00+00:00, run_after=2026-01-03 14:00:00+00:00
[2026-01-02T21:51:24.804+0000] {processor.py:183} INFO - Processing /opt/airflow/dags/main.py took 0.329 seconds
[2026-01-02T21:51:55.157+0000] {processor.py:161} INFO - Started process (PID=24490) to work on /opt/airflow/dags/main.py
[2026-01-02T21:51:55.159+0000] {processor.py:830} INFO - Processing file /opt/airflow/dags/main.py for tasks to queue
[2026-01-02T21:51:55.160+0000] {logging_mixin.py:188} INFO - [2026-01-02T21:51:55.160+0000] {dagbag.py:545} INFO - Filling up the DagBag from /opt/airflow/dags/main.py
[2026-01-02T21:51:55.383+0000] {processor.py:840} INFO - DAG(s) 'youtube_video_stats', 'update_db' retrieved from /opt/airflow/dags/main.py
[2026-01-02T21:51:55.427+0000] {logging_mixin.py:188} INFO - [2026-01-02T21:51:55.427+0000] {dag.py:3096} INFO - Sync 2 DAGs
[2026-01-02T21:51:55.460+0000] {logging_mixin.py:188} INFO - [2026-01-02T21:51:55.460+0000] {dag.py:3954} INFO - Setting next_dagrun for update_db to 2026-01-02 15:00:00+00:00, run_after=2026-01-03 15:00:00+00:00
[2026-01-02T21:51:55.468+0000] {logging_mixin.py:188} INFO - [2026-01-02T21:51:55.468+0000] {dag.py:3954} INFO - Setting next_dagrun for youtube_video_stats to 2026-01-02 14:00:00+00:00, run_after=2026-01-03 14:00:00+00:00
[2026-01-02T21:51:55.500+0000] {processor.py:183} INFO - Processing /opt/airflow/dags/main.py took 0.350 seconds
[2026-01-02T21:52:25.836+0000] {processor.py:161} INFO - Started process (PID=24497) to work on /opt/airflow/dags/main.py
[2026-01-02T21:52:25.838+0000] {processor.py:830} INFO - Processing file /opt/airflow/dags/main.py for tasks to queue
[2026-01-02T21:52:25.839+0000] {logging_mixin.py:188} INFO - [2026-01-02T21:52:25.839+0000] {dagbag.py:545} INFO - Filling up the DagBag from /opt/airflow/dags/main.py
[2026-01-02T21:52:26.033+0000] {processor.py:840} INFO - DAG(s) 'youtube_video_stats', 'update_db' retrieved from /opt/airflow/dags/main.py
[2026-01-02T21:52:26.119+0000] {logging_mixin.py:188} INFO - [2026-01-02T21:52:26.118+0000] {dag.py:3096} INFO - Sync 2 DAGs
[2026-01-02T21:52:26.148+0000] {logging_mixin.py:188} INFO - [2026-01-02T21:52:26.148+0000] {dag.py:3954} INFO - Setting next_dagrun for update_db to 2026-01-02 15:00:00+00:00, run_after=2026-01-03 15:00:00+00:00
[2026-01-02T21:52:26.155+0000] {logging_mixin.py:188} INFO - [2026-01-02T21:52:26.155+0000] {dag.py:3954} INFO - Setting next_dagrun for youtube_video_stats to 2026-01-02 14:00:00+00:00, run_after=2026-01-03 14:00:00+00:00
[2026-01-02T21:52:26.177+0000] {processor.py:183} INFO - Processing /opt/airflow/dags/main.py took 0.349 seconds
[2026-01-02T21:52:56.498+0000] {processor.py:161} INFO - Started process (PID=24504) to work on /opt/airflow/dags/main.py
[2026-01-02T21:52:56.500+0000] {processor.py:830} INFO - Processing file /opt/airflow/dags/main.py for tasks to queue
[2026-01-02T21:52:56.502+0000] {logging_mixin.py:188} INFO - [2026-01-02T21:52:56.501+0000] {dagbag.py:545} INFO - Filling up the DagBag from /opt/airflow/dags/main.py
[2026-01-02T21:52:56.706+0000] {processor.py:840} INFO - DAG(s) 'youtube_video_stats', 'update_db' retrieved from /opt/airflow/dags/main.py
[2026-01-02T21:52:56.755+0000] {logging_mixin.py:188} INFO - [2026-01-02T21:52:56.754+0000] {dag.py:3096} INFO - Sync 2 DAGs
[2026-01-02T21:52:56.783+0000] {logging_mixin.py:188} INFO - [2026-01-02T21:52:56.782+0000] {dag.py:3954} INFO - Setting next_dagrun for update_db to 2026-01-02 15:00:00+00:00, run_after=2026-01-03 15:00:00+00:00
[2026-01-02T21:52:56.789+0000] {logging_mixin.py:188} INFO - [2026-01-02T21:52:56.789+0000] {dag.py:3954} INFO - Setting next_dagrun for youtube_video_stats to 2026-01-02 14:00:00+00:00, run_after=2026-01-03 14:00:00+00:00
[2026-01-02T21:52:56.819+0000] {processor.py:183} INFO - Processing /opt/airflow/dags/main.py took 0.329 seconds
[2026-01-02T21:53:27.169+0000] {processor.py:161} INFO - Started process (PID=24511) to work on /opt/airflow/dags/main.py
[2026-01-02T21:53:27.171+0000] {processor.py:830} INFO - Processing file /opt/airflow/dags/main.py for tasks to queue
[2026-01-02T21:53:27.173+0000] {logging_mixin.py:188} INFO - [2026-01-02T21:53:27.173+0000] {dagbag.py:545} INFO - Filling up the DagBag from /opt/airflow/dags/main.py
[2026-01-02T21:53:27.393+0000] {processor.py:840} INFO - DAG(s) 'update_db', 'youtube_video_stats' retrieved from /opt/airflow/dags/main.py
[2026-01-02T21:53:27.433+0000] {logging_mixin.py:188} INFO - [2026-01-02T21:53:27.432+0000] {dag.py:3096} INFO - Sync 2 DAGs
[2026-01-02T21:53:27.459+0000] {logging_mixin.py:188} INFO - [2026-01-02T21:53:27.458+0000] {dag.py:3954} INFO - Setting next_dagrun for update_db to 2026-01-02 15:00:00+00:00, run_after=2026-01-03 15:00:00+00:00
[2026-01-02T21:53:27.466+0000] {logging_mixin.py:188} INFO - [2026-01-02T21:53:27.466+0000] {dag.py:3954} INFO - Setting next_dagrun for youtube_video_stats to 2026-01-02 14:00:00+00:00, run_after=2026-01-03 14:00:00+00:00
[2026-01-02T21:53:27.487+0000] {processor.py:183} INFO - Processing /opt/airflow/dags/main.py took 0.327 seconds
[2026-01-02T21:53:57.792+0000] {processor.py:161} INFO - Started process (PID=24518) to work on /opt/airflow/dags/main.py
[2026-01-02T21:53:57.794+0000] {processor.py:830} INFO - Processing file /opt/airflow/dags/main.py for tasks to queue
[2026-01-02T21:53:57.795+0000] {logging_mixin.py:188} INFO - [2026-01-02T21:53:57.795+0000] {dagbag.py:545} INFO - Filling up the DagBag from /opt/airflow/dags/main.py
[2026-01-02T21:53:57.953+0000] {processor.py:840} INFO - DAG(s) 'youtube_video_stats', 'update_db' retrieved from /opt/airflow/dags/main.py
[2026-01-02T21:53:58.000+0000] {logging_mixin.py:188} INFO - [2026-01-02T21:53:58.000+0000] {dag.py:3096} INFO - Sync 2 DAGs
[2026-01-02T21:53:58.032+0000] {logging_mixin.py:188} INFO - [2026-01-02T21:53:58.032+0000] {dag.py:3954} INFO - Setting next_dagrun for update_db to 2026-01-02 15:00:00+00:00, run_after=2026-01-03 15:00:00+00:00
[2026-01-02T21:53:58.039+0000] {logging_mixin.py:188} INFO - [2026-01-02T21:53:58.039+0000] {dag.py:3954} INFO - Setting next_dagrun for youtube_video_stats to 2026-01-02 14:00:00+00:00, run_after=2026-01-03 14:00:00+00:00
[2026-01-02T21:53:58.068+0000] {processor.py:183} INFO - Processing /opt/airflow/dags/main.py took 0.284 seconds
[2026-01-02T21:54:28.462+0000] {processor.py:161} INFO - Started process (PID=24525) to work on /opt/airflow/dags/main.py
[2026-01-02T21:54:28.464+0000] {processor.py:830} INFO - Processing file /opt/airflow/dags/main.py for tasks to queue
[2026-01-02T21:54:28.466+0000] {logging_mixin.py:188} INFO - [2026-01-02T21:54:28.465+0000] {dagbag.py:545} INFO - Filling up the DagBag from /opt/airflow/dags/main.py
[2026-01-02T21:54:28.685+0000] {processor.py:840} INFO - DAG(s) 'update_db', 'youtube_video_stats' retrieved from /opt/airflow/dags/main.py
[2026-01-02T21:54:28.725+0000] {logging_mixin.py:188} INFO - [2026-01-02T21:54:28.724+0000] {dag.py:3096} INFO - Sync 2 DAGs
[2026-01-02T21:54:28.755+0000] {logging_mixin.py:188} INFO - [2026-01-02T21:54:28.755+0000] {dag.py:3954} INFO - Setting next_dagrun for update_db to 2026-01-02 15:00:00+00:00, run_after=2026-01-03 15:00:00+00:00
[2026-01-02T21:54:28.761+0000] {logging_mixin.py:188} INFO - [2026-01-02T21:54:28.761+0000] {dag.py:3954} INFO - Setting next_dagrun for youtube_video_stats to 2026-01-02 14:00:00+00:00, run_after=2026-01-03 14:00:00+00:00
[2026-01-02T21:54:28.788+0000] {processor.py:183} INFO - Processing /opt/airflow/dags/main.py took 0.334 seconds
[2026-01-02T21:54:58.966+0000] {processor.py:161} INFO - Started process (PID=24532) to work on /opt/airflow/dags/main.py
[2026-01-02T21:54:58.968+0000] {processor.py:830} INFO - Processing file /opt/airflow/dags/main.py for tasks to queue
[2026-01-02T21:54:58.970+0000] {logging_mixin.py:188} INFO - [2026-01-02T21:54:58.970+0000] {dagbag.py:545} INFO - Filling up the DagBag from /opt/airflow/dags/main.py
[2026-01-02T21:54:59.105+0000] {processor.py:840} INFO - DAG(s) 'update_db', 'youtube_video_stats' retrieved from /opt/airflow/dags/main.py
[2026-01-02T21:54:59.143+0000] {logging_mixin.py:188} INFO - [2026-01-02T21:54:59.142+0000] {dag.py:3096} INFO - Sync 2 DAGs
[2026-01-02T21:54:59.171+0000] {logging_mixin.py:188} INFO - [2026-01-02T21:54:59.171+0000] {dag.py:3954} INFO - Setting next_dagrun for update_db to 2026-01-02 15:00:00+00:00, run_after=2026-01-03 15:00:00+00:00
[2026-01-02T21:54:59.178+0000] {logging_mixin.py:188} INFO - [2026-01-02T21:54:59.177+0000] {dag.py:3954} INFO - Setting next_dagrun for youtube_video_stats to 2026-01-02 14:00:00+00:00, run_after=2026-01-03 14:00:00+00:00
[2026-01-02T21:54:59.208+0000] {processor.py:183} INFO - Processing /opt/airflow/dags/main.py took 0.253 seconds
[2026-01-02T21:55:29.404+0000] {processor.py:161} INFO - Started process (PID=24539) to work on /opt/airflow/dags/main.py
[2026-01-02T21:55:29.406+0000] {processor.py:830} INFO - Processing file /opt/airflow/dags/main.py for tasks to queue
[2026-01-02T21:55:29.408+0000] {logging_mixin.py:188} INFO - [2026-01-02T21:55:29.407+0000] {dagbag.py:545} INFO - Filling up the DagBag from /opt/airflow/dags/main.py
[2026-01-02T21:55:29.594+0000] {processor.py:840} INFO - DAG(s) 'youtube_video_stats', 'update_db' retrieved from /opt/airflow/dags/main.py
[2026-01-02T21:55:29.637+0000] {logging_mixin.py:188} INFO - [2026-01-02T21:55:29.637+0000] {dag.py:3096} INFO - Sync 2 DAGs
[2026-01-02T21:55:29.666+0000] {logging_mixin.py:188} INFO - [2026-01-02T21:55:29.665+0000] {dag.py:3954} INFO - Setting next_dagrun for update_db to 2026-01-02 15:00:00+00:00, run_after=2026-01-03 15:00:00+00:00
[2026-01-02T21:55:29.672+0000] {logging_mixin.py:188} INFO - [2026-01-02T21:55:29.672+0000] {dag.py:3954} INFO - Setting next_dagrun for youtube_video_stats to 2026-01-02 14:00:00+00:00, run_after=2026-01-03 14:00:00+00:00
[2026-01-02T21:55:29.696+0000] {processor.py:183} INFO - Processing /opt/airflow/dags/main.py took 0.302 seconds
[2026-01-02T21:55:59.829+0000] {processor.py:161} INFO - Started process (PID=24546) to work on /opt/airflow/dags/main.py
[2026-01-02T21:55:59.831+0000] {processor.py:830} INFO - Processing file /opt/airflow/dags/main.py for tasks to queue
[2026-01-02T21:55:59.833+0000] {logging_mixin.py:188} INFO - [2026-01-02T21:55:59.832+0000] {dagbag.py:545} INFO - Filling up the DagBag from /opt/airflow/dags/main.py
[2026-01-02T21:55:59.999+0000] {processor.py:840} INFO - DAG(s) 'update_db', 'youtube_video_stats' retrieved from /opt/airflow/dags/main.py
[2026-01-02T21:56:00.065+0000] {logging_mixin.py:188} INFO - [2026-01-02T21:56:00.065+0000] {dag.py:3096} INFO - Sync 2 DAGs
[2026-01-02T21:56:00.099+0000] {logging_mixin.py:188} INFO - [2026-01-02T21:56:00.099+0000] {dag.py:3954} INFO - Setting next_dagrun for update_db to 2026-01-02 15:00:00+00:00, run_after=2026-01-03 15:00:00+00:00
[2026-01-02T21:56:00.109+0000] {logging_mixin.py:188} INFO - [2026-01-02T21:56:00.109+0000] {dag.py:3954} INFO - Setting next_dagrun for youtube_video_stats to 2026-01-02 14:00:00+00:00, run_after=2026-01-03 14:00:00+00:00
[2026-01-02T21:56:00.135+0000] {processor.py:183} INFO - Processing /opt/airflow/dags/main.py took 0.319 seconds
[2026-01-02T21:56:30.330+0000] {processor.py:161} INFO - Started process (PID=24553) to work on /opt/airflow/dags/main.py
[2026-01-02T21:56:30.332+0000] {processor.py:830} INFO - Processing file /opt/airflow/dags/main.py for tasks to queue
[2026-01-02T21:56:30.333+0000] {logging_mixin.py:188} INFO - [2026-01-02T21:56:30.333+0000] {dagbag.py:545} INFO - Filling up the DagBag from /opt/airflow/dags/main.py
[2026-01-02T21:56:30.478+0000] {processor.py:840} INFO - DAG(s) 'update_db', 'youtube_video_stats' retrieved from /opt/airflow/dags/main.py
[2026-01-02T21:56:30.533+0000] {logging_mixin.py:188} INFO - [2026-01-02T21:56:30.532+0000] {dag.py:3096} INFO - Sync 2 DAGs
[2026-01-02T21:56:30.573+0000] {logging_mixin.py:188} INFO - [2026-01-02T21:56:30.572+0000] {dag.py:3954} INFO - Setting next_dagrun for update_db to 2026-01-02 15:00:00+00:00, run_after=2026-01-03 15:00:00+00:00
[2026-01-02T21:56:30.583+0000] {logging_mixin.py:188} INFO - [2026-01-02T21:56:30.582+0000] {dag.py:3954} INFO - Setting next_dagrun for youtube_video_stats to 2026-01-02 14:00:00+00:00, run_after=2026-01-03 14:00:00+00:00
[2026-01-02T21:56:30.614+0000] {processor.py:183} INFO - Processing /opt/airflow/dags/main.py took 0.292 seconds
[2026-01-02T21:57:00.810+0000] {processor.py:161} INFO - Started process (PID=24560) to work on /opt/airflow/dags/main.py
[2026-01-02T21:57:00.812+0000] {processor.py:830} INFO - Processing file /opt/airflow/dags/main.py for tasks to queue
[2026-01-02T21:57:00.814+0000] {logging_mixin.py:188} INFO - [2026-01-02T21:57:00.814+0000] {dagbag.py:545} INFO - Filling up the DagBag from /opt/airflow/dags/main.py
[2026-01-02T21:57:01.012+0000] {processor.py:840} INFO - DAG(s) 'youtube_video_stats', 'update_db' retrieved from /opt/airflow/dags/main.py
[2026-01-02T21:57:01.056+0000] {logging_mixin.py:188} INFO - [2026-01-02T21:57:01.056+0000] {dag.py:3096} INFO - Sync 2 DAGs
[2026-01-02T21:57:01.084+0000] {logging_mixin.py:188} INFO - [2026-01-02T21:57:01.084+0000] {dag.py:3954} INFO - Setting next_dagrun for update_db to 2026-01-02 15:00:00+00:00, run_after=2026-01-03 15:00:00+00:00
[2026-01-02T21:57:01.093+0000] {logging_mixin.py:188} INFO - [2026-01-02T21:57:01.093+0000] {dag.py:3954} INFO - Setting next_dagrun for youtube_video_stats to 2026-01-02 14:00:00+00:00, run_after=2026-01-03 14:00:00+00:00
[2026-01-02T21:57:01.117+0000] {processor.py:183} INFO - Processing /opt/airflow/dags/main.py took 0.314 seconds
[2026-01-02T21:57:31.260+0000] {processor.py:161} INFO - Started process (PID=24567) to work on /opt/airflow/dags/main.py
[2026-01-02T21:57:31.262+0000] {processor.py:830} INFO - Processing file /opt/airflow/dags/main.py for tasks to queue
[2026-01-02T21:57:31.264+0000] {logging_mixin.py:188} INFO - [2026-01-02T21:57:31.263+0000] {dagbag.py:545} INFO - Filling up the DagBag from /opt/airflow/dags/main.py
[2026-01-02T21:57:31.445+0000] {processor.py:840} INFO - DAG(s) 'update_db', 'youtube_video_stats' retrieved from /opt/airflow/dags/main.py
[2026-01-02T21:57:31.486+0000] {logging_mixin.py:188} INFO - [2026-01-02T21:57:31.486+0000] {dag.py:3096} INFO - Sync 2 DAGs
[2026-01-02T21:57:31.516+0000] {logging_mixin.py:188} INFO - [2026-01-02T21:57:31.515+0000] {dag.py:3954} INFO - Setting next_dagrun for update_db to 2026-01-02 15:00:00+00:00, run_after=2026-01-03 15:00:00+00:00
[2026-01-02T21:57:31.522+0000] {logging_mixin.py:188} INFO - [2026-01-02T21:57:31.522+0000] {dag.py:3954} INFO - Setting next_dagrun for youtube_video_stats to 2026-01-02 14:00:00+00:00, run_after=2026-01-03 14:00:00+00:00
[2026-01-02T21:57:31.552+0000] {processor.py:183} INFO - Processing /opt/airflow/dags/main.py took 0.301 seconds
[2026-01-02T21:58:01.702+0000] {processor.py:161} INFO - Started process (PID=24574) to work on /opt/airflow/dags/main.py
[2026-01-02T21:58:01.704+0000] {processor.py:830} INFO - Processing file /opt/airflow/dags/main.py for tasks to queue
[2026-01-02T21:58:01.705+0000] {logging_mixin.py:188} INFO - [2026-01-02T21:58:01.705+0000] {dagbag.py:545} INFO - Filling up the DagBag from /opt/airflow/dags/main.py
[2026-01-02T21:58:01.898+0000] {processor.py:840} INFO - DAG(s) 'youtube_video_stats', 'update_db' retrieved from /opt/airflow/dags/main.py
[2026-01-02T21:58:01.937+0000] {logging_mixin.py:188} INFO - [2026-01-02T21:58:01.936+0000] {dag.py:3096} INFO - Sync 2 DAGs
[2026-01-02T21:58:01.968+0000] {logging_mixin.py:188} INFO - [2026-01-02T21:58:01.967+0000] {dag.py:3954} INFO - Setting next_dagrun for update_db to 2026-01-02 15:00:00+00:00, run_after=2026-01-03 15:00:00+00:00
[2026-01-02T21:58:01.974+0000] {logging_mixin.py:188} INFO - [2026-01-02T21:58:01.974+0000] {dag.py:3954} INFO - Setting next_dagrun for youtube_video_stats to 2026-01-02 14:00:00+00:00, run_after=2026-01-03 14:00:00+00:00
[2026-01-02T21:58:02.004+0000] {processor.py:183} INFO - Processing /opt/airflow/dags/main.py took 0.309 seconds
[2026-01-02T21:58:32.156+0000] {processor.py:161} INFO - Started process (PID=24581) to work on /opt/airflow/dags/main.py
[2026-01-02T21:58:32.158+0000] {processor.py:830} INFO - Processing file /opt/airflow/dags/main.py for tasks to queue
[2026-01-02T21:58:32.160+0000] {logging_mixin.py:188} INFO - [2026-01-02T21:58:32.160+0000] {dagbag.py:545} INFO - Filling up the DagBag from /opt/airflow/dags/main.py
[2026-01-02T21:58:32.375+0000] {processor.py:840} INFO - DAG(s) 'youtube_video_stats', 'update_db' retrieved from /opt/airflow/dags/main.py
[2026-01-02T21:58:32.422+0000] {logging_mixin.py:188} INFO - [2026-01-02T21:58:32.422+0000] {dag.py:3096} INFO - Sync 2 DAGs
[2026-01-02T21:58:32.449+0000] {logging_mixin.py:188} INFO - [2026-01-02T21:58:32.449+0000] {dag.py:3954} INFO - Setting next_dagrun for update_db to 2026-01-02 15:00:00+00:00, run_after=2026-01-03 15:00:00+00:00
[2026-01-02T21:58:32.456+0000] {logging_mixin.py:188} INFO - [2026-01-02T21:58:32.455+0000] {dag.py:3954} INFO - Setting next_dagrun for youtube_video_stats to 2026-01-02 14:00:00+00:00, run_after=2026-01-03 14:00:00+00:00
[2026-01-02T21:58:32.480+0000] {processor.py:183} INFO - Processing /opt/airflow/dags/main.py took 0.332 seconds
[2026-01-02T21:59:02.654+0000] {processor.py:161} INFO - Started process (PID=24588) to work on /opt/airflow/dags/main.py
[2026-01-02T21:59:02.656+0000] {processor.py:830} INFO - Processing file /opt/airflow/dags/main.py for tasks to queue
[2026-01-02T21:59:02.658+0000] {logging_mixin.py:188} INFO - [2026-01-02T21:59:02.657+0000] {dagbag.py:545} INFO - Filling up the DagBag from /opt/airflow/dags/main.py
[2026-01-02T21:59:02.828+0000] {processor.py:840} INFO - DAG(s) 'update_db', 'youtube_video_stats' retrieved from /opt/airflow/dags/main.py
[2026-01-02T21:59:02.877+0000] {logging_mixin.py:188} INFO - [2026-01-02T21:59:02.876+0000] {dag.py:3096} INFO - Sync 2 DAGs
[2026-01-02T21:59:02.912+0000] {logging_mixin.py:188} INFO - [2026-01-02T21:59:02.912+0000] {dag.py:3954} INFO - Setting next_dagrun for update_db to 2026-01-02 15:00:00+00:00, run_after=2026-01-03 15:00:00+00:00
[2026-01-02T21:59:02.921+0000] {logging_mixin.py:188} INFO - [2026-01-02T21:59:02.921+0000] {dag.py:3954} INFO - Setting next_dagrun for youtube_video_stats to 2026-01-02 14:00:00+00:00, run_after=2026-01-03 14:00:00+00:00
[2026-01-02T21:59:02.947+0000] {processor.py:183} INFO - Processing /opt/airflow/dags/main.py took 0.312 seconds
[2026-01-02T21:59:33.089+0000] {processor.py:161} INFO - Started process (PID=24595) to work on /opt/airflow/dags/main.py
[2026-01-02T21:59:33.091+0000] {processor.py:830} INFO - Processing file /opt/airflow/dags/main.py for tasks to queue
[2026-01-02T21:59:33.093+0000] {logging_mixin.py:188} INFO - [2026-01-02T21:59:33.093+0000] {dagbag.py:545} INFO - Filling up the DagBag from /opt/airflow/dags/main.py
[2026-01-02T21:59:33.292+0000] {processor.py:840} INFO - DAG(s) 'update_db', 'youtube_video_stats' retrieved from /opt/airflow/dags/main.py
[2026-01-02T21:59:33.340+0000] {logging_mixin.py:188} INFO - [2026-01-02T21:59:33.340+0000] {dag.py:3096} INFO - Sync 2 DAGs
[2026-01-02T21:59:33.370+0000] {logging_mixin.py:188} INFO - [2026-01-02T21:59:33.370+0000] {dag.py:3954} INFO - Setting next_dagrun for update_db to 2026-01-02 15:00:00+00:00, run_after=2026-01-03 15:00:00+00:00
[2026-01-02T21:59:33.377+0000] {logging_mixin.py:188} INFO - [2026-01-02T21:59:33.377+0000] {dag.py:3954} INFO - Setting next_dagrun for youtube_video_stats to 2026-01-02 14:00:00+00:00, run_after=2026-01-03 14:00:00+00:00
[2026-01-02T21:59:33.402+0000] {processor.py:183} INFO - Processing /opt/airflow/dags/main.py took 0.322 seconds
[2026-01-02T22:00:03.777+0000] {processor.py:161} INFO - Started process (PID=24603) to work on /opt/airflow/dags/main.py
[2026-01-02T22:00:03.778+0000] {processor.py:830} INFO - Processing file /opt/airflow/dags/main.py for tasks to queue
[2026-01-02T22:00:03.780+0000] {logging_mixin.py:188} INFO - [2026-01-02T22:00:03.780+0000] {dagbag.py:545} INFO - Filling up the DagBag from /opt/airflow/dags/main.py
[2026-01-02T22:00:03.962+0000] {processor.py:840} INFO - DAG(s) 'update_db', 'youtube_video_stats' retrieved from /opt/airflow/dags/main.py
[2026-01-02T22:00:04.019+0000] {logging_mixin.py:188} INFO - [2026-01-02T22:00:04.019+0000] {dag.py:3096} INFO - Sync 2 DAGs
[2026-01-02T22:00:04.059+0000] {logging_mixin.py:188} INFO - [2026-01-02T22:00:04.059+0000] {dag.py:3954} INFO - Setting next_dagrun for update_db to 2026-01-02 15:00:00+00:00, run_after=2026-01-03 15:00:00+00:00
[2026-01-02T22:00:04.067+0000] {logging_mixin.py:188} INFO - [2026-01-02T22:00:04.066+0000] {dag.py:3954} INFO - Setting next_dagrun for youtube_video_stats to 2026-01-02 14:00:00+00:00, run_after=2026-01-03 14:00:00+00:00
[2026-01-02T22:00:04.091+0000] {processor.py:183} INFO - Processing /opt/airflow/dags/main.py took 0.321 seconds
[2026-01-02T22:00:34.365+0000] {processor.py:161} INFO - Started process (PID=24610) to work on /opt/airflow/dags/main.py
[2026-01-02T22:00:34.367+0000] {processor.py:830} INFO - Processing file /opt/airflow/dags/main.py for tasks to queue
[2026-01-02T22:00:34.369+0000] {logging_mixin.py:188} INFO - [2026-01-02T22:00:34.368+0000] {dagbag.py:545} INFO - Filling up the DagBag from /opt/airflow/dags/main.py
[2026-01-02T22:00:34.561+0000] {processor.py:840} INFO - DAG(s) 'youtube_video_stats', 'update_db' retrieved from /opt/airflow/dags/main.py
[2026-01-02T22:00:34.606+0000] {logging_mixin.py:188} INFO - [2026-01-02T22:00:34.606+0000] {dag.py:3096} INFO - Sync 2 DAGs
[2026-01-02T22:00:34.640+0000] {logging_mixin.py:188} INFO - [2026-01-02T22:00:34.640+0000] {dag.py:3954} INFO - Setting next_dagrun for update_db to 2026-01-02 15:00:00+00:00, run_after=2026-01-03 15:00:00+00:00
[2026-01-02T22:00:34.647+0000] {logging_mixin.py:188} INFO - [2026-01-02T22:00:34.647+0000] {dag.py:3954} INFO - Setting next_dagrun for youtube_video_stats to 2026-01-02 14:00:00+00:00, run_after=2026-01-03 14:00:00+00:00
[2026-01-02T22:00:34.674+0000] {processor.py:183} INFO - Processing /opt/airflow/dags/main.py took 0.317 seconds
[2026-01-02T22:01:04.958+0000] {processor.py:161} INFO - Started process (PID=24617) to work on /opt/airflow/dags/main.py
[2026-01-02T22:01:04.960+0000] {processor.py:830} INFO - Processing file /opt/airflow/dags/main.py for tasks to queue
[2026-01-02T22:01:04.962+0000] {logging_mixin.py:188} INFO - [2026-01-02T22:01:04.961+0000] {dagbag.py:545} INFO - Filling up the DagBag from /opt/airflow/dags/main.py
[2026-01-02T22:01:05.117+0000] {processor.py:840} INFO - DAG(s) 'update_db', 'youtube_video_stats' retrieved from /opt/airflow/dags/main.py
[2026-01-02T22:01:05.172+0000] {logging_mixin.py:188} INFO - [2026-01-02T22:01:05.172+0000] {dag.py:3096} INFO - Sync 2 DAGs
[2026-01-02T22:01:05.206+0000] {logging_mixin.py:188} INFO - [2026-01-02T22:01:05.206+0000] {dag.py:3954} INFO - Setting next_dagrun for update_db to 2026-01-02 15:00:00+00:00, run_after=2026-01-03 15:00:00+00:00
[2026-01-02T22:01:05.213+0000] {logging_mixin.py:188} INFO - [2026-01-02T22:01:05.213+0000] {dag.py:3954} INFO - Setting next_dagrun for youtube_video_stats to 2026-01-02 14:00:00+00:00, run_after=2026-01-03 14:00:00+00:00
[2026-01-02T22:01:05.250+0000] {processor.py:183} INFO - Processing /opt/airflow/dags/main.py took 0.302 seconds
[2026-01-02T22:01:35.579+0000] {processor.py:161} INFO - Started process (PID=24624) to work on /opt/airflow/dags/main.py
[2026-01-02T22:01:35.583+0000] {processor.py:830} INFO - Processing file /opt/airflow/dags/main.py for tasks to queue
[2026-01-02T22:01:35.585+0000] {logging_mixin.py:188} INFO - [2026-01-02T22:01:35.584+0000] {dagbag.py:545} INFO - Filling up the DagBag from /opt/airflow/dags/main.py
[2026-01-02T22:01:35.730+0000] {processor.py:840} INFO - DAG(s) 'youtube_video_stats', 'update_db' retrieved from /opt/airflow/dags/main.py
[2026-01-02T22:01:35.783+0000] {logging_mixin.py:188} INFO - [2026-01-02T22:01:35.782+0000] {dag.py:3096} INFO - Sync 2 DAGs
[2026-01-02T22:01:35.819+0000] {logging_mixin.py:188} INFO - [2026-01-02T22:01:35.819+0000] {dag.py:3954} INFO - Setting next_dagrun for update_db to 2026-01-02 15:00:00+00:00, run_after=2026-01-03 15:00:00+00:00
[2026-01-02T22:01:35.829+0000] {logging_mixin.py:188} INFO - [2026-01-02T22:01:35.829+0000] {dag.py:3954} INFO - Setting next_dagrun for youtube_video_stats to 2026-01-02 14:00:00+00:00, run_after=2026-01-03 14:00:00+00:00
[2026-01-02T22:01:35.858+0000] {processor.py:183} INFO - Processing /opt/airflow/dags/main.py took 0.288 seconds
[2026-01-02T22:02:06.199+0000] {processor.py:161} INFO - Started process (PID=24631) to work on /opt/airflow/dags/main.py
[2026-01-02T22:02:06.201+0000] {processor.py:830} INFO - Processing file /opt/airflow/dags/main.py for tasks to queue
[2026-01-02T22:02:06.203+0000] {logging_mixin.py:188} INFO - [2026-01-02T22:02:06.202+0000] {dagbag.py:545} INFO - Filling up the DagBag from /opt/airflow/dags/main.py
[2026-01-02T22:02:06.369+0000] {processor.py:840} INFO - DAG(s) 'youtube_video_stats', 'update_db' retrieved from /opt/airflow/dags/main.py
[2026-01-02T22:02:06.417+0000] {logging_mixin.py:188} INFO - [2026-01-02T22:02:06.417+0000] {dag.py:3096} INFO - Sync 2 DAGs
[2026-01-02T22:02:06.450+0000] {logging_mixin.py:188} INFO - [2026-01-02T22:02:06.450+0000] {dag.py:3954} INFO - Setting next_dagrun for update_db to 2026-01-02 15:00:00+00:00, run_after=2026-01-03 15:00:00+00:00
[2026-01-02T22:02:06.458+0000] {logging_mixin.py:188} INFO - [2026-01-02T22:02:06.458+0000] {dag.py:3954} INFO - Setting next_dagrun for youtube_video_stats to 2026-01-02 14:00:00+00:00, run_after=2026-01-03 14:00:00+00:00
[2026-01-02T22:02:06.487+0000] {processor.py:183} INFO - Processing /opt/airflow/dags/main.py took 0.297 seconds
[2026-01-02T22:02:36.766+0000] {processor.py:161} INFO - Started process (PID=24638) to work on /opt/airflow/dags/main.py
[2026-01-02T22:02:36.768+0000] {processor.py:830} INFO - Processing file /opt/airflow/dags/main.py for tasks to queue
[2026-01-02T22:02:36.770+0000] {logging_mixin.py:188} INFO - [2026-01-02T22:02:36.769+0000] {dagbag.py:545} INFO - Filling up the DagBag from /opt/airflow/dags/main.py
[2026-01-02T22:02:36.936+0000] {processor.py:840} INFO - DAG(s) 'update_db', 'youtube_video_stats' retrieved from /opt/airflow/dags/main.py
[2026-01-02T22:02:36.985+0000] {logging_mixin.py:188} INFO - [2026-01-02T22:02:36.985+0000] {dag.py:3096} INFO - Sync 2 DAGs
[2026-01-02T22:02:37.014+0000] {logging_mixin.py:188} INFO - [2026-01-02T22:02:37.013+0000] {dag.py:3954} INFO - Setting next_dagrun for update_db to 2026-01-02 15:00:00+00:00, run_after=2026-01-03 15:00:00+00:00
[2026-01-02T22:02:37.020+0000] {logging_mixin.py:188} INFO - [2026-01-02T22:02:37.020+0000] {dag.py:3954} INFO - Setting next_dagrun for youtube_video_stats to 2026-01-02 14:00:00+00:00, run_after=2026-01-03 14:00:00+00:00
[2026-01-02T22:02:37.042+0000] {processor.py:183} INFO - Processing /opt/airflow/dags/main.py took 0.285 seconds
[2026-01-02T22:03:07.266+0000] {processor.py:161} INFO - Started process (PID=24645) to work on /opt/airflow/dags/main.py
[2026-01-02T22:03:07.268+0000] {processor.py:830} INFO - Processing file /opt/airflow/dags/main.py for tasks to queue
[2026-01-02T22:03:07.269+0000] {logging_mixin.py:188} INFO - [2026-01-02T22:03:07.269+0000] {dagbag.py:545} INFO - Filling up the DagBag from /opt/airflow/dags/main.py
[2026-01-02T22:03:07.393+0000] {processor.py:840} INFO - DAG(s) 'youtube_video_stats', 'update_db' retrieved from /opt/airflow/dags/main.py
[2026-01-02T22:03:07.435+0000] {logging_mixin.py:188} INFO - [2026-01-02T22:03:07.434+0000] {dag.py:3096} INFO - Sync 2 DAGs
[2026-01-02T22:03:07.460+0000] {logging_mixin.py:188} INFO - [2026-01-02T22:03:07.460+0000] {dag.py:3954} INFO - Setting next_dagrun for update_db to 2026-01-02 15:00:00+00:00, run_after=2026-01-03 15:00:00+00:00
[2026-01-02T22:03:07.467+0000] {logging_mixin.py:188} INFO - [2026-01-02T22:03:07.467+0000] {dag.py:3954} INFO - Setting next_dagrun for youtube_video_stats to 2026-01-02 14:00:00+00:00, run_after=2026-01-03 14:00:00+00:00
[2026-01-02T22:03:07.492+0000] {processor.py:183} INFO - Processing /opt/airflow/dags/main.py took 0.234 seconds
[2026-01-02T22:03:37.772+0000] {processor.py:161} INFO - Started process (PID=24652) to work on /opt/airflow/dags/main.py
[2026-01-02T22:03:37.774+0000] {processor.py:830} INFO - Processing file /opt/airflow/dags/main.py for tasks to queue
[2026-01-02T22:03:37.776+0000] {logging_mixin.py:188} INFO - [2026-01-02T22:03:37.775+0000] {dagbag.py:545} INFO - Filling up the DagBag from /opt/airflow/dags/main.py
[2026-01-02T22:03:37.928+0000] {processor.py:840} INFO - DAG(s) 'youtube_video_stats', 'update_db' retrieved from /opt/airflow/dags/main.py
[2026-01-02T22:03:37.984+0000] {logging_mixin.py:188} INFO - [2026-01-02T22:03:37.984+0000] {dag.py:3096} INFO - Sync 2 DAGs
[2026-01-02T22:03:38.027+0000] {logging_mixin.py:188} INFO - [2026-01-02T22:03:38.027+0000] {dag.py:3954} INFO - Setting next_dagrun for update_db to 2026-01-02 15:00:00+00:00, run_after=2026-01-03 15:00:00+00:00
[2026-01-02T22:03:38.036+0000] {logging_mixin.py:188} INFO - [2026-01-02T22:03:38.036+0000] {dag.py:3954} INFO - Setting next_dagrun for youtube_video_stats to 2026-01-02 14:00:00+00:00, run_after=2026-01-03 14:00:00+00:00
[2026-01-02T22:03:38.070+0000] {processor.py:183} INFO - Processing /opt/airflow/dags/main.py took 0.309 seconds
[2026-01-02T22:04:08.304+0000] {processor.py:161} INFO - Started process (PID=24660) to work on /opt/airflow/dags/main.py
[2026-01-02T22:04:08.305+0000] {processor.py:830} INFO - Processing file /opt/airflow/dags/main.py for tasks to queue
[2026-01-02T22:04:08.306+0000] {logging_mixin.py:188} INFO - [2026-01-02T22:04:08.306+0000] {dagbag.py:545} INFO - Filling up the DagBag from /opt/airflow/dags/main.py
[2026-01-02T22:04:08.427+0000] {processor.py:840} INFO - DAG(s) 'youtube_video_stats', 'update_db' retrieved from /opt/airflow/dags/main.py
[2026-01-02T22:04:08.460+0000] {logging_mixin.py:188} INFO - [2026-01-02T22:04:08.459+0000] {dag.py:3096} INFO - Sync 2 DAGs
[2026-01-02T22:04:08.484+0000] {logging_mixin.py:188} INFO - [2026-01-02T22:04:08.483+0000] {dag.py:3954} INFO - Setting next_dagrun for update_db to 2026-01-02 15:00:00+00:00, run_after=2026-01-03 15:00:00+00:00
[2026-01-02T22:04:08.489+0000] {logging_mixin.py:188} INFO - [2026-01-02T22:04:08.488+0000] {dag.py:3954} INFO - Setting next_dagrun for youtube_video_stats to 2026-01-02 14:00:00+00:00, run_after=2026-01-03 14:00:00+00:00
[2026-01-02T22:04:08.510+0000] {processor.py:183} INFO - Processing /opt/airflow/dags/main.py took 0.214 seconds
[2026-01-02T22:04:38.731+0000] {processor.py:161} INFO - Started process (PID=24667) to work on /opt/airflow/dags/main.py
[2026-01-02T22:04:38.732+0000] {processor.py:830} INFO - Processing file /opt/airflow/dags/main.py for tasks to queue
[2026-01-02T22:04:38.733+0000] {logging_mixin.py:188} INFO - [2026-01-02T22:04:38.732+0000] {dagbag.py:545} INFO - Filling up the DagBag from /opt/airflow/dags/main.py
[2026-01-02T22:04:38.823+0000] {processor.py:840} INFO - DAG(s) 'youtube_video_stats', 'update_db' retrieved from /opt/airflow/dags/main.py
[2026-01-02T22:04:38.856+0000] {logging_mixin.py:188} INFO - [2026-01-02T22:04:38.856+0000] {dag.py:3096} INFO - Sync 2 DAGs
[2026-01-02T22:04:38.900+0000] {logging_mixin.py:188} INFO - [2026-01-02T22:04:38.900+0000] {dag.py:3954} INFO - Setting next_dagrun for update_db to 2026-01-02 15:00:00+00:00, run_after=2026-01-03 15:00:00+00:00
[2026-01-02T22:04:38.908+0000] {logging_mixin.py:188} INFO - [2026-01-02T22:04:38.907+0000] {dag.py:3954} INFO - Setting next_dagrun for youtube_video_stats to 2026-01-02 14:00:00+00:00, run_after=2026-01-03 14:00:00+00:00
[2026-01-02T22:04:38.930+0000] {processor.py:183} INFO - Processing /opt/airflow/dags/main.py took 0.205 seconds
[2026-01-02T22:05:09.065+0000] {processor.py:161} INFO - Started process (PID=24674) to work on /opt/airflow/dags/main.py
[2026-01-02T22:05:09.066+0000] {processor.py:830} INFO - Processing file /opt/airflow/dags/main.py for tasks to queue
[2026-01-02T22:05:09.067+0000] {logging_mixin.py:188} INFO - [2026-01-02T22:05:09.067+0000] {dagbag.py:545} INFO - Filling up the DagBag from /opt/airflow/dags/main.py
[2026-01-02T22:05:09.152+0000] {processor.py:840} INFO - DAG(s) 'youtube_video_stats', 'update_db' retrieved from /opt/airflow/dags/main.py
[2026-01-02T22:05:09.180+0000] {logging_mixin.py:188} INFO - [2026-01-02T22:05:09.180+0000] {dag.py:3096} INFO - Sync 2 DAGs
[2026-01-02T22:05:09.200+0000] {logging_mixin.py:188} INFO - [2026-01-02T22:05:09.200+0000] {dag.py:3954} INFO - Setting next_dagrun for update_db to 2026-01-02 15:00:00+00:00, run_after=2026-01-03 15:00:00+00:00
[2026-01-02T22:05:09.205+0000] {logging_mixin.py:188} INFO - [2026-01-02T22:05:09.205+0000] {dag.py:3954} INFO - Setting next_dagrun for youtube_video_stats to 2026-01-02 14:00:00+00:00, run_after=2026-01-03 14:00:00+00:00
[2026-01-02T22:05:09.226+0000] {processor.py:183} INFO - Processing /opt/airflow/dags/main.py took 0.168 seconds
[2026-01-02T22:05:39.351+0000] {processor.py:161} INFO - Started process (PID=24681) to work on /opt/airflow/dags/main.py
[2026-01-02T22:05:39.352+0000] {processor.py:830} INFO - Processing file /opt/airflow/dags/main.py for tasks to queue
[2026-01-02T22:05:39.353+0000] {logging_mixin.py:188} INFO - [2026-01-02T22:05:39.353+0000] {dagbag.py:545} INFO - Filling up the DagBag from /opt/airflow/dags/main.py
[2026-01-02T22:05:39.425+0000] {processor.py:840} INFO - DAG(s) 'update_db', 'youtube_video_stats' retrieved from /opt/airflow/dags/main.py
[2026-01-02T22:05:39.455+0000] {logging_mixin.py:188} INFO - [2026-01-02T22:05:39.455+0000] {dag.py:3096} INFO - Sync 2 DAGs
[2026-01-02T22:05:39.475+0000] {logging_mixin.py:188} INFO - [2026-01-02T22:05:39.475+0000] {dag.py:3954} INFO - Setting next_dagrun for update_db to 2026-01-02 15:00:00+00:00, run_after=2026-01-03 15:00:00+00:00
[2026-01-02T22:05:39.482+0000] {logging_mixin.py:188} INFO - [2026-01-02T22:05:39.481+0000] {dag.py:3954} INFO - Setting next_dagrun for youtube_video_stats to 2026-01-02 14:00:00+00:00, run_after=2026-01-03 14:00:00+00:00
[2026-01-02T22:05:39.500+0000] {processor.py:183} INFO - Processing /opt/airflow/dags/main.py took 0.154 seconds
[2026-01-02T22:06:09.606+0000] {processor.py:161} INFO - Started process (PID=24688) to work on /opt/airflow/dags/main.py
[2026-01-02T22:06:09.607+0000] {processor.py:830} INFO - Processing file /opt/airflow/dags/main.py for tasks to queue
[2026-01-02T22:06:09.608+0000] {logging_mixin.py:188} INFO - [2026-01-02T22:06:09.608+0000] {dagbag.py:545} INFO - Filling up the DagBag from /opt/airflow/dags/main.py
[2026-01-02T22:06:09.705+0000] {processor.py:840} INFO - DAG(s) 'youtube_video_stats', 'update_db' retrieved from /opt/airflow/dags/main.py
[2026-01-02T22:06:09.742+0000] {logging_mixin.py:188} INFO - [2026-01-02T22:06:09.742+0000] {dag.py:3096} INFO - Sync 2 DAGs
[2026-01-02T22:06:09.773+0000] {logging_mixin.py:188} INFO - [2026-01-02T22:06:09.773+0000] {dag.py:3954} INFO - Setting next_dagrun for update_db to 2026-01-02 15:00:00+00:00, run_after=2026-01-03 15:00:00+00:00
[2026-01-02T22:06:09.779+0000] {logging_mixin.py:188} INFO - [2026-01-02T22:06:09.778+0000] {dag.py:3954} INFO - Setting next_dagrun for youtube_video_stats to 2026-01-02 14:00:00+00:00, run_after=2026-01-03 14:00:00+00:00
[2026-01-02T22:06:09.796+0000] {processor.py:183} INFO - Processing /opt/airflow/dags/main.py took 0.196 seconds
[2026-01-02T22:06:39.896+0000] {processor.py:161} INFO - Started process (PID=24695) to work on /opt/airflow/dags/main.py
[2026-01-02T22:06:39.898+0000] {processor.py:830} INFO - Processing file /opt/airflow/dags/main.py for tasks to queue
[2026-01-02T22:06:39.899+0000] {logging_mixin.py:188} INFO - [2026-01-02T22:06:39.899+0000] {dagbag.py:545} INFO - Filling up the DagBag from /opt/airflow/dags/main.py
[2026-01-02T22:06:39.984+0000] {processor.py:840} INFO - DAG(s) 'update_db', 'youtube_video_stats' retrieved from /opt/airflow/dags/main.py
[2026-01-02T22:06:40.016+0000] {logging_mixin.py:188} INFO - [2026-01-02T22:06:40.016+0000] {dag.py:3096} INFO - Sync 2 DAGs
[2026-01-02T22:06:40.038+0000] {logging_mixin.py:188} INFO - [2026-01-02T22:06:40.038+0000] {dag.py:3954} INFO - Setting next_dagrun for update_db to 2026-01-02 15:00:00+00:00, run_after=2026-01-03 15:00:00+00:00
[2026-01-02T22:06:40.043+0000] {logging_mixin.py:188} INFO - [2026-01-02T22:06:40.043+0000] {dag.py:3954} INFO - Setting next_dagrun for youtube_video_stats to 2026-01-02 14:00:00+00:00, run_after=2026-01-03 14:00:00+00:00
[2026-01-02T22:06:40.064+0000] {processor.py:183} INFO - Processing /opt/airflow/dags/main.py took 0.174 seconds
[2026-01-02T22:07:10.173+0000] {processor.py:161} INFO - Started process (PID=24702) to work on /opt/airflow/dags/main.py
[2026-01-02T22:07:10.175+0000] {processor.py:830} INFO - Processing file /opt/airflow/dags/main.py for tasks to queue
[2026-01-02T22:07:10.176+0000] {logging_mixin.py:188} INFO - [2026-01-02T22:07:10.175+0000] {dagbag.py:545} INFO - Filling up the DagBag from /opt/airflow/dags/main.py
[2026-01-02T22:07:10.273+0000] {processor.py:840} INFO - DAG(s) 'youtube_video_stats', 'update_db' retrieved from /opt/airflow/dags/main.py
[2026-01-02T22:07:10.301+0000] {logging_mixin.py:188} INFO - [2026-01-02T22:07:10.301+0000] {dag.py:3096} INFO - Sync 2 DAGs
[2026-01-02T22:07:10.339+0000] {logging_mixin.py:188} INFO - [2026-01-02T22:07:10.338+0000] {dag.py:3954} INFO - Setting next_dagrun for update_db to 2026-01-02 15:00:00+00:00, run_after=2026-01-03 15:00:00+00:00
[2026-01-02T22:07:10.345+0000] {logging_mixin.py:188} INFO - [2026-01-02T22:07:10.344+0000] {dag.py:3954} INFO - Setting next_dagrun for youtube_video_stats to 2026-01-02 14:00:00+00:00, run_after=2026-01-03 14:00:00+00:00
[2026-01-02T22:07:10.369+0000] {processor.py:183} INFO - Processing /opt/airflow/dags/main.py took 0.202 seconds
[2026-01-02T22:07:40.478+0000] {processor.py:161} INFO - Started process (PID=24709) to work on /opt/airflow/dags/main.py
[2026-01-02T22:07:40.479+0000] {processor.py:830} INFO - Processing file /opt/airflow/dags/main.py for tasks to queue
[2026-01-02T22:07:40.481+0000] {logging_mixin.py:188} INFO - [2026-01-02T22:07:40.480+0000] {dagbag.py:545} INFO - Filling up the DagBag from /opt/airflow/dags/main.py
[2026-01-02T22:07:40.567+0000] {processor.py:840} INFO - DAG(s) 'update_db', 'youtube_video_stats' retrieved from /opt/airflow/dags/main.py
[2026-01-02T22:07:40.601+0000] {logging_mixin.py:188} INFO - [2026-01-02T22:07:40.601+0000] {dag.py:3096} INFO - Sync 2 DAGs
[2026-01-02T22:07:40.623+0000] {logging_mixin.py:188} INFO - [2026-01-02T22:07:40.623+0000] {dag.py:3954} INFO - Setting next_dagrun for update_db to 2026-01-02 15:00:00+00:00, run_after=2026-01-03 15:00:00+00:00
[2026-01-02T22:07:40.628+0000] {logging_mixin.py:188} INFO - [2026-01-02T22:07:40.628+0000] {dag.py:3954} INFO - Setting next_dagrun for youtube_video_stats to 2026-01-02 14:00:00+00:00, run_after=2026-01-03 14:00:00+00:00
[2026-01-02T22:07:40.643+0000] {processor.py:183} INFO - Processing /opt/airflow/dags/main.py took 0.171 seconds
[2026-01-02T22:08:10.798+0000] {processor.py:161} INFO - Started process (PID=24716) to work on /opt/airflow/dags/main.py
[2026-01-02T22:08:10.799+0000] {processor.py:830} INFO - Processing file /opt/airflow/dags/main.py for tasks to queue
[2026-01-02T22:08:10.800+0000] {logging_mixin.py:188} INFO - [2026-01-02T22:08:10.800+0000] {dagbag.py:545} INFO - Filling up the DagBag from /opt/airflow/dags/main.py
[2026-01-02T22:08:10.888+0000] {processor.py:840} INFO - DAG(s) 'update_db', 'youtube_video_stats' retrieved from /opt/airflow/dags/main.py
[2026-01-02T22:08:10.920+0000] {logging_mixin.py:188} INFO - [2026-01-02T22:08:10.919+0000] {dag.py:3096} INFO - Sync 2 DAGs
[2026-01-02T22:08:10.940+0000] {logging_mixin.py:188} INFO - [2026-01-02T22:08:10.940+0000] {dag.py:3954} INFO - Setting next_dagrun for update_db to 2026-01-02 15:00:00+00:00, run_after=2026-01-03 15:00:00+00:00
[2026-01-02T22:08:10.945+0000] {logging_mixin.py:188} INFO - [2026-01-02T22:08:10.945+0000] {dag.py:3954} INFO - Setting next_dagrun for youtube_video_stats to 2026-01-02 14:00:00+00:00, run_after=2026-01-03 14:00:00+00:00
[2026-01-02T22:08:10.966+0000] {processor.py:183} INFO - Processing /opt/airflow/dags/main.py took 0.173 seconds
[2026-01-02T22:08:41.063+0000] {processor.py:161} INFO - Started process (PID=24723) to work on /opt/airflow/dags/main.py
[2026-01-02T22:08:41.064+0000] {processor.py:830} INFO - Processing file /opt/airflow/dags/main.py for tasks to queue
[2026-01-02T22:08:41.065+0000] {logging_mixin.py:188} INFO - [2026-01-02T22:08:41.065+0000] {dagbag.py:545} INFO - Filling up the DagBag from /opt/airflow/dags/main.py
[2026-01-02T22:08:41.142+0000] {processor.py:840} INFO - DAG(s) 'youtube_video_stats', 'update_db' retrieved from /opt/airflow/dags/main.py
[2026-01-02T22:08:41.172+0000] {logging_mixin.py:188} INFO - [2026-01-02T22:08:41.171+0000] {dag.py:3096} INFO - Sync 2 DAGs
[2026-01-02T22:08:41.195+0000] {logging_mixin.py:188} INFO - [2026-01-02T22:08:41.195+0000] {dag.py:3954} INFO - Setting next_dagrun for update_db to 2026-01-02 15:00:00+00:00, run_after=2026-01-03 15:00:00+00:00
[2026-01-02T22:08:41.200+0000] {logging_mixin.py:188} INFO - [2026-01-02T22:08:41.200+0000] {dag.py:3954} INFO - Setting next_dagrun for youtube_video_stats to 2026-01-02 14:00:00+00:00, run_after=2026-01-03 14:00:00+00:00
[2026-01-02T22:08:41.224+0000] {processor.py:183} INFO - Processing /opt/airflow/dags/main.py took 0.166 seconds
[2026-01-02T22:09:11.423+0000] {processor.py:161} INFO - Started process (PID=24730) to work on /opt/airflow/dags/main.py
[2026-01-02T22:09:11.424+0000] {processor.py:830} INFO - Processing file /opt/airflow/dags/main.py for tasks to queue
[2026-01-02T22:09:11.425+0000] {logging_mixin.py:188} INFO - [2026-01-02T22:09:11.425+0000] {dagbag.py:545} INFO - Filling up the DagBag from /opt/airflow/dags/main.py
[2026-01-02T22:09:11.523+0000] {processor.py:840} INFO - DAG(s) 'youtube_video_stats', 'update_db' retrieved from /opt/airflow/dags/main.py
[2026-01-02T22:09:11.552+0000] {logging_mixin.py:188} INFO - [2026-01-02T22:09:11.552+0000] {dag.py:3096} INFO - Sync 2 DAGs
[2026-01-02T22:09:11.576+0000] {logging_mixin.py:188} INFO - [2026-01-02T22:09:11.575+0000] {dag.py:3954} INFO - Setting next_dagrun for update_db to 2026-01-02 15:00:00+00:00, run_after=2026-01-03 15:00:00+00:00
[2026-01-02T22:09:11.587+0000] {logging_mixin.py:188} INFO - [2026-01-02T22:09:11.587+0000] {dag.py:3954} INFO - Setting next_dagrun for youtube_video_stats to 2026-01-02 14:00:00+00:00, run_after=2026-01-03 14:00:00+00:00
[2026-01-02T22:09:11.616+0000] {processor.py:183} INFO - Processing /opt/airflow/dags/main.py took 0.198 seconds
[2026-01-02T22:09:41.668+0000] {processor.py:161} INFO - Started process (PID=24737) to work on /opt/airflow/dags/main.py
[2026-01-02T22:09:41.669+0000] {processor.py:830} INFO - Processing file /opt/airflow/dags/main.py for tasks to queue
[2026-01-02T22:09:41.670+0000] {logging_mixin.py:188} INFO - [2026-01-02T22:09:41.670+0000] {dagbag.py:545} INFO - Filling up the DagBag from /opt/airflow/dags/main.py
[2026-01-02T22:09:41.809+0000] {processor.py:840} INFO - DAG(s) 'youtube_video_stats', 'update_db' retrieved from /opt/airflow/dags/main.py
[2026-01-02T22:09:41.852+0000] {logging_mixin.py:188} INFO - [2026-01-02T22:09:41.852+0000] {dag.py:3096} INFO - Sync 2 DAGs
[2026-01-02T22:09:41.873+0000] {logging_mixin.py:188} INFO - [2026-01-02T22:09:41.873+0000] {dag.py:3954} INFO - Setting next_dagrun for update_db to 2026-01-02 15:00:00+00:00, run_after=2026-01-03 15:00:00+00:00
[2026-01-02T22:09:41.878+0000] {logging_mixin.py:188} INFO - [2026-01-02T22:09:41.878+0000] {dag.py:3954} INFO - Setting next_dagrun for youtube_video_stats to 2026-01-02 14:00:00+00:00, run_after=2026-01-03 14:00:00+00:00
[2026-01-02T22:09:41.893+0000] {processor.py:183} INFO - Processing /opt/airflow/dags/main.py took 0.230 seconds
[2026-01-02T22:10:12.218+0000] {processor.py:161} INFO - Started process (PID=24744) to work on /opt/airflow/dags/main.py
[2026-01-02T22:10:12.219+0000] {processor.py:830} INFO - Processing file /opt/airflow/dags/main.py for tasks to queue
[2026-01-02T22:10:12.221+0000] {logging_mixin.py:188} INFO - [2026-01-02T22:10:12.220+0000] {dagbag.py:545} INFO - Filling up the DagBag from /opt/airflow/dags/main.py
[2026-01-02T22:10:12.315+0000] {processor.py:840} INFO - DAG(s) 'youtube_video_stats', 'update_db' retrieved from /opt/airflow/dags/main.py
[2026-01-02T22:10:12.348+0000] {logging_mixin.py:188} INFO - [2026-01-02T22:10:12.347+0000] {dag.py:3096} INFO - Sync 2 DAGs
[2026-01-02T22:10:12.369+0000] {logging_mixin.py:188} INFO - [2026-01-02T22:10:12.369+0000] {dag.py:3954} INFO - Setting next_dagrun for update_db to 2026-01-02 15:00:00+00:00, run_after=2026-01-03 15:00:00+00:00
[2026-01-02T22:10:12.375+0000] {logging_mixin.py:188} INFO - [2026-01-02T22:10:12.375+0000] {dag.py:3954} INFO - Setting next_dagrun for youtube_video_stats to 2026-01-02 14:00:00+00:00, run_after=2026-01-03 14:00:00+00:00
[2026-01-02T22:10:12.396+0000] {processor.py:183} INFO - Processing /opt/airflow/dags/main.py took 0.184 seconds
[2026-01-02T22:10:42.447+0000] {processor.py:161} INFO - Started process (PID=24751) to work on /opt/airflow/dags/main.py
[2026-01-02T22:10:42.448+0000] {processor.py:830} INFO - Processing file /opt/airflow/dags/main.py for tasks to queue
[2026-01-02T22:10:42.449+0000] {logging_mixin.py:188} INFO - [2026-01-02T22:10:42.449+0000] {dagbag.py:545} INFO - Filling up the DagBag from /opt/airflow/dags/main.py
[2026-01-02T22:10:42.541+0000] {processor.py:840} INFO - DAG(s) 'youtube_video_stats', 'update_db' retrieved from /opt/airflow/dags/main.py
[2026-01-02T22:10:42.573+0000] {logging_mixin.py:188} INFO - [2026-01-02T22:10:42.573+0000] {dag.py:3096} INFO - Sync 2 DAGs
[2026-01-02T22:10:42.594+0000] {logging_mixin.py:188} INFO - [2026-01-02T22:10:42.594+0000] {dag.py:3954} INFO - Setting next_dagrun for update_db to 2026-01-02 15:00:00+00:00, run_after=2026-01-03 15:00:00+00:00
[2026-01-02T22:10:42.599+0000] {logging_mixin.py:188} INFO - [2026-01-02T22:10:42.599+0000] {dag.py:3954} INFO - Setting next_dagrun for youtube_video_stats to 2026-01-02 14:00:00+00:00, run_after=2026-01-03 14:00:00+00:00
[2026-01-02T22:10:42.617+0000] {processor.py:183} INFO - Processing /opt/airflow/dags/main.py took 0.175 seconds
[2026-01-02T22:11:12.814+0000] {processor.py:161} INFO - Started process (PID=24758) to work on /opt/airflow/dags/main.py
[2026-01-02T22:11:12.815+0000] {processor.py:830} INFO - Processing file /opt/airflow/dags/main.py for tasks to queue
[2026-01-02T22:11:12.816+0000] {logging_mixin.py:188} INFO - [2026-01-02T22:11:12.816+0000] {dagbag.py:545} INFO - Filling up the DagBag from /opt/airflow/dags/main.py
[2026-01-02T22:11:12.920+0000] {processor.py:840} INFO - DAG(s) 'youtube_video_stats', 'update_db' retrieved from /opt/airflow/dags/main.py
[2026-01-02T22:11:12.958+0000] {logging_mixin.py:188} INFO - [2026-01-02T22:11:12.957+0000] {dag.py:3096} INFO - Sync 2 DAGs
[2026-01-02T22:11:12.986+0000] {logging_mixin.py:188} INFO - [2026-01-02T22:11:12.985+0000] {dag.py:3954} INFO - Setting next_dagrun for update_db to 2026-01-02 15:00:00+00:00, run_after=2026-01-03 15:00:00+00:00
[2026-01-02T22:11:12.993+0000] {logging_mixin.py:188} INFO - [2026-01-02T22:11:12.992+0000] {dag.py:3954} INFO - Setting next_dagrun for youtube_video_stats to 2026-01-02 14:00:00+00:00, run_after=2026-01-03 14:00:00+00:00
[2026-01-02T22:11:13.029+0000] {processor.py:183} INFO - Processing /opt/airflow/dags/main.py took 0.222 seconds
[2026-01-02T22:11:43.240+0000] {processor.py:161} INFO - Started process (PID=24772) to work on /opt/airflow/dags/main.py
[2026-01-02T22:11:43.242+0000] {processor.py:830} INFO - Processing file /opt/airflow/dags/main.py for tasks to queue
[2026-01-02T22:11:43.245+0000] {logging_mixin.py:188} INFO - [2026-01-02T22:11:43.243+0000] {dagbag.py:545} INFO - Filling up the DagBag from /opt/airflow/dags/main.py
[2026-01-02T22:11:43.374+0000] {processor.py:840} INFO - DAG(s) 'youtube_video_stats', 'update_db' retrieved from /opt/airflow/dags/main.py
[2026-01-02T22:11:43.470+0000] {logging_mixin.py:188} INFO - [2026-01-02T22:11:43.470+0000] {dag.py:3096} INFO - Sync 2 DAGs
[2026-01-02T22:11:43.495+0000] {logging_mixin.py:188} INFO - [2026-01-02T22:11:43.495+0000] {dag.py:3954} INFO - Setting next_dagrun for update_db to 2026-01-02 15:00:00+00:00, run_after=2026-01-03 15:00:00+00:00
[2026-01-02T22:11:43.501+0000] {logging_mixin.py:188} INFO - [2026-01-02T22:11:43.500+0000] {dag.py:3954} INFO - Setting next_dagrun for youtube_video_stats to 2026-01-02 14:00:00+00:00, run_after=2026-01-03 14:00:00+00:00
[2026-01-02T22:11:43.642+0000] {processor.py:183} INFO - Processing /opt/airflow/dags/main.py took 0.410 seconds
[2026-01-02T22:12:13.835+0000] {processor.py:161} INFO - Started process (PID=24779) to work on /opt/airflow/dags/main.py
[2026-01-02T22:12:13.836+0000] {processor.py:830} INFO - Processing file /opt/airflow/dags/main.py for tasks to queue
[2026-01-02T22:12:13.837+0000] {logging_mixin.py:188} INFO - [2026-01-02T22:12:13.837+0000] {dagbag.py:545} INFO - Filling up the DagBag from /opt/airflow/dags/main.py
[2026-01-02T22:12:13.915+0000] {processor.py:840} INFO - DAG(s) 'update_db', 'youtube_video_stats' retrieved from /opt/airflow/dags/main.py
[2026-01-02T22:12:13.944+0000] {logging_mixin.py:188} INFO - [2026-01-02T22:12:13.944+0000] {dag.py:3096} INFO - Sync 2 DAGs
[2026-01-02T22:12:13.965+0000] {logging_mixin.py:188} INFO - [2026-01-02T22:12:13.965+0000] {dag.py:3954} INFO - Setting next_dagrun for update_db to 2026-01-02 15:00:00+00:00, run_after=2026-01-03 15:00:00+00:00
[2026-01-02T22:12:13.971+0000] {logging_mixin.py:188} INFO - [2026-01-02T22:12:13.971+0000] {dag.py:3954} INFO - Setting next_dagrun for youtube_video_stats to 2026-01-02 14:00:00+00:00, run_after=2026-01-03 14:00:00+00:00
[2026-01-02T22:12:13.988+0000] {processor.py:183} INFO - Processing /opt/airflow/dags/main.py took 0.159 seconds
[2026-01-02T22:12:44.041+0000] {processor.py:161} INFO - Started process (PID=24786) to work on /opt/airflow/dags/main.py
[2026-01-02T22:12:44.042+0000] {processor.py:830} INFO - Processing file /opt/airflow/dags/main.py for tasks to queue
[2026-01-02T22:12:44.043+0000] {logging_mixin.py:188} INFO - [2026-01-02T22:12:44.043+0000] {dagbag.py:545} INFO - Filling up the DagBag from /opt/airflow/dags/main.py
[2026-01-02T22:12:44.110+0000] {processor.py:840} INFO - DAG(s) 'update_db', 'youtube_video_stats' retrieved from /opt/airflow/dags/main.py
[2026-01-02T22:12:44.139+0000] {logging_mixin.py:188} INFO - [2026-01-02T22:12:44.139+0000] {dag.py:3096} INFO - Sync 2 DAGs
[2026-01-02T22:12:44.159+0000] {logging_mixin.py:188} INFO - [2026-01-02T22:12:44.159+0000] {dag.py:3954} INFO - Setting next_dagrun for update_db to 2026-01-02 15:00:00+00:00, run_after=2026-01-03 15:00:00+00:00
[2026-01-02T22:12:44.164+0000] {logging_mixin.py:188} INFO - [2026-01-02T22:12:44.164+0000] {dag.py:3954} INFO - Setting next_dagrun for youtube_video_stats to 2026-01-02 14:00:00+00:00, run_after=2026-01-03 14:00:00+00:00
[2026-01-02T22:12:44.197+0000] {processor.py:183} INFO - Processing /opt/airflow/dags/main.py took 0.162 seconds
[2026-01-02T22:13:14.371+0000] {processor.py:161} INFO - Started process (PID=24793) to work on /opt/airflow/dags/main.py
[2026-01-02T22:13:14.372+0000] {processor.py:830} INFO - Processing file /opt/airflow/dags/main.py for tasks to queue
[2026-01-02T22:13:14.373+0000] {logging_mixin.py:188} INFO - [2026-01-02T22:13:14.373+0000] {dagbag.py:545} INFO - Filling up the DagBag from /opt/airflow/dags/main.py
[2026-01-02T22:13:14.437+0000] {processor.py:840} INFO - DAG(s) 'youtube_video_stats', 'update_db' retrieved from /opt/airflow/dags/main.py
[2026-01-02T22:13:14.464+0000] {logging_mixin.py:188} INFO - [2026-01-02T22:13:14.464+0000] {dag.py:3096} INFO - Sync 2 DAGs
[2026-01-02T22:13:14.482+0000] {logging_mixin.py:188} INFO - [2026-01-02T22:13:14.482+0000] {dag.py:3954} INFO - Setting next_dagrun for update_db to 2026-01-02 15:00:00+00:00, run_after=2026-01-03 15:00:00+00:00
[2026-01-02T22:13:14.486+0000] {logging_mixin.py:188} INFO - [2026-01-02T22:13:14.486+0000] {dag.py:3954} INFO - Setting next_dagrun for youtube_video_stats to 2026-01-02 14:00:00+00:00, run_after=2026-01-03 14:00:00+00:00
[2026-01-02T22:13:14.500+0000] {processor.py:183} INFO - Processing /opt/airflow/dags/main.py took 0.134 seconds
[2026-01-02T22:13:44.606+0000] {processor.py:161} INFO - Started process (PID=24800) to work on /opt/airflow/dags/main.py
[2026-01-02T22:13:44.608+0000] {processor.py:830} INFO - Processing file /opt/airflow/dags/main.py for tasks to queue
[2026-01-02T22:13:44.609+0000] {logging_mixin.py:188} INFO - [2026-01-02T22:13:44.608+0000] {dagbag.py:545} INFO - Filling up the DagBag from /opt/airflow/dags/main.py
[2026-01-02T22:13:44.676+0000] {processor.py:840} INFO - DAG(s) 'update_db', 'youtube_video_stats' retrieved from /opt/airflow/dags/main.py
[2026-01-02T22:13:44.703+0000] {logging_mixin.py:188} INFO - [2026-01-02T22:13:44.703+0000] {dag.py:3096} INFO - Sync 2 DAGs
[2026-01-02T22:13:44.722+0000] {logging_mixin.py:188} INFO - [2026-01-02T22:13:44.722+0000] {dag.py:3954} INFO - Setting next_dagrun for update_db to 2026-01-02 15:00:00+00:00, run_after=2026-01-03 15:00:00+00:00
[2026-01-02T22:13:44.727+0000] {logging_mixin.py:188} INFO - [2026-01-02T22:13:44.727+0000] {dag.py:3954} INFO - Setting next_dagrun for youtube_video_stats to 2026-01-02 14:00:00+00:00, run_after=2026-01-03 14:00:00+00:00
[2026-01-02T22:13:44.744+0000] {processor.py:183} INFO - Processing /opt/airflow/dags/main.py took 0.143 seconds
[2026-01-02T22:14:14.890+0000] {processor.py:161} INFO - Started process (PID=24807) to work on /opt/airflow/dags/main.py
[2026-01-02T22:14:14.891+0000] {processor.py:830} INFO - Processing file /opt/airflow/dags/main.py for tasks to queue
[2026-01-02T22:14:14.892+0000] {logging_mixin.py:188} INFO - [2026-01-02T22:14:14.892+0000] {dagbag.py:545} INFO - Filling up the DagBag from /opt/airflow/dags/main.py
[2026-01-02T22:14:14.962+0000] {processor.py:840} INFO - DAG(s) 'youtube_video_stats', 'update_db' retrieved from /opt/airflow/dags/main.py
[2026-01-02T22:14:14.989+0000] {logging_mixin.py:188} INFO - [2026-01-02T22:14:14.989+0000] {dag.py:3096} INFO - Sync 2 DAGs
[2026-01-02T22:14:15.009+0000] {logging_mixin.py:188} INFO - [2026-01-02T22:14:15.009+0000] {dag.py:3954} INFO - Setting next_dagrun for update_db to 2026-01-02 15:00:00+00:00, run_after=2026-01-03 15:00:00+00:00
[2026-01-02T22:14:15.014+0000] {logging_mixin.py:188} INFO - [2026-01-02T22:14:15.014+0000] {dag.py:3954} INFO - Setting next_dagrun for youtube_video_stats to 2026-01-02 14:00:00+00:00, run_after=2026-01-03 14:00:00+00:00
[2026-01-02T22:14:15.031+0000] {processor.py:183} INFO - Processing /opt/airflow/dags/main.py took 0.145 seconds
[2026-01-02T22:14:45.169+0000] {processor.py:161} INFO - Started process (PID=24814) to work on /opt/airflow/dags/main.py
[2026-01-02T22:14:45.170+0000] {processor.py:830} INFO - Processing file /opt/airflow/dags/main.py for tasks to queue
[2026-01-02T22:14:45.171+0000] {logging_mixin.py:188} INFO - [2026-01-02T22:14:45.170+0000] {dagbag.py:545} INFO - Filling up the DagBag from /opt/airflow/dags/main.py
[2026-01-02T22:14:45.245+0000] {processor.py:840} INFO - DAG(s) 'youtube_video_stats', 'update_db' retrieved from /opt/airflow/dags/main.py
[2026-01-02T22:14:45.272+0000] {logging_mixin.py:188} INFO - [2026-01-02T22:14:45.272+0000] {dag.py:3096} INFO - Sync 2 DAGs
[2026-01-02T22:14:45.293+0000] {logging_mixin.py:188} INFO - [2026-01-02T22:14:45.293+0000] {dag.py:3954} INFO - Setting next_dagrun for update_db to 2026-01-02 15:00:00+00:00, run_after=2026-01-03 15:00:00+00:00
[2026-01-02T22:14:45.298+0000] {logging_mixin.py:188} INFO - [2026-01-02T22:14:45.298+0000] {dag.py:3954} INFO - Setting next_dagrun for youtube_video_stats to 2026-01-02 14:00:00+00:00, run_after=2026-01-03 14:00:00+00:00
[2026-01-02T22:14:45.316+0000] {processor.py:183} INFO - Processing /opt/airflow/dags/main.py took 0.153 seconds
[2026-01-02T22:15:15.632+0000] {processor.py:161} INFO - Started process (PID=24821) to work on /opt/airflow/dags/main.py
[2026-01-02T22:15:15.633+0000] {processor.py:830} INFO - Processing file /opt/airflow/dags/main.py for tasks to queue
[2026-01-02T22:15:15.634+0000] {logging_mixin.py:188} INFO - [2026-01-02T22:15:15.634+0000] {dagbag.py:545} INFO - Filling up the DagBag from /opt/airflow/dags/main.py
[2026-01-02T22:15:15.704+0000] {processor.py:840} INFO - DAG(s) 'update_db', 'youtube_video_stats' retrieved from /opt/airflow/dags/main.py
[2026-01-02T22:15:15.733+0000] {logging_mixin.py:188} INFO - [2026-01-02T22:15:15.732+0000] {dag.py:3096} INFO - Sync 2 DAGs
[2026-01-02T22:15:15.753+0000] {logging_mixin.py:188} INFO - [2026-01-02T22:15:15.753+0000] {dag.py:3954} INFO - Setting next_dagrun for update_db to 2026-01-02 15:00:00+00:00, run_after=2026-01-03 15:00:00+00:00
[2026-01-02T22:15:15.758+0000] {logging_mixin.py:188} INFO - [2026-01-02T22:15:15.758+0000] {dag.py:3954} INFO - Setting next_dagrun for youtube_video_stats to 2026-01-02 14:00:00+00:00, run_after=2026-01-03 14:00:00+00:00
[2026-01-02T22:15:15.775+0000] {processor.py:183} INFO - Processing /opt/airflow/dags/main.py took 0.148 seconds
[2026-01-02T22:15:45.883+0000] {processor.py:161} INFO - Started process (PID=24828) to work on /opt/airflow/dags/main.py
[2026-01-02T22:15:45.884+0000] {processor.py:830} INFO - Processing file /opt/airflow/dags/main.py for tasks to queue
[2026-01-02T22:15:45.885+0000] {logging_mixin.py:188} INFO - [2026-01-02T22:15:45.884+0000] {dagbag.py:545} INFO - Filling up the DagBag from /opt/airflow/dags/main.py
[2026-01-02T22:15:45.963+0000] {processor.py:840} INFO - DAG(s) 'update_db', 'youtube_video_stats' retrieved from /opt/airflow/dags/main.py
[2026-01-02T22:15:45.994+0000] {logging_mixin.py:188} INFO - [2026-01-02T22:15:45.994+0000] {dag.py:3096} INFO - Sync 2 DAGs
[2026-01-02T22:15:46.015+0000] {logging_mixin.py:188} INFO - [2026-01-02T22:15:46.015+0000] {dag.py:3954} INFO - Setting next_dagrun for update_db to 2026-01-02 15:00:00+00:00, run_after=2026-01-03 15:00:00+00:00
[2026-01-02T22:15:46.020+0000] {logging_mixin.py:188} INFO - [2026-01-02T22:15:46.020+0000] {dag.py:3954} INFO - Setting next_dagrun for youtube_video_stats to 2026-01-02 14:00:00+00:00, run_after=2026-01-03 14:00:00+00:00
[2026-01-02T22:15:46.039+0000] {processor.py:183} INFO - Processing /opt/airflow/dags/main.py took 0.161 seconds
[2026-01-02T22:16:16.174+0000] {processor.py:161} INFO - Started process (PID=24835) to work on /opt/airflow/dags/main.py
[2026-01-02T22:16:16.175+0000] {processor.py:830} INFO - Processing file /opt/airflow/dags/main.py for tasks to queue
[2026-01-02T22:16:16.176+0000] {logging_mixin.py:188} INFO - [2026-01-02T22:16:16.176+0000] {dagbag.py:545} INFO - Filling up the DagBag from /opt/airflow/dags/main.py
[2026-01-02T22:16:16.273+0000] {processor.py:840} INFO - DAG(s) 'update_db', 'youtube_video_stats' retrieved from /opt/airflow/dags/main.py
[2026-01-02T22:16:16.322+0000] {logging_mixin.py:188} INFO - [2026-01-02T22:16:16.322+0000] {dag.py:3096} INFO - Sync 2 DAGs
[2026-01-02T22:16:16.354+0000] {logging_mixin.py:188} INFO - [2026-01-02T22:16:16.354+0000] {dag.py:3954} INFO - Setting next_dagrun for update_db to 2026-01-02 15:00:00+00:00, run_after=2026-01-03 15:00:00+00:00
[2026-01-02T22:16:16.362+0000] {logging_mixin.py:188} INFO - [2026-01-02T22:16:16.362+0000] {dag.py:3954} INFO - Setting next_dagrun for youtube_video_stats to 2026-01-02 14:00:00+00:00, run_after=2026-01-03 14:00:00+00:00
[2026-01-02T22:16:16.384+0000] {processor.py:183} INFO - Processing /opt/airflow/dags/main.py took 0.217 seconds
[2026-01-02T22:16:46.565+0000] {processor.py:161} INFO - Started process (PID=24842) to work on /opt/airflow/dags/main.py
[2026-01-02T22:16:46.566+0000] {processor.py:830} INFO - Processing file /opt/airflow/dags/main.py for tasks to queue
[2026-01-02T22:16:46.567+0000] {logging_mixin.py:188} INFO - [2026-01-02T22:16:46.567+0000] {dagbag.py:545} INFO - Filling up the DagBag from /opt/airflow/dags/main.py
[2026-01-02T22:16:46.654+0000] {processor.py:840} INFO - DAG(s) 'update_db', 'youtube_video_stats' retrieved from /opt/airflow/dags/main.py
[2026-01-02T22:16:46.694+0000] {logging_mixin.py:188} INFO - [2026-01-02T22:16:46.693+0000] {dag.py:3096} INFO - Sync 2 DAGs
[2026-01-02T22:16:46.720+0000] {logging_mixin.py:188} INFO - [2026-01-02T22:16:46.720+0000] {dag.py:3954} INFO - Setting next_dagrun for update_db to 2026-01-02 15:00:00+00:00, run_after=2026-01-03 15:00:00+00:00
[2026-01-02T22:16:46.730+0000] {logging_mixin.py:188} INFO - [2026-01-02T22:16:46.729+0000] {dag.py:3954} INFO - Setting next_dagrun for youtube_video_stats to 2026-01-02 14:00:00+00:00, run_after=2026-01-03 14:00:00+00:00
[2026-01-02T22:16:46.750+0000] {processor.py:183} INFO - Processing /opt/airflow/dags/main.py took 0.190 seconds
[2026-01-02T22:17:16.810+0000] {processor.py:161} INFO - Started process (PID=24849) to work on /opt/airflow/dags/main.py
[2026-01-02T22:17:16.811+0000] {processor.py:830} INFO - Processing file /opt/airflow/dags/main.py for tasks to queue
[2026-01-02T22:17:16.812+0000] {logging_mixin.py:188} INFO - [2026-01-02T22:17:16.812+0000] {dagbag.py:545} INFO - Filling up the DagBag from /opt/airflow/dags/main.py
[2026-01-02T22:17:16.883+0000] {processor.py:840} INFO - DAG(s) 'youtube_video_stats', 'update_db' retrieved from /opt/airflow/dags/main.py
[2026-01-02T22:17:16.914+0000] {logging_mixin.py:188} INFO - [2026-01-02T22:17:16.914+0000] {dag.py:3096} INFO - Sync 2 DAGs
[2026-01-02T22:17:16.935+0000] {logging_mixin.py:188} INFO - [2026-01-02T22:17:16.935+0000] {dag.py:3954} INFO - Setting next_dagrun for update_db to 2026-01-02 15:00:00+00:00, run_after=2026-01-03 15:00:00+00:00
[2026-01-02T22:17:16.940+0000] {logging_mixin.py:188} INFO - [2026-01-02T22:17:16.940+0000] {dag.py:3954} INFO - Setting next_dagrun for youtube_video_stats to 2026-01-02 14:00:00+00:00, run_after=2026-01-03 14:00:00+00:00
[2026-01-02T22:17:16.955+0000] {processor.py:183} INFO - Processing /opt/airflow/dags/main.py took 0.149 seconds
[2026-01-02T22:17:47.031+0000] {processor.py:161} INFO - Started process (PID=24856) to work on /opt/airflow/dags/main.py
[2026-01-02T22:17:47.033+0000] {processor.py:830} INFO - Processing file /opt/airflow/dags/main.py for tasks to queue
[2026-01-02T22:17:47.034+0000] {logging_mixin.py:188} INFO - [2026-01-02T22:17:47.033+0000] {dagbag.py:545} INFO - Filling up the DagBag from /opt/airflow/dags/main.py
[2026-01-02T22:17:47.108+0000] {processor.py:840} INFO - DAG(s) 'youtube_video_stats', 'update_db' retrieved from /opt/airflow/dags/main.py
[2026-01-02T22:17:47.136+0000] {logging_mixin.py:188} INFO - [2026-01-02T22:17:47.135+0000] {dag.py:3096} INFO - Sync 2 DAGs
[2026-01-02T22:17:47.156+0000] {logging_mixin.py:188} INFO - [2026-01-02T22:17:47.156+0000] {dag.py:3954} INFO - Setting next_dagrun for update_db to 2026-01-02 15:00:00+00:00, run_after=2026-01-03 15:00:00+00:00
[2026-01-02T22:17:47.161+0000] {logging_mixin.py:188} INFO - [2026-01-02T22:17:47.161+0000] {dag.py:3954} INFO - Setting next_dagrun for youtube_video_stats to 2026-01-02 14:00:00+00:00, run_after=2026-01-03 14:00:00+00:00
[2026-01-02T22:17:47.179+0000] {processor.py:183} INFO - Processing /opt/airflow/dags/main.py took 0.152 seconds
[2026-01-02T22:18:17.419+0000] {processor.py:161} INFO - Started process (PID=24863) to work on /opt/airflow/dags/main.py
[2026-01-02T22:18:17.420+0000] {processor.py:830} INFO - Processing file /opt/airflow/dags/main.py for tasks to queue
[2026-01-02T22:18:17.421+0000] {logging_mixin.py:188} INFO - [2026-01-02T22:18:17.420+0000] {dagbag.py:545} INFO - Filling up the DagBag from /opt/airflow/dags/main.py
[2026-01-02T22:18:17.487+0000] {processor.py:840} INFO - DAG(s) 'youtube_video_stats', 'update_db' retrieved from /opt/airflow/dags/main.py
[2026-01-02T22:18:17.514+0000] {logging_mixin.py:188} INFO - [2026-01-02T22:18:17.514+0000] {dag.py:3096} INFO - Sync 2 DAGs
[2026-01-02T22:18:17.533+0000] {logging_mixin.py:188} INFO - [2026-01-02T22:18:17.533+0000] {dag.py:3954} INFO - Setting next_dagrun for update_db to 2026-01-02 15:00:00+00:00, run_after=2026-01-03 15:00:00+00:00
[2026-01-02T22:18:17.538+0000] {logging_mixin.py:188} INFO - [2026-01-02T22:18:17.538+0000] {dag.py:3954} INFO - Setting next_dagrun for youtube_video_stats to 2026-01-02 14:00:00+00:00, run_after=2026-01-03 14:00:00+00:00
[2026-01-02T22:18:17.555+0000] {processor.py:183} INFO - Processing /opt/airflow/dags/main.py took 0.140 seconds
[2026-01-02T22:18:47.676+0000] {processor.py:161} INFO - Started process (PID=24871) to work on /opt/airflow/dags/main.py
[2026-01-02T22:18:47.677+0000] {processor.py:830} INFO - Processing file /opt/airflow/dags/main.py for tasks to queue
[2026-01-02T22:18:47.678+0000] {logging_mixin.py:188} INFO - [2026-01-02T22:18:47.677+0000] {dagbag.py:545} INFO - Filling up the DagBag from /opt/airflow/dags/main.py
[2026-01-02T22:18:47.745+0000] {processor.py:840} INFO - DAG(s) 'update_db', 'youtube_video_stats' retrieved from /opt/airflow/dags/main.py
[2026-01-02T22:18:47.773+0000] {logging_mixin.py:188} INFO - [2026-01-02T22:18:47.773+0000] {dag.py:3096} INFO - Sync 2 DAGs
[2026-01-02T22:18:47.793+0000] {logging_mixin.py:188} INFO - [2026-01-02T22:18:47.792+0000] {dag.py:3954} INFO - Setting next_dagrun for update_db to 2026-01-02 15:00:00+00:00, run_after=2026-01-03 15:00:00+00:00
[2026-01-02T22:18:47.797+0000] {logging_mixin.py:188} INFO - [2026-01-02T22:18:47.797+0000] {dag.py:3954} INFO - Setting next_dagrun for youtube_video_stats to 2026-01-02 14:00:00+00:00, run_after=2026-01-03 14:00:00+00:00
[2026-01-02T22:18:47.813+0000] {processor.py:183} INFO - Processing /opt/airflow/dags/main.py took 0.142 seconds
[2026-01-02T22:19:18.009+0000] {processor.py:161} INFO - Started process (PID=24878) to work on /opt/airflow/dags/main.py
[2026-01-02T22:19:18.010+0000] {processor.py:830} INFO - Processing file /opt/airflow/dags/main.py for tasks to queue
[2026-01-02T22:19:18.011+0000] {logging_mixin.py:188} INFO - [2026-01-02T22:19:18.011+0000] {dagbag.py:545} INFO - Filling up the DagBag from /opt/airflow/dags/main.py
[2026-01-02T22:19:18.092+0000] {processor.py:840} INFO - DAG(s) 'update_db', 'youtube_video_stats' retrieved from /opt/airflow/dags/main.py
[2026-01-02T22:19:18.118+0000] {logging_mixin.py:188} INFO - [2026-01-02T22:19:18.118+0000] {dag.py:3096} INFO - Sync 2 DAGs
[2026-01-02T22:19:18.141+0000] {logging_mixin.py:188} INFO - [2026-01-02T22:19:18.140+0000] {dag.py:3954} INFO - Setting next_dagrun for update_db to 2026-01-02 15:00:00+00:00, run_after=2026-01-03 15:00:00+00:00
[2026-01-02T22:19:18.146+0000] {logging_mixin.py:188} INFO - [2026-01-02T22:19:18.146+0000] {dag.py:3954} INFO - Setting next_dagrun for youtube_video_stats to 2026-01-02 14:00:00+00:00, run_after=2026-01-03 14:00:00+00:00
[2026-01-02T22:19:18.163+0000] {processor.py:183} INFO - Processing /opt/airflow/dags/main.py took 0.159 seconds
[2026-01-02T22:19:48.228+0000] {processor.py:161} INFO - Started process (PID=24885) to work on /opt/airflow/dags/main.py
[2026-01-02T22:19:48.229+0000] {processor.py:830} INFO - Processing file /opt/airflow/dags/main.py for tasks to queue
[2026-01-02T22:19:48.230+0000] {logging_mixin.py:188} INFO - [2026-01-02T22:19:48.230+0000] {dagbag.py:545} INFO - Filling up the DagBag from /opt/airflow/dags/main.py
[2026-01-02T22:19:48.344+0000] {processor.py:840} INFO - DAG(s) 'update_db', 'youtube_video_stats' retrieved from /opt/airflow/dags/main.py
[2026-01-02T22:19:48.377+0000] {logging_mixin.py:188} INFO - [2026-01-02T22:19:48.376+0000] {dag.py:3096} INFO - Sync 2 DAGs
[2026-01-02T22:19:48.398+0000] {logging_mixin.py:188} INFO - [2026-01-02T22:19:48.398+0000] {dag.py:3954} INFO - Setting next_dagrun for update_db to 2026-01-02 15:00:00+00:00, run_after=2026-01-03 15:00:00+00:00
[2026-01-02T22:19:48.403+0000] {logging_mixin.py:188} INFO - [2026-01-02T22:19:48.402+0000] {dag.py:3954} INFO - Setting next_dagrun for youtube_video_stats to 2026-01-02 14:00:00+00:00, run_after=2026-01-03 14:00:00+00:00
[2026-01-02T22:19:48.421+0000] {processor.py:183} INFO - Processing /opt/airflow/dags/main.py took 0.200 seconds
[2026-01-02T22:20:18.671+0000] {processor.py:161} INFO - Started process (PID=24892) to work on /opt/airflow/dags/main.py
[2026-01-02T22:20:18.672+0000] {processor.py:830} INFO - Processing file /opt/airflow/dags/main.py for tasks to queue
[2026-01-02T22:20:18.673+0000] {logging_mixin.py:188} INFO - [2026-01-02T22:20:18.673+0000] {dagbag.py:545} INFO - Filling up the DagBag from /opt/airflow/dags/main.py
[2026-01-02T22:20:18.746+0000] {processor.py:840} INFO - DAG(s) 'youtube_video_stats', 'update_db' retrieved from /opt/airflow/dags/main.py
[2026-01-02T22:20:18.774+0000] {logging_mixin.py:188} INFO - [2026-01-02T22:20:18.774+0000] {dag.py:3096} INFO - Sync 2 DAGs
[2026-01-02T22:20:18.795+0000] {logging_mixin.py:188} INFO - [2026-01-02T22:20:18.795+0000] {dag.py:3954} INFO - Setting next_dagrun for update_db to 2026-01-02 15:00:00+00:00, run_after=2026-01-03 15:00:00+00:00
[2026-01-02T22:20:18.800+0000] {logging_mixin.py:188} INFO - [2026-01-02T22:20:18.799+0000] {dag.py:3954} INFO - Setting next_dagrun for youtube_video_stats to 2026-01-02 14:00:00+00:00, run_after=2026-01-03 14:00:00+00:00
[2026-01-02T22:20:18.816+0000] {processor.py:183} INFO - Processing /opt/airflow/dags/main.py took 0.149 seconds
[2026-01-02T22:20:48.914+0000] {processor.py:161} INFO - Started process (PID=24899) to work on /opt/airflow/dags/main.py
[2026-01-02T22:20:48.915+0000] {processor.py:830} INFO - Processing file /opt/airflow/dags/main.py for tasks to queue
[2026-01-02T22:20:48.916+0000] {logging_mixin.py:188} INFO - [2026-01-02T22:20:48.916+0000] {dagbag.py:545} INFO - Filling up the DagBag from /opt/airflow/dags/main.py
[2026-01-02T22:20:48.993+0000] {processor.py:840} INFO - DAG(s) 'update_db', 'youtube_video_stats' retrieved from /opt/airflow/dags/main.py
[2026-01-02T22:20:49.020+0000] {logging_mixin.py:188} INFO - [2026-01-02T22:20:49.020+0000] {dag.py:3096} INFO - Sync 2 DAGs
[2026-01-02T22:20:49.042+0000] {logging_mixin.py:188} INFO - [2026-01-02T22:20:49.042+0000] {dag.py:3954} INFO - Setting next_dagrun for update_db to 2026-01-02 15:00:00+00:00, run_after=2026-01-03 15:00:00+00:00
[2026-01-02T22:20:49.047+0000] {logging_mixin.py:188} INFO - [2026-01-02T22:20:49.047+0000] {dag.py:3954} INFO - Setting next_dagrun for youtube_video_stats to 2026-01-02 14:00:00+00:00, run_after=2026-01-03 14:00:00+00:00
[2026-01-02T22:20:49.064+0000] {processor.py:183} INFO - Processing /opt/airflow/dags/main.py took 0.155 seconds
[2026-01-02T22:21:19.209+0000] {processor.py:161} INFO - Started process (PID=24906) to work on /opt/airflow/dags/main.py
[2026-01-02T22:21:19.210+0000] {processor.py:830} INFO - Processing file /opt/airflow/dags/main.py for tasks to queue
[2026-01-02T22:21:19.211+0000] {logging_mixin.py:188} INFO - [2026-01-02T22:21:19.210+0000] {dagbag.py:545} INFO - Filling up the DagBag from /opt/airflow/dags/main.py
[2026-01-02T22:21:19.317+0000] {processor.py:840} INFO - DAG(s) 'update_db', 'youtube_video_stats' retrieved from /opt/airflow/dags/main.py
[2026-01-02T22:21:19.353+0000] {logging_mixin.py:188} INFO - [2026-01-02T22:21:19.353+0000] {dag.py:3096} INFO - Sync 2 DAGs
[2026-01-02T22:21:19.376+0000] {logging_mixin.py:188} INFO - [2026-01-02T22:21:19.376+0000] {dag.py:3954} INFO - Setting next_dagrun for update_db to 2026-01-02 15:00:00+00:00, run_after=2026-01-03 15:00:00+00:00
[2026-01-02T22:21:19.381+0000] {logging_mixin.py:188} INFO - [2026-01-02T22:21:19.381+0000] {dag.py:3954} INFO - Setting next_dagrun for youtube_video_stats to 2026-01-02 14:00:00+00:00, run_after=2026-01-03 14:00:00+00:00
[2026-01-02T22:21:19.402+0000] {processor.py:183} INFO - Processing /opt/airflow/dags/main.py took 0.199 seconds
[2026-01-02T22:21:49.590+0000] {processor.py:161} INFO - Started process (PID=24913) to work on /opt/airflow/dags/main.py
[2026-01-02T22:21:49.591+0000] {processor.py:830} INFO - Processing file /opt/airflow/dags/main.py for tasks to queue
[2026-01-02T22:21:49.592+0000] {logging_mixin.py:188} INFO - [2026-01-02T22:21:49.592+0000] {dagbag.py:545} INFO - Filling up the DagBag from /opt/airflow/dags/main.py
[2026-01-02T22:21:49.679+0000] {processor.py:840} INFO - DAG(s) 'youtube_video_stats', 'update_db' retrieved from /opt/airflow/dags/main.py
[2026-01-02T22:21:49.708+0000] {logging_mixin.py:188} INFO - [2026-01-02T22:21:49.708+0000] {dag.py:3096} INFO - Sync 2 DAGs
[2026-01-02T22:21:49.728+0000] {logging_mixin.py:188} INFO - [2026-01-02T22:21:49.728+0000] {dag.py:3954} INFO - Setting next_dagrun for update_db to 2026-01-02 15:00:00+00:00, run_after=2026-01-03 15:00:00+00:00
[2026-01-02T22:21:49.733+0000] {logging_mixin.py:188} INFO - [2026-01-02T22:21:49.733+0000] {dag.py:3954} INFO - Setting next_dagrun for youtube_video_stats to 2026-01-02 14:00:00+00:00, run_after=2026-01-03 14:00:00+00:00
[2026-01-02T22:21:49.750+0000] {processor.py:183} INFO - Processing /opt/airflow/dags/main.py took 0.166 seconds
[2026-01-02T22:22:19.790+0000] {processor.py:161} INFO - Started process (PID=24920) to work on /opt/airflow/dags/main.py
[2026-01-02T22:22:19.792+0000] {processor.py:830} INFO - Processing file /opt/airflow/dags/main.py for tasks to queue
[2026-01-02T22:22:19.793+0000] {logging_mixin.py:188} INFO - [2026-01-02T22:22:19.793+0000] {dagbag.py:545} INFO - Filling up the DagBag from /opt/airflow/dags/main.py
[2026-01-02T22:22:19.878+0000] {processor.py:840} INFO - DAG(s) 'youtube_video_stats', 'update_db' retrieved from /opt/airflow/dags/main.py
[2026-01-02T22:22:19.905+0000] {logging_mixin.py:188} INFO - [2026-01-02T22:22:19.905+0000] {dag.py:3096} INFO - Sync 2 DAGs
[2026-01-02T22:22:19.924+0000] {logging_mixin.py:188} INFO - [2026-01-02T22:22:19.924+0000] {dag.py:3954} INFO - Setting next_dagrun for update_db to 2026-01-02 15:00:00+00:00, run_after=2026-01-03 15:00:00+00:00
[2026-01-02T22:22:19.929+0000] {logging_mixin.py:188} INFO - [2026-01-02T22:22:19.929+0000] {dag.py:3954} INFO - Setting next_dagrun for youtube_video_stats to 2026-01-02 14:00:00+00:00, run_after=2026-01-03 14:00:00+00:00
[2026-01-02T22:22:19.947+0000] {processor.py:183} INFO - Processing /opt/airflow/dags/main.py took 0.162 seconds
[2026-01-02T22:22:50.183+0000] {processor.py:161} INFO - Started process (PID=24927) to work on /opt/airflow/dags/main.py
[2026-01-02T22:22:50.185+0000] {processor.py:830} INFO - Processing file /opt/airflow/dags/main.py for tasks to queue
[2026-01-02T22:22:50.186+0000] {logging_mixin.py:188} INFO - [2026-01-02T22:22:50.186+0000] {dagbag.py:545} INFO - Filling up the DagBag from /opt/airflow/dags/main.py
[2026-01-02T22:22:50.293+0000] {processor.py:840} INFO - DAG(s) 'update_db', 'youtube_video_stats' retrieved from /opt/airflow/dags/main.py
[2026-01-02T22:22:50.320+0000] {logging_mixin.py:188} INFO - [2026-01-02T22:22:50.320+0000] {dag.py:3096} INFO - Sync 2 DAGs
[2026-01-02T22:22:50.338+0000] {logging_mixin.py:188} INFO - [2026-01-02T22:22:50.338+0000] {dag.py:3954} INFO - Setting next_dagrun for update_db to 2026-01-02 15:00:00+00:00, run_after=2026-01-03 15:00:00+00:00
[2026-01-02T22:22:50.344+0000] {logging_mixin.py:188} INFO - [2026-01-02T22:22:50.344+0000] {dag.py:3954} INFO - Setting next_dagrun for youtube_video_stats to 2026-01-02 14:00:00+00:00, run_after=2026-01-03 14:00:00+00:00
[2026-01-02T22:22:50.364+0000] {processor.py:183} INFO - Processing /opt/airflow/dags/main.py took 0.186 seconds
[2026-01-02T22:23:20.442+0000] {processor.py:161} INFO - Started process (PID=24934) to work on /opt/airflow/dags/main.py
[2026-01-02T22:23:20.443+0000] {processor.py:830} INFO - Processing file /opt/airflow/dags/main.py for tasks to queue
[2026-01-02T22:23:20.444+0000] {logging_mixin.py:188} INFO - [2026-01-02T22:23:20.444+0000] {dagbag.py:545} INFO - Filling up the DagBag from /opt/airflow/dags/main.py
[2026-01-02T22:23:20.529+0000] {processor.py:840} INFO - DAG(s) 'update_db', 'youtube_video_stats' retrieved from /opt/airflow/dags/main.py
[2026-01-02T22:23:20.560+0000] {logging_mixin.py:188} INFO - [2026-01-02T22:23:20.559+0000] {dag.py:3096} INFO - Sync 2 DAGs
[2026-01-02T22:23:20.582+0000] {logging_mixin.py:188} INFO - [2026-01-02T22:23:20.581+0000] {dag.py:3954} INFO - Setting next_dagrun for update_db to 2026-01-02 15:00:00+00:00, run_after=2026-01-03 15:00:00+00:00
[2026-01-02T22:23:20.586+0000] {logging_mixin.py:188} INFO - [2026-01-02T22:23:20.586+0000] {dag.py:3954} INFO - Setting next_dagrun for youtube_video_stats to 2026-01-02 14:00:00+00:00, run_after=2026-01-03 14:00:00+00:00
[2026-01-02T22:23:20.603+0000] {processor.py:183} INFO - Processing /opt/airflow/dags/main.py took 0.167 seconds
[2026-01-02T22:23:50.817+0000] {processor.py:161} INFO - Started process (PID=24941) to work on /opt/airflow/dags/main.py
[2026-01-02T22:23:50.818+0000] {processor.py:830} INFO - Processing file /opt/airflow/dags/main.py for tasks to queue
[2026-01-02T22:23:50.819+0000] {logging_mixin.py:188} INFO - [2026-01-02T22:23:50.819+0000] {dagbag.py:545} INFO - Filling up the DagBag from /opt/airflow/dags/main.py
[2026-01-02T22:23:50.910+0000] {processor.py:840} INFO - DAG(s) 'update_db', 'youtube_video_stats' retrieved from /opt/airflow/dags/main.py
[2026-01-02T22:23:50.941+0000] {logging_mixin.py:188} INFO - [2026-01-02T22:23:50.941+0000] {dag.py:3096} INFO - Sync 2 DAGs
[2026-01-02T22:23:50.963+0000] {logging_mixin.py:188} INFO - [2026-01-02T22:23:50.963+0000] {dag.py:3954} INFO - Setting next_dagrun for update_db to 2026-01-02 15:00:00+00:00, run_after=2026-01-03 15:00:00+00:00
[2026-01-02T22:23:50.968+0000] {logging_mixin.py:188} INFO - [2026-01-02T22:23:50.968+0000] {dag.py:3954} INFO - Setting next_dagrun for youtube_video_stats to 2026-01-02 14:00:00+00:00, run_after=2026-01-03 14:00:00+00:00
[2026-01-02T22:23:50.986+0000] {processor.py:183} INFO - Processing /opt/airflow/dags/main.py took 0.175 seconds
[2026-01-02T22:24:21.062+0000] {processor.py:161} INFO - Started process (PID=24948) to work on /opt/airflow/dags/main.py
[2026-01-02T22:24:21.064+0000] {processor.py:830} INFO - Processing file /opt/airflow/dags/main.py for tasks to queue
[2026-01-02T22:24:21.065+0000] {logging_mixin.py:188} INFO - [2026-01-02T22:24:21.064+0000] {dagbag.py:545} INFO - Filling up the DagBag from /opt/airflow/dags/main.py
[2026-01-02T22:24:21.196+0000] {processor.py:840} INFO - DAG(s) 'youtube_video_stats', 'update_db' retrieved from /opt/airflow/dags/main.py
[2026-01-02T22:24:21.225+0000] {logging_mixin.py:188} INFO - [2026-01-02T22:24:21.225+0000] {dag.py:3096} INFO - Sync 2 DAGs
[2026-01-02T22:24:21.249+0000] {logging_mixin.py:188} INFO - [2026-01-02T22:24:21.249+0000] {dag.py:3954} INFO - Setting next_dagrun for update_db to 2026-01-02 15:00:00+00:00, run_after=2026-01-03 15:00:00+00:00
[2026-01-02T22:24:21.255+0000] {logging_mixin.py:188} INFO - [2026-01-02T22:24:21.254+0000] {dag.py:3954} INFO - Setting next_dagrun for youtube_video_stats to 2026-01-02 14:00:00+00:00, run_after=2026-01-03 14:00:00+00:00
[2026-01-02T22:24:21.274+0000] {processor.py:183} INFO - Processing /opt/airflow/dags/main.py took 0.217 seconds
[2026-01-02T22:24:51.397+0000] {processor.py:161} INFO - Started process (PID=24955) to work on /opt/airflow/dags/main.py
[2026-01-02T22:24:51.398+0000] {processor.py:830} INFO - Processing file /opt/airflow/dags/main.py for tasks to queue
[2026-01-02T22:24:51.399+0000] {logging_mixin.py:188} INFO - [2026-01-02T22:24:51.399+0000] {dagbag.py:545} INFO - Filling up the DagBag from /opt/airflow/dags/main.py
[2026-01-02T22:24:51.491+0000] {processor.py:840} INFO - DAG(s) 'update_db', 'youtube_video_stats' retrieved from /opt/airflow/dags/main.py
[2026-01-02T22:24:51.521+0000] {logging_mixin.py:188} INFO - [2026-01-02T22:24:51.521+0000] {dag.py:3096} INFO - Sync 2 DAGs
[2026-01-02T22:24:51.541+0000] {logging_mixin.py:188} INFO - [2026-01-02T22:24:51.541+0000] {dag.py:3954} INFO - Setting next_dagrun for update_db to 2026-01-02 15:00:00+00:00, run_after=2026-01-03 15:00:00+00:00
[2026-01-02T22:24:51.546+0000] {logging_mixin.py:188} INFO - [2026-01-02T22:24:51.546+0000] {dag.py:3954} INFO - Setting next_dagrun for youtube_video_stats to 2026-01-02 14:00:00+00:00, run_after=2026-01-03 14:00:00+00:00
[2026-01-02T22:24:51.565+0000] {processor.py:183} INFO - Processing /opt/airflow/dags/main.py took 0.175 seconds
[2026-01-02T22:25:21.847+0000] {processor.py:161} INFO - Started process (PID=24962) to work on /opt/airflow/dags/main.py
[2026-01-02T22:25:21.848+0000] {processor.py:830} INFO - Processing file /opt/airflow/dags/main.py for tasks to queue
[2026-01-02T22:25:21.848+0000] {logging_mixin.py:188} INFO - [2026-01-02T22:25:21.848+0000] {dagbag.py:545} INFO - Filling up the DagBag from /opt/airflow/dags/main.py
[2026-01-02T22:25:21.933+0000] {processor.py:840} INFO - DAG(s) 'update_db', 'youtube_video_stats' retrieved from /opt/airflow/dags/main.py
[2026-01-02T22:25:21.961+0000] {logging_mixin.py:188} INFO - [2026-01-02T22:25:21.961+0000] {dag.py:3096} INFO - Sync 2 DAGs
[2026-01-02T22:25:21.982+0000] {logging_mixin.py:188} INFO - [2026-01-02T22:25:21.981+0000] {dag.py:3954} INFO - Setting next_dagrun for update_db to 2026-01-02 15:00:00+00:00, run_after=2026-01-03 15:00:00+00:00
[2026-01-02T22:25:21.987+0000] {logging_mixin.py:188} INFO - [2026-01-02T22:25:21.986+0000] {dag.py:3954} INFO - Setting next_dagrun for youtube_video_stats to 2026-01-02 14:00:00+00:00, run_after=2026-01-03 14:00:00+00:00
[2026-01-02T22:25:22.002+0000] {processor.py:183} INFO - Processing /opt/airflow/dags/main.py took 0.161 seconds
[2026-01-02T22:25:52.088+0000] {processor.py:161} INFO - Started process (PID=24970) to work on /opt/airflow/dags/main.py
[2026-01-02T22:25:52.089+0000] {processor.py:830} INFO - Processing file /opt/airflow/dags/main.py for tasks to queue
[2026-01-02T22:25:52.090+0000] {logging_mixin.py:188} INFO - [2026-01-02T22:25:52.090+0000] {dagbag.py:545} INFO - Filling up the DagBag from /opt/airflow/dags/main.py
[2026-01-02T22:25:52.187+0000] {processor.py:840} INFO - DAG(s) 'youtube_video_stats', 'update_db' retrieved from /opt/airflow/dags/main.py
[2026-01-02T22:25:52.217+0000] {logging_mixin.py:188} INFO - [2026-01-02T22:25:52.217+0000] {dag.py:3096} INFO - Sync 2 DAGs
[2026-01-02T22:25:52.239+0000] {logging_mixin.py:188} INFO - [2026-01-02T22:25:52.239+0000] {dag.py:3954} INFO - Setting next_dagrun for update_db to 2026-01-02 15:00:00+00:00, run_after=2026-01-03 15:00:00+00:00
[2026-01-02T22:25:52.244+0000] {logging_mixin.py:188} INFO - [2026-01-02T22:25:52.244+0000] {dag.py:3954} INFO - Setting next_dagrun for youtube_video_stats to 2026-01-02 14:00:00+00:00, run_after=2026-01-03 14:00:00+00:00
[2026-01-02T22:25:52.261+0000] {processor.py:183} INFO - Processing /opt/airflow/dags/main.py took 0.181 seconds
[2026-01-02T22:26:22.448+0000] {processor.py:161} INFO - Started process (PID=24977) to work on /opt/airflow/dags/main.py
[2026-01-02T22:26:22.449+0000] {processor.py:830} INFO - Processing file /opt/airflow/dags/main.py for tasks to queue
[2026-01-02T22:26:22.450+0000] {logging_mixin.py:188} INFO - [2026-01-02T22:26:22.450+0000] {dagbag.py:545} INFO - Filling up the DagBag from /opt/airflow/dags/main.py
[2026-01-02T22:26:22.535+0000] {processor.py:840} INFO - DAG(s) 'youtube_video_stats', 'update_db' retrieved from /opt/airflow/dags/main.py
[2026-01-02T22:26:22.563+0000] {logging_mixin.py:188} INFO - [2026-01-02T22:26:22.562+0000] {dag.py:3096} INFO - Sync 2 DAGs
[2026-01-02T22:26:22.584+0000] {logging_mixin.py:188} INFO - [2026-01-02T22:26:22.584+0000] {dag.py:3954} INFO - Setting next_dagrun for update_db to 2026-01-02 15:00:00+00:00, run_after=2026-01-03 15:00:00+00:00
[2026-01-02T22:26:22.590+0000] {logging_mixin.py:188} INFO - [2026-01-02T22:26:22.590+0000] {dag.py:3954} INFO - Setting next_dagrun for youtube_video_stats to 2026-01-02 14:00:00+00:00, run_after=2026-01-03 14:00:00+00:00
[2026-01-02T22:26:22.605+0000] {processor.py:183} INFO - Processing /opt/airflow/dags/main.py took 0.162 seconds
[2026-01-02T22:26:52.706+0000] {processor.py:161} INFO - Started process (PID=24984) to work on /opt/airflow/dags/main.py
[2026-01-02T22:26:52.707+0000] {processor.py:830} INFO - Processing file /opt/airflow/dags/main.py for tasks to queue
[2026-01-02T22:26:52.708+0000] {logging_mixin.py:188} INFO - [2026-01-02T22:26:52.708+0000] {dagbag.py:545} INFO - Filling up the DagBag from /opt/airflow/dags/main.py
[2026-01-02T22:26:52.795+0000] {processor.py:840} INFO - DAG(s) 'youtube_video_stats', 'update_db' retrieved from /opt/airflow/dags/main.py
[2026-01-02T22:26:52.825+0000] {logging_mixin.py:188} INFO - [2026-01-02T22:26:52.825+0000] {dag.py:3096} INFO - Sync 2 DAGs
[2026-01-02T22:26:52.846+0000] {logging_mixin.py:188} INFO - [2026-01-02T22:26:52.846+0000] {dag.py:3954} INFO - Setting next_dagrun for update_db to 2026-01-02 15:00:00+00:00, run_after=2026-01-03 15:00:00+00:00
[2026-01-02T22:26:52.851+0000] {logging_mixin.py:188} INFO - [2026-01-02T22:26:52.851+0000] {dag.py:3954} INFO - Setting next_dagrun for youtube_video_stats to 2026-01-02 14:00:00+00:00, run_after=2026-01-03 14:00:00+00:00
[2026-01-02T22:26:52.872+0000] {processor.py:183} INFO - Processing /opt/airflow/dags/main.py took 0.171 seconds
[2026-01-02T22:27:23.067+0000] {processor.py:161} INFO - Started process (PID=24991) to work on /opt/airflow/dags/main.py
[2026-01-02T22:27:23.069+0000] {processor.py:830} INFO - Processing file /opt/airflow/dags/main.py for tasks to queue
[2026-01-02T22:27:23.070+0000] {logging_mixin.py:188} INFO - [2026-01-02T22:27:23.069+0000] {dagbag.py:545} INFO - Filling up the DagBag from /opt/airflow/dags/main.py
[2026-01-02T22:27:23.148+0000] {processor.py:840} INFO - DAG(s) 'update_db', 'youtube_video_stats' retrieved from /opt/airflow/dags/main.py
[2026-01-02T22:27:23.176+0000] {logging_mixin.py:188} INFO - [2026-01-02T22:27:23.176+0000] {dag.py:3096} INFO - Sync 2 DAGs
[2026-01-02T22:27:23.195+0000] {logging_mixin.py:188} INFO - [2026-01-02T22:27:23.195+0000] {dag.py:3954} INFO - Setting next_dagrun for update_db to 2026-01-02 15:00:00+00:00, run_after=2026-01-03 15:00:00+00:00
[2026-01-02T22:27:23.199+0000] {logging_mixin.py:188} INFO - [2026-01-02T22:27:23.199+0000] {dag.py:3954} INFO - Setting next_dagrun for youtube_video_stats to 2026-01-02 14:00:00+00:00, run_after=2026-01-03 14:00:00+00:00
[2026-01-02T22:27:23.213+0000] {processor.py:183} INFO - Processing /opt/airflow/dags/main.py took 0.150 seconds
[2026-01-02T22:27:53.278+0000] {processor.py:161} INFO - Started process (PID=24998) to work on /opt/airflow/dags/main.py
[2026-01-02T22:27:53.279+0000] {processor.py:830} INFO - Processing file /opt/airflow/dags/main.py for tasks to queue
[2026-01-02T22:27:53.280+0000] {logging_mixin.py:188} INFO - [2026-01-02T22:27:53.280+0000] {dagbag.py:545} INFO - Filling up the DagBag from /opt/airflow/dags/main.py
[2026-01-02T22:27:53.357+0000] {processor.py:840} INFO - DAG(s) 'update_db', 'youtube_video_stats' retrieved from /opt/airflow/dags/main.py
[2026-01-02T22:27:53.387+0000] {logging_mixin.py:188} INFO - [2026-01-02T22:27:53.387+0000] {dag.py:3096} INFO - Sync 2 DAGs
[2026-01-02T22:27:53.408+0000] {logging_mixin.py:188} INFO - [2026-01-02T22:27:53.407+0000] {dag.py:3954} INFO - Setting next_dagrun for update_db to 2026-01-02 15:00:00+00:00, run_after=2026-01-03 15:00:00+00:00
[2026-01-02T22:27:53.412+0000] {logging_mixin.py:188} INFO - [2026-01-02T22:27:53.412+0000] {dag.py:3954} INFO - Setting next_dagrun for youtube_video_stats to 2026-01-02 14:00:00+00:00, run_after=2026-01-03 14:00:00+00:00
[2026-01-02T22:27:53.429+0000] {processor.py:183} INFO - Processing /opt/airflow/dags/main.py took 0.157 seconds
[2026-01-02T22:28:23.553+0000] {processor.py:161} INFO - Started process (PID=25005) to work on /opt/airflow/dags/main.py
[2026-01-02T22:28:23.554+0000] {processor.py:830} INFO - Processing file /opt/airflow/dags/main.py for tasks to queue
[2026-01-02T22:28:23.555+0000] {logging_mixin.py:188} INFO - [2026-01-02T22:28:23.555+0000] {dagbag.py:545} INFO - Filling up the DagBag from /opt/airflow/dags/main.py
[2026-01-02T22:28:23.625+0000] {processor.py:840} INFO - DAG(s) 'update_db', 'youtube_video_stats' retrieved from /opt/airflow/dags/main.py
[2026-01-02T22:28:23.651+0000] {logging_mixin.py:188} INFO - [2026-01-02T22:28:23.651+0000] {dag.py:3096} INFO - Sync 2 DAGs
[2026-01-02T22:28:23.671+0000] {logging_mixin.py:188} INFO - [2026-01-02T22:28:23.671+0000] {dag.py:3954} INFO - Setting next_dagrun for update_db to 2026-01-02 15:00:00+00:00, run_after=2026-01-03 15:00:00+00:00
[2026-01-02T22:28:23.676+0000] {logging_mixin.py:188} INFO - [2026-01-02T22:28:23.676+0000] {dag.py:3954} INFO - Setting next_dagrun for youtube_video_stats to 2026-01-02 14:00:00+00:00, run_after=2026-01-03 14:00:00+00:00
[2026-01-02T22:28:23.694+0000] {processor.py:183} INFO - Processing /opt/airflow/dags/main.py took 0.146 seconds
[2026-01-02T22:28:53.788+0000] {processor.py:161} INFO - Started process (PID=25012) to work on /opt/airflow/dags/main.py
[2026-01-02T22:28:53.789+0000] {processor.py:830} INFO - Processing file /opt/airflow/dags/main.py for tasks to queue
[2026-01-02T22:28:53.790+0000] {logging_mixin.py:188} INFO - [2026-01-02T22:28:53.789+0000] {dagbag.py:545} INFO - Filling up the DagBag from /opt/airflow/dags/main.py
[2026-01-02T22:28:53.858+0000] {processor.py:840} INFO - DAG(s) 'youtube_video_stats', 'update_db' retrieved from /opt/airflow/dags/main.py
[2026-01-02T22:28:53.885+0000] {logging_mixin.py:188} INFO - [2026-01-02T22:28:53.885+0000] {dag.py:3096} INFO - Sync 2 DAGs
[2026-01-02T22:28:53.906+0000] {logging_mixin.py:188} INFO - [2026-01-02T22:28:53.906+0000] {dag.py:3954} INFO - Setting next_dagrun for update_db to 2026-01-02 15:00:00+00:00, run_after=2026-01-03 15:00:00+00:00
[2026-01-02T22:28:53.910+0000] {logging_mixin.py:188} INFO - [2026-01-02T22:28:53.910+0000] {dag.py:3954} INFO - Setting next_dagrun for youtube_video_stats to 2026-01-02 14:00:00+00:00, run_after=2026-01-03 14:00:00+00:00
[2026-01-02T22:28:53.928+0000] {processor.py:183} INFO - Processing /opt/airflow/dags/main.py took 0.145 seconds
[2026-01-02T22:29:24.073+0000] {processor.py:161} INFO - Started process (PID=25019) to work on /opt/airflow/dags/main.py
[2026-01-02T22:29:24.074+0000] {processor.py:830} INFO - Processing file /opt/airflow/dags/main.py for tasks to queue
[2026-01-02T22:29:24.075+0000] {logging_mixin.py:188} INFO - [2026-01-02T22:29:24.075+0000] {dagbag.py:545} INFO - Filling up the DagBag from /opt/airflow/dags/main.py
[2026-01-02T22:29:24.144+0000] {processor.py:840} INFO - DAG(s) 'update_db', 'youtube_video_stats' retrieved from /opt/airflow/dags/main.py
[2026-01-02T22:29:24.173+0000] {logging_mixin.py:188} INFO - [2026-01-02T22:29:24.173+0000] {dag.py:3096} INFO - Sync 2 DAGs
[2026-01-02T22:29:24.194+0000] {logging_mixin.py:188} INFO - [2026-01-02T22:29:24.194+0000] {dag.py:3954} INFO - Setting next_dagrun for update_db to 2026-01-02 15:00:00+00:00, run_after=2026-01-03 15:00:00+00:00
[2026-01-02T22:29:24.199+0000] {logging_mixin.py:188} INFO - [2026-01-02T22:29:24.199+0000] {dag.py:3954} INFO - Setting next_dagrun for youtube_video_stats to 2026-01-02 14:00:00+00:00, run_after=2026-01-03 14:00:00+00:00
[2026-01-02T22:29:24.222+0000] {processor.py:183} INFO - Processing /opt/airflow/dags/main.py took 0.154 seconds
[2026-01-02T22:29:54.440+0000] {processor.py:161} INFO - Started process (PID=25026) to work on /opt/airflow/dags/main.py
[2026-01-02T22:29:54.441+0000] {processor.py:830} INFO - Processing file /opt/airflow/dags/main.py for tasks to queue
[2026-01-02T22:29:54.442+0000] {logging_mixin.py:188} INFO - [2026-01-02T22:29:54.442+0000] {dagbag.py:545} INFO - Filling up the DagBag from /opt/airflow/dags/main.py
[2026-01-02T22:29:54.524+0000] {processor.py:840} INFO - DAG(s) 'youtube_video_stats', 'update_db' retrieved from /opt/airflow/dags/main.py
[2026-01-02T22:29:54.559+0000] {logging_mixin.py:188} INFO - [2026-01-02T22:29:54.559+0000] {dag.py:3096} INFO - Sync 2 DAGs
[2026-01-02T22:29:54.582+0000] {logging_mixin.py:188} INFO - [2026-01-02T22:29:54.581+0000] {dag.py:3954} INFO - Setting next_dagrun for update_db to 2026-01-02 15:00:00+00:00, run_after=2026-01-03 15:00:00+00:00
[2026-01-02T22:29:54.586+0000] {logging_mixin.py:188} INFO - [2026-01-02T22:29:54.586+0000] {dag.py:3954} INFO - Setting next_dagrun for youtube_video_stats to 2026-01-02 14:00:00+00:00, run_after=2026-01-03 14:00:00+00:00
[2026-01-02T22:29:54.600+0000] {processor.py:183} INFO - Processing /opt/airflow/dags/main.py took 0.167 seconds
[2026-01-02T22:30:24.795+0000] {processor.py:161} INFO - Started process (PID=25032) to work on /opt/airflow/dags/main.py
[2026-01-02T22:30:24.796+0000] {processor.py:830} INFO - Processing file /opt/airflow/dags/main.py for tasks to queue
[2026-01-02T22:30:24.797+0000] {logging_mixin.py:188} INFO - [2026-01-02T22:30:24.796+0000] {dagbag.py:545} INFO - Filling up the DagBag from /opt/airflow/dags/main.py
[2026-01-02T22:30:24.872+0000] {processor.py:840} INFO - DAG(s) 'youtube_video_stats', 'update_db' retrieved from /opt/airflow/dags/main.py
[2026-01-02T22:30:24.907+0000] {logging_mixin.py:188} INFO - [2026-01-02T22:30:24.907+0000] {dag.py:3096} INFO - Sync 2 DAGs
[2026-01-02T22:30:24.928+0000] {logging_mixin.py:188} INFO - [2026-01-02T22:30:24.927+0000] {dag.py:3954} INFO - Setting next_dagrun for update_db to 2026-01-02 15:00:00+00:00, run_after=2026-01-03 15:00:00+00:00
[2026-01-02T22:30:24.933+0000] {logging_mixin.py:188} INFO - [2026-01-02T22:30:24.932+0000] {dag.py:3954} INFO - Setting next_dagrun for youtube_video_stats to 2026-01-02 14:00:00+00:00, run_after=2026-01-03 14:00:00+00:00
[2026-01-02T22:30:24.951+0000] {processor.py:183} INFO - Processing /opt/airflow/dags/main.py took 0.163 seconds
[2026-01-02T22:30:55.129+0000] {processor.py:161} INFO - Started process (PID=25039) to work on /opt/airflow/dags/main.py
[2026-01-02T22:30:55.131+0000] {processor.py:830} INFO - Processing file /opt/airflow/dags/main.py for tasks to queue
[2026-01-02T22:30:55.132+0000] {logging_mixin.py:188} INFO - [2026-01-02T22:30:55.131+0000] {dagbag.py:545} INFO - Filling up the DagBag from /opt/airflow/dags/main.py
[2026-01-02T22:30:55.204+0000] {processor.py:840} INFO - DAG(s) 'youtube_video_stats', 'update_db' retrieved from /opt/airflow/dags/main.py
[2026-01-02T22:30:55.235+0000] {logging_mixin.py:188} INFO - [2026-01-02T22:30:55.235+0000] {dag.py:3096} INFO - Sync 2 DAGs
[2026-01-02T22:30:55.255+0000] {logging_mixin.py:188} INFO - [2026-01-02T22:30:55.255+0000] {dag.py:3954} INFO - Setting next_dagrun for update_db to 2026-01-02 15:00:00+00:00, run_after=2026-01-03 15:00:00+00:00
[2026-01-02T22:30:55.260+0000] {logging_mixin.py:188} INFO - [2026-01-02T22:30:55.259+0000] {dag.py:3954} INFO - Setting next_dagrun for youtube_video_stats to 2026-01-02 14:00:00+00:00, run_after=2026-01-03 14:00:00+00:00
[2026-01-02T22:30:55.276+0000] {processor.py:183} INFO - Processing /opt/airflow/dags/main.py took 0.153 seconds
[2026-01-02T22:31:25.453+0000] {processor.py:161} INFO - Started process (PID=25046) to work on /opt/airflow/dags/main.py
[2026-01-02T22:31:25.454+0000] {processor.py:830} INFO - Processing file /opt/airflow/dags/main.py for tasks to queue
[2026-01-02T22:31:25.455+0000] {logging_mixin.py:188} INFO - [2026-01-02T22:31:25.455+0000] {dagbag.py:545} INFO - Filling up the DagBag from /opt/airflow/dags/main.py
[2026-01-02T22:31:25.527+0000] {processor.py:840} INFO - DAG(s) 'youtube_video_stats', 'update_db' retrieved from /opt/airflow/dags/main.py
[2026-01-02T22:31:25.556+0000] {logging_mixin.py:188} INFO - [2026-01-02T22:31:25.556+0000] {dag.py:3096} INFO - Sync 2 DAGs
[2026-01-02T22:31:25.595+0000] {logging_mixin.py:188} INFO - [2026-01-02T22:31:25.595+0000] {dag.py:3954} INFO - Setting next_dagrun for update_db to 2026-01-02 15:00:00+00:00, run_after=2026-01-03 15:00:00+00:00
[2026-01-02T22:31:25.609+0000] {logging_mixin.py:188} INFO - [2026-01-02T22:31:25.609+0000] {dag.py:3954} INFO - Setting next_dagrun for youtube_video_stats to 2026-01-02 14:00:00+00:00, run_after=2026-01-03 14:00:00+00:00
[2026-01-02T22:31:25.627+0000] {processor.py:183} INFO - Processing /opt/airflow/dags/main.py took 0.181 seconds
[2026-01-02T22:31:55.796+0000] {processor.py:161} INFO - Started process (PID=25053) to work on /opt/airflow/dags/main.py
[2026-01-02T22:31:55.797+0000] {processor.py:830} INFO - Processing file /opt/airflow/dags/main.py for tasks to queue
[2026-01-02T22:31:55.798+0000] {logging_mixin.py:188} INFO - [2026-01-02T22:31:55.798+0000] {dagbag.py:545} INFO - Filling up the DagBag from /opt/airflow/dags/main.py
[2026-01-02T22:31:55.864+0000] {processor.py:840} INFO - DAG(s) 'youtube_video_stats', 'update_db' retrieved from /opt/airflow/dags/main.py
[2026-01-02T22:31:55.894+0000] {logging_mixin.py:188} INFO - [2026-01-02T22:31:55.893+0000] {dag.py:3096} INFO - Sync 2 DAGs
[2026-01-02T22:31:55.915+0000] {logging_mixin.py:188} INFO - [2026-01-02T22:31:55.915+0000] {dag.py:3954} INFO - Setting next_dagrun for update_db to 2026-01-02 15:00:00+00:00, run_after=2026-01-03 15:00:00+00:00
[2026-01-02T22:31:55.920+0000] {logging_mixin.py:188} INFO - [2026-01-02T22:31:55.920+0000] {dag.py:3954} INFO - Setting next_dagrun for youtube_video_stats to 2026-01-02 14:00:00+00:00, run_after=2026-01-03 14:00:00+00:00
[2026-01-02T22:31:55.937+0000] {processor.py:183} INFO - Processing /opt/airflow/dags/main.py took 0.147 seconds
[2026-01-02T22:32:25.982+0000] {processor.py:161} INFO - Started process (PID=25060) to work on /opt/airflow/dags/main.py
[2026-01-02T22:32:25.984+0000] {processor.py:830} INFO - Processing file /opt/airflow/dags/main.py for tasks to queue
[2026-01-02T22:32:25.984+0000] {logging_mixin.py:188} INFO - [2026-01-02T22:32:25.984+0000] {dagbag.py:545} INFO - Filling up the DagBag from /opt/airflow/dags/main.py
[2026-01-02T22:32:26.054+0000] {processor.py:840} INFO - DAG(s) 'update_db', 'youtube_video_stats' retrieved from /opt/airflow/dags/main.py
[2026-01-02T22:32:26.080+0000] {logging_mixin.py:188} INFO - [2026-01-02T22:32:26.080+0000] {dag.py:3096} INFO - Sync 2 DAGs
[2026-01-02T22:32:26.101+0000] {logging_mixin.py:188} INFO - [2026-01-02T22:32:26.101+0000] {dag.py:3954} INFO - Setting next_dagrun for update_db to 2026-01-02 15:00:00+00:00, run_after=2026-01-03 15:00:00+00:00
[2026-01-02T22:32:26.105+0000] {logging_mixin.py:188} INFO - [2026-01-02T22:32:26.105+0000] {dag.py:3954} INFO - Setting next_dagrun for youtube_video_stats to 2026-01-02 14:00:00+00:00, run_after=2026-01-03 14:00:00+00:00
[2026-01-02T22:32:26.120+0000] {processor.py:183} INFO - Processing /opt/airflow/dags/main.py took 0.143 seconds
[2026-01-02T22:32:56.349+0000] {processor.py:161} INFO - Started process (PID=25067) to work on /opt/airflow/dags/main.py
[2026-01-02T22:32:56.351+0000] {processor.py:830} INFO - Processing file /opt/airflow/dags/main.py for tasks to queue
[2026-01-02T22:32:56.352+0000] {logging_mixin.py:188} INFO - [2026-01-02T22:32:56.352+0000] {dagbag.py:545} INFO - Filling up the DagBag from /opt/airflow/dags/main.py
[2026-01-02T22:32:56.432+0000] {processor.py:840} INFO - DAG(s) 'update_db', 'youtube_video_stats' retrieved from /opt/airflow/dags/main.py
[2026-01-02T22:32:56.465+0000] {logging_mixin.py:188} INFO - [2026-01-02T22:32:56.465+0000] {dag.py:3096} INFO - Sync 2 DAGs
[2026-01-02T22:32:56.487+0000] {logging_mixin.py:188} INFO - [2026-01-02T22:32:56.487+0000] {dag.py:3954} INFO - Setting next_dagrun for update_db to 2026-01-02 15:00:00+00:00, run_after=2026-01-03 15:00:00+00:00
[2026-01-02T22:32:56.492+0000] {logging_mixin.py:188} INFO - [2026-01-02T22:32:56.492+0000] {dag.py:3954} INFO - Setting next_dagrun for youtube_video_stats to 2026-01-02 14:00:00+00:00, run_after=2026-01-03 14:00:00+00:00
[2026-01-02T22:32:56.507+0000] {processor.py:183} INFO - Processing /opt/airflow/dags/main.py took 0.164 seconds
[2026-01-02T22:33:26.716+0000] {processor.py:161} INFO - Started process (PID=25074) to work on /opt/airflow/dags/main.py
[2026-01-02T22:33:26.718+0000] {processor.py:830} INFO - Processing file /opt/airflow/dags/main.py for tasks to queue
[2026-01-02T22:33:26.719+0000] {logging_mixin.py:188} INFO - [2026-01-02T22:33:26.719+0000] {dagbag.py:545} INFO - Filling up the DagBag from /opt/airflow/dags/main.py
[2026-01-02T22:33:26.840+0000] {processor.py:840} INFO - DAG(s) 'update_db', 'youtube_video_stats' retrieved from /opt/airflow/dags/main.py
[2026-01-02T22:33:26.884+0000] {logging_mixin.py:188} INFO - [2026-01-02T22:33:26.884+0000] {dag.py:3096} INFO - Sync 2 DAGs
[2026-01-02T22:33:26.916+0000] {logging_mixin.py:188} INFO - [2026-01-02T22:33:26.915+0000] {dag.py:3954} INFO - Setting next_dagrun for update_db to 2026-01-02 15:00:00+00:00, run_after=2026-01-03 15:00:00+00:00
[2026-01-02T22:33:26.922+0000] {logging_mixin.py:188} INFO - [2026-01-02T22:33:26.922+0000] {dag.py:3954} INFO - Setting next_dagrun for youtube_video_stats to 2026-01-02 14:00:00+00:00, run_after=2026-01-03 14:00:00+00:00
[2026-01-02T22:33:26.943+0000] {processor.py:183} INFO - Processing /opt/airflow/dags/main.py took 0.235 seconds
[2026-01-02T22:33:57.130+0000] {processor.py:161} INFO - Started process (PID=25081) to work on /opt/airflow/dags/main.py
[2026-01-02T22:33:57.131+0000] {processor.py:830} INFO - Processing file /opt/airflow/dags/main.py for tasks to queue
[2026-01-02T22:33:57.132+0000] {logging_mixin.py:188} INFO - [2026-01-02T22:33:57.131+0000] {dagbag.py:545} INFO - Filling up the DagBag from /opt/airflow/dags/main.py
[2026-01-02T22:33:57.202+0000] {processor.py:840} INFO - DAG(s) 'youtube_video_stats', 'update_db' retrieved from /opt/airflow/dags/main.py
[2026-01-02T22:33:57.230+0000] {logging_mixin.py:188} INFO - [2026-01-02T22:33:57.229+0000] {dag.py:3096} INFO - Sync 2 DAGs
[2026-01-02T22:33:57.248+0000] {logging_mixin.py:188} INFO - [2026-01-02T22:33:57.248+0000] {dag.py:3954} INFO - Setting next_dagrun for update_db to 2026-01-02 15:00:00+00:00, run_after=2026-01-03 15:00:00+00:00
[2026-01-02T22:33:57.253+0000] {logging_mixin.py:188} INFO - [2026-01-02T22:33:57.253+0000] {dag.py:3954} INFO - Setting next_dagrun for youtube_video_stats to 2026-01-02 14:00:00+00:00, run_after=2026-01-03 14:00:00+00:00
[2026-01-02T22:33:57.269+0000] {processor.py:183} INFO - Processing /opt/airflow/dags/main.py took 0.145 seconds
[2026-01-02T22:34:27.310+0000] {processor.py:161} INFO - Started process (PID=25088) to work on /opt/airflow/dags/main.py
[2026-01-02T22:34:27.311+0000] {processor.py:830} INFO - Processing file /opt/airflow/dags/main.py for tasks to queue
[2026-01-02T22:34:27.312+0000] {logging_mixin.py:188} INFO - [2026-01-02T22:34:27.312+0000] {dagbag.py:545} INFO - Filling up the DagBag from /opt/airflow/dags/main.py
[2026-01-02T22:34:27.398+0000] {processor.py:840} INFO - DAG(s) 'update_db', 'youtube_video_stats' retrieved from /opt/airflow/dags/main.py
[2026-01-02T22:34:27.429+0000] {logging_mixin.py:188} INFO - [2026-01-02T22:34:27.429+0000] {dag.py:3096} INFO - Sync 2 DAGs
[2026-01-02T22:34:27.453+0000] {logging_mixin.py:188} INFO - [2026-01-02T22:34:27.453+0000] {dag.py:3954} INFO - Setting next_dagrun for update_db to 2026-01-02 15:00:00+00:00, run_after=2026-01-03 15:00:00+00:00
[2026-01-02T22:34:27.458+0000] {logging_mixin.py:188} INFO - [2026-01-02T22:34:27.458+0000] {dag.py:3954} INFO - Setting next_dagrun for youtube_video_stats to 2026-01-02 14:00:00+00:00, run_after=2026-01-03 14:00:00+00:00
[2026-01-02T22:34:27.475+0000] {processor.py:183} INFO - Processing /opt/airflow/dags/main.py took 0.172 seconds
[2026-01-02T22:34:57.748+0000] {processor.py:161} INFO - Started process (PID=25095) to work on /opt/airflow/dags/main.py
[2026-01-02T22:34:57.749+0000] {processor.py:830} INFO - Processing file /opt/airflow/dags/main.py for tasks to queue
[2026-01-02T22:34:57.750+0000] {logging_mixin.py:188} INFO - [2026-01-02T22:34:57.749+0000] {dagbag.py:545} INFO - Filling up the DagBag from /opt/airflow/dags/main.py
[2026-01-02T22:34:57.822+0000] {processor.py:840} INFO - DAG(s) 'update_db', 'youtube_video_stats' retrieved from /opt/airflow/dags/main.py
[2026-01-02T22:34:57.849+0000] {logging_mixin.py:188} INFO - [2026-01-02T22:34:57.849+0000] {dag.py:3096} INFO - Sync 2 DAGs
[2026-01-02T22:34:57.870+0000] {logging_mixin.py:188} INFO - [2026-01-02T22:34:57.869+0000] {dag.py:3954} INFO - Setting next_dagrun for update_db to 2026-01-02 15:00:00+00:00, run_after=2026-01-03 15:00:00+00:00
[2026-01-02T22:34:57.874+0000] {logging_mixin.py:188} INFO - [2026-01-02T22:34:57.874+0000] {dag.py:3954} INFO - Setting next_dagrun for youtube_video_stats to 2026-01-02 14:00:00+00:00, run_after=2026-01-03 14:00:00+00:00
[2026-01-02T22:34:57.891+0000] {processor.py:183} INFO - Processing /opt/airflow/dags/main.py took 0.149 seconds
[2026-01-02T22:35:27.966+0000] {processor.py:161} INFO - Started process (PID=25102) to work on /opt/airflow/dags/main.py
[2026-01-02T22:35:27.968+0000] {processor.py:830} INFO - Processing file /opt/airflow/dags/main.py for tasks to queue
[2026-01-02T22:35:27.969+0000] {logging_mixin.py:188} INFO - [2026-01-02T22:35:27.968+0000] {dagbag.py:545} INFO - Filling up the DagBag from /opt/airflow/dags/main.py
[2026-01-02T22:35:28.037+0000] {processor.py:840} INFO - DAG(s) 'update_db', 'youtube_video_stats' retrieved from /opt/airflow/dags/main.py
[2026-01-02T22:35:28.066+0000] {logging_mixin.py:188} INFO - [2026-01-02T22:35:28.066+0000] {dag.py:3096} INFO - Sync 2 DAGs
[2026-01-02T22:35:28.085+0000] {logging_mixin.py:188} INFO - [2026-01-02T22:35:28.085+0000] {dag.py:3954} INFO - Setting next_dagrun for update_db to 2026-01-02 15:00:00+00:00, run_after=2026-01-03 15:00:00+00:00
[2026-01-02T22:35:28.090+0000] {logging_mixin.py:188} INFO - [2026-01-02T22:35:28.089+0000] {dag.py:3954} INFO - Setting next_dagrun for youtube_video_stats to 2026-01-02 14:00:00+00:00, run_after=2026-01-03 14:00:00+00:00
[2026-01-02T22:35:28.105+0000] {processor.py:183} INFO - Processing /opt/airflow/dags/main.py took 0.145 seconds
[2026-01-02T22:35:58.242+0000] {processor.py:161} INFO - Started process (PID=25109) to work on /opt/airflow/dags/main.py
[2026-01-02T22:35:58.243+0000] {processor.py:830} INFO - Processing file /opt/airflow/dags/main.py for tasks to queue
[2026-01-02T22:35:58.244+0000] {logging_mixin.py:188} INFO - [2026-01-02T22:35:58.244+0000] {dagbag.py:545} INFO - Filling up the DagBag from /opt/airflow/dags/main.py
[2026-01-02T22:35:58.311+0000] {processor.py:840} INFO - DAG(s) 'update_db', 'youtube_video_stats' retrieved from /opt/airflow/dags/main.py
[2026-01-02T22:35:58.338+0000] {logging_mixin.py:188} INFO - [2026-01-02T22:35:58.338+0000] {dag.py:3096} INFO - Sync 2 DAGs
[2026-01-02T22:35:58.358+0000] {logging_mixin.py:188} INFO - [2026-01-02T22:35:58.357+0000] {dag.py:3954} INFO - Setting next_dagrun for update_db to 2026-01-02 15:00:00+00:00, run_after=2026-01-03 15:00:00+00:00
[2026-01-02T22:35:58.362+0000] {logging_mixin.py:188} INFO - [2026-01-02T22:35:58.362+0000] {dag.py:3954} INFO - Setting next_dagrun for youtube_video_stats to 2026-01-02 14:00:00+00:00, run_after=2026-01-03 14:00:00+00:00
[2026-01-02T22:35:58.379+0000] {processor.py:183} INFO - Processing /opt/airflow/dags/main.py took 0.142 seconds
[2026-01-02T22:36:28.437+0000] {processor.py:161} INFO - Started process (PID=25116) to work on /opt/airflow/dags/main.py
[2026-01-02T22:36:28.438+0000] {processor.py:830} INFO - Processing file /opt/airflow/dags/main.py for tasks to queue
[2026-01-02T22:36:28.439+0000] {logging_mixin.py:188} INFO - [2026-01-02T22:36:28.439+0000] {dagbag.py:545} INFO - Filling up the DagBag from /opt/airflow/dags/main.py
[2026-01-02T22:36:28.517+0000] {processor.py:840} INFO - DAG(s) 'update_db', 'youtube_video_stats' retrieved from /opt/airflow/dags/main.py
[2026-01-02T22:36:28.550+0000] {logging_mixin.py:188} INFO - [2026-01-02T22:36:28.549+0000] {dag.py:3096} INFO - Sync 2 DAGs
[2026-01-02T22:36:28.578+0000] {logging_mixin.py:188} INFO - [2026-01-02T22:36:28.578+0000] {dag.py:3954} INFO - Setting next_dagrun for update_db to 2026-01-02 15:00:00+00:00, run_after=2026-01-03 15:00:00+00:00
[2026-01-02T22:36:28.586+0000] {logging_mixin.py:188} INFO - [2026-01-02T22:36:28.586+0000] {dag.py:3954} INFO - Setting next_dagrun for youtube_video_stats to 2026-01-02 14:00:00+00:00, run_after=2026-01-03 14:00:00+00:00
[2026-01-02T22:36:28.625+0000] {processor.py:183} INFO - Processing /opt/airflow/dags/main.py took 0.194 seconds
[2026-01-02T22:36:58.752+0000] {processor.py:161} INFO - Started process (PID=25123) to work on /opt/airflow/dags/main.py
[2026-01-02T22:36:58.753+0000] {processor.py:830} INFO - Processing file /opt/airflow/dags/main.py for tasks to queue
[2026-01-02T22:36:58.754+0000] {logging_mixin.py:188} INFO - [2026-01-02T22:36:58.754+0000] {dagbag.py:545} INFO - Filling up the DagBag from /opt/airflow/dags/main.py
[2026-01-02T22:36:58.826+0000] {processor.py:840} INFO - DAG(s) 'youtube_video_stats', 'update_db' retrieved from /opt/airflow/dags/main.py
[2026-01-02T22:36:58.854+0000] {logging_mixin.py:188} INFO - [2026-01-02T22:36:58.854+0000] {dag.py:3096} INFO - Sync 2 DAGs
[2026-01-02T22:36:58.874+0000] {logging_mixin.py:188} INFO - [2026-01-02T22:36:58.874+0000] {dag.py:3954} INFO - Setting next_dagrun for update_db to 2026-01-02 15:00:00+00:00, run_after=2026-01-03 15:00:00+00:00
[2026-01-02T22:36:58.880+0000] {logging_mixin.py:188} INFO - [2026-01-02T22:36:58.879+0000] {dag.py:3954} INFO - Setting next_dagrun for youtube_video_stats to 2026-01-02 14:00:00+00:00, run_after=2026-01-03 14:00:00+00:00
[2026-01-02T22:36:58.895+0000] {processor.py:183} INFO - Processing /opt/airflow/dags/main.py took 0.148 seconds
[2026-01-02T22:37:29.036+0000] {processor.py:161} INFO - Started process (PID=25130) to work on /opt/airflow/dags/main.py
[2026-01-02T22:37:29.037+0000] {processor.py:830} INFO - Processing file /opt/airflow/dags/main.py for tasks to queue
[2026-01-02T22:37:29.038+0000] {logging_mixin.py:188} INFO - [2026-01-02T22:37:29.038+0000] {dagbag.py:545} INFO - Filling up the DagBag from /opt/airflow/dags/main.py
[2026-01-02T22:37:29.109+0000] {processor.py:840} INFO - DAG(s) 'youtube_video_stats', 'update_db' retrieved from /opt/airflow/dags/main.py
[2026-01-02T22:37:29.135+0000] {logging_mixin.py:188} INFO - [2026-01-02T22:37:29.135+0000] {dag.py:3096} INFO - Sync 2 DAGs
[2026-01-02T22:37:29.157+0000] {logging_mixin.py:188} INFO - [2026-01-02T22:37:29.157+0000] {dag.py:3954} INFO - Setting next_dagrun for update_db to 2026-01-02 15:00:00+00:00, run_after=2026-01-03 15:00:00+00:00
[2026-01-02T22:37:29.162+0000] {logging_mixin.py:188} INFO - [2026-01-02T22:37:29.162+0000] {dag.py:3954} INFO - Setting next_dagrun for youtube_video_stats to 2026-01-02 14:00:00+00:00, run_after=2026-01-03 14:00:00+00:00
[2026-01-02T22:37:29.178+0000] {processor.py:183} INFO - Processing /opt/airflow/dags/main.py took 0.148 seconds
[2026-01-02T22:37:59.287+0000] {processor.py:161} INFO - Started process (PID=25137) to work on /opt/airflow/dags/main.py
[2026-01-02T22:37:59.288+0000] {processor.py:830} INFO - Processing file /opt/airflow/dags/main.py for tasks to queue
[2026-01-02T22:37:59.289+0000] {logging_mixin.py:188} INFO - [2026-01-02T22:37:59.288+0000] {dagbag.py:545} INFO - Filling up the DagBag from /opt/airflow/dags/main.py
[2026-01-02T22:37:59.382+0000] {processor.py:840} INFO - DAG(s) 'update_db', 'youtube_video_stats' retrieved from /opt/airflow/dags/main.py
[2026-01-02T22:37:59.416+0000] {logging_mixin.py:188} INFO - [2026-01-02T22:37:59.416+0000] {dag.py:3096} INFO - Sync 2 DAGs
[2026-01-02T22:37:59.441+0000] {logging_mixin.py:188} INFO - [2026-01-02T22:37:59.440+0000] {dag.py:3954} INFO - Setting next_dagrun for update_db to 2026-01-02 15:00:00+00:00, run_after=2026-01-03 15:00:00+00:00
[2026-01-02T22:37:59.445+0000] {logging_mixin.py:188} INFO - [2026-01-02T22:37:59.445+0000] {dag.py:3954} INFO - Setting next_dagrun for youtube_video_stats to 2026-01-02 14:00:00+00:00, run_after=2026-01-03 14:00:00+00:00
[2026-01-02T22:37:59.462+0000] {processor.py:183} INFO - Processing /opt/airflow/dags/main.py took 0.182 seconds
[2026-01-02T22:38:29.561+0000] {processor.py:161} INFO - Started process (PID=25144) to work on /opt/airflow/dags/main.py
[2026-01-02T22:38:29.562+0000] {processor.py:830} INFO - Processing file /opt/airflow/dags/main.py for tasks to queue
[2026-01-02T22:38:29.563+0000] {logging_mixin.py:188} INFO - [2026-01-02T22:38:29.562+0000] {dagbag.py:545} INFO - Filling up the DagBag from /opt/airflow/dags/main.py
[2026-01-02T22:38:29.630+0000] {processor.py:840} INFO - DAG(s) 'update_db', 'youtube_video_stats' retrieved from /opt/airflow/dags/main.py
[2026-01-02T22:38:29.659+0000] {logging_mixin.py:188} INFO - [2026-01-02T22:38:29.659+0000] {dag.py:3096} INFO - Sync 2 DAGs
[2026-01-02T22:38:29.679+0000] {logging_mixin.py:188} INFO - [2026-01-02T22:38:29.678+0000] {dag.py:3954} INFO - Setting next_dagrun for update_db to 2026-01-02 15:00:00+00:00, run_after=2026-01-03 15:00:00+00:00
[2026-01-02T22:38:29.683+0000] {logging_mixin.py:188} INFO - [2026-01-02T22:38:29.683+0000] {dag.py:3954} INFO - Setting next_dagrun for youtube_video_stats to 2026-01-02 14:00:00+00:00, run_after=2026-01-03 14:00:00+00:00
[2026-01-02T22:38:29.699+0000] {processor.py:183} INFO - Processing /opt/airflow/dags/main.py took 0.144 seconds
[2026-01-02T22:38:59.884+0000] {processor.py:161} INFO - Started process (PID=25151) to work on /opt/airflow/dags/main.py
[2026-01-02T22:38:59.885+0000] {processor.py:830} INFO - Processing file /opt/airflow/dags/main.py for tasks to queue
[2026-01-02T22:38:59.886+0000] {logging_mixin.py:188} INFO - [2026-01-02T22:38:59.885+0000] {dagbag.py:545} INFO - Filling up the DagBag from /opt/airflow/dags/main.py
[2026-01-02T22:38:59.960+0000] {processor.py:840} INFO - DAG(s) 'youtube_video_stats', 'update_db' retrieved from /opt/airflow/dags/main.py
[2026-01-02T22:38:59.989+0000] {logging_mixin.py:188} INFO - [2026-01-02T22:38:59.989+0000] {dag.py:3096} INFO - Sync 2 DAGs
[2026-01-02T22:39:00.010+0000] {logging_mixin.py:188} INFO - [2026-01-02T22:39:00.010+0000] {dag.py:3954} INFO - Setting next_dagrun for update_db to 2026-01-02 15:00:00+00:00, run_after=2026-01-03 15:00:00+00:00
[2026-01-02T22:39:00.018+0000] {logging_mixin.py:188} INFO - [2026-01-02T22:39:00.017+0000] {dag.py:3954} INFO - Setting next_dagrun for youtube_video_stats to 2026-01-02 14:00:00+00:00, run_after=2026-01-03 14:00:00+00:00
[2026-01-02T22:39:00.038+0000] {processor.py:183} INFO - Processing /opt/airflow/dags/main.py took 0.159 seconds
[2026-01-02T22:39:30.134+0000] {processor.py:161} INFO - Started process (PID=25158) to work on /opt/airflow/dags/main.py
[2026-01-02T22:39:30.135+0000] {processor.py:830} INFO - Processing file /opt/airflow/dags/main.py for tasks to queue
[2026-01-02T22:39:30.136+0000] {logging_mixin.py:188} INFO - [2026-01-02T22:39:30.136+0000] {dagbag.py:545} INFO - Filling up the DagBag from /opt/airflow/dags/main.py
[2026-01-02T22:39:30.206+0000] {processor.py:840} INFO - DAG(s) 'update_db', 'youtube_video_stats' retrieved from /opt/airflow/dags/main.py
[2026-01-02T22:39:30.231+0000] {logging_mixin.py:188} INFO - [2026-01-02T22:39:30.231+0000] {dag.py:3096} INFO - Sync 2 DAGs
[2026-01-02T22:39:30.251+0000] {logging_mixin.py:188} INFO - [2026-01-02T22:39:30.251+0000] {dag.py:3954} INFO - Setting next_dagrun for update_db to 2026-01-02 15:00:00+00:00, run_after=2026-01-03 15:00:00+00:00
[2026-01-02T22:39:30.255+0000] {logging_mixin.py:188} INFO - [2026-01-02T22:39:30.255+0000] {dag.py:3954} INFO - Setting next_dagrun for youtube_video_stats to 2026-01-02 14:00:00+00:00, run_after=2026-01-03 14:00:00+00:00
[2026-01-02T22:39:30.270+0000] {processor.py:183} INFO - Processing /opt/airflow/dags/main.py took 0.141 seconds
[2026-01-02T22:40:00.542+0000] {processor.py:161} INFO - Started process (PID=25165) to work on /opt/airflow/dags/main.py
[2026-01-02T22:40:00.543+0000] {processor.py:830} INFO - Processing file /opt/airflow/dags/main.py for tasks to queue
[2026-01-02T22:40:00.544+0000] {logging_mixin.py:188} INFO - [2026-01-02T22:40:00.544+0000] {dagbag.py:545} INFO - Filling up the DagBag from /opt/airflow/dags/main.py
[2026-01-02T22:40:00.619+0000] {processor.py:840} INFO - DAG(s) 'update_db', 'youtube_video_stats' retrieved from /opt/airflow/dags/main.py
[2026-01-02T22:40:00.646+0000] {logging_mixin.py:188} INFO - [2026-01-02T22:40:00.645+0000] {dag.py:3096} INFO - Sync 2 DAGs
[2026-01-02T22:40:00.666+0000] {logging_mixin.py:188} INFO - [2026-01-02T22:40:00.666+0000] {dag.py:3954} INFO - Setting next_dagrun for update_db to 2026-01-02 15:00:00+00:00, run_after=2026-01-03 15:00:00+00:00
[2026-01-02T22:40:00.671+0000] {logging_mixin.py:188} INFO - [2026-01-02T22:40:00.671+0000] {dag.py:3954} INFO - Setting next_dagrun for youtube_video_stats to 2026-01-02 14:00:00+00:00, run_after=2026-01-03 14:00:00+00:00
[2026-01-02T22:40:00.690+0000] {processor.py:183} INFO - Processing /opt/airflow/dags/main.py took 0.154 seconds
[2026-01-02T22:40:30.729+0000] {processor.py:161} INFO - Started process (PID=25172) to work on /opt/airflow/dags/main.py
[2026-01-02T22:40:30.730+0000] {processor.py:830} INFO - Processing file /opt/airflow/dags/main.py for tasks to queue
[2026-01-02T22:40:30.731+0000] {logging_mixin.py:188} INFO - [2026-01-02T22:40:30.730+0000] {dagbag.py:545} INFO - Filling up the DagBag from /opt/airflow/dags/main.py
[2026-01-02T22:40:30.800+0000] {processor.py:840} INFO - DAG(s) 'youtube_video_stats', 'update_db' retrieved from /opt/airflow/dags/main.py
[2026-01-02T22:40:30.828+0000] {logging_mixin.py:188} INFO - [2026-01-02T22:40:30.828+0000] {dag.py:3096} INFO - Sync 2 DAGs
[2026-01-02T22:40:30.851+0000] {logging_mixin.py:188} INFO - [2026-01-02T22:40:30.851+0000] {dag.py:3954} INFO - Setting next_dagrun for update_db to 2026-01-02 15:00:00+00:00, run_after=2026-01-03 15:00:00+00:00
[2026-01-02T22:40:30.856+0000] {logging_mixin.py:188} INFO - [2026-01-02T22:40:30.856+0000] {dag.py:3954} INFO - Setting next_dagrun for youtube_video_stats to 2026-01-02 14:00:00+00:00, run_after=2026-01-03 14:00:00+00:00
[2026-01-02T22:40:30.872+0000] {processor.py:183} INFO - Processing /opt/airflow/dags/main.py took 0.149 seconds
[2026-01-02T22:41:00.919+0000] {processor.py:161} INFO - Started process (PID=25179) to work on /opt/airflow/dags/main.py
[2026-01-02T22:41:00.920+0000] {processor.py:830} INFO - Processing file /opt/airflow/dags/main.py for tasks to queue
[2026-01-02T22:41:00.921+0000] {logging_mixin.py:188} INFO - [2026-01-02T22:41:00.921+0000] {dagbag.py:545} INFO - Filling up the DagBag from /opt/airflow/dags/main.py
[2026-01-02T22:41:00.990+0000] {processor.py:840} INFO - DAG(s) 'update_db', 'youtube_video_stats' retrieved from /opt/airflow/dags/main.py
[2026-01-02T22:41:01.018+0000] {logging_mixin.py:188} INFO - [2026-01-02T22:41:01.018+0000] {dag.py:3096} INFO - Sync 2 DAGs
[2026-01-02T22:41:01.038+0000] {logging_mixin.py:188} INFO - [2026-01-02T22:41:01.038+0000] {dag.py:3954} INFO - Setting next_dagrun for update_db to 2026-01-02 15:00:00+00:00, run_after=2026-01-03 15:00:00+00:00
[2026-01-02T22:41:01.043+0000] {logging_mixin.py:188} INFO - [2026-01-02T22:41:01.043+0000] {dag.py:3954} INFO - Setting next_dagrun for youtube_video_stats to 2026-01-02 14:00:00+00:00, run_after=2026-01-03 14:00:00+00:00
[2026-01-02T22:41:01.060+0000] {processor.py:183} INFO - Processing /opt/airflow/dags/main.py took 0.146 seconds
[2026-01-02T22:41:31.243+0000] {processor.py:161} INFO - Started process (PID=25186) to work on /opt/airflow/dags/main.py
[2026-01-02T22:41:31.244+0000] {processor.py:830} INFO - Processing file /opt/airflow/dags/main.py for tasks to queue
[2026-01-02T22:41:31.245+0000] {logging_mixin.py:188} INFO - [2026-01-02T22:41:31.245+0000] {dagbag.py:545} INFO - Filling up the DagBag from /opt/airflow/dags/main.py
[2026-01-02T22:41:31.357+0000] {processor.py:840} INFO - DAG(s) 'update_db', 'youtube_video_stats' retrieved from /opt/airflow/dags/main.py
[2026-01-02T22:41:31.384+0000] {logging_mixin.py:188} INFO - [2026-01-02T22:41:31.383+0000] {dag.py:3096} INFO - Sync 2 DAGs
[2026-01-02T22:41:31.401+0000] {logging_mixin.py:188} INFO - [2026-01-02T22:41:31.401+0000] {dag.py:3954} INFO - Setting next_dagrun for update_db to 2026-01-02 15:00:00+00:00, run_after=2026-01-03 15:00:00+00:00
[2026-01-02T22:41:31.406+0000] {logging_mixin.py:188} INFO - [2026-01-02T22:41:31.405+0000] {dag.py:3954} INFO - Setting next_dagrun for youtube_video_stats to 2026-01-02 14:00:00+00:00, run_after=2026-01-03 14:00:00+00:00
[2026-01-02T22:41:31.420+0000] {processor.py:183} INFO - Processing /opt/airflow/dags/main.py took 0.181 seconds
[2026-01-02T22:42:01.630+0000] {processor.py:161} INFO - Started process (PID=25193) to work on /opt/airflow/dags/main.py
[2026-01-02T22:42:01.632+0000] {processor.py:830} INFO - Processing file /opt/airflow/dags/main.py for tasks to queue
[2026-01-02T22:42:01.633+0000] {logging_mixin.py:188} INFO - [2026-01-02T22:42:01.632+0000] {dagbag.py:545} INFO - Filling up the DagBag from /opt/airflow/dags/main.py
[2026-01-02T22:42:01.720+0000] {processor.py:840} INFO - DAG(s) 'youtube_video_stats', 'update_db' retrieved from /opt/airflow/dags/main.py
[2026-01-02T22:42:01.747+0000] {logging_mixin.py:188} INFO - [2026-01-02T22:42:01.746+0000] {dag.py:3096} INFO - Sync 2 DAGs
[2026-01-02T22:42:01.765+0000] {logging_mixin.py:188} INFO - [2026-01-02T22:42:01.765+0000] {dag.py:3954} INFO - Setting next_dagrun for update_db to 2026-01-02 15:00:00+00:00, run_after=2026-01-03 15:00:00+00:00
[2026-01-02T22:42:01.770+0000] {logging_mixin.py:188} INFO - [2026-01-02T22:42:01.770+0000] {dag.py:3954} INFO - Setting next_dagrun for youtube_video_stats to 2026-01-02 14:00:00+00:00, run_after=2026-01-03 14:00:00+00:00
[2026-01-02T22:42:01.784+0000] {processor.py:183} INFO - Processing /opt/airflow/dags/main.py took 0.161 seconds
[2026-01-02T22:42:31.983+0000] {processor.py:161} INFO - Started process (PID=25200) to work on /opt/airflow/dags/main.py
[2026-01-02T22:42:31.984+0000] {processor.py:830} INFO - Processing file /opt/airflow/dags/main.py for tasks to queue
[2026-01-02T22:42:31.985+0000] {logging_mixin.py:188} INFO - [2026-01-02T22:42:31.985+0000] {dagbag.py:545} INFO - Filling up the DagBag from /opt/airflow/dags/main.py
[2026-01-02T22:42:32.079+0000] {processor.py:840} INFO - DAG(s) 'update_db', 'youtube_video_stats' retrieved from /opt/airflow/dags/main.py
[2026-01-02T22:42:32.113+0000] {logging_mixin.py:188} INFO - [2026-01-02T22:42:32.113+0000] {dag.py:3096} INFO - Sync 2 DAGs
[2026-01-02T22:42:32.140+0000] {logging_mixin.py:188} INFO - [2026-01-02T22:42:32.140+0000] {dag.py:3954} INFO - Setting next_dagrun for update_db to 2026-01-02 15:00:00+00:00, run_after=2026-01-03 15:00:00+00:00
[2026-01-02T22:42:32.147+0000] {logging_mixin.py:188} INFO - [2026-01-02T22:42:32.146+0000] {dag.py:3954} INFO - Setting next_dagrun for youtube_video_stats to 2026-01-02 14:00:00+00:00, run_after=2026-01-03 14:00:00+00:00
[2026-01-02T22:42:32.170+0000] {processor.py:183} INFO - Processing /opt/airflow/dags/main.py took 0.195 seconds
[2026-01-02T22:43:02.362+0000] {processor.py:161} INFO - Started process (PID=25207) to work on /opt/airflow/dags/main.py
[2026-01-02T22:43:02.363+0000] {processor.py:830} INFO - Processing file /opt/airflow/dags/main.py for tasks to queue
[2026-01-02T22:43:02.364+0000] {logging_mixin.py:188} INFO - [2026-01-02T22:43:02.363+0000] {dagbag.py:545} INFO - Filling up the DagBag from /opt/airflow/dags/main.py
[2026-01-02T22:43:02.435+0000] {processor.py:840} INFO - DAG(s) 'update_db', 'youtube_video_stats' retrieved from /opt/airflow/dags/main.py
[2026-01-02T22:43:02.467+0000] {logging_mixin.py:188} INFO - [2026-01-02T22:43:02.467+0000] {dag.py:3096} INFO - Sync 2 DAGs
[2026-01-02T22:43:02.489+0000] {logging_mixin.py:188} INFO - [2026-01-02T22:43:02.489+0000] {dag.py:3954} INFO - Setting next_dagrun for update_db to 2026-01-02 15:00:00+00:00, run_after=2026-01-03 15:00:00+00:00
[2026-01-02T22:43:02.493+0000] {logging_mixin.py:188} INFO - [2026-01-02T22:43:02.493+0000] {dag.py:3954} INFO - Setting next_dagrun for youtube_video_stats to 2026-01-02 14:00:00+00:00, run_after=2026-01-03 14:00:00+00:00
[2026-01-02T22:43:02.509+0000] {processor.py:183} INFO - Processing /opt/airflow/dags/main.py took 0.154 seconds
[2026-01-02T22:43:32.551+0000] {processor.py:161} INFO - Started process (PID=25214) to work on /opt/airflow/dags/main.py
[2026-01-02T22:43:32.552+0000] {processor.py:830} INFO - Processing file /opt/airflow/dags/main.py for tasks to queue
[2026-01-02T22:43:32.553+0000] {logging_mixin.py:188} INFO - [2026-01-02T22:43:32.553+0000] {dagbag.py:545} INFO - Filling up the DagBag from /opt/airflow/dags/main.py
[2026-01-02T22:43:32.624+0000] {processor.py:840} INFO - DAG(s) 'youtube_video_stats', 'update_db' retrieved from /opt/airflow/dags/main.py
[2026-01-02T22:43:32.655+0000] {logging_mixin.py:188} INFO - [2026-01-02T22:43:32.655+0000] {dag.py:3096} INFO - Sync 2 DAGs
[2026-01-02T22:43:32.677+0000] {logging_mixin.py:188} INFO - [2026-01-02T22:43:32.676+0000] {dag.py:3954} INFO - Setting next_dagrun for update_db to 2026-01-02 15:00:00+00:00, run_after=2026-01-03 15:00:00+00:00
[2026-01-02T22:43:32.682+0000] {logging_mixin.py:188} INFO - [2026-01-02T22:43:32.682+0000] {dag.py:3954} INFO - Setting next_dagrun for youtube_video_stats to 2026-01-02 14:00:00+00:00, run_after=2026-01-03 14:00:00+00:00
[2026-01-02T22:43:32.695+0000] {processor.py:183} INFO - Processing /opt/airflow/dags/main.py took 0.150 seconds
[2026-01-02T22:44:02.900+0000] {processor.py:161} INFO - Started process (PID=25221) to work on /opt/airflow/dags/main.py
[2026-01-02T22:44:02.901+0000] {processor.py:830} INFO - Processing file /opt/airflow/dags/main.py for tasks to queue
[2026-01-02T22:44:02.902+0000] {logging_mixin.py:188} INFO - [2026-01-02T22:44:02.902+0000] {dagbag.py:545} INFO - Filling up the DagBag from /opt/airflow/dags/main.py
[2026-01-02T22:44:02.976+0000] {processor.py:840} INFO - DAG(s) 'youtube_video_stats', 'update_db' retrieved from /opt/airflow/dags/main.py
[2026-01-02T22:44:03.006+0000] {logging_mixin.py:188} INFO - [2026-01-02T22:44:03.005+0000] {dag.py:3096} INFO - Sync 2 DAGs
[2026-01-02T22:44:03.026+0000] {logging_mixin.py:188} INFO - [2026-01-02T22:44:03.026+0000] {dag.py:3954} INFO - Setting next_dagrun for update_db to 2026-01-02 15:00:00+00:00, run_after=2026-01-03 15:00:00+00:00
[2026-01-02T22:44:03.031+0000] {logging_mixin.py:188} INFO - [2026-01-02T22:44:03.031+0000] {dag.py:3954} INFO - Setting next_dagrun for youtube_video_stats to 2026-01-02 14:00:00+00:00, run_after=2026-01-03 14:00:00+00:00
[2026-01-02T22:44:03.053+0000] {processor.py:183} INFO - Processing /opt/airflow/dags/main.py took 0.158 seconds
[2026-01-02T22:44:33.136+0000] {processor.py:161} INFO - Started process (PID=25229) to work on /opt/airflow/dags/main.py
[2026-01-02T22:44:33.137+0000] {processor.py:830} INFO - Processing file /opt/airflow/dags/main.py for tasks to queue
[2026-01-02T22:44:33.137+0000] {logging_mixin.py:188} INFO - [2026-01-02T22:44:33.137+0000] {dagbag.py:545} INFO - Filling up the DagBag from /opt/airflow/dags/main.py
[2026-01-02T22:44:33.214+0000] {processor.py:840} INFO - DAG(s) 'update_db', 'youtube_video_stats' retrieved from /opt/airflow/dags/main.py
[2026-01-02T22:44:33.244+0000] {logging_mixin.py:188} INFO - [2026-01-02T22:44:33.244+0000] {dag.py:3096} INFO - Sync 2 DAGs
[2026-01-02T22:44:33.268+0000] {logging_mixin.py:188} INFO - [2026-01-02T22:44:33.268+0000] {dag.py:3954} INFO - Setting next_dagrun for update_db to 2026-01-02 15:00:00+00:00, run_after=2026-01-03 15:00:00+00:00
[2026-01-02T22:44:33.274+0000] {logging_mixin.py:188} INFO - [2026-01-02T22:44:33.274+0000] {dag.py:3954} INFO - Setting next_dagrun for youtube_video_stats to 2026-01-02 14:00:00+00:00, run_after=2026-01-03 14:00:00+00:00
[2026-01-02T22:44:33.292+0000] {processor.py:183} INFO - Processing /opt/airflow/dags/main.py took 0.162 seconds
[2026-01-02T22:45:03.683+0000] {processor.py:161} INFO - Started process (PID=25236) to work on /opt/airflow/dags/main.py
[2026-01-02T22:45:03.684+0000] {processor.py:830} INFO - Processing file /opt/airflow/dags/main.py for tasks to queue
[2026-01-02T22:45:03.685+0000] {logging_mixin.py:188} INFO - [2026-01-02T22:45:03.685+0000] {dagbag.py:545} INFO - Filling up the DagBag from /opt/airflow/dags/main.py
[2026-01-02T22:45:03.773+0000] {processor.py:840} INFO - DAG(s) 'update_db', 'youtube_video_stats' retrieved from /opt/airflow/dags/main.py
[2026-01-02T22:45:03.803+0000] {logging_mixin.py:188} INFO - [2026-01-02T22:45:03.803+0000] {dag.py:3096} INFO - Sync 2 DAGs
[2026-01-02T22:45:03.824+0000] {logging_mixin.py:188} INFO - [2026-01-02T22:45:03.824+0000] {dag.py:3954} INFO - Setting next_dagrun for update_db to 2026-01-02 15:00:00+00:00, run_after=2026-01-03 15:00:00+00:00
[2026-01-02T22:45:03.829+0000] {logging_mixin.py:188} INFO - [2026-01-02T22:45:03.829+0000] {dag.py:3954} INFO - Setting next_dagrun for youtube_video_stats to 2026-01-02 14:00:00+00:00, run_after=2026-01-03 14:00:00+00:00
[2026-01-02T22:45:03.847+0000] {processor.py:183} INFO - Processing /opt/airflow/dags/main.py took 0.169 seconds
[2026-01-02T22:45:33.928+0000] {processor.py:161} INFO - Started process (PID=25243) to work on /opt/airflow/dags/main.py
[2026-01-02T22:45:33.929+0000] {processor.py:830} INFO - Processing file /opt/airflow/dags/main.py for tasks to queue
[2026-01-02T22:45:33.930+0000] {logging_mixin.py:188} INFO - [2026-01-02T22:45:33.930+0000] {dagbag.py:545} INFO - Filling up the DagBag from /opt/airflow/dags/main.py
[2026-01-02T22:45:34.016+0000] {processor.py:840} INFO - DAG(s) 'youtube_video_stats', 'update_db' retrieved from /opt/airflow/dags/main.py
[2026-01-02T22:45:34.050+0000] {logging_mixin.py:188} INFO - [2026-01-02T22:45:34.050+0000] {dag.py:3096} INFO - Sync 2 DAGs
[2026-01-02T22:45:34.072+0000] {logging_mixin.py:188} INFO - [2026-01-02T22:45:34.072+0000] {dag.py:3954} INFO - Setting next_dagrun for update_db to 2026-01-02 15:00:00+00:00, run_after=2026-01-03 15:00:00+00:00
[2026-01-02T22:45:34.079+0000] {logging_mixin.py:188} INFO - [2026-01-02T22:45:34.079+0000] {dag.py:3954} INFO - Setting next_dagrun for youtube_video_stats to 2026-01-02 14:00:00+00:00, run_after=2026-01-03 14:00:00+00:00
[2026-01-02T22:45:34.102+0000] {processor.py:183} INFO - Processing /opt/airflow/dags/main.py took 0.179 seconds
[2026-01-02T22:46:04.288+0000] {processor.py:161} INFO - Started process (PID=25250) to work on /opt/airflow/dags/main.py
[2026-01-02T22:46:04.289+0000] {processor.py:830} INFO - Processing file /opt/airflow/dags/main.py for tasks to queue
[2026-01-02T22:46:04.290+0000] {logging_mixin.py:188} INFO - [2026-01-02T22:46:04.290+0000] {dagbag.py:545} INFO - Filling up the DagBag from /opt/airflow/dags/main.py
[2026-01-02T22:46:04.381+0000] {processor.py:840} INFO - DAG(s) 'update_db', 'youtube_video_stats' retrieved from /opt/airflow/dags/main.py
[2026-01-02T22:46:04.410+0000] {logging_mixin.py:188} INFO - [2026-01-02T22:46:04.409+0000] {dag.py:3096} INFO - Sync 2 DAGs
[2026-01-02T22:46:04.432+0000] {logging_mixin.py:188} INFO - [2026-01-02T22:46:04.431+0000] {dag.py:3954} INFO - Setting next_dagrun for update_db to 2026-01-02 15:00:00+00:00, run_after=2026-01-03 15:00:00+00:00
[2026-01-02T22:46:04.437+0000] {logging_mixin.py:188} INFO - [2026-01-02T22:46:04.436+0000] {dag.py:3954} INFO - Setting next_dagrun for youtube_video_stats to 2026-01-02 14:00:00+00:00, run_after=2026-01-03 14:00:00+00:00
[2026-01-02T22:46:04.453+0000] {processor.py:183} INFO - Processing /opt/airflow/dags/main.py took 0.170 seconds
[2026-01-02T22:46:34.558+0000] {processor.py:161} INFO - Started process (PID=25257) to work on /opt/airflow/dags/main.py
[2026-01-02T22:46:34.560+0000] {processor.py:830} INFO - Processing file /opt/airflow/dags/main.py for tasks to queue
[2026-01-02T22:46:34.561+0000] {logging_mixin.py:188} INFO - [2026-01-02T22:46:34.560+0000] {dagbag.py:545} INFO - Filling up the DagBag from /opt/airflow/dags/main.py
[2026-01-02T22:46:34.653+0000] {processor.py:840} INFO - DAG(s) 'update_db', 'youtube_video_stats' retrieved from /opt/airflow/dags/main.py
[2026-01-02T22:46:34.686+0000] {logging_mixin.py:188} INFO - [2026-01-02T22:46:34.686+0000] {dag.py:3096} INFO - Sync 2 DAGs
[2026-01-02T22:46:34.711+0000] {logging_mixin.py:188} INFO - [2026-01-02T22:46:34.710+0000] {dag.py:3954} INFO - Setting next_dagrun for update_db to 2026-01-02 15:00:00+00:00, run_after=2026-01-03 15:00:00+00:00
[2026-01-02T22:46:34.716+0000] {logging_mixin.py:188} INFO - [2026-01-02T22:46:34.715+0000] {dag.py:3954} INFO - Setting next_dagrun for youtube_video_stats to 2026-01-02 14:00:00+00:00, run_after=2026-01-03 14:00:00+00:00
[2026-01-02T22:46:34.731+0000] {processor.py:183} INFO - Processing /opt/airflow/dags/main.py took 0.178 seconds
[2026-01-02T22:47:04.898+0000] {processor.py:161} INFO - Started process (PID=25264) to work on /opt/airflow/dags/main.py
[2026-01-02T22:47:04.899+0000] {processor.py:830} INFO - Processing file /opt/airflow/dags/main.py for tasks to queue
[2026-01-02T22:47:04.900+0000] {logging_mixin.py:188} INFO - [2026-01-02T22:47:04.900+0000] {dagbag.py:545} INFO - Filling up the DagBag from /opt/airflow/dags/main.py
[2026-01-02T22:47:04.980+0000] {processor.py:840} INFO - DAG(s) 'youtube_video_stats', 'update_db' retrieved from /opt/airflow/dags/main.py
[2026-01-02T22:47:05.009+0000] {logging_mixin.py:188} INFO - [2026-01-02T22:47:05.009+0000] {dag.py:3096} INFO - Sync 2 DAGs
[2026-01-02T22:47:05.030+0000] {logging_mixin.py:188} INFO - [2026-01-02T22:47:05.030+0000] {dag.py:3954} INFO - Setting next_dagrun for update_db to 2026-01-02 15:00:00+00:00, run_after=2026-01-03 15:00:00+00:00
[2026-01-02T22:47:05.036+0000] {logging_mixin.py:188} INFO - [2026-01-02T22:47:05.036+0000] {dag.py:3954} INFO - Setting next_dagrun for youtube_video_stats to 2026-01-02 14:00:00+00:00, run_after=2026-01-03 14:00:00+00:00
[2026-01-02T22:47:05.053+0000] {processor.py:183} INFO - Processing /opt/airflow/dags/main.py took 0.160 seconds
[2026-01-02T22:47:35.147+0000] {processor.py:161} INFO - Started process (PID=25271) to work on /opt/airflow/dags/main.py
[2026-01-02T22:47:35.148+0000] {processor.py:830} INFO - Processing file /opt/airflow/dags/main.py for tasks to queue
[2026-01-02T22:47:35.149+0000] {logging_mixin.py:188} INFO - [2026-01-02T22:47:35.149+0000] {dagbag.py:545} INFO - Filling up the DagBag from /opt/airflow/dags/main.py
[2026-01-02T22:47:35.243+0000] {processor.py:840} INFO - DAG(s) 'youtube_video_stats', 'update_db' retrieved from /opt/airflow/dags/main.py
[2026-01-02T22:47:35.272+0000] {logging_mixin.py:188} INFO - [2026-01-02T22:47:35.272+0000] {dag.py:3096} INFO - Sync 2 DAGs
[2026-01-02T22:47:35.292+0000] {logging_mixin.py:188} INFO - [2026-01-02T22:47:35.292+0000] {dag.py:3954} INFO - Setting next_dagrun for update_db to 2026-01-02 15:00:00+00:00, run_after=2026-01-03 15:00:00+00:00
[2026-01-02T22:47:35.296+0000] {logging_mixin.py:188} INFO - [2026-01-02T22:47:35.296+0000] {dag.py:3954} INFO - Setting next_dagrun for youtube_video_stats to 2026-01-02 14:00:00+00:00, run_after=2026-01-03 14:00:00+00:00
[2026-01-02T22:47:35.315+0000] {processor.py:183} INFO - Processing /opt/airflow/dags/main.py took 0.174 seconds
[2026-01-02T22:48:05.444+0000] {processor.py:161} INFO - Started process (PID=25278) to work on /opt/airflow/dags/main.py
[2026-01-02T22:48:05.446+0000] {processor.py:830} INFO - Processing file /opt/airflow/dags/main.py for tasks to queue
[2026-01-02T22:48:05.447+0000] {logging_mixin.py:188} INFO - [2026-01-02T22:48:05.446+0000] {dagbag.py:545} INFO - Filling up the DagBag from /opt/airflow/dags/main.py
[2026-01-02T22:48:05.532+0000] {processor.py:840} INFO - DAG(s) 'update_db', 'youtube_video_stats' retrieved from /opt/airflow/dags/main.py
[2026-01-02T22:48:05.560+0000] {logging_mixin.py:188} INFO - [2026-01-02T22:48:05.559+0000] {dag.py:3096} INFO - Sync 2 DAGs
[2026-01-02T22:48:05.581+0000] {logging_mixin.py:188} INFO - [2026-01-02T22:48:05.581+0000] {dag.py:3954} INFO - Setting next_dagrun for update_db to 2026-01-02 15:00:00+00:00, run_after=2026-01-03 15:00:00+00:00
[2026-01-02T22:48:05.586+0000] {logging_mixin.py:188} INFO - [2026-01-02T22:48:05.586+0000] {dag.py:3954} INFO - Setting next_dagrun for youtube_video_stats to 2026-01-02 14:00:00+00:00, run_after=2026-01-03 14:00:00+00:00
[2026-01-02T22:48:05.610+0000] {processor.py:183} INFO - Processing /opt/airflow/dags/main.py took 0.171 seconds
[2026-01-02T22:48:35.749+0000] {processor.py:161} INFO - Started process (PID=25285) to work on /opt/airflow/dags/main.py
[2026-01-02T22:48:35.750+0000] {processor.py:830} INFO - Processing file /opt/airflow/dags/main.py for tasks to queue
[2026-01-02T22:48:35.751+0000] {logging_mixin.py:188} INFO - [2026-01-02T22:48:35.751+0000] {dagbag.py:545} INFO - Filling up the DagBag from /opt/airflow/dags/main.py
[2026-01-02T22:48:35.817+0000] {processor.py:840} INFO - DAG(s) 'update_db', 'youtube_video_stats' retrieved from /opt/airflow/dags/main.py
[2026-01-02T22:48:35.844+0000] {logging_mixin.py:188} INFO - [2026-01-02T22:48:35.844+0000] {dag.py:3096} INFO - Sync 2 DAGs
[2026-01-02T22:48:35.865+0000] {logging_mixin.py:188} INFO - [2026-01-02T22:48:35.864+0000] {dag.py:3954} INFO - Setting next_dagrun for update_db to 2026-01-02 15:00:00+00:00, run_after=2026-01-03 15:00:00+00:00
[2026-01-02T22:48:35.871+0000] {logging_mixin.py:188} INFO - [2026-01-02T22:48:35.870+0000] {dag.py:3954} INFO - Setting next_dagrun for youtube_video_stats to 2026-01-02 14:00:00+00:00, run_after=2026-01-03 14:00:00+00:00
[2026-01-02T22:48:35.886+0000] {processor.py:183} INFO - Processing /opt/airflow/dags/main.py took 0.142 seconds
[2026-01-02T22:49:06.067+0000] {processor.py:161} INFO - Started process (PID=25292) to work on /opt/airflow/dags/main.py
[2026-01-02T22:49:06.068+0000] {processor.py:830} INFO - Processing file /opt/airflow/dags/main.py for tasks to queue
[2026-01-02T22:49:06.069+0000] {logging_mixin.py:188} INFO - [2026-01-02T22:49:06.069+0000] {dagbag.py:545} INFO - Filling up the DagBag from /opt/airflow/dags/main.py
[2026-01-02T22:49:06.138+0000] {processor.py:840} INFO - DAG(s) 'youtube_video_stats', 'update_db' retrieved from /opt/airflow/dags/main.py
[2026-01-02T22:49:06.170+0000] {logging_mixin.py:188} INFO - [2026-01-02T22:49:06.170+0000] {dag.py:3096} INFO - Sync 2 DAGs
[2026-01-02T22:49:06.192+0000] {logging_mixin.py:188} INFO - [2026-01-02T22:49:06.192+0000] {dag.py:3954} INFO - Setting next_dagrun for update_db to 2026-01-02 15:00:00+00:00, run_after=2026-01-03 15:00:00+00:00
[2026-01-02T22:49:06.197+0000] {logging_mixin.py:188} INFO - [2026-01-02T22:49:06.197+0000] {dag.py:3954} INFO - Setting next_dagrun for youtube_video_stats to 2026-01-02 14:00:00+00:00, run_after=2026-01-03 14:00:00+00:00
[2026-01-02T22:49:06.217+0000] {processor.py:183} INFO - Processing /opt/airflow/dags/main.py took 0.155 seconds
[2026-01-02T22:49:36.320+0000] {processor.py:161} INFO - Started process (PID=25299) to work on /opt/airflow/dags/main.py
[2026-01-02T22:49:36.321+0000] {processor.py:830} INFO - Processing file /opt/airflow/dags/main.py for tasks to queue
[2026-01-02T22:49:36.322+0000] {logging_mixin.py:188} INFO - [2026-01-02T22:49:36.322+0000] {dagbag.py:545} INFO - Filling up the DagBag from /opt/airflow/dags/main.py
[2026-01-02T22:49:36.405+0000] {processor.py:840} INFO - DAG(s) 'update_db', 'youtube_video_stats' retrieved from /opt/airflow/dags/main.py
[2026-01-02T22:49:36.434+0000] {logging_mixin.py:188} INFO - [2026-01-02T22:49:36.434+0000] {dag.py:3096} INFO - Sync 2 DAGs
[2026-01-02T22:49:36.456+0000] {logging_mixin.py:188} INFO - [2026-01-02T22:49:36.456+0000] {dag.py:3954} INFO - Setting next_dagrun for update_db to 2026-01-02 15:00:00+00:00, run_after=2026-01-03 15:00:00+00:00
[2026-01-02T22:49:36.462+0000] {logging_mixin.py:188} INFO - [2026-01-02T22:49:36.462+0000] {dag.py:3954} INFO - Setting next_dagrun for youtube_video_stats to 2026-01-02 14:00:00+00:00, run_after=2026-01-03 14:00:00+00:00
[2026-01-02T22:49:36.483+0000] {processor.py:183} INFO - Processing /opt/airflow/dags/main.py took 0.168 seconds
[2026-01-02T22:50:06.844+0000] {processor.py:161} INFO - Started process (PID=25306) to work on /opt/airflow/dags/main.py
[2026-01-02T22:50:06.846+0000] {processor.py:830} INFO - Processing file /opt/airflow/dags/main.py for tasks to queue
[2026-01-02T22:50:06.851+0000] {logging_mixin.py:188} INFO - [2026-01-02T22:50:06.850+0000] {dagbag.py:545} INFO - Filling up the DagBag from /opt/airflow/dags/main.py
[2026-01-02T22:50:07.109+0000] {processor.py:840} INFO - DAG(s) 'update_db', 'youtube_video_stats' retrieved from /opt/airflow/dags/main.py
[2026-01-02T22:50:07.237+0000] {logging_mixin.py:188} INFO - [2026-01-02T22:50:07.237+0000] {dag.py:3096} INFO - Sync 2 DAGs
[2026-01-02T22:50:07.278+0000] {logging_mixin.py:188} INFO - [2026-01-02T22:50:07.278+0000] {dag.py:3954} INFO - Setting next_dagrun for update_db to 2026-01-02 15:00:00+00:00, run_after=2026-01-03 15:00:00+00:00
[2026-01-02T22:50:07.285+0000] {logging_mixin.py:188} INFO - [2026-01-02T22:50:07.284+0000] {dag.py:3954} INFO - Setting next_dagrun for youtube_video_stats to 2026-01-02 14:00:00+00:00, run_after=2026-01-03 14:00:00+00:00
[2026-01-02T22:50:07.310+0000] {processor.py:183} INFO - Processing /opt/airflow/dags/main.py took 0.482 seconds
[2026-01-02T22:50:37.551+0000] {processor.py:161} INFO - Started process (PID=25313) to work on /opt/airflow/dags/main.py
[2026-01-02T22:50:37.552+0000] {processor.py:830} INFO - Processing file /opt/airflow/dags/main.py for tasks to queue
[2026-01-02T22:50:37.553+0000] {logging_mixin.py:188} INFO - [2026-01-02T22:50:37.553+0000] {dagbag.py:545} INFO - Filling up the DagBag from /opt/airflow/dags/main.py
[2026-01-02T22:50:37.685+0000] {processor.py:840} INFO - DAG(s) 'youtube_video_stats', 'update_db' retrieved from /opt/airflow/dags/main.py
[2026-01-02T22:50:37.749+0000] {logging_mixin.py:188} INFO - [2026-01-02T22:50:37.749+0000] {dag.py:3096} INFO - Sync 2 DAGs
[2026-01-02T22:50:37.794+0000] {logging_mixin.py:188} INFO - [2026-01-02T22:50:37.794+0000] {dag.py:3954} INFO - Setting next_dagrun for update_db to 2026-01-02 15:00:00+00:00, run_after=2026-01-03 15:00:00+00:00
[2026-01-02T22:50:37.800+0000] {logging_mixin.py:188} INFO - [2026-01-02T22:50:37.800+0000] {dag.py:3954} INFO - Setting next_dagrun for youtube_video_stats to 2026-01-02 14:00:00+00:00, run_after=2026-01-03 14:00:00+00:00
[2026-01-02T22:50:37.826+0000] {processor.py:183} INFO - Processing /opt/airflow/dags/main.py took 0.283 seconds
[2026-01-02T22:51:08.039+0000] {processor.py:161} INFO - Started process (PID=25321) to work on /opt/airflow/dags/main.py
[2026-01-02T22:51:08.040+0000] {processor.py:830} INFO - Processing file /opt/airflow/dags/main.py for tasks to queue
[2026-01-02T22:51:08.040+0000] {logging_mixin.py:188} INFO - [2026-01-02T22:51:08.040+0000] {dagbag.py:545} INFO - Filling up the DagBag from /opt/airflow/dags/main.py
[2026-01-02T22:51:08.115+0000] {processor.py:840} INFO - DAG(s) 'update_db', 'youtube_video_stats' retrieved from /opt/airflow/dags/main.py
[2026-01-02T22:51:08.144+0000] {logging_mixin.py:188} INFO - [2026-01-02T22:51:08.143+0000] {dag.py:3096} INFO - Sync 2 DAGs
[2026-01-02T22:51:08.164+0000] {logging_mixin.py:188} INFO - [2026-01-02T22:51:08.164+0000] {dag.py:3954} INFO - Setting next_dagrun for update_db to 2026-01-02 15:00:00+00:00, run_after=2026-01-03 15:00:00+00:00
[2026-01-02T22:51:08.168+0000] {logging_mixin.py:188} INFO - [2026-01-02T22:51:08.168+0000] {dag.py:3954} INFO - Setting next_dagrun for youtube_video_stats to 2026-01-02 14:00:00+00:00, run_after=2026-01-03 14:00:00+00:00
[2026-01-02T22:51:08.187+0000] {processor.py:183} INFO - Processing /opt/airflow/dags/main.py took 0.153 seconds
[2026-01-02T22:51:38.357+0000] {processor.py:161} INFO - Started process (PID=25328) to work on /opt/airflow/dags/main.py
[2026-01-02T22:51:38.358+0000] {processor.py:830} INFO - Processing file /opt/airflow/dags/main.py for tasks to queue
[2026-01-02T22:51:38.358+0000] {logging_mixin.py:188} INFO - [2026-01-02T22:51:38.358+0000] {dagbag.py:545} INFO - Filling up the DagBag from /opt/airflow/dags/main.py
[2026-01-02T22:51:38.427+0000] {processor.py:840} INFO - DAG(s) 'update_db', 'youtube_video_stats' retrieved from /opt/airflow/dags/main.py
[2026-01-02T22:51:38.454+0000] {logging_mixin.py:188} INFO - [2026-01-02T22:51:38.454+0000] {dag.py:3096} INFO - Sync 2 DAGs
[2026-01-02T22:51:38.475+0000] {logging_mixin.py:188} INFO - [2026-01-02T22:51:38.475+0000] {dag.py:3954} INFO - Setting next_dagrun for update_db to 2026-01-02 15:00:00+00:00, run_after=2026-01-03 15:00:00+00:00
[2026-01-02T22:51:38.480+0000] {logging_mixin.py:188} INFO - [2026-01-02T22:51:38.479+0000] {dag.py:3954} INFO - Setting next_dagrun for youtube_video_stats to 2026-01-02 14:00:00+00:00, run_after=2026-01-03 14:00:00+00:00
[2026-01-02T22:51:38.494+0000] {processor.py:183} INFO - Processing /opt/airflow/dags/main.py took 0.143 seconds
[2026-01-02T22:52:08.551+0000] {processor.py:161} INFO - Started process (PID=25335) to work on /opt/airflow/dags/main.py
[2026-01-02T22:52:08.552+0000] {processor.py:830} INFO - Processing file /opt/airflow/dags/main.py for tasks to queue
[2026-01-02T22:52:08.553+0000] {logging_mixin.py:188} INFO - [2026-01-02T22:52:08.553+0000] {dagbag.py:545} INFO - Filling up the DagBag from /opt/airflow/dags/main.py
[2026-01-02T22:52:08.624+0000] {processor.py:840} INFO - DAG(s) 'update_db', 'youtube_video_stats' retrieved from /opt/airflow/dags/main.py
[2026-01-02T22:52:08.652+0000] {logging_mixin.py:188} INFO - [2026-01-02T22:52:08.651+0000] {dag.py:3096} INFO - Sync 2 DAGs
[2026-01-02T22:52:08.671+0000] {logging_mixin.py:188} INFO - [2026-01-02T22:52:08.671+0000] {dag.py:3954} INFO - Setting next_dagrun for update_db to 2026-01-02 15:00:00+00:00, run_after=2026-01-03 15:00:00+00:00
[2026-01-02T22:52:08.675+0000] {logging_mixin.py:188} INFO - [2026-01-02T22:52:08.675+0000] {dag.py:3954} INFO - Setting next_dagrun for youtube_video_stats to 2026-01-02 14:00:00+00:00, run_after=2026-01-03 14:00:00+00:00
[2026-01-02T22:52:08.690+0000] {processor.py:183} INFO - Processing /opt/airflow/dags/main.py took 0.144 seconds
[2026-01-02T22:52:38.891+0000] {processor.py:161} INFO - Started process (PID=25342) to work on /opt/airflow/dags/main.py
[2026-01-02T22:52:38.892+0000] {processor.py:830} INFO - Processing file /opt/airflow/dags/main.py for tasks to queue
[2026-01-02T22:52:38.893+0000] {logging_mixin.py:188} INFO - [2026-01-02T22:52:38.893+0000] {dagbag.py:545} INFO - Filling up the DagBag from /opt/airflow/dags/main.py
[2026-01-02T22:52:38.965+0000] {processor.py:840} INFO - DAG(s) 'update_db', 'youtube_video_stats' retrieved from /opt/airflow/dags/main.py
[2026-01-02T22:52:38.995+0000] {logging_mixin.py:188} INFO - [2026-01-02T22:52:38.994+0000] {dag.py:3096} INFO - Sync 2 DAGs
[2026-01-02T22:52:39.016+0000] {logging_mixin.py:188} INFO - [2026-01-02T22:52:39.016+0000] {dag.py:3954} INFO - Setting next_dagrun for update_db to 2026-01-02 15:00:00+00:00, run_after=2026-01-03 15:00:00+00:00
[2026-01-02T22:52:39.022+0000] {logging_mixin.py:188} INFO - [2026-01-02T22:52:39.022+0000] {dag.py:3954} INFO - Setting next_dagrun for youtube_video_stats to 2026-01-02 14:00:00+00:00, run_after=2026-01-03 14:00:00+00:00
[2026-01-02T22:52:39.038+0000] {processor.py:183} INFO - Processing /opt/airflow/dags/main.py took 0.153 seconds
[2026-01-02T22:53:09.113+0000] {processor.py:161} INFO - Started process (PID=25349) to work on /opt/airflow/dags/main.py
[2026-01-02T22:53:09.114+0000] {processor.py:830} INFO - Processing file /opt/airflow/dags/main.py for tasks to queue
[2026-01-02T22:53:09.115+0000] {logging_mixin.py:188} INFO - [2026-01-02T22:53:09.114+0000] {dagbag.py:545} INFO - Filling up the DagBag from /opt/airflow/dags/main.py
[2026-01-02T22:53:09.184+0000] {processor.py:840} INFO - DAG(s) 'youtube_video_stats', 'update_db' retrieved from /opt/airflow/dags/main.py
[2026-01-02T22:53:09.213+0000] {logging_mixin.py:188} INFO - [2026-01-02T22:53:09.212+0000] {dag.py:3096} INFO - Sync 2 DAGs
[2026-01-02T22:53:09.233+0000] {logging_mixin.py:188} INFO - [2026-01-02T22:53:09.233+0000] {dag.py:3954} INFO - Setting next_dagrun for update_db to 2026-01-02 15:00:00+00:00, run_after=2026-01-03 15:00:00+00:00
[2026-01-02T22:53:09.237+0000] {logging_mixin.py:188} INFO - [2026-01-02T22:53:09.237+0000] {dag.py:3954} INFO - Setting next_dagrun for youtube_video_stats to 2026-01-02 14:00:00+00:00, run_after=2026-01-03 14:00:00+00:00
[2026-01-02T22:53:09.253+0000] {processor.py:183} INFO - Processing /opt/airflow/dags/main.py took 0.146 seconds
[2026-01-02T22:53:39.420+0000] {processor.py:161} INFO - Started process (PID=25356) to work on /opt/airflow/dags/main.py
[2026-01-02T22:53:39.421+0000] {processor.py:830} INFO - Processing file /opt/airflow/dags/main.py for tasks to queue
[2026-01-02T22:53:39.422+0000] {logging_mixin.py:188} INFO - [2026-01-02T22:53:39.422+0000] {dagbag.py:545} INFO - Filling up the DagBag from /opt/airflow/dags/main.py
[2026-01-02T22:53:39.486+0000] {processor.py:840} INFO - DAG(s) 'update_db', 'youtube_video_stats' retrieved from /opt/airflow/dags/main.py
[2026-01-02T22:53:39.511+0000] {logging_mixin.py:188} INFO - [2026-01-02T22:53:39.511+0000] {dag.py:3096} INFO - Sync 2 DAGs
[2026-01-02T22:53:39.531+0000] {logging_mixin.py:188} INFO - [2026-01-02T22:53:39.530+0000] {dag.py:3954} INFO - Setting next_dagrun for update_db to 2026-01-02 15:00:00+00:00, run_after=2026-01-03 15:00:00+00:00
[2026-01-02T22:53:39.536+0000] {logging_mixin.py:188} INFO - [2026-01-02T22:53:39.535+0000] {dag.py:3954} INFO - Setting next_dagrun for youtube_video_stats to 2026-01-02 14:00:00+00:00, run_after=2026-01-03 14:00:00+00:00
[2026-01-02T22:53:39.551+0000] {processor.py:183} INFO - Processing /opt/airflow/dags/main.py took 0.136 seconds
[2026-01-02T22:54:09.660+0000] {processor.py:161} INFO - Started process (PID=25363) to work on /opt/airflow/dags/main.py
[2026-01-02T22:54:09.661+0000] {processor.py:830} INFO - Processing file /opt/airflow/dags/main.py for tasks to queue
[2026-01-02T22:54:09.662+0000] {logging_mixin.py:188} INFO - [2026-01-02T22:54:09.662+0000] {dagbag.py:545} INFO - Filling up the DagBag from /opt/airflow/dags/main.py
[2026-01-02T22:54:09.731+0000] {processor.py:840} INFO - DAG(s) 'youtube_video_stats', 'update_db' retrieved from /opt/airflow/dags/main.py
[2026-01-02T22:54:09.758+0000] {logging_mixin.py:188} INFO - [2026-01-02T22:54:09.758+0000] {dag.py:3096} INFO - Sync 2 DAGs
[2026-01-02T22:54:09.779+0000] {logging_mixin.py:188} INFO - [2026-01-02T22:54:09.778+0000] {dag.py:3954} INFO - Setting next_dagrun for update_db to 2026-01-02 15:00:00+00:00, run_after=2026-01-03 15:00:00+00:00
[2026-01-02T22:54:09.784+0000] {logging_mixin.py:188} INFO - [2026-01-02T22:54:09.784+0000] {dag.py:3954} INFO - Setting next_dagrun for youtube_video_stats to 2026-01-02 14:00:00+00:00, run_after=2026-01-03 14:00:00+00:00
[2026-01-02T22:54:09.799+0000] {processor.py:183} INFO - Processing /opt/airflow/dags/main.py took 0.145 seconds
[2026-01-02T22:54:39.954+0000] {processor.py:161} INFO - Started process (PID=25370) to work on /opt/airflow/dags/main.py
[2026-01-02T22:54:39.955+0000] {processor.py:830} INFO - Processing file /opt/airflow/dags/main.py for tasks to queue
[2026-01-02T22:54:39.956+0000] {logging_mixin.py:188} INFO - [2026-01-02T22:54:39.956+0000] {dagbag.py:545} INFO - Filling up the DagBag from /opt/airflow/dags/main.py
[2026-01-02T22:54:40.027+0000] {processor.py:840} INFO - DAG(s) 'update_db', 'youtube_video_stats' retrieved from /opt/airflow/dags/main.py
[2026-01-02T22:54:40.054+0000] {logging_mixin.py:188} INFO - [2026-01-02T22:54:40.053+0000] {dag.py:3096} INFO - Sync 2 DAGs
[2026-01-02T22:54:40.074+0000] {logging_mixin.py:188} INFO - [2026-01-02T22:54:40.074+0000] {dag.py:3954} INFO - Setting next_dagrun for update_db to 2026-01-02 15:00:00+00:00, run_after=2026-01-03 15:00:00+00:00
[2026-01-02T22:54:40.079+0000] {logging_mixin.py:188} INFO - [2026-01-02T22:54:40.079+0000] {dag.py:3954} INFO - Setting next_dagrun for youtube_video_stats to 2026-01-02 14:00:00+00:00, run_after=2026-01-03 14:00:00+00:00
[2026-01-02T22:54:40.094+0000] {processor.py:183} INFO - Processing /opt/airflow/dags/main.py took 0.146 seconds
[2026-01-02T22:55:10.328+0000] {processor.py:161} INFO - Started process (PID=25377) to work on /opt/airflow/dags/main.py
[2026-01-02T22:55:10.329+0000] {processor.py:830} INFO - Processing file /opt/airflow/dags/main.py for tasks to queue
[2026-01-02T22:55:10.330+0000] {logging_mixin.py:188} INFO - [2026-01-02T22:55:10.330+0000] {dagbag.py:545} INFO - Filling up the DagBag from /opt/airflow/dags/main.py
[2026-01-02T22:55:10.395+0000] {processor.py:840} INFO - DAG(s) 'update_db', 'youtube_video_stats' retrieved from /opt/airflow/dags/main.py
[2026-01-02T22:55:10.421+0000] {logging_mixin.py:188} INFO - [2026-01-02T22:55:10.421+0000] {dag.py:3096} INFO - Sync 2 DAGs
[2026-01-02T22:55:10.444+0000] {logging_mixin.py:188} INFO - [2026-01-02T22:55:10.443+0000] {dag.py:3954} INFO - Setting next_dagrun for update_db to 2026-01-02 15:00:00+00:00, run_after=2026-01-03 15:00:00+00:00
[2026-01-02T22:55:10.448+0000] {logging_mixin.py:188} INFO - [2026-01-02T22:55:10.448+0000] {dag.py:3954} INFO - Setting next_dagrun for youtube_video_stats to 2026-01-02 14:00:00+00:00, run_after=2026-01-03 14:00:00+00:00
[2026-01-02T22:55:10.464+0000] {processor.py:183} INFO - Processing /opt/airflow/dags/main.py took 0.141 seconds
[2026-01-02T22:55:40.538+0000] {processor.py:161} INFO - Started process (PID=25384) to work on /opt/airflow/dags/main.py
[2026-01-02T22:55:40.539+0000] {processor.py:830} INFO - Processing file /opt/airflow/dags/main.py for tasks to queue
[2026-01-02T22:55:40.540+0000] {logging_mixin.py:188} INFO - [2026-01-02T22:55:40.540+0000] {dagbag.py:545} INFO - Filling up the DagBag from /opt/airflow/dags/main.py
[2026-01-02T22:55:40.614+0000] {processor.py:840} INFO - DAG(s) 'update_db', 'youtube_video_stats' retrieved from /opt/airflow/dags/main.py
[2026-01-02T22:55:40.644+0000] {logging_mixin.py:188} INFO - [2026-01-02T22:55:40.644+0000] {dag.py:3096} INFO - Sync 2 DAGs
[2026-01-02T22:55:40.664+0000] {logging_mixin.py:188} INFO - [2026-01-02T22:55:40.664+0000] {dag.py:3954} INFO - Setting next_dagrun for update_db to 2026-01-02 15:00:00+00:00, run_after=2026-01-03 15:00:00+00:00
[2026-01-02T22:55:40.669+0000] {logging_mixin.py:188} INFO - [2026-01-02T22:55:40.668+0000] {dag.py:3954} INFO - Setting next_dagrun for youtube_video_stats to 2026-01-02 14:00:00+00:00, run_after=2026-01-03 14:00:00+00:00
[2026-01-02T22:55:40.682+0000] {processor.py:183} INFO - Processing /opt/airflow/dags/main.py took 0.149 seconds
[2026-01-02T22:56:10.904+0000] {processor.py:161} INFO - Started process (PID=25392) to work on /opt/airflow/dags/main.py
[2026-01-02T22:56:10.905+0000] {processor.py:830} INFO - Processing file /opt/airflow/dags/main.py for tasks to queue
[2026-01-02T22:56:10.906+0000] {logging_mixin.py:188} INFO - [2026-01-02T22:56:10.906+0000] {dagbag.py:545} INFO - Filling up the DagBag from /opt/airflow/dags/main.py
[2026-01-02T22:56:11.003+0000] {processor.py:840} INFO - DAG(s) 'youtube_video_stats', 'update_db' retrieved from /opt/airflow/dags/main.py
[2026-01-02T22:56:11.032+0000] {logging_mixin.py:188} INFO - [2026-01-02T22:56:11.032+0000] {dag.py:3096} INFO - Sync 2 DAGs
[2026-01-02T22:56:11.051+0000] {logging_mixin.py:188} INFO - [2026-01-02T22:56:11.051+0000] {dag.py:3954} INFO - Setting next_dagrun for update_db to 2026-01-02 15:00:00+00:00, run_after=2026-01-03 15:00:00+00:00
[2026-01-02T22:56:11.056+0000] {logging_mixin.py:188} INFO - [2026-01-02T22:56:11.056+0000] {dag.py:3954} INFO - Setting next_dagrun for youtube_video_stats to 2026-01-02 14:00:00+00:00, run_after=2026-01-03 14:00:00+00:00
[2026-01-02T22:56:11.072+0000] {processor.py:183} INFO - Processing /opt/airflow/dags/main.py took 0.173 seconds
[2026-01-02T22:56:41.248+0000] {processor.py:161} INFO - Started process (PID=25399) to work on /opt/airflow/dags/main.py
[2026-01-02T22:56:41.249+0000] {processor.py:830} INFO - Processing file /opt/airflow/dags/main.py for tasks to queue
[2026-01-02T22:56:41.250+0000] {logging_mixin.py:188} INFO - [2026-01-02T22:56:41.249+0000] {dagbag.py:545} INFO - Filling up the DagBag from /opt/airflow/dags/main.py
[2026-01-02T22:56:41.365+0000] {processor.py:840} INFO - DAG(s) 'update_db', 'youtube_video_stats' retrieved from /opt/airflow/dags/main.py
[2026-01-02T22:56:41.397+0000] {logging_mixin.py:188} INFO - [2026-01-02T22:56:41.397+0000] {dag.py:3096} INFO - Sync 2 DAGs
[2026-01-02T22:56:41.420+0000] {logging_mixin.py:188} INFO - [2026-01-02T22:56:41.420+0000] {dag.py:3954} INFO - Setting next_dagrun for update_db to 2026-01-02 15:00:00+00:00, run_after=2026-01-03 15:00:00+00:00
[2026-01-02T22:56:41.425+0000] {logging_mixin.py:188} INFO - [2026-01-02T22:56:41.425+0000] {dag.py:3954} INFO - Setting next_dagrun for youtube_video_stats to 2026-01-02 14:00:00+00:00, run_after=2026-01-03 14:00:00+00:00
[2026-01-02T22:56:41.443+0000] {processor.py:183} INFO - Processing /opt/airflow/dags/main.py took 0.201 seconds
[2026-01-02T22:57:11.616+0000] {processor.py:161} INFO - Started process (PID=25406) to work on /opt/airflow/dags/main.py
[2026-01-02T22:57:11.617+0000] {processor.py:830} INFO - Processing file /opt/airflow/dags/main.py for tasks to queue
[2026-01-02T22:57:11.618+0000] {logging_mixin.py:188} INFO - [2026-01-02T22:57:11.618+0000] {dagbag.py:545} INFO - Filling up the DagBag from /opt/airflow/dags/main.py
[2026-01-02T22:57:11.691+0000] {processor.py:840} INFO - DAG(s) 'youtube_video_stats', 'update_db' retrieved from /opt/airflow/dags/main.py
[2026-01-02T22:57:11.721+0000] {logging_mixin.py:188} INFO - [2026-01-02T22:57:11.721+0000] {dag.py:3096} INFO - Sync 2 DAGs
[2026-01-02T22:57:11.743+0000] {logging_mixin.py:188} INFO - [2026-01-02T22:57:11.743+0000] {dag.py:3954} INFO - Setting next_dagrun for update_db to 2026-01-02 15:00:00+00:00, run_after=2026-01-03 15:00:00+00:00
[2026-01-02T22:57:11.747+0000] {logging_mixin.py:188} INFO - [2026-01-02T22:57:11.747+0000] {dag.py:3954} INFO - Setting next_dagrun for youtube_video_stats to 2026-01-02 14:00:00+00:00, run_after=2026-01-03 14:00:00+00:00
[2026-01-02T22:57:11.764+0000] {processor.py:183} INFO - Processing /opt/airflow/dags/main.py took 0.153 seconds
[2026-01-02T22:57:41.827+0000] {processor.py:161} INFO - Started process (PID=25413) to work on /opt/airflow/dags/main.py
[2026-01-02T22:57:41.828+0000] {processor.py:830} INFO - Processing file /opt/airflow/dags/main.py for tasks to queue
[2026-01-02T22:57:41.829+0000] {logging_mixin.py:188} INFO - [2026-01-02T22:57:41.829+0000] {dagbag.py:545} INFO - Filling up the DagBag from /opt/airflow/dags/main.py
[2026-01-02T22:57:41.900+0000] {processor.py:840} INFO - DAG(s) 'youtube_video_stats', 'update_db' retrieved from /opt/airflow/dags/main.py
[2026-01-02T22:57:41.930+0000] {logging_mixin.py:188} INFO - [2026-01-02T22:57:41.930+0000] {dag.py:3096} INFO - Sync 2 DAGs
[2026-01-02T22:57:41.952+0000] {logging_mixin.py:188} INFO - [2026-01-02T22:57:41.952+0000] {dag.py:3954} INFO - Setting next_dagrun for update_db to 2026-01-02 15:00:00+00:00, run_after=2026-01-03 15:00:00+00:00
[2026-01-02T22:57:41.957+0000] {logging_mixin.py:188} INFO - [2026-01-02T22:57:41.957+0000] {dag.py:3954} INFO - Setting next_dagrun for youtube_video_stats to 2026-01-02 14:00:00+00:00, run_after=2026-01-03 14:00:00+00:00
[2026-01-02T22:57:41.974+0000] {processor.py:183} INFO - Processing /opt/airflow/dags/main.py took 0.151 seconds
[2026-01-02T22:58:12.225+0000] {processor.py:161} INFO - Started process (PID=25420) to work on /opt/airflow/dags/main.py
[2026-01-02T22:58:12.226+0000] {processor.py:830} INFO - Processing file /opt/airflow/dags/main.py for tasks to queue
[2026-01-02T22:58:12.227+0000] {logging_mixin.py:188} INFO - [2026-01-02T22:58:12.227+0000] {dagbag.py:545} INFO - Filling up the DagBag from /opt/airflow/dags/main.py
[2026-01-02T22:58:12.318+0000] {processor.py:840} INFO - DAG(s) 'youtube_video_stats', 'update_db' retrieved from /opt/airflow/dags/main.py
[2026-01-02T22:58:12.346+0000] {logging_mixin.py:188} INFO - [2026-01-02T22:58:12.346+0000] {dag.py:3096} INFO - Sync 2 DAGs
[2026-01-02T22:58:12.366+0000] {logging_mixin.py:188} INFO - [2026-01-02T22:58:12.365+0000] {dag.py:3954} INFO - Setting next_dagrun for update_db to 2026-01-02 15:00:00+00:00, run_after=2026-01-03 15:00:00+00:00
[2026-01-02T22:58:12.371+0000] {logging_mixin.py:188} INFO - [2026-01-02T22:58:12.371+0000] {dag.py:3954} INFO - Setting next_dagrun for youtube_video_stats to 2026-01-02 14:00:00+00:00, run_after=2026-01-03 14:00:00+00:00
[2026-01-02T22:58:12.387+0000] {processor.py:183} INFO - Processing /opt/airflow/dags/main.py took 0.167 seconds
[2026-01-02T22:58:42.473+0000] {processor.py:161} INFO - Started process (PID=25427) to work on /opt/airflow/dags/main.py
[2026-01-02T22:58:42.475+0000] {processor.py:830} INFO - Processing file /opt/airflow/dags/main.py for tasks to queue
[2026-01-02T22:58:42.476+0000] {logging_mixin.py:188} INFO - [2026-01-02T22:58:42.475+0000] {dagbag.py:545} INFO - Filling up the DagBag from /opt/airflow/dags/main.py
[2026-01-02T22:58:42.548+0000] {processor.py:840} INFO - DAG(s) 'youtube_video_stats', 'update_db' retrieved from /opt/airflow/dags/main.py
[2026-01-02T22:58:42.577+0000] {logging_mixin.py:188} INFO - [2026-01-02T22:58:42.577+0000] {dag.py:3096} INFO - Sync 2 DAGs
[2026-01-02T22:58:42.597+0000] {logging_mixin.py:188} INFO - [2026-01-02T22:58:42.597+0000] {dag.py:3954} INFO - Setting next_dagrun for update_db to 2026-01-02 15:00:00+00:00, run_after=2026-01-03 15:00:00+00:00
[2026-01-02T22:58:42.602+0000] {logging_mixin.py:188} INFO - [2026-01-02T22:58:42.602+0000] {dag.py:3954} INFO - Setting next_dagrun for youtube_video_stats to 2026-01-02 14:00:00+00:00, run_after=2026-01-03 14:00:00+00:00
[2026-01-02T22:58:42.618+0000] {processor.py:183} INFO - Processing /opt/airflow/dags/main.py took 0.150 seconds
[2026-01-02T22:59:12.791+0000] {processor.py:161} INFO - Started process (PID=25434) to work on /opt/airflow/dags/main.py
[2026-01-02T22:59:12.792+0000] {processor.py:830} INFO - Processing file /opt/airflow/dags/main.py for tasks to queue
[2026-01-02T22:59:12.793+0000] {logging_mixin.py:188} INFO - [2026-01-02T22:59:12.793+0000] {dagbag.py:545} INFO - Filling up the DagBag from /opt/airflow/dags/main.py
[2026-01-02T22:59:12.867+0000] {processor.py:840} INFO - DAG(s) 'update_db', 'youtube_video_stats' retrieved from /opt/airflow/dags/main.py
[2026-01-02T22:59:12.893+0000] {logging_mixin.py:188} INFO - [2026-01-02T22:59:12.893+0000] {dag.py:3096} INFO - Sync 2 DAGs
[2026-01-02T22:59:12.913+0000] {logging_mixin.py:188} INFO - [2026-01-02T22:59:12.913+0000] {dag.py:3954} INFO - Setting next_dagrun for update_db to 2026-01-02 15:00:00+00:00, run_after=2026-01-03 15:00:00+00:00
[2026-01-02T22:59:12.917+0000] {logging_mixin.py:188} INFO - [2026-01-02T22:59:12.917+0000] {dag.py:3954} INFO - Setting next_dagrun for youtube_video_stats to 2026-01-02 14:00:00+00:00, run_after=2026-01-03 14:00:00+00:00
[2026-01-02T22:59:12.934+0000] {processor.py:183} INFO - Processing /opt/airflow/dags/main.py took 0.147 seconds
[2026-01-02T22:59:42.993+0000] {processor.py:161} INFO - Started process (PID=25441) to work on /opt/airflow/dags/main.py
[2026-01-02T22:59:42.995+0000] {processor.py:830} INFO - Processing file /opt/airflow/dags/main.py for tasks to queue
[2026-01-02T22:59:42.996+0000] {logging_mixin.py:188} INFO - [2026-01-02T22:59:42.996+0000] {dagbag.py:545} INFO - Filling up the DagBag from /opt/airflow/dags/main.py
[2026-01-02T22:59:43.108+0000] {processor.py:840} INFO - DAG(s) 'youtube_video_stats', 'update_db' retrieved from /opt/airflow/dags/main.py
[2026-01-02T22:59:43.139+0000] {logging_mixin.py:188} INFO - [2026-01-02T22:59:43.138+0000] {dag.py:3096} INFO - Sync 2 DAGs
[2026-01-02T22:59:43.163+0000] {logging_mixin.py:188} INFO - [2026-01-02T22:59:43.163+0000] {dag.py:3954} INFO - Setting next_dagrun for update_db to 2026-01-02 15:00:00+00:00, run_after=2026-01-03 15:00:00+00:00
[2026-01-02T22:59:43.168+0000] {logging_mixin.py:188} INFO - [2026-01-02T22:59:43.168+0000] {dag.py:3954} INFO - Setting next_dagrun for youtube_video_stats to 2026-01-02 14:00:00+00:00, run_after=2026-01-03 14:00:00+00:00
[2026-01-02T22:59:43.190+0000] {processor.py:183} INFO - Processing /opt/airflow/dags/main.py took 0.205 seconds
[2026-01-02T23:00:13.378+0000] {processor.py:161} INFO - Started process (PID=25448) to work on /opt/airflow/dags/main.py
[2026-01-02T23:00:13.379+0000] {processor.py:830} INFO - Processing file /opt/airflow/dags/main.py for tasks to queue
[2026-01-02T23:00:13.380+0000] {logging_mixin.py:188} INFO - [2026-01-02T23:00:13.379+0000] {dagbag.py:545} INFO - Filling up the DagBag from /opt/airflow/dags/main.py
[2026-01-02T23:00:13.447+0000] {processor.py:840} INFO - DAG(s) 'youtube_video_stats', 'update_db' retrieved from /opt/airflow/dags/main.py
[2026-01-02T23:00:13.475+0000] {logging_mixin.py:188} INFO - [2026-01-02T23:00:13.475+0000] {dag.py:3096} INFO - Sync 2 DAGs
[2026-01-02T23:00:13.496+0000] {logging_mixin.py:188} INFO - [2026-01-02T23:00:13.496+0000] {dag.py:3954} INFO - Setting next_dagrun for update_db to 2026-01-02 15:00:00+00:00, run_after=2026-01-03 15:00:00+00:00
[2026-01-02T23:00:13.500+0000] {logging_mixin.py:188} INFO - [2026-01-02T23:00:13.500+0000] {dag.py:3954} INFO - Setting next_dagrun for youtube_video_stats to 2026-01-02 14:00:00+00:00, run_after=2026-01-03 14:00:00+00:00
[2026-01-02T23:00:13.519+0000] {processor.py:183} INFO - Processing /opt/airflow/dags/main.py took 0.147 seconds
[2026-01-02T23:00:43.579+0000] {processor.py:161} INFO - Started process (PID=25455) to work on /opt/airflow/dags/main.py
[2026-01-02T23:00:43.580+0000] {processor.py:830} INFO - Processing file /opt/airflow/dags/main.py for tasks to queue
[2026-01-02T23:00:43.581+0000] {logging_mixin.py:188} INFO - [2026-01-02T23:00:43.581+0000] {dagbag.py:545} INFO - Filling up the DagBag from /opt/airflow/dags/main.py
[2026-01-02T23:00:43.648+0000] {processor.py:840} INFO - DAG(s) 'update_db', 'youtube_video_stats' retrieved from /opt/airflow/dags/main.py
[2026-01-02T23:00:43.677+0000] {logging_mixin.py:188} INFO - [2026-01-02T23:00:43.677+0000] {dag.py:3096} INFO - Sync 2 DAGs
[2026-01-02T23:00:43.699+0000] {logging_mixin.py:188} INFO - [2026-01-02T23:00:43.698+0000] {dag.py:3954} INFO - Setting next_dagrun for update_db to 2026-01-02 15:00:00+00:00, run_after=2026-01-03 15:00:00+00:00
[2026-01-02T23:00:43.703+0000] {logging_mixin.py:188} INFO - [2026-01-02T23:00:43.703+0000] {dag.py:3954} INFO - Setting next_dagrun for youtube_video_stats to 2026-01-02 14:00:00+00:00, run_after=2026-01-03 14:00:00+00:00
[2026-01-02T23:00:43.719+0000] {processor.py:183} INFO - Processing /opt/airflow/dags/main.py took 0.145 seconds
[2026-01-02T23:01:13.884+0000] {processor.py:161} INFO - Started process (PID=25462) to work on /opt/airflow/dags/main.py
[2026-01-02T23:01:13.885+0000] {processor.py:830} INFO - Processing file /opt/airflow/dags/main.py for tasks to queue
[2026-01-02T23:01:13.886+0000] {logging_mixin.py:188} INFO - [2026-01-02T23:01:13.886+0000] {dagbag.py:545} INFO - Filling up the DagBag from /opt/airflow/dags/main.py
[2026-01-02T23:01:13.955+0000] {processor.py:840} INFO - DAG(s) 'youtube_video_stats', 'update_db' retrieved from /opt/airflow/dags/main.py
[2026-01-02T23:01:13.986+0000] {logging_mixin.py:188} INFO - [2026-01-02T23:01:13.986+0000] {dag.py:3096} INFO - Sync 2 DAGs
[2026-01-02T23:01:14.006+0000] {logging_mixin.py:188} INFO - [2026-01-02T23:01:14.006+0000] {dag.py:3954} INFO - Setting next_dagrun for update_db to 2026-01-02 15:00:00+00:00, run_after=2026-01-03 15:00:00+00:00
[2026-01-02T23:01:14.011+0000] {logging_mixin.py:188} INFO - [2026-01-02T23:01:14.010+0000] {dag.py:3954} INFO - Setting next_dagrun for youtube_video_stats to 2026-01-02 14:00:00+00:00, run_after=2026-01-03 14:00:00+00:00
[2026-01-02T23:01:14.025+0000] {processor.py:183} INFO - Processing /opt/airflow/dags/main.py took 0.146 seconds
[2026-01-02T23:01:44.091+0000] {processor.py:161} INFO - Started process (PID=25469) to work on /opt/airflow/dags/main.py
[2026-01-02T23:01:44.093+0000] {processor.py:830} INFO - Processing file /opt/airflow/dags/main.py for tasks to queue
[2026-01-02T23:01:44.093+0000] {logging_mixin.py:188} INFO - [2026-01-02T23:01:44.093+0000] {dagbag.py:545} INFO - Filling up the DagBag from /opt/airflow/dags/main.py
[2026-01-02T23:01:44.165+0000] {processor.py:840} INFO - DAG(s) 'update_db', 'youtube_video_stats' retrieved from /opt/airflow/dags/main.py
[2026-01-02T23:01:44.194+0000] {logging_mixin.py:188} INFO - [2026-01-02T23:01:44.194+0000] {dag.py:3096} INFO - Sync 2 DAGs
[2026-01-02T23:01:44.214+0000] {logging_mixin.py:188} INFO - [2026-01-02T23:01:44.213+0000] {dag.py:3954} INFO - Setting next_dagrun for update_db to 2026-01-02 15:00:00+00:00, run_after=2026-01-03 15:00:00+00:00
[2026-01-02T23:01:44.218+0000] {logging_mixin.py:188} INFO - [2026-01-02T23:01:44.218+0000] {dag.py:3954} INFO - Setting next_dagrun for youtube_video_stats to 2026-01-02 14:00:00+00:00, run_after=2026-01-03 14:00:00+00:00
[2026-01-02T23:01:44.235+0000] {processor.py:183} INFO - Processing /opt/airflow/dags/main.py took 0.149 seconds
[2026-01-02T23:02:14.437+0000] {processor.py:161} INFO - Started process (PID=25476) to work on /opt/airflow/dags/main.py
[2026-01-02T23:02:14.438+0000] {processor.py:830} INFO - Processing file /opt/airflow/dags/main.py for tasks to queue
[2026-01-02T23:02:14.439+0000] {logging_mixin.py:188} INFO - [2026-01-02T23:02:14.439+0000] {dagbag.py:545} INFO - Filling up the DagBag from /opt/airflow/dags/main.py
[2026-01-02T23:02:14.503+0000] {processor.py:840} INFO - DAG(s) 'youtube_video_stats', 'update_db' retrieved from /opt/airflow/dags/main.py
[2026-01-02T23:02:14.527+0000] {logging_mixin.py:188} INFO - [2026-01-02T23:02:14.527+0000] {dag.py:3096} INFO - Sync 2 DAGs
[2026-01-02T23:02:14.544+0000] {logging_mixin.py:188} INFO - [2026-01-02T23:02:14.544+0000] {dag.py:3954} INFO - Setting next_dagrun for update_db to 2026-01-02 15:00:00+00:00, run_after=2026-01-03 15:00:00+00:00
[2026-01-02T23:02:14.548+0000] {logging_mixin.py:188} INFO - [2026-01-02T23:02:14.548+0000] {dag.py:3954} INFO - Setting next_dagrun for youtube_video_stats to 2026-01-02 14:00:00+00:00, run_after=2026-01-03 14:00:00+00:00
[2026-01-02T23:02:14.563+0000] {processor.py:183} INFO - Processing /opt/airflow/dags/main.py took 0.130 seconds
[2026-01-02T23:02:44.659+0000] {processor.py:161} INFO - Started process (PID=25483) to work on /opt/airflow/dags/main.py
[2026-01-02T23:02:44.661+0000] {processor.py:830} INFO - Processing file /opt/airflow/dags/main.py for tasks to queue
[2026-01-02T23:02:44.661+0000] {logging_mixin.py:188} INFO - [2026-01-02T23:02:44.661+0000] {dagbag.py:545} INFO - Filling up the DagBag from /opt/airflow/dags/main.py
[2026-01-02T23:02:44.733+0000] {processor.py:840} INFO - DAG(s) 'youtube_video_stats', 'update_db' retrieved from /opt/airflow/dags/main.py
[2026-01-02T23:02:44.765+0000] {logging_mixin.py:188} INFO - [2026-01-02T23:02:44.765+0000] {dag.py:3096} INFO - Sync 2 DAGs
[2026-01-02T23:02:44.787+0000] {logging_mixin.py:188} INFO - [2026-01-02T23:02:44.787+0000] {dag.py:3954} INFO - Setting next_dagrun for update_db to 2026-01-02 15:00:00+00:00, run_after=2026-01-03 15:00:00+00:00
[2026-01-02T23:02:44.793+0000] {logging_mixin.py:188} INFO - [2026-01-02T23:02:44.793+0000] {dag.py:3954} INFO - Setting next_dagrun for youtube_video_stats to 2026-01-02 14:00:00+00:00, run_after=2026-01-03 14:00:00+00:00
[2026-01-02T23:02:44.809+0000] {processor.py:183} INFO - Processing /opt/airflow/dags/main.py took 0.156 seconds
[2026-01-02T23:03:15.012+0000] {processor.py:161} INFO - Started process (PID=25490) to work on /opt/airflow/dags/main.py
[2026-01-02T23:03:15.013+0000] {processor.py:830} INFO - Processing file /opt/airflow/dags/main.py for tasks to queue
[2026-01-02T23:03:15.014+0000] {logging_mixin.py:188} INFO - [2026-01-02T23:03:15.014+0000] {dagbag.py:545} INFO - Filling up the DagBag from /opt/airflow/dags/main.py
[2026-01-02T23:03:15.110+0000] {processor.py:840} INFO - DAG(s) 'update_db', 'youtube_video_stats' retrieved from /opt/airflow/dags/main.py
[2026-01-02T23:03:15.138+0000] {logging_mixin.py:188} INFO - [2026-01-02T23:03:15.137+0000] {dag.py:3096} INFO - Sync 2 DAGs
[2026-01-02T23:03:15.159+0000] {logging_mixin.py:188} INFO - [2026-01-02T23:03:15.159+0000] {dag.py:3954} INFO - Setting next_dagrun for update_db to 2026-01-02 15:00:00+00:00, run_after=2026-01-03 15:00:00+00:00
[2026-01-02T23:03:15.164+0000] {logging_mixin.py:188} INFO - [2026-01-02T23:03:15.164+0000] {dag.py:3954} INFO - Setting next_dagrun for youtube_video_stats to 2026-01-02 14:00:00+00:00, run_after=2026-01-03 14:00:00+00:00
[2026-01-02T23:03:15.181+0000] {processor.py:183} INFO - Processing /opt/airflow/dags/main.py took 0.174 seconds
[2026-01-02T23:03:45.267+0000] {processor.py:161} INFO - Started process (PID=25497) to work on /opt/airflow/dags/main.py
[2026-01-02T23:03:45.268+0000] {processor.py:830} INFO - Processing file /opt/airflow/dags/main.py for tasks to queue
[2026-01-02T23:03:45.269+0000] {logging_mixin.py:188} INFO - [2026-01-02T23:03:45.269+0000] {dagbag.py:545} INFO - Filling up the DagBag from /opt/airflow/dags/main.py
[2026-01-02T23:03:45.338+0000] {processor.py:840} INFO - DAG(s) 'update_db', 'youtube_video_stats' retrieved from /opt/airflow/dags/main.py
[2026-01-02T23:03:45.364+0000] {logging_mixin.py:188} INFO - [2026-01-02T23:03:45.364+0000] {dag.py:3096} INFO - Sync 2 DAGs
[2026-01-02T23:03:45.383+0000] {logging_mixin.py:188} INFO - [2026-01-02T23:03:45.382+0000] {dag.py:3954} INFO - Setting next_dagrun for update_db to 2026-01-02 15:00:00+00:00, run_after=2026-01-03 15:00:00+00:00
[2026-01-02T23:03:45.387+0000] {logging_mixin.py:188} INFO - [2026-01-02T23:03:45.387+0000] {dag.py:3954} INFO - Setting next_dagrun for youtube_video_stats to 2026-01-02 14:00:00+00:00, run_after=2026-01-03 14:00:00+00:00
[2026-01-02T23:03:45.407+0000] {processor.py:183} INFO - Processing /opt/airflow/dags/main.py took 0.146 seconds
[2026-01-02T23:04:15.643+0000] {processor.py:161} INFO - Started process (PID=25504) to work on /opt/airflow/dags/main.py
[2026-01-02T23:04:15.645+0000] {processor.py:830} INFO - Processing file /opt/airflow/dags/main.py for tasks to queue
[2026-01-02T23:04:15.646+0000] {logging_mixin.py:188} INFO - [2026-01-02T23:04:15.646+0000] {dagbag.py:545} INFO - Filling up the DagBag from /opt/airflow/dags/main.py
[2026-01-02T23:04:15.715+0000] {processor.py:840} INFO - DAG(s) 'update_db', 'youtube_video_stats' retrieved from /opt/airflow/dags/main.py
[2026-01-02T23:04:15.744+0000] {logging_mixin.py:188} INFO - [2026-01-02T23:04:15.743+0000] {dag.py:3096} INFO - Sync 2 DAGs
[2026-01-02T23:04:15.763+0000] {logging_mixin.py:188} INFO - [2026-01-02T23:04:15.763+0000] {dag.py:3954} INFO - Setting next_dagrun for update_db to 2026-01-02 15:00:00+00:00, run_after=2026-01-03 15:00:00+00:00
[2026-01-02T23:04:15.768+0000] {logging_mixin.py:188} INFO - [2026-01-02T23:04:15.767+0000] {dag.py:3954} INFO - Setting next_dagrun for youtube_video_stats to 2026-01-02 14:00:00+00:00, run_after=2026-01-03 14:00:00+00:00
[2026-01-02T23:04:15.783+0000] {processor.py:183} INFO - Processing /opt/airflow/dags/main.py took 0.145 seconds
[2026-01-02T23:04:45.851+0000] {processor.py:161} INFO - Started process (PID=25511) to work on /opt/airflow/dags/main.py
[2026-01-02T23:04:45.852+0000] {processor.py:830} INFO - Processing file /opt/airflow/dags/main.py for tasks to queue
[2026-01-02T23:04:45.853+0000] {logging_mixin.py:188} INFO - [2026-01-02T23:04:45.853+0000] {dagbag.py:545} INFO - Filling up the DagBag from /opt/airflow/dags/main.py
[2026-01-02T23:04:45.923+0000] {processor.py:840} INFO - DAG(s) 'youtube_video_stats', 'update_db' retrieved from /opt/airflow/dags/main.py
[2026-01-02T23:04:45.950+0000] {logging_mixin.py:188} INFO - [2026-01-02T23:04:45.950+0000] {dag.py:3096} INFO - Sync 2 DAGs
[2026-01-02T23:04:45.970+0000] {logging_mixin.py:188} INFO - [2026-01-02T23:04:45.970+0000] {dag.py:3954} INFO - Setting next_dagrun for update_db to 2026-01-02 15:00:00+00:00, run_after=2026-01-03 15:00:00+00:00
[2026-01-02T23:04:45.976+0000] {logging_mixin.py:188} INFO - [2026-01-02T23:04:45.976+0000] {dag.py:3954} INFO - Setting next_dagrun for youtube_video_stats to 2026-01-02 14:00:00+00:00, run_after=2026-01-03 14:00:00+00:00
[2026-01-02T23:04:45.995+0000] {processor.py:183} INFO - Processing /opt/airflow/dags/main.py took 0.149 seconds
[2026-01-02T23:05:16.244+0000] {processor.py:161} INFO - Started process (PID=25519) to work on /opt/airflow/dags/main.py
[2026-01-02T23:05:16.245+0000] {processor.py:830} INFO - Processing file /opt/airflow/dags/main.py for tasks to queue
[2026-01-02T23:05:16.246+0000] {logging_mixin.py:188} INFO - [2026-01-02T23:05:16.246+0000] {dagbag.py:545} INFO - Filling up the DagBag from /opt/airflow/dags/main.py
[2026-01-02T23:05:16.315+0000] {processor.py:840} INFO - DAG(s) 'youtube_video_stats', 'update_db' retrieved from /opt/airflow/dags/main.py
[2026-01-02T23:05:16.345+0000] {logging_mixin.py:188} INFO - [2026-01-02T23:05:16.345+0000] {dag.py:3096} INFO - Sync 2 DAGs
[2026-01-02T23:05:16.367+0000] {logging_mixin.py:188} INFO - [2026-01-02T23:05:16.367+0000] {dag.py:3954} INFO - Setting next_dagrun for update_db to 2026-01-02 15:00:00+00:00, run_after=2026-01-03 15:00:00+00:00
[2026-01-02T23:05:16.372+0000] {logging_mixin.py:188} INFO - [2026-01-02T23:05:16.372+0000] {dag.py:3954} INFO - Setting next_dagrun for youtube_video_stats to 2026-01-02 14:00:00+00:00, run_after=2026-01-03 14:00:00+00:00
[2026-01-02T23:05:16.388+0000] {processor.py:183} INFO - Processing /opt/airflow/dags/main.py took 0.149 seconds
