[2025-12-28T13:17:02.202+0000] {processor.py:161} INFO - Started process (PID=15894) to work on /opt/airflow/dags/main.py
[2025-12-28T13:17:02.209+0000] {processor.py:830} INFO - Processing file /opt/airflow/dags/main.py for tasks to queue
[2025-12-28T13:17:02.251+0000] {logging_mixin.py:188} INFO - [2025-12-28T13:17:02.250+0000] {dagbag.py:545} INFO - Filling up the DagBag from /opt/airflow/dags/main.py
[2025-12-28T13:17:03.367+0000] {processor.py:840} INFO - DAG(s) 'youtube_video_stats', 'update_db' retrieved from /opt/airflow/dags/main.py
[2025-12-28T13:17:03.468+0000] {logging_mixin.py:188} INFO - [2025-12-28T13:17:03.468+0000] {dag.py:3096} INFO - Sync 2 DAGs
[2025-12-28T13:17:03.560+0000] {logging_mixin.py:188} INFO - [2025-12-28T13:17:03.559+0000] {dag.py:3954} INFO - Setting next_dagrun for update_db to 2025-12-27 15:00:00+00:00, run_after=2025-12-28 15:00:00+00:00
[2025-12-28T13:17:03.629+0000] {logging_mixin.py:188} INFO - [2025-12-28T13:17:03.629+0000] {dag.py:3954} INFO - Setting next_dagrun for youtube_video_stats to 2025-12-27 14:00:00+00:00, run_after=2025-12-28 14:00:00+00:00
[2025-12-28T13:17:04.403+0000] {processor.py:183} INFO - Processing /opt/airflow/dags/main.py took 2.295 seconds
[2025-12-28T13:17:35.663+0000] {processor.py:161} INFO - Started process (PID=15905) to work on /opt/airflow/dags/main.py
[2025-12-28T13:17:35.665+0000] {processor.py:830} INFO - Processing file /opt/airflow/dags/main.py for tasks to queue
[2025-12-28T13:17:35.667+0000] {logging_mixin.py:188} INFO - [2025-12-28T13:17:35.666+0000] {dagbag.py:545} INFO - Filling up the DagBag from /opt/airflow/dags/main.py
[2025-12-28T13:17:36.061+0000] {processor.py:840} INFO - DAG(s) 'update_db', 'youtube_video_stats' retrieved from /opt/airflow/dags/main.py
[2025-12-28T13:17:36.181+0000] {logging_mixin.py:188} INFO - [2025-12-28T13:17:36.180+0000] {dag.py:3096} INFO - Sync 2 DAGs
[2025-12-28T13:17:36.281+0000] {logging_mixin.py:188} INFO - [2025-12-28T13:17:36.280+0000] {dag.py:3954} INFO - Setting next_dagrun for update_db to 2025-12-27 15:00:00+00:00, run_after=2025-12-28 15:00:00+00:00
[2025-12-28T13:17:36.300+0000] {logging_mixin.py:188} INFO - [2025-12-28T13:17:36.300+0000] {dag.py:3954} INFO - Setting next_dagrun for youtube_video_stats to 2025-12-27 14:00:00+00:00, run_after=2025-12-28 14:00:00+00:00
[2025-12-28T13:17:36.350+0000] {processor.py:183} INFO - Processing /opt/airflow/dags/main.py took 0.715 seconds
[2025-12-28T13:18:07.317+0000] {processor.py:161} INFO - Started process (PID=15912) to work on /opt/airflow/dags/main.py
[2025-12-28T13:18:07.325+0000] {processor.py:830} INFO - Processing file /opt/airflow/dags/main.py for tasks to queue
[2025-12-28T13:18:07.346+0000] {logging_mixin.py:188} INFO - [2025-12-28T13:18:07.344+0000] {dagbag.py:545} INFO - Filling up the DagBag from /opt/airflow/dags/main.py
[2025-12-28T13:18:08.934+0000] {processor.py:840} INFO - DAG(s) 'update_db', 'youtube_video_stats' retrieved from /opt/airflow/dags/main.py
[2025-12-28T13:18:09.111+0000] {logging_mixin.py:188} INFO - [2025-12-28T13:18:09.111+0000] {dag.py:3096} INFO - Sync 2 DAGs
[2025-12-28T13:18:09.275+0000] {logging_mixin.py:188} INFO - [2025-12-28T13:18:09.275+0000] {dag.py:3954} INFO - Setting next_dagrun for update_db to 2025-12-27 15:00:00+00:00, run_after=2025-12-28 15:00:00+00:00
[2025-12-28T13:18:09.307+0000] {logging_mixin.py:188} INFO - [2025-12-28T13:18:09.306+0000] {dag.py:3954} INFO - Setting next_dagrun for youtube_video_stats to 2025-12-27 14:00:00+00:00, run_after=2025-12-28 14:00:00+00:00
[2025-12-28T13:18:09.413+0000] {processor.py:183} INFO - Processing /opt/airflow/dags/main.py took 2.161 seconds
[2025-12-28T13:18:40.093+0000] {processor.py:161} INFO - Started process (PID=15919) to work on /opt/airflow/dags/main.py
[2025-12-28T13:18:40.098+0000] {processor.py:830} INFO - Processing file /opt/airflow/dags/main.py for tasks to queue
[2025-12-28T13:18:40.110+0000] {logging_mixin.py:188} INFO - [2025-12-28T13:18:40.107+0000] {dagbag.py:545} INFO - Filling up the DagBag from /opt/airflow/dags/main.py
[2025-12-28T13:18:40.881+0000] {processor.py:840} INFO - DAG(s) 'update_db', 'youtube_video_stats' retrieved from /opt/airflow/dags/main.py
[2025-12-28T13:18:41.069+0000] {logging_mixin.py:188} INFO - [2025-12-28T13:18:41.068+0000] {dag.py:3096} INFO - Sync 2 DAGs
[2025-12-28T13:18:41.174+0000] {logging_mixin.py:188} INFO - [2025-12-28T13:18:41.173+0000] {dag.py:3954} INFO - Setting next_dagrun for update_db to 2025-12-27 15:00:00+00:00, run_after=2025-12-28 15:00:00+00:00
[2025-12-28T13:18:41.207+0000] {logging_mixin.py:188} INFO - [2025-12-28T13:18:41.206+0000] {dag.py:3954} INFO - Setting next_dagrun for youtube_video_stats to 2025-12-27 14:00:00+00:00, run_after=2025-12-28 14:00:00+00:00
[2025-12-28T13:18:41.303+0000] {processor.py:183} INFO - Processing /opt/airflow/dags/main.py took 1.246 seconds
[2025-12-28T13:19:11.992+0000] {processor.py:161} INFO - Started process (PID=15926) to work on /opt/airflow/dags/main.py
[2025-12-28T13:19:11.995+0000] {processor.py:830} INFO - Processing file /opt/airflow/dags/main.py for tasks to queue
[2025-12-28T13:19:11.999+0000] {logging_mixin.py:188} INFO - [2025-12-28T13:19:11.998+0000] {dagbag.py:545} INFO - Filling up the DagBag from /opt/airflow/dags/main.py
[2025-12-28T13:19:12.805+0000] {processor.py:840} INFO - DAG(s) 'update_db', 'youtube_video_stats' retrieved from /opt/airflow/dags/main.py
[2025-12-28T13:19:13.039+0000] {logging_mixin.py:188} INFO - [2025-12-28T13:19:13.038+0000] {dag.py:3096} INFO - Sync 2 DAGs
[2025-12-28T13:19:13.199+0000] {logging_mixin.py:188} INFO - [2025-12-28T13:19:13.198+0000] {dag.py:3954} INFO - Setting next_dagrun for update_db to 2025-12-27 15:00:00+00:00, run_after=2025-12-28 15:00:00+00:00
[2025-12-28T13:19:13.245+0000] {logging_mixin.py:188} INFO - [2025-12-28T13:19:13.244+0000] {dag.py:3954} INFO - Setting next_dagrun for youtube_video_stats to 2025-12-27 14:00:00+00:00, run_after=2025-12-28 14:00:00+00:00
[2025-12-28T13:19:13.346+0000] {processor.py:183} INFO - Processing /opt/airflow/dags/main.py took 1.382 seconds
[2025-12-28T13:19:43.786+0000] {processor.py:161} INFO - Started process (PID=15933) to work on /opt/airflow/dags/main.py
[2025-12-28T13:19:43.789+0000] {processor.py:830} INFO - Processing file /opt/airflow/dags/main.py for tasks to queue
[2025-12-28T13:19:43.791+0000] {logging_mixin.py:188} INFO - [2025-12-28T13:19:43.791+0000] {dagbag.py:545} INFO - Filling up the DagBag from /opt/airflow/dags/main.py
[2025-12-28T13:19:44.117+0000] {processor.py:840} INFO - DAG(s) 'update_db', 'youtube_video_stats' retrieved from /opt/airflow/dags/main.py
[2025-12-28T13:19:44.224+0000] {logging_mixin.py:188} INFO - [2025-12-28T13:19:44.223+0000] {dag.py:3096} INFO - Sync 2 DAGs
[2025-12-28T13:19:44.292+0000] {logging_mixin.py:188} INFO - [2025-12-28T13:19:44.292+0000] {dag.py:3954} INFO - Setting next_dagrun for update_db to 2025-12-27 15:00:00+00:00, run_after=2025-12-28 15:00:00+00:00
[2025-12-28T13:19:44.309+0000] {logging_mixin.py:188} INFO - [2025-12-28T13:19:44.308+0000] {dag.py:3954} INFO - Setting next_dagrun for youtube_video_stats to 2025-12-27 14:00:00+00:00, run_after=2025-12-28 14:00:00+00:00
[2025-12-28T13:19:44.367+0000] {processor.py:183} INFO - Processing /opt/airflow/dags/main.py took 0.598 seconds
[2025-12-28T13:20:14.465+0000] {processor.py:161} INFO - Started process (PID=15940) to work on /opt/airflow/dags/main.py
[2025-12-28T13:20:14.466+0000] {processor.py:830} INFO - Processing file /opt/airflow/dags/main.py for tasks to queue
[2025-12-28T13:20:14.468+0000] {logging_mixin.py:188} INFO - [2025-12-28T13:20:14.467+0000] {dagbag.py:545} INFO - Filling up the DagBag from /opt/airflow/dags/main.py
[2025-12-28T13:20:14.589+0000] {processor.py:840} INFO - DAG(s) 'update_db', 'youtube_video_stats' retrieved from /opt/airflow/dags/main.py
[2025-12-28T13:20:14.627+0000] {logging_mixin.py:188} INFO - [2025-12-28T13:20:14.627+0000] {dag.py:3096} INFO - Sync 2 DAGs
[2025-12-28T13:20:14.655+0000] {logging_mixin.py:188} INFO - [2025-12-28T13:20:14.655+0000] {dag.py:3954} INFO - Setting next_dagrun for update_db to 2025-12-27 15:00:00+00:00, run_after=2025-12-28 15:00:00+00:00
[2025-12-28T13:20:14.662+0000] {logging_mixin.py:188} INFO - [2025-12-28T13:20:14.661+0000] {dag.py:3954} INFO - Setting next_dagrun for youtube_video_stats to 2025-12-27 14:00:00+00:00, run_after=2025-12-28 14:00:00+00:00
[2025-12-28T13:20:14.754+0000] {processor.py:183} INFO - Processing /opt/airflow/dags/main.py took 0.298 seconds
[2025-12-28T13:20:45.093+0000] {processor.py:161} INFO - Started process (PID=15947) to work on /opt/airflow/dags/main.py
[2025-12-28T13:20:45.095+0000] {processor.py:830} INFO - Processing file /opt/airflow/dags/main.py for tasks to queue
[2025-12-28T13:20:45.097+0000] {logging_mixin.py:188} INFO - [2025-12-28T13:20:45.096+0000] {dagbag.py:545} INFO - Filling up the DagBag from /opt/airflow/dags/main.py
[2025-12-28T13:20:45.234+0000] {processor.py:840} INFO - DAG(s) 'youtube_video_stats', 'update_db' retrieved from /opt/airflow/dags/main.py
[2025-12-28T13:20:45.276+0000] {logging_mixin.py:188} INFO - [2025-12-28T13:20:45.276+0000] {dag.py:3096} INFO - Sync 2 DAGs
[2025-12-28T13:20:45.312+0000] {logging_mixin.py:188} INFO - [2025-12-28T13:20:45.312+0000] {dag.py:3954} INFO - Setting next_dagrun for update_db to 2025-12-27 15:00:00+00:00, run_after=2025-12-28 15:00:00+00:00
[2025-12-28T13:20:45.320+0000] {logging_mixin.py:188} INFO - [2025-12-28T13:20:45.320+0000] {dag.py:3954} INFO - Setting next_dagrun for youtube_video_stats to 2025-12-27 14:00:00+00:00, run_after=2025-12-28 14:00:00+00:00
[2025-12-28T13:20:45.346+0000] {processor.py:183} INFO - Processing /opt/airflow/dags/main.py took 0.261 seconds
[2025-12-28T13:21:15.589+0000] {processor.py:161} INFO - Started process (PID=15954) to work on /opt/airflow/dags/main.py
[2025-12-28T13:21:15.591+0000] {processor.py:830} INFO - Processing file /opt/airflow/dags/main.py for tasks to queue
[2025-12-28T13:21:15.596+0000] {logging_mixin.py:188} INFO - [2025-12-28T13:21:15.595+0000] {dagbag.py:545} INFO - Filling up the DagBag from /opt/airflow/dags/main.py
[2025-12-28T13:21:15.785+0000] {processor.py:840} INFO - DAG(s) 'update_db', 'youtube_video_stats' retrieved from /opt/airflow/dags/main.py
[2025-12-28T13:21:15.843+0000] {logging_mixin.py:188} INFO - [2025-12-28T13:21:15.842+0000] {dag.py:3096} INFO - Sync 2 DAGs
[2025-12-28T13:21:15.882+0000] {logging_mixin.py:188} INFO - [2025-12-28T13:21:15.881+0000] {dag.py:3954} INFO - Setting next_dagrun for update_db to 2025-12-27 15:00:00+00:00, run_after=2025-12-28 15:00:00+00:00
[2025-12-28T13:21:15.894+0000] {logging_mixin.py:188} INFO - [2025-12-28T13:21:15.894+0000] {dag.py:3954} INFO - Setting next_dagrun for youtube_video_stats to 2025-12-27 14:00:00+00:00, run_after=2025-12-28 14:00:00+00:00
[2025-12-28T13:21:15.931+0000] {processor.py:183} INFO - Processing /opt/airflow/dags/main.py took 0.356 seconds
[2025-12-28T13:21:47.037+0000] {processor.py:161} INFO - Started process (PID=15961) to work on /opt/airflow/dags/main.py
[2025-12-28T13:21:47.041+0000] {processor.py:830} INFO - Processing file /opt/airflow/dags/main.py for tasks to queue
[2025-12-28T13:21:47.052+0000] {logging_mixin.py:188} INFO - [2025-12-28T13:21:47.044+0000] {dagbag.py:545} INFO - Filling up the DagBag from /opt/airflow/dags/main.py
[2025-12-28T13:21:47.754+0000] {processor.py:840} INFO - DAG(s) 'youtube_video_stats', 'update_db' retrieved from /opt/airflow/dags/main.py
[2025-12-28T13:21:47.963+0000] {logging_mixin.py:188} INFO - [2025-12-28T13:21:47.958+0000] {dag.py:3096} INFO - Sync 2 DAGs
[2025-12-28T13:21:48.086+0000] {logging_mixin.py:188} INFO - [2025-12-28T13:21:48.086+0000] {dag.py:3954} INFO - Setting next_dagrun for update_db to 2025-12-27 15:00:00+00:00, run_after=2025-12-28 15:00:00+00:00
[2025-12-28T13:21:48.121+0000] {logging_mixin.py:188} INFO - [2025-12-28T13:21:48.121+0000] {dag.py:3954} INFO - Setting next_dagrun for youtube_video_stats to 2025-12-27 14:00:00+00:00, run_after=2025-12-28 14:00:00+00:00
[2025-12-28T13:21:48.197+0000] {processor.py:183} INFO - Processing /opt/airflow/dags/main.py took 1.183 seconds
[2025-12-28T13:22:18.723+0000] {processor.py:161} INFO - Started process (PID=15968) to work on /opt/airflow/dags/main.py
[2025-12-28T13:22:18.731+0000] {processor.py:830} INFO - Processing file /opt/airflow/dags/main.py for tasks to queue
[2025-12-28T13:22:18.734+0000] {logging_mixin.py:188} INFO - [2025-12-28T13:22:18.733+0000] {dagbag.py:545} INFO - Filling up the DagBag from /opt/airflow/dags/main.py
[2025-12-28T13:22:19.160+0000] {processor.py:840} INFO - DAG(s) 'youtube_video_stats', 'update_db' retrieved from /opt/airflow/dags/main.py
[2025-12-28T13:22:19.278+0000] {logging_mixin.py:188} INFO - [2025-12-28T13:22:19.276+0000] {dag.py:3096} INFO - Sync 2 DAGs
[2025-12-28T13:22:19.353+0000] {logging_mixin.py:188} INFO - [2025-12-28T13:22:19.353+0000] {dag.py:3954} INFO - Setting next_dagrun for update_db to 2025-12-27 15:00:00+00:00, run_after=2025-12-28 15:00:00+00:00
[2025-12-28T13:22:19.372+0000] {logging_mixin.py:188} INFO - [2025-12-28T13:22:19.371+0000] {dag.py:3954} INFO - Setting next_dagrun for youtube_video_stats to 2025-12-27 14:00:00+00:00, run_after=2025-12-28 14:00:00+00:00
[2025-12-28T13:22:19.433+0000] {processor.py:183} INFO - Processing /opt/airflow/dags/main.py took 0.732 seconds
[2025-12-28T13:22:49.913+0000] {processor.py:161} INFO - Started process (PID=15975) to work on /opt/airflow/dags/main.py
[2025-12-28T13:22:49.945+0000] {processor.py:830} INFO - Processing file /opt/airflow/dags/main.py for tasks to queue
[2025-12-28T13:22:49.951+0000] {logging_mixin.py:188} INFO - [2025-12-28T13:22:49.950+0000] {dagbag.py:545} INFO - Filling up the DagBag from /opt/airflow/dags/main.py
[2025-12-28T13:22:51.129+0000] {processor.py:840} INFO - DAG(s) 'update_db', 'youtube_video_stats' retrieved from /opt/airflow/dags/main.py
[2025-12-28T13:22:51.358+0000] {logging_mixin.py:188} INFO - [2025-12-28T13:22:51.352+0000] {dag.py:3096} INFO - Sync 2 DAGs
[2025-12-28T13:22:51.510+0000] {logging_mixin.py:188} INFO - [2025-12-28T13:22:51.509+0000] {dag.py:3954} INFO - Setting next_dagrun for update_db to 2025-12-27 15:00:00+00:00, run_after=2025-12-28 15:00:00+00:00
[2025-12-28T13:22:51.561+0000] {logging_mixin.py:188} INFO - [2025-12-28T13:22:51.560+0000] {dag.py:3954} INFO - Setting next_dagrun for youtube_video_stats to 2025-12-27 14:00:00+00:00, run_after=2025-12-28 14:00:00+00:00
[2025-12-28T13:22:51.641+0000] {processor.py:183} INFO - Processing /opt/airflow/dags/main.py took 1.776 seconds
[2025-12-28T13:23:22.258+0000] {processor.py:161} INFO - Started process (PID=15982) to work on /opt/airflow/dags/main.py
[2025-12-28T13:23:22.262+0000] {processor.py:830} INFO - Processing file /opt/airflow/dags/main.py for tasks to queue
[2025-12-28T13:23:22.265+0000] {logging_mixin.py:188} INFO - [2025-12-28T13:23:22.264+0000] {dagbag.py:545} INFO - Filling up the DagBag from /opt/airflow/dags/main.py
[2025-12-28T13:23:22.951+0000] {processor.py:840} INFO - DAG(s) 'youtube_video_stats', 'update_db' retrieved from /opt/airflow/dags/main.py
[2025-12-28T13:23:23.094+0000] {logging_mixin.py:188} INFO - [2025-12-28T13:23:23.093+0000] {dag.py:3096} INFO - Sync 2 DAGs
[2025-12-28T13:23:23.223+0000] {logging_mixin.py:188} INFO - [2025-12-28T13:23:23.212+0000] {dag.py:3954} INFO - Setting next_dagrun for update_db to 2025-12-27 15:00:00+00:00, run_after=2025-12-28 15:00:00+00:00
[2025-12-28T13:23:23.258+0000] {logging_mixin.py:188} INFO - [2025-12-28T13:23:23.257+0000] {dag.py:3954} INFO - Setting next_dagrun for youtube_video_stats to 2025-12-27 14:00:00+00:00, run_after=2025-12-28 14:00:00+00:00
[2025-12-28T13:23:23.355+0000] {processor.py:183} INFO - Processing /opt/airflow/dags/main.py took 1.122 seconds
[2025-12-28T13:23:54.057+0000] {processor.py:161} INFO - Started process (PID=15989) to work on /opt/airflow/dags/main.py
[2025-12-28T13:23:54.072+0000] {processor.py:830} INFO - Processing file /opt/airflow/dags/main.py for tasks to queue
[2025-12-28T13:23:54.077+0000] {logging_mixin.py:188} INFO - [2025-12-28T13:23:54.076+0000] {dagbag.py:545} INFO - Filling up the DagBag from /opt/airflow/dags/main.py
[2025-12-28T13:23:54.573+0000] {processor.py:840} INFO - DAG(s) 'youtube_video_stats', 'update_db' retrieved from /opt/airflow/dags/main.py
[2025-12-28T13:23:54.747+0000] {logging_mixin.py:188} INFO - [2025-12-28T13:23:54.746+0000] {dag.py:3096} INFO - Sync 2 DAGs
[2025-12-28T13:23:54.888+0000] {logging_mixin.py:188} INFO - [2025-12-28T13:23:54.887+0000] {dag.py:3954} INFO - Setting next_dagrun for update_db to 2025-12-27 15:00:00+00:00, run_after=2025-12-28 15:00:00+00:00
[2025-12-28T13:23:54.922+0000] {logging_mixin.py:188} INFO - [2025-12-28T13:23:54.921+0000] {dag.py:3954} INFO - Setting next_dagrun for youtube_video_stats to 2025-12-27 14:00:00+00:00, run_after=2025-12-28 14:00:00+00:00
[2025-12-28T13:23:55.038+0000] {processor.py:183} INFO - Processing /opt/airflow/dags/main.py took 1.016 seconds
[2025-12-28T13:24:25.409+0000] {processor.py:161} INFO - Started process (PID=15996) to work on /opt/airflow/dags/main.py
[2025-12-28T13:24:25.417+0000] {processor.py:830} INFO - Processing file /opt/airflow/dags/main.py for tasks to queue
[2025-12-28T13:24:25.420+0000] {logging_mixin.py:188} INFO - [2025-12-28T13:24:25.419+0000] {dagbag.py:545} INFO - Filling up the DagBag from /opt/airflow/dags/main.py
[2025-12-28T13:24:25.624+0000] {processor.py:840} INFO - DAG(s) 'youtube_video_stats', 'update_db' retrieved from /opt/airflow/dags/main.py
[2025-12-28T13:24:25.692+0000] {logging_mixin.py:188} INFO - [2025-12-28T13:24:25.692+0000] {dag.py:3096} INFO - Sync 2 DAGs
[2025-12-28T13:24:25.742+0000] {logging_mixin.py:188} INFO - [2025-12-28T13:24:25.742+0000] {dag.py:3954} INFO - Setting next_dagrun for update_db to 2025-12-27 15:00:00+00:00, run_after=2025-12-28 15:00:00+00:00
[2025-12-28T13:24:25.755+0000] {logging_mixin.py:188} INFO - [2025-12-28T13:24:25.755+0000] {dag.py:3954} INFO - Setting next_dagrun for youtube_video_stats to 2025-12-27 14:00:00+00:00, run_after=2025-12-28 14:00:00+00:00
[2025-12-28T13:24:25.800+0000] {processor.py:183} INFO - Processing /opt/airflow/dags/main.py took 0.403 seconds
[2025-12-28T13:24:56.113+0000] {processor.py:161} INFO - Started process (PID=16003) to work on /opt/airflow/dags/main.py
[2025-12-28T13:24:56.116+0000] {processor.py:830} INFO - Processing file /opt/airflow/dags/main.py for tasks to queue
[2025-12-28T13:24:56.118+0000] {logging_mixin.py:188} INFO - [2025-12-28T13:24:56.117+0000] {dagbag.py:545} INFO - Filling up the DagBag from /opt/airflow/dags/main.py
[2025-12-28T13:24:56.300+0000] {processor.py:840} INFO - DAG(s) 'youtube_video_stats', 'update_db' retrieved from /opt/airflow/dags/main.py
[2025-12-28T13:24:56.362+0000] {logging_mixin.py:188} INFO - [2025-12-28T13:24:56.361+0000] {dag.py:3096} INFO - Sync 2 DAGs
[2025-12-28T13:24:56.408+0000] {logging_mixin.py:188} INFO - [2025-12-28T13:24:56.407+0000] {dag.py:3954} INFO - Setting next_dagrun for update_db to 2025-12-27 15:00:00+00:00, run_after=2025-12-28 15:00:00+00:00
[2025-12-28T13:24:56.424+0000] {logging_mixin.py:188} INFO - [2025-12-28T13:24:56.423+0000] {dag.py:3954} INFO - Setting next_dagrun for youtube_video_stats to 2025-12-27 14:00:00+00:00, run_after=2025-12-28 14:00:00+00:00
[2025-12-28T13:24:56.460+0000] {processor.py:183} INFO - Processing /opt/airflow/dags/main.py took 0.362 seconds
[2025-12-28T13:25:26.782+0000] {processor.py:161} INFO - Started process (PID=16010) to work on /opt/airflow/dags/main.py
[2025-12-28T13:25:26.785+0000] {processor.py:830} INFO - Processing file /opt/airflow/dags/main.py for tasks to queue
[2025-12-28T13:25:26.788+0000] {logging_mixin.py:188} INFO - [2025-12-28T13:25:26.787+0000] {dagbag.py:545} INFO - Filling up the DagBag from /opt/airflow/dags/main.py
[2025-12-28T13:25:27.039+0000] {processor.py:840} INFO - DAG(s) 'update_db', 'youtube_video_stats' retrieved from /opt/airflow/dags/main.py
[2025-12-28T13:25:27.134+0000] {logging_mixin.py:188} INFO - [2025-12-28T13:25:27.133+0000] {dag.py:3096} INFO - Sync 2 DAGs
[2025-12-28T13:25:27.203+0000] {logging_mixin.py:188} INFO - [2025-12-28T13:25:27.202+0000] {dag.py:3954} INFO - Setting next_dagrun for update_db to 2025-12-27 15:00:00+00:00, run_after=2025-12-28 15:00:00+00:00
[2025-12-28T13:25:27.219+0000] {logging_mixin.py:188} INFO - [2025-12-28T13:25:27.218+0000] {dag.py:3954} INFO - Setting next_dagrun for youtube_video_stats to 2025-12-27 14:00:00+00:00, run_after=2025-12-28 14:00:00+00:00
[2025-12-28T13:25:27.268+0000] {processor.py:183} INFO - Processing /opt/airflow/dags/main.py took 0.504 seconds
[2025-12-28T13:25:57.664+0000] {processor.py:161} INFO - Started process (PID=16017) to work on /opt/airflow/dags/main.py
[2025-12-28T13:25:57.674+0000] {processor.py:830} INFO - Processing file /opt/airflow/dags/main.py for tasks to queue
[2025-12-28T13:25:57.677+0000] {logging_mixin.py:188} INFO - [2025-12-28T13:25:57.676+0000] {dagbag.py:545} INFO - Filling up the DagBag from /opt/airflow/dags/main.py
[2025-12-28T13:25:57.935+0000] {processor.py:840} INFO - DAG(s) 'youtube_video_stats', 'update_db' retrieved from /opt/airflow/dags/main.py
[2025-12-28T13:25:58.030+0000] {logging_mixin.py:188} INFO - [2025-12-28T13:25:58.029+0000] {dag.py:3096} INFO - Sync 2 DAGs
[2025-12-28T13:25:58.094+0000] {logging_mixin.py:188} INFO - [2025-12-28T13:25:58.094+0000] {dag.py:3954} INFO - Setting next_dagrun for update_db to 2025-12-27 15:00:00+00:00, run_after=2025-12-28 15:00:00+00:00
[2025-12-28T13:25:58.107+0000] {logging_mixin.py:188} INFO - [2025-12-28T13:25:58.107+0000] {dag.py:3954} INFO - Setting next_dagrun for youtube_video_stats to 2025-12-27 14:00:00+00:00, run_after=2025-12-28 14:00:00+00:00
[2025-12-28T13:25:58.144+0000] {processor.py:183} INFO - Processing /opt/airflow/dags/main.py took 0.503 seconds
[2025-12-28T13:26:57.237+0000] {processor.py:161} INFO - Started process (PID=16024) to work on /opt/airflow/dags/main.py
[2025-12-28T13:26:57.249+0000] {processor.py:830} INFO - Processing file /opt/airflow/dags/main.py for tasks to queue
[2025-12-28T13:26:57.252+0000] {logging_mixin.py:188} INFO - [2025-12-28T13:26:57.251+0000] {dagbag.py:545} INFO - Filling up the DagBag from /opt/airflow/dags/main.py
[2025-12-28T13:26:58.066+0000] {processor.py:840} INFO - DAG(s) 'youtube_video_stats', 'update_db' retrieved from /opt/airflow/dags/main.py
[2025-12-28T13:26:58.161+0000] {logging_mixin.py:188} INFO - [2025-12-28T13:26:58.153+0000] {dag.py:3096} INFO - Sync 2 DAGs
[2025-12-28T13:26:58.235+0000] {logging_mixin.py:188} INFO - [2025-12-28T13:26:58.227+0000] {dag.py:3954} INFO - Setting next_dagrun for update_db to 2025-12-27 15:00:00+00:00, run_after=2025-12-28 15:00:00+00:00
[2025-12-28T13:26:58.266+0000] {logging_mixin.py:188} INFO - [2025-12-28T13:26:58.266+0000] {dag.py:3954} INFO - Setting next_dagrun for youtube_video_stats to 2025-12-27 14:00:00+00:00, run_after=2025-12-28 14:00:00+00:00
[2025-12-28T13:26:58.510+0000] {processor.py:183} INFO - Processing /opt/airflow/dags/main.py took 1.289 seconds
[2025-12-28T13:27:29.536+0000] {processor.py:161} INFO - Started process (PID=16032) to work on /opt/airflow/dags/main.py
[2025-12-28T13:27:29.550+0000] {processor.py:830} INFO - Processing file /opt/airflow/dags/main.py for tasks to queue
[2025-12-28T13:27:29.566+0000] {logging_mixin.py:188} INFO - [2025-12-28T13:27:29.564+0000] {dagbag.py:545} INFO - Filling up the DagBag from /opt/airflow/dags/main.py
[2025-12-28T13:27:31.471+0000] {processor.py:840} INFO - DAG(s) 'update_db', 'youtube_video_stats' retrieved from /opt/airflow/dags/main.py
[2025-12-28T13:27:31.780+0000] {logging_mixin.py:188} INFO - [2025-12-28T13:27:31.779+0000] {dag.py:3096} INFO - Sync 2 DAGs
[2025-12-28T13:27:32.033+0000] {logging_mixin.py:188} INFO - [2025-12-28T13:27:32.032+0000] {dag.py:3954} INFO - Setting next_dagrun for update_db to 2025-12-27 15:00:00+00:00, run_after=2025-12-28 15:00:00+00:00
[2025-12-28T13:27:32.095+0000] {logging_mixin.py:188} INFO - [2025-12-28T13:27:32.094+0000] {dag.py:3954} INFO - Setting next_dagrun for youtube_video_stats to 2025-12-27 14:00:00+00:00, run_after=2025-12-28 14:00:00+00:00
[2025-12-28T13:27:32.287+0000] {processor.py:183} INFO - Processing /opt/airflow/dags/main.py took 2.800 seconds
[2025-12-28T13:28:02.781+0000] {processor.py:161} INFO - Started process (PID=16039) to work on /opt/airflow/dags/main.py
[2025-12-28T13:28:02.792+0000] {processor.py:830} INFO - Processing file /opt/airflow/dags/main.py for tasks to queue
[2025-12-28T13:28:02.798+0000] {logging_mixin.py:188} INFO - [2025-12-28T13:28:02.797+0000] {dagbag.py:545} INFO - Filling up the DagBag from /opt/airflow/dags/main.py
[2025-12-28T13:28:03.667+0000] {processor.py:840} INFO - DAG(s) 'youtube_video_stats', 'update_db' retrieved from /opt/airflow/dags/main.py
[2025-12-28T13:28:03.928+0000] {logging_mixin.py:188} INFO - [2025-12-28T13:28:03.927+0000] {dag.py:3096} INFO - Sync 2 DAGs
[2025-12-28T13:28:04.123+0000] {logging_mixin.py:188} INFO - [2025-12-28T13:28:04.122+0000] {dag.py:3954} INFO - Setting next_dagrun for update_db to 2025-12-27 15:00:00+00:00, run_after=2025-12-28 15:00:00+00:00
[2025-12-28T13:28:04.156+0000] {logging_mixin.py:188} INFO - [2025-12-28T13:28:04.154+0000] {dag.py:3954} INFO - Setting next_dagrun for youtube_video_stats to 2025-12-27 14:00:00+00:00, run_after=2025-12-28 14:00:00+00:00
[2025-12-28T13:28:06.333+0000] {processor.py:183} INFO - Processing /opt/airflow/dags/main.py took 3.614 seconds
[2025-12-28T13:28:37.128+0000] {processor.py:161} INFO - Started process (PID=16046) to work on /opt/airflow/dags/main.py
[2025-12-28T13:28:37.135+0000] {processor.py:830} INFO - Processing file /opt/airflow/dags/main.py for tasks to queue
[2025-12-28T13:28:37.139+0000] {logging_mixin.py:188} INFO - [2025-12-28T13:28:37.138+0000] {dagbag.py:545} INFO - Filling up the DagBag from /opt/airflow/dags/main.py
[2025-12-28T13:28:37.543+0000] {processor.py:840} INFO - DAG(s) 'update_db', 'youtube_video_stats' retrieved from /opt/airflow/dags/main.py
[2025-12-28T13:28:37.695+0000] {logging_mixin.py:188} INFO - [2025-12-28T13:28:37.694+0000] {dag.py:3096} INFO - Sync 2 DAGs
[2025-12-28T13:28:37.855+0000] {logging_mixin.py:188} INFO - [2025-12-28T13:28:37.855+0000] {dag.py:3954} INFO - Setting next_dagrun for update_db to 2025-12-27 15:00:00+00:00, run_after=2025-12-28 15:00:00+00:00
[2025-12-28T13:28:37.889+0000] {logging_mixin.py:188} INFO - [2025-12-28T13:28:37.888+0000] {dag.py:3954} INFO - Setting next_dagrun for youtube_video_stats to 2025-12-27 14:00:00+00:00, run_after=2025-12-28 14:00:00+00:00
[2025-12-28T13:28:37.971+0000] {processor.py:183} INFO - Processing /opt/airflow/dags/main.py took 0.872 seconds
[2025-12-28T13:29:08.623+0000] {processor.py:161} INFO - Started process (PID=16053) to work on /opt/airflow/dags/main.py
[2025-12-28T13:29:08.637+0000] {processor.py:830} INFO - Processing file /opt/airflow/dags/main.py for tasks to queue
[2025-12-28T13:29:08.641+0000] {logging_mixin.py:188} INFO - [2025-12-28T13:29:08.640+0000] {dagbag.py:545} INFO - Filling up the DagBag from /opt/airflow/dags/main.py
[2025-12-28T13:29:09.657+0000] {processor.py:840} INFO - DAG(s) 'youtube_video_stats', 'update_db' retrieved from /opt/airflow/dags/main.py
[2025-12-28T13:29:09.964+0000] {logging_mixin.py:188} INFO - [2025-12-28T13:29:09.963+0000] {dag.py:3096} INFO - Sync 2 DAGs
[2025-12-28T13:29:10.166+0000] {logging_mixin.py:188} INFO - [2025-12-28T13:29:10.155+0000] {dag.py:3954} INFO - Setting next_dagrun for update_db to 2025-12-27 15:00:00+00:00, run_after=2025-12-28 15:00:00+00:00
[2025-12-28T13:29:10.216+0000] {logging_mixin.py:188} INFO - [2025-12-28T13:29:10.216+0000] {dag.py:3954} INFO - Setting next_dagrun for youtube_video_stats to 2025-12-27 14:00:00+00:00, run_after=2025-12-28 14:00:00+00:00
[2025-12-28T13:29:10.345+0000] {processor.py:183} INFO - Processing /opt/airflow/dags/main.py took 1.749 seconds
[2025-12-28T13:29:41.406+0000] {processor.py:161} INFO - Started process (PID=16060) to work on /opt/airflow/dags/main.py
[2025-12-28T13:29:41.414+0000] {processor.py:830} INFO - Processing file /opt/airflow/dags/main.py for tasks to queue
[2025-12-28T13:29:41.427+0000] {logging_mixin.py:188} INFO - [2025-12-28T13:29:41.426+0000] {dagbag.py:545} INFO - Filling up the DagBag from /opt/airflow/dags/main.py
[2025-12-28T13:29:42.269+0000] {processor.py:840} INFO - DAG(s) 'youtube_video_stats', 'update_db' retrieved from /opt/airflow/dags/main.py
[2025-12-28T13:29:42.493+0000] {logging_mixin.py:188} INFO - [2025-12-28T13:29:42.483+0000] {dag.py:3096} INFO - Sync 2 DAGs
[2025-12-28T13:29:42.675+0000] {logging_mixin.py:188} INFO - [2025-12-28T13:29:42.674+0000] {dag.py:3954} INFO - Setting next_dagrun for update_db to 2025-12-27 15:00:00+00:00, run_after=2025-12-28 15:00:00+00:00
[2025-12-28T13:29:42.717+0000] {logging_mixin.py:188} INFO - [2025-12-28T13:29:42.717+0000] {dag.py:3954} INFO - Setting next_dagrun for youtube_video_stats to 2025-12-27 14:00:00+00:00, run_after=2025-12-28 14:00:00+00:00
[2025-12-28T13:29:42.824+0000] {processor.py:183} INFO - Processing /opt/airflow/dags/main.py took 1.486 seconds
[2025-12-28T13:30:13.495+0000] {processor.py:161} INFO - Started process (PID=16067) to work on /opt/airflow/dags/main.py
[2025-12-28T13:30:13.499+0000] {processor.py:830} INFO - Processing file /opt/airflow/dags/main.py for tasks to queue
[2025-12-28T13:30:13.502+0000] {logging_mixin.py:188} INFO - [2025-12-28T13:30:13.501+0000] {dagbag.py:545} INFO - Filling up the DagBag from /opt/airflow/dags/main.py
[2025-12-28T13:30:13.920+0000] {processor.py:840} INFO - DAG(s) 'youtube_video_stats', 'update_db' retrieved from /opt/airflow/dags/main.py
[2025-12-28T13:30:14.050+0000] {logging_mixin.py:188} INFO - [2025-12-28T13:30:14.049+0000] {dag.py:3096} INFO - Sync 2 DAGs
[2025-12-28T13:30:14.161+0000] {logging_mixin.py:188} INFO - [2025-12-28T13:30:14.160+0000] {dag.py:3954} INFO - Setting next_dagrun for update_db to 2025-12-27 15:00:00+00:00, run_after=2025-12-28 15:00:00+00:00
[2025-12-28T13:30:14.224+0000] {logging_mixin.py:188} INFO - [2025-12-28T13:30:14.223+0000] {dag.py:3954} INFO - Setting next_dagrun for youtube_video_stats to 2025-12-27 14:00:00+00:00, run_after=2025-12-28 14:00:00+00:00
[2025-12-28T13:30:14.347+0000] {processor.py:183} INFO - Processing /opt/airflow/dags/main.py took 0.875 seconds
[2025-12-28T13:30:44.806+0000] {processor.py:161} INFO - Started process (PID=16074) to work on /opt/airflow/dags/main.py
[2025-12-28T13:30:44.809+0000] {processor.py:830} INFO - Processing file /opt/airflow/dags/main.py for tasks to queue
[2025-12-28T13:30:44.811+0000] {logging_mixin.py:188} INFO - [2025-12-28T13:30:44.810+0000] {dagbag.py:545} INFO - Filling up the DagBag from /opt/airflow/dags/main.py
[2025-12-28T13:30:45.137+0000] {processor.py:840} INFO - DAG(s) 'update_db', 'youtube_video_stats' retrieved from /opt/airflow/dags/main.py
[2025-12-28T13:30:45.258+0000] {logging_mixin.py:188} INFO - [2025-12-28T13:30:45.257+0000] {dag.py:3096} INFO - Sync 2 DAGs
[2025-12-28T13:30:45.346+0000] {logging_mixin.py:188} INFO - [2025-12-28T13:30:45.345+0000] {dag.py:3954} INFO - Setting next_dagrun for update_db to 2025-12-27 15:00:00+00:00, run_after=2025-12-28 15:00:00+00:00
[2025-12-28T13:30:45.369+0000] {logging_mixin.py:188} INFO - [2025-12-28T13:30:45.368+0000] {dag.py:3954} INFO - Setting next_dagrun for youtube_video_stats to 2025-12-27 14:00:00+00:00, run_after=2025-12-28 14:00:00+00:00
[2025-12-28T13:30:45.437+0000] {processor.py:183} INFO - Processing /opt/airflow/dags/main.py took 0.649 seconds
[2025-12-28T13:31:15.880+0000] {processor.py:161} INFO - Started process (PID=16081) to work on /opt/airflow/dags/main.py
[2025-12-28T13:31:15.888+0000] {processor.py:830} INFO - Processing file /opt/airflow/dags/main.py for tasks to queue
[2025-12-28T13:31:15.892+0000] {logging_mixin.py:188} INFO - [2025-12-28T13:31:15.891+0000] {dagbag.py:545} INFO - Filling up the DagBag from /opt/airflow/dags/main.py
[2025-12-28T13:31:16.210+0000] {processor.py:840} INFO - DAG(s) 'update_db', 'youtube_video_stats' retrieved from /opt/airflow/dags/main.py
[2025-12-28T13:31:16.327+0000] {logging_mixin.py:188} INFO - [2025-12-28T13:31:16.325+0000] {dag.py:3096} INFO - Sync 2 DAGs
[2025-12-28T13:31:16.438+0000] {logging_mixin.py:188} INFO - [2025-12-28T13:31:16.438+0000] {dag.py:3954} INFO - Setting next_dagrun for update_db to 2025-12-27 15:00:00+00:00, run_after=2025-12-28 15:00:00+00:00
[2025-12-28T13:31:16.461+0000] {logging_mixin.py:188} INFO - [2025-12-28T13:31:16.460+0000] {dag.py:3954} INFO - Setting next_dagrun for youtube_video_stats to 2025-12-27 14:00:00+00:00, run_after=2025-12-28 14:00:00+00:00
[2025-12-28T13:31:16.565+0000] {processor.py:183} INFO - Processing /opt/airflow/dags/main.py took 0.712 seconds
[2025-12-28T13:31:46.896+0000] {processor.py:161} INFO - Started process (PID=16088) to work on /opt/airflow/dags/main.py
[2025-12-28T13:31:46.901+0000] {processor.py:830} INFO - Processing file /opt/airflow/dags/main.py for tasks to queue
[2025-12-28T13:31:46.905+0000] {logging_mixin.py:188} INFO - [2025-12-28T13:31:46.904+0000] {dagbag.py:545} INFO - Filling up the DagBag from /opt/airflow/dags/main.py
[2025-12-28T13:31:47.485+0000] {processor.py:840} INFO - DAG(s) 'update_db', 'youtube_video_stats' retrieved from /opt/airflow/dags/main.py
[2025-12-28T13:31:47.653+0000] {logging_mixin.py:188} INFO - [2025-12-28T13:31:47.652+0000] {dag.py:3096} INFO - Sync 2 DAGs
[2025-12-28T13:31:47.773+0000] {logging_mixin.py:188} INFO - [2025-12-28T13:31:47.772+0000] {dag.py:3954} INFO - Setting next_dagrun for update_db to 2025-12-27 15:00:00+00:00, run_after=2025-12-28 15:00:00+00:00
[2025-12-28T13:31:47.802+0000] {logging_mixin.py:188} INFO - [2025-12-28T13:31:47.801+0000] {dag.py:3954} INFO - Setting next_dagrun for youtube_video_stats to 2025-12-27 14:00:00+00:00, run_after=2025-12-28 14:00:00+00:00
[2025-12-28T13:31:47.921+0000] {processor.py:183} INFO - Processing /opt/airflow/dags/main.py took 1.051 seconds
[2025-12-28T13:32:18.244+0000] {processor.py:161} INFO - Started process (PID=16095) to work on /opt/airflow/dags/main.py
[2025-12-28T13:32:18.254+0000] {processor.py:830} INFO - Processing file /opt/airflow/dags/main.py for tasks to queue
[2025-12-28T13:32:18.258+0000] {logging_mixin.py:188} INFO - [2025-12-28T13:32:18.257+0000] {dagbag.py:545} INFO - Filling up the DagBag from /opt/airflow/dags/main.py
[2025-12-28T13:32:18.671+0000] {processor.py:840} INFO - DAG(s) 'update_db', 'youtube_video_stats' retrieved from /opt/airflow/dags/main.py
[2025-12-28T13:32:18.821+0000] {logging_mixin.py:188} INFO - [2025-12-28T13:32:18.820+0000] {dag.py:3096} INFO - Sync 2 DAGs
[2025-12-28T13:32:18.947+0000] {logging_mixin.py:188} INFO - [2025-12-28T13:32:18.946+0000] {dag.py:3954} INFO - Setting next_dagrun for update_db to 2025-12-27 15:00:00+00:00, run_after=2025-12-28 15:00:00+00:00
[2025-12-28T13:32:18.972+0000] {logging_mixin.py:188} INFO - [2025-12-28T13:32:18.971+0000] {dag.py:3954} INFO - Setting next_dagrun for youtube_video_stats to 2025-12-27 14:00:00+00:00, run_after=2025-12-28 14:00:00+00:00
[2025-12-28T13:32:19.046+0000] {processor.py:183} INFO - Processing /opt/airflow/dags/main.py took 0.830 seconds
[2025-12-28T13:32:49.343+0000] {processor.py:161} INFO - Started process (PID=16102) to work on /opt/airflow/dags/main.py
[2025-12-28T13:32:49.345+0000] {processor.py:830} INFO - Processing file /opt/airflow/dags/main.py for tasks to queue
[2025-12-28T13:32:49.346+0000] {logging_mixin.py:188} INFO - [2025-12-28T13:32:49.346+0000] {dagbag.py:545} INFO - Filling up the DagBag from /opt/airflow/dags/main.py
[2025-12-28T13:32:49.507+0000] {processor.py:840} INFO - DAG(s) 'youtube_video_stats', 'update_db' retrieved from /opt/airflow/dags/main.py
[2025-12-28T13:32:49.562+0000] {logging_mixin.py:188} INFO - [2025-12-28T13:32:49.562+0000] {dag.py:3096} INFO - Sync 2 DAGs
[2025-12-28T13:32:49.601+0000] {logging_mixin.py:188} INFO - [2025-12-28T13:32:49.600+0000] {dag.py:3954} INFO - Setting next_dagrun for update_db to 2025-12-27 15:00:00+00:00, run_after=2025-12-28 15:00:00+00:00
[2025-12-28T13:32:49.610+0000] {logging_mixin.py:188} INFO - [2025-12-28T13:32:49.610+0000] {dag.py:3954} INFO - Setting next_dagrun for youtube_video_stats to 2025-12-27 14:00:00+00:00, run_after=2025-12-28 14:00:00+00:00
[2025-12-28T13:32:49.640+0000] {processor.py:183} INFO - Processing /opt/airflow/dags/main.py took 0.488 seconds
[2025-12-28T13:33:19.924+0000] {processor.py:161} INFO - Started process (PID=16109) to work on /opt/airflow/dags/main.py
[2025-12-28T13:33:19.926+0000] {processor.py:830} INFO - Processing file /opt/airflow/dags/main.py for tasks to queue
[2025-12-28T13:33:19.929+0000] {logging_mixin.py:188} INFO - [2025-12-28T13:33:19.928+0000] {dagbag.py:545} INFO - Filling up the DagBag from /opt/airflow/dags/main.py
[2025-12-28T13:33:20.138+0000] {processor.py:840} INFO - DAG(s) 'update_db', 'youtube_video_stats' retrieved from /opt/airflow/dags/main.py
[2025-12-28T13:33:20.226+0000] {logging_mixin.py:188} INFO - [2025-12-28T13:33:20.225+0000] {dag.py:3096} INFO - Sync 2 DAGs
[2025-12-28T13:33:20.305+0000] {logging_mixin.py:188} INFO - [2025-12-28T13:33:20.304+0000] {dag.py:3954} INFO - Setting next_dagrun for update_db to 2025-12-27 15:00:00+00:00, run_after=2025-12-28 15:00:00+00:00
[2025-12-28T13:33:20.322+0000] {logging_mixin.py:188} INFO - [2025-12-28T13:33:20.321+0000] {dag.py:3954} INFO - Setting next_dagrun for youtube_video_stats to 2025-12-27 14:00:00+00:00, run_after=2025-12-28 14:00:00+00:00
[2025-12-28T13:33:20.374+0000] {processor.py:183} INFO - Processing /opt/airflow/dags/main.py took 0.465 seconds
[2025-12-28T13:33:50.828+0000] {processor.py:161} INFO - Started process (PID=16116) to work on /opt/airflow/dags/main.py
[2025-12-28T13:33:50.839+0000] {processor.py:830} INFO - Processing file /opt/airflow/dags/main.py for tasks to queue
[2025-12-28T13:33:50.843+0000] {logging_mixin.py:188} INFO - [2025-12-28T13:33:50.842+0000] {dagbag.py:545} INFO - Filling up the DagBag from /opt/airflow/dags/main.py
[2025-12-28T13:33:51.275+0000] {processor.py:840} INFO - DAG(s) 'youtube_video_stats', 'update_db' retrieved from /opt/airflow/dags/main.py
[2025-12-28T13:33:51.380+0000] {logging_mixin.py:188} INFO - [2025-12-28T13:33:51.379+0000] {dag.py:3096} INFO - Sync 2 DAGs
[2025-12-28T13:33:51.451+0000] {logging_mixin.py:188} INFO - [2025-12-28T13:33:51.451+0000] {dag.py:3954} INFO - Setting next_dagrun for update_db to 2025-12-27 15:00:00+00:00, run_after=2025-12-28 15:00:00+00:00
[2025-12-28T13:33:51.473+0000] {logging_mixin.py:188} INFO - [2025-12-28T13:33:51.473+0000] {dag.py:3954} INFO - Setting next_dagrun for youtube_video_stats to 2025-12-27 14:00:00+00:00, run_after=2025-12-28 14:00:00+00:00
[2025-12-28T13:33:51.709+0000] {processor.py:183} INFO - Processing /opt/airflow/dags/main.py took 0.996 seconds
[2025-12-28T13:34:22.261+0000] {processor.py:161} INFO - Started process (PID=16124) to work on /opt/airflow/dags/main.py
[2025-12-28T13:34:22.265+0000] {processor.py:830} INFO - Processing file /opt/airflow/dags/main.py for tasks to queue
[2025-12-28T13:34:22.270+0000] {logging_mixin.py:188} INFO - [2025-12-28T13:34:22.269+0000] {dagbag.py:545} INFO - Filling up the DagBag from /opt/airflow/dags/main.py
[2025-12-28T13:34:22.854+0000] {processor.py:840} INFO - DAG(s) 'update_db', 'youtube_video_stats' retrieved from /opt/airflow/dags/main.py
[2025-12-28T13:34:23.039+0000] {logging_mixin.py:188} INFO - [2025-12-28T13:34:23.038+0000] {dag.py:3096} INFO - Sync 2 DAGs
[2025-12-28T13:34:23.190+0000] {logging_mixin.py:188} INFO - [2025-12-28T13:34:23.189+0000] {dag.py:3954} INFO - Setting next_dagrun for update_db to 2025-12-27 15:00:00+00:00, run_after=2025-12-28 15:00:00+00:00
[2025-12-28T13:34:23.230+0000] {logging_mixin.py:188} INFO - [2025-12-28T13:34:23.229+0000] {dag.py:3954} INFO - Setting next_dagrun for youtube_video_stats to 2025-12-27 14:00:00+00:00, run_after=2025-12-28 14:00:00+00:00
[2025-12-28T13:34:23.376+0000] {processor.py:183} INFO - Processing /opt/airflow/dags/main.py took 1.146 seconds
[2025-12-28T13:34:54.002+0000] {processor.py:161} INFO - Started process (PID=16131) to work on /opt/airflow/dags/main.py
[2025-12-28T13:34:54.009+0000] {processor.py:830} INFO - Processing file /opt/airflow/dags/main.py for tasks to queue
[2025-12-28T13:34:54.017+0000] {logging_mixin.py:188} INFO - [2025-12-28T13:34:54.014+0000] {dagbag.py:545} INFO - Filling up the DagBag from /opt/airflow/dags/main.py
[2025-12-28T13:34:55.111+0000] {processor.py:840} INFO - DAG(s) 'youtube_video_stats', 'update_db' retrieved from /opt/airflow/dags/main.py
[2025-12-28T13:34:55.722+0000] {logging_mixin.py:188} INFO - [2025-12-28T13:34:55.720+0000] {dag.py:3096} INFO - Sync 2 DAGs
[2025-12-28T13:34:56.258+0000] {logging_mixin.py:188} INFO - [2025-12-28T13:34:56.256+0000] {dag.py:3954} INFO - Setting next_dagrun for update_db to 2025-12-27 15:00:00+00:00, run_after=2025-12-28 15:00:00+00:00
[2025-12-28T13:34:56.323+0000] {logging_mixin.py:188} INFO - [2025-12-28T13:34:56.322+0000] {dag.py:3954} INFO - Setting next_dagrun for youtube_video_stats to 2025-12-27 14:00:00+00:00, run_after=2025-12-28 14:00:00+00:00
[2025-12-28T13:34:56.570+0000] {processor.py:183} INFO - Processing /opt/airflow/dags/main.py took 2.637 seconds
[2025-12-28T13:35:26.705+0000] {processor.py:161} INFO - Started process (PID=16137) to work on /opt/airflow/dags/main.py
[2025-12-28T13:35:26.707+0000] {processor.py:830} INFO - Processing file /opt/airflow/dags/main.py for tasks to queue
[2025-12-28T13:35:26.709+0000] {logging_mixin.py:188} INFO - [2025-12-28T13:35:26.709+0000] {dagbag.py:545} INFO - Filling up the DagBag from /opt/airflow/dags/main.py
[2025-12-28T13:35:26.916+0000] {processor.py:840} INFO - DAG(s) 'youtube_video_stats', 'update_db' retrieved from /opt/airflow/dags/main.py
[2025-12-28T13:35:26.983+0000] {logging_mixin.py:188} INFO - [2025-12-28T13:35:26.982+0000] {dag.py:3096} INFO - Sync 2 DAGs
[2025-12-28T13:35:27.035+0000] {logging_mixin.py:188} INFO - [2025-12-28T13:35:27.035+0000] {dag.py:3954} INFO - Setting next_dagrun for update_db to 2025-12-27 15:00:00+00:00, run_after=2025-12-28 15:00:00+00:00
[2025-12-28T13:35:27.049+0000] {logging_mixin.py:188} INFO - [2025-12-28T13:35:27.049+0000] {dag.py:3954} INFO - Setting next_dagrun for youtube_video_stats to 2025-12-27 14:00:00+00:00, run_after=2025-12-28 14:00:00+00:00
[2025-12-28T13:35:27.097+0000] {processor.py:183} INFO - Processing /opt/airflow/dags/main.py took 0.406 seconds
[2025-12-28T13:35:57.425+0000] {processor.py:161} INFO - Started process (PID=16144) to work on /opt/airflow/dags/main.py
[2025-12-28T13:35:57.427+0000] {processor.py:830} INFO - Processing file /opt/airflow/dags/main.py for tasks to queue
[2025-12-28T13:35:57.430+0000] {logging_mixin.py:188} INFO - [2025-12-28T13:35:57.429+0000] {dagbag.py:545} INFO - Filling up the DagBag from /opt/airflow/dags/main.py
[2025-12-28T13:35:57.666+0000] {processor.py:840} INFO - DAG(s) 'update_db', 'youtube_video_stats' retrieved from /opt/airflow/dags/main.py
[2025-12-28T13:35:57.745+0000] {logging_mixin.py:188} INFO - [2025-12-28T13:35:57.745+0000] {dag.py:3096} INFO - Sync 2 DAGs
[2025-12-28T13:35:57.806+0000] {logging_mixin.py:188} INFO - [2025-12-28T13:35:57.806+0000] {dag.py:3954} INFO - Setting next_dagrun for update_db to 2025-12-27 15:00:00+00:00, run_after=2025-12-28 15:00:00+00:00
[2025-12-28T13:35:57.819+0000] {logging_mixin.py:188} INFO - [2025-12-28T13:35:57.819+0000] {dag.py:3954} INFO - Setting next_dagrun for youtube_video_stats to 2025-12-27 14:00:00+00:00, run_after=2025-12-28 14:00:00+00:00
[2025-12-28T13:35:57.861+0000] {processor.py:183} INFO - Processing /opt/airflow/dags/main.py took 0.451 seconds
[2025-12-28T13:36:28.192+0000] {processor.py:161} INFO - Started process (PID=16157) to work on /opt/airflow/dags/main.py
[2025-12-28T13:36:28.196+0000] {processor.py:830} INFO - Processing file /opt/airflow/dags/main.py for tasks to queue
[2025-12-28T13:36:28.198+0000] {logging_mixin.py:188} INFO - [2025-12-28T13:36:28.197+0000] {dagbag.py:545} INFO - Filling up the DagBag from /opt/airflow/dags/main.py
[2025-12-28T13:36:28.435+0000] {processor.py:840} INFO - DAG(s) 'youtube_video_stats', 'update_db' retrieved from /opt/airflow/dags/main.py
[2025-12-28T13:36:28.529+0000] {logging_mixin.py:188} INFO - [2025-12-28T13:36:28.528+0000] {dag.py:3096} INFO - Sync 2 DAGs
[2025-12-28T13:36:28.597+0000] {logging_mixin.py:188} INFO - [2025-12-28T13:36:28.596+0000] {dag.py:3954} INFO - Setting next_dagrun for update_db to 2025-12-27 15:00:00+00:00, run_after=2025-12-28 15:00:00+00:00
[2025-12-28T13:36:28.611+0000] {logging_mixin.py:188} INFO - [2025-12-28T13:36:28.611+0000] {dag.py:3954} INFO - Setting next_dagrun for youtube_video_stats to 2025-12-27 14:00:00+00:00, run_after=2025-12-28 14:00:00+00:00
[2025-12-28T13:36:28.654+0000] {processor.py:183} INFO - Processing /opt/airflow/dags/main.py took 0.479 seconds
[2025-12-28T13:36:59.275+0000] {processor.py:161} INFO - Started process (PID=16164) to work on /opt/airflow/dags/main.py
[2025-12-28T13:36:59.277+0000] {processor.py:830} INFO - Processing file /opt/airflow/dags/main.py for tasks to queue
[2025-12-28T13:36:59.279+0000] {logging_mixin.py:188} INFO - [2025-12-28T13:36:59.279+0000] {dagbag.py:545} INFO - Filling up the DagBag from /opt/airflow/dags/main.py
[2025-12-28T13:36:59.474+0000] {processor.py:840} INFO - DAG(s) 'update_db', 'youtube_video_stats' retrieved from /opt/airflow/dags/main.py
[2025-12-28T13:36:59.531+0000] {logging_mixin.py:188} INFO - [2025-12-28T13:36:59.531+0000] {dag.py:3096} INFO - Sync 2 DAGs
[2025-12-28T13:36:59.581+0000] {logging_mixin.py:188} INFO - [2025-12-28T13:36:59.581+0000] {dag.py:3954} INFO - Setting next_dagrun for update_db to 2025-12-27 15:00:00+00:00, run_after=2025-12-28 15:00:00+00:00
[2025-12-28T13:36:59.593+0000] {logging_mixin.py:188} INFO - [2025-12-28T13:36:59.592+0000] {dag.py:3954} INFO - Setting next_dagrun for youtube_video_stats to 2025-12-27 14:00:00+00:00, run_after=2025-12-28 14:00:00+00:00
[2025-12-28T13:36:59.651+0000] {processor.py:183} INFO - Processing /opt/airflow/dags/main.py took 0.387 seconds
[2025-12-28T13:37:30.646+0000] {processor.py:161} INFO - Started process (PID=16171) to work on /opt/airflow/dags/main.py
[2025-12-28T13:37:30.700+0000] {processor.py:830} INFO - Processing file /opt/airflow/dags/main.py for tasks to queue
[2025-12-28T13:37:30.738+0000] {logging_mixin.py:188} INFO - [2025-12-28T13:37:30.736+0000] {dagbag.py:545} INFO - Filling up the DagBag from /opt/airflow/dags/main.py
[2025-12-28T13:37:36.392+0000] {processor.py:840} INFO - DAG(s) 'youtube_video_stats', 'update_db' retrieved from /opt/airflow/dags/main.py
[2025-12-28T13:37:37.008+0000] {logging_mixin.py:188} INFO - [2025-12-28T13:37:37.007+0000] {dag.py:3096} INFO - Sync 2 DAGs
[2025-12-28T13:37:37.358+0000] {logging_mixin.py:188} INFO - [2025-12-28T13:37:37.356+0000] {dag.py:3954} INFO - Setting next_dagrun for update_db to 2025-12-27 15:00:00+00:00, run_after=2025-12-28 15:00:00+00:00
[2025-12-28T13:37:37.463+0000] {logging_mixin.py:188} INFO - [2025-12-28T13:37:37.462+0000] {dag.py:3954} INFO - Setting next_dagrun for youtube_video_stats to 2025-12-27 14:00:00+00:00, run_after=2025-12-28 14:00:00+00:00
[2025-12-28T13:37:37.779+0000] {processor.py:183} INFO - Processing /opt/airflow/dags/main.py took 7.214 seconds
[2025-12-28T13:38:08.606+0000] {processor.py:161} INFO - Started process (PID=16178) to work on /opt/airflow/dags/main.py
[2025-12-28T13:38:08.620+0000] {processor.py:830} INFO - Processing file /opt/airflow/dags/main.py for tasks to queue
[2025-12-28T13:38:08.639+0000] {logging_mixin.py:188} INFO - [2025-12-28T13:38:08.636+0000] {dagbag.py:545} INFO - Filling up the DagBag from /opt/airflow/dags/main.py
[2025-12-28T13:38:10.907+0000] {processor.py:840} INFO - DAG(s) 'youtube_video_stats', 'update_db' retrieved from /opt/airflow/dags/main.py
[2025-12-28T13:38:11.538+0000] {logging_mixin.py:188} INFO - [2025-12-28T13:38:11.536+0000] {dag.py:3096} INFO - Sync 2 DAGs
[2025-12-28T13:38:11.987+0000] {logging_mixin.py:188} INFO - [2025-12-28T13:38:11.985+0000] {dag.py:3954} INFO - Setting next_dagrun for update_db to 2025-12-27 15:00:00+00:00, run_after=2025-12-28 15:00:00+00:00
[2025-12-28T13:38:12.093+0000] {logging_mixin.py:188} INFO - [2025-12-28T13:38:12.091+0000] {dag.py:3954} INFO - Setting next_dagrun for youtube_video_stats to 2025-12-27 14:00:00+00:00, run_after=2025-12-28 14:00:00+00:00
[2025-12-28T13:38:12.352+0000] {processor.py:183} INFO - Processing /opt/airflow/dags/main.py took 3.939 seconds
[2025-12-28T13:38:43.126+0000] {processor.py:161} INFO - Started process (PID=16185) to work on /opt/airflow/dags/main.py
[2025-12-28T13:38:43.157+0000] {processor.py:830} INFO - Processing file /opt/airflow/dags/main.py for tasks to queue
[2025-12-28T13:38:43.190+0000] {logging_mixin.py:188} INFO - [2025-12-28T13:38:43.176+0000] {dagbag.py:545} INFO - Filling up the DagBag from /opt/airflow/dags/main.py
[2025-12-28T13:38:45.114+0000] {processor.py:840} INFO - DAG(s) 'youtube_video_stats', 'update_db' retrieved from /opt/airflow/dags/main.py
[2025-12-28T13:38:45.663+0000] {logging_mixin.py:188} INFO - [2025-12-28T13:38:45.654+0000] {dag.py:3096} INFO - Sync 2 DAGs
[2025-12-28T13:38:46.095+0000] {logging_mixin.py:188} INFO - [2025-12-28T13:38:46.092+0000] {dag.py:3954} INFO - Setting next_dagrun for update_db to 2025-12-27 15:00:00+00:00, run_after=2025-12-28 15:00:00+00:00
[2025-12-28T13:38:46.312+0000] {logging_mixin.py:188} INFO - [2025-12-28T13:38:46.310+0000] {dag.py:3954} INFO - Setting next_dagrun for youtube_video_stats to 2025-12-27 14:00:00+00:00, run_after=2025-12-28 14:00:00+00:00
[2025-12-28T13:38:46.881+0000] {processor.py:183} INFO - Processing /opt/airflow/dags/main.py took 3.908 seconds
[2025-12-28T13:39:17.450+0000] {processor.py:161} INFO - Started process (PID=16192) to work on /opt/airflow/dags/main.py
[2025-12-28T13:39:17.993+0000] {processor.py:830} INFO - Processing file /opt/airflow/dags/main.py for tasks to queue
[2025-12-28T13:39:17.996+0000] {logging_mixin.py:188} INFO - [2025-12-28T13:39:17.995+0000] {dagbag.py:545} INFO - Filling up the DagBag from /opt/airflow/dags/main.py
[2025-12-28T13:39:18.303+0000] {processor.py:840} INFO - DAG(s) 'update_db', 'youtube_video_stats' retrieved from /opt/airflow/dags/main.py
[2025-12-28T13:39:18.387+0000] {logging_mixin.py:188} INFO - [2025-12-28T13:39:18.386+0000] {dag.py:3096} INFO - Sync 2 DAGs
[2025-12-28T13:39:18.456+0000] {logging_mixin.py:188} INFO - [2025-12-28T13:39:18.455+0000] {dag.py:3954} INFO - Setting next_dagrun for update_db to 2025-12-27 15:00:00+00:00, run_after=2025-12-28 15:00:00+00:00
[2025-12-28T13:39:18.472+0000] {logging_mixin.py:188} INFO - [2025-12-28T13:39:18.471+0000] {dag.py:3954} INFO - Setting next_dagrun for youtube_video_stats to 2025-12-27 14:00:00+00:00, run_after=2025-12-28 14:00:00+00:00
[2025-12-28T13:39:18.537+0000] {processor.py:183} INFO - Processing /opt/airflow/dags/main.py took 1.131 seconds
[2025-12-28T13:39:48.785+0000] {processor.py:161} INFO - Started process (PID=16199) to work on /opt/airflow/dags/main.py
[2025-12-28T13:39:48.788+0000] {processor.py:830} INFO - Processing file /opt/airflow/dags/main.py for tasks to queue
[2025-12-28T13:39:48.793+0000] {logging_mixin.py:188} INFO - [2025-12-28T13:39:48.791+0000] {dagbag.py:545} INFO - Filling up the DagBag from /opt/airflow/dags/main.py
[2025-12-28T13:39:49.194+0000] {processor.py:840} INFO - DAG(s) 'update_db', 'youtube_video_stats' retrieved from /opt/airflow/dags/main.py
[2025-12-28T13:39:49.354+0000] {logging_mixin.py:188} INFO - [2025-12-28T13:39:49.351+0000] {dag.py:3096} INFO - Sync 2 DAGs
[2025-12-28T13:39:49.481+0000] {logging_mixin.py:188} INFO - [2025-12-28T13:39:49.480+0000] {dag.py:3954} INFO - Setting next_dagrun for update_db to 2025-12-27 15:00:00+00:00, run_after=2025-12-28 15:00:00+00:00
[2025-12-28T13:39:49.517+0000] {logging_mixin.py:188} INFO - [2025-12-28T13:39:49.516+0000] {dag.py:3954} INFO - Setting next_dagrun for youtube_video_stats to 2025-12-27 14:00:00+00:00, run_after=2025-12-28 14:00:00+00:00
[2025-12-28T13:39:49.590+0000] {processor.py:183} INFO - Processing /opt/airflow/dags/main.py took 0.831 seconds
[2025-12-28T13:40:19.967+0000] {processor.py:161} INFO - Started process (PID=16207) to work on /opt/airflow/dags/main.py
[2025-12-28T13:40:19.970+0000] {processor.py:830} INFO - Processing file /opt/airflow/dags/main.py for tasks to queue
[2025-12-28T13:40:19.973+0000] {logging_mixin.py:188} INFO - [2025-12-28T13:40:19.972+0000] {dagbag.py:545} INFO - Filling up the DagBag from /opt/airflow/dags/main.py
[2025-12-28T13:40:20.262+0000] {processor.py:840} INFO - DAG(s) 'update_db', 'youtube_video_stats' retrieved from /opt/airflow/dags/main.py
[2025-12-28T13:40:20.367+0000] {logging_mixin.py:188} INFO - [2025-12-28T13:40:20.367+0000] {dag.py:3096} INFO - Sync 2 DAGs
[2025-12-28T13:40:20.451+0000] {logging_mixin.py:188} INFO - [2025-12-28T13:40:20.451+0000] {dag.py:3954} INFO - Setting next_dagrun for update_db to 2025-12-27 15:00:00+00:00, run_after=2025-12-28 15:00:00+00:00
[2025-12-28T13:40:20.470+0000] {logging_mixin.py:188} INFO - [2025-12-28T13:40:20.469+0000] {dag.py:3954} INFO - Setting next_dagrun for youtube_video_stats to 2025-12-27 14:00:00+00:00, run_after=2025-12-28 14:00:00+00:00
[2025-12-28T13:40:20.528+0000] {processor.py:183} INFO - Processing /opt/airflow/dags/main.py took 0.580 seconds
[2025-12-28T13:40:50.937+0000] {processor.py:161} INFO - Started process (PID=16214) to work on /opt/airflow/dags/main.py
[2025-12-28T13:40:50.941+0000] {processor.py:830} INFO - Processing file /opt/airflow/dags/main.py for tasks to queue
[2025-12-28T13:40:50.944+0000] {logging_mixin.py:188} INFO - [2025-12-28T13:40:50.943+0000] {dagbag.py:545} INFO - Filling up the DagBag from /opt/airflow/dags/main.py
[2025-12-28T13:40:51.296+0000] {processor.py:840} INFO - DAG(s) 'youtube_video_stats', 'update_db' retrieved from /opt/airflow/dags/main.py
[2025-12-28T13:40:51.462+0000] {logging_mixin.py:188} INFO - [2025-12-28T13:40:51.461+0000] {dag.py:3096} INFO - Sync 2 DAGs
[2025-12-28T13:40:51.575+0000] {logging_mixin.py:188} INFO - [2025-12-28T13:40:51.573+0000] {dag.py:3954} INFO - Setting next_dagrun for update_db to 2025-12-27 15:00:00+00:00, run_after=2025-12-28 15:00:00+00:00
[2025-12-28T13:40:51.603+0000] {logging_mixin.py:188} INFO - [2025-12-28T13:40:51.602+0000] {dag.py:3954} INFO - Setting next_dagrun for youtube_video_stats to 2025-12-27 14:00:00+00:00, run_after=2025-12-28 14:00:00+00:00
[2025-12-28T13:40:51.687+0000] {processor.py:183} INFO - Processing /opt/airflow/dags/main.py took 0.768 seconds
[2025-12-28T13:41:21.894+0000] {processor.py:161} INFO - Started process (PID=16221) to work on /opt/airflow/dags/main.py
[2025-12-28T13:41:21.900+0000] {processor.py:830} INFO - Processing file /opt/airflow/dags/main.py for tasks to queue
[2025-12-28T13:41:21.912+0000] {logging_mixin.py:188} INFO - [2025-12-28T13:41:21.908+0000] {dagbag.py:545} INFO - Filling up the DagBag from /opt/airflow/dags/main.py
[2025-12-28T13:41:22.521+0000] {processor.py:840} INFO - DAG(s) 'youtube_video_stats', 'update_db' retrieved from /opt/airflow/dags/main.py
[2025-12-28T13:41:22.680+0000] {logging_mixin.py:188} INFO - [2025-12-28T13:41:22.679+0000] {dag.py:3096} INFO - Sync 2 DAGs
[2025-12-28T13:41:22.801+0000] {logging_mixin.py:188} INFO - [2025-12-28T13:41:22.800+0000] {dag.py:3954} INFO - Setting next_dagrun for update_db to 2025-12-27 15:00:00+00:00, run_after=2025-12-28 15:00:00+00:00
[2025-12-28T13:41:22.827+0000] {logging_mixin.py:188} INFO - [2025-12-28T13:41:22.826+0000] {dag.py:3954} INFO - Setting next_dagrun for youtube_video_stats to 2025-12-27 14:00:00+00:00, run_after=2025-12-28 14:00:00+00:00
[2025-12-28T13:41:22.922+0000] {processor.py:183} INFO - Processing /opt/airflow/dags/main.py took 1.083 seconds
[2025-12-28T13:41:53.812+0000] {processor.py:161} INFO - Started process (PID=16228) to work on /opt/airflow/dags/main.py
[2025-12-28T13:41:53.831+0000] {processor.py:830} INFO - Processing file /opt/airflow/dags/main.py for tasks to queue
[2025-12-28T13:41:53.850+0000] {logging_mixin.py:188} INFO - [2025-12-28T13:41:53.847+0000] {dagbag.py:545} INFO - Filling up the DagBag from /opt/airflow/dags/main.py
[2025-12-28T13:41:55.821+0000] {processor.py:840} INFO - DAG(s) 'update_db', 'youtube_video_stats' retrieved from /opt/airflow/dags/main.py
[2025-12-28T13:41:56.476+0000] {logging_mixin.py:188} INFO - [2025-12-28T13:41:56.474+0000] {dag.py:3096} INFO - Sync 2 DAGs
[2025-12-28T13:41:57.117+0000] {logging_mixin.py:188} INFO - [2025-12-28T13:41:57.116+0000] {dag.py:3954} INFO - Setting next_dagrun for update_db to 2025-12-27 15:00:00+00:00, run_after=2025-12-28 15:00:00+00:00
[2025-12-28T13:41:57.276+0000] {logging_mixin.py:188} INFO - [2025-12-28T13:41:57.275+0000] {dag.py:3954} INFO - Setting next_dagrun for youtube_video_stats to 2025-12-27 14:00:00+00:00, run_after=2025-12-28 14:00:00+00:00
[2025-12-28T13:41:57.666+0000] {processor.py:183} INFO - Processing /opt/airflow/dags/main.py took 3.964 seconds
[2025-12-28T13:42:31.923+0000] {processor.py:161} INFO - Started process (PID=16235) to work on /opt/airflow/dags/main.py
[2025-12-28T13:42:31.954+0000] {processor.py:830} INFO - Processing file /opt/airflow/dags/main.py for tasks to queue
[2025-12-28T13:42:31.987+0000] {logging_mixin.py:188} INFO - [2025-12-28T13:42:31.973+0000] {dagbag.py:545} INFO - Filling up the DagBag from /opt/airflow/dags/main.py
[2025-12-28T13:42:36.387+0000] {processor.py:840} INFO - DAG(s) 'update_db', 'youtube_video_stats' retrieved from /opt/airflow/dags/main.py
[2025-12-28T13:42:37.425+0000] {logging_mixin.py:188} INFO - [2025-12-28T13:42:37.422+0000] {dag.py:3096} INFO - Sync 2 DAGs
[2025-12-28T13:42:38.212+0000] {logging_mixin.py:188} INFO - [2025-12-28T13:42:38.198+0000] {dag.py:3954} INFO - Setting next_dagrun for update_db to 2025-12-27 15:00:00+00:00, run_after=2025-12-28 15:00:00+00:00
[2025-12-28T13:42:38.389+0000] {logging_mixin.py:188} INFO - [2025-12-28T13:42:38.377+0000] {dag.py:3954} INFO - Setting next_dagrun for youtube_video_stats to 2025-12-27 14:00:00+00:00, run_after=2025-12-28 14:00:00+00:00
[2025-12-28T13:42:38.851+0000] {processor.py:183} INFO - Processing /opt/airflow/dags/main.py took 7.168 seconds
[2025-12-28T13:43:10.453+0000] {processor.py:161} INFO - Started process (PID=16248) to work on /opt/airflow/dags/main.py
[2025-12-28T13:43:10.472+0000] {processor.py:830} INFO - Processing file /opt/airflow/dags/main.py for tasks to queue
[2025-12-28T13:43:10.505+0000] {logging_mixin.py:188} INFO - [2025-12-28T13:43:10.491+0000] {dagbag.py:545} INFO - Filling up the DagBag from /opt/airflow/dags/main.py
[2025-12-28T13:43:13.191+0000] {processor.py:840} INFO - DAG(s) 'update_db', 'youtube_video_stats' retrieved from /opt/airflow/dags/main.py
[2025-12-28T13:43:14.336+0000] {logging_mixin.py:188} INFO - [2025-12-28T13:43:14.333+0000] {dag.py:3096} INFO - Sync 2 DAGs
[2025-12-28T13:43:15.214+0000] {logging_mixin.py:188} INFO - [2025-12-28T13:43:15.200+0000] {dag.py:3954} INFO - Setting next_dagrun for update_db to 2025-12-27 15:00:00+00:00, run_after=2025-12-28 15:00:00+00:00
[2025-12-28T13:43:15.471+0000] {logging_mixin.py:188} INFO - [2025-12-28T13:43:15.457+0000] {dag.py:3954} INFO - Setting next_dagrun for youtube_video_stats to 2025-12-27 14:00:00+00:00, run_after=2025-12-28 14:00:00+00:00
[2025-12-28T13:43:15.903+0000] {processor.py:183} INFO - Processing /opt/airflow/dags/main.py took 5.661 seconds
[2025-12-28T13:43:46.710+0000] {processor.py:161} INFO - Started process (PID=16255) to work on /opt/airflow/dags/main.py
[2025-12-28T13:43:49.404+0000] {processor.py:830} INFO - Processing file /opt/airflow/dags/main.py for tasks to queue
[2025-12-28T13:43:49.442+0000] {logging_mixin.py:188} INFO - [2025-12-28T13:43:49.424+0000] {dagbag.py:545} INFO - Filling up the DagBag from /opt/airflow/dags/main.py
[2025-12-28T13:43:52.535+0000] {processor.py:840} INFO - DAG(s) 'youtube_video_stats', 'update_db' retrieved from /opt/airflow/dags/main.py
[2025-12-28T13:43:53.467+0000] {logging_mixin.py:188} INFO - [2025-12-28T13:43:53.456+0000] {dag.py:3096} INFO - Sync 2 DAGs
[2025-12-28T13:43:54.158+0000] {logging_mixin.py:188} INFO - [2025-12-28T13:43:54.156+0000] {dag.py:3954} INFO - Setting next_dagrun for update_db to 2025-12-27 15:00:00+00:00, run_after=2025-12-28 15:00:00+00:00
[2025-12-28T13:43:54.273+0000] {logging_mixin.py:188} INFO - [2025-12-28T13:43:54.272+0000] {dag.py:3954} INFO - Setting next_dagrun for youtube_video_stats to 2025-12-27 14:00:00+00:00, run_after=2025-12-28 14:00:00+00:00
[2025-12-28T13:43:54.485+0000] {processor.py:183} INFO - Processing /opt/airflow/dags/main.py took 7.999 seconds
[2025-12-28T13:44:25.028+0000] {processor.py:161} INFO - Started process (PID=16262) to work on /opt/airflow/dags/main.py
[2025-12-28T13:44:25.032+0000] {processor.py:830} INFO - Processing file /opt/airflow/dags/main.py for tasks to queue
[2025-12-28T13:44:25.034+0000] {logging_mixin.py:188} INFO - [2025-12-28T13:44:25.034+0000] {dagbag.py:545} INFO - Filling up the DagBag from /opt/airflow/dags/main.py
[2025-12-28T13:44:25.303+0000] {processor.py:840} INFO - DAG(s) 'update_db', 'youtube_video_stats' retrieved from /opt/airflow/dags/main.py
[2025-12-28T13:44:25.406+0000] {logging_mixin.py:188} INFO - [2025-12-28T13:44:25.405+0000] {dag.py:3096} INFO - Sync 2 DAGs
[2025-12-28T13:44:25.486+0000] {logging_mixin.py:188} INFO - [2025-12-28T13:44:25.486+0000] {dag.py:3954} INFO - Setting next_dagrun for update_db to 2025-12-27 15:00:00+00:00, run_after=2025-12-28 15:00:00+00:00
[2025-12-28T13:44:25.508+0000] {logging_mixin.py:188} INFO - [2025-12-28T13:44:25.508+0000] {dag.py:3954} INFO - Setting next_dagrun for youtube_video_stats to 2025-12-27 14:00:00+00:00, run_after=2025-12-28 14:00:00+00:00
[2025-12-28T13:44:25.564+0000] {processor.py:183} INFO - Processing /opt/airflow/dags/main.py took 0.558 seconds
[2025-12-28T13:44:55.903+0000] {processor.py:161} INFO - Started process (PID=16269) to work on /opt/airflow/dags/main.py
[2025-12-28T13:44:55.907+0000] {processor.py:830} INFO - Processing file /opt/airflow/dags/main.py for tasks to queue
[2025-12-28T13:44:55.909+0000] {logging_mixin.py:188} INFO - [2025-12-28T13:44:55.908+0000] {dagbag.py:545} INFO - Filling up the DagBag from /opt/airflow/dags/main.py
[2025-12-28T13:44:56.148+0000] {processor.py:840} INFO - DAG(s) 'youtube_video_stats', 'update_db' retrieved from /opt/airflow/dags/main.py
[2025-12-28T13:44:56.223+0000] {logging_mixin.py:188} INFO - [2025-12-28T13:44:56.222+0000] {dag.py:3096} INFO - Sync 2 DAGs
[2025-12-28T13:44:56.283+0000] {logging_mixin.py:188} INFO - [2025-12-28T13:44:56.283+0000] {dag.py:3954} INFO - Setting next_dagrun for update_db to 2025-12-27 15:00:00+00:00, run_after=2025-12-28 15:00:00+00:00
[2025-12-28T13:44:56.296+0000] {logging_mixin.py:188} INFO - [2025-12-28T13:44:56.296+0000] {dag.py:3954} INFO - Setting next_dagrun for youtube_video_stats to 2025-12-27 14:00:00+00:00, run_after=2025-12-28 14:00:00+00:00
[2025-12-28T13:44:56.337+0000] {processor.py:183} INFO - Processing /opt/airflow/dags/main.py took 0.448 seconds
[2025-12-28T13:45:26.807+0000] {processor.py:161} INFO - Started process (PID=16276) to work on /opt/airflow/dags/main.py
[2025-12-28T13:45:26.810+0000] {processor.py:830} INFO - Processing file /opt/airflow/dags/main.py for tasks to queue
[2025-12-28T13:45:26.814+0000] {logging_mixin.py:188} INFO - [2025-12-28T13:45:26.813+0000] {dagbag.py:545} INFO - Filling up the DagBag from /opt/airflow/dags/main.py
[2025-12-28T13:45:27.248+0000] {processor.py:840} INFO - DAG(s) 'youtube_video_stats', 'update_db' retrieved from /opt/airflow/dags/main.py
[2025-12-28T13:45:27.365+0000] {logging_mixin.py:188} INFO - [2025-12-28T13:45:27.365+0000] {dag.py:3096} INFO - Sync 2 DAGs
[2025-12-28T13:45:27.459+0000] {logging_mixin.py:188} INFO - [2025-12-28T13:45:27.458+0000] {dag.py:3954} INFO - Setting next_dagrun for update_db to 2025-12-27 15:00:00+00:00, run_after=2025-12-28 15:00:00+00:00
[2025-12-28T13:45:27.480+0000] {logging_mixin.py:188} INFO - [2025-12-28T13:45:27.479+0000] {dag.py:3954} INFO - Setting next_dagrun for youtube_video_stats to 2025-12-27 14:00:00+00:00, run_after=2025-12-28 14:00:00+00:00
[2025-12-28T13:45:27.544+0000] {processor.py:183} INFO - Processing /opt/airflow/dags/main.py took 0.759 seconds
[2025-12-28T13:45:58.311+0000] {processor.py:161} INFO - Started process (PID=16283) to work on /opt/airflow/dags/main.py
[2025-12-28T13:45:58.317+0000] {processor.py:830} INFO - Processing file /opt/airflow/dags/main.py for tasks to queue
[2025-12-28T13:45:58.328+0000] {logging_mixin.py:188} INFO - [2025-12-28T13:45:58.324+0000] {dagbag.py:545} INFO - Filling up the DagBag from /opt/airflow/dags/main.py
[2025-12-28T13:45:59.333+0000] {processor.py:840} INFO - DAG(s) 'update_db', 'youtube_video_stats' retrieved from /opt/airflow/dags/main.py
[2025-12-28T13:45:59.776+0000] {logging_mixin.py:188} INFO - [2025-12-28T13:45:59.773+0000] {dag.py:3096} INFO - Sync 2 DAGs
[2025-12-28T13:46:00.114+0000] {logging_mixin.py:188} INFO - [2025-12-28T13:46:00.112+0000] {dag.py:3954} INFO - Setting next_dagrun for update_db to 2025-12-27 15:00:00+00:00, run_after=2025-12-28 15:00:00+00:00
[2025-12-28T13:46:00.170+0000] {logging_mixin.py:188} INFO - [2025-12-28T13:46:00.169+0000] {dag.py:3954} INFO - Setting next_dagrun for youtube_video_stats to 2025-12-27 14:00:00+00:00, run_after=2025-12-28 14:00:00+00:00
[2025-12-28T13:46:00.341+0000] {processor.py:183} INFO - Processing /opt/airflow/dags/main.py took 2.084 seconds
[2025-12-28T13:46:30.757+0000] {processor.py:161} INFO - Started process (PID=16290) to work on /opt/airflow/dags/main.py
[2025-12-28T13:46:30.759+0000] {processor.py:830} INFO - Processing file /opt/airflow/dags/main.py for tasks to queue
[2025-12-28T13:46:30.761+0000] {logging_mixin.py:188} INFO - [2025-12-28T13:46:30.761+0000] {dagbag.py:545} INFO - Filling up the DagBag from /opt/airflow/dags/main.py
[2025-12-28T13:46:30.948+0000] {processor.py:840} INFO - DAG(s) 'youtube_video_stats', 'update_db' retrieved from /opt/airflow/dags/main.py
[2025-12-28T13:46:31.006+0000] {logging_mixin.py:188} INFO - [2025-12-28T13:46:31.006+0000] {dag.py:3096} INFO - Sync 2 DAGs
[2025-12-28T13:46:31.047+0000] {logging_mixin.py:188} INFO - [2025-12-28T13:46:31.046+0000] {dag.py:3954} INFO - Setting next_dagrun for update_db to 2025-12-27 15:00:00+00:00, run_after=2025-12-28 15:00:00+00:00
[2025-12-28T13:46:31.057+0000] {logging_mixin.py:188} INFO - [2025-12-28T13:46:31.057+0000] {dag.py:3954} INFO - Setting next_dagrun for youtube_video_stats to 2025-12-27 14:00:00+00:00, run_after=2025-12-28 14:00:00+00:00
[2025-12-28T13:46:31.142+0000] {processor.py:183} INFO - Processing /opt/airflow/dags/main.py took 0.396 seconds
[2025-12-28T13:47:01.502+0000] {processor.py:161} INFO - Started process (PID=16297) to work on /opt/airflow/dags/main.py
[2025-12-28T13:47:01.505+0000] {processor.py:830} INFO - Processing file /opt/airflow/dags/main.py for tasks to queue
[2025-12-28T13:47:01.507+0000] {logging_mixin.py:188} INFO - [2025-12-28T13:47:01.507+0000] {dagbag.py:545} INFO - Filling up the DagBag from /opt/airflow/dags/main.py
[2025-12-28T13:47:01.764+0000] {processor.py:840} INFO - DAG(s) 'update_db', 'youtube_video_stats' retrieved from /opt/airflow/dags/main.py
[2025-12-28T13:47:01.842+0000] {logging_mixin.py:188} INFO - [2025-12-28T13:47:01.841+0000] {dag.py:3096} INFO - Sync 2 DAGs
[2025-12-28T13:47:01.898+0000] {logging_mixin.py:188} INFO - [2025-12-28T13:47:01.898+0000] {dag.py:3954} INFO - Setting next_dagrun for update_db to 2025-12-27 15:00:00+00:00, run_after=2025-12-28 15:00:00+00:00
[2025-12-28T13:47:01.912+0000] {logging_mixin.py:188} INFO - [2025-12-28T13:47:01.911+0000] {dag.py:3954} INFO - Setting next_dagrun for youtube_video_stats to 2025-12-27 14:00:00+00:00, run_after=2025-12-28 14:00:00+00:00
[2025-12-28T13:47:01.959+0000] {processor.py:183} INFO - Processing /opt/airflow/dags/main.py took 0.471 seconds
[2025-12-28T13:47:32.852+0000] {processor.py:161} INFO - Started process (PID=16304) to work on /opt/airflow/dags/main.py
[2025-12-28T13:47:32.856+0000] {processor.py:830} INFO - Processing file /opt/airflow/dags/main.py for tasks to queue
[2025-12-28T13:47:32.858+0000] {logging_mixin.py:188} INFO - [2025-12-28T13:47:32.858+0000] {dagbag.py:545} INFO - Filling up the DagBag from /opt/airflow/dags/main.py
[2025-12-28T13:47:33.109+0000] {processor.py:840} INFO - DAG(s) 'youtube_video_stats', 'update_db' retrieved from /opt/airflow/dags/main.py
[2025-12-28T13:47:33.207+0000] {logging_mixin.py:188} INFO - [2025-12-28T13:47:33.207+0000] {dag.py:3096} INFO - Sync 2 DAGs
[2025-12-28T13:47:33.261+0000] {logging_mixin.py:188} INFO - [2025-12-28T13:47:33.261+0000] {dag.py:3954} INFO - Setting next_dagrun for update_db to 2025-12-27 15:00:00+00:00, run_after=2025-12-28 15:00:00+00:00
[2025-12-28T13:47:33.274+0000] {logging_mixin.py:188} INFO - [2025-12-28T13:47:33.273+0000] {dag.py:3954} INFO - Setting next_dagrun for youtube_video_stats to 2025-12-27 14:00:00+00:00, run_after=2025-12-28 14:00:00+00:00
[2025-12-28T13:47:33.332+0000] {processor.py:183} INFO - Processing /opt/airflow/dags/main.py took 0.493 seconds
[2025-12-28T13:48:03.650+0000] {processor.py:161} INFO - Started process (PID=16311) to work on /opt/airflow/dags/main.py
[2025-12-28T13:48:03.652+0000] {processor.py:830} INFO - Processing file /opt/airflow/dags/main.py for tasks to queue
[2025-12-28T13:48:03.654+0000] {logging_mixin.py:188} INFO - [2025-12-28T13:48:03.653+0000] {dagbag.py:545} INFO - Filling up the DagBag from /opt/airflow/dags/main.py
[2025-12-28T13:48:03.836+0000] {processor.py:840} INFO - DAG(s) 'update_db', 'youtube_video_stats' retrieved from /opt/airflow/dags/main.py
[2025-12-28T13:48:03.894+0000] {logging_mixin.py:188} INFO - [2025-12-28T13:48:03.893+0000] {dag.py:3096} INFO - Sync 2 DAGs
[2025-12-28T13:48:03.935+0000] {logging_mixin.py:188} INFO - [2025-12-28T13:48:03.935+0000] {dag.py:3954} INFO - Setting next_dagrun for update_db to 2025-12-27 15:00:00+00:00, run_after=2025-12-28 15:00:00+00:00
[2025-12-28T13:48:03.947+0000] {logging_mixin.py:188} INFO - [2025-12-28T13:48:03.947+0000] {dag.py:3954} INFO - Setting next_dagrun for youtube_video_stats to 2025-12-27 14:00:00+00:00, run_after=2025-12-28 14:00:00+00:00
[2025-12-28T13:48:03.980+0000] {processor.py:183} INFO - Processing /opt/airflow/dags/main.py took 0.343 seconds
[2025-12-28T13:48:34.317+0000] {processor.py:161} INFO - Started process (PID=16318) to work on /opt/airflow/dags/main.py
[2025-12-28T13:48:34.319+0000] {processor.py:830} INFO - Processing file /opt/airflow/dags/main.py for tasks to queue
[2025-12-28T13:48:34.322+0000] {logging_mixin.py:188} INFO - [2025-12-28T13:48:34.321+0000] {dagbag.py:545} INFO - Filling up the DagBag from /opt/airflow/dags/main.py
[2025-12-28T13:48:34.633+0000] {processor.py:840} INFO - DAG(s) 'update_db', 'youtube_video_stats' retrieved from /opt/airflow/dags/main.py
[2025-12-28T13:48:34.715+0000] {logging_mixin.py:188} INFO - [2025-12-28T13:48:34.714+0000] {dag.py:3096} INFO - Sync 2 DAGs
[2025-12-28T13:48:34.773+0000] {logging_mixin.py:188} INFO - [2025-12-28T13:48:34.772+0000] {dag.py:3954} INFO - Setting next_dagrun for update_db to 2025-12-27 15:00:00+00:00, run_after=2025-12-28 15:00:00+00:00
[2025-12-28T13:48:34.787+0000] {logging_mixin.py:188} INFO - [2025-12-28T13:48:34.786+0000] {dag.py:3954} INFO - Setting next_dagrun for youtube_video_stats to 2025-12-27 14:00:00+00:00, run_after=2025-12-28 14:00:00+00:00
[2025-12-28T13:48:34.833+0000] {processor.py:183} INFO - Processing /opt/airflow/dags/main.py took 0.531 seconds
[2025-12-28T13:49:05.249+0000] {processor.py:161} INFO - Started process (PID=16325) to work on /opt/airflow/dags/main.py
[2025-12-28T13:49:05.252+0000] {processor.py:830} INFO - Processing file /opt/airflow/dags/main.py for tasks to queue
[2025-12-28T13:49:05.254+0000] {logging_mixin.py:188} INFO - [2025-12-28T13:49:05.254+0000] {dagbag.py:545} INFO - Filling up the DagBag from /opt/airflow/dags/main.py
[2025-12-28T13:49:05.487+0000] {processor.py:840} INFO - DAG(s) 'update_db', 'youtube_video_stats' retrieved from /opt/airflow/dags/main.py
[2025-12-28T13:49:05.567+0000] {logging_mixin.py:188} INFO - [2025-12-28T13:49:05.567+0000] {dag.py:3096} INFO - Sync 2 DAGs
[2025-12-28T13:49:05.627+0000] {logging_mixin.py:188} INFO - [2025-12-28T13:49:05.627+0000] {dag.py:3954} INFO - Setting next_dagrun for update_db to 2025-12-27 15:00:00+00:00, run_after=2025-12-28 15:00:00+00:00
[2025-12-28T13:49:05.642+0000] {logging_mixin.py:188} INFO - [2025-12-28T13:49:05.641+0000] {dag.py:3954} INFO - Setting next_dagrun for youtube_video_stats to 2025-12-27 14:00:00+00:00, run_after=2025-12-28 14:00:00+00:00
[2025-12-28T13:49:05.685+0000] {processor.py:183} INFO - Processing /opt/airflow/dags/main.py took 0.461 seconds
[2025-12-28T13:49:35.823+0000] {processor.py:161} INFO - Started process (PID=16332) to work on /opt/airflow/dags/main.py
[2025-12-28T13:49:35.847+0000] {processor.py:830} INFO - Processing file /opt/airflow/dags/main.py for tasks to queue
[2025-12-28T13:49:35.867+0000] {logging_mixin.py:188} INFO - [2025-12-28T13:49:35.866+0000] {dagbag.py:545} INFO - Filling up the DagBag from /opt/airflow/dags/main.py
[2025-12-28T13:49:36.309+0000] {processor.py:840} INFO - DAG(s) 'youtube_video_stats', 'update_db' retrieved from /opt/airflow/dags/main.py
[2025-12-28T13:49:36.419+0000] {logging_mixin.py:188} INFO - [2025-12-28T13:49:36.419+0000] {dag.py:3096} INFO - Sync 2 DAGs
[2025-12-28T13:49:36.501+0000] {logging_mixin.py:188} INFO - [2025-12-28T13:49:36.500+0000] {dag.py:3954} INFO - Setting next_dagrun for update_db to 2025-12-27 15:00:00+00:00, run_after=2025-12-28 15:00:00+00:00
[2025-12-28T13:49:36.523+0000] {logging_mixin.py:188} INFO - [2025-12-28T13:49:36.522+0000] {dag.py:3954} INFO - Setting next_dagrun for youtube_video_stats to 2025-12-27 14:00:00+00:00, run_after=2025-12-28 14:00:00+00:00
[2025-12-28T13:49:36.585+0000] {processor.py:183} INFO - Processing /opt/airflow/dags/main.py took 0.800 seconds
[2025-12-28T13:50:06.969+0000] {processor.py:161} INFO - Started process (PID=16341) to work on /opt/airflow/dags/main.py
[2025-12-28T13:50:06.971+0000] {processor.py:830} INFO - Processing file /opt/airflow/dags/main.py for tasks to queue
[2025-12-28T13:50:06.974+0000] {logging_mixin.py:188} INFO - [2025-12-28T13:50:06.973+0000] {dagbag.py:545} INFO - Filling up the DagBag from /opt/airflow/dags/main.py
[2025-12-28T13:50:07.189+0000] {processor.py:840} INFO - DAG(s) 'youtube_video_stats', 'update_db' retrieved from /opt/airflow/dags/main.py
[2025-12-28T13:50:07.282+0000] {logging_mixin.py:188} INFO - [2025-12-28T13:50:07.281+0000] {dag.py:3096} INFO - Sync 2 DAGs
[2025-12-28T13:50:07.338+0000] {logging_mixin.py:188} INFO - [2025-12-28T13:50:07.337+0000] {dag.py:3954} INFO - Setting next_dagrun for update_db to 2025-12-27 15:00:00+00:00, run_after=2025-12-28 15:00:00+00:00
[2025-12-28T13:50:07.352+0000] {logging_mixin.py:188} INFO - [2025-12-28T13:50:07.352+0000] {dag.py:3954} INFO - Setting next_dagrun for youtube_video_stats to 2025-12-27 14:00:00+00:00, run_after=2025-12-28 14:00:00+00:00
[2025-12-28T13:50:07.422+0000] {processor.py:183} INFO - Processing /opt/airflow/dags/main.py took 0.469 seconds
[2025-12-28T13:50:37.539+0000] {processor.py:161} INFO - Started process (PID=16353) to work on /opt/airflow/dags/main.py
[2025-12-28T13:50:37.542+0000] {processor.py:830} INFO - Processing file /opt/airflow/dags/main.py for tasks to queue
[2025-12-28T13:50:37.544+0000] {logging_mixin.py:188} INFO - [2025-12-28T13:50:37.544+0000] {dagbag.py:545} INFO - Filling up the DagBag from /opt/airflow/dags/main.py
[2025-12-28T13:50:37.878+0000] {processor.py:840} INFO - DAG(s) 'youtube_video_stats', 'update_db' retrieved from /opt/airflow/dags/main.py
[2025-12-28T13:50:38.019+0000] {logging_mixin.py:188} INFO - [2025-12-28T13:50:38.018+0000] {dag.py:3096} INFO - Sync 2 DAGs
[2025-12-28T13:50:38.131+0000] {logging_mixin.py:188} INFO - [2025-12-28T13:50:38.130+0000] {dag.py:3954} INFO - Setting next_dagrun for update_db to 2025-12-27 15:00:00+00:00, run_after=2025-12-28 15:00:00+00:00
[2025-12-28T13:50:38.162+0000] {logging_mixin.py:188} INFO - [2025-12-28T13:50:38.161+0000] {dag.py:3954} INFO - Setting next_dagrun for youtube_video_stats to 2025-12-27 14:00:00+00:00, run_after=2025-12-28 14:00:00+00:00
[2025-12-28T13:50:38.247+0000] {processor.py:183} INFO - Processing /opt/airflow/dags/main.py took 0.730 seconds
[2025-12-28T13:51:08.561+0000] {processor.py:161} INFO - Started process (PID=16360) to work on /opt/airflow/dags/main.py
[2025-12-28T13:51:08.564+0000] {processor.py:830} INFO - Processing file /opt/airflow/dags/main.py for tasks to queue
[2025-12-28T13:51:08.566+0000] {logging_mixin.py:188} INFO - [2025-12-28T13:51:08.565+0000] {dagbag.py:545} INFO - Filling up the DagBag from /opt/airflow/dags/main.py
[2025-12-28T13:51:08.758+0000] {processor.py:840} INFO - DAG(s) 'update_db', 'youtube_video_stats' retrieved from /opt/airflow/dags/main.py
[2025-12-28T13:51:08.820+0000] {logging_mixin.py:188} INFO - [2025-12-28T13:51:08.820+0000] {dag.py:3096} INFO - Sync 2 DAGs
[2025-12-28T13:51:08.869+0000] {logging_mixin.py:188} INFO - [2025-12-28T13:51:08.868+0000] {dag.py:3954} INFO - Setting next_dagrun for update_db to 2025-12-27 15:00:00+00:00, run_after=2025-12-28 15:00:00+00:00
[2025-12-28T13:51:08.879+0000] {logging_mixin.py:188} INFO - [2025-12-28T13:51:08.879+0000] {dag.py:3954} INFO - Setting next_dagrun for youtube_video_stats to 2025-12-27 14:00:00+00:00, run_after=2025-12-28 14:00:00+00:00
[2025-12-28T13:51:08.930+0000] {processor.py:183} INFO - Processing /opt/airflow/dags/main.py took 0.383 seconds
[2025-12-28T13:51:39.126+0000] {processor.py:161} INFO - Started process (PID=16367) to work on /opt/airflow/dags/main.py
[2025-12-28T13:51:39.127+0000] {processor.py:830} INFO - Processing file /opt/airflow/dags/main.py for tasks to queue
[2025-12-28T13:51:39.129+0000] {logging_mixin.py:188} INFO - [2025-12-28T13:51:39.128+0000] {dagbag.py:545} INFO - Filling up the DagBag from /opt/airflow/dags/main.py
[2025-12-28T13:51:39.303+0000] {processor.py:840} INFO - DAG(s) 'youtube_video_stats', 'update_db' retrieved from /opt/airflow/dags/main.py
[2025-12-28T13:51:39.359+0000] {logging_mixin.py:188} INFO - [2025-12-28T13:51:39.359+0000] {dag.py:3096} INFO - Sync 2 DAGs
[2025-12-28T13:51:39.399+0000] {logging_mixin.py:188} INFO - [2025-12-28T13:51:39.399+0000] {dag.py:3954} INFO - Setting next_dagrun for update_db to 2025-12-27 15:00:00+00:00, run_after=2025-12-28 15:00:00+00:00
[2025-12-28T13:51:39.410+0000] {logging_mixin.py:188} INFO - [2025-12-28T13:51:39.409+0000] {dag.py:3954} INFO - Setting next_dagrun for youtube_video_stats to 2025-12-27 14:00:00+00:00, run_after=2025-12-28 14:00:00+00:00
[2025-12-28T13:51:39.456+0000] {processor.py:183} INFO - Processing /opt/airflow/dags/main.py took 0.341 seconds
[2025-12-28T13:52:09.625+0000] {processor.py:161} INFO - Started process (PID=16374) to work on /opt/airflow/dags/main.py
[2025-12-28T13:52:09.628+0000] {processor.py:830} INFO - Processing file /opt/airflow/dags/main.py for tasks to queue
[2025-12-28T13:52:09.630+0000] {logging_mixin.py:188} INFO - [2025-12-28T13:52:09.630+0000] {dagbag.py:545} INFO - Filling up the DagBag from /opt/airflow/dags/main.py
[2025-12-28T13:52:09.862+0000] {processor.py:840} INFO - DAG(s) 'youtube_video_stats', 'update_db' retrieved from /opt/airflow/dags/main.py
[2025-12-28T13:52:09.939+0000] {logging_mixin.py:188} INFO - [2025-12-28T13:52:09.939+0000] {dag.py:3096} INFO - Sync 2 DAGs
[2025-12-28T13:52:09.992+0000] {logging_mixin.py:188} INFO - [2025-12-28T13:52:09.992+0000] {dag.py:3954} INFO - Setting next_dagrun for update_db to 2025-12-27 15:00:00+00:00, run_after=2025-12-28 15:00:00+00:00
[2025-12-28T13:52:10.004+0000] {logging_mixin.py:188} INFO - [2025-12-28T13:52:10.004+0000] {dag.py:3954} INFO - Setting next_dagrun for youtube_video_stats to 2025-12-27 14:00:00+00:00, run_after=2025-12-28 14:00:00+00:00
[2025-12-28T13:52:10.045+0000] {processor.py:183} INFO - Processing /opt/airflow/dags/main.py took 0.433 seconds
[2025-12-28T13:52:40.315+0000] {processor.py:161} INFO - Started process (PID=16381) to work on /opt/airflow/dags/main.py
[2025-12-28T13:52:40.318+0000] {processor.py:830} INFO - Processing file /opt/airflow/dags/main.py for tasks to queue
[2025-12-28T13:52:40.321+0000] {logging_mixin.py:188} INFO - [2025-12-28T13:52:40.320+0000] {dagbag.py:545} INFO - Filling up the DagBag from /opt/airflow/dags/main.py
[2025-12-28T13:52:40.554+0000] {processor.py:840} INFO - DAG(s) 'update_db', 'youtube_video_stats' retrieved from /opt/airflow/dags/main.py
[2025-12-28T13:52:40.629+0000] {logging_mixin.py:188} INFO - [2025-12-28T13:52:40.628+0000] {dag.py:3096} INFO - Sync 2 DAGs
[2025-12-28T13:52:40.681+0000] {logging_mixin.py:188} INFO - [2025-12-28T13:52:40.681+0000] {dag.py:3954} INFO - Setting next_dagrun for update_db to 2025-12-27 15:00:00+00:00, run_after=2025-12-28 15:00:00+00:00
[2025-12-28T13:52:40.693+0000] {logging_mixin.py:188} INFO - [2025-12-28T13:52:40.693+0000] {dag.py:3954} INFO - Setting next_dagrun for youtube_video_stats to 2025-12-27 14:00:00+00:00, run_after=2025-12-28 14:00:00+00:00
[2025-12-28T13:52:40.781+0000] {processor.py:183} INFO - Processing /opt/airflow/dags/main.py took 0.483 seconds
[2025-12-28T13:53:11.072+0000] {processor.py:161} INFO - Started process (PID=16388) to work on /opt/airflow/dags/main.py
[2025-12-28T13:53:11.074+0000] {processor.py:830} INFO - Processing file /opt/airflow/dags/main.py for tasks to queue
[2025-12-28T13:53:11.077+0000] {logging_mixin.py:188} INFO - [2025-12-28T13:53:11.076+0000] {dagbag.py:545} INFO - Filling up the DagBag from /opt/airflow/dags/main.py
[2025-12-28T13:53:11.292+0000] {processor.py:840} INFO - DAG(s) 'update_db', 'youtube_video_stats' retrieved from /opt/airflow/dags/main.py
[2025-12-28T13:53:11.368+0000] {logging_mixin.py:188} INFO - [2025-12-28T13:53:11.367+0000] {dag.py:3096} INFO - Sync 2 DAGs
[2025-12-28T13:53:11.423+0000] {logging_mixin.py:188} INFO - [2025-12-28T13:53:11.423+0000] {dag.py:3954} INFO - Setting next_dagrun for update_db to 2025-12-27 15:00:00+00:00, run_after=2025-12-28 15:00:00+00:00
[2025-12-28T13:53:11.437+0000] {logging_mixin.py:188} INFO - [2025-12-28T13:53:11.436+0000] {dag.py:3954} INFO - Setting next_dagrun for youtube_video_stats to 2025-12-27 14:00:00+00:00, run_after=2025-12-28 14:00:00+00:00
[2025-12-28T13:53:11.475+0000] {processor.py:183} INFO - Processing /opt/airflow/dags/main.py took 0.421 seconds
[2025-12-28T13:53:41.746+0000] {processor.py:161} INFO - Started process (PID=16395) to work on /opt/airflow/dags/main.py
[2025-12-28T13:53:41.748+0000] {processor.py:830} INFO - Processing file /opt/airflow/dags/main.py for tasks to queue
[2025-12-28T13:53:41.750+0000] {logging_mixin.py:188} INFO - [2025-12-28T13:53:41.750+0000] {dagbag.py:545} INFO - Filling up the DagBag from /opt/airflow/dags/main.py
[2025-12-28T13:53:41.896+0000] {processor.py:840} INFO - DAG(s) 'update_db', 'youtube_video_stats' retrieved from /opt/airflow/dags/main.py
[2025-12-28T13:53:41.945+0000] {logging_mixin.py:188} INFO - [2025-12-28T13:53:41.945+0000] {dag.py:3096} INFO - Sync 2 DAGs
[2025-12-28T13:53:41.984+0000] {logging_mixin.py:188} INFO - [2025-12-28T13:53:41.984+0000] {dag.py:3954} INFO - Setting next_dagrun for update_db to 2025-12-27 15:00:00+00:00, run_after=2025-12-28 15:00:00+00:00
[2025-12-28T13:53:41.993+0000] {logging_mixin.py:188} INFO - [2025-12-28T13:53:41.993+0000] {dag.py:3954} INFO - Setting next_dagrun for youtube_video_stats to 2025-12-27 14:00:00+00:00, run_after=2025-12-28 14:00:00+00:00
[2025-12-28T13:53:42.023+0000] {processor.py:183} INFO - Processing /opt/airflow/dags/main.py took 0.285 seconds
[2025-12-28T13:54:12.328+0000] {processor.py:161} INFO - Started process (PID=16402) to work on /opt/airflow/dags/main.py
[2025-12-28T13:54:12.330+0000] {processor.py:830} INFO - Processing file /opt/airflow/dags/main.py for tasks to queue
[2025-12-28T13:54:12.332+0000] {logging_mixin.py:188} INFO - [2025-12-28T13:54:12.331+0000] {dagbag.py:545} INFO - Filling up the DagBag from /opt/airflow/dags/main.py
[2025-12-28T13:54:12.476+0000] {processor.py:840} INFO - DAG(s) 'update_db', 'youtube_video_stats' retrieved from /opt/airflow/dags/main.py
[2025-12-28T13:54:12.535+0000] {logging_mixin.py:188} INFO - [2025-12-28T13:54:12.534+0000] {dag.py:3096} INFO - Sync 2 DAGs
[2025-12-28T13:54:12.573+0000] {logging_mixin.py:188} INFO - [2025-12-28T13:54:12.573+0000] {dag.py:3954} INFO - Setting next_dagrun for update_db to 2025-12-27 15:00:00+00:00, run_after=2025-12-28 15:00:00+00:00
[2025-12-28T13:54:12.582+0000] {logging_mixin.py:188} INFO - [2025-12-28T13:54:12.582+0000] {dag.py:3954} INFO - Setting next_dagrun for youtube_video_stats to 2025-12-27 14:00:00+00:00, run_after=2025-12-28 14:00:00+00:00
[2025-12-28T13:54:12.634+0000] {processor.py:183} INFO - Processing /opt/airflow/dags/main.py took 0.327 seconds
[2025-12-28T13:54:42.935+0000] {processor.py:161} INFO - Started process (PID=16409) to work on /opt/airflow/dags/main.py
[2025-12-28T13:54:42.938+0000] {processor.py:830} INFO - Processing file /opt/airflow/dags/main.py for tasks to queue
[2025-12-28T13:54:42.940+0000] {logging_mixin.py:188} INFO - [2025-12-28T13:54:42.939+0000] {dagbag.py:545} INFO - Filling up the DagBag from /opt/airflow/dags/main.py
[2025-12-28T13:54:43.202+0000] {processor.py:840} INFO - DAG(s) 'youtube_video_stats', 'update_db' retrieved from /opt/airflow/dags/main.py
[2025-12-28T13:54:43.280+0000] {logging_mixin.py:188} INFO - [2025-12-28T13:54:43.280+0000] {dag.py:3096} INFO - Sync 2 DAGs
[2025-12-28T13:54:43.338+0000] {logging_mixin.py:188} INFO - [2025-12-28T13:54:43.338+0000] {dag.py:3954} INFO - Setting next_dagrun for update_db to 2025-12-27 15:00:00+00:00, run_after=2025-12-28 15:00:00+00:00
[2025-12-28T13:54:43.351+0000] {logging_mixin.py:188} INFO - [2025-12-28T13:54:43.351+0000] {dag.py:3954} INFO - Setting next_dagrun for youtube_video_stats to 2025-12-27 14:00:00+00:00, run_after=2025-12-28 14:00:00+00:00
[2025-12-28T13:54:43.393+0000] {processor.py:183} INFO - Processing /opt/airflow/dags/main.py took 0.479 seconds
[2025-12-28T13:55:13.666+0000] {processor.py:161} INFO - Started process (PID=16416) to work on /opt/airflow/dags/main.py
[2025-12-28T13:55:13.668+0000] {processor.py:830} INFO - Processing file /opt/airflow/dags/main.py for tasks to queue
[2025-12-28T13:55:13.670+0000] {logging_mixin.py:188} INFO - [2025-12-28T13:55:13.670+0000] {dagbag.py:545} INFO - Filling up the DagBag from /opt/airflow/dags/main.py
[2025-12-28T13:55:13.804+0000] {processor.py:840} INFO - DAG(s) 'youtube_video_stats', 'update_db' retrieved from /opt/airflow/dags/main.py
[2025-12-28T13:55:13.847+0000] {logging_mixin.py:188} INFO - [2025-12-28T13:55:13.847+0000] {dag.py:3096} INFO - Sync 2 DAGs
[2025-12-28T13:55:13.880+0000] {logging_mixin.py:188} INFO - [2025-12-28T13:55:13.880+0000] {dag.py:3954} INFO - Setting next_dagrun for update_db to 2025-12-27 15:00:00+00:00, run_after=2025-12-28 15:00:00+00:00
[2025-12-28T13:55:13.889+0000] {logging_mixin.py:188} INFO - [2025-12-28T13:55:13.888+0000] {dag.py:3954} INFO - Setting next_dagrun for youtube_video_stats to 2025-12-27 14:00:00+00:00, run_after=2025-12-28 14:00:00+00:00
[2025-12-28T13:55:13.955+0000] {processor.py:183} INFO - Processing /opt/airflow/dags/main.py took 0.296 seconds
[2025-12-28T13:55:44.208+0000] {processor.py:161} INFO - Started process (PID=16423) to work on /opt/airflow/dags/main.py
[2025-12-28T13:55:44.210+0000] {processor.py:830} INFO - Processing file /opt/airflow/dags/main.py for tasks to queue
[2025-12-28T13:55:44.212+0000] {logging_mixin.py:188} INFO - [2025-12-28T13:55:44.211+0000] {dagbag.py:545} INFO - Filling up the DagBag from /opt/airflow/dags/main.py
[2025-12-28T13:55:44.350+0000] {processor.py:840} INFO - DAG(s) 'youtube_video_stats', 'update_db' retrieved from /opt/airflow/dags/main.py
[2025-12-28T13:55:44.400+0000] {logging_mixin.py:188} INFO - [2025-12-28T13:55:44.399+0000] {dag.py:3096} INFO - Sync 2 DAGs
[2025-12-28T13:55:44.436+0000] {logging_mixin.py:188} INFO - [2025-12-28T13:55:44.435+0000] {dag.py:3954} INFO - Setting next_dagrun for update_db to 2025-12-27 15:00:00+00:00, run_after=2025-12-28 15:00:00+00:00
[2025-12-28T13:55:44.444+0000] {logging_mixin.py:188} INFO - [2025-12-28T13:55:44.444+0000] {dag.py:3954} INFO - Setting next_dagrun for youtube_video_stats to 2025-12-27 14:00:00+00:00, run_after=2025-12-28 14:00:00+00:00
[2025-12-28T13:55:44.510+0000] {processor.py:183} INFO - Processing /opt/airflow/dags/main.py took 0.311 seconds
[2025-12-28T13:56:14.779+0000] {processor.py:161} INFO - Started process (PID=16430) to work on /opt/airflow/dags/main.py
[2025-12-28T13:56:14.781+0000] {processor.py:830} INFO - Processing file /opt/airflow/dags/main.py for tasks to queue
[2025-12-28T13:56:14.783+0000] {logging_mixin.py:188} INFO - [2025-12-28T13:56:14.782+0000] {dagbag.py:545} INFO - Filling up the DagBag from /opt/airflow/dags/main.py
[2025-12-28T13:56:14.936+0000] {processor.py:840} INFO - DAG(s) 'youtube_video_stats', 'update_db' retrieved from /opt/airflow/dags/main.py
[2025-12-28T13:56:14.990+0000] {logging_mixin.py:188} INFO - [2025-12-28T13:56:14.990+0000] {dag.py:3096} INFO - Sync 2 DAGs
[2025-12-28T13:56:15.030+0000] {logging_mixin.py:188} INFO - [2025-12-28T13:56:15.030+0000] {dag.py:3954} INFO - Setting next_dagrun for update_db to 2025-12-27 15:00:00+00:00, run_after=2025-12-28 15:00:00+00:00
[2025-12-28T13:56:15.039+0000] {logging_mixin.py:188} INFO - [2025-12-28T13:56:15.039+0000] {dag.py:3954} INFO - Setting next_dagrun for youtube_video_stats to 2025-12-27 14:00:00+00:00, run_after=2025-12-28 14:00:00+00:00
[2025-12-28T13:56:15.077+0000] {processor.py:183} INFO - Processing /opt/airflow/dags/main.py took 0.309 seconds
[2025-12-28T13:56:45.407+0000] {processor.py:161} INFO - Started process (PID=16437) to work on /opt/airflow/dags/main.py
[2025-12-28T13:56:45.411+0000] {processor.py:830} INFO - Processing file /opt/airflow/dags/main.py for tasks to queue
[2025-12-28T13:56:45.414+0000] {logging_mixin.py:188} INFO - [2025-12-28T13:56:45.413+0000] {dagbag.py:545} INFO - Filling up the DagBag from /opt/airflow/dags/main.py
[2025-12-28T13:56:45.709+0000] {processor.py:840} INFO - DAG(s) 'update_db', 'youtube_video_stats' retrieved from /opt/airflow/dags/main.py
[2025-12-28T13:56:45.810+0000] {logging_mixin.py:188} INFO - [2025-12-28T13:56:45.809+0000] {dag.py:3096} INFO - Sync 2 DAGs
[2025-12-28T13:56:45.911+0000] {logging_mixin.py:188} INFO - [2025-12-28T13:56:45.910+0000] {dag.py:3954} INFO - Setting next_dagrun for update_db to 2025-12-27 15:00:00+00:00, run_after=2025-12-28 15:00:00+00:00
[2025-12-28T13:56:45.944+0000] {logging_mixin.py:188} INFO - [2025-12-28T13:56:45.943+0000] {dag.py:3954} INFO - Setting next_dagrun for youtube_video_stats to 2025-12-27 14:00:00+00:00, run_after=2025-12-28 14:00:00+00:00
[2025-12-28T13:56:46.010+0000] {processor.py:183} INFO - Processing /opt/airflow/dags/main.py took 0.620 seconds
[2025-12-28T13:57:16.409+0000] {processor.py:161} INFO - Started process (PID=16444) to work on /opt/airflow/dags/main.py
[2025-12-28T13:57:16.412+0000] {processor.py:830} INFO - Processing file /opt/airflow/dags/main.py for tasks to queue
[2025-12-28T13:57:16.414+0000] {logging_mixin.py:188} INFO - [2025-12-28T13:57:16.413+0000] {dagbag.py:545} INFO - Filling up the DagBag from /opt/airflow/dags/main.py
[2025-12-28T13:57:16.574+0000] {processor.py:840} INFO - DAG(s) 'update_db', 'youtube_video_stats' retrieved from /opt/airflow/dags/main.py
[2025-12-28T13:57:16.619+0000] {logging_mixin.py:188} INFO - [2025-12-28T13:57:16.619+0000] {dag.py:3096} INFO - Sync 2 DAGs
[2025-12-28T13:57:16.652+0000] {logging_mixin.py:188} INFO - [2025-12-28T13:57:16.652+0000] {dag.py:3954} INFO - Setting next_dagrun for update_db to 2025-12-27 15:00:00+00:00, run_after=2025-12-28 15:00:00+00:00
[2025-12-28T13:57:16.659+0000] {logging_mixin.py:188} INFO - [2025-12-28T13:57:16.659+0000] {dag.py:3954} INFO - Setting next_dagrun for youtube_video_stats to 2025-12-27 14:00:00+00:00, run_after=2025-12-28 14:00:00+00:00
[2025-12-28T13:57:16.697+0000] {processor.py:183} INFO - Processing /opt/airflow/dags/main.py took 0.296 seconds
[2025-12-28T13:57:46.886+0000] {processor.py:161} INFO - Started process (PID=16451) to work on /opt/airflow/dags/main.py
[2025-12-28T13:57:46.888+0000] {processor.py:830} INFO - Processing file /opt/airflow/dags/main.py for tasks to queue
[2025-12-28T13:57:46.890+0000] {logging_mixin.py:188} INFO - [2025-12-28T13:57:46.889+0000] {dagbag.py:545} INFO - Filling up the DagBag from /opt/airflow/dags/main.py
[2025-12-28T13:57:47.016+0000] {processor.py:840} INFO - DAG(s) 'update_db', 'youtube_video_stats' retrieved from /opt/airflow/dags/main.py
[2025-12-28T13:57:47.063+0000] {logging_mixin.py:188} INFO - [2025-12-28T13:57:47.063+0000] {dag.py:3096} INFO - Sync 2 DAGs
[2025-12-28T13:57:47.094+0000] {logging_mixin.py:188} INFO - [2025-12-28T13:57:47.094+0000] {dag.py:3954} INFO - Setting next_dagrun for update_db to 2025-12-27 15:00:00+00:00, run_after=2025-12-28 15:00:00+00:00
[2025-12-28T13:57:47.101+0000] {logging_mixin.py:188} INFO - [2025-12-28T13:57:47.101+0000] {dag.py:3954} INFO - Setting next_dagrun for youtube_video_stats to 2025-12-27 14:00:00+00:00, run_after=2025-12-28 14:00:00+00:00
[2025-12-28T13:57:47.126+0000] {processor.py:183} INFO - Processing /opt/airflow/dags/main.py took 0.249 seconds
[2025-12-28T13:58:17.404+0000] {processor.py:161} INFO - Started process (PID=16458) to work on /opt/airflow/dags/main.py
[2025-12-28T13:58:17.406+0000] {processor.py:830} INFO - Processing file /opt/airflow/dags/main.py for tasks to queue
[2025-12-28T13:58:17.410+0000] {logging_mixin.py:188} INFO - [2025-12-28T13:58:17.409+0000] {dagbag.py:545} INFO - Filling up the DagBag from /opt/airflow/dags/main.py
[2025-12-28T13:58:17.634+0000] {processor.py:840} INFO - DAG(s) 'update_db', 'youtube_video_stats' retrieved from /opt/airflow/dags/main.py
[2025-12-28T13:58:17.714+0000] {logging_mixin.py:188} INFO - [2025-12-28T13:58:17.714+0000] {dag.py:3096} INFO - Sync 2 DAGs
[2025-12-28T13:58:17.769+0000] {logging_mixin.py:188} INFO - [2025-12-28T13:58:17.769+0000] {dag.py:3954} INFO - Setting next_dagrun for update_db to 2025-12-27 15:00:00+00:00, run_after=2025-12-28 15:00:00+00:00
[2025-12-28T13:58:17.783+0000] {logging_mixin.py:188} INFO - [2025-12-28T13:58:17.783+0000] {dag.py:3954} INFO - Setting next_dagrun for youtube_video_stats to 2025-12-27 14:00:00+00:00, run_after=2025-12-28 14:00:00+00:00
[2025-12-28T13:58:17.825+0000] {processor.py:183} INFO - Processing /opt/airflow/dags/main.py took 0.438 seconds
[2025-12-28T13:58:48.083+0000] {processor.py:161} INFO - Started process (PID=16465) to work on /opt/airflow/dags/main.py
[2025-12-28T13:58:48.085+0000] {processor.py:830} INFO - Processing file /opt/airflow/dags/main.py for tasks to queue
[2025-12-28T13:58:48.088+0000] {logging_mixin.py:188} INFO - [2025-12-28T13:58:48.086+0000] {dagbag.py:545} INFO - Filling up the DagBag from /opt/airflow/dags/main.py
[2025-12-28T13:58:48.288+0000] {processor.py:840} INFO - DAG(s) 'youtube_video_stats', 'update_db' retrieved from /opt/airflow/dags/main.py
[2025-12-28T13:58:48.372+0000] {logging_mixin.py:188} INFO - [2025-12-28T13:58:48.371+0000] {dag.py:3096} INFO - Sync 2 DAGs
[2025-12-28T13:58:48.431+0000] {logging_mixin.py:188} INFO - [2025-12-28T13:58:48.430+0000] {dag.py:3954} INFO - Setting next_dagrun for update_db to 2025-12-27 15:00:00+00:00, run_after=2025-12-28 15:00:00+00:00
[2025-12-28T13:58:48.446+0000] {logging_mixin.py:188} INFO - [2025-12-28T13:58:48.446+0000] {dag.py:3954} INFO - Setting next_dagrun for youtube_video_stats to 2025-12-27 14:00:00+00:00, run_after=2025-12-28 14:00:00+00:00
[2025-12-28T13:58:48.485+0000] {processor.py:183} INFO - Processing /opt/airflow/dags/main.py took 0.413 seconds
[2025-12-28T13:59:18.743+0000] {processor.py:161} INFO - Started process (PID=16472) to work on /opt/airflow/dags/main.py
[2025-12-28T13:59:18.745+0000] {processor.py:830} INFO - Processing file /opt/airflow/dags/main.py for tasks to queue
[2025-12-28T13:59:18.747+0000] {logging_mixin.py:188} INFO - [2025-12-28T13:59:18.746+0000] {dagbag.py:545} INFO - Filling up the DagBag from /opt/airflow/dags/main.py
[2025-12-28T13:59:18.888+0000] {processor.py:840} INFO - DAG(s) 'youtube_video_stats', 'update_db' retrieved from /opt/airflow/dags/main.py
[2025-12-28T13:59:18.944+0000] {logging_mixin.py:188} INFO - [2025-12-28T13:59:18.944+0000] {dag.py:3096} INFO - Sync 2 DAGs
[2025-12-28T13:59:18.982+0000] {logging_mixin.py:188} INFO - [2025-12-28T13:59:18.982+0000] {dag.py:3954} INFO - Setting next_dagrun for update_db to 2025-12-27 15:00:00+00:00, run_after=2025-12-28 15:00:00+00:00
[2025-12-28T13:59:18.991+0000] {logging_mixin.py:188} INFO - [2025-12-28T13:59:18.991+0000] {dag.py:3954} INFO - Setting next_dagrun for youtube_video_stats to 2025-12-27 14:00:00+00:00, run_after=2025-12-28 14:00:00+00:00
[2025-12-28T13:59:19.050+0000] {processor.py:183} INFO - Processing /opt/airflow/dags/main.py took 0.317 seconds
[2025-12-28T13:59:49.315+0000] {processor.py:161} INFO - Started process (PID=16479) to work on /opt/airflow/dags/main.py
[2025-12-28T13:59:49.317+0000] {processor.py:830} INFO - Processing file /opt/airflow/dags/main.py for tasks to queue
[2025-12-28T13:59:49.319+0000] {logging_mixin.py:188} INFO - [2025-12-28T13:59:49.318+0000] {dagbag.py:545} INFO - Filling up the DagBag from /opt/airflow/dags/main.py
[2025-12-28T13:59:49.494+0000] {processor.py:840} INFO - DAG(s) 'youtube_video_stats', 'update_db' retrieved from /opt/airflow/dags/main.py
[2025-12-28T13:59:49.558+0000] {logging_mixin.py:188} INFO - [2025-12-28T13:59:49.558+0000] {dag.py:3096} INFO - Sync 2 DAGs
[2025-12-28T13:59:49.609+0000] {logging_mixin.py:188} INFO - [2025-12-28T13:59:49.609+0000] {dag.py:3954} INFO - Setting next_dagrun for update_db to 2025-12-27 15:00:00+00:00, run_after=2025-12-28 15:00:00+00:00
[2025-12-28T13:59:49.621+0000] {logging_mixin.py:188} INFO - [2025-12-28T13:59:49.620+0000] {dag.py:3954} INFO - Setting next_dagrun for youtube_video_stats to 2025-12-27 14:00:00+00:00, run_after=2025-12-28 14:00:00+00:00
[2025-12-28T13:59:49.673+0000] {processor.py:183} INFO - Processing /opt/airflow/dags/main.py took 0.369 seconds
[2025-12-28T14:00:19.987+0000] {processor.py:161} INFO - Started process (PID=16486) to work on /opt/airflow/dags/main.py
[2025-12-28T14:00:19.990+0000] {processor.py:830} INFO - Processing file /opt/airflow/dags/main.py for tasks to queue
[2025-12-28T14:00:19.993+0000] {logging_mixin.py:188} INFO - [2025-12-28T14:00:19.992+0000] {dagbag.py:545} INFO - Filling up the DagBag from /opt/airflow/dags/main.py
[2025-12-28T14:00:20.277+0000] {processor.py:840} INFO - DAG(s) 'update_db', 'youtube_video_stats' retrieved from /opt/airflow/dags/main.py
[2025-12-28T14:00:20.365+0000] {logging_mixin.py:188} INFO - [2025-12-28T14:00:20.364+0000] {dag.py:3096} INFO - Sync 2 DAGs
[2025-12-28T14:00:20.433+0000] {logging_mixin.py:188} INFO - [2025-12-28T14:00:20.433+0000] {dag.py:3954} INFO - Setting next_dagrun for update_db to 2025-12-27 15:00:00+00:00, run_after=2025-12-28 15:00:00+00:00
[2025-12-28T14:00:20.448+0000] {logging_mixin.py:188} INFO - [2025-12-28T14:00:20.448+0000] {dag.py:3954} INFO - Setting next_dagrun for youtube_video_stats to 2025-12-28 14:00:00+00:00, run_after=2025-12-29 14:00:00+00:00
[2025-12-28T14:00:20.490+0000] {processor.py:183} INFO - Processing /opt/airflow/dags/main.py took 0.524 seconds
[2025-12-28T14:00:50.766+0000] {processor.py:161} INFO - Started process (PID=16493) to work on /opt/airflow/dags/main.py
[2025-12-28T14:00:50.768+0000] {processor.py:830} INFO - Processing file /opt/airflow/dags/main.py for tasks to queue
[2025-12-28T14:00:50.770+0000] {logging_mixin.py:188} INFO - [2025-12-28T14:00:50.769+0000] {dagbag.py:545} INFO - Filling up the DagBag from /opt/airflow/dags/main.py
[2025-12-28T14:00:50.952+0000] {processor.py:840} INFO - DAG(s) 'youtube_video_stats', 'update_db' retrieved from /opt/airflow/dags/main.py
[2025-12-28T14:00:51.010+0000] {logging_mixin.py:188} INFO - [2025-12-28T14:00:51.009+0000] {dag.py:3096} INFO - Sync 2 DAGs
[2025-12-28T14:00:51.068+0000] {logging_mixin.py:188} INFO - [2025-12-28T14:00:51.068+0000] {dag.py:3954} INFO - Setting next_dagrun for update_db to 2025-12-27 15:00:00+00:00, run_after=2025-12-28 15:00:00+00:00
[2025-12-28T14:00:51.079+0000] {logging_mixin.py:188} INFO - [2025-12-28T14:00:51.079+0000] {dag.py:3954} INFO - Setting next_dagrun for youtube_video_stats to 2025-12-28 14:00:00+00:00, run_after=2025-12-29 14:00:00+00:00
[2025-12-28T14:00:51.115+0000] {processor.py:183} INFO - Processing /opt/airflow/dags/main.py took 0.361 seconds
[2025-12-28T14:01:21.380+0000] {processor.py:161} INFO - Started process (PID=16500) to work on /opt/airflow/dags/main.py
[2025-12-28T14:01:21.382+0000] {processor.py:830} INFO - Processing file /opt/airflow/dags/main.py for tasks to queue
[2025-12-28T14:01:21.385+0000] {logging_mixin.py:188} INFO - [2025-12-28T14:01:21.385+0000] {dagbag.py:545} INFO - Filling up the DagBag from /opt/airflow/dags/main.py
[2025-12-28T14:01:21.569+0000] {processor.py:840} INFO - DAG(s) 'update_db', 'youtube_video_stats' retrieved from /opt/airflow/dags/main.py
[2025-12-28T14:01:21.636+0000] {logging_mixin.py:188} INFO - [2025-12-28T14:01:21.635+0000] {dag.py:3096} INFO - Sync 2 DAGs
[2025-12-28T14:01:21.685+0000] {logging_mixin.py:188} INFO - [2025-12-28T14:01:21.685+0000] {dag.py:3954} INFO - Setting next_dagrun for update_db to 2025-12-27 15:00:00+00:00, run_after=2025-12-28 15:00:00+00:00
[2025-12-28T14:01:21.696+0000] {logging_mixin.py:188} INFO - [2025-12-28T14:01:21.695+0000] {dag.py:3954} INFO - Setting next_dagrun for youtube_video_stats to 2025-12-28 14:00:00+00:00, run_after=2025-12-29 14:00:00+00:00
[2025-12-28T14:01:21.739+0000] {processor.py:183} INFO - Processing /opt/airflow/dags/main.py took 0.369 seconds
[2025-12-28T14:01:52.005+0000] {processor.py:161} INFO - Started process (PID=16507) to work on /opt/airflow/dags/main.py
[2025-12-28T14:01:52.007+0000] {processor.py:830} INFO - Processing file /opt/airflow/dags/main.py for tasks to queue
[2025-12-28T14:01:52.009+0000] {logging_mixin.py:188} INFO - [2025-12-28T14:01:52.009+0000] {dagbag.py:545} INFO - Filling up the DagBag from /opt/airflow/dags/main.py
[2025-12-28T14:01:52.169+0000] {processor.py:840} INFO - DAG(s) 'update_db', 'youtube_video_stats' retrieved from /opt/airflow/dags/main.py
[2025-12-28T14:01:52.224+0000] {logging_mixin.py:188} INFO - [2025-12-28T14:01:52.224+0000] {dag.py:3096} INFO - Sync 2 DAGs
[2025-12-28T14:01:52.268+0000] {logging_mixin.py:188} INFO - [2025-12-28T14:01:52.268+0000] {dag.py:3954} INFO - Setting next_dagrun for update_db to 2025-12-27 15:00:00+00:00, run_after=2025-12-28 15:00:00+00:00
[2025-12-28T14:01:52.278+0000] {logging_mixin.py:188} INFO - [2025-12-28T14:01:52.278+0000] {dag.py:3954} INFO - Setting next_dagrun for youtube_video_stats to 2025-12-28 14:00:00+00:00, run_after=2025-12-29 14:00:00+00:00
[2025-12-28T14:01:52.323+0000] {processor.py:183} INFO - Processing /opt/airflow/dags/main.py took 0.331 seconds
[2025-12-28T14:02:23.085+0000] {processor.py:161} INFO - Started process (PID=16514) to work on /opt/airflow/dags/main.py
[2025-12-28T14:02:23.087+0000] {processor.py:830} INFO - Processing file /opt/airflow/dags/main.py for tasks to queue
[2025-12-28T14:02:23.089+0000] {logging_mixin.py:188} INFO - [2025-12-28T14:02:23.089+0000] {dagbag.py:545} INFO - Filling up the DagBag from /opt/airflow/dags/main.py
[2025-12-28T14:02:23.234+0000] {processor.py:840} INFO - DAG(s) 'update_db', 'youtube_video_stats' retrieved from /opt/airflow/dags/main.py
[2025-12-28T14:02:23.282+0000] {logging_mixin.py:188} INFO - [2025-12-28T14:02:23.281+0000] {dag.py:3096} INFO - Sync 2 DAGs
[2025-12-28T14:02:23.317+0000] {logging_mixin.py:188} INFO - [2025-12-28T14:02:23.317+0000] {dag.py:3954} INFO - Setting next_dagrun for update_db to 2025-12-27 15:00:00+00:00, run_after=2025-12-28 15:00:00+00:00
[2025-12-28T14:02:23.326+0000] {logging_mixin.py:188} INFO - [2025-12-28T14:02:23.326+0000] {dag.py:3954} INFO - Setting next_dagrun for youtube_video_stats to 2025-12-28 14:00:00+00:00, run_after=2025-12-29 14:00:00+00:00
[2025-12-28T14:02:23.358+0000] {processor.py:183} INFO - Processing /opt/airflow/dags/main.py took 0.284 seconds
[2025-12-28T14:02:53.556+0000] {processor.py:161} INFO - Started process (PID=16521) to work on /opt/airflow/dags/main.py
[2025-12-28T14:02:53.560+0000] {processor.py:830} INFO - Processing file /opt/airflow/dags/main.py for tasks to queue
[2025-12-28T14:02:53.564+0000] {logging_mixin.py:188} INFO - [2025-12-28T14:02:53.563+0000] {dagbag.py:545} INFO - Filling up the DagBag from /opt/airflow/dags/main.py
[2025-12-28T14:02:53.825+0000] {processor.py:840} INFO - DAG(s) 'update_db', 'youtube_video_stats' retrieved from /opt/airflow/dags/main.py
[2025-12-28T14:02:53.926+0000] {logging_mixin.py:188} INFO - [2025-12-28T14:02:53.925+0000] {dag.py:3096} INFO - Sync 2 DAGs
[2025-12-28T14:02:53.992+0000] {logging_mixin.py:188} INFO - [2025-12-28T14:02:53.991+0000] {dag.py:3954} INFO - Setting next_dagrun for update_db to 2025-12-27 15:00:00+00:00, run_after=2025-12-28 15:00:00+00:00
[2025-12-28T14:02:54.008+0000] {logging_mixin.py:188} INFO - [2025-12-28T14:02:54.007+0000] {dag.py:3954} INFO - Setting next_dagrun for youtube_video_stats to 2025-12-28 14:00:00+00:00, run_after=2025-12-29 14:00:00+00:00
[2025-12-28T14:02:54.062+0000] {processor.py:183} INFO - Processing /opt/airflow/dags/main.py took 0.526 seconds
[2025-12-28T14:03:24.312+0000] {processor.py:161} INFO - Started process (PID=16528) to work on /opt/airflow/dags/main.py
[2025-12-28T14:03:24.314+0000] {processor.py:830} INFO - Processing file /opt/airflow/dags/main.py for tasks to queue
[2025-12-28T14:03:24.315+0000] {logging_mixin.py:188} INFO - [2025-12-28T14:03:24.315+0000] {dagbag.py:545} INFO - Filling up the DagBag from /opt/airflow/dags/main.py
[2025-12-28T14:03:24.444+0000] {processor.py:840} INFO - DAG(s) 'youtube_video_stats', 'update_db' retrieved from /opt/airflow/dags/main.py
[2025-12-28T14:03:24.484+0000] {logging_mixin.py:188} INFO - [2025-12-28T14:03:24.483+0000] {dag.py:3096} INFO - Sync 2 DAGs
[2025-12-28T14:03:24.515+0000] {logging_mixin.py:188} INFO - [2025-12-28T14:03:24.515+0000] {dag.py:3954} INFO - Setting next_dagrun for update_db to 2025-12-27 15:00:00+00:00, run_after=2025-12-28 15:00:00+00:00
[2025-12-28T14:03:24.523+0000] {logging_mixin.py:188} INFO - [2025-12-28T14:03:24.522+0000] {dag.py:3954} INFO - Setting next_dagrun for youtube_video_stats to 2025-12-28 14:00:00+00:00, run_after=2025-12-29 14:00:00+00:00
[2025-12-28T14:03:24.567+0000] {processor.py:183} INFO - Processing /opt/airflow/dags/main.py took 0.265 seconds
[2025-12-28T14:03:54.856+0000] {processor.py:161} INFO - Started process (PID=16535) to work on /opt/airflow/dags/main.py
[2025-12-28T14:03:54.858+0000] {processor.py:830} INFO - Processing file /opt/airflow/dags/main.py for tasks to queue
[2025-12-28T14:03:54.861+0000] {logging_mixin.py:188} INFO - [2025-12-28T14:03:54.860+0000] {dagbag.py:545} INFO - Filling up the DagBag from /opt/airflow/dags/main.py
[2025-12-28T14:03:55.066+0000] {processor.py:840} INFO - DAG(s) 'youtube_video_stats', 'update_db' retrieved from /opt/airflow/dags/main.py
[2025-12-28T14:03:55.136+0000] {logging_mixin.py:188} INFO - [2025-12-28T14:03:55.135+0000] {dag.py:3096} INFO - Sync 2 DAGs
[2025-12-28T14:03:55.184+0000] {logging_mixin.py:188} INFO - [2025-12-28T14:03:55.184+0000] {dag.py:3954} INFO - Setting next_dagrun for update_db to 2025-12-27 15:00:00+00:00, run_after=2025-12-28 15:00:00+00:00
[2025-12-28T14:03:55.196+0000] {logging_mixin.py:188} INFO - [2025-12-28T14:03:55.196+0000] {dag.py:3954} INFO - Setting next_dagrun for youtube_video_stats to 2025-12-28 14:00:00+00:00, run_after=2025-12-29 14:00:00+00:00
[2025-12-28T14:03:55.234+0000] {processor.py:183} INFO - Processing /opt/airflow/dags/main.py took 0.397 seconds
[2025-12-28T14:04:25.539+0000] {processor.py:161} INFO - Started process (PID=16542) to work on /opt/airflow/dags/main.py
[2025-12-28T14:04:25.544+0000] {processor.py:830} INFO - Processing file /opt/airflow/dags/main.py for tasks to queue
[2025-12-28T14:04:25.547+0000] {logging_mixin.py:188} INFO - [2025-12-28T14:04:25.546+0000] {dagbag.py:545} INFO - Filling up the DagBag from /opt/airflow/dags/main.py
[2025-12-28T14:04:25.837+0000] {processor.py:840} INFO - DAG(s) 'youtube_video_stats', 'update_db' retrieved from /opt/airflow/dags/main.py
[2025-12-28T14:04:25.965+0000] {logging_mixin.py:188} INFO - [2025-12-28T14:04:25.964+0000] {dag.py:3096} INFO - Sync 2 DAGs
[2025-12-28T14:04:26.045+0000] {logging_mixin.py:188} INFO - [2025-12-28T14:04:26.044+0000] {dag.py:3954} INFO - Setting next_dagrun for update_db to 2025-12-27 15:00:00+00:00, run_after=2025-12-28 15:00:00+00:00
[2025-12-28T14:04:26.073+0000] {logging_mixin.py:188} INFO - [2025-12-28T14:04:26.071+0000] {dag.py:3954} INFO - Setting next_dagrun for youtube_video_stats to 2025-12-28 14:00:00+00:00, run_after=2025-12-29 14:00:00+00:00
[2025-12-28T14:04:26.135+0000] {processor.py:183} INFO - Processing /opt/airflow/dags/main.py took 0.614 seconds
[2025-12-28T14:04:56.338+0000] {processor.py:161} INFO - Started process (PID=16549) to work on /opt/airflow/dags/main.py
[2025-12-28T14:04:56.340+0000] {processor.py:830} INFO - Processing file /opt/airflow/dags/main.py for tasks to queue
[2025-12-28T14:04:56.341+0000] {logging_mixin.py:188} INFO - [2025-12-28T14:04:56.341+0000] {dagbag.py:545} INFO - Filling up the DagBag from /opt/airflow/dags/main.py
[2025-12-28T14:04:56.517+0000] {processor.py:840} INFO - DAG(s) 'youtube_video_stats', 'update_db' retrieved from /opt/airflow/dags/main.py
[2025-12-28T14:04:56.575+0000] {logging_mixin.py:188} INFO - [2025-12-28T14:04:56.574+0000] {dag.py:3096} INFO - Sync 2 DAGs
[2025-12-28T14:04:56.619+0000] {logging_mixin.py:188} INFO - [2025-12-28T14:04:56.619+0000] {dag.py:3954} INFO - Setting next_dagrun for update_db to 2025-12-27 15:00:00+00:00, run_after=2025-12-28 15:00:00+00:00
[2025-12-28T14:04:56.629+0000] {logging_mixin.py:188} INFO - [2025-12-28T14:04:56.629+0000] {dag.py:3954} INFO - Setting next_dagrun for youtube_video_stats to 2025-12-28 14:00:00+00:00, run_after=2025-12-29 14:00:00+00:00
[2025-12-28T14:04:56.673+0000] {processor.py:183} INFO - Processing /opt/airflow/dags/main.py took 0.347 seconds
[2025-12-28T14:05:26.952+0000] {processor.py:161} INFO - Started process (PID=16556) to work on /opt/airflow/dags/main.py
[2025-12-28T14:05:26.955+0000] {processor.py:830} INFO - Processing file /opt/airflow/dags/main.py for tasks to queue
[2025-12-28T14:05:26.957+0000] {logging_mixin.py:188} INFO - [2025-12-28T14:05:26.957+0000] {dagbag.py:545} INFO - Filling up the DagBag from /opt/airflow/dags/main.py
[2025-12-28T14:05:27.125+0000] {processor.py:840} INFO - DAG(s) 'update_db', 'youtube_video_stats' retrieved from /opt/airflow/dags/main.py
[2025-12-28T14:05:27.177+0000] {logging_mixin.py:188} INFO - [2025-12-28T14:05:27.177+0000] {dag.py:3096} INFO - Sync 2 DAGs
[2025-12-28T14:05:27.216+0000] {logging_mixin.py:188} INFO - [2025-12-28T14:05:27.216+0000] {dag.py:3954} INFO - Setting next_dagrun for update_db to 2025-12-27 15:00:00+00:00, run_after=2025-12-28 15:00:00+00:00
[2025-12-28T14:05:27.225+0000] {logging_mixin.py:188} INFO - [2025-12-28T14:05:27.225+0000] {dag.py:3954} INFO - Setting next_dagrun for youtube_video_stats to 2025-12-28 14:00:00+00:00, run_after=2025-12-29 14:00:00+00:00
[2025-12-28T14:05:27.253+0000] {processor.py:183} INFO - Processing /opt/airflow/dags/main.py took 0.313 seconds
[2025-12-28T14:05:57.522+0000] {processor.py:161} INFO - Started process (PID=16563) to work on /opt/airflow/dags/main.py
[2025-12-28T14:05:57.524+0000] {processor.py:830} INFO - Processing file /opt/airflow/dags/main.py for tasks to queue
[2025-12-28T14:05:57.526+0000] {logging_mixin.py:188} INFO - [2025-12-28T14:05:57.525+0000] {dagbag.py:545} INFO - Filling up the DagBag from /opt/airflow/dags/main.py
[2025-12-28T14:05:57.708+0000] {processor.py:840} INFO - DAG(s) 'update_db', 'youtube_video_stats' retrieved from /opt/airflow/dags/main.py
[2025-12-28T14:05:57.764+0000] {logging_mixin.py:188} INFO - [2025-12-28T14:05:57.763+0000] {dag.py:3096} INFO - Sync 2 DAGs
[2025-12-28T14:05:57.804+0000] {logging_mixin.py:188} INFO - [2025-12-28T14:05:57.803+0000] {dag.py:3954} INFO - Setting next_dagrun for update_db to 2025-12-27 15:00:00+00:00, run_after=2025-12-28 15:00:00+00:00
[2025-12-28T14:05:57.814+0000] {logging_mixin.py:188} INFO - [2025-12-28T14:05:57.814+0000] {dag.py:3954} INFO - Setting next_dagrun for youtube_video_stats to 2025-12-28 14:00:00+00:00, run_after=2025-12-29 14:00:00+00:00
[2025-12-28T14:05:57.845+0000] {processor.py:183} INFO - Processing /opt/airflow/dags/main.py took 0.333 seconds
[2025-12-28T14:06:28.095+0000] {processor.py:161} INFO - Started process (PID=16570) to work on /opt/airflow/dags/main.py
[2025-12-28T14:06:28.097+0000] {processor.py:830} INFO - Processing file /opt/airflow/dags/main.py for tasks to queue
[2025-12-28T14:06:28.099+0000] {logging_mixin.py:188} INFO - [2025-12-28T14:06:28.099+0000] {dagbag.py:545} INFO - Filling up the DagBag from /opt/airflow/dags/main.py
[2025-12-28T14:06:28.238+0000] {processor.py:840} INFO - DAG(s) 'update_db', 'youtube_video_stats' retrieved from /opt/airflow/dags/main.py
[2025-12-28T14:06:28.285+0000] {logging_mixin.py:188} INFO - [2025-12-28T14:06:28.284+0000] {dag.py:3096} INFO - Sync 2 DAGs
[2025-12-28T14:06:28.316+0000] {logging_mixin.py:188} INFO - [2025-12-28T14:06:28.316+0000] {dag.py:3954} INFO - Setting next_dagrun for update_db to 2025-12-27 15:00:00+00:00, run_after=2025-12-28 15:00:00+00:00
[2025-12-28T14:06:28.323+0000] {logging_mixin.py:188} INFO - [2025-12-28T14:06:28.323+0000] {dag.py:3954} INFO - Setting next_dagrun for youtube_video_stats to 2025-12-28 14:00:00+00:00, run_after=2025-12-29 14:00:00+00:00
[2025-12-28T14:06:28.352+0000] {processor.py:183} INFO - Processing /opt/airflow/dags/main.py took 0.265 seconds
[2025-12-28T14:06:58.599+0000] {processor.py:161} INFO - Started process (PID=16577) to work on /opt/airflow/dags/main.py
[2025-12-28T14:06:58.600+0000] {processor.py:830} INFO - Processing file /opt/airflow/dags/main.py for tasks to queue
[2025-12-28T14:06:58.602+0000] {logging_mixin.py:188} INFO - [2025-12-28T14:06:58.601+0000] {dagbag.py:545} INFO - Filling up the DagBag from /opt/airflow/dags/main.py
[2025-12-28T14:06:58.757+0000] {processor.py:840} INFO - DAG(s) 'youtube_video_stats', 'update_db' retrieved from /opt/airflow/dags/main.py
[2025-12-28T14:06:58.804+0000] {logging_mixin.py:188} INFO - [2025-12-28T14:06:58.803+0000] {dag.py:3096} INFO - Sync 2 DAGs
[2025-12-28T14:06:58.840+0000] {logging_mixin.py:188} INFO - [2025-12-28T14:06:58.840+0000] {dag.py:3954} INFO - Setting next_dagrun for update_db to 2025-12-27 15:00:00+00:00, run_after=2025-12-28 15:00:00+00:00
[2025-12-28T14:06:58.849+0000] {logging_mixin.py:188} INFO - [2025-12-28T14:06:58.849+0000] {dag.py:3954} INFO - Setting next_dagrun for youtube_video_stats to 2025-12-28 14:00:00+00:00, run_after=2025-12-29 14:00:00+00:00
[2025-12-28T14:06:58.892+0000] {processor.py:183} INFO - Processing /opt/airflow/dags/main.py took 0.302 seconds
[2025-12-28T14:07:29.320+0000] {processor.py:161} INFO - Started process (PID=16585) to work on /opt/airflow/dags/main.py
[2025-12-28T14:07:29.324+0000] {processor.py:830} INFO - Processing file /opt/airflow/dags/main.py for tasks to queue
[2025-12-28T14:07:29.327+0000] {logging_mixin.py:188} INFO - [2025-12-28T14:07:29.326+0000] {dagbag.py:545} INFO - Filling up the DagBag from /opt/airflow/dags/main.py
[2025-12-28T14:07:29.672+0000] {processor.py:840} INFO - DAG(s) 'youtube_video_stats', 'update_db' retrieved from /opt/airflow/dags/main.py
[2025-12-28T14:07:29.793+0000] {logging_mixin.py:188} INFO - [2025-12-28T14:07:29.793+0000] {dag.py:3096} INFO - Sync 2 DAGs
[2025-12-28T14:07:29.891+0000] {logging_mixin.py:188} INFO - [2025-12-28T14:07:29.890+0000] {dag.py:3954} INFO - Setting next_dagrun for update_db to 2025-12-27 15:00:00+00:00, run_after=2025-12-28 15:00:00+00:00
[2025-12-28T14:07:29.924+0000] {logging_mixin.py:188} INFO - [2025-12-28T14:07:29.924+0000] {dag.py:3954} INFO - Setting next_dagrun for youtube_video_stats to 2025-12-28 14:00:00+00:00, run_after=2025-12-29 14:00:00+00:00
[2025-12-28T14:07:30.001+0000] {processor.py:183} INFO - Processing /opt/airflow/dags/main.py took 0.700 seconds
[2025-12-28T14:08:00.400+0000] {processor.py:161} INFO - Started process (PID=16592) to work on /opt/airflow/dags/main.py
[2025-12-28T14:08:00.403+0000] {processor.py:830} INFO - Processing file /opt/airflow/dags/main.py for tasks to queue
[2025-12-28T14:08:00.408+0000] {logging_mixin.py:188} INFO - [2025-12-28T14:08:00.407+0000] {dagbag.py:545} INFO - Filling up the DagBag from /opt/airflow/dags/main.py
[2025-12-28T14:08:00.842+0000] {processor.py:840} INFO - DAG(s) 'youtube_video_stats', 'update_db' retrieved from /opt/airflow/dags/main.py
[2025-12-28T14:08:00.996+0000] {logging_mixin.py:188} INFO - [2025-12-28T14:08:00.995+0000] {dag.py:3096} INFO - Sync 2 DAGs
[2025-12-28T14:08:01.102+0000] {logging_mixin.py:188} INFO - [2025-12-28T14:08:01.102+0000] {dag.py:3954} INFO - Setting next_dagrun for update_db to 2025-12-27 15:00:00+00:00, run_after=2025-12-28 15:00:00+00:00
[2025-12-28T14:08:01.124+0000] {logging_mixin.py:188} INFO - [2025-12-28T14:08:01.123+0000] {dag.py:3954} INFO - Setting next_dagrun for youtube_video_stats to 2025-12-28 14:00:00+00:00, run_after=2025-12-29 14:00:00+00:00
[2025-12-28T14:08:01.181+0000] {processor.py:183} INFO - Processing /opt/airflow/dags/main.py took 0.813 seconds
[2025-12-28T14:08:31.590+0000] {processor.py:161} INFO - Started process (PID=16599) to work on /opt/airflow/dags/main.py
[2025-12-28T14:08:31.592+0000] {processor.py:830} INFO - Processing file /opt/airflow/dags/main.py for tasks to queue
[2025-12-28T14:08:31.596+0000] {logging_mixin.py:188} INFO - [2025-12-28T14:08:31.595+0000] {dagbag.py:545} INFO - Filling up the DagBag from /opt/airflow/dags/main.py
[2025-12-28T14:08:31.909+0000] {processor.py:840} INFO - DAG(s) 'youtube_video_stats', 'update_db' retrieved from /opt/airflow/dags/main.py
[2025-12-28T14:08:32.046+0000] {logging_mixin.py:188} INFO - [2025-12-28T14:08:32.043+0000] {dag.py:3096} INFO - Sync 2 DAGs
[2025-12-28T14:08:32.155+0000] {logging_mixin.py:188} INFO - [2025-12-28T14:08:32.155+0000] {dag.py:3954} INFO - Setting next_dagrun for update_db to 2025-12-27 15:00:00+00:00, run_after=2025-12-28 15:00:00+00:00
[2025-12-28T14:08:32.180+0000] {logging_mixin.py:188} INFO - [2025-12-28T14:08:32.178+0000] {dag.py:3954} INFO - Setting next_dagrun for youtube_video_stats to 2025-12-28 14:00:00+00:00, run_after=2025-12-29 14:00:00+00:00
[2025-12-28T14:08:32.248+0000] {processor.py:183} INFO - Processing /opt/airflow/dags/main.py took 0.675 seconds
[2025-12-28T14:09:02.639+0000] {processor.py:161} INFO - Started process (PID=16607) to work on /opt/airflow/dags/main.py
[2025-12-28T14:09:02.643+0000] {processor.py:830} INFO - Processing file /opt/airflow/dags/main.py for tasks to queue
[2025-12-28T14:09:02.646+0000] {logging_mixin.py:188} INFO - [2025-12-28T14:09:02.646+0000] {dagbag.py:545} INFO - Filling up the DagBag from /opt/airflow/dags/main.py
[2025-12-28T14:09:02.901+0000] {processor.py:840} INFO - DAG(s) 'youtube_video_stats', 'update_db' retrieved from /opt/airflow/dags/main.py
[2025-12-28T14:09:02.979+0000] {logging_mixin.py:188} INFO - [2025-12-28T14:09:02.978+0000] {dag.py:3096} INFO - Sync 2 DAGs
[2025-12-28T14:09:03.031+0000] {logging_mixin.py:188} INFO - [2025-12-28T14:09:03.031+0000] {dag.py:3954} INFO - Setting next_dagrun for update_db to 2025-12-27 15:00:00+00:00, run_after=2025-12-28 15:00:00+00:00
[2025-12-28T14:09:03.046+0000] {logging_mixin.py:188} INFO - [2025-12-28T14:09:03.045+0000] {dag.py:3954} INFO - Setting next_dagrun for youtube_video_stats to 2025-12-28 14:00:00+00:00, run_after=2025-12-29 14:00:00+00:00
[2025-12-28T14:09:03.088+0000] {processor.py:183} INFO - Processing /opt/airflow/dags/main.py took 0.470 seconds
[2025-12-28T14:09:33.423+0000] {processor.py:161} INFO - Started process (PID=16614) to work on /opt/airflow/dags/main.py
[2025-12-28T14:09:33.426+0000] {processor.py:830} INFO - Processing file /opt/airflow/dags/main.py for tasks to queue
[2025-12-28T14:09:33.430+0000] {logging_mixin.py:188} INFO - [2025-12-28T14:09:33.429+0000] {dagbag.py:545} INFO - Filling up the DagBag from /opt/airflow/dags/main.py
[2025-12-28T14:09:33.672+0000] {processor.py:840} INFO - DAG(s) 'update_db', 'youtube_video_stats' retrieved from /opt/airflow/dags/main.py
[2025-12-28T14:09:33.774+0000] {logging_mixin.py:188} INFO - [2025-12-28T14:09:33.773+0000] {dag.py:3096} INFO - Sync 2 DAGs
[2025-12-28T14:09:33.846+0000] {logging_mixin.py:188} INFO - [2025-12-28T14:09:33.846+0000] {dag.py:3954} INFO - Setting next_dagrun for update_db to 2025-12-27 15:00:00+00:00, run_after=2025-12-28 15:00:00+00:00
[2025-12-28T14:09:33.865+0000] {logging_mixin.py:188} INFO - [2025-12-28T14:09:33.864+0000] {dag.py:3954} INFO - Setting next_dagrun for youtube_video_stats to 2025-12-28 14:00:00+00:00, run_after=2025-12-29 14:00:00+00:00
[2025-12-28T14:09:33.920+0000] {processor.py:183} INFO - Processing /opt/airflow/dags/main.py took 0.514 seconds
[2025-12-28T14:10:04.243+0000] {processor.py:161} INFO - Started process (PID=16621) to work on /opt/airflow/dags/main.py
[2025-12-28T14:10:04.246+0000] {processor.py:830} INFO - Processing file /opt/airflow/dags/main.py for tasks to queue
[2025-12-28T14:10:04.248+0000] {logging_mixin.py:188} INFO - [2025-12-28T14:10:04.248+0000] {dagbag.py:545} INFO - Filling up the DagBag from /opt/airflow/dags/main.py
[2025-12-28T14:10:04.533+0000] {processor.py:840} INFO - DAG(s) 'update_db', 'youtube_video_stats' retrieved from /opt/airflow/dags/main.py
[2025-12-28T14:10:04.613+0000] {logging_mixin.py:188} INFO - [2025-12-28T14:10:04.613+0000] {dag.py:3096} INFO - Sync 2 DAGs
[2025-12-28T14:10:04.676+0000] {logging_mixin.py:188} INFO - [2025-12-28T14:10:04.676+0000] {dag.py:3954} INFO - Setting next_dagrun for update_db to 2025-12-27 15:00:00+00:00, run_after=2025-12-28 15:00:00+00:00
[2025-12-28T14:10:04.692+0000] {logging_mixin.py:188} INFO - [2025-12-28T14:10:04.691+0000] {dag.py:3954} INFO - Setting next_dagrun for youtube_video_stats to 2025-12-28 14:00:00+00:00, run_after=2025-12-29 14:00:00+00:00
[2025-12-28T14:10:04.739+0000] {processor.py:183} INFO - Processing /opt/airflow/dags/main.py took 0.511 seconds
[2025-12-28T14:10:35.128+0000] {processor.py:161} INFO - Started process (PID=16628) to work on /opt/airflow/dags/main.py
[2025-12-28T14:10:35.132+0000] {processor.py:830} INFO - Processing file /opt/airflow/dags/main.py for tasks to queue
[2025-12-28T14:10:35.141+0000] {logging_mixin.py:188} INFO - [2025-12-28T14:10:35.140+0000] {dagbag.py:545} INFO - Filling up the DagBag from /opt/airflow/dags/main.py
[2025-12-28T14:10:35.420+0000] {processor.py:840} INFO - DAG(s) 'youtube_video_stats', 'update_db' retrieved from /opt/airflow/dags/main.py
[2025-12-28T14:10:35.579+0000] {logging_mixin.py:188} INFO - [2025-12-28T14:10:35.578+0000] {dag.py:3096} INFO - Sync 2 DAGs
[2025-12-28T14:10:35.730+0000] {logging_mixin.py:188} INFO - [2025-12-28T14:10:35.730+0000] {dag.py:3954} INFO - Setting next_dagrun for update_db to 2025-12-27 15:00:00+00:00, run_after=2025-12-28 15:00:00+00:00
[2025-12-28T14:10:35.767+0000] {logging_mixin.py:188} INFO - [2025-12-28T14:10:35.767+0000] {dag.py:3954} INFO - Setting next_dagrun for youtube_video_stats to 2025-12-28 14:00:00+00:00, run_after=2025-12-29 14:00:00+00:00
[2025-12-28T14:10:35.830+0000] {processor.py:183} INFO - Processing /opt/airflow/dags/main.py took 0.731 seconds
[2025-12-28T14:11:06.221+0000] {processor.py:161} INFO - Started process (PID=16636) to work on /opt/airflow/dags/main.py
[2025-12-28T14:11:06.225+0000] {processor.py:830} INFO - Processing file /opt/airflow/dags/main.py for tasks to queue
[2025-12-28T14:11:06.227+0000] {logging_mixin.py:188} INFO - [2025-12-28T14:11:06.226+0000] {dagbag.py:545} INFO - Filling up the DagBag from /opt/airflow/dags/main.py
[2025-12-28T14:11:06.544+0000] {processor.py:840} INFO - DAG(s) 'youtube_video_stats', 'update_db' retrieved from /opt/airflow/dags/main.py
[2025-12-28T14:11:06.649+0000] {logging_mixin.py:188} INFO - [2025-12-28T14:11:06.648+0000] {dag.py:3096} INFO - Sync 2 DAGs
[2025-12-28T14:11:06.744+0000] {logging_mixin.py:188} INFO - [2025-12-28T14:11:06.744+0000] {dag.py:3954} INFO - Setting next_dagrun for update_db to 2025-12-27 15:00:00+00:00, run_after=2025-12-28 15:00:00+00:00
[2025-12-28T14:11:06.776+0000] {logging_mixin.py:188} INFO - [2025-12-28T14:11:06.775+0000] {dag.py:3954} INFO - Setting next_dagrun for youtube_video_stats to 2025-12-28 14:00:00+00:00, run_after=2025-12-29 14:00:00+00:00
[2025-12-28T14:11:06.839+0000] {processor.py:183} INFO - Processing /opt/airflow/dags/main.py took 0.648 seconds
[2025-12-28T14:11:37.123+0000] {processor.py:161} INFO - Started process (PID=16643) to work on /opt/airflow/dags/main.py
[2025-12-28T14:11:37.126+0000] {processor.py:830} INFO - Processing file /opt/airflow/dags/main.py for tasks to queue
[2025-12-28T14:11:37.129+0000] {logging_mixin.py:188} INFO - [2025-12-28T14:11:37.128+0000] {dagbag.py:545} INFO - Filling up the DagBag from /opt/airflow/dags/main.py
[2025-12-28T14:11:37.458+0000] {processor.py:840} INFO - DAG(s) 'youtube_video_stats', 'update_db' retrieved from /opt/airflow/dags/main.py
[2025-12-28T14:11:37.569+0000] {logging_mixin.py:188} INFO - [2025-12-28T14:11:37.567+0000] {dag.py:3096} INFO - Sync 2 DAGs
[2025-12-28T14:11:37.680+0000] {logging_mixin.py:188} INFO - [2025-12-28T14:11:37.679+0000] {dag.py:3954} INFO - Setting next_dagrun for update_db to 2025-12-27 15:00:00+00:00, run_after=2025-12-28 15:00:00+00:00
[2025-12-28T14:11:37.702+0000] {logging_mixin.py:188} INFO - [2025-12-28T14:11:37.701+0000] {dag.py:3954} INFO - Setting next_dagrun for youtube_video_stats to 2025-12-28 14:00:00+00:00, run_after=2025-12-29 14:00:00+00:00
[2025-12-28T14:11:37.762+0000] {processor.py:183} INFO - Processing /opt/airflow/dags/main.py took 0.658 seconds
[2025-12-28T14:12:08.409+0000] {processor.py:161} INFO - Started process (PID=16650) to work on /opt/airflow/dags/main.py
[2025-12-28T14:12:08.412+0000] {processor.py:830} INFO - Processing file /opt/airflow/dags/main.py for tasks to queue
[2025-12-28T14:12:08.415+0000] {logging_mixin.py:188} INFO - [2025-12-28T14:12:08.414+0000] {dagbag.py:545} INFO - Filling up the DagBag from /opt/airflow/dags/main.py
[2025-12-28T14:12:08.721+0000] {processor.py:840} INFO - DAG(s) 'youtube_video_stats', 'update_db' retrieved from /opt/airflow/dags/main.py
[2025-12-28T14:12:08.825+0000] {logging_mixin.py:188} INFO - [2025-12-28T14:12:08.825+0000] {dag.py:3096} INFO - Sync 2 DAGs
[2025-12-28T14:12:08.900+0000] {logging_mixin.py:188} INFO - [2025-12-28T14:12:08.900+0000] {dag.py:3954} INFO - Setting next_dagrun for update_db to 2025-12-27 15:00:00+00:00, run_after=2025-12-28 15:00:00+00:00
[2025-12-28T14:12:08.918+0000] {logging_mixin.py:188} INFO - [2025-12-28T14:12:08.918+0000] {dag.py:3954} INFO - Setting next_dagrun for youtube_video_stats to 2025-12-28 14:00:00+00:00, run_after=2025-12-29 14:00:00+00:00
[2025-12-28T14:12:08.974+0000] {processor.py:183} INFO - Processing /opt/airflow/dags/main.py took 0.581 seconds
[2025-12-28T14:12:39.269+0000] {processor.py:161} INFO - Started process (PID=16657) to work on /opt/airflow/dags/main.py
[2025-12-28T14:12:39.271+0000] {processor.py:830} INFO - Processing file /opt/airflow/dags/main.py for tasks to queue
[2025-12-28T14:12:39.272+0000] {logging_mixin.py:188} INFO - [2025-12-28T14:12:39.272+0000] {dagbag.py:545} INFO - Filling up the DagBag from /opt/airflow/dags/main.py
[2025-12-28T14:12:39.470+0000] {processor.py:840} INFO - DAG(s) 'update_db', 'youtube_video_stats' retrieved from /opt/airflow/dags/main.py
[2025-12-28T14:12:39.526+0000] {logging_mixin.py:188} INFO - [2025-12-28T14:12:39.525+0000] {dag.py:3096} INFO - Sync 2 DAGs
[2025-12-28T14:12:39.566+0000] {logging_mixin.py:188} INFO - [2025-12-28T14:12:39.565+0000] {dag.py:3954} INFO - Setting next_dagrun for update_db to 2025-12-27 15:00:00+00:00, run_after=2025-12-28 15:00:00+00:00
[2025-12-28T14:12:39.576+0000] {logging_mixin.py:188} INFO - [2025-12-28T14:12:39.576+0000] {dag.py:3954} INFO - Setting next_dagrun for youtube_video_stats to 2025-12-28 14:00:00+00:00, run_after=2025-12-29 14:00:00+00:00
[2025-12-28T14:12:39.724+0000] {processor.py:183} INFO - Processing /opt/airflow/dags/main.py took 0.462 seconds
[2025-12-28T14:13:09.970+0000] {processor.py:161} INFO - Started process (PID=16664) to work on /opt/airflow/dags/main.py
[2025-12-28T14:13:09.973+0000] {processor.py:830} INFO - Processing file /opt/airflow/dags/main.py for tasks to queue
[2025-12-28T14:13:09.975+0000] {logging_mixin.py:188} INFO - [2025-12-28T14:13:09.974+0000] {dagbag.py:545} INFO - Filling up the DagBag from /opt/airflow/dags/main.py
[2025-12-28T14:13:10.171+0000] {processor.py:840} INFO - DAG(s) 'youtube_video_stats', 'update_db' retrieved from /opt/airflow/dags/main.py
[2025-12-28T14:13:10.229+0000] {logging_mixin.py:188} INFO - [2025-12-28T14:13:10.228+0000] {dag.py:3096} INFO - Sync 2 DAGs
[2025-12-28T14:13:10.276+0000] {logging_mixin.py:188} INFO - [2025-12-28T14:13:10.276+0000] {dag.py:3954} INFO - Setting next_dagrun for update_db to 2025-12-27 15:00:00+00:00, run_after=2025-12-28 15:00:00+00:00
[2025-12-28T14:13:10.297+0000] {logging_mixin.py:188} INFO - [2025-12-28T14:13:10.296+0000] {dag.py:3954} INFO - Setting next_dagrun for youtube_video_stats to 2025-12-28 14:00:00+00:00, run_after=2025-12-29 14:00:00+00:00
[2025-12-28T14:13:10.334+0000] {processor.py:183} INFO - Processing /opt/airflow/dags/main.py took 0.376 seconds
[2025-12-28T14:13:40.658+0000] {processor.py:161} INFO - Started process (PID=16671) to work on /opt/airflow/dags/main.py
[2025-12-28T14:13:40.660+0000] {processor.py:830} INFO - Processing file /opt/airflow/dags/main.py for tasks to queue
[2025-12-28T14:13:40.662+0000] {logging_mixin.py:188} INFO - [2025-12-28T14:13:40.662+0000] {dagbag.py:545} INFO - Filling up the DagBag from /opt/airflow/dags/main.py
[2025-12-28T14:13:40.839+0000] {processor.py:840} INFO - DAG(s) 'youtube_video_stats', 'update_db' retrieved from /opt/airflow/dags/main.py
[2025-12-28T14:13:40.897+0000] {logging_mixin.py:188} INFO - [2025-12-28T14:13:40.897+0000] {dag.py:3096} INFO - Sync 2 DAGs
[2025-12-28T14:13:40.946+0000] {logging_mixin.py:188} INFO - [2025-12-28T14:13:40.945+0000] {dag.py:3954} INFO - Setting next_dagrun for update_db to 2025-12-27 15:00:00+00:00, run_after=2025-12-28 15:00:00+00:00
[2025-12-28T14:13:40.960+0000] {logging_mixin.py:188} INFO - [2025-12-28T14:13:40.960+0000] {dag.py:3954} INFO - Setting next_dagrun for youtube_video_stats to 2025-12-28 14:00:00+00:00, run_after=2025-12-29 14:00:00+00:00
[2025-12-28T14:13:41.001+0000] {processor.py:183} INFO - Processing /opt/airflow/dags/main.py took 0.353 seconds
[2025-12-28T14:14:11.296+0000] {processor.py:161} INFO - Started process (PID=16678) to work on /opt/airflow/dags/main.py
[2025-12-28T14:14:11.298+0000] {processor.py:830} INFO - Processing file /opt/airflow/dags/main.py for tasks to queue
[2025-12-28T14:14:11.301+0000] {logging_mixin.py:188} INFO - [2025-12-28T14:14:11.300+0000] {dagbag.py:545} INFO - Filling up the DagBag from /opt/airflow/dags/main.py
[2025-12-28T14:14:11.754+0000] {processor.py:840} INFO - DAG(s) 'update_db', 'youtube_video_stats' retrieved from /opt/airflow/dags/main.py
[2025-12-28T14:14:11.833+0000] {logging_mixin.py:188} INFO - [2025-12-28T14:14:11.833+0000] {dag.py:3096} INFO - Sync 2 DAGs
[2025-12-28T14:14:11.890+0000] {logging_mixin.py:188} INFO - [2025-12-28T14:14:11.889+0000] {dag.py:3954} INFO - Setting next_dagrun for update_db to 2025-12-27 15:00:00+00:00, run_after=2025-12-28 15:00:00+00:00
[2025-12-28T14:14:11.905+0000] {logging_mixin.py:188} INFO - [2025-12-28T14:14:11.904+0000] {dag.py:3954} INFO - Setting next_dagrun for youtube_video_stats to 2025-12-28 14:00:00+00:00, run_after=2025-12-29 14:00:00+00:00
[2025-12-28T14:14:11.950+0000] {processor.py:183} INFO - Processing /opt/airflow/dags/main.py took 0.673 seconds
[2025-12-28T14:14:42.121+0000] {processor.py:161} INFO - Started process (PID=16685) to work on /opt/airflow/dags/main.py
[2025-12-28T14:14:42.122+0000] {processor.py:830} INFO - Processing file /opt/airflow/dags/main.py for tasks to queue
[2025-12-28T14:14:42.123+0000] {logging_mixin.py:188} INFO - [2025-12-28T14:14:42.123+0000] {dagbag.py:545} INFO - Filling up the DagBag from /opt/airflow/dags/main.py
[2025-12-28T14:14:42.251+0000] {processor.py:840} INFO - DAG(s) 'youtube_video_stats', 'update_db' retrieved from /opt/airflow/dags/main.py
[2025-12-28T14:14:42.299+0000] {logging_mixin.py:188} INFO - [2025-12-28T14:14:42.299+0000] {dag.py:3096} INFO - Sync 2 DAGs
[2025-12-28T14:14:42.327+0000] {logging_mixin.py:188} INFO - [2025-12-28T14:14:42.327+0000] {dag.py:3954} INFO - Setting next_dagrun for update_db to 2025-12-27 15:00:00+00:00, run_after=2025-12-28 15:00:00+00:00
[2025-12-28T14:14:42.334+0000] {logging_mixin.py:188} INFO - [2025-12-28T14:14:42.334+0000] {dag.py:3954} INFO - Setting next_dagrun for youtube_video_stats to 2025-12-28 14:00:00+00:00, run_after=2025-12-29 14:00:00+00:00
[2025-12-28T14:14:42.356+0000] {processor.py:183} INFO - Processing /opt/airflow/dags/main.py took 0.244 seconds
[2025-12-28T14:15:12.585+0000] {processor.py:161} INFO - Started process (PID=16699) to work on /opt/airflow/dags/main.py
[2025-12-28T14:15:12.586+0000] {processor.py:830} INFO - Processing file /opt/airflow/dags/main.py for tasks to queue
[2025-12-28T14:15:12.588+0000] {logging_mixin.py:188} INFO - [2025-12-28T14:15:12.587+0000] {dagbag.py:545} INFO - Filling up the DagBag from /opt/airflow/dags/main.py
[2025-12-28T14:15:12.727+0000] {processor.py:840} INFO - DAG(s) 'youtube_video_stats', 'update_db' retrieved from /opt/airflow/dags/main.py
[2025-12-28T14:15:12.777+0000] {logging_mixin.py:188} INFO - [2025-12-28T14:15:12.777+0000] {dag.py:3096} INFO - Sync 2 DAGs
[2025-12-28T14:15:12.809+0000] {logging_mixin.py:188} INFO - [2025-12-28T14:15:12.809+0000] {dag.py:3954} INFO - Setting next_dagrun for update_db to 2025-12-27 15:00:00+00:00, run_after=2025-12-28 15:00:00+00:00
[2025-12-28T14:15:12.817+0000] {logging_mixin.py:188} INFO - [2025-12-28T14:15:12.817+0000] {dag.py:3954} INFO - Setting next_dagrun for youtube_video_stats to 2025-12-28 14:00:00+00:00, run_after=2025-12-29 14:00:00+00:00
[2025-12-28T14:15:12.854+0000] {processor.py:183} INFO - Processing /opt/airflow/dags/main.py took 0.277 seconds
[2025-12-28T14:15:43.107+0000] {processor.py:161} INFO - Started process (PID=16706) to work on /opt/airflow/dags/main.py
[2025-12-28T14:15:43.109+0000] {processor.py:830} INFO - Processing file /opt/airflow/dags/main.py for tasks to queue
[2025-12-28T14:15:43.110+0000] {logging_mixin.py:188} INFO - [2025-12-28T14:15:43.110+0000] {dagbag.py:545} INFO - Filling up the DagBag from /opt/airflow/dags/main.py
[2025-12-28T14:15:43.274+0000] {processor.py:840} INFO - DAG(s) 'youtube_video_stats', 'update_db' retrieved from /opt/airflow/dags/main.py
[2025-12-28T14:15:43.323+0000] {logging_mixin.py:188} INFO - [2025-12-28T14:15:43.323+0000] {dag.py:3096} INFO - Sync 2 DAGs
[2025-12-28T14:15:43.356+0000] {logging_mixin.py:188} INFO - [2025-12-28T14:15:43.356+0000] {dag.py:3954} INFO - Setting next_dagrun for update_db to 2025-12-27 15:00:00+00:00, run_after=2025-12-28 15:00:00+00:00
[2025-12-28T14:15:43.365+0000] {logging_mixin.py:188} INFO - [2025-12-28T14:15:43.364+0000] {dag.py:3954} INFO - Setting next_dagrun for youtube_video_stats to 2025-12-28 14:00:00+00:00, run_after=2025-12-29 14:00:00+00:00
[2025-12-28T14:15:43.396+0000] {processor.py:183} INFO - Processing /opt/airflow/dags/main.py took 0.299 seconds
[2025-12-28T14:16:13.637+0000] {processor.py:161} INFO - Started process (PID=16713) to work on /opt/airflow/dags/main.py
[2025-12-28T14:16:13.639+0000] {processor.py:830} INFO - Processing file /opt/airflow/dags/main.py for tasks to queue
[2025-12-28T14:16:13.641+0000] {logging_mixin.py:188} INFO - [2025-12-28T14:16:13.640+0000] {dagbag.py:545} INFO - Filling up the DagBag from /opt/airflow/dags/main.py
[2025-12-28T14:16:13.773+0000] {processor.py:840} INFO - DAG(s) 'update_db', 'youtube_video_stats' retrieved from /opt/airflow/dags/main.py
[2025-12-28T14:16:13.821+0000] {logging_mixin.py:188} INFO - [2025-12-28T14:16:13.821+0000] {dag.py:3096} INFO - Sync 2 DAGs
[2025-12-28T14:16:13.853+0000] {logging_mixin.py:188} INFO - [2025-12-28T14:16:13.853+0000] {dag.py:3954} INFO - Setting next_dagrun for update_db to 2025-12-27 15:00:00+00:00, run_after=2025-12-28 15:00:00+00:00
[2025-12-28T14:16:13.860+0000] {logging_mixin.py:188} INFO - [2025-12-28T14:16:13.860+0000] {dag.py:3954} INFO - Setting next_dagrun for youtube_video_stats to 2025-12-28 14:00:00+00:00, run_after=2025-12-29 14:00:00+00:00
[2025-12-28T14:16:13.886+0000] {processor.py:183} INFO - Processing /opt/airflow/dags/main.py took 0.258 seconds
[2025-12-28T14:16:44.156+0000] {processor.py:161} INFO - Started process (PID=16720) to work on /opt/airflow/dags/main.py
[2025-12-28T14:16:44.159+0000] {processor.py:830} INFO - Processing file /opt/airflow/dags/main.py for tasks to queue
[2025-12-28T14:16:44.161+0000] {logging_mixin.py:188} INFO - [2025-12-28T14:16:44.160+0000] {dagbag.py:545} INFO - Filling up the DagBag from /opt/airflow/dags/main.py
[2025-12-28T14:16:44.427+0000] {processor.py:840} INFO - DAG(s) 'update_db', 'youtube_video_stats' retrieved from /opt/airflow/dags/main.py
[2025-12-28T14:16:44.506+0000] {logging_mixin.py:188} INFO - [2025-12-28T14:16:44.506+0000] {dag.py:3096} INFO - Sync 2 DAGs
[2025-12-28T14:16:44.584+0000] {logging_mixin.py:188} INFO - [2025-12-28T14:16:44.583+0000] {dag.py:3954} INFO - Setting next_dagrun for update_db to 2025-12-27 15:00:00+00:00, run_after=2025-12-28 15:00:00+00:00
[2025-12-28T14:16:44.605+0000] {logging_mixin.py:188} INFO - [2025-12-28T14:16:44.604+0000] {dag.py:3954} INFO - Setting next_dagrun for youtube_video_stats to 2025-12-28 14:00:00+00:00, run_after=2025-12-29 14:00:00+00:00
[2025-12-28T14:16:44.679+0000] {processor.py:183} INFO - Processing /opt/airflow/dags/main.py took 0.543 seconds
[2025-12-28T14:17:14.948+0000] {processor.py:161} INFO - Started process (PID=16727) to work on /opt/airflow/dags/main.py
[2025-12-28T14:17:14.950+0000] {processor.py:830} INFO - Processing file /opt/airflow/dags/main.py for tasks to queue
[2025-12-28T14:17:14.951+0000] {logging_mixin.py:188} INFO - [2025-12-28T14:17:14.951+0000] {dagbag.py:545} INFO - Filling up the DagBag from /opt/airflow/dags/main.py
[2025-12-28T14:17:15.082+0000] {processor.py:840} INFO - DAG(s) 'youtube_video_stats', 'update_db' retrieved from /opt/airflow/dags/main.py
[2025-12-28T14:17:15.131+0000] {logging_mixin.py:188} INFO - [2025-12-28T14:17:15.131+0000] {dag.py:3096} INFO - Sync 2 DAGs
[2025-12-28T14:17:15.163+0000] {logging_mixin.py:188} INFO - [2025-12-28T14:17:15.163+0000] {dag.py:3954} INFO - Setting next_dagrun for update_db to 2025-12-27 15:00:00+00:00, run_after=2025-12-28 15:00:00+00:00
[2025-12-28T14:17:15.172+0000] {logging_mixin.py:188} INFO - [2025-12-28T14:17:15.171+0000] {dag.py:3954} INFO - Setting next_dagrun for youtube_video_stats to 2025-12-28 14:00:00+00:00, run_after=2025-12-29 14:00:00+00:00
[2025-12-28T14:17:15.201+0000] {processor.py:183} INFO - Processing /opt/airflow/dags/main.py took 0.262 seconds
[2025-12-28T14:17:45.513+0000] {processor.py:161} INFO - Started process (PID=16734) to work on /opt/airflow/dags/main.py
[2025-12-28T14:17:45.515+0000] {processor.py:830} INFO - Processing file /opt/airflow/dags/main.py for tasks to queue
[2025-12-28T14:17:45.516+0000] {logging_mixin.py:188} INFO - [2025-12-28T14:17:45.516+0000] {dagbag.py:545} INFO - Filling up the DagBag from /opt/airflow/dags/main.py
[2025-12-28T14:17:45.656+0000] {processor.py:840} INFO - DAG(s) 'update_db', 'youtube_video_stats' retrieved from /opt/airflow/dags/main.py
[2025-12-28T14:17:45.702+0000] {logging_mixin.py:188} INFO - [2025-12-28T14:17:45.702+0000] {dag.py:3096} INFO - Sync 2 DAGs
[2025-12-28T14:17:45.734+0000] {logging_mixin.py:188} INFO - [2025-12-28T14:17:45.733+0000] {dag.py:3954} INFO - Setting next_dagrun for update_db to 2025-12-27 15:00:00+00:00, run_after=2025-12-28 15:00:00+00:00
[2025-12-28T14:17:45.741+0000] {logging_mixin.py:188} INFO - [2025-12-28T14:17:45.741+0000] {dag.py:3954} INFO - Setting next_dagrun for youtube_video_stats to 2025-12-28 14:00:00+00:00, run_after=2025-12-29 14:00:00+00:00
[2025-12-28T14:17:45.765+0000] {processor.py:183} INFO - Processing /opt/airflow/dags/main.py took 0.260 seconds
[2025-12-28T14:18:16.024+0000] {processor.py:161} INFO - Started process (PID=16741) to work on /opt/airflow/dags/main.py
[2025-12-28T14:18:16.026+0000] {processor.py:830} INFO - Processing file /opt/airflow/dags/main.py for tasks to queue
[2025-12-28T14:18:16.028+0000] {logging_mixin.py:188} INFO - [2025-12-28T14:18:16.028+0000] {dagbag.py:545} INFO - Filling up the DagBag from /opt/airflow/dags/main.py
[2025-12-28T14:18:16.215+0000] {processor.py:840} INFO - DAG(s) 'update_db', 'youtube_video_stats' retrieved from /opt/airflow/dags/main.py
[2025-12-28T14:18:16.280+0000] {logging_mixin.py:188} INFO - [2025-12-28T14:18:16.280+0000] {dag.py:3096} INFO - Sync 2 DAGs
[2025-12-28T14:18:16.326+0000] {logging_mixin.py:188} INFO - [2025-12-28T14:18:16.325+0000] {dag.py:3954} INFO - Setting next_dagrun for update_db to 2025-12-27 15:00:00+00:00, run_after=2025-12-28 15:00:00+00:00
[2025-12-28T14:18:16.336+0000] {logging_mixin.py:188} INFO - [2025-12-28T14:18:16.336+0000] {dag.py:3954} INFO - Setting next_dagrun for youtube_video_stats to 2025-12-28 14:00:00+00:00, run_after=2025-12-29 14:00:00+00:00
[2025-12-28T14:18:16.370+0000] {processor.py:183} INFO - Processing /opt/airflow/dags/main.py took 0.357 seconds
[2025-12-28T14:18:46.642+0000] {processor.py:161} INFO - Started process (PID=16748) to work on /opt/airflow/dags/main.py
[2025-12-28T14:18:46.644+0000] {processor.py:830} INFO - Processing file /opt/airflow/dags/main.py for tasks to queue
[2025-12-28T14:18:46.646+0000] {logging_mixin.py:188} INFO - [2025-12-28T14:18:46.645+0000] {dagbag.py:545} INFO - Filling up the DagBag from /opt/airflow/dags/main.py
[2025-12-28T14:18:46.835+0000] {processor.py:840} INFO - DAG(s) 'youtube_video_stats', 'update_db' retrieved from /opt/airflow/dags/main.py
[2025-12-28T14:18:46.899+0000] {logging_mixin.py:188} INFO - [2025-12-28T14:18:46.898+0000] {dag.py:3096} INFO - Sync 2 DAGs
[2025-12-28T14:18:46.961+0000] {logging_mixin.py:188} INFO - [2025-12-28T14:18:46.960+0000] {dag.py:3954} INFO - Setting next_dagrun for update_db to 2025-12-27 15:00:00+00:00, run_after=2025-12-28 15:00:00+00:00
[2025-12-28T14:18:46.978+0000] {logging_mixin.py:188} INFO - [2025-12-28T14:18:46.977+0000] {dag.py:3954} INFO - Setting next_dagrun for youtube_video_stats to 2025-12-28 14:00:00+00:00, run_after=2025-12-29 14:00:00+00:00
[2025-12-28T14:18:47.017+0000] {processor.py:183} INFO - Processing /opt/airflow/dags/main.py took 0.388 seconds
[2025-12-28T14:19:17.295+0000] {processor.py:161} INFO - Started process (PID=16755) to work on /opt/airflow/dags/main.py
[2025-12-28T14:19:17.298+0000] {processor.py:830} INFO - Processing file /opt/airflow/dags/main.py for tasks to queue
[2025-12-28T14:19:17.300+0000] {logging_mixin.py:188} INFO - [2025-12-28T14:19:17.299+0000] {dagbag.py:545} INFO - Filling up the DagBag from /opt/airflow/dags/main.py
[2025-12-28T14:19:17.477+0000] {processor.py:840} INFO - DAG(s) 'youtube_video_stats', 'update_db' retrieved from /opt/airflow/dags/main.py
[2025-12-28T14:19:17.531+0000] {logging_mixin.py:188} INFO - [2025-12-28T14:19:17.530+0000] {dag.py:3096} INFO - Sync 2 DAGs
[2025-12-28T14:19:17.565+0000] {logging_mixin.py:188} INFO - [2025-12-28T14:19:17.565+0000] {dag.py:3954} INFO - Setting next_dagrun for update_db to 2025-12-27 15:00:00+00:00, run_after=2025-12-28 15:00:00+00:00
[2025-12-28T14:19:17.574+0000] {logging_mixin.py:188} INFO - [2025-12-28T14:19:17.573+0000] {dag.py:3954} INFO - Setting next_dagrun for youtube_video_stats to 2025-12-28 14:00:00+00:00, run_after=2025-12-29 14:00:00+00:00
[2025-12-28T14:19:17.599+0000] {processor.py:183} INFO - Processing /opt/airflow/dags/main.py took 0.317 seconds
[2025-12-28T14:19:47.931+0000] {processor.py:161} INFO - Started process (PID=16762) to work on /opt/airflow/dags/main.py
[2025-12-28T14:19:47.935+0000] {processor.py:830} INFO - Processing file /opt/airflow/dags/main.py for tasks to queue
[2025-12-28T14:19:47.948+0000] {logging_mixin.py:188} INFO - [2025-12-28T14:19:47.941+0000] {dagbag.py:545} INFO - Filling up the DagBag from /opt/airflow/dags/main.py
[2025-12-28T14:19:48.350+0000] {processor.py:840} INFO - DAG(s) 'update_db', 'youtube_video_stats' retrieved from /opt/airflow/dags/main.py
[2025-12-28T14:19:48.524+0000] {logging_mixin.py:188} INFO - [2025-12-28T14:19:48.523+0000] {dag.py:3096} INFO - Sync 2 DAGs
[2025-12-28T14:19:48.608+0000] {logging_mixin.py:188} INFO - [2025-12-28T14:19:48.608+0000] {dag.py:3954} INFO - Setting next_dagrun for update_db to 2025-12-27 15:00:00+00:00, run_after=2025-12-28 15:00:00+00:00
[2025-12-28T14:19:48.626+0000] {logging_mixin.py:188} INFO - [2025-12-28T14:19:48.624+0000] {dag.py:3954} INFO - Setting next_dagrun for youtube_video_stats to 2025-12-28 14:00:00+00:00, run_after=2025-12-29 14:00:00+00:00
[2025-12-28T14:19:48.682+0000] {processor.py:183} INFO - Processing /opt/airflow/dags/main.py took 0.795 seconds
[2025-12-28T14:20:18.797+0000] {processor.py:161} INFO - Started process (PID=16769) to work on /opt/airflow/dags/main.py
[2025-12-28T14:20:18.799+0000] {processor.py:830} INFO - Processing file /opt/airflow/dags/main.py for tasks to queue
[2025-12-28T14:20:18.801+0000] {logging_mixin.py:188} INFO - [2025-12-28T14:20:18.800+0000] {dagbag.py:545} INFO - Filling up the DagBag from /opt/airflow/dags/main.py
[2025-12-28T14:20:18.995+0000] {processor.py:840} INFO - DAG(s) 'update_db', 'youtube_video_stats' retrieved from /opt/airflow/dags/main.py
[2025-12-28T14:20:19.054+0000] {logging_mixin.py:188} INFO - [2025-12-28T14:20:19.054+0000] {dag.py:3096} INFO - Sync 2 DAGs
[2025-12-28T14:20:19.095+0000] {logging_mixin.py:188} INFO - [2025-12-28T14:20:19.095+0000] {dag.py:3954} INFO - Setting next_dagrun for update_db to 2025-12-27 15:00:00+00:00, run_after=2025-12-28 15:00:00+00:00
[2025-12-28T14:20:19.106+0000] {logging_mixin.py:188} INFO - [2025-12-28T14:20:19.105+0000] {dag.py:3954} INFO - Setting next_dagrun for youtube_video_stats to 2025-12-28 14:00:00+00:00, run_after=2025-12-29 14:00:00+00:00
[2025-12-28T14:20:19.136+0000] {processor.py:183} INFO - Processing /opt/airflow/dags/main.py took 0.352 seconds
[2025-12-28T14:20:49.221+0000] {processor.py:161} INFO - Started process (PID=16776) to work on /opt/airflow/dags/main.py
[2025-12-28T14:20:49.223+0000] {processor.py:830} INFO - Processing file /opt/airflow/dags/main.py for tasks to queue
[2025-12-28T14:20:49.226+0000] {logging_mixin.py:188} INFO - [2025-12-28T14:20:49.225+0000] {dagbag.py:545} INFO - Filling up the DagBag from /opt/airflow/dags/main.py
[2025-12-28T14:20:49.412+0000] {processor.py:840} INFO - DAG(s) 'update_db', 'youtube_video_stats' retrieved from /opt/airflow/dags/main.py
[2025-12-28T14:20:49.469+0000] {logging_mixin.py:188} INFO - [2025-12-28T14:20:49.469+0000] {dag.py:3096} INFO - Sync 2 DAGs
[2025-12-28T14:20:49.514+0000] {logging_mixin.py:188} INFO - [2025-12-28T14:20:49.514+0000] {dag.py:3954} INFO - Setting next_dagrun for update_db to 2025-12-27 15:00:00+00:00, run_after=2025-12-28 15:00:00+00:00
[2025-12-28T14:20:49.524+0000] {logging_mixin.py:188} INFO - [2025-12-28T14:20:49.523+0000] {dag.py:3954} INFO - Setting next_dagrun for youtube_video_stats to 2025-12-28 14:00:00+00:00, run_after=2025-12-29 14:00:00+00:00
[2025-12-28T14:20:49.558+0000] {processor.py:183} INFO - Processing /opt/airflow/dags/main.py took 0.349 seconds
[2025-12-28T14:21:19.641+0000] {processor.py:161} INFO - Started process (PID=16783) to work on /opt/airflow/dags/main.py
[2025-12-28T14:21:19.643+0000] {processor.py:830} INFO - Processing file /opt/airflow/dags/main.py for tasks to queue
[2025-12-28T14:21:19.644+0000] {logging_mixin.py:188} INFO - [2025-12-28T14:21:19.644+0000] {dagbag.py:545} INFO - Filling up the DagBag from /opt/airflow/dags/main.py
[2025-12-28T14:21:19.757+0000] {processor.py:840} INFO - DAG(s) 'youtube_video_stats', 'update_db' retrieved from /opt/airflow/dags/main.py
[2025-12-28T14:21:19.794+0000] {logging_mixin.py:188} INFO - [2025-12-28T14:21:19.794+0000] {dag.py:3096} INFO - Sync 2 DAGs
[2025-12-28T14:21:19.819+0000] {logging_mixin.py:188} INFO - [2025-12-28T14:21:19.819+0000] {dag.py:3954} INFO - Setting next_dagrun for update_db to 2025-12-27 15:00:00+00:00, run_after=2025-12-28 15:00:00+00:00
[2025-12-28T14:21:19.826+0000] {logging_mixin.py:188} INFO - [2025-12-28T14:21:19.826+0000] {dag.py:3954} INFO - Setting next_dagrun for youtube_video_stats to 2025-12-28 14:00:00+00:00, run_after=2025-12-29 14:00:00+00:00
[2025-12-28T14:21:19.847+0000] {processor.py:183} INFO - Processing /opt/airflow/dags/main.py took 0.213 seconds
[2025-12-28T14:21:50.017+0000] {processor.py:161} INFO - Started process (PID=16790) to work on /opt/airflow/dags/main.py
[2025-12-28T14:21:50.019+0000] {processor.py:830} INFO - Processing file /opt/airflow/dags/main.py for tasks to queue
[2025-12-28T14:21:50.020+0000] {logging_mixin.py:188} INFO - [2025-12-28T14:21:50.019+0000] {dagbag.py:545} INFO - Filling up the DagBag from /opt/airflow/dags/main.py
[2025-12-28T14:21:50.138+0000] {processor.py:840} INFO - DAG(s) 'youtube_video_stats', 'update_db' retrieved from /opt/airflow/dags/main.py
[2025-12-28T14:21:50.175+0000] {logging_mixin.py:188} INFO - [2025-12-28T14:21:50.175+0000] {dag.py:3096} INFO - Sync 2 DAGs
[2025-12-28T14:21:50.202+0000] {logging_mixin.py:188} INFO - [2025-12-28T14:21:50.201+0000] {dag.py:3954} INFO - Setting next_dagrun for update_db to 2025-12-27 15:00:00+00:00, run_after=2025-12-28 15:00:00+00:00
[2025-12-28T14:21:50.209+0000] {logging_mixin.py:188} INFO - [2025-12-28T14:21:50.209+0000] {dag.py:3954} INFO - Setting next_dagrun for youtube_video_stats to 2025-12-28 14:00:00+00:00, run_after=2025-12-29 14:00:00+00:00
[2025-12-28T14:21:50.240+0000] {processor.py:183} INFO - Processing /opt/airflow/dags/main.py took 0.231 seconds
[2025-12-28T14:22:21.037+0000] {processor.py:161} INFO - Started process (PID=16797) to work on /opt/airflow/dags/main.py
[2025-12-28T14:22:21.039+0000] {processor.py:830} INFO - Processing file /opt/airflow/dags/main.py for tasks to queue
[2025-12-28T14:22:21.040+0000] {logging_mixin.py:188} INFO - [2025-12-28T14:22:21.039+0000] {dagbag.py:545} INFO - Filling up the DagBag from /opt/airflow/dags/main.py
[2025-12-28T14:22:21.148+0000] {processor.py:840} INFO - DAG(s) 'update_db', 'youtube_video_stats' retrieved from /opt/airflow/dags/main.py
[2025-12-28T14:22:21.190+0000] {logging_mixin.py:188} INFO - [2025-12-28T14:22:21.190+0000] {dag.py:3096} INFO - Sync 2 DAGs
[2025-12-28T14:22:21.218+0000] {logging_mixin.py:188} INFO - [2025-12-28T14:22:21.218+0000] {dag.py:3954} INFO - Setting next_dagrun for update_db to 2025-12-27 15:00:00+00:00, run_after=2025-12-28 15:00:00+00:00
[2025-12-28T14:22:21.225+0000] {logging_mixin.py:188} INFO - [2025-12-28T14:22:21.225+0000] {dag.py:3954} INFO - Setting next_dagrun for youtube_video_stats to 2025-12-28 14:00:00+00:00, run_after=2025-12-29 14:00:00+00:00
[2025-12-28T14:22:21.269+0000] {processor.py:183} INFO - Processing /opt/airflow/dags/main.py took 0.240 seconds
[2025-12-28T14:22:51.512+0000] {processor.py:161} INFO - Started process (PID=16804) to work on /opt/airflow/dags/main.py
[2025-12-28T14:22:51.514+0000] {processor.py:830} INFO - Processing file /opt/airflow/dags/main.py for tasks to queue
[2025-12-28T14:22:51.515+0000] {logging_mixin.py:188} INFO - [2025-12-28T14:22:51.515+0000] {dagbag.py:545} INFO - Filling up the DagBag from /opt/airflow/dags/main.py
[2025-12-28T14:22:51.670+0000] {processor.py:840} INFO - DAG(s) 'youtube_video_stats', 'update_db' retrieved from /opt/airflow/dags/main.py
[2025-12-28T14:22:51.720+0000] {logging_mixin.py:188} INFO - [2025-12-28T14:22:51.719+0000] {dag.py:3096} INFO - Sync 2 DAGs
[2025-12-28T14:22:51.758+0000] {logging_mixin.py:188} INFO - [2025-12-28T14:22:51.758+0000] {dag.py:3954} INFO - Setting next_dagrun for update_db to 2025-12-27 15:00:00+00:00, run_after=2025-12-28 15:00:00+00:00
[2025-12-28T14:22:51.766+0000] {logging_mixin.py:188} INFO - [2025-12-28T14:22:51.766+0000] {dag.py:3954} INFO - Setting next_dagrun for youtube_video_stats to 2025-12-28 14:00:00+00:00, run_after=2025-12-29 14:00:00+00:00
[2025-12-28T14:22:51.810+0000] {processor.py:183} INFO - Processing /opt/airflow/dags/main.py took 0.307 seconds
[2025-12-28T14:23:22.098+0000] {processor.py:161} INFO - Started process (PID=16811) to work on /opt/airflow/dags/main.py
[2025-12-28T14:23:22.100+0000] {processor.py:830} INFO - Processing file /opt/airflow/dags/main.py for tasks to queue
[2025-12-28T14:23:22.102+0000] {logging_mixin.py:188} INFO - [2025-12-28T14:23:22.102+0000] {dagbag.py:545} INFO - Filling up the DagBag from /opt/airflow/dags/main.py
[2025-12-28T14:23:22.265+0000] {processor.py:840} INFO - DAG(s) 'update_db', 'youtube_video_stats' retrieved from /opt/airflow/dags/main.py
[2025-12-28T14:23:22.318+0000] {logging_mixin.py:188} INFO - [2025-12-28T14:23:22.317+0000] {dag.py:3096} INFO - Sync 2 DAGs
[2025-12-28T14:23:22.359+0000] {logging_mixin.py:188} INFO - [2025-12-28T14:23:22.359+0000] {dag.py:3954} INFO - Setting next_dagrun for update_db to 2025-12-27 15:00:00+00:00, run_after=2025-12-28 15:00:00+00:00
[2025-12-28T14:23:22.369+0000] {logging_mixin.py:188} INFO - [2025-12-28T14:23:22.368+0000] {dag.py:3954} INFO - Setting next_dagrun for youtube_video_stats to 2025-12-28 14:00:00+00:00, run_after=2025-12-29 14:00:00+00:00
[2025-12-28T14:23:22.412+0000] {processor.py:183} INFO - Processing /opt/airflow/dags/main.py took 0.333 seconds
[2025-12-28T14:23:52.710+0000] {processor.py:161} INFO - Started process (PID=16818) to work on /opt/airflow/dags/main.py
[2025-12-28T14:23:52.713+0000] {processor.py:830} INFO - Processing file /opt/airflow/dags/main.py for tasks to queue
[2025-12-28T14:23:52.716+0000] {logging_mixin.py:188} INFO - [2025-12-28T14:23:52.715+0000] {dagbag.py:545} INFO - Filling up the DagBag from /opt/airflow/dags/main.py
[2025-12-28T14:23:52.967+0000] {processor.py:840} INFO - DAG(s) 'update_db', 'youtube_video_stats' retrieved from /opt/airflow/dags/main.py
[2025-12-28T14:23:53.040+0000] {logging_mixin.py:188} INFO - [2025-12-28T14:23:53.040+0000] {dag.py:3096} INFO - Sync 2 DAGs
[2025-12-28T14:23:53.088+0000] {logging_mixin.py:188} INFO - [2025-12-28T14:23:53.087+0000] {dag.py:3954} INFO - Setting next_dagrun for update_db to 2025-12-27 15:00:00+00:00, run_after=2025-12-28 15:00:00+00:00
[2025-12-28T14:23:53.111+0000] {logging_mixin.py:188} INFO - [2025-12-28T14:23:53.110+0000] {dag.py:3954} INFO - Setting next_dagrun for youtube_video_stats to 2025-12-28 14:00:00+00:00, run_after=2025-12-29 14:00:00+00:00
[2025-12-28T14:23:53.155+0000] {processor.py:183} INFO - Processing /opt/airflow/dags/main.py took 0.460 seconds
[2025-12-28T14:24:23.454+0000] {processor.py:161} INFO - Started process (PID=16825) to work on /opt/airflow/dags/main.py
[2025-12-28T14:24:23.456+0000] {processor.py:830} INFO - Processing file /opt/airflow/dags/main.py for tasks to queue
[2025-12-28T14:24:23.458+0000] {logging_mixin.py:188} INFO - [2025-12-28T14:24:23.457+0000] {dagbag.py:545} INFO - Filling up the DagBag from /opt/airflow/dags/main.py
[2025-12-28T14:24:23.613+0000] {processor.py:840} INFO - DAG(s) 'youtube_video_stats', 'update_db' retrieved from /opt/airflow/dags/main.py
[2025-12-28T14:24:23.667+0000] {logging_mixin.py:188} INFO - [2025-12-28T14:24:23.666+0000] {dag.py:3096} INFO - Sync 2 DAGs
[2025-12-28T14:24:23.703+0000] {logging_mixin.py:188} INFO - [2025-12-28T14:24:23.703+0000] {dag.py:3954} INFO - Setting next_dagrun for update_db to 2025-12-27 15:00:00+00:00, run_after=2025-12-28 15:00:00+00:00
[2025-12-28T14:24:23.712+0000] {logging_mixin.py:188} INFO - [2025-12-28T14:24:23.712+0000] {dag.py:3954} INFO - Setting next_dagrun for youtube_video_stats to 2025-12-28 14:00:00+00:00, run_after=2025-12-29 14:00:00+00:00
[2025-12-28T14:24:23.741+0000] {processor.py:183} INFO - Processing /opt/airflow/dags/main.py took 0.297 seconds
[2025-12-28T14:24:54.007+0000] {processor.py:161} INFO - Started process (PID=16832) to work on /opt/airflow/dags/main.py
[2025-12-28T14:24:54.010+0000] {processor.py:830} INFO - Processing file /opt/airflow/dags/main.py for tasks to queue
[2025-12-28T14:24:54.012+0000] {logging_mixin.py:188} INFO - [2025-12-28T14:24:54.011+0000] {dagbag.py:545} INFO - Filling up the DagBag from /opt/airflow/dags/main.py
[2025-12-28T14:24:54.227+0000] {processor.py:840} INFO - DAG(s) 'youtube_video_stats', 'update_db' retrieved from /opt/airflow/dags/main.py
[2025-12-28T14:24:54.296+0000] {logging_mixin.py:188} INFO - [2025-12-28T14:24:54.295+0000] {dag.py:3096} INFO - Sync 2 DAGs
[2025-12-28T14:24:54.341+0000] {logging_mixin.py:188} INFO - [2025-12-28T14:24:54.340+0000] {dag.py:3954} INFO - Setting next_dagrun for update_db to 2025-12-27 15:00:00+00:00, run_after=2025-12-28 15:00:00+00:00
[2025-12-28T14:24:54.351+0000] {logging_mixin.py:188} INFO - [2025-12-28T14:24:54.350+0000] {dag.py:3954} INFO - Setting next_dagrun for youtube_video_stats to 2025-12-28 14:00:00+00:00, run_after=2025-12-29 14:00:00+00:00
[2025-12-28T14:24:54.408+0000] {processor.py:183} INFO - Processing /opt/airflow/dags/main.py took 0.415 seconds
[2025-12-28T14:25:24.645+0000] {processor.py:161} INFO - Started process (PID=16839) to work on /opt/airflow/dags/main.py
[2025-12-28T14:25:24.647+0000] {processor.py:830} INFO - Processing file /opt/airflow/dags/main.py for tasks to queue
[2025-12-28T14:25:24.649+0000] {logging_mixin.py:188} INFO - [2025-12-28T14:25:24.648+0000] {dagbag.py:545} INFO - Filling up the DagBag from /opt/airflow/dags/main.py
[2025-12-28T14:25:24.787+0000] {processor.py:840} INFO - DAG(s) 'youtube_video_stats', 'update_db' retrieved from /opt/airflow/dags/main.py
[2025-12-28T14:25:24.833+0000] {logging_mixin.py:188} INFO - [2025-12-28T14:25:24.833+0000] {dag.py:3096} INFO - Sync 2 DAGs
[2025-12-28T14:25:24.867+0000] {logging_mixin.py:188} INFO - [2025-12-28T14:25:24.866+0000] {dag.py:3954} INFO - Setting next_dagrun for update_db to 2025-12-27 15:00:00+00:00, run_after=2025-12-28 15:00:00+00:00
[2025-12-28T14:25:24.876+0000] {logging_mixin.py:188} INFO - [2025-12-28T14:25:24.875+0000] {dag.py:3954} INFO - Setting next_dagrun for youtube_video_stats to 2025-12-28 14:00:00+00:00, run_after=2025-12-29 14:00:00+00:00
[2025-12-28T14:25:24.906+0000] {processor.py:183} INFO - Processing /opt/airflow/dags/main.py took 0.268 seconds
[2025-12-28T14:25:55.176+0000] {processor.py:161} INFO - Started process (PID=16847) to work on /opt/airflow/dags/main.py
[2025-12-28T14:25:55.178+0000] {processor.py:830} INFO - Processing file /opt/airflow/dags/main.py for tasks to queue
[2025-12-28T14:25:55.180+0000] {logging_mixin.py:188} INFO - [2025-12-28T14:25:55.180+0000] {dagbag.py:545} INFO - Filling up the DagBag from /opt/airflow/dags/main.py
[2025-12-28T14:25:55.374+0000] {processor.py:840} INFO - DAG(s) 'youtube_video_stats', 'update_db' retrieved from /opt/airflow/dags/main.py
[2025-12-28T14:25:55.441+0000] {logging_mixin.py:188} INFO - [2025-12-28T14:25:55.441+0000] {dag.py:3096} INFO - Sync 2 DAGs
[2025-12-28T14:25:55.488+0000] {logging_mixin.py:188} INFO - [2025-12-28T14:25:55.488+0000] {dag.py:3954} INFO - Setting next_dagrun for update_db to 2025-12-27 15:00:00+00:00, run_after=2025-12-28 15:00:00+00:00
[2025-12-28T14:25:55.501+0000] {logging_mixin.py:188} INFO - [2025-12-28T14:25:55.500+0000] {dag.py:3954} INFO - Setting next_dagrun for youtube_video_stats to 2025-12-28 14:00:00+00:00, run_after=2025-12-29 14:00:00+00:00
[2025-12-28T14:25:55.536+0000] {processor.py:183} INFO - Processing /opt/airflow/dags/main.py took 0.375 seconds
[2025-12-28T14:26:25.816+0000] {processor.py:161} INFO - Started process (PID=16854) to work on /opt/airflow/dags/main.py
[2025-12-28T14:26:25.818+0000] {processor.py:830} INFO - Processing file /opt/airflow/dags/main.py for tasks to queue
[2025-12-28T14:26:25.820+0000] {logging_mixin.py:188} INFO - [2025-12-28T14:26:25.819+0000] {dagbag.py:545} INFO - Filling up the DagBag from /opt/airflow/dags/main.py
[2025-12-28T14:26:26.041+0000] {processor.py:840} INFO - DAG(s) 'update_db', 'youtube_video_stats' retrieved from /opt/airflow/dags/main.py
[2025-12-28T14:26:26.110+0000] {logging_mixin.py:188} INFO - [2025-12-28T14:26:26.110+0000] {dag.py:3096} INFO - Sync 2 DAGs
[2025-12-28T14:26:26.158+0000] {logging_mixin.py:188} INFO - [2025-12-28T14:26:26.158+0000] {dag.py:3954} INFO - Setting next_dagrun for update_db to 2025-12-27 15:00:00+00:00, run_after=2025-12-28 15:00:00+00:00
[2025-12-28T14:26:26.169+0000] {logging_mixin.py:188} INFO - [2025-12-28T14:26:26.168+0000] {dag.py:3954} INFO - Setting next_dagrun for youtube_video_stats to 2025-12-28 14:00:00+00:00, run_after=2025-12-29 14:00:00+00:00
[2025-12-28T14:26:26.212+0000] {processor.py:183} INFO - Processing /opt/airflow/dags/main.py took 0.409 seconds
[2025-12-28T14:26:59.081+0000] {processor.py:161} INFO - Started process (PID=16861) to work on /opt/airflow/dags/main.py
[2025-12-28T14:26:59.095+0000] {processor.py:830} INFO - Processing file /opt/airflow/dags/main.py for tasks to queue
[2025-12-28T14:26:59.100+0000] {logging_mixin.py:188} INFO - [2025-12-28T14:26:59.100+0000] {dagbag.py:545} INFO - Filling up the DagBag from /opt/airflow/dags/main.py
[2025-12-28T14:26:59.245+0000] {processor.py:840} INFO - DAG(s) 'youtube_video_stats', 'update_db' retrieved from /opt/airflow/dags/main.py
[2025-12-28T14:26:59.281+0000] {logging_mixin.py:188} INFO - [2025-12-28T14:26:59.281+0000] {dag.py:3096} INFO - Sync 2 DAGs
[2025-12-28T14:26:59.314+0000] {logging_mixin.py:188} INFO - [2025-12-28T14:26:59.314+0000] {dag.py:3954} INFO - Setting next_dagrun for update_db to 2025-12-27 15:00:00+00:00, run_after=2025-12-28 15:00:00+00:00
[2025-12-28T14:26:59.320+0000] {logging_mixin.py:188} INFO - [2025-12-28T14:26:59.320+0000] {dag.py:3954} INFO - Setting next_dagrun for youtube_video_stats to 2025-12-28 14:00:00+00:00, run_after=2025-12-29 14:00:00+00:00
[2025-12-28T14:27:02.556+0000] {processor.py:183} INFO - Processing /opt/airflow/dags/main.py took 3.494 seconds
[2025-12-28T14:27:33.998+0000] {processor.py:161} INFO - Started process (PID=16868) to work on /opt/airflow/dags/main.py
[2025-12-28T14:27:34.001+0000] {processor.py:830} INFO - Processing file /opt/airflow/dags/main.py for tasks to queue
[2025-12-28T14:27:34.010+0000] {logging_mixin.py:188} INFO - [2025-12-28T14:27:34.007+0000] {dagbag.py:545} INFO - Filling up the DagBag from /opt/airflow/dags/main.py
[2025-12-28T14:27:34.304+0000] {processor.py:840} INFO - DAG(s) 'youtube_video_stats', 'update_db' retrieved from /opt/airflow/dags/main.py
[2025-12-28T14:27:34.403+0000] {logging_mixin.py:188} INFO - [2025-12-28T14:27:34.402+0000] {dag.py:3096} INFO - Sync 2 DAGs
[2025-12-28T14:27:34.470+0000] {logging_mixin.py:188} INFO - [2025-12-28T14:27:34.469+0000] {dag.py:3954} INFO - Setting next_dagrun for update_db to 2025-12-27 15:00:00+00:00, run_after=2025-12-28 15:00:00+00:00
[2025-12-28T14:27:34.487+0000] {logging_mixin.py:188} INFO - [2025-12-28T14:27:34.486+0000] {dag.py:3954} INFO - Setting next_dagrun for youtube_video_stats to 2025-12-28 14:00:00+00:00, run_after=2025-12-29 14:00:00+00:00
[2025-12-28T14:27:34.539+0000] {processor.py:183} INFO - Processing /opt/airflow/dags/main.py took 0.576 seconds
[2025-12-28T14:28:04.801+0000] {processor.py:161} INFO - Started process (PID=16875) to work on /opt/airflow/dags/main.py
[2025-12-28T14:28:04.803+0000] {processor.py:830} INFO - Processing file /opt/airflow/dags/main.py for tasks to queue
[2025-12-28T14:28:04.804+0000] {logging_mixin.py:188} INFO - [2025-12-28T14:28:04.803+0000] {dagbag.py:545} INFO - Filling up the DagBag from /opt/airflow/dags/main.py
[2025-12-28T14:28:04.973+0000] {processor.py:840} INFO - DAG(s) 'youtube_video_stats', 'update_db' retrieved from /opt/airflow/dags/main.py
[2025-12-28T14:28:05.021+0000] {logging_mixin.py:188} INFO - [2025-12-28T14:28:05.021+0000] {dag.py:3096} INFO - Sync 2 DAGs
[2025-12-28T14:28:05.058+0000] {logging_mixin.py:188} INFO - [2025-12-28T14:28:05.057+0000] {dag.py:3954} INFO - Setting next_dagrun for update_db to 2025-12-27 15:00:00+00:00, run_after=2025-12-28 15:00:00+00:00
[2025-12-28T14:28:05.066+0000] {logging_mixin.py:188} INFO - [2025-12-28T14:28:05.066+0000] {dag.py:3954} INFO - Setting next_dagrun for youtube_video_stats to 2025-12-28 14:00:00+00:00, run_after=2025-12-29 14:00:00+00:00
[2025-12-28T14:28:05.126+0000] {processor.py:183} INFO - Processing /opt/airflow/dags/main.py took 0.333 seconds
[2025-12-28T14:28:35.387+0000] {processor.py:161} INFO - Started process (PID=16882) to work on /opt/airflow/dags/main.py
[2025-12-28T14:28:35.389+0000] {processor.py:830} INFO - Processing file /opt/airflow/dags/main.py for tasks to queue
[2025-12-28T14:28:35.391+0000] {logging_mixin.py:188} INFO - [2025-12-28T14:28:35.390+0000] {dagbag.py:545} INFO - Filling up the DagBag from /opt/airflow/dags/main.py
[2025-12-28T14:28:35.521+0000] {processor.py:840} INFO - DAG(s) 'update_db', 'youtube_video_stats' retrieved from /opt/airflow/dags/main.py
[2025-12-28T14:28:35.565+0000] {logging_mixin.py:188} INFO - [2025-12-28T14:28:35.565+0000] {dag.py:3096} INFO - Sync 2 DAGs
[2025-12-28T14:28:35.600+0000] {logging_mixin.py:188} INFO - [2025-12-28T14:28:35.599+0000] {dag.py:3954} INFO - Setting next_dagrun for update_db to 2025-12-27 15:00:00+00:00, run_after=2025-12-28 15:00:00+00:00
[2025-12-28T14:28:35.607+0000] {logging_mixin.py:188} INFO - [2025-12-28T14:28:35.607+0000] {dag.py:3954} INFO - Setting next_dagrun for youtube_video_stats to 2025-12-28 14:00:00+00:00, run_after=2025-12-29 14:00:00+00:00
[2025-12-28T14:28:35.635+0000] {processor.py:183} INFO - Processing /opt/airflow/dags/main.py took 0.257 seconds
[2025-12-28T14:29:05.740+0000] {processor.py:161} INFO - Started process (PID=16889) to work on /opt/airflow/dags/main.py
[2025-12-28T14:29:05.743+0000] {processor.py:830} INFO - Processing file /opt/airflow/dags/main.py for tasks to queue
[2025-12-28T14:29:05.746+0000] {logging_mixin.py:188} INFO - [2025-12-28T14:29:05.745+0000] {dagbag.py:545} INFO - Filling up the DagBag from /opt/airflow/dags/main.py
[2025-12-28T14:29:06.084+0000] {processor.py:840} INFO - DAG(s) 'update_db', 'youtube_video_stats' retrieved from /opt/airflow/dags/main.py
[2025-12-28T14:29:06.134+0000] {logging_mixin.py:188} INFO - [2025-12-28T14:29:06.133+0000] {dag.py:3096} INFO - Sync 2 DAGs
[2025-12-28T14:29:06.169+0000] {logging_mixin.py:188} INFO - [2025-12-28T14:29:06.169+0000] {dag.py:3954} INFO - Setting next_dagrun for update_db to 2025-12-27 15:00:00+00:00, run_after=2025-12-28 15:00:00+00:00
[2025-12-28T14:29:06.178+0000] {logging_mixin.py:188} INFO - [2025-12-28T14:29:06.178+0000] {dag.py:3954} INFO - Setting next_dagrun for youtube_video_stats to 2025-12-28 14:00:00+00:00, run_after=2025-12-29 14:00:00+00:00
[2025-12-28T14:29:06.301+0000] {processor.py:183} INFO - Processing /opt/airflow/dags/main.py took 0.571 seconds
[2025-12-28T14:29:38.819+0000] {processor.py:161} INFO - Started process (PID=16897) to work on /opt/airflow/dags/main.py
[2025-12-28T14:29:38.920+0000] {processor.py:830} INFO - Processing file /opt/airflow/dags/main.py for tasks to queue
[2025-12-28T14:29:38.927+0000] {logging_mixin.py:188} INFO - [2025-12-28T14:29:38.926+0000] {dagbag.py:545} INFO - Filling up the DagBag from /opt/airflow/dags/main.py
[2025-12-28T14:29:39.183+0000] {processor.py:840} INFO - DAG(s) 'update_db', 'youtube_video_stats' retrieved from /opt/airflow/dags/main.py
[2025-12-28T14:29:39.257+0000] {logging_mixin.py:188} INFO - [2025-12-28T14:29:39.257+0000] {dag.py:3096} INFO - Sync 2 DAGs
[2025-12-28T14:29:39.313+0000] {logging_mixin.py:188} INFO - [2025-12-28T14:29:39.313+0000] {dag.py:3954} INFO - Setting next_dagrun for update_db to 2025-12-27 15:00:00+00:00, run_after=2025-12-28 15:00:00+00:00
[2025-12-28T14:29:39.327+0000] {logging_mixin.py:188} INFO - [2025-12-28T14:29:39.326+0000] {dag.py:3954} INFO - Setting next_dagrun for youtube_video_stats to 2025-12-28 14:00:00+00:00, run_after=2025-12-29 14:00:00+00:00
[2025-12-28T14:29:39.366+0000] {processor.py:183} INFO - Processing /opt/airflow/dags/main.py took 1.762 seconds
[2025-12-28T14:30:09.671+0000] {processor.py:161} INFO - Started process (PID=16904) to work on /opt/airflow/dags/main.py
[2025-12-28T14:30:09.673+0000] {processor.py:830} INFO - Processing file /opt/airflow/dags/main.py for tasks to queue
[2025-12-28T14:30:09.675+0000] {logging_mixin.py:188} INFO - [2025-12-28T14:30:09.674+0000] {dagbag.py:545} INFO - Filling up the DagBag from /opt/airflow/dags/main.py
[2025-12-28T14:30:09.851+0000] {processor.py:840} INFO - DAG(s) 'youtube_video_stats', 'update_db' retrieved from /opt/airflow/dags/main.py
[2025-12-28T14:30:09.918+0000] {logging_mixin.py:188} INFO - [2025-12-28T14:30:09.918+0000] {dag.py:3096} INFO - Sync 2 DAGs
[2025-12-28T14:30:09.959+0000] {logging_mixin.py:188} INFO - [2025-12-28T14:30:09.959+0000] {dag.py:3954} INFO - Setting next_dagrun for update_db to 2025-12-27 15:00:00+00:00, run_after=2025-12-28 15:00:00+00:00
[2025-12-28T14:30:09.969+0000] {logging_mixin.py:188} INFO - [2025-12-28T14:30:09.969+0000] {dag.py:3954} INFO - Setting next_dagrun for youtube_video_stats to 2025-12-28 14:00:00+00:00, run_after=2025-12-29 14:00:00+00:00
[2025-12-28T14:30:10.004+0000] {processor.py:183} INFO - Processing /opt/airflow/dags/main.py took 0.353 seconds
[2025-12-28T14:30:40.285+0000] {processor.py:161} INFO - Started process (PID=16911) to work on /opt/airflow/dags/main.py
[2025-12-28T14:30:40.287+0000] {processor.py:830} INFO - Processing file /opt/airflow/dags/main.py for tasks to queue
[2025-12-28T14:30:40.288+0000] {logging_mixin.py:188} INFO - [2025-12-28T14:30:40.288+0000] {dagbag.py:545} INFO - Filling up the DagBag from /opt/airflow/dags/main.py
[2025-12-28T14:30:40.449+0000] {processor.py:840} INFO - DAG(s) 'update_db', 'youtube_video_stats' retrieved from /opt/airflow/dags/main.py
[2025-12-28T14:30:40.491+0000] {logging_mixin.py:188} INFO - [2025-12-28T14:30:40.491+0000] {dag.py:3096} INFO - Sync 2 DAGs
[2025-12-28T14:30:40.531+0000] {logging_mixin.py:188} INFO - [2025-12-28T14:30:40.531+0000] {dag.py:3954} INFO - Setting next_dagrun for update_db to 2025-12-27 15:00:00+00:00, run_after=2025-12-28 15:00:00+00:00
[2025-12-28T14:30:40.540+0000] {logging_mixin.py:188} INFO - [2025-12-28T14:30:40.539+0000] {dag.py:3954} INFO - Setting next_dagrun for youtube_video_stats to 2025-12-28 14:00:00+00:00, run_after=2025-12-29 14:00:00+00:00
[2025-12-28T14:30:40.603+0000] {processor.py:183} INFO - Processing /opt/airflow/dags/main.py took 0.328 seconds
[2025-12-28T14:31:10.899+0000] {processor.py:161} INFO - Started process (PID=16919) to work on /opt/airflow/dags/main.py
[2025-12-28T14:31:10.902+0000] {processor.py:830} INFO - Processing file /opt/airflow/dags/main.py for tasks to queue
[2025-12-28T14:31:10.904+0000] {logging_mixin.py:188} INFO - [2025-12-28T14:31:10.903+0000] {dagbag.py:545} INFO - Filling up the DagBag from /opt/airflow/dags/main.py
[2025-12-28T14:31:11.081+0000] {processor.py:840} INFO - DAG(s) 'update_db', 'youtube_video_stats' retrieved from /opt/airflow/dags/main.py
[2025-12-28T14:31:11.143+0000] {logging_mixin.py:188} INFO - [2025-12-28T14:31:11.142+0000] {dag.py:3096} INFO - Sync 2 DAGs
[2025-12-28T14:31:11.183+0000] {logging_mixin.py:188} INFO - [2025-12-28T14:31:11.183+0000] {dag.py:3954} INFO - Setting next_dagrun for update_db to 2025-12-27 15:00:00+00:00, run_after=2025-12-28 15:00:00+00:00
[2025-12-28T14:31:11.193+0000] {logging_mixin.py:188} INFO - [2025-12-28T14:31:11.192+0000] {dag.py:3954} INFO - Setting next_dagrun for youtube_video_stats to 2025-12-28 14:00:00+00:00, run_after=2025-12-29 14:00:00+00:00
[2025-12-28T14:31:11.222+0000] {processor.py:183} INFO - Processing /opt/airflow/dags/main.py took 0.340 seconds
[2025-12-28T14:31:42.200+0000] {processor.py:161} INFO - Started process (PID=16927) to work on /opt/airflow/dags/main.py
[2025-12-28T14:31:42.203+0000] {processor.py:830} INFO - Processing file /opt/airflow/dags/main.py for tasks to queue
[2025-12-28T14:31:42.206+0000] {logging_mixin.py:188} INFO - [2025-12-28T14:31:42.206+0000] {dagbag.py:545} INFO - Filling up the DagBag from /opt/airflow/dags/main.py
[2025-12-28T14:31:42.490+0000] {processor.py:840} INFO - DAG(s) 'update_db', 'youtube_video_stats' retrieved from /opt/airflow/dags/main.py
[2025-12-28T14:31:42.578+0000] {logging_mixin.py:188} INFO - [2025-12-28T14:31:42.577+0000] {dag.py:3096} INFO - Sync 2 DAGs
[2025-12-28T14:31:42.637+0000] {logging_mixin.py:188} INFO - [2025-12-28T14:31:42.636+0000] {dag.py:3954} INFO - Setting next_dagrun for update_db to 2025-12-27 15:00:00+00:00, run_after=2025-12-28 15:00:00+00:00
[2025-12-28T14:31:42.651+0000] {logging_mixin.py:188} INFO - [2025-12-28T14:31:42.650+0000] {dag.py:3954} INFO - Setting next_dagrun for youtube_video_stats to 2025-12-28 14:00:00+00:00, run_after=2025-12-29 14:00:00+00:00
[2025-12-28T14:31:42.693+0000] {processor.py:183} INFO - Processing /opt/airflow/dags/main.py took 0.511 seconds
[2025-12-28T14:32:13.388+0000] {processor.py:161} INFO - Started process (PID=16934) to work on /opt/airflow/dags/main.py
[2025-12-28T14:32:13.390+0000] {processor.py:830} INFO - Processing file /opt/airflow/dags/main.py for tasks to queue
[2025-12-28T14:32:13.392+0000] {logging_mixin.py:188} INFO - [2025-12-28T14:32:13.392+0000] {dagbag.py:545} INFO - Filling up the DagBag from /opt/airflow/dags/main.py
[2025-12-28T14:32:13.585+0000] {processor.py:840} INFO - DAG(s) 'youtube_video_stats', 'update_db' retrieved from /opt/airflow/dags/main.py
[2025-12-28T14:32:13.648+0000] {logging_mixin.py:188} INFO - [2025-12-28T14:32:13.647+0000] {dag.py:3096} INFO - Sync 2 DAGs
[2025-12-28T14:32:13.692+0000] {logging_mixin.py:188} INFO - [2025-12-28T14:32:13.692+0000] {dag.py:3954} INFO - Setting next_dagrun for update_db to 2025-12-27 15:00:00+00:00, run_after=2025-12-28 15:00:00+00:00
[2025-12-28T14:32:13.702+0000] {logging_mixin.py:188} INFO - [2025-12-28T14:32:13.702+0000] {dag.py:3954} INFO - Setting next_dagrun for youtube_video_stats to 2025-12-28 14:00:00+00:00, run_after=2025-12-29 14:00:00+00:00
[2025-12-28T14:32:13.738+0000] {processor.py:183} INFO - Processing /opt/airflow/dags/main.py took 0.361 seconds
[2025-12-28T14:32:44.076+0000] {processor.py:161} INFO - Started process (PID=16941) to work on /opt/airflow/dags/main.py
[2025-12-28T14:32:44.087+0000] {processor.py:830} INFO - Processing file /opt/airflow/dags/main.py for tasks to queue
[2025-12-28T14:32:44.090+0000] {logging_mixin.py:188} INFO - [2025-12-28T14:32:44.090+0000] {dagbag.py:545} INFO - Filling up the DagBag from /opt/airflow/dags/main.py
[2025-12-28T14:32:44.328+0000] {processor.py:840} INFO - DAG(s) 'update_db', 'youtube_video_stats' retrieved from /opt/airflow/dags/main.py
[2025-12-28T14:32:44.402+0000] {logging_mixin.py:188} INFO - [2025-12-28T14:32:44.401+0000] {dag.py:3096} INFO - Sync 2 DAGs
[2025-12-28T14:32:44.451+0000] {logging_mixin.py:188} INFO - [2025-12-28T14:32:44.451+0000] {dag.py:3954} INFO - Setting next_dagrun for update_db to 2025-12-27 15:00:00+00:00, run_after=2025-12-28 15:00:00+00:00
[2025-12-28T14:32:44.462+0000] {logging_mixin.py:188} INFO - [2025-12-28T14:32:44.462+0000] {dag.py:3954} INFO - Setting next_dagrun for youtube_video_stats to 2025-12-28 14:00:00+00:00, run_after=2025-12-29 14:00:00+00:00
[2025-12-28T14:32:44.497+0000] {processor.py:183} INFO - Processing /opt/airflow/dags/main.py took 0.437 seconds
[2025-12-28T14:33:14.808+0000] {processor.py:161} INFO - Started process (PID=16948) to work on /opt/airflow/dags/main.py
[2025-12-28T14:33:14.811+0000] {processor.py:830} INFO - Processing file /opt/airflow/dags/main.py for tasks to queue
[2025-12-28T14:33:14.814+0000] {logging_mixin.py:188} INFO - [2025-12-28T14:33:14.813+0000] {dagbag.py:545} INFO - Filling up the DagBag from /opt/airflow/dags/main.py
[2025-12-28T14:33:15.075+0000] {processor.py:840} INFO - DAG(s) 'youtube_video_stats', 'update_db' retrieved from /opt/airflow/dags/main.py
[2025-12-28T14:33:15.165+0000] {logging_mixin.py:188} INFO - [2025-12-28T14:33:15.164+0000] {dag.py:3096} INFO - Sync 2 DAGs
[2025-12-28T14:33:15.226+0000] {logging_mixin.py:188} INFO - [2025-12-28T14:33:15.225+0000] {dag.py:3954} INFO - Setting next_dagrun for update_db to 2025-12-27 15:00:00+00:00, run_after=2025-12-28 15:00:00+00:00
[2025-12-28T14:33:15.244+0000] {logging_mixin.py:188} INFO - [2025-12-28T14:33:15.244+0000] {dag.py:3954} INFO - Setting next_dagrun for youtube_video_stats to 2025-12-28 14:00:00+00:00, run_after=2025-12-29 14:00:00+00:00
[2025-12-28T14:33:15.290+0000] {processor.py:183} INFO - Processing /opt/airflow/dags/main.py took 0.504 seconds
[2025-12-28T14:33:45.563+0000] {processor.py:161} INFO - Started process (PID=16955) to work on /opt/airflow/dags/main.py
[2025-12-28T14:33:45.565+0000] {processor.py:830} INFO - Processing file /opt/airflow/dags/main.py for tasks to queue
[2025-12-28T14:33:45.568+0000] {logging_mixin.py:188} INFO - [2025-12-28T14:33:45.567+0000] {dagbag.py:545} INFO - Filling up the DagBag from /opt/airflow/dags/main.py
[2025-12-28T14:33:45.753+0000] {processor.py:840} INFO - DAG(s) 'update_db', 'youtube_video_stats' retrieved from /opt/airflow/dags/main.py
[2025-12-28T14:33:45.806+0000] {logging_mixin.py:188} INFO - [2025-12-28T14:33:45.806+0000] {dag.py:3096} INFO - Sync 2 DAGs
[2025-12-28T14:33:45.848+0000] {logging_mixin.py:188} INFO - [2025-12-28T14:33:45.847+0000] {dag.py:3954} INFO - Setting next_dagrun for update_db to 2025-12-27 15:00:00+00:00, run_after=2025-12-28 15:00:00+00:00
[2025-12-28T14:33:45.858+0000] {logging_mixin.py:188} INFO - [2025-12-28T14:33:45.858+0000] {dag.py:3954} INFO - Setting next_dagrun for youtube_video_stats to 2025-12-28 14:00:00+00:00, run_after=2025-12-29 14:00:00+00:00
[2025-12-28T14:33:45.896+0000] {processor.py:183} INFO - Processing /opt/airflow/dags/main.py took 0.343 seconds
[2025-12-28T14:34:16.157+0000] {processor.py:161} INFO - Started process (PID=16962) to work on /opt/airflow/dags/main.py
[2025-12-28T14:34:16.159+0000] {processor.py:830} INFO - Processing file /opt/airflow/dags/main.py for tasks to queue
[2025-12-28T14:34:16.161+0000] {logging_mixin.py:188} INFO - [2025-12-28T14:34:16.161+0000] {dagbag.py:545} INFO - Filling up the DagBag from /opt/airflow/dags/main.py
[2025-12-28T14:34:16.333+0000] {processor.py:840} INFO - DAG(s) 'youtube_video_stats', 'update_db' retrieved from /opt/airflow/dags/main.py
[2025-12-28T14:34:16.388+0000] {logging_mixin.py:188} INFO - [2025-12-28T14:34:16.388+0000] {dag.py:3096} INFO - Sync 2 DAGs
[2025-12-28T14:34:16.430+0000] {logging_mixin.py:188} INFO - [2025-12-28T14:34:16.430+0000] {dag.py:3954} INFO - Setting next_dagrun for update_db to 2025-12-27 15:00:00+00:00, run_after=2025-12-28 15:00:00+00:00
[2025-12-28T14:34:16.439+0000] {logging_mixin.py:188} INFO - [2025-12-28T14:34:16.439+0000] {dag.py:3954} INFO - Setting next_dagrun for youtube_video_stats to 2025-12-28 14:00:00+00:00, run_after=2025-12-29 14:00:00+00:00
[2025-12-28T14:34:16.479+0000] {processor.py:183} INFO - Processing /opt/airflow/dags/main.py took 0.335 seconds
[2025-12-28T14:34:46.723+0000] {processor.py:161} INFO - Started process (PID=16969) to work on /opt/airflow/dags/main.py
[2025-12-28T14:34:46.725+0000] {processor.py:830} INFO - Processing file /opt/airflow/dags/main.py for tasks to queue
[2025-12-28T14:34:46.726+0000] {logging_mixin.py:188} INFO - [2025-12-28T14:34:46.726+0000] {dagbag.py:545} INFO - Filling up the DagBag from /opt/airflow/dags/main.py
[2025-12-28T14:34:46.866+0000] {processor.py:840} INFO - DAG(s) 'update_db', 'youtube_video_stats' retrieved from /opt/airflow/dags/main.py
[2025-12-28T14:34:46.925+0000] {logging_mixin.py:188} INFO - [2025-12-28T14:34:46.925+0000] {dag.py:3096} INFO - Sync 2 DAGs
[2025-12-28T14:34:46.963+0000] {logging_mixin.py:188} INFO - [2025-12-28T14:34:46.962+0000] {dag.py:3954} INFO - Setting next_dagrun for update_db to 2025-12-27 15:00:00+00:00, run_after=2025-12-28 15:00:00+00:00
[2025-12-28T14:34:46.971+0000] {logging_mixin.py:188} INFO - [2025-12-28T14:34:46.970+0000] {dag.py:3954} INFO - Setting next_dagrun for youtube_video_stats to 2025-12-28 14:00:00+00:00, run_after=2025-12-29 14:00:00+00:00
[2025-12-28T14:34:47.006+0000] {processor.py:183} INFO - Processing /opt/airflow/dags/main.py took 0.296 seconds
[2025-12-28T14:35:17.254+0000] {processor.py:161} INFO - Started process (PID=16976) to work on /opt/airflow/dags/main.py
[2025-12-28T14:35:17.256+0000] {processor.py:830} INFO - Processing file /opt/airflow/dags/main.py for tasks to queue
[2025-12-28T14:35:17.257+0000] {logging_mixin.py:188} INFO - [2025-12-28T14:35:17.257+0000] {dagbag.py:545} INFO - Filling up the DagBag from /opt/airflow/dags/main.py
[2025-12-28T14:35:17.408+0000] {processor.py:840} INFO - DAG(s) 'youtube_video_stats', 'update_db' retrieved from /opt/airflow/dags/main.py
[2025-12-28T14:35:17.458+0000] {logging_mixin.py:188} INFO - [2025-12-28T14:35:17.458+0000] {dag.py:3096} INFO - Sync 2 DAGs
[2025-12-28T14:35:17.506+0000] {logging_mixin.py:188} INFO - [2025-12-28T14:35:17.506+0000] {dag.py:3954} INFO - Setting next_dagrun for update_db to 2025-12-27 15:00:00+00:00, run_after=2025-12-28 15:00:00+00:00
[2025-12-28T14:35:17.517+0000] {logging_mixin.py:188} INFO - [2025-12-28T14:35:17.517+0000] {dag.py:3954} INFO - Setting next_dagrun for youtube_video_stats to 2025-12-28 14:00:00+00:00, run_after=2025-12-29 14:00:00+00:00
[2025-12-28T14:35:17.552+0000] {processor.py:183} INFO - Processing /opt/airflow/dags/main.py took 0.307 seconds
[2025-12-28T14:35:47.806+0000] {processor.py:161} INFO - Started process (PID=16989) to work on /opt/airflow/dags/main.py
[2025-12-28T14:35:47.808+0000] {processor.py:830} INFO - Processing file /opt/airflow/dags/main.py for tasks to queue
[2025-12-28T14:35:47.810+0000] {logging_mixin.py:188} INFO - [2025-12-28T14:35:47.810+0000] {dagbag.py:545} INFO - Filling up the DagBag from /opt/airflow/dags/main.py
[2025-12-28T14:35:47.980+0000] {processor.py:840} INFO - DAG(s) 'youtube_video_stats', 'update_db' retrieved from /opt/airflow/dags/main.py
[2025-12-28T14:35:48.034+0000] {logging_mixin.py:188} INFO - [2025-12-28T14:35:48.033+0000] {dag.py:3096} INFO - Sync 2 DAGs
[2025-12-28T14:35:48.074+0000] {logging_mixin.py:188} INFO - [2025-12-28T14:35:48.074+0000] {dag.py:3954} INFO - Setting next_dagrun for update_db to 2025-12-27 15:00:00+00:00, run_after=2025-12-28 15:00:00+00:00
[2025-12-28T14:35:48.084+0000] {logging_mixin.py:188} INFO - [2025-12-28T14:35:48.083+0000] {dag.py:3954} INFO - Setting next_dagrun for youtube_video_stats to 2025-12-28 14:00:00+00:00, run_after=2025-12-29 14:00:00+00:00
[2025-12-28T14:35:48.114+0000] {processor.py:183} INFO - Processing /opt/airflow/dags/main.py took 0.317 seconds
[2025-12-28T14:36:18.356+0000] {processor.py:161} INFO - Started process (PID=16996) to work on /opt/airflow/dags/main.py
[2025-12-28T14:36:18.357+0000] {processor.py:830} INFO - Processing file /opt/airflow/dags/main.py for tasks to queue
[2025-12-28T14:36:18.358+0000] {logging_mixin.py:188} INFO - [2025-12-28T14:36:18.358+0000] {dagbag.py:545} INFO - Filling up the DagBag from /opt/airflow/dags/main.py
[2025-12-28T14:36:18.489+0000] {processor.py:840} INFO - DAG(s) 'youtube_video_stats', 'update_db' retrieved from /opt/airflow/dags/main.py
[2025-12-28T14:36:18.530+0000] {logging_mixin.py:188} INFO - [2025-12-28T14:36:18.529+0000] {dag.py:3096} INFO - Sync 2 DAGs
[2025-12-28T14:36:18.562+0000] {logging_mixin.py:188} INFO - [2025-12-28T14:36:18.562+0000] {dag.py:3954} INFO - Setting next_dagrun for update_db to 2025-12-27 15:00:00+00:00, run_after=2025-12-28 15:00:00+00:00
[2025-12-28T14:36:18.572+0000] {logging_mixin.py:188} INFO - [2025-12-28T14:36:18.572+0000] {dag.py:3954} INFO - Setting next_dagrun for youtube_video_stats to 2025-12-28 14:00:00+00:00, run_after=2025-12-29 14:00:00+00:00
[2025-12-28T14:36:18.597+0000] {processor.py:183} INFO - Processing /opt/airflow/dags/main.py took 0.248 seconds
[2025-12-28T14:36:48.916+0000] {processor.py:161} INFO - Started process (PID=17003) to work on /opt/airflow/dags/main.py
[2025-12-28T14:36:48.919+0000] {processor.py:830} INFO - Processing file /opt/airflow/dags/main.py for tasks to queue
[2025-12-28T14:36:48.921+0000] {logging_mixin.py:188} INFO - [2025-12-28T14:36:48.921+0000] {dagbag.py:545} INFO - Filling up the DagBag from /opt/airflow/dags/main.py
[2025-12-28T14:36:49.184+0000] {processor.py:840} INFO - DAG(s) 'youtube_video_stats', 'update_db' retrieved from /opt/airflow/dags/main.py
[2025-12-28T14:36:49.316+0000] {logging_mixin.py:188} INFO - [2025-12-28T14:36:49.315+0000] {dag.py:3096} INFO - Sync 2 DAGs
[2025-12-28T14:36:49.444+0000] {logging_mixin.py:188} INFO - [2025-12-28T14:36:49.444+0000] {dag.py:3954} INFO - Setting next_dagrun for update_db to 2025-12-27 15:00:00+00:00, run_after=2025-12-28 15:00:00+00:00
[2025-12-28T14:36:49.476+0000] {logging_mixin.py:188} INFO - [2025-12-28T14:36:49.475+0000] {dag.py:3954} INFO - Setting next_dagrun for youtube_video_stats to 2025-12-28 14:00:00+00:00, run_after=2025-12-29 14:00:00+00:00
[2025-12-28T14:36:49.561+0000] {processor.py:183} INFO - Processing /opt/airflow/dags/main.py took 0.660 seconds
[2025-12-28T14:37:20.123+0000] {processor.py:161} INFO - Started process (PID=17010) to work on /opt/airflow/dags/main.py
[2025-12-28T14:37:20.125+0000] {processor.py:830} INFO - Processing file /opt/airflow/dags/main.py for tasks to queue
[2025-12-28T14:37:20.127+0000] {logging_mixin.py:188} INFO - [2025-12-28T14:37:20.126+0000] {dagbag.py:545} INFO - Filling up the DagBag from /opt/airflow/dags/main.py
[2025-12-28T14:37:20.330+0000] {processor.py:840} INFO - DAG(s) 'update_db', 'youtube_video_stats' retrieved from /opt/airflow/dags/main.py
[2025-12-28T14:37:20.388+0000] {logging_mixin.py:188} INFO - [2025-12-28T14:37:20.387+0000] {dag.py:3096} INFO - Sync 2 DAGs
[2025-12-28T14:37:20.433+0000] {logging_mixin.py:188} INFO - [2025-12-28T14:37:20.432+0000] {dag.py:3954} INFO - Setting next_dagrun for update_db to 2025-12-27 15:00:00+00:00, run_after=2025-12-28 15:00:00+00:00
[2025-12-28T14:37:20.443+0000] {logging_mixin.py:188} INFO - [2025-12-28T14:37:20.443+0000] {dag.py:3954} INFO - Setting next_dagrun for youtube_video_stats to 2025-12-28 14:00:00+00:00, run_after=2025-12-29 14:00:00+00:00
[2025-12-28T14:37:20.479+0000] {processor.py:183} INFO - Processing /opt/airflow/dags/main.py took 0.368 seconds
[2025-12-28T14:37:51.805+0000] {processor.py:161} INFO - Started process (PID=17018) to work on /opt/airflow/dags/main.py
[2025-12-28T14:37:51.833+0000] {processor.py:830} INFO - Processing file /opt/airflow/dags/main.py for tasks to queue
[2025-12-28T14:37:51.848+0000] {logging_mixin.py:188} INFO - [2025-12-28T14:37:51.846+0000] {dagbag.py:545} INFO - Filling up the DagBag from /opt/airflow/dags/main.py
[2025-12-28T14:37:53.126+0000] {processor.py:840} INFO - DAG(s) 'youtube_video_stats', 'update_db' retrieved from /opt/airflow/dags/main.py
[2025-12-28T14:37:53.626+0000] {logging_mixin.py:188} INFO - [2025-12-28T14:37:53.624+0000] {dag.py:3096} INFO - Sync 2 DAGs
[2025-12-28T14:37:54.095+0000] {logging_mixin.py:188} INFO - [2025-12-28T14:37:54.093+0000] {dag.py:3954} INFO - Setting next_dagrun for update_db to 2025-12-27 15:00:00+00:00, run_after=2025-12-28 15:00:00+00:00
[2025-12-28T14:37:54.207+0000] {logging_mixin.py:188} INFO - [2025-12-28T14:37:54.206+0000] {dag.py:3954} INFO - Setting next_dagrun for youtube_video_stats to 2025-12-28 14:00:00+00:00, run_after=2025-12-29 14:00:00+00:00
[2025-12-28T14:37:54.481+0000] {processor.py:183} INFO - Processing /opt/airflow/dags/main.py took 2.806 seconds
[2025-12-28T14:38:25.435+0000] {processor.py:161} INFO - Started process (PID=17025) to work on /opt/airflow/dags/main.py
[2025-12-28T14:38:25.469+0000] {processor.py:830} INFO - Processing file /opt/airflow/dags/main.py for tasks to queue
[2025-12-28T14:38:25.489+0000] {logging_mixin.py:188} INFO - [2025-12-28T14:38:25.486+0000] {dagbag.py:545} INFO - Filling up the DagBag from /opt/airflow/dags/main.py
[2025-12-28T14:38:28.104+0000] {processor.py:840} INFO - DAG(s) 'update_db', 'youtube_video_stats' retrieved from /opt/airflow/dags/main.py
[2025-12-28T14:38:28.706+0000] {logging_mixin.py:188} INFO - [2025-12-28T14:38:28.704+0000] {dag.py:3096} INFO - Sync 2 DAGs
[2025-12-28T14:38:29.246+0000] {logging_mixin.py:188} INFO - [2025-12-28T14:38:29.241+0000] {dag.py:3954} INFO - Setting next_dagrun for update_db to 2025-12-27 15:00:00+00:00, run_after=2025-12-28 15:00:00+00:00
[2025-12-28T14:38:29.401+0000] {logging_mixin.py:188} INFO - [2025-12-28T14:38:29.399+0000] {dag.py:3954} INFO - Setting next_dagrun for youtube_video_stats to 2025-12-28 14:00:00+00:00, run_after=2025-12-29 14:00:00+00:00
[2025-12-28T14:38:29.792+0000] {processor.py:183} INFO - Processing /opt/airflow/dags/main.py took 4.700 seconds
[2025-12-28T14:39:00.783+0000] {processor.py:161} INFO - Started process (PID=17032) to work on /opt/airflow/dags/main.py
[2025-12-28T14:39:00.804+0000] {processor.py:830} INFO - Processing file /opt/airflow/dags/main.py for tasks to queue
[2025-12-28T14:39:00.825+0000] {logging_mixin.py:188} INFO - [2025-12-28T14:39:00.812+0000] {dagbag.py:545} INFO - Filling up the DagBag from /opt/airflow/dags/main.py
[2025-12-28T14:39:03.190+0000] {processor.py:840} INFO - DAG(s) 'youtube_video_stats', 'update_db' retrieved from /opt/airflow/dags/main.py
[2025-12-28T14:39:04.319+0000] {logging_mixin.py:188} INFO - [2025-12-28T14:39:04.317+0000] {dag.py:3096} INFO - Sync 2 DAGs
[2025-12-28T14:39:05.187+0000] {logging_mixin.py:188} INFO - [2025-12-28T14:39:05.174+0000] {dag.py:3954} INFO - Setting next_dagrun for update_db to 2025-12-27 15:00:00+00:00, run_after=2025-12-28 15:00:00+00:00
[2025-12-28T14:39:05.413+0000] {logging_mixin.py:188} INFO - [2025-12-28T14:39:05.411+0000] {dag.py:3954} INFO - Setting next_dagrun for youtube_video_stats to 2025-12-28 14:00:00+00:00, run_after=2025-12-29 14:00:00+00:00
[2025-12-28T14:39:05.897+0000] {processor.py:183} INFO - Processing /opt/airflow/dags/main.py took 5.357 seconds
[2025-12-28T14:39:36.192+0000] {processor.py:161} INFO - Started process (PID=17039) to work on /opt/airflow/dags/main.py
[2025-12-28T14:39:36.195+0000] {processor.py:830} INFO - Processing file /opt/airflow/dags/main.py for tasks to queue
[2025-12-28T14:39:36.197+0000] {logging_mixin.py:188} INFO - [2025-12-28T14:39:36.196+0000] {dagbag.py:545} INFO - Filling up the DagBag from /opt/airflow/dags/main.py
[2025-12-28T14:39:36.476+0000] {processor.py:840} INFO - DAG(s) 'youtube_video_stats', 'update_db' retrieved from /opt/airflow/dags/main.py
[2025-12-28T14:39:36.568+0000] {logging_mixin.py:188} INFO - [2025-12-28T14:39:36.568+0000] {dag.py:3096} INFO - Sync 2 DAGs
[2025-12-28T14:39:36.642+0000] {logging_mixin.py:188} INFO - [2025-12-28T14:39:36.641+0000] {dag.py:3954} INFO - Setting next_dagrun for update_db to 2025-12-27 15:00:00+00:00, run_after=2025-12-28 15:00:00+00:00
[2025-12-28T14:39:36.657+0000] {logging_mixin.py:188} INFO - [2025-12-28T14:39:36.657+0000] {dag.py:3954} INFO - Setting next_dagrun for youtube_video_stats to 2025-12-28 14:00:00+00:00, run_after=2025-12-29 14:00:00+00:00
[2025-12-28T14:39:36.707+0000] {processor.py:183} INFO - Processing /opt/airflow/dags/main.py took 0.532 seconds
[2025-12-28T14:40:07.122+0000] {processor.py:161} INFO - Started process (PID=17047) to work on /opt/airflow/dags/main.py
[2025-12-28T14:40:07.126+0000] {processor.py:830} INFO - Processing file /opt/airflow/dags/main.py for tasks to queue
[2025-12-28T14:40:07.130+0000] {logging_mixin.py:188} INFO - [2025-12-28T14:40:07.129+0000] {dagbag.py:545} INFO - Filling up the DagBag from /opt/airflow/dags/main.py
[2025-12-28T14:40:07.503+0000] {processor.py:840} INFO - DAG(s) 'youtube_video_stats', 'update_db' retrieved from /opt/airflow/dags/main.py
[2025-12-28T14:40:07.608+0000] {logging_mixin.py:188} INFO - [2025-12-28T14:40:07.607+0000] {dag.py:3096} INFO - Sync 2 DAGs
[2025-12-28T14:40:07.692+0000] {logging_mixin.py:188} INFO - [2025-12-28T14:40:07.691+0000] {dag.py:3954} INFO - Setting next_dagrun for update_db to 2025-12-27 15:00:00+00:00, run_after=2025-12-28 15:00:00+00:00
[2025-12-28T14:40:07.709+0000] {logging_mixin.py:188} INFO - [2025-12-28T14:40:07.708+0000] {dag.py:3954} INFO - Setting next_dagrun for youtube_video_stats to 2025-12-28 14:00:00+00:00, run_after=2025-12-29 14:00:00+00:00
[2025-12-28T14:40:07.761+0000] {processor.py:183} INFO - Processing /opt/airflow/dags/main.py took 0.666 seconds
[2025-12-28T14:40:38.026+0000] {processor.py:161} INFO - Started process (PID=17054) to work on /opt/airflow/dags/main.py
[2025-12-28T14:40:38.028+0000] {processor.py:830} INFO - Processing file /opt/airflow/dags/main.py for tasks to queue
[2025-12-28T14:40:38.029+0000] {logging_mixin.py:188} INFO - [2025-12-28T14:40:38.029+0000] {dagbag.py:545} INFO - Filling up the DagBag from /opt/airflow/dags/main.py
[2025-12-28T14:40:38.178+0000] {processor.py:840} INFO - DAG(s) 'youtube_video_stats', 'update_db' retrieved from /opt/airflow/dags/main.py
[2025-12-28T14:40:38.231+0000] {logging_mixin.py:188} INFO - [2025-12-28T14:40:38.230+0000] {dag.py:3096} INFO - Sync 2 DAGs
[2025-12-28T14:40:38.266+0000] {logging_mixin.py:188} INFO - [2025-12-28T14:40:38.266+0000] {dag.py:3954} INFO - Setting next_dagrun for update_db to 2025-12-27 15:00:00+00:00, run_after=2025-12-28 15:00:00+00:00
[2025-12-28T14:40:38.274+0000] {logging_mixin.py:188} INFO - [2025-12-28T14:40:38.273+0000] {dag.py:3954} INFO - Setting next_dagrun for youtube_video_stats to 2025-12-28 14:00:00+00:00, run_after=2025-12-29 14:00:00+00:00
[2025-12-28T14:40:38.302+0000] {processor.py:183} INFO - Processing /opt/airflow/dags/main.py took 0.286 seconds
[2025-12-28T14:41:08.596+0000] {processor.py:161} INFO - Started process (PID=17061) to work on /opt/airflow/dags/main.py
[2025-12-28T14:41:08.598+0000] {processor.py:830} INFO - Processing file /opt/airflow/dags/main.py for tasks to queue
[2025-12-28T14:41:08.599+0000] {logging_mixin.py:188} INFO - [2025-12-28T14:41:08.598+0000] {dagbag.py:545} INFO - Filling up the DagBag from /opt/airflow/dags/main.py
[2025-12-28T14:41:08.757+0000] {processor.py:840} INFO - DAG(s) 'update_db', 'youtube_video_stats' retrieved from /opt/airflow/dags/main.py
[2025-12-28T14:41:08.814+0000] {logging_mixin.py:188} INFO - [2025-12-28T14:41:08.813+0000] {dag.py:3096} INFO - Sync 2 DAGs
[2025-12-28T14:41:08.850+0000] {logging_mixin.py:188} INFO - [2025-12-28T14:41:08.850+0000] {dag.py:3954} INFO - Setting next_dagrun for update_db to 2025-12-27 15:00:00+00:00, run_after=2025-12-28 15:00:00+00:00
[2025-12-28T14:41:08.859+0000] {logging_mixin.py:188} INFO - [2025-12-28T14:41:08.859+0000] {dag.py:3954} INFO - Setting next_dagrun for youtube_video_stats to 2025-12-28 14:00:00+00:00, run_after=2025-12-29 14:00:00+00:00
[2025-12-28T14:41:08.894+0000] {processor.py:183} INFO - Processing /opt/airflow/dags/main.py took 0.307 seconds
[2025-12-28T14:41:39.210+0000] {processor.py:161} INFO - Started process (PID=17068) to work on /opt/airflow/dags/main.py
[2025-12-28T14:41:39.216+0000] {processor.py:830} INFO - Processing file /opt/airflow/dags/main.py for tasks to queue
[2025-12-28T14:41:39.220+0000] {logging_mixin.py:188} INFO - [2025-12-28T14:41:39.219+0000] {dagbag.py:545} INFO - Filling up the DagBag from /opt/airflow/dags/main.py
[2025-12-28T14:41:39.609+0000] {processor.py:840} INFO - DAG(s) 'update_db', 'youtube_video_stats' retrieved from /opt/airflow/dags/main.py
[2025-12-28T14:41:39.706+0000] {logging_mixin.py:188} INFO - [2025-12-28T14:41:39.705+0000] {dag.py:3096} INFO - Sync 2 DAGs
[2025-12-28T14:41:39.798+0000] {logging_mixin.py:188} INFO - [2025-12-28T14:41:39.798+0000] {dag.py:3954} INFO - Setting next_dagrun for update_db to 2025-12-27 15:00:00+00:00, run_after=2025-12-28 15:00:00+00:00
[2025-12-28T14:41:39.818+0000] {logging_mixin.py:188} INFO - [2025-12-28T14:41:39.817+0000] {dag.py:3954} INFO - Setting next_dagrun for youtube_video_stats to 2025-12-28 14:00:00+00:00, run_after=2025-12-29 14:00:00+00:00
[2025-12-28T14:41:39.876+0000] {processor.py:183} INFO - Processing /opt/airflow/dags/main.py took 0.691 seconds
[2025-12-28T14:42:10.388+0000] {processor.py:161} INFO - Started process (PID=17075) to work on /opt/airflow/dags/main.py
[2025-12-28T14:42:10.392+0000] {processor.py:830} INFO - Processing file /opt/airflow/dags/main.py for tasks to queue
[2025-12-28T14:42:10.394+0000] {logging_mixin.py:188} INFO - [2025-12-28T14:42:10.394+0000] {dagbag.py:545} INFO - Filling up the DagBag from /opt/airflow/dags/main.py
[2025-12-28T14:42:10.680+0000] {processor.py:840} INFO - DAG(s) 'update_db', 'youtube_video_stats' retrieved from /opt/airflow/dags/main.py
[2025-12-28T14:42:10.769+0000] {logging_mixin.py:188} INFO - [2025-12-28T14:42:10.769+0000] {dag.py:3096} INFO - Sync 2 DAGs
[2025-12-28T14:42:10.851+0000] {logging_mixin.py:188} INFO - [2025-12-28T14:42:10.851+0000] {dag.py:3954} INFO - Setting next_dagrun for update_db to 2025-12-27 15:00:00+00:00, run_after=2025-12-28 15:00:00+00:00
[2025-12-28T14:42:10.870+0000] {logging_mixin.py:188} INFO - [2025-12-28T14:42:10.869+0000] {dag.py:3954} INFO - Setting next_dagrun for youtube_video_stats to 2025-12-28 14:00:00+00:00, run_after=2025-12-29 14:00:00+00:00
[2025-12-28T14:42:10.930+0000] {processor.py:183} INFO - Processing /opt/airflow/dags/main.py took 0.560 seconds
[2025-12-28T14:42:41.521+0000] {processor.py:161} INFO - Started process (PID=17081) to work on /opt/airflow/dags/main.py
[2025-12-28T14:42:41.528+0000] {processor.py:830} INFO - Processing file /opt/airflow/dags/main.py for tasks to queue
[2025-12-28T14:42:41.534+0000] {logging_mixin.py:188} INFO - [2025-12-28T14:42:41.532+0000] {dagbag.py:545} INFO - Filling up the DagBag from /opt/airflow/dags/main.py
[2025-12-28T14:42:42.111+0000] {processor.py:840} INFO - DAG(s) 'update_db', 'youtube_video_stats' retrieved from /opt/airflow/dags/main.py
[2025-12-28T14:42:42.316+0000] {logging_mixin.py:188} INFO - [2025-12-28T14:42:42.314+0000] {dag.py:3096} INFO - Sync 2 DAGs
[2025-12-28T14:42:42.461+0000] {logging_mixin.py:188} INFO - [2025-12-28T14:42:42.459+0000] {dag.py:3954} INFO - Setting next_dagrun for update_db to 2025-12-27 15:00:00+00:00, run_after=2025-12-28 15:00:00+00:00
[2025-12-28T14:42:42.521+0000] {logging_mixin.py:188} INFO - [2025-12-28T14:42:42.519+0000] {dag.py:3954} INFO - Setting next_dagrun for youtube_video_stats to 2025-12-28 14:00:00+00:00, run_after=2025-12-29 14:00:00+00:00
[2025-12-28T14:42:42.618+0000] {processor.py:183} INFO - Processing /opt/airflow/dags/main.py took 1.142 seconds
[2025-12-28T14:43:17.216+0000] {processor.py:161} INFO - Started process (PID=17088) to work on /opt/airflow/dags/main.py
[2025-12-28T14:43:17.219+0000] {processor.py:830} INFO - Processing file /opt/airflow/dags/main.py for tasks to queue
[2025-12-28T14:43:17.221+0000] {logging_mixin.py:188} INFO - [2025-12-28T14:43:17.220+0000] {dagbag.py:545} INFO - Filling up the DagBag from /opt/airflow/dags/main.py
[2025-12-28T14:43:17.468+0000] {processor.py:840} INFO - DAG(s) 'youtube_video_stats', 'update_db' retrieved from /opt/airflow/dags/main.py
[2025-12-28T14:43:17.596+0000] {logging_mixin.py:188} INFO - [2025-12-28T14:43:17.595+0000] {dag.py:3096} INFO - Sync 2 DAGs
[2025-12-28T14:43:17.664+0000] {logging_mixin.py:188} INFO - [2025-12-28T14:43:17.664+0000] {dag.py:3954} INFO - Setting next_dagrun for update_db to 2025-12-27 15:00:00+00:00, run_after=2025-12-28 15:00:00+00:00
[2025-12-28T14:43:17.685+0000] {logging_mixin.py:188} INFO - [2025-12-28T14:43:17.685+0000] {dag.py:3954} INFO - Setting next_dagrun for youtube_video_stats to 2025-12-28 14:00:00+00:00, run_after=2025-12-29 14:00:00+00:00
[2025-12-28T14:43:17.731+0000] {processor.py:183} INFO - Processing /opt/airflow/dags/main.py took 0.548 seconds
[2025-12-28T14:43:48.012+0000] {processor.py:161} INFO - Started process (PID=17095) to work on /opt/airflow/dags/main.py
[2025-12-28T14:43:48.013+0000] {processor.py:830} INFO - Processing file /opt/airflow/dags/main.py for tasks to queue
[2025-12-28T14:43:48.015+0000] {logging_mixin.py:188} INFO - [2025-12-28T14:43:48.014+0000] {dagbag.py:545} INFO - Filling up the DagBag from /opt/airflow/dags/main.py
[2025-12-28T14:43:48.109+0000] {processor.py:840} INFO - DAG(s) 'youtube_video_stats', 'update_db' retrieved from /opt/airflow/dags/main.py
[2025-12-28T14:43:48.140+0000] {logging_mixin.py:188} INFO - [2025-12-28T14:43:48.139+0000] {dag.py:3096} INFO - Sync 2 DAGs
[2025-12-28T14:43:48.163+0000] {logging_mixin.py:188} INFO - [2025-12-28T14:43:48.162+0000] {dag.py:3954} INFO - Setting next_dagrun for update_db to 2025-12-27 15:00:00+00:00, run_after=2025-12-28 15:00:00+00:00
[2025-12-28T14:43:48.168+0000] {logging_mixin.py:188} INFO - [2025-12-28T14:43:48.168+0000] {dag.py:3954} INFO - Setting next_dagrun for youtube_video_stats to 2025-12-28 14:00:00+00:00, run_after=2025-12-29 14:00:00+00:00
[2025-12-28T14:43:48.183+0000] {processor.py:183} INFO - Processing /opt/airflow/dags/main.py took 0.178 seconds
[2025-12-28T14:44:18.241+0000] {processor.py:161} INFO - Started process (PID=17102) to work on /opt/airflow/dags/main.py
[2025-12-28T14:44:18.242+0000] {processor.py:830} INFO - Processing file /opt/airflow/dags/main.py for tasks to queue
[2025-12-28T14:44:18.244+0000] {logging_mixin.py:188} INFO - [2025-12-28T14:44:18.243+0000] {dagbag.py:545} INFO - Filling up the DagBag from /opt/airflow/dags/main.py
[2025-12-28T14:44:18.350+0000] {processor.py:840} INFO - DAG(s) 'youtube_video_stats', 'update_db' retrieved from /opt/airflow/dags/main.py
[2025-12-28T14:44:18.387+0000] {logging_mixin.py:188} INFO - [2025-12-28T14:44:18.387+0000] {dag.py:3096} INFO - Sync 2 DAGs
[2025-12-28T14:44:18.414+0000] {logging_mixin.py:188} INFO - [2025-12-28T14:44:18.414+0000] {dag.py:3954} INFO - Setting next_dagrun for update_db to 2025-12-27 15:00:00+00:00, run_after=2025-12-28 15:00:00+00:00
[2025-12-28T14:44:18.420+0000] {logging_mixin.py:188} INFO - [2025-12-28T14:44:18.420+0000] {dag.py:3954} INFO - Setting next_dagrun for youtube_video_stats to 2025-12-28 14:00:00+00:00, run_after=2025-12-29 14:00:00+00:00
[2025-12-28T14:44:18.444+0000] {processor.py:183} INFO - Processing /opt/airflow/dags/main.py took 0.211 seconds
[2025-12-28T14:44:48.652+0000] {processor.py:161} INFO - Started process (PID=17109) to work on /opt/airflow/dags/main.py
[2025-12-28T14:44:48.657+0000] {processor.py:830} INFO - Processing file /opt/airflow/dags/main.py for tasks to queue
[2025-12-28T14:44:48.659+0000] {logging_mixin.py:188} INFO - [2025-12-28T14:44:48.659+0000] {dagbag.py:545} INFO - Filling up the DagBag from /opt/airflow/dags/main.py
[2025-12-28T14:44:48.864+0000] {processor.py:840} INFO - DAG(s) 'youtube_video_stats', 'update_db' retrieved from /opt/airflow/dags/main.py
[2025-12-28T14:44:48.924+0000] {logging_mixin.py:188} INFO - [2025-12-28T14:44:48.924+0000] {dag.py:3096} INFO - Sync 2 DAGs
[2025-12-28T14:44:48.970+0000] {logging_mixin.py:188} INFO - [2025-12-28T14:44:48.969+0000] {dag.py:3954} INFO - Setting next_dagrun for update_db to 2025-12-27 15:00:00+00:00, run_after=2025-12-28 15:00:00+00:00
[2025-12-28T14:44:48.986+0000] {logging_mixin.py:188} INFO - [2025-12-28T14:44:48.986+0000] {dag.py:3954} INFO - Setting next_dagrun for youtube_video_stats to 2025-12-28 14:00:00+00:00, run_after=2025-12-29 14:00:00+00:00
[2025-12-28T14:44:49.025+0000] {processor.py:183} INFO - Processing /opt/airflow/dags/main.py took 0.385 seconds
[2025-12-28T14:45:19.300+0000] {processor.py:161} INFO - Started process (PID=17116) to work on /opt/airflow/dags/main.py
[2025-12-28T14:45:19.302+0000] {processor.py:830} INFO - Processing file /opt/airflow/dags/main.py for tasks to queue
[2025-12-28T14:45:19.303+0000] {logging_mixin.py:188} INFO - [2025-12-28T14:45:19.303+0000] {dagbag.py:545} INFO - Filling up the DagBag from /opt/airflow/dags/main.py
[2025-12-28T14:45:19.432+0000] {processor.py:840} INFO - DAG(s) 'youtube_video_stats', 'update_db' retrieved from /opt/airflow/dags/main.py
[2025-12-28T14:45:19.473+0000] {logging_mixin.py:188} INFO - [2025-12-28T14:45:19.473+0000] {dag.py:3096} INFO - Sync 2 DAGs
[2025-12-28T14:45:19.502+0000] {logging_mixin.py:188} INFO - [2025-12-28T14:45:19.502+0000] {dag.py:3954} INFO - Setting next_dagrun for update_db to 2025-12-27 15:00:00+00:00, run_after=2025-12-28 15:00:00+00:00
[2025-12-28T14:45:19.511+0000] {logging_mixin.py:188} INFO - [2025-12-28T14:45:19.511+0000] {dag.py:3954} INFO - Setting next_dagrun for youtube_video_stats to 2025-12-28 14:00:00+00:00, run_after=2025-12-29 14:00:00+00:00
[2025-12-28T14:45:19.535+0000] {processor.py:183} INFO - Processing /opt/airflow/dags/main.py took 0.244 seconds
[2025-12-28T14:47:56.102+0000] {processor.py:161} INFO - Started process (PID=17123) to work on /opt/airflow/dags/main.py
[2025-12-28T14:47:56.103+0000] {processor.py:830} INFO - Processing file /opt/airflow/dags/main.py for tasks to queue
[2025-12-28T14:47:56.105+0000] {logging_mixin.py:188} INFO - [2025-12-28T14:47:56.104+0000] {dagbag.py:545} INFO - Filling up the DagBag from /opt/airflow/dags/main.py
[2025-12-28T14:47:56.258+0000] {processor.py:840} INFO - DAG(s) 'update_db', 'youtube_video_stats' retrieved from /opt/airflow/dags/main.py
[2025-12-28T14:47:56.337+0000] {logging_mixin.py:188} INFO - [2025-12-28T14:47:56.337+0000] {dag.py:3096} INFO - Sync 2 DAGs
[2025-12-28T14:47:56.402+0000] {logging_mixin.py:188} INFO - [2025-12-28T14:47:56.401+0000] {dag.py:3954} INFO - Setting next_dagrun for update_db to 2025-12-27 15:00:00+00:00, run_after=2025-12-28 15:00:00+00:00
[2025-12-28T14:47:56.418+0000] {logging_mixin.py:188} INFO - [2025-12-28T14:47:56.418+0000] {dag.py:3954} INFO - Setting next_dagrun for youtube_video_stats to 2025-12-28 14:00:00+00:00, run_after=2025-12-29 14:00:00+00:00
[2025-12-28T14:47:56.451+0000] {processor.py:183} INFO - Processing /opt/airflow/dags/main.py took 0.368 seconds
[2025-12-28T14:48:26.746+0000] {processor.py:161} INFO - Started process (PID=17130) to work on /opt/airflow/dags/main.py
[2025-12-28T14:48:26.759+0000] {processor.py:830} INFO - Processing file /opt/airflow/dags/main.py for tasks to queue
[2025-12-28T14:48:26.762+0000] {logging_mixin.py:188} INFO - [2025-12-28T14:48:26.761+0000] {dagbag.py:545} INFO - Filling up the DagBag from /opt/airflow/dags/main.py
[2025-12-28T14:48:27.260+0000] {processor.py:840} INFO - DAG(s) 'youtube_video_stats', 'update_db' retrieved from /opt/airflow/dags/main.py
[2025-12-28T14:48:27.519+0000] {logging_mixin.py:188} INFO - [2025-12-28T14:48:27.518+0000] {dag.py:3096} INFO - Sync 2 DAGs
[2025-12-28T14:48:27.718+0000] {logging_mixin.py:188} INFO - [2025-12-28T14:48:27.706+0000] {dag.py:3954} INFO - Setting next_dagrun for update_db to 2025-12-27 15:00:00+00:00, run_after=2025-12-28 15:00:00+00:00
[2025-12-28T14:48:27.753+0000] {logging_mixin.py:188} INFO - [2025-12-28T14:48:27.753+0000] {dag.py:3954} INFO - Setting next_dagrun for youtube_video_stats to 2025-12-28 14:00:00+00:00, run_after=2025-12-29 14:00:00+00:00
[2025-12-28T14:48:27.855+0000] {processor.py:183} INFO - Processing /opt/airflow/dags/main.py took 1.150 seconds
[2025-12-28T14:48:58.413+0000] {processor.py:161} INFO - Started process (PID=17138) to work on /opt/airflow/dags/main.py
[2025-12-28T14:48:58.422+0000] {processor.py:830} INFO - Processing file /opt/airflow/dags/main.py for tasks to queue
[2025-12-28T14:48:58.433+0000] {logging_mixin.py:188} INFO - [2025-12-28T14:48:58.432+0000] {dagbag.py:545} INFO - Filling up the DagBag from /opt/airflow/dags/main.py
[2025-12-28T14:48:59.353+0000] {processor.py:840} INFO - DAG(s) 'youtube_video_stats', 'update_db' retrieved from /opt/airflow/dags/main.py
[2025-12-28T14:48:59.603+0000] {logging_mixin.py:188} INFO - [2025-12-28T14:48:59.603+0000] {dag.py:3096} INFO - Sync 2 DAGs
[2025-12-28T14:48:59.726+0000] {logging_mixin.py:188} INFO - [2025-12-28T14:48:59.725+0000] {dag.py:3954} INFO - Setting next_dagrun for update_db to 2025-12-27 15:00:00+00:00, run_after=2025-12-28 15:00:00+00:00
[2025-12-28T14:48:59.767+0000] {logging_mixin.py:188} INFO - [2025-12-28T14:48:59.766+0000] {dag.py:3954} INFO - Setting next_dagrun for youtube_video_stats to 2025-12-28 14:00:00+00:00, run_after=2025-12-29 14:00:00+00:00
[2025-12-28T14:48:59.900+0000] {processor.py:183} INFO - Processing /opt/airflow/dags/main.py took 1.531 seconds
[2025-12-28T14:49:30.870+0000] {processor.py:161} INFO - Started process (PID=17145) to work on /opt/airflow/dags/main.py
[2025-12-28T14:49:30.912+0000] {processor.py:830} INFO - Processing file /opt/airflow/dags/main.py for tasks to queue
[2025-12-28T14:49:30.933+0000] {logging_mixin.py:188} INFO - [2025-12-28T14:49:30.931+0000] {dagbag.py:545} INFO - Filling up the DagBag from /opt/airflow/dags/main.py
[2025-12-28T14:49:32.240+0000] {processor.py:840} INFO - DAG(s) 'update_db', 'youtube_video_stats' retrieved from /opt/airflow/dags/main.py
[2025-12-28T14:49:32.587+0000] {logging_mixin.py:188} INFO - [2025-12-28T14:49:32.586+0000] {dag.py:3096} INFO - Sync 2 DAGs
[2025-12-28T14:49:32.759+0000] {logging_mixin.py:188} INFO - [2025-12-28T14:49:32.759+0000] {dag.py:3954} INFO - Setting next_dagrun for update_db to 2025-12-27 15:00:00+00:00, run_after=2025-12-28 15:00:00+00:00
[2025-12-28T14:49:32.809+0000] {logging_mixin.py:188} INFO - [2025-12-28T14:49:32.809+0000] {dag.py:3954} INFO - Setting next_dagrun for youtube_video_stats to 2025-12-28 14:00:00+00:00, run_after=2025-12-29 14:00:00+00:00
[2025-12-28T14:49:32.905+0000] {processor.py:183} INFO - Processing /opt/airflow/dags/main.py took 2.091 seconds
[2025-12-28T14:50:03.109+0000] {processor.py:161} INFO - Started process (PID=17152) to work on /opt/airflow/dags/main.py
[2025-12-28T14:50:03.115+0000] {processor.py:830} INFO - Processing file /opt/airflow/dags/main.py for tasks to queue
[2025-12-28T14:50:03.120+0000] {logging_mixin.py:188} INFO - [2025-12-28T14:50:03.119+0000] {dagbag.py:545} INFO - Filling up the DagBag from /opt/airflow/dags/main.py
[2025-12-28T14:50:03.572+0000] {processor.py:840} INFO - DAG(s) 'update_db', 'youtube_video_stats' retrieved from /opt/airflow/dags/main.py
[2025-12-28T14:50:03.708+0000] {logging_mixin.py:188} INFO - [2025-12-28T14:50:03.707+0000] {dag.py:3096} INFO - Sync 2 DAGs
[2025-12-28T14:50:03.781+0000] {logging_mixin.py:188} INFO - [2025-12-28T14:50:03.781+0000] {dag.py:3954} INFO - Setting next_dagrun for update_db to 2025-12-27 15:00:00+00:00, run_after=2025-12-28 15:00:00+00:00
[2025-12-28T14:50:03.814+0000] {logging_mixin.py:188} INFO - [2025-12-28T14:50:03.814+0000] {dag.py:3954} INFO - Setting next_dagrun for youtube_video_stats to 2025-12-28 14:00:00+00:00, run_after=2025-12-29 14:00:00+00:00
[2025-12-28T14:50:03.917+0000] {processor.py:183} INFO - Processing /opt/airflow/dags/main.py took 0.851 seconds
[2025-12-28T14:50:34.216+0000] {processor.py:161} INFO - Started process (PID=17159) to work on /opt/airflow/dags/main.py
[2025-12-28T14:50:34.218+0000] {processor.py:830} INFO - Processing file /opt/airflow/dags/main.py for tasks to queue
[2025-12-28T14:50:34.219+0000] {logging_mixin.py:188} INFO - [2025-12-28T14:50:34.219+0000] {dagbag.py:545} INFO - Filling up the DagBag from /opt/airflow/dags/main.py
[2025-12-28T14:50:34.381+0000] {processor.py:840} INFO - DAG(s) 'youtube_video_stats', 'update_db' retrieved from /opt/airflow/dags/main.py
[2025-12-28T14:50:34.431+0000] {logging_mixin.py:188} INFO - [2025-12-28T14:50:34.430+0000] {dag.py:3096} INFO - Sync 2 DAGs
[2025-12-28T14:50:34.461+0000] {logging_mixin.py:188} INFO - [2025-12-28T14:50:34.461+0000] {dag.py:3954} INFO - Setting next_dagrun for update_db to 2025-12-27 15:00:00+00:00, run_after=2025-12-28 15:00:00+00:00
[2025-12-28T14:50:34.470+0000] {logging_mixin.py:188} INFO - [2025-12-28T14:50:34.469+0000] {dag.py:3954} INFO - Setting next_dagrun for youtube_video_stats to 2025-12-28 14:00:00+00:00, run_after=2025-12-29 14:00:00+00:00
[2025-12-28T14:50:34.490+0000] {processor.py:183} INFO - Processing /opt/airflow/dags/main.py took 0.285 seconds
[2025-12-28T14:51:04.780+0000] {processor.py:161} INFO - Started process (PID=17166) to work on /opt/airflow/dags/main.py
[2025-12-28T14:51:04.781+0000] {processor.py:830} INFO - Processing file /opt/airflow/dags/main.py for tasks to queue
[2025-12-28T14:51:04.782+0000] {logging_mixin.py:188} INFO - [2025-12-28T14:51:04.782+0000] {dagbag.py:545} INFO - Filling up the DagBag from /opt/airflow/dags/main.py
[2025-12-28T14:51:04.894+0000] {processor.py:840} INFO - DAG(s) 'youtube_video_stats', 'update_db' retrieved from /opt/airflow/dags/main.py
[2025-12-28T14:51:04.930+0000] {logging_mixin.py:188} INFO - [2025-12-28T14:51:04.929+0000] {dag.py:3096} INFO - Sync 2 DAGs
[2025-12-28T14:51:04.953+0000] {logging_mixin.py:188} INFO - [2025-12-28T14:51:04.953+0000] {dag.py:3954} INFO - Setting next_dagrun for update_db to 2025-12-27 15:00:00+00:00, run_after=2025-12-28 15:00:00+00:00
[2025-12-28T14:51:04.960+0000] {logging_mixin.py:188} INFO - [2025-12-28T14:51:04.960+0000] {dag.py:3954} INFO - Setting next_dagrun for youtube_video_stats to 2025-12-28 14:00:00+00:00, run_after=2025-12-29 14:00:00+00:00
[2025-12-28T14:51:04.981+0000] {processor.py:183} INFO - Processing /opt/airflow/dags/main.py took 0.209 seconds
[2025-12-28T14:51:35.238+0000] {processor.py:161} INFO - Started process (PID=17173) to work on /opt/airflow/dags/main.py
[2025-12-28T14:51:35.241+0000] {processor.py:830} INFO - Processing file /opt/airflow/dags/main.py for tasks to queue
[2025-12-28T14:51:35.243+0000] {logging_mixin.py:188} INFO - [2025-12-28T14:51:35.243+0000] {dagbag.py:545} INFO - Filling up the DagBag from /opt/airflow/dags/main.py
[2025-12-28T14:51:35.565+0000] {processor.py:840} INFO - DAG(s) 'youtube_video_stats', 'update_db' retrieved from /opt/airflow/dags/main.py
[2025-12-28T14:51:35.699+0000] {logging_mixin.py:188} INFO - [2025-12-28T14:51:35.698+0000] {dag.py:3096} INFO - Sync 2 DAGs
[2025-12-28T14:51:35.818+0000] {logging_mixin.py:188} INFO - [2025-12-28T14:51:35.816+0000] {dag.py:3954} INFO - Setting next_dagrun for update_db to 2025-12-27 15:00:00+00:00, run_after=2025-12-28 15:00:00+00:00
[2025-12-28T14:51:35.840+0000] {logging_mixin.py:188} INFO - [2025-12-28T14:51:35.839+0000] {dag.py:3954} INFO - Setting next_dagrun for youtube_video_stats to 2025-12-28 14:00:00+00:00, run_after=2025-12-29 14:00:00+00:00
[2025-12-28T14:51:35.923+0000] {processor.py:183} INFO - Processing /opt/airflow/dags/main.py took 0.709 seconds
[2025-12-28T14:52:06.245+0000] {processor.py:161} INFO - Started process (PID=17180) to work on /opt/airflow/dags/main.py
[2025-12-28T14:52:06.248+0000] {processor.py:830} INFO - Processing file /opt/airflow/dags/main.py for tasks to queue
[2025-12-28T14:52:06.250+0000] {logging_mixin.py:188} INFO - [2025-12-28T14:52:06.249+0000] {dagbag.py:545} INFO - Filling up the DagBag from /opt/airflow/dags/main.py
[2025-12-28T14:52:06.440+0000] {processor.py:840} INFO - DAG(s) 'youtube_video_stats', 'update_db' retrieved from /opt/airflow/dags/main.py
[2025-12-28T14:52:06.529+0000] {logging_mixin.py:188} INFO - [2025-12-28T14:52:06.528+0000] {dag.py:3096} INFO - Sync 2 DAGs
[2025-12-28T14:52:06.585+0000] {logging_mixin.py:188} INFO - [2025-12-28T14:52:06.584+0000] {dag.py:3954} INFO - Setting next_dagrun for update_db to 2025-12-27 15:00:00+00:00, run_after=2025-12-28 15:00:00+00:00
[2025-12-28T14:52:06.593+0000] {logging_mixin.py:188} INFO - [2025-12-28T14:52:06.593+0000] {dag.py:3954} INFO - Setting next_dagrun for youtube_video_stats to 2025-12-28 14:00:00+00:00, run_after=2025-12-29 14:00:00+00:00
[2025-12-28T14:52:06.623+0000] {processor.py:183} INFO - Processing /opt/airflow/dags/main.py took 0.393 seconds
[2025-12-28T14:52:37.002+0000] {processor.py:161} INFO - Started process (PID=17188) to work on /opt/airflow/dags/main.py
[2025-12-28T14:52:37.004+0000] {processor.py:830} INFO - Processing file /opt/airflow/dags/main.py for tasks to queue
[2025-12-28T14:52:37.016+0000] {logging_mixin.py:188} INFO - [2025-12-28T14:52:37.015+0000] {dagbag.py:545} INFO - Filling up the DagBag from /opt/airflow/dags/main.py
[2025-12-28T14:52:37.442+0000] {processor.py:840} INFO - DAG(s) 'youtube_video_stats', 'update_db' retrieved from /opt/airflow/dags/main.py
[2025-12-28T14:52:37.552+0000] {logging_mixin.py:188} INFO - [2025-12-28T14:52:37.552+0000] {dag.py:3096} INFO - Sync 2 DAGs
[2025-12-28T14:52:37.634+0000] {logging_mixin.py:188} INFO - [2025-12-28T14:52:37.633+0000] {dag.py:3954} INFO - Setting next_dagrun for update_db to 2025-12-27 15:00:00+00:00, run_after=2025-12-28 15:00:00+00:00
[2025-12-28T14:52:37.648+0000] {logging_mixin.py:188} INFO - [2025-12-28T14:52:37.648+0000] {dag.py:3954} INFO - Setting next_dagrun for youtube_video_stats to 2025-12-28 14:00:00+00:00, run_after=2025-12-29 14:00:00+00:00
[2025-12-28T14:52:37.692+0000] {processor.py:183} INFO - Processing /opt/airflow/dags/main.py took 0.722 seconds
[2025-12-28T14:53:08.101+0000] {processor.py:161} INFO - Started process (PID=17195) to work on /opt/airflow/dags/main.py
[2025-12-28T14:53:08.103+0000] {processor.py:830} INFO - Processing file /opt/airflow/dags/main.py for tasks to queue
[2025-12-28T14:53:08.104+0000] {logging_mixin.py:188} INFO - [2025-12-28T14:53:08.104+0000] {dagbag.py:545} INFO - Filling up the DagBag from /opt/airflow/dags/main.py
[2025-12-28T14:53:08.238+0000] {processor.py:840} INFO - DAG(s) 'youtube_video_stats', 'update_db' retrieved from /opt/airflow/dags/main.py
[2025-12-28T14:53:08.280+0000] {logging_mixin.py:188} INFO - [2025-12-28T14:53:08.280+0000] {dag.py:3096} INFO - Sync 2 DAGs
[2025-12-28T14:53:08.309+0000] {logging_mixin.py:188} INFO - [2025-12-28T14:53:08.309+0000] {dag.py:3954} INFO - Setting next_dagrun for update_db to 2025-12-27 15:00:00+00:00, run_after=2025-12-28 15:00:00+00:00
[2025-12-28T14:53:08.316+0000] {logging_mixin.py:188} INFO - [2025-12-28T14:53:08.316+0000] {dag.py:3954} INFO - Setting next_dagrun for youtube_video_stats to 2025-12-28 14:00:00+00:00, run_after=2025-12-29 14:00:00+00:00
[2025-12-28T14:53:08.346+0000] {processor.py:183} INFO - Processing /opt/airflow/dags/main.py took 0.252 seconds
[2025-12-28T14:53:38.537+0000] {processor.py:161} INFO - Started process (PID=17202) to work on /opt/airflow/dags/main.py
[2025-12-28T14:53:38.538+0000] {processor.py:830} INFO - Processing file /opt/airflow/dags/main.py for tasks to queue
[2025-12-28T14:53:38.540+0000] {logging_mixin.py:188} INFO - [2025-12-28T14:53:38.539+0000] {dagbag.py:545} INFO - Filling up the DagBag from /opt/airflow/dags/main.py
[2025-12-28T14:53:38.669+0000] {processor.py:840} INFO - DAG(s) 'update_db', 'youtube_video_stats' retrieved from /opt/airflow/dags/main.py
[2025-12-28T14:53:38.711+0000] {logging_mixin.py:188} INFO - [2025-12-28T14:53:38.711+0000] {dag.py:3096} INFO - Sync 2 DAGs
[2025-12-28T14:53:38.740+0000] {logging_mixin.py:188} INFO - [2025-12-28T14:53:38.740+0000] {dag.py:3954} INFO - Setting next_dagrun for update_db to 2025-12-27 15:00:00+00:00, run_after=2025-12-28 15:00:00+00:00
[2025-12-28T14:53:38.748+0000] {logging_mixin.py:188} INFO - [2025-12-28T14:53:38.748+0000] {dag.py:3954} INFO - Setting next_dagrun for youtube_video_stats to 2025-12-28 14:00:00+00:00, run_after=2025-12-29 14:00:00+00:00
[2025-12-28T14:53:38.771+0000] {processor.py:183} INFO - Processing /opt/airflow/dags/main.py took 0.242 seconds
[2025-12-28T14:54:08.979+0000] {processor.py:161} INFO - Started process (PID=17209) to work on /opt/airflow/dags/main.py
[2025-12-28T14:54:08.981+0000] {processor.py:830} INFO - Processing file /opt/airflow/dags/main.py for tasks to queue
[2025-12-28T14:54:08.982+0000] {logging_mixin.py:188} INFO - [2025-12-28T14:54:08.981+0000] {dagbag.py:545} INFO - Filling up the DagBag from /opt/airflow/dags/main.py
[2025-12-28T14:54:09.085+0000] {processor.py:840} INFO - DAG(s) 'youtube_video_stats', 'update_db' retrieved from /opt/airflow/dags/main.py
[2025-12-28T14:54:09.128+0000] {logging_mixin.py:188} INFO - [2025-12-28T14:54:09.128+0000] {dag.py:3096} INFO - Sync 2 DAGs
[2025-12-28T14:54:09.156+0000] {logging_mixin.py:188} INFO - [2025-12-28T14:54:09.156+0000] {dag.py:3954} INFO - Setting next_dagrun for update_db to 2025-12-27 15:00:00+00:00, run_after=2025-12-28 15:00:00+00:00
[2025-12-28T14:54:09.165+0000] {logging_mixin.py:188} INFO - [2025-12-28T14:54:09.165+0000] {dag.py:3954} INFO - Setting next_dagrun for youtube_video_stats to 2025-12-28 14:00:00+00:00, run_after=2025-12-29 14:00:00+00:00
[2025-12-28T14:54:09.186+0000] {processor.py:183} INFO - Processing /opt/airflow/dags/main.py took 0.215 seconds
[2025-12-28T14:54:39.326+0000] {processor.py:161} INFO - Started process (PID=17216) to work on /opt/airflow/dags/main.py
[2025-12-28T14:54:39.328+0000] {processor.py:830} INFO - Processing file /opt/airflow/dags/main.py for tasks to queue
[2025-12-28T14:54:39.330+0000] {logging_mixin.py:188} INFO - [2025-12-28T14:54:39.329+0000] {dagbag.py:545} INFO - Filling up the DagBag from /opt/airflow/dags/main.py
[2025-12-28T14:54:39.472+0000] {processor.py:840} INFO - DAG(s) 'update_db', 'youtube_video_stats' retrieved from /opt/airflow/dags/main.py
[2025-12-28T14:54:39.522+0000] {logging_mixin.py:188} INFO - [2025-12-28T14:54:39.522+0000] {dag.py:3096} INFO - Sync 2 DAGs
[2025-12-28T14:54:39.553+0000] {logging_mixin.py:188} INFO - [2025-12-28T14:54:39.553+0000] {dag.py:3954} INFO - Setting next_dagrun for update_db to 2025-12-27 15:00:00+00:00, run_after=2025-12-28 15:00:00+00:00
[2025-12-28T14:54:39.561+0000] {logging_mixin.py:188} INFO - [2025-12-28T14:54:39.561+0000] {dag.py:3954} INFO - Setting next_dagrun for youtube_video_stats to 2025-12-28 14:00:00+00:00, run_after=2025-12-29 14:00:00+00:00
[2025-12-28T14:54:39.590+0000] {processor.py:183} INFO - Processing /opt/airflow/dags/main.py took 0.272 seconds
[2025-12-28T14:55:09.811+0000] {processor.py:161} INFO - Started process (PID=17223) to work on /opt/airflow/dags/main.py
[2025-12-28T14:55:09.812+0000] {processor.py:830} INFO - Processing file /opt/airflow/dags/main.py for tasks to queue
[2025-12-28T14:55:09.813+0000] {logging_mixin.py:188} INFO - [2025-12-28T14:55:09.813+0000] {dagbag.py:545} INFO - Filling up the DagBag from /opt/airflow/dags/main.py
[2025-12-28T14:55:09.909+0000] {processor.py:840} INFO - DAG(s) 'update_db', 'youtube_video_stats' retrieved from /opt/airflow/dags/main.py
[2025-12-28T14:55:09.946+0000] {logging_mixin.py:188} INFO - [2025-12-28T14:55:09.946+0000] {dag.py:3096} INFO - Sync 2 DAGs
[2025-12-28T14:55:09.969+0000] {logging_mixin.py:188} INFO - [2025-12-28T14:55:09.969+0000] {dag.py:3954} INFO - Setting next_dagrun for update_db to 2025-12-27 15:00:00+00:00, run_after=2025-12-28 15:00:00+00:00
[2025-12-28T14:55:09.976+0000] {logging_mixin.py:188} INFO - [2025-12-28T14:55:09.975+0000] {dag.py:3954} INFO - Setting next_dagrun for youtube_video_stats to 2025-12-28 14:00:00+00:00, run_after=2025-12-29 14:00:00+00:00
[2025-12-28T14:55:09.993+0000] {processor.py:183} INFO - Processing /opt/airflow/dags/main.py took 0.187 seconds
[2025-12-28T14:55:40.196+0000] {processor.py:161} INFO - Started process (PID=17231) to work on /opt/airflow/dags/main.py
[2025-12-28T14:55:40.198+0000] {processor.py:830} INFO - Processing file /opt/airflow/dags/main.py for tasks to queue
[2025-12-28T14:55:40.199+0000] {logging_mixin.py:188} INFO - [2025-12-28T14:55:40.199+0000] {dagbag.py:545} INFO - Filling up the DagBag from /opt/airflow/dags/main.py
[2025-12-28T14:55:40.304+0000] {processor.py:840} INFO - DAG(s) 'youtube_video_stats', 'update_db' retrieved from /opt/airflow/dags/main.py
[2025-12-28T14:55:40.348+0000] {logging_mixin.py:188} INFO - [2025-12-28T14:55:40.347+0000] {dag.py:3096} INFO - Sync 2 DAGs
[2025-12-28T14:55:40.377+0000] {logging_mixin.py:188} INFO - [2025-12-28T14:55:40.377+0000] {dag.py:3954} INFO - Setting next_dagrun for update_db to 2025-12-27 15:00:00+00:00, run_after=2025-12-28 15:00:00+00:00
[2025-12-28T14:55:40.386+0000] {logging_mixin.py:188} INFO - [2025-12-28T14:55:40.386+0000] {dag.py:3954} INFO - Setting next_dagrun for youtube_video_stats to 2025-12-28 14:00:00+00:00, run_after=2025-12-29 14:00:00+00:00
[2025-12-28T14:55:40.413+0000] {processor.py:183} INFO - Processing /opt/airflow/dags/main.py took 0.224 seconds
[2025-12-28T14:56:10.610+0000] {processor.py:161} INFO - Started process (PID=17238) to work on /opt/airflow/dags/main.py
[2025-12-28T14:56:10.611+0000] {processor.py:830} INFO - Processing file /opt/airflow/dags/main.py for tasks to queue
[2025-12-28T14:56:10.613+0000] {logging_mixin.py:188} INFO - [2025-12-28T14:56:10.613+0000] {dagbag.py:545} INFO - Filling up the DagBag from /opt/airflow/dags/main.py
[2025-12-28T14:56:10.765+0000] {processor.py:840} INFO - DAG(s) 'youtube_video_stats', 'update_db' retrieved from /opt/airflow/dags/main.py
[2025-12-28T14:56:10.820+0000] {logging_mixin.py:188} INFO - [2025-12-28T14:56:10.820+0000] {dag.py:3096} INFO - Sync 2 DAGs
[2025-12-28T14:56:10.854+0000] {logging_mixin.py:188} INFO - [2025-12-28T14:56:10.853+0000] {dag.py:3954} INFO - Setting next_dagrun for update_db to 2025-12-27 15:00:00+00:00, run_after=2025-12-28 15:00:00+00:00
[2025-12-28T14:56:10.861+0000] {logging_mixin.py:188} INFO - [2025-12-28T14:56:10.861+0000] {dag.py:3954} INFO - Setting next_dagrun for youtube_video_stats to 2025-12-28 14:00:00+00:00, run_after=2025-12-29 14:00:00+00:00
[2025-12-28T14:56:10.893+0000] {processor.py:183} INFO - Processing /opt/airflow/dags/main.py took 0.292 seconds
[2025-12-28T14:56:41.083+0000] {processor.py:161} INFO - Started process (PID=17245) to work on /opt/airflow/dags/main.py
[2025-12-28T14:56:41.084+0000] {processor.py:830} INFO - Processing file /opt/airflow/dags/main.py for tasks to queue
[2025-12-28T14:56:41.086+0000] {logging_mixin.py:188} INFO - [2025-12-28T14:56:41.085+0000] {dagbag.py:545} INFO - Filling up the DagBag from /opt/airflow/dags/main.py
[2025-12-28T14:56:41.192+0000] {processor.py:840} INFO - DAG(s) 'update_db', 'youtube_video_stats' retrieved from /opt/airflow/dags/main.py
[2025-12-28T14:56:41.232+0000] {logging_mixin.py:188} INFO - [2025-12-28T14:56:41.231+0000] {dag.py:3096} INFO - Sync 2 DAGs
[2025-12-28T14:56:41.262+0000] {logging_mixin.py:188} INFO - [2025-12-28T14:56:41.262+0000] {dag.py:3954} INFO - Setting next_dagrun for update_db to 2025-12-27 15:00:00+00:00, run_after=2025-12-28 15:00:00+00:00
[2025-12-28T14:56:41.269+0000] {logging_mixin.py:188} INFO - [2025-12-28T14:56:41.268+0000] {dag.py:3954} INFO - Setting next_dagrun for youtube_video_stats to 2025-12-28 14:00:00+00:00, run_after=2025-12-29 14:00:00+00:00
[2025-12-28T14:56:41.295+0000] {processor.py:183} INFO - Processing /opt/airflow/dags/main.py took 0.220 seconds
[2025-12-28T14:57:11.483+0000] {processor.py:161} INFO - Started process (PID=17252) to work on /opt/airflow/dags/main.py
[2025-12-28T14:57:11.484+0000] {processor.py:830} INFO - Processing file /opt/airflow/dags/main.py for tasks to queue
[2025-12-28T14:57:11.486+0000] {logging_mixin.py:188} INFO - [2025-12-28T14:57:11.486+0000] {dagbag.py:545} INFO - Filling up the DagBag from /opt/airflow/dags/main.py
[2025-12-28T14:57:11.599+0000] {processor.py:840} INFO - DAG(s) 'youtube_video_stats', 'update_db' retrieved from /opt/airflow/dags/main.py
[2025-12-28T14:57:11.634+0000] {logging_mixin.py:188} INFO - [2025-12-28T14:57:11.634+0000] {dag.py:3096} INFO - Sync 2 DAGs
[2025-12-28T14:57:11.661+0000] {logging_mixin.py:188} INFO - [2025-12-28T14:57:11.661+0000] {dag.py:3954} INFO - Setting next_dagrun for update_db to 2025-12-27 15:00:00+00:00, run_after=2025-12-28 15:00:00+00:00
[2025-12-28T14:57:11.667+0000] {logging_mixin.py:188} INFO - [2025-12-28T14:57:11.667+0000] {dag.py:3954} INFO - Setting next_dagrun for youtube_video_stats to 2025-12-28 14:00:00+00:00, run_after=2025-12-29 14:00:00+00:00
[2025-12-28T14:57:11.685+0000] {processor.py:183} INFO - Processing /opt/airflow/dags/main.py took 0.210 seconds
[2025-12-28T14:57:41.865+0000] {processor.py:161} INFO - Started process (PID=17259) to work on /opt/airflow/dags/main.py
[2025-12-28T14:57:41.867+0000] {processor.py:830} INFO - Processing file /opt/airflow/dags/main.py for tasks to queue
[2025-12-28T14:57:41.869+0000] {logging_mixin.py:188} INFO - [2025-12-28T14:57:41.868+0000] {dagbag.py:545} INFO - Filling up the DagBag from /opt/airflow/dags/main.py
[2025-12-28T14:57:42.003+0000] {processor.py:840} INFO - DAG(s) 'update_db', 'youtube_video_stats' retrieved from /opt/airflow/dags/main.py
[2025-12-28T14:57:42.052+0000] {logging_mixin.py:188} INFO - [2025-12-28T14:57:42.051+0000] {dag.py:3096} INFO - Sync 2 DAGs
[2025-12-28T14:57:42.088+0000] {logging_mixin.py:188} INFO - [2025-12-28T14:57:42.087+0000] {dag.py:3954} INFO - Setting next_dagrun for update_db to 2025-12-27 15:00:00+00:00, run_after=2025-12-28 15:00:00+00:00
[2025-12-28T14:57:42.097+0000] {logging_mixin.py:188} INFO - [2025-12-28T14:57:42.096+0000] {dag.py:3954} INFO - Setting next_dagrun for youtube_video_stats to 2025-12-28 14:00:00+00:00, run_after=2025-12-29 14:00:00+00:00
[2025-12-28T14:57:42.125+0000] {processor.py:183} INFO - Processing /opt/airflow/dags/main.py took 0.269 seconds
[2025-12-28T14:58:12.275+0000] {processor.py:161} INFO - Started process (PID=17266) to work on /opt/airflow/dags/main.py
[2025-12-28T14:58:12.277+0000] {processor.py:830} INFO - Processing file /opt/airflow/dags/main.py for tasks to queue
[2025-12-28T14:58:12.278+0000] {logging_mixin.py:188} INFO - [2025-12-28T14:58:12.277+0000] {dagbag.py:545} INFO - Filling up the DagBag from /opt/airflow/dags/main.py
[2025-12-28T14:58:12.379+0000] {processor.py:840} INFO - DAG(s) 'update_db', 'youtube_video_stats' retrieved from /opt/airflow/dags/main.py
[2025-12-28T14:58:12.416+0000] {logging_mixin.py:188} INFO - [2025-12-28T14:58:12.415+0000] {dag.py:3096} INFO - Sync 2 DAGs
[2025-12-28T14:58:12.440+0000] {logging_mixin.py:188} INFO - [2025-12-28T14:58:12.440+0000] {dag.py:3954} INFO - Setting next_dagrun for update_db to 2025-12-27 15:00:00+00:00, run_after=2025-12-28 15:00:00+00:00
[2025-12-28T14:58:12.446+0000] {logging_mixin.py:188} INFO - [2025-12-28T14:58:12.446+0000] {dag.py:3954} INFO - Setting next_dagrun for youtube_video_stats to 2025-12-28 14:00:00+00:00, run_after=2025-12-29 14:00:00+00:00
[2025-12-28T14:58:12.489+0000] {processor.py:183} INFO - Processing /opt/airflow/dags/main.py took 0.219 seconds
[2025-12-28T14:58:42.658+0000] {processor.py:161} INFO - Started process (PID=17273) to work on /opt/airflow/dags/main.py
[2025-12-28T14:58:42.659+0000] {processor.py:830} INFO - Processing file /opt/airflow/dags/main.py for tasks to queue
[2025-12-28T14:58:42.661+0000] {logging_mixin.py:188} INFO - [2025-12-28T14:58:42.660+0000] {dagbag.py:545} INFO - Filling up the DagBag from /opt/airflow/dags/main.py
[2025-12-28T14:58:42.782+0000] {processor.py:840} INFO - DAG(s) 'youtube_video_stats', 'update_db' retrieved from /opt/airflow/dags/main.py
[2025-12-28T14:58:42.821+0000] {logging_mixin.py:188} INFO - [2025-12-28T14:58:42.821+0000] {dag.py:3096} INFO - Sync 2 DAGs
[2025-12-28T14:58:42.847+0000] {logging_mixin.py:188} INFO - [2025-12-28T14:58:42.847+0000] {dag.py:3954} INFO - Setting next_dagrun for update_db to 2025-12-27 15:00:00+00:00, run_after=2025-12-28 15:00:00+00:00
[2025-12-28T14:58:42.854+0000] {logging_mixin.py:188} INFO - [2025-12-28T14:58:42.854+0000] {dag.py:3954} INFO - Setting next_dagrun for youtube_video_stats to 2025-12-28 14:00:00+00:00, run_after=2025-12-29 14:00:00+00:00
[2025-12-28T14:58:42.876+0000] {processor.py:183} INFO - Processing /opt/airflow/dags/main.py took 0.224 seconds
[2025-12-28T14:59:13.065+0000] {processor.py:161} INFO - Started process (PID=17280) to work on /opt/airflow/dags/main.py
[2025-12-28T14:59:13.067+0000] {processor.py:830} INFO - Processing file /opt/airflow/dags/main.py for tasks to queue
[2025-12-28T14:59:13.068+0000] {logging_mixin.py:188} INFO - [2025-12-28T14:59:13.067+0000] {dagbag.py:545} INFO - Filling up the DagBag from /opt/airflow/dags/main.py
[2025-12-28T14:59:13.165+0000] {processor.py:840} INFO - DAG(s) 'update_db', 'youtube_video_stats' retrieved from /opt/airflow/dags/main.py
[2025-12-28T14:59:13.204+0000] {logging_mixin.py:188} INFO - [2025-12-28T14:59:13.203+0000] {dag.py:3096} INFO - Sync 2 DAGs
[2025-12-28T14:59:13.229+0000] {logging_mixin.py:188} INFO - [2025-12-28T14:59:13.228+0000] {dag.py:3954} INFO - Setting next_dagrun for update_db to 2025-12-27 15:00:00+00:00, run_after=2025-12-28 15:00:00+00:00
[2025-12-28T14:59:13.237+0000] {logging_mixin.py:188} INFO - [2025-12-28T14:59:13.236+0000] {dag.py:3954} INFO - Setting next_dagrun for youtube_video_stats to 2025-12-28 14:00:00+00:00, run_after=2025-12-29 14:00:00+00:00
[2025-12-28T14:59:13.257+0000] {processor.py:183} INFO - Processing /opt/airflow/dags/main.py took 0.199 seconds
[2025-12-28T14:59:43.437+0000] {processor.py:161} INFO - Started process (PID=17287) to work on /opt/airflow/dags/main.py
[2025-12-28T14:59:43.438+0000] {processor.py:830} INFO - Processing file /opt/airflow/dags/main.py for tasks to queue
[2025-12-28T14:59:43.440+0000] {logging_mixin.py:188} INFO - [2025-12-28T14:59:43.439+0000] {dagbag.py:545} INFO - Filling up the DagBag from /opt/airflow/dags/main.py
[2025-12-28T14:59:43.541+0000] {processor.py:840} INFO - DAG(s) 'update_db', 'youtube_video_stats' retrieved from /opt/airflow/dags/main.py
[2025-12-28T14:59:43.576+0000] {logging_mixin.py:188} INFO - [2025-12-28T14:59:43.575+0000] {dag.py:3096} INFO - Sync 2 DAGs
[2025-12-28T14:59:43.602+0000] {logging_mixin.py:188} INFO - [2025-12-28T14:59:43.601+0000] {dag.py:3954} INFO - Setting next_dagrun for update_db to 2025-12-27 15:00:00+00:00, run_after=2025-12-28 15:00:00+00:00
[2025-12-28T14:59:43.608+0000] {logging_mixin.py:188} INFO - [2025-12-28T14:59:43.607+0000] {dag.py:3954} INFO - Setting next_dagrun for youtube_video_stats to 2025-12-28 14:00:00+00:00, run_after=2025-12-29 14:00:00+00:00
[2025-12-28T14:59:43.630+0000] {processor.py:183} INFO - Processing /opt/airflow/dags/main.py took 0.200 seconds
[2025-12-28T15:00:13.701+0000] {processor.py:161} INFO - Started process (PID=17294) to work on /opt/airflow/dags/main.py
[2025-12-28T15:00:13.703+0000] {processor.py:830} INFO - Processing file /opt/airflow/dags/main.py for tasks to queue
[2025-12-28T15:00:13.704+0000] {logging_mixin.py:188} INFO - [2025-12-28T15:00:13.704+0000] {dagbag.py:545} INFO - Filling up the DagBag from /opt/airflow/dags/main.py
[2025-12-28T15:00:13.813+0000] {processor.py:840} INFO - DAG(s) 'update_db', 'youtube_video_stats' retrieved from /opt/airflow/dags/main.py
[2025-12-28T15:00:13.857+0000] {logging_mixin.py:188} INFO - [2025-12-28T15:00:13.857+0000] {dag.py:3096} INFO - Sync 2 DAGs
[2025-12-28T15:00:13.890+0000] {logging_mixin.py:188} INFO - [2025-12-28T15:00:13.890+0000] {dag.py:3954} INFO - Setting next_dagrun for update_db to 2025-12-28 15:00:00+00:00, run_after=2025-12-29 15:00:00+00:00
[2025-12-28T15:00:13.899+0000] {logging_mixin.py:188} INFO - [2025-12-28T15:00:13.898+0000] {dag.py:3954} INFO - Setting next_dagrun for youtube_video_stats to 2025-12-28 14:00:00+00:00, run_after=2025-12-29 14:00:00+00:00
[2025-12-28T15:00:13.927+0000] {processor.py:183} INFO - Processing /opt/airflow/dags/main.py took 0.234 seconds
[2025-12-28T15:00:44.086+0000] {processor.py:161} INFO - Started process (PID=17301) to work on /opt/airflow/dags/main.py
[2025-12-28T15:00:44.087+0000] {processor.py:830} INFO - Processing file /opt/airflow/dags/main.py for tasks to queue
[2025-12-28T15:00:44.088+0000] {logging_mixin.py:188} INFO - [2025-12-28T15:00:44.088+0000] {dagbag.py:545} INFO - Filling up the DagBag from /opt/airflow/dags/main.py
[2025-12-28T15:00:44.175+0000] {processor.py:840} INFO - DAG(s) 'update_db', 'youtube_video_stats' retrieved from /opt/airflow/dags/main.py
[2025-12-28T15:00:44.210+0000] {logging_mixin.py:188} INFO - [2025-12-28T15:00:44.209+0000] {dag.py:3096} INFO - Sync 2 DAGs
[2025-12-28T15:00:44.233+0000] {logging_mixin.py:188} INFO - [2025-12-28T15:00:44.233+0000] {dag.py:3954} INFO - Setting next_dagrun for update_db to 2025-12-28 15:00:00+00:00, run_after=2025-12-29 15:00:00+00:00
[2025-12-28T15:00:44.240+0000] {logging_mixin.py:188} INFO - [2025-12-28T15:00:44.239+0000] {dag.py:3954} INFO - Setting next_dagrun for youtube_video_stats to 2025-12-28 14:00:00+00:00, run_after=2025-12-29 14:00:00+00:00
[2025-12-28T15:00:44.257+0000] {processor.py:183} INFO - Processing /opt/airflow/dags/main.py took 0.177 seconds
[2025-12-28T15:01:14.465+0000] {processor.py:161} INFO - Started process (PID=17308) to work on /opt/airflow/dags/main.py
[2025-12-28T15:01:14.466+0000] {processor.py:830} INFO - Processing file /opt/airflow/dags/main.py for tasks to queue
[2025-12-28T15:01:14.468+0000] {logging_mixin.py:188} INFO - [2025-12-28T15:01:14.467+0000] {dagbag.py:545} INFO - Filling up the DagBag from /opt/airflow/dags/main.py
[2025-12-28T15:01:14.598+0000] {processor.py:840} INFO - DAG(s) 'update_db', 'youtube_video_stats' retrieved from /opt/airflow/dags/main.py
[2025-12-28T15:01:14.636+0000] {logging_mixin.py:188} INFO - [2025-12-28T15:01:14.636+0000] {dag.py:3096} INFO - Sync 2 DAGs
[2025-12-28T15:01:14.665+0000] {logging_mixin.py:188} INFO - [2025-12-28T15:01:14.664+0000] {dag.py:3954} INFO - Setting next_dagrun for update_db to 2025-12-28 15:00:00+00:00, run_after=2025-12-29 15:00:00+00:00
[2025-12-28T15:01:14.671+0000] {logging_mixin.py:188} INFO - [2025-12-28T15:01:14.670+0000] {dag.py:3954} INFO - Setting next_dagrun for youtube_video_stats to 2025-12-28 14:00:00+00:00, run_after=2025-12-29 14:00:00+00:00
[2025-12-28T15:01:14.702+0000] {processor.py:183} INFO - Processing /opt/airflow/dags/main.py took 0.244 seconds
[2025-12-28T15:01:44.892+0000] {processor.py:161} INFO - Started process (PID=17315) to work on /opt/airflow/dags/main.py
[2025-12-28T15:01:44.894+0000] {processor.py:830} INFO - Processing file /opt/airflow/dags/main.py for tasks to queue
[2025-12-28T15:01:44.895+0000] {logging_mixin.py:188} INFO - [2025-12-28T15:01:44.894+0000] {dagbag.py:545} INFO - Filling up the DagBag from /opt/airflow/dags/main.py
[2025-12-28T15:01:45.013+0000] {processor.py:840} INFO - DAG(s) 'youtube_video_stats', 'update_db' retrieved from /opt/airflow/dags/main.py
[2025-12-28T15:01:45.050+0000] {logging_mixin.py:188} INFO - [2025-12-28T15:01:45.050+0000] {dag.py:3096} INFO - Sync 2 DAGs
[2025-12-28T15:01:45.079+0000] {logging_mixin.py:188} INFO - [2025-12-28T15:01:45.079+0000] {dag.py:3954} INFO - Setting next_dagrun for update_db to 2025-12-28 15:00:00+00:00, run_after=2025-12-29 15:00:00+00:00
[2025-12-28T15:01:45.085+0000] {logging_mixin.py:188} INFO - [2025-12-28T15:01:45.085+0000] {dag.py:3954} INFO - Setting next_dagrun for youtube_video_stats to 2025-12-28 14:00:00+00:00, run_after=2025-12-29 14:00:00+00:00
[2025-12-28T15:01:45.107+0000] {processor.py:183} INFO - Processing /opt/airflow/dags/main.py took 0.225 seconds
[2025-12-28T15:02:15.278+0000] {processor.py:161} INFO - Started process (PID=17322) to work on /opt/airflow/dags/main.py
[2025-12-28T15:02:15.279+0000] {processor.py:830} INFO - Processing file /opt/airflow/dags/main.py for tasks to queue
[2025-12-28T15:02:15.280+0000] {logging_mixin.py:188} INFO - [2025-12-28T15:02:15.280+0000] {dagbag.py:545} INFO - Filling up the DagBag from /opt/airflow/dags/main.py
[2025-12-28T15:02:15.372+0000] {processor.py:840} INFO - DAG(s) 'youtube_video_stats', 'update_db' retrieved from /opt/airflow/dags/main.py
[2025-12-28T15:02:15.406+0000] {logging_mixin.py:188} INFO - [2025-12-28T15:02:15.405+0000] {dag.py:3096} INFO - Sync 2 DAGs
[2025-12-28T15:02:15.432+0000] {logging_mixin.py:188} INFO - [2025-12-28T15:02:15.431+0000] {dag.py:3954} INFO - Setting next_dagrun for update_db to 2025-12-28 15:00:00+00:00, run_after=2025-12-29 15:00:00+00:00
[2025-12-28T15:02:15.437+0000] {logging_mixin.py:188} INFO - [2025-12-28T15:02:15.437+0000] {dag.py:3954} INFO - Setting next_dagrun for youtube_video_stats to 2025-12-28 14:00:00+00:00, run_after=2025-12-29 14:00:00+00:00
[2025-12-28T15:02:15.458+0000] {processor.py:183} INFO - Processing /opt/airflow/dags/main.py took 0.186 seconds
[2025-12-28T15:02:45.644+0000] {processor.py:161} INFO - Started process (PID=17329) to work on /opt/airflow/dags/main.py
[2025-12-28T15:02:45.646+0000] {processor.py:830} INFO - Processing file /opt/airflow/dags/main.py for tasks to queue
[2025-12-28T15:02:45.648+0000] {logging_mixin.py:188} INFO - [2025-12-28T15:02:45.648+0000] {dagbag.py:545} INFO - Filling up the DagBag from /opt/airflow/dags/main.py
[2025-12-28T15:02:45.797+0000] {processor.py:840} INFO - DAG(s) 'update_db', 'youtube_video_stats' retrieved from /opt/airflow/dags/main.py
[2025-12-28T15:02:45.849+0000] {logging_mixin.py:188} INFO - [2025-12-28T15:02:45.849+0000] {dag.py:3096} INFO - Sync 2 DAGs
[2025-12-28T15:02:45.885+0000] {logging_mixin.py:188} INFO - [2025-12-28T15:02:45.884+0000] {dag.py:3954} INFO - Setting next_dagrun for update_db to 2025-12-28 15:00:00+00:00, run_after=2025-12-29 15:00:00+00:00
[2025-12-28T15:02:45.893+0000] {logging_mixin.py:188} INFO - [2025-12-28T15:02:45.892+0000] {dag.py:3954} INFO - Setting next_dagrun for youtube_video_stats to 2025-12-28 14:00:00+00:00, run_after=2025-12-29 14:00:00+00:00
[2025-12-28T15:02:45.922+0000] {processor.py:183} INFO - Processing /opt/airflow/dags/main.py took 0.291 seconds
[2025-12-28T15:03:16.269+0000] {processor.py:161} INFO - Started process (PID=17336) to work on /opt/airflow/dags/main.py
[2025-12-28T15:03:16.270+0000] {processor.py:830} INFO - Processing file /opt/airflow/dags/main.py for tasks to queue
[2025-12-28T15:03:16.271+0000] {logging_mixin.py:188} INFO - [2025-12-28T15:03:16.271+0000] {dagbag.py:545} INFO - Filling up the DagBag from /opt/airflow/dags/main.py
[2025-12-28T15:03:16.353+0000] {processor.py:840} INFO - DAG(s) 'youtube_video_stats', 'update_db' retrieved from /opt/airflow/dags/main.py
[2025-12-28T15:03:16.389+0000] {logging_mixin.py:188} INFO - [2025-12-28T15:03:16.388+0000] {dag.py:3096} INFO - Sync 2 DAGs
[2025-12-28T15:03:16.412+0000] {logging_mixin.py:188} INFO - [2025-12-28T15:03:16.412+0000] {dag.py:3954} INFO - Setting next_dagrun for update_db to 2025-12-28 15:00:00+00:00, run_after=2025-12-29 15:00:00+00:00
[2025-12-28T15:03:16.417+0000] {logging_mixin.py:188} INFO - [2025-12-28T15:03:16.417+0000] {dag.py:3954} INFO - Setting next_dagrun for youtube_video_stats to 2025-12-28 14:00:00+00:00, run_after=2025-12-29 14:00:00+00:00
[2025-12-28T15:03:16.437+0000] {processor.py:183} INFO - Processing /opt/airflow/dags/main.py took 0.173 seconds
[2025-12-28T15:03:46.598+0000] {processor.py:161} INFO - Started process (PID=17343) to work on /opt/airflow/dags/main.py
[2025-12-28T15:03:46.599+0000] {processor.py:830} INFO - Processing file /opt/airflow/dags/main.py for tasks to queue
[2025-12-28T15:03:46.601+0000] {logging_mixin.py:188} INFO - [2025-12-28T15:03:46.600+0000] {dagbag.py:545} INFO - Filling up the DagBag from /opt/airflow/dags/main.py
[2025-12-28T15:03:46.678+0000] {processor.py:840} INFO - DAG(s) 'youtube_video_stats', 'update_db' retrieved from /opt/airflow/dags/main.py
[2025-12-28T15:03:46.711+0000] {logging_mixin.py:188} INFO - [2025-12-28T15:03:46.710+0000] {dag.py:3096} INFO - Sync 2 DAGs
[2025-12-28T15:03:46.735+0000] {logging_mixin.py:188} INFO - [2025-12-28T15:03:46.735+0000] {dag.py:3954} INFO - Setting next_dagrun for update_db to 2025-12-28 15:00:00+00:00, run_after=2025-12-29 15:00:00+00:00
[2025-12-28T15:03:46.741+0000] {logging_mixin.py:188} INFO - [2025-12-28T15:03:46.740+0000] {dag.py:3954} INFO - Setting next_dagrun for youtube_video_stats to 2025-12-28 14:00:00+00:00, run_after=2025-12-29 14:00:00+00:00
[2025-12-28T15:03:46.756+0000] {processor.py:183} INFO - Processing /opt/airflow/dags/main.py took 0.164 seconds
[2025-12-28T15:04:16.925+0000] {processor.py:161} INFO - Started process (PID=17350) to work on /opt/airflow/dags/main.py
[2025-12-28T15:04:16.927+0000] {processor.py:830} INFO - Processing file /opt/airflow/dags/main.py for tasks to queue
[2025-12-28T15:04:16.928+0000] {logging_mixin.py:188} INFO - [2025-12-28T15:04:16.928+0000] {dagbag.py:545} INFO - Filling up the DagBag from /opt/airflow/dags/main.py
[2025-12-28T15:04:17.048+0000] {processor.py:840} INFO - DAG(s) 'update_db', 'youtube_video_stats' retrieved from /opt/airflow/dags/main.py
[2025-12-28T15:04:17.087+0000] {logging_mixin.py:188} INFO - [2025-12-28T15:04:17.087+0000] {dag.py:3096} INFO - Sync 2 DAGs
[2025-12-28T15:04:17.112+0000] {logging_mixin.py:188} INFO - [2025-12-28T15:04:17.112+0000] {dag.py:3954} INFO - Setting next_dagrun for update_db to 2025-12-28 15:00:00+00:00, run_after=2025-12-29 15:00:00+00:00
[2025-12-28T15:04:17.117+0000] {logging_mixin.py:188} INFO - [2025-12-28T15:04:17.117+0000] {dag.py:3954} INFO - Setting next_dagrun for youtube_video_stats to 2025-12-28 14:00:00+00:00, run_after=2025-12-29 14:00:00+00:00
[2025-12-28T15:04:17.149+0000] {processor.py:183} INFO - Processing /opt/airflow/dags/main.py took 0.234 seconds
[2025-12-28T15:04:47.319+0000] {processor.py:161} INFO - Started process (PID=17357) to work on /opt/airflow/dags/main.py
[2025-12-28T15:04:47.321+0000] {processor.py:830} INFO - Processing file /opt/airflow/dags/main.py for tasks to queue
[2025-12-28T15:04:47.322+0000] {logging_mixin.py:188} INFO - [2025-12-28T15:04:47.321+0000] {dagbag.py:545} INFO - Filling up the DagBag from /opt/airflow/dags/main.py
[2025-12-28T15:04:47.408+0000] {processor.py:840} INFO - DAG(s) 'youtube_video_stats', 'update_db' retrieved from /opt/airflow/dags/main.py
[2025-12-28T15:04:47.445+0000] {logging_mixin.py:188} INFO - [2025-12-28T15:04:47.444+0000] {dag.py:3096} INFO - Sync 2 DAGs
[2025-12-28T15:04:47.467+0000] {logging_mixin.py:188} INFO - [2025-12-28T15:04:47.467+0000] {dag.py:3954} INFO - Setting next_dagrun for update_db to 2025-12-28 15:00:00+00:00, run_after=2025-12-29 15:00:00+00:00
[2025-12-28T15:04:47.474+0000] {logging_mixin.py:188} INFO - [2025-12-28T15:04:47.474+0000] {dag.py:3954} INFO - Setting next_dagrun for youtube_video_stats to 2025-12-28 14:00:00+00:00, run_after=2025-12-29 14:00:00+00:00
[2025-12-28T15:04:47.500+0000] {processor.py:183} INFO - Processing /opt/airflow/dags/main.py took 0.186 seconds
[2025-12-28T15:05:17.680+0000] {processor.py:161} INFO - Started process (PID=17364) to work on /opt/airflow/dags/main.py
[2025-12-28T15:05:17.681+0000] {processor.py:830} INFO - Processing file /opt/airflow/dags/main.py for tasks to queue
[2025-12-28T15:05:17.683+0000] {logging_mixin.py:188} INFO - [2025-12-28T15:05:17.682+0000] {dagbag.py:545} INFO - Filling up the DagBag from /opt/airflow/dags/main.py
[2025-12-28T15:05:17.778+0000] {processor.py:840} INFO - DAG(s) 'youtube_video_stats', 'update_db' retrieved from /opt/airflow/dags/main.py
[2025-12-28T15:05:17.817+0000] {logging_mixin.py:188} INFO - [2025-12-28T15:05:17.817+0000] {dag.py:3096} INFO - Sync 2 DAGs
[2025-12-28T15:05:17.858+0000] {logging_mixin.py:188} INFO - [2025-12-28T15:05:17.857+0000] {dag.py:3954} INFO - Setting next_dagrun for update_db to 2025-12-28 15:00:00+00:00, run_after=2025-12-29 15:00:00+00:00
[2025-12-28T15:05:17.864+0000] {logging_mixin.py:188} INFO - [2025-12-28T15:05:17.863+0000] {dag.py:3954} INFO - Setting next_dagrun for youtube_video_stats to 2025-12-28 14:00:00+00:00, run_after=2025-12-29 14:00:00+00:00
[2025-12-28T15:05:17.884+0000] {processor.py:183} INFO - Processing /opt/airflow/dags/main.py took 0.211 seconds
[2025-12-28T15:05:48.055+0000] {processor.py:161} INFO - Started process (PID=17371) to work on /opt/airflow/dags/main.py
[2025-12-28T15:05:48.057+0000] {processor.py:830} INFO - Processing file /opt/airflow/dags/main.py for tasks to queue
[2025-12-28T15:05:48.058+0000] {logging_mixin.py:188} INFO - [2025-12-28T15:05:48.057+0000] {dagbag.py:545} INFO - Filling up the DagBag from /opt/airflow/dags/main.py
[2025-12-28T15:05:48.152+0000] {processor.py:840} INFO - DAG(s) 'update_db', 'youtube_video_stats' retrieved from /opt/airflow/dags/main.py
[2025-12-28T15:05:48.178+0000] {logging_mixin.py:188} INFO - [2025-12-28T15:05:48.178+0000] {dag.py:3096} INFO - Sync 2 DAGs
[2025-12-28T15:05:48.198+0000] {logging_mixin.py:188} INFO - [2025-12-28T15:05:48.198+0000] {dag.py:3954} INFO - Setting next_dagrun for update_db to 2025-12-28 15:00:00+00:00, run_after=2025-12-29 15:00:00+00:00
[2025-12-28T15:05:48.203+0000] {logging_mixin.py:188} INFO - [2025-12-28T15:05:48.203+0000] {dag.py:3954} INFO - Setting next_dagrun for youtube_video_stats to 2025-12-28 14:00:00+00:00, run_after=2025-12-29 14:00:00+00:00
[2025-12-28T15:05:48.220+0000] {processor.py:183} INFO - Processing /opt/airflow/dags/main.py took 0.172 seconds
[2025-12-28T15:06:18.378+0000] {processor.py:161} INFO - Started process (PID=17378) to work on /opt/airflow/dags/main.py
[2025-12-28T15:06:18.379+0000] {processor.py:830} INFO - Processing file /opt/airflow/dags/main.py for tasks to queue
[2025-12-28T15:06:18.380+0000] {logging_mixin.py:188} INFO - [2025-12-28T15:06:18.380+0000] {dagbag.py:545} INFO - Filling up the DagBag from /opt/airflow/dags/main.py
[2025-12-28T15:06:18.454+0000] {processor.py:840} INFO - DAG(s) 'youtube_video_stats', 'update_db' retrieved from /opt/airflow/dags/main.py
[2025-12-28T15:06:18.483+0000] {logging_mixin.py:188} INFO - [2025-12-28T15:06:18.483+0000] {dag.py:3096} INFO - Sync 2 DAGs
[2025-12-28T15:06:18.501+0000] {logging_mixin.py:188} INFO - [2025-12-28T15:06:18.501+0000] {dag.py:3954} INFO - Setting next_dagrun for update_db to 2025-12-28 15:00:00+00:00, run_after=2025-12-29 15:00:00+00:00
[2025-12-28T15:06:18.505+0000] {logging_mixin.py:188} INFO - [2025-12-28T15:06:18.505+0000] {dag.py:3954} INFO - Setting next_dagrun for youtube_video_stats to 2025-12-28 14:00:00+00:00, run_after=2025-12-29 14:00:00+00:00
[2025-12-28T15:06:18.519+0000] {processor.py:183} INFO - Processing /opt/airflow/dags/main.py took 0.147 seconds
[2025-12-28T15:06:48.678+0000] {processor.py:161} INFO - Started process (PID=17385) to work on /opt/airflow/dags/main.py
[2025-12-28T15:06:48.680+0000] {processor.py:830} INFO - Processing file /opt/airflow/dags/main.py for tasks to queue
[2025-12-28T15:06:48.681+0000] {logging_mixin.py:188} INFO - [2025-12-28T15:06:48.680+0000] {dagbag.py:545} INFO - Filling up the DagBag from /opt/airflow/dags/main.py
[2025-12-28T15:06:48.762+0000] {processor.py:840} INFO - DAG(s) 'update_db', 'youtube_video_stats' retrieved from /opt/airflow/dags/main.py
[2025-12-28T15:06:48.794+0000] {logging_mixin.py:188} INFO - [2025-12-28T15:06:48.794+0000] {dag.py:3096} INFO - Sync 2 DAGs
[2025-12-28T15:06:48.815+0000] {logging_mixin.py:188} INFO - [2025-12-28T15:06:48.815+0000] {dag.py:3954} INFO - Setting next_dagrun for update_db to 2025-12-28 15:00:00+00:00, run_after=2025-12-29 15:00:00+00:00
[2025-12-28T15:06:48.821+0000] {logging_mixin.py:188} INFO - [2025-12-28T15:06:48.821+0000] {dag.py:3954} INFO - Setting next_dagrun for youtube_video_stats to 2025-12-28 14:00:00+00:00, run_after=2025-12-29 14:00:00+00:00
[2025-12-28T15:06:48.840+0000] {processor.py:183} INFO - Processing /opt/airflow/dags/main.py took 0.167 seconds
[2025-12-28T15:07:19.014+0000] {processor.py:161} INFO - Started process (PID=17392) to work on /opt/airflow/dags/main.py
[2025-12-28T15:07:19.016+0000] {processor.py:830} INFO - Processing file /opt/airflow/dags/main.py for tasks to queue
[2025-12-28T15:07:19.017+0000] {logging_mixin.py:188} INFO - [2025-12-28T15:07:19.017+0000] {dagbag.py:545} INFO - Filling up the DagBag from /opt/airflow/dags/main.py
[2025-12-28T15:07:19.146+0000] {processor.py:840} INFO - DAG(s) 'update_db', 'youtube_video_stats' retrieved from /opt/airflow/dags/main.py
[2025-12-28T15:07:19.188+0000] {logging_mixin.py:188} INFO - [2025-12-28T15:07:19.187+0000] {dag.py:3096} INFO - Sync 2 DAGs
[2025-12-28T15:07:19.214+0000] {logging_mixin.py:188} INFO - [2025-12-28T15:07:19.214+0000] {dag.py:3954} INFO - Setting next_dagrun for update_db to 2025-12-28 15:00:00+00:00, run_after=2025-12-29 15:00:00+00:00
[2025-12-28T15:07:19.220+0000] {logging_mixin.py:188} INFO - [2025-12-28T15:07:19.220+0000] {dag.py:3954} INFO - Setting next_dagrun for youtube_video_stats to 2025-12-28 14:00:00+00:00, run_after=2025-12-29 14:00:00+00:00
[2025-12-28T15:07:19.242+0000] {processor.py:183} INFO - Processing /opt/airflow/dags/main.py took 0.237 seconds
[2025-12-28T15:07:49.414+0000] {processor.py:161} INFO - Started process (PID=17405) to work on /opt/airflow/dags/main.py
[2025-12-28T15:07:49.415+0000] {processor.py:830} INFO - Processing file /opt/airflow/dags/main.py for tasks to queue
[2025-12-28T15:07:49.416+0000] {logging_mixin.py:188} INFO - [2025-12-28T15:07:49.416+0000] {dagbag.py:545} INFO - Filling up the DagBag from /opt/airflow/dags/main.py
[2025-12-28T15:07:49.497+0000] {processor.py:840} INFO - DAG(s) 'update_db', 'youtube_video_stats' retrieved from /opt/airflow/dags/main.py
[2025-12-28T15:07:49.528+0000] {logging_mixin.py:188} INFO - [2025-12-28T15:07:49.527+0000] {dag.py:3096} INFO - Sync 2 DAGs
[2025-12-28T15:07:49.549+0000] {logging_mixin.py:188} INFO - [2025-12-28T15:07:49.549+0000] {dag.py:3954} INFO - Setting next_dagrun for update_db to 2025-12-28 15:00:00+00:00, run_after=2025-12-29 15:00:00+00:00
[2025-12-28T15:07:49.556+0000] {logging_mixin.py:188} INFO - [2025-12-28T15:07:49.556+0000] {dag.py:3954} INFO - Setting next_dagrun for youtube_video_stats to 2025-12-28 14:00:00+00:00, run_after=2025-12-29 14:00:00+00:00
[2025-12-28T15:07:49.573+0000] {processor.py:183} INFO - Processing /opt/airflow/dags/main.py took 0.166 seconds
[2025-12-28T15:08:19.779+0000] {processor.py:161} INFO - Started process (PID=17412) to work on /opt/airflow/dags/main.py
[2025-12-28T15:08:19.781+0000] {processor.py:830} INFO - Processing file /opt/airflow/dags/main.py for tasks to queue
[2025-12-28T15:08:19.783+0000] {logging_mixin.py:188} INFO - [2025-12-28T15:08:19.783+0000] {dagbag.py:545} INFO - Filling up the DagBag from /opt/airflow/dags/main.py
[2025-12-28T15:08:20.532+0000] {processor.py:840} INFO - DAG(s) 'youtube_video_stats', 'update_db' retrieved from /opt/airflow/dags/main.py
[2025-12-28T15:08:20.709+0000] {logging_mixin.py:188} INFO - [2025-12-28T15:08:20.708+0000] {dag.py:3096} INFO - Sync 2 DAGs
[2025-12-28T15:08:20.841+0000] {logging_mixin.py:188} INFO - [2025-12-28T15:08:20.840+0000] {dag.py:3954} INFO - Setting next_dagrun for update_db to 2025-12-28 15:00:00+00:00, run_after=2025-12-29 15:00:00+00:00
[2025-12-28T15:08:20.874+0000] {logging_mixin.py:188} INFO - [2025-12-28T15:08:20.873+0000] {dag.py:3954} INFO - Setting next_dagrun for youtube_video_stats to 2025-12-28 14:00:00+00:00, run_after=2025-12-29 14:00:00+00:00
[2025-12-28T15:08:20.973+0000] {processor.py:183} INFO - Processing /opt/airflow/dags/main.py took 1.227 seconds
[2025-12-28T15:08:51.148+0000] {processor.py:161} INFO - Started process (PID=17419) to work on /opt/airflow/dags/main.py
[2025-12-28T15:08:51.152+0000] {processor.py:830} INFO - Processing file /opt/airflow/dags/main.py for tasks to queue
[2025-12-28T15:08:51.154+0000] {logging_mixin.py:188} INFO - [2025-12-28T15:08:51.153+0000] {dagbag.py:545} INFO - Filling up the DagBag from /opt/airflow/dags/main.py
[2025-12-28T15:08:51.349+0000] {processor.py:840} INFO - DAG(s) 'update_db', 'youtube_video_stats' retrieved from /opt/airflow/dags/main.py
[2025-12-28T15:08:51.408+0000] {logging_mixin.py:188} INFO - [2025-12-28T15:08:51.408+0000] {dag.py:3096} INFO - Sync 2 DAGs
[2025-12-28T15:08:51.451+0000] {logging_mixin.py:188} INFO - [2025-12-28T15:08:51.450+0000] {dag.py:3954} INFO - Setting next_dagrun for update_db to 2025-12-28 15:00:00+00:00, run_after=2025-12-29 15:00:00+00:00
[2025-12-28T15:08:51.459+0000] {logging_mixin.py:188} INFO - [2025-12-28T15:08:51.459+0000] {dag.py:3954} INFO - Setting next_dagrun for youtube_video_stats to 2025-12-28 14:00:00+00:00, run_after=2025-12-29 14:00:00+00:00
[2025-12-28T15:08:51.487+0000] {processor.py:183} INFO - Processing /opt/airflow/dags/main.py took 0.356 seconds
[2025-12-28T15:09:21.689+0000] {processor.py:161} INFO - Started process (PID=17426) to work on /opt/airflow/dags/main.py
[2025-12-28T15:09:21.691+0000] {processor.py:830} INFO - Processing file /opt/airflow/dags/main.py for tasks to queue
[2025-12-28T15:09:21.701+0000] {logging_mixin.py:188} INFO - [2025-12-28T15:09:21.700+0000] {dagbag.py:545} INFO - Filling up the DagBag from /opt/airflow/dags/main.py
[2025-12-28T15:09:21.944+0000] {processor.py:840} INFO - DAG(s) 'update_db', 'youtube_video_stats' retrieved from /opt/airflow/dags/main.py
[2025-12-28T15:09:22.037+0000] {logging_mixin.py:188} INFO - [2025-12-28T15:09:22.037+0000] {dag.py:3096} INFO - Sync 2 DAGs
[2025-12-28T15:09:22.118+0000] {logging_mixin.py:188} INFO - [2025-12-28T15:09:22.118+0000] {dag.py:3954} INFO - Setting next_dagrun for update_db to 2025-12-28 15:00:00+00:00, run_after=2025-12-29 15:00:00+00:00
[2025-12-28T15:09:22.148+0000] {logging_mixin.py:188} INFO - [2025-12-28T15:09:22.148+0000] {dag.py:3954} INFO - Setting next_dagrun for youtube_video_stats to 2025-12-28 14:00:00+00:00, run_after=2025-12-29 14:00:00+00:00
[2025-12-28T15:09:22.349+0000] {processor.py:183} INFO - Processing /opt/airflow/dags/main.py took 0.682 seconds
[2025-12-28T15:09:52.799+0000] {processor.py:161} INFO - Started process (PID=17433) to work on /opt/airflow/dags/main.py
[2025-12-28T15:09:52.801+0000] {processor.py:830} INFO - Processing file /opt/airflow/dags/main.py for tasks to queue
[2025-12-28T15:09:52.804+0000] {logging_mixin.py:188} INFO - [2025-12-28T15:09:52.804+0000] {dagbag.py:545} INFO - Filling up the DagBag from /opt/airflow/dags/main.py
[2025-12-28T15:09:53.028+0000] {processor.py:840} INFO - DAG(s) 'update_db', 'youtube_video_stats' retrieved from /opt/airflow/dags/main.py
[2025-12-28T15:09:53.098+0000] {logging_mixin.py:188} INFO - [2025-12-28T15:09:53.097+0000] {dag.py:3096} INFO - Sync 2 DAGs
[2025-12-28T15:09:53.147+0000] {logging_mixin.py:188} INFO - [2025-12-28T15:09:53.147+0000] {dag.py:3954} INFO - Setting next_dagrun for update_db to 2025-12-28 15:00:00+00:00, run_after=2025-12-29 15:00:00+00:00
[2025-12-28T15:09:53.156+0000] {logging_mixin.py:188} INFO - [2025-12-28T15:09:53.156+0000] {dag.py:3954} INFO - Setting next_dagrun for youtube_video_stats to 2025-12-28 14:00:00+00:00, run_after=2025-12-29 14:00:00+00:00
[2025-12-28T15:09:53.189+0000] {processor.py:183} INFO - Processing /opt/airflow/dags/main.py took 0.404 seconds
[2025-12-28T15:10:23.504+0000] {processor.py:161} INFO - Started process (PID=17440) to work on /opt/airflow/dags/main.py
[2025-12-28T15:10:23.505+0000] {processor.py:830} INFO - Processing file /opt/airflow/dags/main.py for tasks to queue
[2025-12-28T15:10:23.507+0000] {logging_mixin.py:188} INFO - [2025-12-28T15:10:23.506+0000] {dagbag.py:545} INFO - Filling up the DagBag from /opt/airflow/dags/main.py
[2025-12-28T15:10:23.663+0000] {processor.py:840} INFO - DAG(s) 'update_db', 'youtube_video_stats' retrieved from /opt/airflow/dags/main.py
[2025-12-28T15:10:23.708+0000] {logging_mixin.py:188} INFO - [2025-12-28T15:10:23.707+0000] {dag.py:3096} INFO - Sync 2 DAGs
[2025-12-28T15:10:23.739+0000] {logging_mixin.py:188} INFO - [2025-12-28T15:10:23.739+0000] {dag.py:3954} INFO - Setting next_dagrun for update_db to 2025-12-28 15:00:00+00:00, run_after=2025-12-29 15:00:00+00:00
[2025-12-28T15:10:23.747+0000] {logging_mixin.py:188} INFO - [2025-12-28T15:10:23.747+0000] {dag.py:3954} INFO - Setting next_dagrun for youtube_video_stats to 2025-12-28 14:00:00+00:00, run_after=2025-12-29 14:00:00+00:00
[2025-12-28T15:10:23.774+0000] {processor.py:183} INFO - Processing /opt/airflow/dags/main.py took 0.279 seconds
[2025-12-28T15:10:53.951+0000] {processor.py:161} INFO - Started process (PID=17447) to work on /opt/airflow/dags/main.py
[2025-12-28T15:10:53.953+0000] {processor.py:830} INFO - Processing file /opt/airflow/dags/main.py for tasks to queue
[2025-12-28T15:10:53.954+0000] {logging_mixin.py:188} INFO - [2025-12-28T15:10:53.953+0000] {dagbag.py:545} INFO - Filling up the DagBag from /opt/airflow/dags/main.py
[2025-12-28T15:10:54.058+0000] {processor.py:840} INFO - DAG(s) 'update_db', 'youtube_video_stats' retrieved from /opt/airflow/dags/main.py
[2025-12-28T15:10:54.102+0000] {logging_mixin.py:188} INFO - [2025-12-28T15:10:54.102+0000] {dag.py:3096} INFO - Sync 2 DAGs
[2025-12-28T15:10:54.132+0000] {logging_mixin.py:188} INFO - [2025-12-28T15:10:54.131+0000] {dag.py:3954} INFO - Setting next_dagrun for update_db to 2025-12-28 15:00:00+00:00, run_after=2025-12-29 15:00:00+00:00
[2025-12-28T15:10:54.137+0000] {logging_mixin.py:188} INFO - [2025-12-28T15:10:54.137+0000] {dag.py:3954} INFO - Setting next_dagrun for youtube_video_stats to 2025-12-28 14:00:00+00:00, run_after=2025-12-29 14:00:00+00:00
[2025-12-28T15:10:54.154+0000] {processor.py:183} INFO - Processing /opt/airflow/dags/main.py took 0.209 seconds
[2025-12-28T15:11:24.324+0000] {processor.py:161} INFO - Started process (PID=17454) to work on /opt/airflow/dags/main.py
[2025-12-28T15:11:24.326+0000] {processor.py:830} INFO - Processing file /opt/airflow/dags/main.py for tasks to queue
[2025-12-28T15:11:24.327+0000] {logging_mixin.py:188} INFO - [2025-12-28T15:11:24.327+0000] {dagbag.py:545} INFO - Filling up the DagBag from /opt/airflow/dags/main.py
[2025-12-28T15:11:24.439+0000] {processor.py:840} INFO - DAG(s) 'youtube_video_stats', 'update_db' retrieved from /opt/airflow/dags/main.py
[2025-12-28T15:11:24.476+0000] {logging_mixin.py:188} INFO - [2025-12-28T15:11:24.476+0000] {dag.py:3096} INFO - Sync 2 DAGs
[2025-12-28T15:11:24.500+0000] {logging_mixin.py:188} INFO - [2025-12-28T15:11:24.500+0000] {dag.py:3954} INFO - Setting next_dagrun for update_db to 2025-12-28 15:00:00+00:00, run_after=2025-12-29 15:00:00+00:00
[2025-12-28T15:11:24.507+0000] {logging_mixin.py:188} INFO - [2025-12-28T15:11:24.507+0000] {dag.py:3954} INFO - Setting next_dagrun for youtube_video_stats to 2025-12-28 14:00:00+00:00, run_after=2025-12-29 14:00:00+00:00
[2025-12-28T15:11:24.526+0000] {processor.py:183} INFO - Processing /opt/airflow/dags/main.py took 0.208 seconds
[2025-12-28T15:11:54.803+0000] {processor.py:161} INFO - Started process (PID=17461) to work on /opt/airflow/dags/main.py
[2025-12-28T15:11:54.809+0000] {processor.py:830} INFO - Processing file /opt/airflow/dags/main.py for tasks to queue
[2025-12-28T15:11:54.813+0000] {logging_mixin.py:188} INFO - [2025-12-28T15:11:54.812+0000] {dagbag.py:545} INFO - Filling up the DagBag from /opt/airflow/dags/main.py
[2025-12-28T15:11:55.113+0000] {processor.py:840} INFO - DAG(s) 'update_db', 'youtube_video_stats' retrieved from /opt/airflow/dags/main.py
[2025-12-28T15:11:55.240+0000] {logging_mixin.py:188} INFO - [2025-12-28T15:11:55.239+0000] {dag.py:3096} INFO - Sync 2 DAGs
[2025-12-28T15:11:55.312+0000] {logging_mixin.py:188} INFO - [2025-12-28T15:11:55.312+0000] {dag.py:3954} INFO - Setting next_dagrun for update_db to 2025-12-28 15:00:00+00:00, run_after=2025-12-29 15:00:00+00:00
[2025-12-28T15:11:55.332+0000] {logging_mixin.py:188} INFO - [2025-12-28T15:11:55.332+0000] {dag.py:3954} INFO - Setting next_dagrun for youtube_video_stats to 2025-12-28 14:00:00+00:00, run_after=2025-12-29 14:00:00+00:00
[2025-12-28T15:11:55.381+0000] {processor.py:183} INFO - Processing /opt/airflow/dags/main.py took 0.607 seconds
[2025-12-28T15:12:25.796+0000] {processor.py:161} INFO - Started process (PID=17469) to work on /opt/airflow/dags/main.py
[2025-12-28T15:12:25.809+0000] {processor.py:830} INFO - Processing file /opt/airflow/dags/main.py for tasks to queue
[2025-12-28T15:12:25.816+0000] {logging_mixin.py:188} INFO - [2025-12-28T15:12:25.814+0000] {dagbag.py:545} INFO - Filling up the DagBag from /opt/airflow/dags/main.py
[2025-12-28T15:12:26.304+0000] {processor.py:840} INFO - DAG(s) 'update_db', 'youtube_video_stats' retrieved from /opt/airflow/dags/main.py
[2025-12-28T15:12:26.542+0000] {logging_mixin.py:188} INFO - [2025-12-28T15:12:26.537+0000] {dag.py:3096} INFO - Sync 2 DAGs
[2025-12-28T15:12:26.668+0000] {logging_mixin.py:188} INFO - [2025-12-28T15:12:26.667+0000] {dag.py:3954} INFO - Setting next_dagrun for update_db to 2025-12-28 15:00:00+00:00, run_after=2025-12-29 15:00:00+00:00
[2025-12-28T15:12:26.685+0000] {logging_mixin.py:188} INFO - [2025-12-28T15:12:26.684+0000] {dag.py:3954} INFO - Setting next_dagrun for youtube_video_stats to 2025-12-28 14:00:00+00:00, run_after=2025-12-29 14:00:00+00:00
[2025-12-28T15:12:26.735+0000] {processor.py:183} INFO - Processing /opt/airflow/dags/main.py took 1.020 seconds
[2025-12-28T15:12:57.132+0000] {processor.py:161} INFO - Started process (PID=17476) to work on /opt/airflow/dags/main.py
[2025-12-28T15:12:57.136+0000] {processor.py:830} INFO - Processing file /opt/airflow/dags/main.py for tasks to queue
[2025-12-28T15:12:57.137+0000] {logging_mixin.py:188} INFO - [2025-12-28T15:12:57.137+0000] {dagbag.py:545} INFO - Filling up the DagBag from /opt/airflow/dags/main.py
[2025-12-28T15:12:57.288+0000] {processor.py:840} INFO - DAG(s) 'update_db', 'youtube_video_stats' retrieved from /opt/airflow/dags/main.py
[2025-12-28T15:12:57.340+0000] {logging_mixin.py:188} INFO - [2025-12-28T15:12:57.340+0000] {dag.py:3096} INFO - Sync 2 DAGs
[2025-12-28T15:12:57.371+0000] {logging_mixin.py:188} INFO - [2025-12-28T15:12:57.371+0000] {dag.py:3954} INFO - Setting next_dagrun for update_db to 2025-12-28 15:00:00+00:00, run_after=2025-12-29 15:00:00+00:00
[2025-12-28T15:12:57.379+0000] {logging_mixin.py:188} INFO - [2025-12-28T15:12:57.378+0000] {dag.py:3954} INFO - Setting next_dagrun for youtube_video_stats to 2025-12-28 14:00:00+00:00, run_after=2025-12-29 14:00:00+00:00
[2025-12-28T15:12:57.403+0000] {processor.py:183} INFO - Processing /opt/airflow/dags/main.py took 0.278 seconds
[2025-12-28T15:13:27.485+0000] {processor.py:161} INFO - Started process (PID=17483) to work on /opt/airflow/dags/main.py
[2025-12-28T15:13:27.488+0000] {processor.py:830} INFO - Processing file /opt/airflow/dags/main.py for tasks to queue
[2025-12-28T15:13:27.490+0000] {logging_mixin.py:188} INFO - [2025-12-28T15:13:27.489+0000] {dagbag.py:545} INFO - Filling up the DagBag from /opt/airflow/dags/main.py
[2025-12-28T15:13:27.669+0000] {processor.py:840} INFO - DAG(s) 'update_db', 'youtube_video_stats' retrieved from /opt/airflow/dags/main.py
[2025-12-28T15:13:27.759+0000] {logging_mixin.py:188} INFO - [2025-12-28T15:13:27.758+0000] {dag.py:3096} INFO - Sync 2 DAGs
[2025-12-28T15:13:27.818+0000] {logging_mixin.py:188} INFO - [2025-12-28T15:13:27.817+0000] {dag.py:3954} INFO - Setting next_dagrun for update_db to 2025-12-28 15:00:00+00:00, run_after=2025-12-29 15:00:00+00:00
[2025-12-28T15:13:27.827+0000] {logging_mixin.py:188} INFO - [2025-12-28T15:13:27.827+0000] {dag.py:3954} INFO - Setting next_dagrun for youtube_video_stats to 2025-12-28 14:00:00+00:00, run_after=2025-12-29 14:00:00+00:00
[2025-12-28T15:13:27.860+0000] {processor.py:183} INFO - Processing /opt/airflow/dags/main.py took 0.387 seconds
[2025-12-28T15:13:58.330+0000] {processor.py:161} INFO - Started process (PID=17490) to work on /opt/airflow/dags/main.py
[2025-12-28T15:13:58.339+0000] {processor.py:830} INFO - Processing file /opt/airflow/dags/main.py for tasks to queue
[2025-12-28T15:13:58.343+0000] {logging_mixin.py:188} INFO - [2025-12-28T15:13:58.342+0000] {dagbag.py:545} INFO - Filling up the DagBag from /opt/airflow/dags/main.py
[2025-12-28T15:14:00.800+0000] {processor.py:840} INFO - DAG(s) 'update_db', 'youtube_video_stats' retrieved from /opt/airflow/dags/main.py
[2025-12-28T15:14:01.339+0000] {logging_mixin.py:188} INFO - [2025-12-28T15:14:01.338+0000] {dag.py:3096} INFO - Sync 2 DAGs
[2025-12-28T15:14:02.027+0000] {logging_mixin.py:188} INFO - [2025-12-28T15:14:02.026+0000] {dag.py:3954} INFO - Setting next_dagrun for update_db to 2025-12-28 15:00:00+00:00, run_after=2025-12-29 15:00:00+00:00
[2025-12-28T15:14:02.117+0000] {logging_mixin.py:188} INFO - [2025-12-28T15:14:02.116+0000] {dag.py:3954} INFO - Setting next_dagrun for youtube_video_stats to 2025-12-28 14:00:00+00:00, run_after=2025-12-29 14:00:00+00:00
[2025-12-28T15:14:02.405+0000] {processor.py:183} INFO - Processing /opt/airflow/dags/main.py took 4.104 seconds
[2025-12-28T15:14:33.241+0000] {processor.py:161} INFO - Started process (PID=17497) to work on /opt/airflow/dags/main.py
[2025-12-28T15:14:33.248+0000] {processor.py:830} INFO - Processing file /opt/airflow/dags/main.py for tasks to queue
[2025-12-28T15:14:33.254+0000] {logging_mixin.py:188} INFO - [2025-12-28T15:14:33.253+0000] {dagbag.py:545} INFO - Filling up the DagBag from /opt/airflow/dags/main.py
[2025-12-28T15:14:33.887+0000] {processor.py:840} INFO - DAG(s) 'youtube_video_stats', 'update_db' retrieved from /opt/airflow/dags/main.py
[2025-12-28T15:14:34.044+0000] {logging_mixin.py:188} INFO - [2025-12-28T15:14:34.044+0000] {dag.py:3096} INFO - Sync 2 DAGs
[2025-12-28T15:14:34.132+0000] {logging_mixin.py:188} INFO - [2025-12-28T15:14:34.132+0000] {dag.py:3954} INFO - Setting next_dagrun for update_db to 2025-12-28 15:00:00+00:00, run_after=2025-12-29 15:00:00+00:00
[2025-12-28T15:14:34.144+0000] {logging_mixin.py:188} INFO - [2025-12-28T15:14:34.144+0000] {dag.py:3954} INFO - Setting next_dagrun for youtube_video_stats to 2025-12-28 14:00:00+00:00, run_after=2025-12-29 14:00:00+00:00
[2025-12-28T15:14:34.194+0000] {processor.py:183} INFO - Processing /opt/airflow/dags/main.py took 1.031 seconds
[2025-12-28T15:15:04.710+0000] {processor.py:161} INFO - Started process (PID=17504) to work on /opt/airflow/dags/main.py
[2025-12-28T15:15:04.716+0000] {processor.py:830} INFO - Processing file /opt/airflow/dags/main.py for tasks to queue
[2025-12-28T15:15:04.723+0000] {logging_mixin.py:188} INFO - [2025-12-28T15:15:04.721+0000] {dagbag.py:545} INFO - Filling up the DagBag from /opt/airflow/dags/main.py
[2025-12-28T15:15:05.157+0000] {processor.py:840} INFO - DAG(s) 'update_db', 'youtube_video_stats' retrieved from /opt/airflow/dags/main.py
[2025-12-28T15:15:05.296+0000] {logging_mixin.py:188} INFO - [2025-12-28T15:15:05.295+0000] {dag.py:3096} INFO - Sync 2 DAGs
[2025-12-28T15:15:05.372+0000] {logging_mixin.py:188} INFO - [2025-12-28T15:15:05.372+0000] {dag.py:3954} INFO - Setting next_dagrun for update_db to 2025-12-28 15:00:00+00:00, run_after=2025-12-29 15:00:00+00:00
[2025-12-28T15:15:05.384+0000] {logging_mixin.py:188} INFO - [2025-12-28T15:15:05.383+0000] {dag.py:3954} INFO - Setting next_dagrun for youtube_video_stats to 2025-12-28 14:00:00+00:00, run_after=2025-12-29 14:00:00+00:00
[2025-12-28T15:15:05.425+0000] {processor.py:183} INFO - Processing /opt/airflow/dags/main.py took 0.769 seconds
[2025-12-28T15:15:35.668+0000] {processor.py:161} INFO - Started process (PID=17511) to work on /opt/airflow/dags/main.py
[2025-12-28T15:15:35.670+0000] {processor.py:830} INFO - Processing file /opt/airflow/dags/main.py for tasks to queue
[2025-12-28T15:15:35.671+0000] {logging_mixin.py:188} INFO - [2025-12-28T15:15:35.671+0000] {dagbag.py:545} INFO - Filling up the DagBag from /opt/airflow/dags/main.py
[2025-12-28T15:15:35.868+0000] {processor.py:840} INFO - DAG(s) 'youtube_video_stats', 'update_db' retrieved from /opt/airflow/dags/main.py
[2025-12-28T15:15:35.995+0000] {logging_mixin.py:188} INFO - [2025-12-28T15:15:35.994+0000] {dag.py:3096} INFO - Sync 2 DAGs
[2025-12-28T15:15:36.160+0000] {logging_mixin.py:188} INFO - [2025-12-28T15:15:36.159+0000] {dag.py:3954} INFO - Setting next_dagrun for update_db to 2025-12-28 15:00:00+00:00, run_after=2025-12-29 15:00:00+00:00
[2025-12-28T15:15:36.166+0000] {logging_mixin.py:188} INFO - [2025-12-28T15:15:36.166+0000] {dag.py:3954} INFO - Setting next_dagrun for youtube_video_stats to 2025-12-28 14:00:00+00:00, run_after=2025-12-29 14:00:00+00:00
[2025-12-28T15:15:36.489+0000] {processor.py:183} INFO - Processing /opt/airflow/dags/main.py took 0.829 seconds
[2025-12-28T15:16:07.575+0000] {processor.py:161} INFO - Started process (PID=17518) to work on /opt/airflow/dags/main.py
[2025-12-28T15:16:07.577+0000] {processor.py:830} INFO - Processing file /opt/airflow/dags/main.py for tasks to queue
[2025-12-28T15:16:07.579+0000] {logging_mixin.py:188} INFO - [2025-12-28T15:16:07.578+0000] {dagbag.py:545} INFO - Filling up the DagBag from /opt/airflow/dags/main.py
[2025-12-28T15:16:08.720+0000] {processor.py:840} INFO - DAG(s) 'update_db', 'youtube_video_stats' retrieved from /opt/airflow/dags/main.py
[2025-12-28T15:16:08.782+0000] {logging_mixin.py:188} INFO - [2025-12-28T15:16:08.781+0000] {dag.py:3096} INFO - Sync 2 DAGs
[2025-12-28T15:16:08.892+0000] {logging_mixin.py:188} INFO - [2025-12-28T15:16:08.892+0000] {dag.py:3954} INFO - Setting next_dagrun for update_db to 2025-12-28 15:00:00+00:00, run_after=2025-12-29 15:00:00+00:00
[2025-12-28T15:16:08.908+0000] {logging_mixin.py:188} INFO - [2025-12-28T15:16:08.908+0000] {dag.py:3954} INFO - Setting next_dagrun for youtube_video_stats to 2025-12-28 14:00:00+00:00, run_after=2025-12-29 14:00:00+00:00
[2025-12-28T15:16:09.056+0000] {processor.py:183} INFO - Processing /opt/airflow/dags/main.py took 1.489 seconds
[2025-12-28T15:16:39.880+0000] {processor.py:161} INFO - Started process (PID=17525) to work on /opt/airflow/dags/main.py
[2025-12-28T15:16:39.881+0000] {processor.py:830} INFO - Processing file /opt/airflow/dags/main.py for tasks to queue
[2025-12-28T15:16:39.883+0000] {logging_mixin.py:188} INFO - [2025-12-28T15:16:39.882+0000] {dagbag.py:545} INFO - Filling up the DagBag from /opt/airflow/dags/main.py
[2025-12-28T15:16:40.014+0000] {processor.py:840} INFO - DAG(s) 'youtube_video_stats', 'update_db' retrieved from /opt/airflow/dags/main.py
[2025-12-28T15:16:40.062+0000] {logging_mixin.py:188} INFO - [2025-12-28T15:16:40.062+0000] {dag.py:3096} INFO - Sync 2 DAGs
[2025-12-28T15:16:40.093+0000] {logging_mixin.py:188} INFO - [2025-12-28T15:16:40.093+0000] {dag.py:3954} INFO - Setting next_dagrun for update_db to 2025-12-28 15:00:00+00:00, run_after=2025-12-29 15:00:00+00:00
[2025-12-28T15:16:40.102+0000] {logging_mixin.py:188} INFO - [2025-12-28T15:16:40.102+0000] {dag.py:3954} INFO - Setting next_dagrun for youtube_video_stats to 2025-12-28 14:00:00+00:00, run_after=2025-12-29 14:00:00+00:00
[2025-12-28T15:16:40.127+0000] {processor.py:183} INFO - Processing /opt/airflow/dags/main.py took 0.255 seconds
[2025-12-28T15:17:10.388+0000] {processor.py:161} INFO - Started process (PID=17532) to work on /opt/airflow/dags/main.py
[2025-12-28T15:17:10.391+0000] {processor.py:830} INFO - Processing file /opt/airflow/dags/main.py for tasks to queue
[2025-12-28T15:17:10.394+0000] {logging_mixin.py:188} INFO - [2025-12-28T15:17:10.393+0000] {dagbag.py:545} INFO - Filling up the DagBag from /opt/airflow/dags/main.py
[2025-12-28T15:17:10.657+0000] {processor.py:840} INFO - DAG(s) 'update_db', 'youtube_video_stats' retrieved from /opt/airflow/dags/main.py
[2025-12-28T15:17:10.743+0000] {logging_mixin.py:188} INFO - [2025-12-28T15:17:10.742+0000] {dag.py:3096} INFO - Sync 2 DAGs
[2025-12-28T15:17:10.809+0000] {logging_mixin.py:188} INFO - [2025-12-28T15:17:10.809+0000] {dag.py:3954} INFO - Setting next_dagrun for update_db to 2025-12-28 15:00:00+00:00, run_after=2025-12-29 15:00:00+00:00
[2025-12-28T15:17:10.826+0000] {logging_mixin.py:188} INFO - [2025-12-28T15:17:10.826+0000] {dag.py:3954} INFO - Setting next_dagrun for youtube_video_stats to 2025-12-28 14:00:00+00:00, run_after=2025-12-29 14:00:00+00:00
[2025-12-28T15:17:10.878+0000] {processor.py:183} INFO - Processing /opt/airflow/dags/main.py took 0.513 seconds
[2025-12-28T15:17:41.362+0000] {processor.py:161} INFO - Started process (PID=17539) to work on /opt/airflow/dags/main.py
[2025-12-28T15:17:41.366+0000] {processor.py:830} INFO - Processing file /opt/airflow/dags/main.py for tasks to queue
[2025-12-28T15:17:41.372+0000] {logging_mixin.py:188} INFO - [2025-12-28T15:17:41.370+0000] {dagbag.py:545} INFO - Filling up the DagBag from /opt/airflow/dags/main.py
[2025-12-28T15:17:41.611+0000] {processor.py:840} INFO - DAG(s) 'youtube_video_stats', 'update_db' retrieved from /opt/airflow/dags/main.py
[2025-12-28T15:17:41.669+0000] {logging_mixin.py:188} INFO - [2025-12-28T15:17:41.668+0000] {dag.py:3096} INFO - Sync 2 DAGs
[2025-12-28T15:17:41.727+0000] {logging_mixin.py:188} INFO - [2025-12-28T15:17:41.727+0000] {dag.py:3954} INFO - Setting next_dagrun for update_db to 2025-12-28 15:00:00+00:00, run_after=2025-12-29 15:00:00+00:00
[2025-12-28T15:17:41.745+0000] {logging_mixin.py:188} INFO - [2025-12-28T15:17:41.744+0000] {dag.py:3954} INFO - Setting next_dagrun for youtube_video_stats to 2025-12-28 14:00:00+00:00, run_after=2025-12-29 14:00:00+00:00
[2025-12-28T15:17:41.804+0000] {processor.py:183} INFO - Processing /opt/airflow/dags/main.py took 0.461 seconds
[2025-12-28T15:18:12.003+0000] {processor.py:161} INFO - Started process (PID=17546) to work on /opt/airflow/dags/main.py
[2025-12-28T15:18:12.006+0000] {processor.py:830} INFO - Processing file /opt/airflow/dags/main.py for tasks to queue
[2025-12-28T15:18:12.009+0000] {logging_mixin.py:188} INFO - [2025-12-28T15:18:12.008+0000] {dagbag.py:545} INFO - Filling up the DagBag from /opt/airflow/dags/main.py
[2025-12-28T15:18:12.312+0000] {processor.py:840} INFO - DAG(s) 'update_db', 'youtube_video_stats' retrieved from /opt/airflow/dags/main.py
[2025-12-28T15:18:12.451+0000] {logging_mixin.py:188} INFO - [2025-12-28T15:18:12.451+0000] {dag.py:3096} INFO - Sync 2 DAGs
[2025-12-28T15:18:12.523+0000] {logging_mixin.py:188} INFO - [2025-12-28T15:18:12.522+0000] {dag.py:3954} INFO - Setting next_dagrun for update_db to 2025-12-28 15:00:00+00:00, run_after=2025-12-29 15:00:00+00:00
[2025-12-28T15:18:12.549+0000] {logging_mixin.py:188} INFO - [2025-12-28T15:18:12.548+0000] {dag.py:3954} INFO - Setting next_dagrun for youtube_video_stats to 2025-12-28 14:00:00+00:00, run_after=2025-12-29 14:00:00+00:00
[2025-12-28T15:18:12.622+0000] {processor.py:183} INFO - Processing /opt/airflow/dags/main.py took 0.636 seconds
[2025-12-28T15:18:42.934+0000] {processor.py:161} INFO - Started process (PID=17553) to work on /opt/airflow/dags/main.py
[2025-12-28T15:18:42.937+0000] {processor.py:830} INFO - Processing file /opt/airflow/dags/main.py for tasks to queue
[2025-12-28T15:18:42.938+0000] {logging_mixin.py:188} INFO - [2025-12-28T15:18:42.938+0000] {dagbag.py:545} INFO - Filling up the DagBag from /opt/airflow/dags/main.py
[2025-12-28T15:18:43.046+0000] {processor.py:840} INFO - DAG(s) 'youtube_video_stats', 'update_db' retrieved from /opt/airflow/dags/main.py
[2025-12-28T15:18:43.091+0000] {logging_mixin.py:188} INFO - [2025-12-28T15:18:43.091+0000] {dag.py:3096} INFO - Sync 2 DAGs
[2025-12-28T15:18:43.120+0000] {logging_mixin.py:188} INFO - [2025-12-28T15:18:43.119+0000] {dag.py:3954} INFO - Setting next_dagrun for update_db to 2025-12-28 15:00:00+00:00, run_after=2025-12-29 15:00:00+00:00
[2025-12-28T15:18:43.127+0000] {logging_mixin.py:188} INFO - [2025-12-28T15:18:43.127+0000] {dag.py:3954} INFO - Setting next_dagrun for youtube_video_stats to 2025-12-28 14:00:00+00:00, run_after=2025-12-29 14:00:00+00:00
[2025-12-28T15:18:43.155+0000] {processor.py:183} INFO - Processing /opt/airflow/dags/main.py took 0.231 seconds
[2025-12-28T15:19:13.395+0000] {processor.py:161} INFO - Started process (PID=17560) to work on /opt/airflow/dags/main.py
[2025-12-28T15:19:13.397+0000] {processor.py:830} INFO - Processing file /opt/airflow/dags/main.py for tasks to queue
[2025-12-28T15:19:13.398+0000] {logging_mixin.py:188} INFO - [2025-12-28T15:19:13.398+0000] {dagbag.py:545} INFO - Filling up the DagBag from /opt/airflow/dags/main.py
[2025-12-28T15:19:13.526+0000] {processor.py:840} INFO - DAG(s) 'update_db', 'youtube_video_stats' retrieved from /opt/airflow/dags/main.py
[2025-12-28T15:19:13.570+0000] {logging_mixin.py:188} INFO - [2025-12-28T15:19:13.569+0000] {dag.py:3096} INFO - Sync 2 DAGs
[2025-12-28T15:19:13.616+0000] {logging_mixin.py:188} INFO - [2025-12-28T15:19:13.616+0000] {dag.py:3954} INFO - Setting next_dagrun for update_db to 2025-12-28 15:00:00+00:00, run_after=2025-12-29 15:00:00+00:00
[2025-12-28T15:19:13.627+0000] {logging_mixin.py:188} INFO - [2025-12-28T15:19:13.626+0000] {dag.py:3954} INFO - Setting next_dagrun for youtube_video_stats to 2025-12-28 14:00:00+00:00, run_after=2025-12-29 14:00:00+00:00
[2025-12-28T15:19:13.657+0000] {processor.py:183} INFO - Processing /opt/airflow/dags/main.py took 0.282 seconds
[2025-12-28T15:19:43.941+0000] {processor.py:161} INFO - Started process (PID=17567) to work on /opt/airflow/dags/main.py
[2025-12-28T15:19:43.942+0000] {processor.py:830} INFO - Processing file /opt/airflow/dags/main.py for tasks to queue
[2025-12-28T15:19:43.944+0000] {logging_mixin.py:188} INFO - [2025-12-28T15:19:43.944+0000] {dagbag.py:545} INFO - Filling up the DagBag from /opt/airflow/dags/main.py
[2025-12-28T15:19:44.091+0000] {processor.py:840} INFO - DAG(s) 'update_db', 'youtube_video_stats' retrieved from /opt/airflow/dags/main.py
[2025-12-28T15:19:44.132+0000] {logging_mixin.py:188} INFO - [2025-12-28T15:19:44.131+0000] {dag.py:3096} INFO - Sync 2 DAGs
[2025-12-28T15:19:44.159+0000] {logging_mixin.py:188} INFO - [2025-12-28T15:19:44.158+0000] {dag.py:3954} INFO - Setting next_dagrun for update_db to 2025-12-28 15:00:00+00:00, run_after=2025-12-29 15:00:00+00:00
[2025-12-28T15:19:44.164+0000] {logging_mixin.py:188} INFO - [2025-12-28T15:19:44.164+0000] {dag.py:3954} INFO - Setting next_dagrun for youtube_video_stats to 2025-12-28 14:00:00+00:00, run_after=2025-12-29 14:00:00+00:00
[2025-12-28T15:19:44.187+0000] {processor.py:183} INFO - Processing /opt/airflow/dags/main.py took 0.255 seconds
[2025-12-28T15:20:14.440+0000] {processor.py:161} INFO - Started process (PID=17574) to work on /opt/airflow/dags/main.py
[2025-12-28T15:20:14.442+0000] {processor.py:830} INFO - Processing file /opt/airflow/dags/main.py for tasks to queue
[2025-12-28T15:20:14.443+0000] {logging_mixin.py:188} INFO - [2025-12-28T15:20:14.443+0000] {dagbag.py:545} INFO - Filling up the DagBag from /opt/airflow/dags/main.py
[2025-12-28T15:20:14.570+0000] {processor.py:840} INFO - DAG(s) 'update_db', 'youtube_video_stats' retrieved from /opt/airflow/dags/main.py
[2025-12-28T15:20:14.614+0000] {logging_mixin.py:188} INFO - [2025-12-28T15:20:14.613+0000] {dag.py:3096} INFO - Sync 2 DAGs
[2025-12-28T15:20:14.643+0000] {logging_mixin.py:188} INFO - [2025-12-28T15:20:14.643+0000] {dag.py:3954} INFO - Setting next_dagrun for update_db to 2025-12-28 15:00:00+00:00, run_after=2025-12-29 15:00:00+00:00
[2025-12-28T15:20:14.650+0000] {logging_mixin.py:188} INFO - [2025-12-28T15:20:14.650+0000] {dag.py:3954} INFO - Setting next_dagrun for youtube_video_stats to 2025-12-28 14:00:00+00:00, run_after=2025-12-29 14:00:00+00:00
[2025-12-28T15:20:14.674+0000] {processor.py:183} INFO - Processing /opt/airflow/dags/main.py took 0.245 seconds
[2025-12-28T15:20:44.870+0000] {processor.py:161} INFO - Started process (PID=17581) to work on /opt/airflow/dags/main.py
[2025-12-28T15:20:44.871+0000] {processor.py:830} INFO - Processing file /opt/airflow/dags/main.py for tasks to queue
[2025-12-28T15:20:44.873+0000] {logging_mixin.py:188} INFO - [2025-12-28T15:20:44.873+0000] {dagbag.py:545} INFO - Filling up the DagBag from /opt/airflow/dags/main.py
[2025-12-28T15:20:45.028+0000] {processor.py:840} INFO - DAG(s) 'update_db', 'youtube_video_stats' retrieved from /opt/airflow/dags/main.py
[2025-12-28T15:20:45.081+0000] {logging_mixin.py:188} INFO - [2025-12-28T15:20:45.081+0000] {dag.py:3096} INFO - Sync 2 DAGs
[2025-12-28T15:20:45.115+0000] {logging_mixin.py:188} INFO - [2025-12-28T15:20:45.115+0000] {dag.py:3954} INFO - Setting next_dagrun for update_db to 2025-12-28 15:00:00+00:00, run_after=2025-12-29 15:00:00+00:00
[2025-12-28T15:20:45.124+0000] {logging_mixin.py:188} INFO - [2025-12-28T15:20:45.124+0000] {dag.py:3954} INFO - Setting next_dagrun for youtube_video_stats to 2025-12-28 14:00:00+00:00, run_after=2025-12-29 14:00:00+00:00
[2025-12-28T15:20:45.160+0000] {processor.py:183} INFO - Processing /opt/airflow/dags/main.py took 0.300 seconds
[2025-12-28T15:21:15.644+0000] {processor.py:161} INFO - Started process (PID=17588) to work on /opt/airflow/dags/main.py
[2025-12-28T15:21:15.651+0000] {processor.py:830} INFO - Processing file /opt/airflow/dags/main.py for tasks to queue
[2025-12-28T15:21:15.658+0000] {logging_mixin.py:188} INFO - [2025-12-28T15:21:15.655+0000] {dagbag.py:545} INFO - Filling up the DagBag from /opt/airflow/dags/main.py
[2025-12-28T15:21:16.104+0000] {processor.py:840} INFO - DAG(s) 'youtube_video_stats', 'update_db' retrieved from /opt/airflow/dags/main.py
[2025-12-28T15:21:16.260+0000] {logging_mixin.py:188} INFO - [2025-12-28T15:21:16.260+0000] {dag.py:3096} INFO - Sync 2 DAGs
[2025-12-28T15:21:16.386+0000] {logging_mixin.py:188} INFO - [2025-12-28T15:21:16.386+0000] {dag.py:3954} INFO - Setting next_dagrun for update_db to 2025-12-28 15:00:00+00:00, run_after=2025-12-29 15:00:00+00:00
[2025-12-28T15:21:16.412+0000] {logging_mixin.py:188} INFO - [2025-12-28T15:21:16.411+0000] {dag.py:3954} INFO - Setting next_dagrun for youtube_video_stats to 2025-12-28 14:00:00+00:00, run_after=2025-12-29 14:00:00+00:00
[2025-12-28T15:21:16.494+0000] {processor.py:183} INFO - Processing /opt/airflow/dags/main.py took 0.926 seconds
[2025-12-28T15:21:46.748+0000] {processor.py:161} INFO - Started process (PID=17595) to work on /opt/airflow/dags/main.py
[2025-12-28T15:21:46.749+0000] {processor.py:830} INFO - Processing file /opt/airflow/dags/main.py for tasks to queue
[2025-12-28T15:21:46.751+0000] {logging_mixin.py:188} INFO - [2025-12-28T15:21:46.751+0000] {dagbag.py:545} INFO - Filling up the DagBag from /opt/airflow/dags/main.py
[2025-12-28T15:21:46.951+0000] {processor.py:840} INFO - DAG(s) 'youtube_video_stats', 'update_db' retrieved from /opt/airflow/dags/main.py
[2025-12-28T15:21:47.018+0000] {logging_mixin.py:188} INFO - [2025-12-28T15:21:47.018+0000] {dag.py:3096} INFO - Sync 2 DAGs
[2025-12-28T15:21:47.051+0000] {logging_mixin.py:188} INFO - [2025-12-28T15:21:47.050+0000] {dag.py:3954} INFO - Setting next_dagrun for update_db to 2025-12-28 15:00:00+00:00, run_after=2025-12-29 15:00:00+00:00
[2025-12-28T15:21:47.060+0000] {logging_mixin.py:188} INFO - [2025-12-28T15:21:47.060+0000] {dag.py:3954} INFO - Setting next_dagrun for youtube_video_stats to 2025-12-28 14:00:00+00:00, run_after=2025-12-29 14:00:00+00:00
[2025-12-28T15:21:47.091+0000] {processor.py:183} INFO - Processing /opt/airflow/dags/main.py took 0.351 seconds
[2025-12-28T15:22:17.311+0000] {processor.py:161} INFO - Started process (PID=17602) to work on /opt/airflow/dags/main.py
[2025-12-28T15:22:17.313+0000] {processor.py:830} INFO - Processing file /opt/airflow/dags/main.py for tasks to queue
[2025-12-28T15:22:17.315+0000] {logging_mixin.py:188} INFO - [2025-12-28T15:22:17.314+0000] {dagbag.py:545} INFO - Filling up the DagBag from /opt/airflow/dags/main.py
[2025-12-28T15:22:17.484+0000] {processor.py:840} INFO - DAG(s) 'youtube_video_stats', 'update_db' retrieved from /opt/airflow/dags/main.py
[2025-12-28T15:22:17.538+0000] {logging_mixin.py:188} INFO - [2025-12-28T15:22:17.538+0000] {dag.py:3096} INFO - Sync 2 DAGs
[2025-12-28T15:22:17.583+0000] {logging_mixin.py:188} INFO - [2025-12-28T15:22:17.582+0000] {dag.py:3954} INFO - Setting next_dagrun for update_db to 2025-12-28 15:00:00+00:00, run_after=2025-12-29 15:00:00+00:00
[2025-12-28T15:22:17.594+0000] {logging_mixin.py:188} INFO - [2025-12-28T15:22:17.594+0000] {dag.py:3954} INFO - Setting next_dagrun for youtube_video_stats to 2025-12-28 14:00:00+00:00, run_after=2025-12-29 14:00:00+00:00
[2025-12-28T15:22:17.625+0000] {processor.py:183} INFO - Processing /opt/airflow/dags/main.py took 0.324 seconds
[2025-12-28T15:22:47.920+0000] {processor.py:161} INFO - Started process (PID=17609) to work on /opt/airflow/dags/main.py
[2025-12-28T15:22:47.922+0000] {processor.py:830} INFO - Processing file /opt/airflow/dags/main.py for tasks to queue
[2025-12-28T15:22:47.924+0000] {logging_mixin.py:188} INFO - [2025-12-28T15:22:47.923+0000] {dagbag.py:545} INFO - Filling up the DagBag from /opt/airflow/dags/main.py
[2025-12-28T15:22:48.060+0000] {processor.py:840} INFO - DAG(s) 'update_db', 'youtube_video_stats' retrieved from /opt/airflow/dags/main.py
[2025-12-28T15:22:48.106+0000] {logging_mixin.py:188} INFO - [2025-12-28T15:22:48.106+0000] {dag.py:3096} INFO - Sync 2 DAGs
[2025-12-28T15:22:48.141+0000] {logging_mixin.py:188} INFO - [2025-12-28T15:22:48.141+0000] {dag.py:3954} INFO - Setting next_dagrun for update_db to 2025-12-28 15:00:00+00:00, run_after=2025-12-29 15:00:00+00:00
[2025-12-28T15:22:48.149+0000] {logging_mixin.py:188} INFO - [2025-12-28T15:22:48.149+0000] {dag.py:3954} INFO - Setting next_dagrun for youtube_video_stats to 2025-12-28 14:00:00+00:00, run_after=2025-12-29 14:00:00+00:00
[2025-12-28T15:22:48.173+0000] {processor.py:183} INFO - Processing /opt/airflow/dags/main.py took 0.264 seconds
[2025-12-28T15:23:18.407+0000] {processor.py:161} INFO - Started process (PID=17616) to work on /opt/airflow/dags/main.py
[2025-12-28T15:23:18.409+0000] {processor.py:830} INFO - Processing file /opt/airflow/dags/main.py for tasks to queue
[2025-12-28T15:23:18.410+0000] {logging_mixin.py:188} INFO - [2025-12-28T15:23:18.410+0000] {dagbag.py:545} INFO - Filling up the DagBag from /opt/airflow/dags/main.py
[2025-12-28T15:23:18.616+0000] {processor.py:840} INFO - DAG(s) 'youtube_video_stats', 'update_db' retrieved from /opt/airflow/dags/main.py
[2025-12-28T15:23:18.705+0000] {logging_mixin.py:188} INFO - [2025-12-28T15:23:18.704+0000] {dag.py:3096} INFO - Sync 2 DAGs
[2025-12-28T15:23:18.754+0000] {logging_mixin.py:188} INFO - [2025-12-28T15:23:18.754+0000] {dag.py:3954} INFO - Setting next_dagrun for update_db to 2025-12-28 15:00:00+00:00, run_after=2025-12-29 15:00:00+00:00
[2025-12-28T15:23:18.766+0000] {logging_mixin.py:188} INFO - [2025-12-28T15:23:18.765+0000] {dag.py:3954} INFO - Setting next_dagrun for youtube_video_stats to 2025-12-28 14:00:00+00:00, run_after=2025-12-29 14:00:00+00:00
[2025-12-28T15:23:18.801+0000] {processor.py:183} INFO - Processing /opt/airflow/dags/main.py took 0.402 seconds
[2025-12-28T15:23:49.014+0000] {processor.py:161} INFO - Started process (PID=17623) to work on /opt/airflow/dags/main.py
[2025-12-28T15:23:49.018+0000] {processor.py:830} INFO - Processing file /opt/airflow/dags/main.py for tasks to queue
[2025-12-28T15:23:49.020+0000] {logging_mixin.py:188} INFO - [2025-12-28T15:23:49.020+0000] {dagbag.py:545} INFO - Filling up the DagBag from /opt/airflow/dags/main.py
[2025-12-28T15:23:49.150+0000] {processor.py:840} INFO - DAG(s) 'update_db', 'youtube_video_stats' retrieved from /opt/airflow/dags/main.py
[2025-12-28T15:23:49.191+0000] {logging_mixin.py:188} INFO - [2025-12-28T15:23:49.191+0000] {dag.py:3096} INFO - Sync 2 DAGs
[2025-12-28T15:23:49.221+0000] {logging_mixin.py:188} INFO - [2025-12-28T15:23:49.220+0000] {dag.py:3954} INFO - Setting next_dagrun for update_db to 2025-12-28 15:00:00+00:00, run_after=2025-12-29 15:00:00+00:00
[2025-12-28T15:23:49.227+0000] {logging_mixin.py:188} INFO - [2025-12-28T15:23:49.227+0000] {dag.py:3954} INFO - Setting next_dagrun for youtube_video_stats to 2025-12-28 14:00:00+00:00, run_after=2025-12-29 14:00:00+00:00
[2025-12-28T15:23:49.250+0000] {processor.py:183} INFO - Processing /opt/airflow/dags/main.py took 0.244 seconds
[2025-12-28T15:24:19.452+0000] {processor.py:161} INFO - Started process (PID=17630) to work on /opt/airflow/dags/main.py
[2025-12-28T15:24:19.453+0000] {processor.py:830} INFO - Processing file /opt/airflow/dags/main.py for tasks to queue
[2025-12-28T15:24:19.454+0000] {logging_mixin.py:188} INFO - [2025-12-28T15:24:19.454+0000] {dagbag.py:545} INFO - Filling up the DagBag from /opt/airflow/dags/main.py
[2025-12-28T15:24:19.547+0000] {processor.py:840} INFO - DAG(s) 'youtube_video_stats', 'update_db' retrieved from /opt/airflow/dags/main.py
[2025-12-28T15:24:19.587+0000] {logging_mixin.py:188} INFO - [2025-12-28T15:24:19.587+0000] {dag.py:3096} INFO - Sync 2 DAGs
[2025-12-28T15:24:19.613+0000] {logging_mixin.py:188} INFO - [2025-12-28T15:24:19.612+0000] {dag.py:3954} INFO - Setting next_dagrun for update_db to 2025-12-28 15:00:00+00:00, run_after=2025-12-29 15:00:00+00:00
[2025-12-28T15:24:19.619+0000] {logging_mixin.py:188} INFO - [2025-12-28T15:24:19.619+0000] {dag.py:3954} INFO - Setting next_dagrun for youtube_video_stats to 2025-12-28 14:00:00+00:00, run_after=2025-12-29 14:00:00+00:00
[2025-12-28T15:24:19.639+0000] {processor.py:183} INFO - Processing /opt/airflow/dags/main.py took 0.194 seconds
[2025-12-28T15:24:49.810+0000] {processor.py:161} INFO - Started process (PID=17637) to work on /opt/airflow/dags/main.py
[2025-12-28T15:24:49.811+0000] {processor.py:830} INFO - Processing file /opt/airflow/dags/main.py for tasks to queue
[2025-12-28T15:24:49.812+0000] {logging_mixin.py:188} INFO - [2025-12-28T15:24:49.812+0000] {dagbag.py:545} INFO - Filling up the DagBag from /opt/airflow/dags/main.py
[2025-12-28T15:24:49.919+0000] {processor.py:840} INFO - DAG(s) 'update_db', 'youtube_video_stats' retrieved from /opt/airflow/dags/main.py
[2025-12-28T15:24:49.954+0000] {logging_mixin.py:188} INFO - [2025-12-28T15:24:49.954+0000] {dag.py:3096} INFO - Sync 2 DAGs
[2025-12-28T15:24:49.978+0000] {logging_mixin.py:188} INFO - [2025-12-28T15:24:49.978+0000] {dag.py:3954} INFO - Setting next_dagrun for update_db to 2025-12-28 15:00:00+00:00, run_after=2025-12-29 15:00:00+00:00
[2025-12-28T15:24:49.984+0000] {logging_mixin.py:188} INFO - [2025-12-28T15:24:49.983+0000] {dag.py:3954} INFO - Setting next_dagrun for youtube_video_stats to 2025-12-28 14:00:00+00:00, run_after=2025-12-29 14:00:00+00:00
[2025-12-28T15:24:50.009+0000] {processor.py:183} INFO - Processing /opt/airflow/dags/main.py took 0.205 seconds
[2025-12-28T15:25:20.085+0000] {processor.py:161} INFO - Started process (PID=17644) to work on /opt/airflow/dags/main.py
[2025-12-28T15:25:20.087+0000] {processor.py:830} INFO - Processing file /opt/airflow/dags/main.py for tasks to queue
[2025-12-28T15:25:20.088+0000] {logging_mixin.py:188} INFO - [2025-12-28T15:25:20.088+0000] {dagbag.py:545} INFO - Filling up the DagBag from /opt/airflow/dags/main.py
[2025-12-28T15:25:20.232+0000] {processor.py:840} INFO - DAG(s) 'youtube_video_stats', 'update_db' retrieved from /opt/airflow/dags/main.py
[2025-12-28T15:25:20.273+0000] {logging_mixin.py:188} INFO - [2025-12-28T15:25:20.273+0000] {dag.py:3096} INFO - Sync 2 DAGs
[2025-12-28T15:25:20.304+0000] {logging_mixin.py:188} INFO - [2025-12-28T15:25:20.303+0000] {dag.py:3954} INFO - Setting next_dagrun for update_db to 2025-12-28 15:00:00+00:00, run_after=2025-12-29 15:00:00+00:00
[2025-12-28T15:25:20.311+0000] {logging_mixin.py:188} INFO - [2025-12-28T15:25:20.311+0000] {dag.py:3954} INFO - Setting next_dagrun for youtube_video_stats to 2025-12-28 14:00:00+00:00, run_after=2025-12-29 14:00:00+00:00
[2025-12-28T15:25:20.335+0000] {processor.py:183} INFO - Processing /opt/airflow/dags/main.py took 0.260 seconds
[2025-12-28T15:25:50.511+0000] {processor.py:161} INFO - Started process (PID=17651) to work on /opt/airflow/dags/main.py
[2025-12-28T15:25:50.512+0000] {processor.py:830} INFO - Processing file /opt/airflow/dags/main.py for tasks to queue
[2025-12-28T15:25:50.513+0000] {logging_mixin.py:188} INFO - [2025-12-28T15:25:50.513+0000] {dagbag.py:545} INFO - Filling up the DagBag from /opt/airflow/dags/main.py
[2025-12-28T15:25:50.624+0000] {processor.py:840} INFO - DAG(s) 'youtube_video_stats', 'update_db' retrieved from /opt/airflow/dags/main.py
[2025-12-28T15:25:50.660+0000] {logging_mixin.py:188} INFO - [2025-12-28T15:25:50.660+0000] {dag.py:3096} INFO - Sync 2 DAGs
[2025-12-28T15:25:50.689+0000] {logging_mixin.py:188} INFO - [2025-12-28T15:25:50.689+0000] {dag.py:3954} INFO - Setting next_dagrun for update_db to 2025-12-28 15:00:00+00:00, run_after=2025-12-29 15:00:00+00:00
[2025-12-28T15:25:50.696+0000] {logging_mixin.py:188} INFO - [2025-12-28T15:25:50.695+0000] {dag.py:3954} INFO - Setting next_dagrun for youtube_video_stats to 2025-12-28 14:00:00+00:00, run_after=2025-12-29 14:00:00+00:00
[2025-12-28T15:25:50.719+0000] {processor.py:183} INFO - Processing /opt/airflow/dags/main.py took 0.216 seconds
[2025-12-28T15:26:20.884+0000] {processor.py:161} INFO - Started process (PID=17658) to work on /opt/airflow/dags/main.py
[2025-12-28T15:26:20.886+0000] {processor.py:830} INFO - Processing file /opt/airflow/dags/main.py for tasks to queue
[2025-12-28T15:26:20.887+0000] {logging_mixin.py:188} INFO - [2025-12-28T15:26:20.886+0000] {dagbag.py:545} INFO - Filling up the DagBag from /opt/airflow/dags/main.py
[2025-12-28T15:26:20.975+0000] {processor.py:840} INFO - DAG(s) 'update_db', 'youtube_video_stats' retrieved from /opt/airflow/dags/main.py
[2025-12-28T15:26:21.010+0000] {logging_mixin.py:188} INFO - [2025-12-28T15:26:21.010+0000] {dag.py:3096} INFO - Sync 2 DAGs
[2025-12-28T15:26:21.033+0000] {logging_mixin.py:188} INFO - [2025-12-28T15:26:21.033+0000] {dag.py:3954} INFO - Setting next_dagrun for update_db to 2025-12-28 15:00:00+00:00, run_after=2025-12-29 15:00:00+00:00
[2025-12-28T15:26:21.039+0000] {logging_mixin.py:188} INFO - [2025-12-28T15:26:21.039+0000] {dag.py:3954} INFO - Setting next_dagrun for youtube_video_stats to 2025-12-28 14:00:00+00:00, run_after=2025-12-29 14:00:00+00:00
[2025-12-28T15:26:21.061+0000] {processor.py:183} INFO - Processing /opt/airflow/dags/main.py took 0.185 seconds
[2025-12-28T15:26:51.233+0000] {processor.py:161} INFO - Started process (PID=17665) to work on /opt/airflow/dags/main.py
[2025-12-28T15:26:51.234+0000] {processor.py:830} INFO - Processing file /opt/airflow/dags/main.py for tasks to queue
[2025-12-28T15:26:51.236+0000] {logging_mixin.py:188} INFO - [2025-12-28T15:26:51.235+0000] {dagbag.py:545} INFO - Filling up the DagBag from /opt/airflow/dags/main.py
[2025-12-28T15:26:51.342+0000] {processor.py:840} INFO - DAG(s) 'youtube_video_stats', 'update_db' retrieved from /opt/airflow/dags/main.py
[2025-12-28T15:26:51.379+0000] {logging_mixin.py:188} INFO - [2025-12-28T15:26:51.378+0000] {dag.py:3096} INFO - Sync 2 DAGs
[2025-12-28T15:26:51.408+0000] {logging_mixin.py:188} INFO - [2025-12-28T15:26:51.407+0000] {dag.py:3954} INFO - Setting next_dagrun for update_db to 2025-12-28 15:00:00+00:00, run_after=2025-12-29 15:00:00+00:00
[2025-12-28T15:26:51.414+0000] {logging_mixin.py:188} INFO - [2025-12-28T15:26:51.413+0000] {dag.py:3954} INFO - Setting next_dagrun for youtube_video_stats to 2025-12-28 14:00:00+00:00, run_after=2025-12-29 14:00:00+00:00
[2025-12-28T15:26:51.437+0000] {processor.py:183} INFO - Processing /opt/airflow/dags/main.py took 0.210 seconds
[2025-12-28T15:27:21.652+0000] {processor.py:161} INFO - Started process (PID=17672) to work on /opt/airflow/dags/main.py
[2025-12-28T15:27:21.653+0000] {processor.py:830} INFO - Processing file /opt/airflow/dags/main.py for tasks to queue
[2025-12-28T15:27:21.655+0000] {logging_mixin.py:188} INFO - [2025-12-28T15:27:21.654+0000] {dagbag.py:545} INFO - Filling up the DagBag from /opt/airflow/dags/main.py
[2025-12-28T15:27:21.760+0000] {processor.py:840} INFO - DAG(s) 'update_db', 'youtube_video_stats' retrieved from /opt/airflow/dags/main.py
[2025-12-28T15:27:21.799+0000] {logging_mixin.py:188} INFO - [2025-12-28T15:27:21.798+0000] {dag.py:3096} INFO - Sync 2 DAGs
[2025-12-28T15:27:21.823+0000] {logging_mixin.py:188} INFO - [2025-12-28T15:27:21.823+0000] {dag.py:3954} INFO - Setting next_dagrun for update_db to 2025-12-28 15:00:00+00:00, run_after=2025-12-29 15:00:00+00:00
[2025-12-28T15:27:21.830+0000] {logging_mixin.py:188} INFO - [2025-12-28T15:27:21.830+0000] {dag.py:3954} INFO - Setting next_dagrun for youtube_video_stats to 2025-12-28 14:00:00+00:00, run_after=2025-12-29 14:00:00+00:00
[2025-12-28T15:27:21.853+0000] {processor.py:183} INFO - Processing /opt/airflow/dags/main.py took 0.208 seconds
[2025-12-28T15:27:52.128+0000] {processor.py:161} INFO - Started process (PID=17679) to work on /opt/airflow/dags/main.py
[2025-12-28T15:27:52.129+0000] {processor.py:830} INFO - Processing file /opt/airflow/dags/main.py for tasks to queue
[2025-12-28T15:27:52.130+0000] {logging_mixin.py:188} INFO - [2025-12-28T15:27:52.130+0000] {dagbag.py:545} INFO - Filling up the DagBag from /opt/airflow/dags/main.py
[2025-12-28T15:27:52.265+0000] {processor.py:840} INFO - DAG(s) 'youtube_video_stats', 'update_db' retrieved from /opt/airflow/dags/main.py
[2025-12-28T15:27:52.305+0000] {logging_mixin.py:188} INFO - [2025-12-28T15:27:52.304+0000] {dag.py:3096} INFO - Sync 2 DAGs
[2025-12-28T15:27:52.331+0000] {logging_mixin.py:188} INFO - [2025-12-28T15:27:52.331+0000] {dag.py:3954} INFO - Setting next_dagrun for update_db to 2025-12-28 15:00:00+00:00, run_after=2025-12-29 15:00:00+00:00
[2025-12-28T15:27:52.338+0000] {logging_mixin.py:188} INFO - [2025-12-28T15:27:52.338+0000] {dag.py:3954} INFO - Setting next_dagrun for youtube_video_stats to 2025-12-28 14:00:00+00:00, run_after=2025-12-29 14:00:00+00:00
[2025-12-28T15:27:52.363+0000] {processor.py:183} INFO - Processing /opt/airflow/dags/main.py took 0.242 seconds
[2025-12-28T15:28:22.608+0000] {processor.py:161} INFO - Started process (PID=17686) to work on /opt/airflow/dags/main.py
[2025-12-28T15:28:22.610+0000] {processor.py:830} INFO - Processing file /opt/airflow/dags/main.py for tasks to queue
[2025-12-28T15:28:22.611+0000] {logging_mixin.py:188} INFO - [2025-12-28T15:28:22.611+0000] {dagbag.py:545} INFO - Filling up the DagBag from /opt/airflow/dags/main.py
[2025-12-28T15:28:22.736+0000] {processor.py:840} INFO - DAG(s) 'update_db', 'youtube_video_stats' retrieved from /opt/airflow/dags/main.py
[2025-12-28T15:28:22.785+0000] {logging_mixin.py:188} INFO - [2025-12-28T15:28:22.785+0000] {dag.py:3096} INFO - Sync 2 DAGs
[2025-12-28T15:28:22.818+0000] {logging_mixin.py:188} INFO - [2025-12-28T15:28:22.818+0000] {dag.py:3954} INFO - Setting next_dagrun for update_db to 2025-12-28 15:00:00+00:00, run_after=2025-12-29 15:00:00+00:00
[2025-12-28T15:28:22.826+0000] {logging_mixin.py:188} INFO - [2025-12-28T15:28:22.826+0000] {dag.py:3954} INFO - Setting next_dagrun for youtube_video_stats to 2025-12-28 14:00:00+00:00, run_after=2025-12-29 14:00:00+00:00
[2025-12-28T15:28:22.851+0000] {processor.py:183} INFO - Processing /opt/airflow/dags/main.py took 0.251 seconds
[2025-12-28T15:28:53.235+0000] {processor.py:161} INFO - Started process (PID=17693) to work on /opt/airflow/dags/main.py
[2025-12-28T15:28:53.239+0000] {processor.py:830} INFO - Processing file /opt/airflow/dags/main.py for tasks to queue
[2025-12-28T15:28:53.241+0000] {logging_mixin.py:188} INFO - [2025-12-28T15:28:53.241+0000] {dagbag.py:545} INFO - Filling up the DagBag from /opt/airflow/dags/main.py
[2025-12-28T15:28:53.668+0000] {processor.py:840} INFO - DAG(s) 'youtube_video_stats', 'update_db' retrieved from /opt/airflow/dags/main.py
[2025-12-28T15:28:53.732+0000] {logging_mixin.py:188} INFO - [2025-12-28T15:28:53.732+0000] {dag.py:3096} INFO - Sync 2 DAGs
[2025-12-28T15:28:53.783+0000] {logging_mixin.py:188} INFO - [2025-12-28T15:28:53.782+0000] {dag.py:3954} INFO - Setting next_dagrun for update_db to 2025-12-28 15:00:00+00:00, run_after=2025-12-29 15:00:00+00:00
[2025-12-28T15:28:53.816+0000] {logging_mixin.py:188} INFO - [2025-12-28T15:28:53.816+0000] {dag.py:3954} INFO - Setting next_dagrun for youtube_video_stats to 2025-12-28 14:00:00+00:00, run_after=2025-12-29 14:00:00+00:00
[2025-12-28T15:28:53.880+0000] {processor.py:183} INFO - Processing /opt/airflow/dags/main.py took 0.667 seconds
[2025-12-28T15:29:24.230+0000] {processor.py:161} INFO - Started process (PID=17700) to work on /opt/airflow/dags/main.py
[2025-12-28T15:29:24.232+0000] {processor.py:830} INFO - Processing file /opt/airflow/dags/main.py for tasks to queue
[2025-12-28T15:29:24.234+0000] {logging_mixin.py:188} INFO - [2025-12-28T15:29:24.233+0000] {dagbag.py:545} INFO - Filling up the DagBag from /opt/airflow/dags/main.py
[2025-12-28T15:29:24.416+0000] {processor.py:840} INFO - DAG(s) 'update_db', 'youtube_video_stats' retrieved from /opt/airflow/dags/main.py
[2025-12-28T15:29:24.488+0000] {logging_mixin.py:188} INFO - [2025-12-28T15:29:24.487+0000] {dag.py:3096} INFO - Sync 2 DAGs
[2025-12-28T15:29:24.546+0000] {logging_mixin.py:188} INFO - [2025-12-28T15:29:24.546+0000] {dag.py:3954} INFO - Setting next_dagrun for update_db to 2025-12-28 15:00:00+00:00, run_after=2025-12-29 15:00:00+00:00
[2025-12-28T15:29:24.557+0000] {logging_mixin.py:188} INFO - [2025-12-28T15:29:24.556+0000] {dag.py:3954} INFO - Setting next_dagrun for youtube_video_stats to 2025-12-28 14:00:00+00:00, run_after=2025-12-29 14:00:00+00:00
[2025-12-28T15:29:24.590+0000] {processor.py:183} INFO - Processing /opt/airflow/dags/main.py took 0.374 seconds
[2025-12-28T15:29:54.840+0000] {processor.py:161} INFO - Started process (PID=17707) to work on /opt/airflow/dags/main.py
[2025-12-28T15:29:54.842+0000] {processor.py:830} INFO - Processing file /opt/airflow/dags/main.py for tasks to queue
[2025-12-28T15:29:54.844+0000] {logging_mixin.py:188} INFO - [2025-12-28T15:29:54.844+0000] {dagbag.py:545} INFO - Filling up the DagBag from /opt/airflow/dags/main.py
[2025-12-28T15:29:54.984+0000] {processor.py:840} INFO - DAG(s) 'update_db', 'youtube_video_stats' retrieved from /opt/airflow/dags/main.py
[2025-12-28T15:29:55.043+0000] {logging_mixin.py:188} INFO - [2025-12-28T15:29:55.042+0000] {dag.py:3096} INFO - Sync 2 DAGs
[2025-12-28T15:29:55.098+0000] {logging_mixin.py:188} INFO - [2025-12-28T15:29:55.096+0000] {dag.py:3954} INFO - Setting next_dagrun for update_db to 2025-12-28 15:00:00+00:00, run_after=2025-12-29 15:00:00+00:00
[2025-12-28T15:29:55.113+0000] {logging_mixin.py:188} INFO - [2025-12-28T15:29:55.112+0000] {dag.py:3954} INFO - Setting next_dagrun for youtube_video_stats to 2025-12-28 14:00:00+00:00, run_after=2025-12-29 14:00:00+00:00
[2025-12-28T15:29:55.151+0000] {processor.py:183} INFO - Processing /opt/airflow/dags/main.py took 0.328 seconds
[2025-12-28T15:30:25.394+0000] {processor.py:161} INFO - Started process (PID=17714) to work on /opt/airflow/dags/main.py
[2025-12-28T15:30:25.395+0000] {processor.py:830} INFO - Processing file /opt/airflow/dags/main.py for tasks to queue
[2025-12-28T15:30:25.397+0000] {logging_mixin.py:188} INFO - [2025-12-28T15:30:25.397+0000] {dagbag.py:545} INFO - Filling up the DagBag from /opt/airflow/dags/main.py
[2025-12-28T15:30:25.531+0000] {processor.py:840} INFO - DAG(s) 'update_db', 'youtube_video_stats' retrieved from /opt/airflow/dags/main.py
[2025-12-28T15:30:25.575+0000] {logging_mixin.py:188} INFO - [2025-12-28T15:30:25.575+0000] {dag.py:3096} INFO - Sync 2 DAGs
[2025-12-28T15:30:25.607+0000] {logging_mixin.py:188} INFO - [2025-12-28T15:30:25.607+0000] {dag.py:3954} INFO - Setting next_dagrun for update_db to 2025-12-28 15:00:00+00:00, run_after=2025-12-29 15:00:00+00:00
[2025-12-28T15:30:25.616+0000] {logging_mixin.py:188} INFO - [2025-12-28T15:30:25.616+0000] {dag.py:3954} INFO - Setting next_dagrun for youtube_video_stats to 2025-12-28 14:00:00+00:00, run_after=2025-12-29 14:00:00+00:00
[2025-12-28T15:30:25.643+0000] {processor.py:183} INFO - Processing /opt/airflow/dags/main.py took 0.257 seconds
[2025-12-28T15:30:55.905+0000] {processor.py:161} INFO - Started process (PID=17721) to work on /opt/airflow/dags/main.py
[2025-12-28T15:30:55.907+0000] {processor.py:830} INFO - Processing file /opt/airflow/dags/main.py for tasks to queue
[2025-12-28T15:30:55.908+0000] {logging_mixin.py:188} INFO - [2025-12-28T15:30:55.908+0000] {dagbag.py:545} INFO - Filling up the DagBag from /opt/airflow/dags/main.py
[2025-12-28T15:30:56.022+0000] {processor.py:840} INFO - DAG(s) 'update_db', 'youtube_video_stats' retrieved from /opt/airflow/dags/main.py
[2025-12-28T15:30:56.060+0000] {logging_mixin.py:188} INFO - [2025-12-28T15:30:56.060+0000] {dag.py:3096} INFO - Sync 2 DAGs
[2025-12-28T15:30:56.087+0000] {logging_mixin.py:188} INFO - [2025-12-28T15:30:56.087+0000] {dag.py:3954} INFO - Setting next_dagrun for update_db to 2025-12-28 15:00:00+00:00, run_after=2025-12-29 15:00:00+00:00
[2025-12-28T15:30:56.094+0000] {logging_mixin.py:188} INFO - [2025-12-28T15:30:56.094+0000] {dag.py:3954} INFO - Setting next_dagrun for youtube_video_stats to 2025-12-28 14:00:00+00:00, run_after=2025-12-29 14:00:00+00:00
[2025-12-28T15:30:56.115+0000] {processor.py:183} INFO - Processing /opt/airflow/dags/main.py took 0.223 seconds
[2025-12-28T15:31:26.298+0000] {processor.py:161} INFO - Started process (PID=17728) to work on /opt/airflow/dags/main.py
[2025-12-28T15:31:26.300+0000] {processor.py:830} INFO - Processing file /opt/airflow/dags/main.py for tasks to queue
[2025-12-28T15:31:26.302+0000] {logging_mixin.py:188} INFO - [2025-12-28T15:31:26.301+0000] {dagbag.py:545} INFO - Filling up the DagBag from /opt/airflow/dags/main.py
[2025-12-28T15:31:26.456+0000] {processor.py:840} INFO - DAG(s) 'update_db', 'youtube_video_stats' retrieved from /opt/airflow/dags/main.py
[2025-12-28T15:31:26.501+0000] {logging_mixin.py:188} INFO - [2025-12-28T15:31:26.501+0000] {dag.py:3096} INFO - Sync 2 DAGs
[2025-12-28T15:31:26.536+0000] {logging_mixin.py:188} INFO - [2025-12-28T15:31:26.535+0000] {dag.py:3954} INFO - Setting next_dagrun for update_db to 2025-12-28 15:00:00+00:00, run_after=2025-12-29 15:00:00+00:00
[2025-12-28T15:31:26.544+0000] {logging_mixin.py:188} INFO - [2025-12-28T15:31:26.544+0000] {dag.py:3954} INFO - Setting next_dagrun for youtube_video_stats to 2025-12-28 14:00:00+00:00, run_after=2025-12-29 14:00:00+00:00
[2025-12-28T15:31:26.570+0000] {processor.py:183} INFO - Processing /opt/airflow/dags/main.py took 0.280 seconds
[2025-12-28T15:31:56.774+0000] {processor.py:161} INFO - Started process (PID=17735) to work on /opt/airflow/dags/main.py
[2025-12-28T15:31:56.775+0000] {processor.py:830} INFO - Processing file /opt/airflow/dags/main.py for tasks to queue
[2025-12-28T15:31:56.776+0000] {logging_mixin.py:188} INFO - [2025-12-28T15:31:56.776+0000] {dagbag.py:545} INFO - Filling up the DagBag from /opt/airflow/dags/main.py
[2025-12-28T15:31:56.890+0000] {processor.py:840} INFO - DAG(s) 'youtube_video_stats', 'update_db' retrieved from /opt/airflow/dags/main.py
[2025-12-28T15:31:56.932+0000] {logging_mixin.py:188} INFO - [2025-12-28T15:31:56.932+0000] {dag.py:3096} INFO - Sync 2 DAGs
[2025-12-28T15:31:56.962+0000] {logging_mixin.py:188} INFO - [2025-12-28T15:31:56.962+0000] {dag.py:3954} INFO - Setting next_dagrun for update_db to 2025-12-28 15:00:00+00:00, run_after=2025-12-29 15:00:00+00:00
[2025-12-28T15:31:56.969+0000] {logging_mixin.py:188} INFO - [2025-12-28T15:31:56.969+0000] {dag.py:3954} INFO - Setting next_dagrun for youtube_video_stats to 2025-12-28 14:00:00+00:00, run_after=2025-12-29 14:00:00+00:00
[2025-12-28T15:31:56.998+0000] {processor.py:183} INFO - Processing /opt/airflow/dags/main.py took 0.233 seconds
[2025-12-28T15:32:27.216+0000] {processor.py:161} INFO - Started process (PID=17742) to work on /opt/airflow/dags/main.py
[2025-12-28T15:32:27.217+0000] {processor.py:830} INFO - Processing file /opt/airflow/dags/main.py for tasks to queue
[2025-12-28T15:32:27.219+0000] {logging_mixin.py:188} INFO - [2025-12-28T15:32:27.218+0000] {dagbag.py:545} INFO - Filling up the DagBag from /opt/airflow/dags/main.py
[2025-12-28T15:32:27.341+0000] {processor.py:840} INFO - DAG(s) 'youtube_video_stats', 'update_db' retrieved from /opt/airflow/dags/main.py
[2025-12-28T15:32:27.390+0000] {logging_mixin.py:188} INFO - [2025-12-28T15:32:27.390+0000] {dag.py:3096} INFO - Sync 2 DAGs
[2025-12-28T15:32:27.423+0000] {logging_mixin.py:188} INFO - [2025-12-28T15:32:27.423+0000] {dag.py:3954} INFO - Setting next_dagrun for update_db to 2025-12-28 15:00:00+00:00, run_after=2025-12-29 15:00:00+00:00
[2025-12-28T15:32:27.430+0000] {logging_mixin.py:188} INFO - [2025-12-28T15:32:27.430+0000] {dag.py:3954} INFO - Setting next_dagrun for youtube_video_stats to 2025-12-28 14:00:00+00:00, run_after=2025-12-29 14:00:00+00:00
[2025-12-28T15:32:27.459+0000] {processor.py:183} INFO - Processing /opt/airflow/dags/main.py took 0.252 seconds
[2025-12-28T15:32:57.763+0000] {processor.py:161} INFO - Started process (PID=17749) to work on /opt/airflow/dags/main.py
[2025-12-28T15:32:57.765+0000] {processor.py:830} INFO - Processing file /opt/airflow/dags/main.py for tasks to queue
[2025-12-28T15:32:57.766+0000] {logging_mixin.py:188} INFO - [2025-12-28T15:32:57.766+0000] {dagbag.py:545} INFO - Filling up the DagBag from /opt/airflow/dags/main.py
[2025-12-28T15:32:57.894+0000] {processor.py:840} INFO - DAG(s) 'update_db', 'youtube_video_stats' retrieved from /opt/airflow/dags/main.py
[2025-12-28T15:32:57.968+0000] {logging_mixin.py:188} INFO - [2025-12-28T15:32:57.967+0000] {dag.py:3096} INFO - Sync 2 DAGs
[2025-12-28T15:32:57.997+0000] {logging_mixin.py:188} INFO - [2025-12-28T15:32:57.996+0000] {dag.py:3954} INFO - Setting next_dagrun for update_db to 2025-12-28 15:00:00+00:00, run_after=2025-12-29 15:00:00+00:00
[2025-12-28T15:32:58.005+0000] {logging_mixin.py:188} INFO - [2025-12-28T15:32:58.004+0000] {dag.py:3954} INFO - Setting next_dagrun for youtube_video_stats to 2025-12-28 14:00:00+00:00, run_after=2025-12-29 14:00:00+00:00
[2025-12-28T15:32:58.030+0000] {processor.py:183} INFO - Processing /opt/airflow/dags/main.py took 0.275 seconds
[2025-12-28T15:33:28.240+0000] {processor.py:161} INFO - Started process (PID=17756) to work on /opt/airflow/dags/main.py
[2025-12-28T15:33:28.242+0000] {processor.py:830} INFO - Processing file /opt/airflow/dags/main.py for tasks to queue
[2025-12-28T15:33:28.243+0000] {logging_mixin.py:188} INFO - [2025-12-28T15:33:28.243+0000] {dagbag.py:545} INFO - Filling up the DagBag from /opt/airflow/dags/main.py
[2025-12-28T15:33:28.385+0000] {processor.py:840} INFO - DAG(s) 'youtube_video_stats', 'update_db' retrieved from /opt/airflow/dags/main.py
[2025-12-28T15:33:28.439+0000] {logging_mixin.py:188} INFO - [2025-12-28T15:33:28.438+0000] {dag.py:3096} INFO - Sync 2 DAGs
[2025-12-28T15:33:28.474+0000] {logging_mixin.py:188} INFO - [2025-12-28T15:33:28.474+0000] {dag.py:3954} INFO - Setting next_dagrun for update_db to 2025-12-28 15:00:00+00:00, run_after=2025-12-29 15:00:00+00:00
[2025-12-28T15:33:28.482+0000] {logging_mixin.py:188} INFO - [2025-12-28T15:33:28.481+0000] {dag.py:3954} INFO - Setting next_dagrun for youtube_video_stats to 2025-12-28 14:00:00+00:00, run_after=2025-12-29 14:00:00+00:00
[2025-12-28T15:33:28.512+0000] {processor.py:183} INFO - Processing /opt/airflow/dags/main.py took 0.281 seconds
[2025-12-28T15:33:58.922+0000] {processor.py:161} INFO - Started process (PID=17763) to work on /opt/airflow/dags/main.py
[2025-12-28T15:33:58.924+0000] {processor.py:830} INFO - Processing file /opt/airflow/dags/main.py for tasks to queue
[2025-12-28T15:33:58.925+0000] {logging_mixin.py:188} INFO - [2025-12-28T15:33:58.925+0000] {dagbag.py:545} INFO - Filling up the DagBag from /opt/airflow/dags/main.py
[2025-12-28T15:33:59.119+0000] {processor.py:840} INFO - DAG(s) 'update_db', 'youtube_video_stats' retrieved from /opt/airflow/dags/main.py
[2025-12-28T15:33:59.189+0000] {logging_mixin.py:188} INFO - [2025-12-28T15:33:59.189+0000] {dag.py:3096} INFO - Sync 2 DAGs
[2025-12-28T15:33:59.229+0000] {logging_mixin.py:188} INFO - [2025-12-28T15:33:59.228+0000] {dag.py:3954} INFO - Setting next_dagrun for update_db to 2025-12-28 15:00:00+00:00, run_after=2025-12-29 15:00:00+00:00
[2025-12-28T15:33:59.238+0000] {logging_mixin.py:188} INFO - [2025-12-28T15:33:59.238+0000] {dag.py:3954} INFO - Setting next_dagrun for youtube_video_stats to 2025-12-28 14:00:00+00:00, run_after=2025-12-29 14:00:00+00:00
[2025-12-28T15:33:59.267+0000] {processor.py:183} INFO - Processing /opt/airflow/dags/main.py took 0.356 seconds
[2025-12-28T15:34:29.523+0000] {processor.py:161} INFO - Started process (PID=17770) to work on /opt/airflow/dags/main.py
[2025-12-28T15:34:29.525+0000] {processor.py:830} INFO - Processing file /opt/airflow/dags/main.py for tasks to queue
[2025-12-28T15:34:29.526+0000] {logging_mixin.py:188} INFO - [2025-12-28T15:34:29.525+0000] {dagbag.py:545} INFO - Filling up the DagBag from /opt/airflow/dags/main.py
[2025-12-28T15:34:29.639+0000] {processor.py:840} INFO - DAG(s) 'youtube_video_stats', 'update_db' retrieved from /opt/airflow/dags/main.py
[2025-12-28T15:34:29.678+0000] {logging_mixin.py:188} INFO - [2025-12-28T15:34:29.677+0000] {dag.py:3096} INFO - Sync 2 DAGs
[2025-12-28T15:34:29.706+0000] {logging_mixin.py:188} INFO - [2025-12-28T15:34:29.705+0000] {dag.py:3954} INFO - Setting next_dagrun for update_db to 2025-12-28 15:00:00+00:00, run_after=2025-12-29 15:00:00+00:00
[2025-12-28T15:34:29.712+0000] {logging_mixin.py:188} INFO - [2025-12-28T15:34:29.712+0000] {dag.py:3954} INFO - Setting next_dagrun for youtube_video_stats to 2025-12-28 14:00:00+00:00, run_after=2025-12-29 14:00:00+00:00
[2025-12-28T15:34:29.736+0000] {processor.py:183} INFO - Processing /opt/airflow/dags/main.py took 0.220 seconds
[2025-12-28T15:34:59.989+0000] {processor.py:161} INFO - Started process (PID=17777) to work on /opt/airflow/dags/main.py
[2025-12-28T15:34:59.991+0000] {processor.py:830} INFO - Processing file /opt/airflow/dags/main.py for tasks to queue
[2025-12-28T15:34:59.992+0000] {logging_mixin.py:188} INFO - [2025-12-28T15:34:59.992+0000] {dagbag.py:545} INFO - Filling up the DagBag from /opt/airflow/dags/main.py
[2025-12-28T15:35:00.155+0000] {processor.py:840} INFO - DAG(s) 'update_db', 'youtube_video_stats' retrieved from /opt/airflow/dags/main.py
[2025-12-28T15:35:00.263+0000] {logging_mixin.py:188} INFO - [2025-12-28T15:35:00.263+0000] {dag.py:3096} INFO - Sync 2 DAGs
[2025-12-28T15:35:00.312+0000] {logging_mixin.py:188} INFO - [2025-12-28T15:35:00.312+0000] {dag.py:3954} INFO - Setting next_dagrun for update_db to 2025-12-28 15:00:00+00:00, run_after=2025-12-29 15:00:00+00:00
[2025-12-28T15:35:00.323+0000] {logging_mixin.py:188} INFO - [2025-12-28T15:35:00.323+0000] {dag.py:3954} INFO - Setting next_dagrun for youtube_video_stats to 2025-12-28 14:00:00+00:00, run_after=2025-12-29 14:00:00+00:00
[2025-12-28T15:35:00.359+0000] {processor.py:183} INFO - Processing /opt/airflow/dags/main.py took 0.385 seconds
[2025-12-28T15:35:30.580+0000] {processor.py:161} INFO - Started process (PID=17784) to work on /opt/airflow/dags/main.py
[2025-12-28T15:35:30.582+0000] {processor.py:830} INFO - Processing file /opt/airflow/dags/main.py for tasks to queue
[2025-12-28T15:35:30.583+0000] {logging_mixin.py:188} INFO - [2025-12-28T15:35:30.583+0000] {dagbag.py:545} INFO - Filling up the DagBag from /opt/airflow/dags/main.py
[2025-12-28T15:35:30.688+0000] {processor.py:840} INFO - DAG(s) 'update_db', 'youtube_video_stats' retrieved from /opt/airflow/dags/main.py
[2025-12-28T15:35:30.728+0000] {logging_mixin.py:188} INFO - [2025-12-28T15:35:30.728+0000] {dag.py:3096} INFO - Sync 2 DAGs
[2025-12-28T15:35:30.754+0000] {logging_mixin.py:188} INFO - [2025-12-28T15:35:30.753+0000] {dag.py:3954} INFO - Setting next_dagrun for update_db to 2025-12-28 15:00:00+00:00, run_after=2025-12-29 15:00:00+00:00
[2025-12-28T15:35:30.760+0000] {logging_mixin.py:188} INFO - [2025-12-28T15:35:30.760+0000] {dag.py:3954} INFO - Setting next_dagrun for youtube_video_stats to 2025-12-28 14:00:00+00:00, run_after=2025-12-29 14:00:00+00:00
[2025-12-28T15:35:30.782+0000] {processor.py:183} INFO - Processing /opt/airflow/dags/main.py took 0.209 seconds
[2025-12-28T15:36:01.064+0000] {processor.py:161} INFO - Started process (PID=17791) to work on /opt/airflow/dags/main.py
[2025-12-28T15:36:01.066+0000] {processor.py:830} INFO - Processing file /opt/airflow/dags/main.py for tasks to queue
[2025-12-28T15:36:01.067+0000] {logging_mixin.py:188} INFO - [2025-12-28T15:36:01.067+0000] {dagbag.py:545} INFO - Filling up the DagBag from /opt/airflow/dags/main.py
[2025-12-28T15:36:01.169+0000] {processor.py:840} INFO - DAG(s) 'youtube_video_stats', 'update_db' retrieved from /opt/airflow/dags/main.py
[2025-12-28T15:36:01.212+0000] {logging_mixin.py:188} INFO - [2025-12-28T15:36:01.212+0000] {dag.py:3096} INFO - Sync 2 DAGs
[2025-12-28T15:36:01.241+0000] {logging_mixin.py:188} INFO - [2025-12-28T15:36:01.241+0000] {dag.py:3954} INFO - Setting next_dagrun for update_db to 2025-12-28 15:00:00+00:00, run_after=2025-12-29 15:00:00+00:00
[2025-12-28T15:36:01.248+0000] {logging_mixin.py:188} INFO - [2025-12-28T15:36:01.248+0000] {dag.py:3954} INFO - Setting next_dagrun for youtube_video_stats to 2025-12-28 14:00:00+00:00, run_after=2025-12-29 14:00:00+00:00
[2025-12-28T15:36:01.271+0000] {processor.py:183} INFO - Processing /opt/airflow/dags/main.py took 0.218 seconds
[2025-12-28T15:36:31.464+0000] {processor.py:161} INFO - Started process (PID=17798) to work on /opt/airflow/dags/main.py
[2025-12-28T15:36:31.466+0000] {processor.py:830} INFO - Processing file /opt/airflow/dags/main.py for tasks to queue
[2025-12-28T15:36:31.467+0000] {logging_mixin.py:188} INFO - [2025-12-28T15:36:31.467+0000] {dagbag.py:545} INFO - Filling up the DagBag from /opt/airflow/dags/main.py
[2025-12-28T15:36:31.592+0000] {processor.py:840} INFO - DAG(s) 'update_db', 'youtube_video_stats' retrieved from /opt/airflow/dags/main.py
[2025-12-28T15:36:31.639+0000] {logging_mixin.py:188} INFO - [2025-12-28T15:36:31.639+0000] {dag.py:3096} INFO - Sync 2 DAGs
[2025-12-28T15:36:31.670+0000] {logging_mixin.py:188} INFO - [2025-12-28T15:36:31.670+0000] {dag.py:3954} INFO - Setting next_dagrun for update_db to 2025-12-28 15:00:00+00:00, run_after=2025-12-29 15:00:00+00:00
[2025-12-28T15:36:31.677+0000] {logging_mixin.py:188} INFO - [2025-12-28T15:36:31.677+0000] {dag.py:3954} INFO - Setting next_dagrun for youtube_video_stats to 2025-12-28 14:00:00+00:00, run_after=2025-12-29 14:00:00+00:00
[2025-12-28T15:36:31.701+0000] {processor.py:183} INFO - Processing /opt/airflow/dags/main.py took 0.246 seconds
[2025-12-28T15:37:01.990+0000] {processor.py:161} INFO - Started process (PID=17806) to work on /opt/airflow/dags/main.py
[2025-12-28T15:37:01.992+0000] {processor.py:830} INFO - Processing file /opt/airflow/dags/main.py for tasks to queue
[2025-12-28T15:37:01.994+0000] {logging_mixin.py:188} INFO - [2025-12-28T15:37:01.994+0000] {dagbag.py:545} INFO - Filling up the DagBag from /opt/airflow/dags/main.py
[2025-12-28T15:37:02.176+0000] {processor.py:840} INFO - DAG(s) 'youtube_video_stats', 'update_db' retrieved from /opt/airflow/dags/main.py
[2025-12-28T15:37:02.224+0000] {logging_mixin.py:188} INFO - [2025-12-28T15:37:02.223+0000] {dag.py:3096} INFO - Sync 2 DAGs
[2025-12-28T15:37:02.272+0000] {logging_mixin.py:188} INFO - [2025-12-28T15:37:02.271+0000] {dag.py:3954} INFO - Setting next_dagrun for update_db to 2025-12-28 15:00:00+00:00, run_after=2025-12-29 15:00:00+00:00
[2025-12-28T15:37:02.283+0000] {logging_mixin.py:188} INFO - [2025-12-28T15:37:02.282+0000] {dag.py:3954} INFO - Setting next_dagrun for youtube_video_stats to 2025-12-28 14:00:00+00:00, run_after=2025-12-29 14:00:00+00:00
[2025-12-28T15:37:02.317+0000] {processor.py:183} INFO - Processing /opt/airflow/dags/main.py took 0.341 seconds
[2025-12-28T15:37:32.669+0000] {processor.py:161} INFO - Started process (PID=17813) to work on /opt/airflow/dags/main.py
[2025-12-28T15:37:32.671+0000] {processor.py:830} INFO - Processing file /opt/airflow/dags/main.py for tasks to queue
[2025-12-28T15:37:32.673+0000] {logging_mixin.py:188} INFO - [2025-12-28T15:37:32.672+0000] {dagbag.py:545} INFO - Filling up the DagBag from /opt/airflow/dags/main.py
[2025-12-28T15:37:32.838+0000] {processor.py:840} INFO - DAG(s) 'update_db', 'youtube_video_stats' retrieved from /opt/airflow/dags/main.py
[2025-12-28T15:37:32.914+0000] {logging_mixin.py:188} INFO - [2025-12-28T15:37:32.914+0000] {dag.py:3096} INFO - Sync 2 DAGs
[2025-12-28T15:37:32.960+0000] {logging_mixin.py:188} INFO - [2025-12-28T15:37:32.960+0000] {dag.py:3954} INFO - Setting next_dagrun for update_db to 2025-12-28 15:00:00+00:00, run_after=2025-12-29 15:00:00+00:00
[2025-12-28T15:37:32.970+0000] {logging_mixin.py:188} INFO - [2025-12-28T15:37:32.969+0000] {dag.py:3954} INFO - Setting next_dagrun for youtube_video_stats to 2025-12-28 14:00:00+00:00, run_after=2025-12-29 14:00:00+00:00
[2025-12-28T15:37:33.005+0000] {processor.py:183} INFO - Processing /opt/airflow/dags/main.py took 0.347 seconds
[2025-12-28T15:38:03.191+0000] {processor.py:161} INFO - Started process (PID=17826) to work on /opt/airflow/dags/main.py
[2025-12-28T15:38:03.193+0000] {processor.py:830} INFO - Processing file /opt/airflow/dags/main.py for tasks to queue
[2025-12-28T15:38:03.194+0000] {logging_mixin.py:188} INFO - [2025-12-28T15:38:03.194+0000] {dagbag.py:545} INFO - Filling up the DagBag from /opt/airflow/dags/main.py
[2025-12-28T15:38:03.349+0000] {processor.py:840} INFO - DAG(s) 'update_db', 'youtube_video_stats' retrieved from /opt/airflow/dags/main.py
[2025-12-28T15:38:03.432+0000] {logging_mixin.py:188} INFO - [2025-12-28T15:38:03.430+0000] {dag.py:3096} INFO - Sync 2 DAGs
[2025-12-28T15:38:03.508+0000] {logging_mixin.py:188} INFO - [2025-12-28T15:38:03.508+0000] {dag.py:3954} INFO - Setting next_dagrun for update_db to 2025-12-28 15:00:00+00:00, run_after=2025-12-29 15:00:00+00:00
[2025-12-28T15:38:03.527+0000] {logging_mixin.py:188} INFO - [2025-12-28T15:38:03.526+0000] {dag.py:3954} INFO - Setting next_dagrun for youtube_video_stats to 2025-12-28 14:00:00+00:00, run_after=2025-12-29 14:00:00+00:00
[2025-12-28T15:38:03.575+0000] {processor.py:183} INFO - Processing /opt/airflow/dags/main.py took 0.397 seconds
[2025-12-28T15:38:33.790+0000] {processor.py:161} INFO - Started process (PID=17833) to work on /opt/airflow/dags/main.py
[2025-12-28T15:38:33.791+0000] {processor.py:830} INFO - Processing file /opt/airflow/dags/main.py for tasks to queue
[2025-12-28T15:38:33.793+0000] {logging_mixin.py:188} INFO - [2025-12-28T15:38:33.793+0000] {dagbag.py:545} INFO - Filling up the DagBag from /opt/airflow/dags/main.py
[2025-12-28T15:38:33.940+0000] {processor.py:840} INFO - DAG(s) 'update_db', 'youtube_video_stats' retrieved from /opt/airflow/dags/main.py
[2025-12-28T15:38:33.982+0000] {logging_mixin.py:188} INFO - [2025-12-28T15:38:33.981+0000] {dag.py:3096} INFO - Sync 2 DAGs
[2025-12-28T15:38:34.018+0000] {logging_mixin.py:188} INFO - [2025-12-28T15:38:34.018+0000] {dag.py:3954} INFO - Setting next_dagrun for update_db to 2025-12-28 15:00:00+00:00, run_after=2025-12-29 15:00:00+00:00
[2025-12-28T15:38:34.027+0000] {logging_mixin.py:188} INFO - [2025-12-28T15:38:34.027+0000] {dag.py:3954} INFO - Setting next_dagrun for youtube_video_stats to 2025-12-28 14:00:00+00:00, run_after=2025-12-29 14:00:00+00:00
[2025-12-28T15:38:34.052+0000] {processor.py:183} INFO - Processing /opt/airflow/dags/main.py took 0.273 seconds
[2025-12-28T15:39:04.273+0000] {processor.py:161} INFO - Started process (PID=17840) to work on /opt/airflow/dags/main.py
[2025-12-28T15:39:04.276+0000] {processor.py:830} INFO - Processing file /opt/airflow/dags/main.py for tasks to queue
[2025-12-28T15:39:04.278+0000] {logging_mixin.py:188} INFO - [2025-12-28T15:39:04.277+0000] {dagbag.py:545} INFO - Filling up the DagBag from /opt/airflow/dags/main.py
[2025-12-28T15:39:04.461+0000] {processor.py:840} INFO - DAG(s) 'youtube_video_stats', 'update_db' retrieved from /opt/airflow/dags/main.py
[2025-12-28T15:39:04.521+0000] {logging_mixin.py:188} INFO - [2025-12-28T15:39:04.520+0000] {dag.py:3096} INFO - Sync 2 DAGs
[2025-12-28T15:39:04.574+0000] {logging_mixin.py:188} INFO - [2025-12-28T15:39:04.573+0000] {dag.py:3954} INFO - Setting next_dagrun for update_db to 2025-12-28 15:00:00+00:00, run_after=2025-12-29 15:00:00+00:00
[2025-12-28T15:39:04.586+0000] {logging_mixin.py:188} INFO - [2025-12-28T15:39:04.586+0000] {dag.py:3954} INFO - Setting next_dagrun for youtube_video_stats to 2025-12-28 14:00:00+00:00, run_after=2025-12-29 14:00:00+00:00
[2025-12-28T15:39:04.625+0000] {processor.py:183} INFO - Processing /opt/airflow/dags/main.py took 0.372 seconds
[2025-12-28T15:39:34.902+0000] {processor.py:161} INFO - Started process (PID=17847) to work on /opt/airflow/dags/main.py
[2025-12-28T15:39:34.904+0000] {processor.py:830} INFO - Processing file /opt/airflow/dags/main.py for tasks to queue
[2025-12-28T15:39:34.905+0000] {logging_mixin.py:188} INFO - [2025-12-28T15:39:34.905+0000] {dagbag.py:545} INFO - Filling up the DagBag from /opt/airflow/dags/main.py
[2025-12-28T15:39:35.029+0000] {processor.py:840} INFO - DAG(s) 'youtube_video_stats', 'update_db' retrieved from /opt/airflow/dags/main.py
[2025-12-28T15:39:35.073+0000] {logging_mixin.py:188} INFO - [2025-12-28T15:39:35.073+0000] {dag.py:3096} INFO - Sync 2 DAGs
[2025-12-28T15:39:35.102+0000] {logging_mixin.py:188} INFO - [2025-12-28T15:39:35.102+0000] {dag.py:3954} INFO - Setting next_dagrun for update_db to 2025-12-28 15:00:00+00:00, run_after=2025-12-29 15:00:00+00:00
[2025-12-28T15:39:35.110+0000] {logging_mixin.py:188} INFO - [2025-12-28T15:39:35.110+0000] {dag.py:3954} INFO - Setting next_dagrun for youtube_video_stats to 2025-12-28 14:00:00+00:00, run_after=2025-12-29 14:00:00+00:00
[2025-12-28T15:39:35.139+0000] {processor.py:183} INFO - Processing /opt/airflow/dags/main.py took 0.246 seconds
[2025-12-28T15:40:05.447+0000] {processor.py:161} INFO - Started process (PID=17854) to work on /opt/airflow/dags/main.py
[2025-12-28T15:40:05.450+0000] {processor.py:830} INFO - Processing file /opt/airflow/dags/main.py for tasks to queue
[2025-12-28T15:40:05.454+0000] {logging_mixin.py:188} INFO - [2025-12-28T15:40:05.453+0000] {dagbag.py:545} INFO - Filling up the DagBag from /opt/airflow/dags/main.py
[2025-12-28T15:40:06.638+0000] {processor.py:840} INFO - DAG(s) 'youtube_video_stats', 'update_db' retrieved from /opt/airflow/dags/main.py
[2025-12-28T15:40:06.702+0000] {logging_mixin.py:188} INFO - [2025-12-28T15:40:06.701+0000] {dag.py:3096} INFO - Sync 2 DAGs
[2025-12-28T15:40:06.744+0000] {logging_mixin.py:188} INFO - [2025-12-28T15:40:06.744+0000] {dag.py:3954} INFO - Setting next_dagrun for update_db to 2025-12-28 15:00:00+00:00, run_after=2025-12-29 15:00:00+00:00
[2025-12-28T15:40:06.753+0000] {logging_mixin.py:188} INFO - [2025-12-28T15:40:06.753+0000] {dag.py:3954} INFO - Setting next_dagrun for youtube_video_stats to 2025-12-28 14:00:00+00:00, run_after=2025-12-29 14:00:00+00:00
[2025-12-28T15:40:06.783+0000] {processor.py:183} INFO - Processing /opt/airflow/dags/main.py took 1.354 seconds
[2025-12-28T15:40:37.029+0000] {processor.py:161} INFO - Started process (PID=17861) to work on /opt/airflow/dags/main.py
[2025-12-28T15:40:37.032+0000] {processor.py:830} INFO - Processing file /opt/airflow/dags/main.py for tasks to queue
[2025-12-28T15:40:37.037+0000] {logging_mixin.py:188} INFO - [2025-12-28T15:40:37.037+0000] {dagbag.py:545} INFO - Filling up the DagBag from /opt/airflow/dags/main.py
[2025-12-28T15:40:37.224+0000] {processor.py:840} INFO - DAG(s) 'update_db', 'youtube_video_stats' retrieved from /opt/airflow/dags/main.py
[2025-12-28T15:40:37.286+0000] {logging_mixin.py:188} INFO - [2025-12-28T15:40:37.285+0000] {dag.py:3096} INFO - Sync 2 DAGs
[2025-12-28T15:40:37.324+0000] {logging_mixin.py:188} INFO - [2025-12-28T15:40:37.323+0000] {dag.py:3954} INFO - Setting next_dagrun for update_db to 2025-12-28 15:00:00+00:00, run_after=2025-12-29 15:00:00+00:00
[2025-12-28T15:40:37.334+0000] {logging_mixin.py:188} INFO - [2025-12-28T15:40:37.334+0000] {dag.py:3954} INFO - Setting next_dagrun for youtube_video_stats to 2025-12-28 14:00:00+00:00, run_after=2025-12-29 14:00:00+00:00
[2025-12-28T15:40:37.374+0000] {processor.py:183} INFO - Processing /opt/airflow/dags/main.py took 0.358 seconds
[2025-12-28T15:41:07.588+0000] {processor.py:161} INFO - Started process (PID=17868) to work on /opt/airflow/dags/main.py
[2025-12-28T15:41:07.590+0000] {processor.py:830} INFO - Processing file /opt/airflow/dags/main.py for tasks to queue
[2025-12-28T15:41:07.591+0000] {logging_mixin.py:188} INFO - [2025-12-28T15:41:07.591+0000] {dagbag.py:545} INFO - Filling up the DagBag from /opt/airflow/dags/main.py
[2025-12-28T15:41:07.723+0000] {processor.py:840} INFO - DAG(s) 'update_db', 'youtube_video_stats' retrieved from /opt/airflow/dags/main.py
[2025-12-28T15:41:07.793+0000] {logging_mixin.py:188} INFO - [2025-12-28T15:41:07.793+0000] {dag.py:3096} INFO - Sync 2 DAGs
[2025-12-28T15:41:07.823+0000] {logging_mixin.py:188} INFO - [2025-12-28T15:41:07.823+0000] {dag.py:3954} INFO - Setting next_dagrun for update_db to 2025-12-28 15:00:00+00:00, run_after=2025-12-29 15:00:00+00:00
[2025-12-28T15:41:07.831+0000] {logging_mixin.py:188} INFO - [2025-12-28T15:41:07.831+0000] {dag.py:3954} INFO - Setting next_dagrun for youtube_video_stats to 2025-12-28 14:00:00+00:00, run_after=2025-12-29 14:00:00+00:00
[2025-12-28T15:41:07.855+0000] {processor.py:183} INFO - Processing /opt/airflow/dags/main.py took 0.275 seconds
[2025-12-28T15:41:38.062+0000] {processor.py:161} INFO - Started process (PID=17875) to work on /opt/airflow/dags/main.py
[2025-12-28T15:41:38.064+0000] {processor.py:830} INFO - Processing file /opt/airflow/dags/main.py for tasks to queue
[2025-12-28T15:41:38.065+0000] {logging_mixin.py:188} INFO - [2025-12-28T15:41:38.065+0000] {dagbag.py:545} INFO - Filling up the DagBag from /opt/airflow/dags/main.py
[2025-12-28T15:41:38.191+0000] {processor.py:840} INFO - DAG(s) 'youtube_video_stats', 'update_db' retrieved from /opt/airflow/dags/main.py
[2025-12-28T15:41:38.234+0000] {logging_mixin.py:188} INFO - [2025-12-28T15:41:38.234+0000] {dag.py:3096} INFO - Sync 2 DAGs
[2025-12-28T15:41:38.263+0000] {logging_mixin.py:188} INFO - [2025-12-28T15:41:38.263+0000] {dag.py:3954} INFO - Setting next_dagrun for update_db to 2025-12-28 15:00:00+00:00, run_after=2025-12-29 15:00:00+00:00
[2025-12-28T15:41:38.270+0000] {logging_mixin.py:188} INFO - [2025-12-28T15:41:38.270+0000] {dag.py:3954} INFO - Setting next_dagrun for youtube_video_stats to 2025-12-28 14:00:00+00:00, run_after=2025-12-29 14:00:00+00:00
[2025-12-28T15:41:38.301+0000] {processor.py:183} INFO - Processing /opt/airflow/dags/main.py took 0.246 seconds
[2025-12-28T15:42:08.513+0000] {processor.py:161} INFO - Started process (PID=17882) to work on /opt/airflow/dags/main.py
[2025-12-28T15:42:08.515+0000] {processor.py:830} INFO - Processing file /opt/airflow/dags/main.py for tasks to queue
[2025-12-28T15:42:08.516+0000] {logging_mixin.py:188} INFO - [2025-12-28T15:42:08.516+0000] {dagbag.py:545} INFO - Filling up the DagBag from /opt/airflow/dags/main.py
[2025-12-28T15:42:08.647+0000] {processor.py:840} INFO - DAG(s) 'youtube_video_stats', 'update_db' retrieved from /opt/airflow/dags/main.py
[2025-12-28T15:42:08.702+0000] {logging_mixin.py:188} INFO - [2025-12-28T15:42:08.702+0000] {dag.py:3096} INFO - Sync 2 DAGs
[2025-12-28T15:42:08.738+0000] {logging_mixin.py:188} INFO - [2025-12-28T15:42:08.738+0000] {dag.py:3954} INFO - Setting next_dagrun for update_db to 2025-12-28 15:00:00+00:00, run_after=2025-12-29 15:00:00+00:00
[2025-12-28T15:42:08.746+0000] {logging_mixin.py:188} INFO - [2025-12-28T15:42:08.745+0000] {dag.py:3954} INFO - Setting next_dagrun for youtube_video_stats to 2025-12-28 14:00:00+00:00, run_after=2025-12-29 14:00:00+00:00
[2025-12-28T15:42:08.771+0000] {processor.py:183} INFO - Processing /opt/airflow/dags/main.py took 0.266 seconds
[2025-12-28T15:42:39.035+0000] {processor.py:161} INFO - Started process (PID=17889) to work on /opt/airflow/dags/main.py
[2025-12-28T15:42:39.037+0000] {processor.py:830} INFO - Processing file /opt/airflow/dags/main.py for tasks to queue
[2025-12-28T15:42:39.039+0000] {logging_mixin.py:188} INFO - [2025-12-28T15:42:39.039+0000] {dagbag.py:545} INFO - Filling up the DagBag from /opt/airflow/dags/main.py
[2025-12-28T15:42:39.169+0000] {processor.py:840} INFO - DAG(s) 'youtube_video_stats', 'update_db' retrieved from /opt/airflow/dags/main.py
[2025-12-28T15:42:39.210+0000] {logging_mixin.py:188} INFO - [2025-12-28T15:42:39.209+0000] {dag.py:3096} INFO - Sync 2 DAGs
[2025-12-28T15:42:39.240+0000] {logging_mixin.py:188} INFO - [2025-12-28T15:42:39.239+0000] {dag.py:3954} INFO - Setting next_dagrun for update_db to 2025-12-28 15:00:00+00:00, run_after=2025-12-29 15:00:00+00:00
[2025-12-28T15:42:39.246+0000] {logging_mixin.py:188} INFO - [2025-12-28T15:42:39.246+0000] {dag.py:3954} INFO - Setting next_dagrun for youtube_video_stats to 2025-12-28 14:00:00+00:00, run_after=2025-12-29 14:00:00+00:00
[2025-12-28T15:42:39.274+0000] {processor.py:183} INFO - Processing /opt/airflow/dags/main.py took 0.249 seconds
[2025-12-28T15:43:09.454+0000] {processor.py:161} INFO - Started process (PID=17897) to work on /opt/airflow/dags/main.py
[2025-12-28T15:43:09.456+0000] {processor.py:830} INFO - Processing file /opt/airflow/dags/main.py for tasks to queue
[2025-12-28T15:43:09.464+0000] {logging_mixin.py:188} INFO - [2025-12-28T15:43:09.462+0000] {dagbag.py:545} INFO - Filling up the DagBag from /opt/airflow/dags/main.py
[2025-12-28T15:43:09.670+0000] {processor.py:840} INFO - DAG(s) 'youtube_video_stats', 'update_db' retrieved from /opt/airflow/dags/main.py
[2025-12-28T15:43:09.723+0000] {logging_mixin.py:188} INFO - [2025-12-28T15:43:09.723+0000] {dag.py:3096} INFO - Sync 2 DAGs
[2025-12-28T15:43:09.762+0000] {logging_mixin.py:188} INFO - [2025-12-28T15:43:09.762+0000] {dag.py:3954} INFO - Setting next_dagrun for update_db to 2025-12-28 15:00:00+00:00, run_after=2025-12-29 15:00:00+00:00
[2025-12-28T15:43:09.771+0000] {logging_mixin.py:188} INFO - [2025-12-28T15:43:09.770+0000] {dag.py:3954} INFO - Setting next_dagrun for youtube_video_stats to 2025-12-28 14:00:00+00:00, run_after=2025-12-29 14:00:00+00:00
[2025-12-28T15:43:09.800+0000] {processor.py:183} INFO - Processing /opt/airflow/dags/main.py took 0.361 seconds
[2025-12-28T15:43:40.046+0000] {processor.py:161} INFO - Started process (PID=17904) to work on /opt/airflow/dags/main.py
[2025-12-28T15:43:40.048+0000] {processor.py:830} INFO - Processing file /opt/airflow/dags/main.py for tasks to queue
[2025-12-28T15:43:40.050+0000] {logging_mixin.py:188} INFO - [2025-12-28T15:43:40.049+0000] {dagbag.py:545} INFO - Filling up the DagBag from /opt/airflow/dags/main.py
[2025-12-28T15:43:40.194+0000] {processor.py:840} INFO - DAG(s) 'youtube_video_stats', 'update_db' retrieved from /opt/airflow/dags/main.py
[2025-12-28T15:43:40.240+0000] {logging_mixin.py:188} INFO - [2025-12-28T15:43:40.239+0000] {dag.py:3096} INFO - Sync 2 DAGs
[2025-12-28T15:43:40.268+0000] {logging_mixin.py:188} INFO - [2025-12-28T15:43:40.267+0000] {dag.py:3954} INFO - Setting next_dagrun for update_db to 2025-12-28 15:00:00+00:00, run_after=2025-12-29 15:00:00+00:00
[2025-12-28T15:43:40.276+0000] {logging_mixin.py:188} INFO - [2025-12-28T15:43:40.276+0000] {dag.py:3954} INFO - Setting next_dagrun for youtube_video_stats to 2025-12-28 14:00:00+00:00, run_after=2025-12-29 14:00:00+00:00
[2025-12-28T15:43:40.300+0000] {processor.py:183} INFO - Processing /opt/airflow/dags/main.py took 0.264 seconds
[2025-12-28T15:44:10.532+0000] {processor.py:161} INFO - Started process (PID=17911) to work on /opt/airflow/dags/main.py
[2025-12-28T15:44:10.534+0000] {processor.py:830} INFO - Processing file /opt/airflow/dags/main.py for tasks to queue
[2025-12-28T15:44:10.535+0000] {logging_mixin.py:188} INFO - [2025-12-28T15:44:10.535+0000] {dagbag.py:545} INFO - Filling up the DagBag from /opt/airflow/dags/main.py
[2025-12-28T15:44:10.998+0000] {processor.py:840} INFO - DAG(s) 'update_db', 'youtube_video_stats' retrieved from /opt/airflow/dags/main.py
[2025-12-28T15:44:11.089+0000] {logging_mixin.py:188} INFO - [2025-12-28T15:44:11.088+0000] {dag.py:3096} INFO - Sync 2 DAGs
[2025-12-28T15:44:11.144+0000] {logging_mixin.py:188} INFO - [2025-12-28T15:44:11.144+0000] {dag.py:3954} INFO - Setting next_dagrun for update_db to 2025-12-28 15:00:00+00:00, run_after=2025-12-29 15:00:00+00:00
[2025-12-28T15:44:11.157+0000] {logging_mixin.py:188} INFO - [2025-12-28T15:44:11.156+0000] {dag.py:3954} INFO - Setting next_dagrun for youtube_video_stats to 2025-12-28 14:00:00+00:00, run_after=2025-12-29 14:00:00+00:00
[2025-12-28T15:44:11.215+0000] {processor.py:183} INFO - Processing /opt/airflow/dags/main.py took 0.692 seconds
[2025-12-28T15:44:41.457+0000] {processor.py:161} INFO - Started process (PID=17918) to work on /opt/airflow/dags/main.py
[2025-12-28T15:44:41.459+0000] {processor.py:830} INFO - Processing file /opt/airflow/dags/main.py for tasks to queue
[2025-12-28T15:44:41.462+0000] {logging_mixin.py:188} INFO - [2025-12-28T15:44:41.461+0000] {dagbag.py:545} INFO - Filling up the DagBag from /opt/airflow/dags/main.py
[2025-12-28T15:44:41.670+0000] {processor.py:840} INFO - DAG(s) 'youtube_video_stats', 'update_db' retrieved from /opt/airflow/dags/main.py
[2025-12-28T15:44:41.744+0000] {logging_mixin.py:188} INFO - [2025-12-28T15:44:41.743+0000] {dag.py:3096} INFO - Sync 2 DAGs
[2025-12-28T15:44:41.806+0000] {logging_mixin.py:188} INFO - [2025-12-28T15:44:41.806+0000] {dag.py:3954} INFO - Setting next_dagrun for update_db to 2025-12-28 15:00:00+00:00, run_after=2025-12-29 15:00:00+00:00
[2025-12-28T15:44:41.819+0000] {logging_mixin.py:188} INFO - [2025-12-28T15:44:41.819+0000] {dag.py:3954} INFO - Setting next_dagrun for youtube_video_stats to 2025-12-28 14:00:00+00:00, run_after=2025-12-29 14:00:00+00:00
[2025-12-28T15:44:41.874+0000] {processor.py:183} INFO - Processing /opt/airflow/dags/main.py took 0.428 seconds
[2025-12-28T15:45:12.140+0000] {processor.py:161} INFO - Started process (PID=17925) to work on /opt/airflow/dags/main.py
[2025-12-28T15:45:12.143+0000] {processor.py:830} INFO - Processing file /opt/airflow/dags/main.py for tasks to queue
[2025-12-28T15:45:12.144+0000] {logging_mixin.py:188} INFO - [2025-12-28T15:45:12.144+0000] {dagbag.py:545} INFO - Filling up the DagBag from /opt/airflow/dags/main.py
[2025-12-28T15:45:12.307+0000] {processor.py:840} INFO - DAG(s) 'youtube_video_stats', 'update_db' retrieved from /opt/airflow/dags/main.py
[2025-12-28T15:45:12.361+0000] {logging_mixin.py:188} INFO - [2025-12-28T15:45:12.360+0000] {dag.py:3096} INFO - Sync 2 DAGs
[2025-12-28T15:45:12.402+0000] {logging_mixin.py:188} INFO - [2025-12-28T15:45:12.402+0000] {dag.py:3954} INFO - Setting next_dagrun for update_db to 2025-12-28 15:00:00+00:00, run_after=2025-12-29 15:00:00+00:00
[2025-12-28T15:45:12.415+0000] {logging_mixin.py:188} INFO - [2025-12-28T15:45:12.415+0000] {dag.py:3954} INFO - Setting next_dagrun for youtube_video_stats to 2025-12-28 14:00:00+00:00, run_after=2025-12-29 14:00:00+00:00
[2025-12-28T15:45:12.450+0000] {processor.py:183} INFO - Processing /opt/airflow/dags/main.py took 0.321 seconds
[2025-12-28T15:45:42.677+0000] {processor.py:161} INFO - Started process (PID=17932) to work on /opt/airflow/dags/main.py
[2025-12-28T15:45:42.679+0000] {processor.py:830} INFO - Processing file /opt/airflow/dags/main.py for tasks to queue
[2025-12-28T15:45:42.680+0000] {logging_mixin.py:188} INFO - [2025-12-28T15:45:42.680+0000] {dagbag.py:545} INFO - Filling up the DagBag from /opt/airflow/dags/main.py
[2025-12-28T15:45:42.791+0000] {processor.py:840} INFO - DAG(s) 'update_db', 'youtube_video_stats' retrieved from /opt/airflow/dags/main.py
[2025-12-28T15:45:42.835+0000] {logging_mixin.py:188} INFO - [2025-12-28T15:45:42.834+0000] {dag.py:3096} INFO - Sync 2 DAGs
[2025-12-28T15:45:42.865+0000] {logging_mixin.py:188} INFO - [2025-12-28T15:45:42.865+0000] {dag.py:3954} INFO - Setting next_dagrun for update_db to 2025-12-28 15:00:00+00:00, run_after=2025-12-29 15:00:00+00:00
[2025-12-28T15:45:42.872+0000] {logging_mixin.py:188} INFO - [2025-12-28T15:45:42.872+0000] {dag.py:3954} INFO - Setting next_dagrun for youtube_video_stats to 2025-12-28 14:00:00+00:00, run_after=2025-12-29 14:00:00+00:00
[2025-12-28T15:45:42.897+0000] {processor.py:183} INFO - Processing /opt/airflow/dags/main.py took 0.230 seconds
[2025-12-28T15:46:13.106+0000] {processor.py:161} INFO - Started process (PID=17939) to work on /opt/airflow/dags/main.py
[2025-12-28T15:46:13.108+0000] {processor.py:830} INFO - Processing file /opt/airflow/dags/main.py for tasks to queue
[2025-12-28T15:46:13.109+0000] {logging_mixin.py:188} INFO - [2025-12-28T15:46:13.109+0000] {dagbag.py:545} INFO - Filling up the DagBag from /opt/airflow/dags/main.py
[2025-12-28T15:46:13.270+0000] {processor.py:840} INFO - DAG(s) 'youtube_video_stats', 'update_db' retrieved from /opt/airflow/dags/main.py
[2025-12-28T15:46:13.338+0000] {logging_mixin.py:188} INFO - [2025-12-28T15:46:13.337+0000] {dag.py:3096} INFO - Sync 2 DAGs
[2025-12-28T15:46:13.380+0000] {logging_mixin.py:188} INFO - [2025-12-28T15:46:13.380+0000] {dag.py:3954} INFO - Setting next_dagrun for update_db to 2025-12-28 15:00:00+00:00, run_after=2025-12-29 15:00:00+00:00
[2025-12-28T15:46:13.398+0000] {logging_mixin.py:188} INFO - [2025-12-28T15:46:13.397+0000] {dag.py:3954} INFO - Setting next_dagrun for youtube_video_stats to 2025-12-28 14:00:00+00:00, run_after=2025-12-29 14:00:00+00:00
[2025-12-28T15:46:13.437+0000] {processor.py:183} INFO - Processing /opt/airflow/dags/main.py took 0.342 seconds
[2025-12-28T15:46:43.700+0000] {processor.py:161} INFO - Started process (PID=17946) to work on /opt/airflow/dags/main.py
[2025-12-28T15:46:43.702+0000] {processor.py:830} INFO - Processing file /opt/airflow/dags/main.py for tasks to queue
[2025-12-28T15:46:43.703+0000] {logging_mixin.py:188} INFO - [2025-12-28T15:46:43.703+0000] {dagbag.py:545} INFO - Filling up the DagBag from /opt/airflow/dags/main.py
[2025-12-28T15:46:43.880+0000] {processor.py:840} INFO - DAG(s) 'update_db', 'youtube_video_stats' retrieved from /opt/airflow/dags/main.py
[2025-12-28T15:46:43.957+0000] {logging_mixin.py:188} INFO - [2025-12-28T15:46:43.956+0000] {dag.py:3096} INFO - Sync 2 DAGs
[2025-12-28T15:46:44.006+0000] {logging_mixin.py:188} INFO - [2025-12-28T15:46:44.006+0000] {dag.py:3954} INFO - Setting next_dagrun for update_db to 2025-12-28 15:00:00+00:00, run_after=2025-12-29 15:00:00+00:00
[2025-12-28T15:46:44.016+0000] {logging_mixin.py:188} INFO - [2025-12-28T15:46:44.015+0000] {dag.py:3954} INFO - Setting next_dagrun for youtube_video_stats to 2025-12-28 14:00:00+00:00, run_after=2025-12-29 14:00:00+00:00
[2025-12-28T15:46:44.044+0000] {processor.py:183} INFO - Processing /opt/airflow/dags/main.py took 0.354 seconds
[2025-12-28T15:47:14.246+0000] {processor.py:161} INFO - Started process (PID=17953) to work on /opt/airflow/dags/main.py
[2025-12-28T15:47:14.247+0000] {processor.py:830} INFO - Processing file /opt/airflow/dags/main.py for tasks to queue
[2025-12-28T15:47:14.249+0000] {logging_mixin.py:188} INFO - [2025-12-28T15:47:14.248+0000] {dagbag.py:545} INFO - Filling up the DagBag from /opt/airflow/dags/main.py
[2025-12-28T15:47:14.359+0000] {processor.py:840} INFO - DAG(s) 'youtube_video_stats', 'update_db' retrieved from /opt/airflow/dags/main.py
[2025-12-28T15:47:14.399+0000] {logging_mixin.py:188} INFO - [2025-12-28T15:47:14.399+0000] {dag.py:3096} INFO - Sync 2 DAGs
[2025-12-28T15:47:14.434+0000] {logging_mixin.py:188} INFO - [2025-12-28T15:47:14.434+0000] {dag.py:3954} INFO - Setting next_dagrun for update_db to 2025-12-28 15:00:00+00:00, run_after=2025-12-29 15:00:00+00:00
[2025-12-28T15:47:14.441+0000] {logging_mixin.py:188} INFO - [2025-12-28T15:47:14.441+0000] {dag.py:3954} INFO - Setting next_dagrun for youtube_video_stats to 2025-12-28 14:00:00+00:00, run_after=2025-12-29 14:00:00+00:00
[2025-12-28T15:47:14.467+0000] {processor.py:183} INFO - Processing /opt/airflow/dags/main.py took 0.230 seconds
[2025-12-28T15:47:44.711+0000] {processor.py:161} INFO - Started process (PID=17960) to work on /opt/airflow/dags/main.py
[2025-12-28T15:47:44.712+0000] {processor.py:830} INFO - Processing file /opt/airflow/dags/main.py for tasks to queue
[2025-12-28T15:47:44.713+0000] {logging_mixin.py:188} INFO - [2025-12-28T15:47:44.713+0000] {dagbag.py:545} INFO - Filling up the DagBag from /opt/airflow/dags/main.py
[2025-12-28T15:47:44.852+0000] {processor.py:840} INFO - DAG(s) 'youtube_video_stats', 'update_db' retrieved from /opt/airflow/dags/main.py
[2025-12-28T15:47:44.909+0000] {logging_mixin.py:188} INFO - [2025-12-28T15:47:44.909+0000] {dag.py:3096} INFO - Sync 2 DAGs
[2025-12-28T15:47:44.941+0000] {logging_mixin.py:188} INFO - [2025-12-28T15:47:44.941+0000] {dag.py:3954} INFO - Setting next_dagrun for update_db to 2025-12-28 15:00:00+00:00, run_after=2025-12-29 15:00:00+00:00
[2025-12-28T15:47:44.948+0000] {logging_mixin.py:188} INFO - [2025-12-28T15:47:44.948+0000] {dag.py:3954} INFO - Setting next_dagrun for youtube_video_stats to 2025-12-28 14:00:00+00:00, run_after=2025-12-29 14:00:00+00:00
[2025-12-28T15:47:44.978+0000] {processor.py:183} INFO - Processing /opt/airflow/dags/main.py took 0.275 seconds
[2025-12-28T15:48:15.088+0000] {processor.py:161} INFO - Started process (PID=17967) to work on /opt/airflow/dags/main.py
[2025-12-28T15:48:15.090+0000] {processor.py:830} INFO - Processing file /opt/airflow/dags/main.py for tasks to queue
[2025-12-28T15:48:15.091+0000] {logging_mixin.py:188} INFO - [2025-12-28T15:48:15.090+0000] {dagbag.py:545} INFO - Filling up the DagBag from /opt/airflow/dags/main.py
[2025-12-28T15:48:15.204+0000] {processor.py:840} INFO - DAG(s) 'youtube_video_stats', 'update_db' retrieved from /opt/airflow/dags/main.py
[2025-12-28T15:48:15.245+0000] {logging_mixin.py:188} INFO - [2025-12-28T15:48:15.245+0000] {dag.py:3096} INFO - Sync 2 DAGs
[2025-12-28T15:48:15.274+0000] {logging_mixin.py:188} INFO - [2025-12-28T15:48:15.273+0000] {dag.py:3954} INFO - Setting next_dagrun for update_db to 2025-12-28 15:00:00+00:00, run_after=2025-12-29 15:00:00+00:00
[2025-12-28T15:48:15.280+0000] {logging_mixin.py:188} INFO - [2025-12-28T15:48:15.280+0000] {dag.py:3954} INFO - Setting next_dagrun for youtube_video_stats to 2025-12-28 14:00:00+00:00, run_after=2025-12-29 14:00:00+00:00
[2025-12-28T15:48:15.303+0000] {processor.py:183} INFO - Processing /opt/airflow/dags/main.py took 0.222 seconds
[2025-12-28T15:48:45.415+0000] {processor.py:161} INFO - Started process (PID=17974) to work on /opt/airflow/dags/main.py
[2025-12-28T15:48:45.417+0000] {processor.py:830} INFO - Processing file /opt/airflow/dags/main.py for tasks to queue
[2025-12-28T15:48:45.418+0000] {logging_mixin.py:188} INFO - [2025-12-28T15:48:45.417+0000] {dagbag.py:545} INFO - Filling up the DagBag from /opt/airflow/dags/main.py
[2025-12-28T15:48:45.524+0000] {processor.py:840} INFO - DAG(s) 'youtube_video_stats', 'update_db' retrieved from /opt/airflow/dags/main.py
[2025-12-28T15:48:45.560+0000] {logging_mixin.py:188} INFO - [2025-12-28T15:48:45.560+0000] {dag.py:3096} INFO - Sync 2 DAGs
[2025-12-28T15:48:45.589+0000] {logging_mixin.py:188} INFO - [2025-12-28T15:48:45.588+0000] {dag.py:3954} INFO - Setting next_dagrun for update_db to 2025-12-28 15:00:00+00:00, run_after=2025-12-29 15:00:00+00:00
[2025-12-28T15:48:45.596+0000] {logging_mixin.py:188} INFO - [2025-12-28T15:48:45.595+0000] {dag.py:3954} INFO - Setting next_dagrun for youtube_video_stats to 2025-12-28 14:00:00+00:00, run_after=2025-12-29 14:00:00+00:00
[2025-12-28T15:48:45.622+0000] {processor.py:183} INFO - Processing /opt/airflow/dags/main.py took 0.215 seconds
[2025-12-28T15:49:15.804+0000] {processor.py:161} INFO - Started process (PID=17981) to work on /opt/airflow/dags/main.py
[2025-12-28T15:49:15.806+0000] {processor.py:830} INFO - Processing file /opt/airflow/dags/main.py for tasks to queue
[2025-12-28T15:49:15.808+0000] {logging_mixin.py:188} INFO - [2025-12-28T15:49:15.807+0000] {dagbag.py:545} INFO - Filling up the DagBag from /opt/airflow/dags/main.py
[2025-12-28T15:49:15.907+0000] {processor.py:840} INFO - DAG(s) 'update_db', 'youtube_video_stats' retrieved from /opt/airflow/dags/main.py
[2025-12-28T15:49:15.954+0000] {logging_mixin.py:188} INFO - [2025-12-28T15:49:15.953+0000] {dag.py:3096} INFO - Sync 2 DAGs
[2025-12-28T15:49:15.980+0000] {logging_mixin.py:188} INFO - [2025-12-28T15:49:15.980+0000] {dag.py:3954} INFO - Setting next_dagrun for update_db to 2025-12-28 15:00:00+00:00, run_after=2025-12-29 15:00:00+00:00
[2025-12-28T15:49:15.988+0000] {logging_mixin.py:188} INFO - [2025-12-28T15:49:15.987+0000] {dag.py:3954} INFO - Setting next_dagrun for youtube_video_stats to 2025-12-28 14:00:00+00:00, run_after=2025-12-29 14:00:00+00:00
[2025-12-28T15:49:16.012+0000] {processor.py:183} INFO - Processing /opt/airflow/dags/main.py took 0.215 seconds
[2025-12-28T15:49:46.199+0000] {processor.py:161} INFO - Started process (PID=17989) to work on /opt/airflow/dags/main.py
[2025-12-28T15:49:46.200+0000] {processor.py:830} INFO - Processing file /opt/airflow/dags/main.py for tasks to queue
[2025-12-28T15:49:46.201+0000] {logging_mixin.py:188} INFO - [2025-12-28T15:49:46.201+0000] {dagbag.py:545} INFO - Filling up the DagBag from /opt/airflow/dags/main.py
[2025-12-28T15:49:46.311+0000] {processor.py:840} INFO - DAG(s) 'update_db', 'youtube_video_stats' retrieved from /opt/airflow/dags/main.py
[2025-12-28T15:49:46.346+0000] {logging_mixin.py:188} INFO - [2025-12-28T15:49:46.345+0000] {dag.py:3096} INFO - Sync 2 DAGs
[2025-12-28T15:49:46.371+0000] {logging_mixin.py:188} INFO - [2025-12-28T15:49:46.371+0000] {dag.py:3954} INFO - Setting next_dagrun for update_db to 2025-12-28 15:00:00+00:00, run_after=2025-12-29 15:00:00+00:00
[2025-12-28T15:49:46.377+0000] {logging_mixin.py:188} INFO - [2025-12-28T15:49:46.377+0000] {dag.py:3954} INFO - Setting next_dagrun for youtube_video_stats to 2025-12-28 14:00:00+00:00, run_after=2025-12-29 14:00:00+00:00
[2025-12-28T15:49:46.405+0000] {processor.py:183} INFO - Processing /opt/airflow/dags/main.py took 0.213 seconds
[2025-12-28T15:50:16.491+0000] {processor.py:161} INFO - Started process (PID=17996) to work on /opt/airflow/dags/main.py
[2025-12-28T15:50:16.493+0000] {processor.py:830} INFO - Processing file /opt/airflow/dags/main.py for tasks to queue
[2025-12-28T15:50:16.495+0000] {logging_mixin.py:188} INFO - [2025-12-28T15:50:16.495+0000] {dagbag.py:545} INFO - Filling up the DagBag from /opt/airflow/dags/main.py
[2025-12-28T15:50:16.660+0000] {processor.py:840} INFO - DAG(s) 'update_db', 'youtube_video_stats' retrieved from /opt/airflow/dags/main.py
[2025-12-28T15:50:16.716+0000] {logging_mixin.py:188} INFO - [2025-12-28T15:50:16.716+0000] {dag.py:3096} INFO - Sync 2 DAGs
[2025-12-28T15:50:16.753+0000] {logging_mixin.py:188} INFO - [2025-12-28T15:50:16.753+0000] {dag.py:3954} INFO - Setting next_dagrun for update_db to 2025-12-28 15:00:00+00:00, run_after=2025-12-29 15:00:00+00:00
[2025-12-28T15:50:16.762+0000] {logging_mixin.py:188} INFO - [2025-12-28T15:50:16.762+0000] {dag.py:3954} INFO - Setting next_dagrun for youtube_video_stats to 2025-12-28 14:00:00+00:00, run_after=2025-12-29 14:00:00+00:00
[2025-12-28T15:50:16.793+0000] {processor.py:183} INFO - Processing /opt/airflow/dags/main.py took 0.311 seconds
[2025-12-28T15:50:47.034+0000] {processor.py:161} INFO - Started process (PID=18003) to work on /opt/airflow/dags/main.py
[2025-12-28T15:50:47.036+0000] {processor.py:830} INFO - Processing file /opt/airflow/dags/main.py for tasks to queue
[2025-12-28T15:50:47.039+0000] {logging_mixin.py:188} INFO - [2025-12-28T15:50:47.038+0000] {dagbag.py:545} INFO - Filling up the DagBag from /opt/airflow/dags/main.py
[2025-12-28T15:50:47.209+0000] {processor.py:840} INFO - DAG(s) 'youtube_video_stats', 'update_db' retrieved from /opt/airflow/dags/main.py
[2025-12-28T15:50:47.256+0000] {logging_mixin.py:188} INFO - [2025-12-28T15:50:47.256+0000] {dag.py:3096} INFO - Sync 2 DAGs
[2025-12-28T15:50:47.285+0000] {logging_mixin.py:188} INFO - [2025-12-28T15:50:47.285+0000] {dag.py:3954} INFO - Setting next_dagrun for update_db to 2025-12-28 15:00:00+00:00, run_after=2025-12-29 15:00:00+00:00
[2025-12-28T15:50:47.292+0000] {logging_mixin.py:188} INFO - [2025-12-28T15:50:47.292+0000] {dag.py:3954} INFO - Setting next_dagrun for youtube_video_stats to 2025-12-28 14:00:00+00:00, run_after=2025-12-29 14:00:00+00:00
[2025-12-28T15:50:47.319+0000] {processor.py:183} INFO - Processing /opt/airflow/dags/main.py took 0.298 seconds
[2025-12-28T15:51:17.517+0000] {processor.py:161} INFO - Started process (PID=18010) to work on /opt/airflow/dags/main.py
[2025-12-28T15:51:17.519+0000] {processor.py:830} INFO - Processing file /opt/airflow/dags/main.py for tasks to queue
[2025-12-28T15:51:17.521+0000] {logging_mixin.py:188} INFO - [2025-12-28T15:51:17.521+0000] {dagbag.py:545} INFO - Filling up the DagBag from /opt/airflow/dags/main.py
[2025-12-28T15:51:17.660+0000] {processor.py:840} INFO - DAG(s) 'youtube_video_stats', 'update_db' retrieved from /opt/airflow/dags/main.py
[2025-12-28T15:51:17.700+0000] {logging_mixin.py:188} INFO - [2025-12-28T15:51:17.700+0000] {dag.py:3096} INFO - Sync 2 DAGs
[2025-12-28T15:51:17.728+0000] {logging_mixin.py:188} INFO - [2025-12-28T15:51:17.728+0000] {dag.py:3954} INFO - Setting next_dagrun for update_db to 2025-12-28 15:00:00+00:00, run_after=2025-12-29 15:00:00+00:00
[2025-12-28T15:51:17.736+0000] {logging_mixin.py:188} INFO - [2025-12-28T15:51:17.736+0000] {dag.py:3954} INFO - Setting next_dagrun for youtube_video_stats to 2025-12-28 14:00:00+00:00, run_after=2025-12-29 14:00:00+00:00
[2025-12-28T15:51:17.763+0000] {processor.py:183} INFO - Processing /opt/airflow/dags/main.py took 0.253 seconds
[2025-12-28T15:51:48.013+0000] {processor.py:161} INFO - Started process (PID=18017) to work on /opt/airflow/dags/main.py
[2025-12-28T15:51:48.015+0000] {processor.py:830} INFO - Processing file /opt/airflow/dags/main.py for tasks to queue
[2025-12-28T15:51:48.016+0000] {logging_mixin.py:188} INFO - [2025-12-28T15:51:48.016+0000] {dagbag.py:545} INFO - Filling up the DagBag from /opt/airflow/dags/main.py
[2025-12-28T15:51:48.114+0000] {processor.py:840} INFO - DAG(s) 'update_db', 'youtube_video_stats' retrieved from /opt/airflow/dags/main.py
[2025-12-28T15:51:48.154+0000] {logging_mixin.py:188} INFO - [2025-12-28T15:51:48.154+0000] {dag.py:3096} INFO - Sync 2 DAGs
[2025-12-28T15:51:48.183+0000] {logging_mixin.py:188} INFO - [2025-12-28T15:51:48.182+0000] {dag.py:3954} INFO - Setting next_dagrun for update_db to 2025-12-28 15:00:00+00:00, run_after=2025-12-29 15:00:00+00:00
[2025-12-28T15:51:48.189+0000] {logging_mixin.py:188} INFO - [2025-12-28T15:51:48.189+0000] {dag.py:3954} INFO - Setting next_dagrun for youtube_video_stats to 2025-12-28 14:00:00+00:00, run_after=2025-12-29 14:00:00+00:00
[2025-12-28T15:51:48.212+0000] {processor.py:183} INFO - Processing /opt/airflow/dags/main.py took 0.208 seconds
[2025-12-28T15:52:18.459+0000] {processor.py:161} INFO - Started process (PID=18024) to work on /opt/airflow/dags/main.py
[2025-12-28T15:52:18.461+0000] {processor.py:830} INFO - Processing file /opt/airflow/dags/main.py for tasks to queue
[2025-12-28T15:52:18.462+0000] {logging_mixin.py:188} INFO - [2025-12-28T15:52:18.462+0000] {dagbag.py:545} INFO - Filling up the DagBag from /opt/airflow/dags/main.py
[2025-12-28T15:52:18.560+0000] {processor.py:840} INFO - DAG(s) 'youtube_video_stats', 'update_db' retrieved from /opt/airflow/dags/main.py
[2025-12-28T15:52:18.602+0000] {logging_mixin.py:188} INFO - [2025-12-28T15:52:18.602+0000] {dag.py:3096} INFO - Sync 2 DAGs
[2025-12-28T15:52:18.630+0000] {logging_mixin.py:188} INFO - [2025-12-28T15:52:18.630+0000] {dag.py:3954} INFO - Setting next_dagrun for update_db to 2025-12-28 15:00:00+00:00, run_after=2025-12-29 15:00:00+00:00
[2025-12-28T15:52:18.637+0000] {logging_mixin.py:188} INFO - [2025-12-28T15:52:18.637+0000] {dag.py:3954} INFO - Setting next_dagrun for youtube_video_stats to 2025-12-28 14:00:00+00:00, run_after=2025-12-29 14:00:00+00:00
[2025-12-28T15:52:18.660+0000] {processor.py:183} INFO - Processing /opt/airflow/dags/main.py took 0.210 seconds
[2025-12-28T15:52:48.859+0000] {processor.py:161} INFO - Started process (PID=18031) to work on /opt/airflow/dags/main.py
[2025-12-28T15:52:48.861+0000] {processor.py:830} INFO - Processing file /opt/airflow/dags/main.py for tasks to queue
[2025-12-28T15:52:48.863+0000] {logging_mixin.py:188} INFO - [2025-12-28T15:52:48.862+0000] {dagbag.py:545} INFO - Filling up the DagBag from /opt/airflow/dags/main.py
[2025-12-28T15:52:48.980+0000] {processor.py:840} INFO - DAG(s) 'update_db', 'youtube_video_stats' retrieved from /opt/airflow/dags/main.py
[2025-12-28T15:52:49.027+0000] {logging_mixin.py:188} INFO - [2025-12-28T15:52:49.027+0000] {dag.py:3096} INFO - Sync 2 DAGs
[2025-12-28T15:52:49.061+0000] {logging_mixin.py:188} INFO - [2025-12-28T15:52:49.061+0000] {dag.py:3954} INFO - Setting next_dagrun for update_db to 2025-12-28 15:00:00+00:00, run_after=2025-12-29 15:00:00+00:00
[2025-12-28T15:52:49.069+0000] {logging_mixin.py:188} INFO - [2025-12-28T15:52:49.068+0000] {dag.py:3954} INFO - Setting next_dagrun for youtube_video_stats to 2025-12-28 14:00:00+00:00, run_after=2025-12-29 14:00:00+00:00
[2025-12-28T15:52:49.090+0000] {processor.py:183} INFO - Processing /opt/airflow/dags/main.py took 0.245 seconds
[2025-12-28T15:53:19.378+0000] {processor.py:161} INFO - Started process (PID=18038) to work on /opt/airflow/dags/main.py
[2025-12-28T15:53:19.379+0000] {processor.py:830} INFO - Processing file /opt/airflow/dags/main.py for tasks to queue
[2025-12-28T15:53:19.380+0000] {logging_mixin.py:188} INFO - [2025-12-28T15:53:19.380+0000] {dagbag.py:545} INFO - Filling up the DagBag from /opt/airflow/dags/main.py
[2025-12-28T15:53:19.486+0000] {processor.py:840} INFO - DAG(s) 'update_db', 'youtube_video_stats' retrieved from /opt/airflow/dags/main.py
[2025-12-28T15:53:19.519+0000] {logging_mixin.py:188} INFO - [2025-12-28T15:53:19.519+0000] {dag.py:3096} INFO - Sync 2 DAGs
[2025-12-28T15:53:19.543+0000] {logging_mixin.py:188} INFO - [2025-12-28T15:53:19.543+0000] {dag.py:3954} INFO - Setting next_dagrun for update_db to 2025-12-28 15:00:00+00:00, run_after=2025-12-29 15:00:00+00:00
[2025-12-28T15:53:19.549+0000] {logging_mixin.py:188} INFO - [2025-12-28T15:53:19.549+0000] {dag.py:3954} INFO - Setting next_dagrun for youtube_video_stats to 2025-12-28 14:00:00+00:00, run_after=2025-12-29 14:00:00+00:00
[2025-12-28T15:53:19.575+0000] {processor.py:183} INFO - Processing /opt/airflow/dags/main.py took 0.204 seconds
[2025-12-28T15:53:49.825+0000] {processor.py:161} INFO - Started process (PID=18045) to work on /opt/airflow/dags/main.py
[2025-12-28T15:53:49.832+0000] {processor.py:830} INFO - Processing file /opt/airflow/dags/main.py for tasks to queue
[2025-12-28T15:53:49.834+0000] {logging_mixin.py:188} INFO - [2025-12-28T15:53:49.833+0000] {dagbag.py:545} INFO - Filling up the DagBag from /opt/airflow/dags/main.py
[2025-12-28T15:53:49.977+0000] {processor.py:840} INFO - DAG(s) 'update_db', 'youtube_video_stats' retrieved from /opt/airflow/dags/main.py
[2025-12-28T15:53:50.061+0000] {logging_mixin.py:188} INFO - [2025-12-28T15:53:50.060+0000] {dag.py:3096} INFO - Sync 2 DAGs
[2025-12-28T15:53:50.129+0000] {logging_mixin.py:188} INFO - [2025-12-28T15:53:50.128+0000] {dag.py:3954} INFO - Setting next_dagrun for update_db to 2025-12-28 15:00:00+00:00, run_after=2025-12-29 15:00:00+00:00
[2025-12-28T15:53:50.140+0000] {logging_mixin.py:188} INFO - [2025-12-28T15:53:50.140+0000] {dag.py:3954} INFO - Setting next_dagrun for youtube_video_stats to 2025-12-28 14:00:00+00:00, run_after=2025-12-29 14:00:00+00:00
[2025-12-28T15:53:50.188+0000] {processor.py:183} INFO - Processing /opt/airflow/dags/main.py took 0.372 seconds
[2025-12-28T15:54:20.671+0000] {processor.py:161} INFO - Started process (PID=18052) to work on /opt/airflow/dags/main.py
[2025-12-28T15:54:20.676+0000] {processor.py:830} INFO - Processing file /opt/airflow/dags/main.py for tasks to queue
[2025-12-28T15:54:20.679+0000] {logging_mixin.py:188} INFO - [2025-12-28T15:54:20.678+0000] {dagbag.py:545} INFO - Filling up the DagBag from /opt/airflow/dags/main.py
[2025-12-28T15:54:21.040+0000] {processor.py:840} INFO - DAG(s) 'update_db', 'youtube_video_stats' retrieved from /opt/airflow/dags/main.py
[2025-12-28T15:54:21.129+0000] {logging_mixin.py:188} INFO - [2025-12-28T15:54:21.128+0000] {dag.py:3096} INFO - Sync 2 DAGs
[2025-12-28T15:54:21.190+0000] {logging_mixin.py:188} INFO - [2025-12-28T15:54:21.190+0000] {dag.py:3954} INFO - Setting next_dagrun for update_db to 2025-12-28 15:00:00+00:00, run_after=2025-12-29 15:00:00+00:00
[2025-12-28T15:54:21.208+0000] {logging_mixin.py:188} INFO - [2025-12-28T15:54:21.207+0000] {dag.py:3954} INFO - Setting next_dagrun for youtube_video_stats to 2025-12-28 14:00:00+00:00, run_after=2025-12-29 14:00:00+00:00
[2025-12-28T15:54:21.269+0000] {processor.py:183} INFO - Processing /opt/airflow/dags/main.py took 0.622 seconds
[2025-12-28T15:54:51.536+0000] {processor.py:161} INFO - Started process (PID=18059) to work on /opt/airflow/dags/main.py
[2025-12-28T15:54:51.537+0000] {processor.py:830} INFO - Processing file /opt/airflow/dags/main.py for tasks to queue
[2025-12-28T15:54:51.539+0000] {logging_mixin.py:188} INFO - [2025-12-28T15:54:51.539+0000] {dagbag.py:545} INFO - Filling up the DagBag from /opt/airflow/dags/main.py
[2025-12-28T15:54:51.653+0000] {processor.py:840} INFO - DAG(s) 'update_db', 'youtube_video_stats' retrieved from /opt/airflow/dags/main.py
[2025-12-28T15:54:51.693+0000] {logging_mixin.py:188} INFO - [2025-12-28T15:54:51.692+0000] {dag.py:3096} INFO - Sync 2 DAGs
[2025-12-28T15:54:51.721+0000] {logging_mixin.py:188} INFO - [2025-12-28T15:54:51.721+0000] {dag.py:3954} INFO - Setting next_dagrun for update_db to 2025-12-28 15:00:00+00:00, run_after=2025-12-29 15:00:00+00:00
[2025-12-28T15:54:51.728+0000] {logging_mixin.py:188} INFO - [2025-12-28T15:54:51.727+0000] {dag.py:3954} INFO - Setting next_dagrun for youtube_video_stats to 2025-12-28 14:00:00+00:00, run_after=2025-12-29 14:00:00+00:00
[2025-12-28T15:54:51.752+0000] {processor.py:183} INFO - Processing /opt/airflow/dags/main.py took 0.223 seconds
[2025-12-28T15:55:21.973+0000] {processor.py:161} INFO - Started process (PID=18066) to work on /opt/airflow/dags/main.py
[2025-12-28T15:55:21.976+0000] {processor.py:830} INFO - Processing file /opt/airflow/dags/main.py for tasks to queue
[2025-12-28T15:55:21.979+0000] {logging_mixin.py:188} INFO - [2025-12-28T15:55:21.978+0000] {dagbag.py:545} INFO - Filling up the DagBag from /opt/airflow/dags/main.py
[2025-12-28T15:55:22.214+0000] {processor.py:840} INFO - DAG(s) 'youtube_video_stats', 'update_db' retrieved from /opt/airflow/dags/main.py
[2025-12-28T15:55:22.276+0000] {logging_mixin.py:188} INFO - [2025-12-28T15:55:22.275+0000] {dag.py:3096} INFO - Sync 2 DAGs
[2025-12-28T15:55:22.322+0000] {logging_mixin.py:188} INFO - [2025-12-28T15:55:22.322+0000] {dag.py:3954} INFO - Setting next_dagrun for update_db to 2025-12-28 15:00:00+00:00, run_after=2025-12-29 15:00:00+00:00
[2025-12-28T15:55:22.332+0000] {logging_mixin.py:188} INFO - [2025-12-28T15:55:22.332+0000] {dag.py:3954} INFO - Setting next_dagrun for youtube_video_stats to 2025-12-28 14:00:00+00:00, run_after=2025-12-29 14:00:00+00:00
[2025-12-28T15:55:22.369+0000] {processor.py:183} INFO - Processing /opt/airflow/dags/main.py took 0.410 seconds
[2025-12-28T15:55:52.767+0000] {processor.py:161} INFO - Started process (PID=18073) to work on /opt/airflow/dags/main.py
[2025-12-28T15:55:52.769+0000] {processor.py:830} INFO - Processing file /opt/airflow/dags/main.py for tasks to queue
[2025-12-28T15:55:52.770+0000] {logging_mixin.py:188} INFO - [2025-12-28T15:55:52.770+0000] {dagbag.py:545} INFO - Filling up the DagBag from /opt/airflow/dags/main.py
[2025-12-28T15:55:52.924+0000] {processor.py:840} INFO - DAG(s) 'update_db', 'youtube_video_stats' retrieved from /opt/airflow/dags/main.py
[2025-12-28T15:55:52.967+0000] {logging_mixin.py:188} INFO - [2025-12-28T15:55:52.967+0000] {dag.py:3096} INFO - Sync 2 DAGs
[2025-12-28T15:55:52.995+0000] {logging_mixin.py:188} INFO - [2025-12-28T15:55:52.995+0000] {dag.py:3954} INFO - Setting next_dagrun for update_db to 2025-12-28 15:00:00+00:00, run_after=2025-12-29 15:00:00+00:00
[2025-12-28T15:55:53.004+0000] {logging_mixin.py:188} INFO - [2025-12-28T15:55:53.004+0000] {dag.py:3954} INFO - Setting next_dagrun for youtube_video_stats to 2025-12-28 14:00:00+00:00, run_after=2025-12-29 14:00:00+00:00
[2025-12-28T15:55:53.024+0000] {processor.py:183} INFO - Processing /opt/airflow/dags/main.py took 0.270 seconds
[2025-12-28T15:56:23.374+0000] {processor.py:161} INFO - Started process (PID=18080) to work on /opt/airflow/dags/main.py
[2025-12-28T15:56:23.378+0000] {processor.py:830} INFO - Processing file /opt/airflow/dags/main.py for tasks to queue
[2025-12-28T15:56:23.383+0000] {logging_mixin.py:188} INFO - [2025-12-28T15:56:23.382+0000] {dagbag.py:545} INFO - Filling up the DagBag from /opt/airflow/dags/main.py
[2025-12-28T15:56:23.810+0000] {processor.py:840} INFO - DAG(s) 'youtube_video_stats', 'update_db' retrieved from /opt/airflow/dags/main.py
[2025-12-28T15:56:23.962+0000] {logging_mixin.py:188} INFO - [2025-12-28T15:56:23.962+0000] {dag.py:3096} INFO - Sync 2 DAGs
[2025-12-28T15:56:24.070+0000] {logging_mixin.py:188} INFO - [2025-12-28T15:56:24.069+0000] {dag.py:3954} INFO - Setting next_dagrun for update_db to 2025-12-28 15:00:00+00:00, run_after=2025-12-29 15:00:00+00:00
[2025-12-28T15:56:24.097+0000] {logging_mixin.py:188} INFO - [2025-12-28T15:56:24.096+0000] {dag.py:3954} INFO - Setting next_dagrun for youtube_video_stats to 2025-12-28 14:00:00+00:00, run_after=2025-12-29 14:00:00+00:00
[2025-12-28T15:56:24.154+0000] {processor.py:183} INFO - Processing /opt/airflow/dags/main.py took 0.809 seconds
[2025-12-28T15:56:55.039+0000] {processor.py:161} INFO - Started process (PID=18087) to work on /opt/airflow/dags/main.py
[2025-12-28T15:56:55.043+0000] {processor.py:830} INFO - Processing file /opt/airflow/dags/main.py for tasks to queue
[2025-12-28T15:56:55.060+0000] {logging_mixin.py:188} INFO - [2025-12-28T15:56:55.058+0000] {dagbag.py:545} INFO - Filling up the DagBag from /opt/airflow/dags/main.py
[2025-12-28T15:56:56.916+0000] {processor.py:840} INFO - DAG(s) 'update_db', 'youtube_video_stats' retrieved from /opt/airflow/dags/main.py
[2025-12-28T15:56:57.109+0000] {logging_mixin.py:188} INFO - [2025-12-28T15:56:57.108+0000] {dag.py:3096} INFO - Sync 2 DAGs
[2025-12-28T15:56:57.197+0000] {logging_mixin.py:188} INFO - [2025-12-28T15:56:57.196+0000] {dag.py:3954} INFO - Setting next_dagrun for update_db to 2025-12-28 15:00:00+00:00, run_after=2025-12-29 15:00:00+00:00
[2025-12-28T15:56:57.220+0000] {logging_mixin.py:188} INFO - [2025-12-28T15:56:57.220+0000] {dag.py:3954} INFO - Setting next_dagrun for youtube_video_stats to 2025-12-28 14:00:00+00:00, run_after=2025-12-29 14:00:00+00:00
[2025-12-28T15:56:57.371+0000] {processor.py:183} INFO - Processing /opt/airflow/dags/main.py took 2.406 seconds
[2025-12-28T15:57:28.044+0000] {processor.py:161} INFO - Started process (PID=18094) to work on /opt/airflow/dags/main.py
[2025-12-28T15:57:28.047+0000] {processor.py:830} INFO - Processing file /opt/airflow/dags/main.py for tasks to queue
[2025-12-28T15:57:28.050+0000] {logging_mixin.py:188} INFO - [2025-12-28T15:57:28.049+0000] {dagbag.py:545} INFO - Filling up the DagBag from /opt/airflow/dags/main.py
[2025-12-28T15:57:28.366+0000] {processor.py:840} INFO - DAG(s) 'update_db', 'youtube_video_stats' retrieved from /opt/airflow/dags/main.py
[2025-12-28T15:57:28.490+0000] {logging_mixin.py:188} INFO - [2025-12-28T15:57:28.490+0000] {dag.py:3096} INFO - Sync 2 DAGs
[2025-12-28T15:57:28.575+0000] {logging_mixin.py:188} INFO - [2025-12-28T15:57:28.575+0000] {dag.py:3954} INFO - Setting next_dagrun for update_db to 2025-12-28 15:00:00+00:00, run_after=2025-12-29 15:00:00+00:00
[2025-12-28T15:57:28.595+0000] {logging_mixin.py:188} INFO - [2025-12-28T15:57:28.594+0000] {dag.py:3954} INFO - Setting next_dagrun for youtube_video_stats to 2025-12-28 14:00:00+00:00, run_after=2025-12-29 14:00:00+00:00
[2025-12-28T15:57:28.693+0000] {processor.py:183} INFO - Processing /opt/airflow/dags/main.py took 0.676 seconds
[2025-12-28T15:58:01.967+0000] {processor.py:161} INFO - Started process (PID=18101) to work on /opt/airflow/dags/main.py
[2025-12-28T15:58:01.986+0000] {processor.py:830} INFO - Processing file /opt/airflow/dags/main.py for tasks to queue
[2025-12-28T15:58:02.006+0000] {logging_mixin.py:188} INFO - [2025-12-28T15:58:02.003+0000] {dagbag.py:545} INFO - Filling up the DagBag from /opt/airflow/dags/main.py
[2025-12-28T15:58:02.459+0000] {processor.py:840} INFO - DAG(s) 'youtube_video_stats', 'update_db' retrieved from /opt/airflow/dags/main.py
[2025-12-28T15:58:02.592+0000] {logging_mixin.py:188} INFO - [2025-12-28T15:58:02.591+0000] {dag.py:3096} INFO - Sync 2 DAGs
[2025-12-28T15:58:02.679+0000] {logging_mixin.py:188} INFO - [2025-12-28T15:58:02.678+0000] {dag.py:3954} INFO - Setting next_dagrun for update_db to 2025-12-28 15:00:00+00:00, run_after=2025-12-29 15:00:00+00:00
[2025-12-28T15:58:02.691+0000] {logging_mixin.py:188} INFO - [2025-12-28T15:58:02.691+0000] {dag.py:3954} INFO - Setting next_dagrun for youtube_video_stats to 2025-12-28 14:00:00+00:00, run_after=2025-12-29 14:00:00+00:00
[2025-12-28T15:58:02.735+0000] {processor.py:183} INFO - Processing /opt/airflow/dags/main.py took 0.928 seconds
[2025-12-28T15:58:33.376+0000] {processor.py:161} INFO - Started process (PID=18108) to work on /opt/airflow/dags/main.py
[2025-12-28T15:58:33.385+0000] {processor.py:830} INFO - Processing file /opt/airflow/dags/main.py for tasks to queue
[2025-12-28T15:58:33.389+0000] {logging_mixin.py:188} INFO - [2025-12-28T15:58:33.388+0000] {dagbag.py:545} INFO - Filling up the DagBag from /opt/airflow/dags/main.py
[2025-12-28T15:58:33.698+0000] {processor.py:840} INFO - DAG(s) 'update_db', 'youtube_video_stats' retrieved from /opt/airflow/dags/main.py
[2025-12-28T15:58:33.801+0000] {logging_mixin.py:188} INFO - [2025-12-28T15:58:33.800+0000] {dag.py:3096} INFO - Sync 2 DAGs
[2025-12-28T15:58:33.893+0000] {logging_mixin.py:188} INFO - [2025-12-28T15:58:33.893+0000] {dag.py:3954} INFO - Setting next_dagrun for update_db to 2025-12-28 15:00:00+00:00, run_after=2025-12-29 15:00:00+00:00
[2025-12-28T15:58:33.911+0000] {logging_mixin.py:188} INFO - [2025-12-28T15:58:33.910+0000] {dag.py:3954} INFO - Setting next_dagrun for youtube_video_stats to 2025-12-28 14:00:00+00:00, run_after=2025-12-29 14:00:00+00:00
[2025-12-28T15:58:33.968+0000] {processor.py:183} INFO - Processing /opt/airflow/dags/main.py took 0.608 seconds
[2025-12-28T15:59:04.436+0000] {processor.py:161} INFO - Started process (PID=18115) to work on /opt/airflow/dags/main.py
[2025-12-28T15:59:04.445+0000] {processor.py:830} INFO - Processing file /opt/airflow/dags/main.py for tasks to queue
[2025-12-28T15:59:04.451+0000] {logging_mixin.py:188} INFO - [2025-12-28T15:59:04.450+0000] {dagbag.py:545} INFO - Filling up the DagBag from /opt/airflow/dags/main.py
[2025-12-28T15:59:05.001+0000] {processor.py:840} INFO - DAG(s) 'update_db', 'youtube_video_stats' retrieved from /opt/airflow/dags/main.py
[2025-12-28T15:59:05.116+0000] {logging_mixin.py:188} INFO - [2025-12-28T15:59:05.115+0000] {dag.py:3096} INFO - Sync 2 DAGs
[2025-12-28T15:59:05.175+0000] {logging_mixin.py:188} INFO - [2025-12-28T15:59:05.174+0000] {dag.py:3954} INFO - Setting next_dagrun for update_db to 2025-12-28 15:00:00+00:00, run_after=2025-12-29 15:00:00+00:00
[2025-12-28T15:59:05.194+0000] {logging_mixin.py:188} INFO - [2025-12-28T15:59:05.194+0000] {dag.py:3954} INFO - Setting next_dagrun for youtube_video_stats to 2025-12-28 14:00:00+00:00, run_after=2025-12-29 14:00:00+00:00
[2025-12-28T15:59:05.270+0000] {processor.py:183} INFO - Processing /opt/airflow/dags/main.py took 0.861 seconds
[2025-12-28T15:59:35.590+0000] {processor.py:161} INFO - Started process (PID=18122) to work on /opt/airflow/dags/main.py
[2025-12-28T15:59:35.595+0000] {processor.py:830} INFO - Processing file /opt/airflow/dags/main.py for tasks to queue
[2025-12-28T15:59:35.597+0000] {logging_mixin.py:188} INFO - [2025-12-28T15:59:35.596+0000] {dagbag.py:545} INFO - Filling up the DagBag from /opt/airflow/dags/main.py
[2025-12-28T15:59:35.799+0000] {processor.py:840} INFO - DAG(s) 'youtube_video_stats', 'update_db' retrieved from /opt/airflow/dags/main.py
[2025-12-28T15:59:35.860+0000] {logging_mixin.py:188} INFO - [2025-12-28T15:59:35.860+0000] {dag.py:3096} INFO - Sync 2 DAGs
[2025-12-28T15:59:35.900+0000] {logging_mixin.py:188} INFO - [2025-12-28T15:59:35.900+0000] {dag.py:3954} INFO - Setting next_dagrun for update_db to 2025-12-28 15:00:00+00:00, run_after=2025-12-29 15:00:00+00:00
[2025-12-28T15:59:35.910+0000] {logging_mixin.py:188} INFO - [2025-12-28T15:59:35.910+0000] {dag.py:3954} INFO - Setting next_dagrun for youtube_video_stats to 2025-12-28 14:00:00+00:00, run_after=2025-12-29 14:00:00+00:00
[2025-12-28T15:59:35.951+0000] {processor.py:183} INFO - Processing /opt/airflow/dags/main.py took 0.372 seconds
[2025-12-28T16:00:06.453+0000] {processor.py:161} INFO - Started process (PID=18129) to work on /opt/airflow/dags/main.py
[2025-12-28T16:00:06.462+0000] {processor.py:830} INFO - Processing file /opt/airflow/dags/main.py for tasks to queue
[2025-12-28T16:00:06.468+0000] {logging_mixin.py:188} INFO - [2025-12-28T16:00:06.467+0000] {dagbag.py:545} INFO - Filling up the DagBag from /opt/airflow/dags/main.py
[2025-12-28T16:00:11.885+0000] {processor.py:840} INFO - DAG(s) 'youtube_video_stats', 'update_db' retrieved from /opt/airflow/dags/main.py
[2025-12-28T16:00:12.083+0000] {logging_mixin.py:188} INFO - [2025-12-28T16:00:12.081+0000] {dag.py:3096} INFO - Sync 2 DAGs
[2025-12-28T16:00:12.169+0000] {logging_mixin.py:188} INFO - [2025-12-28T16:00:12.169+0000] {dag.py:3954} INFO - Setting next_dagrun for update_db to 2025-12-28 15:00:00+00:00, run_after=2025-12-29 15:00:00+00:00
[2025-12-28T16:00:12.186+0000] {logging_mixin.py:188} INFO - [2025-12-28T16:00:12.186+0000] {dag.py:3954} INFO - Setting next_dagrun for youtube_video_stats to 2025-12-28 14:00:00+00:00, run_after=2025-12-29 14:00:00+00:00
[2025-12-28T16:00:12.273+0000] {processor.py:183} INFO - Processing /opt/airflow/dags/main.py took 5.848 seconds
[2025-12-28T16:00:42.740+0000] {processor.py:161} INFO - Started process (PID=18142) to work on /opt/airflow/dags/main.py
[2025-12-28T16:00:42.743+0000] {processor.py:830} INFO - Processing file /opt/airflow/dags/main.py for tasks to queue
[2025-12-28T16:00:42.745+0000] {logging_mixin.py:188} INFO - [2025-12-28T16:00:42.744+0000] {dagbag.py:545} INFO - Filling up the DagBag from /opt/airflow/dags/main.py
[2025-12-28T16:00:43.033+0000] {processor.py:840} INFO - DAG(s) 'update_db', 'youtube_video_stats' retrieved from /opt/airflow/dags/main.py
[2025-12-28T16:00:43.141+0000] {logging_mixin.py:188} INFO - [2025-12-28T16:00:43.140+0000] {dag.py:3096} INFO - Sync 2 DAGs
[2025-12-28T16:00:43.225+0000] {logging_mixin.py:188} INFO - [2025-12-28T16:00:43.217+0000] {dag.py:3954} INFO - Setting next_dagrun for update_db to 2025-12-28 15:00:00+00:00, run_after=2025-12-29 15:00:00+00:00
[2025-12-28T16:00:43.252+0000] {logging_mixin.py:188} INFO - [2025-12-28T16:00:43.251+0000] {dag.py:3954} INFO - Setting next_dagrun for youtube_video_stats to 2025-12-28 14:00:00+00:00, run_after=2025-12-29 14:00:00+00:00
[2025-12-28T16:00:43.578+0000] {processor.py:183} INFO - Processing /opt/airflow/dags/main.py took 0.854 seconds
[2025-12-28T16:01:14.060+0000] {processor.py:161} INFO - Started process (PID=18149) to work on /opt/airflow/dags/main.py
[2025-12-28T16:01:14.063+0000] {processor.py:830} INFO - Processing file /opt/airflow/dags/main.py for tasks to queue
[2025-12-28T16:01:14.066+0000] {logging_mixin.py:188} INFO - [2025-12-28T16:01:14.064+0000] {dagbag.py:545} INFO - Filling up the DagBag from /opt/airflow/dags/main.py
[2025-12-28T16:01:14.274+0000] {processor.py:840} INFO - DAG(s) 'update_db', 'youtube_video_stats' retrieved from /opt/airflow/dags/main.py
[2025-12-28T16:01:14.337+0000] {logging_mixin.py:188} INFO - [2025-12-28T16:01:14.336+0000] {dag.py:3096} INFO - Sync 2 DAGs
[2025-12-28T16:01:14.387+0000] {logging_mixin.py:188} INFO - [2025-12-28T16:01:14.386+0000] {dag.py:3954} INFO - Setting next_dagrun for update_db to 2025-12-28 15:00:00+00:00, run_after=2025-12-29 15:00:00+00:00
[2025-12-28T16:01:14.400+0000] {logging_mixin.py:188} INFO - [2025-12-28T16:01:14.399+0000] {dag.py:3954} INFO - Setting next_dagrun for youtube_video_stats to 2025-12-28 14:00:00+00:00, run_after=2025-12-29 14:00:00+00:00
[2025-12-28T16:01:14.434+0000] {processor.py:183} INFO - Processing /opt/airflow/dags/main.py took 0.402 seconds
[2025-12-28T16:01:44.782+0000] {processor.py:161} INFO - Started process (PID=18156) to work on /opt/airflow/dags/main.py
[2025-12-28T16:01:44.788+0000] {processor.py:830} INFO - Processing file /opt/airflow/dags/main.py for tasks to queue
[2025-12-28T16:01:44.790+0000] {logging_mixin.py:188} INFO - [2025-12-28T16:01:44.789+0000] {dagbag.py:545} INFO - Filling up the DagBag from /opt/airflow/dags/main.py
[2025-12-28T16:01:45.113+0000] {processor.py:840} INFO - DAG(s) 'update_db', 'youtube_video_stats' retrieved from /opt/airflow/dags/main.py
[2025-12-28T16:01:45.175+0000] {logging_mixin.py:188} INFO - [2025-12-28T16:01:45.174+0000] {dag.py:3096} INFO - Sync 2 DAGs
[2025-12-28T16:01:45.212+0000] {logging_mixin.py:188} INFO - [2025-12-28T16:01:45.212+0000] {dag.py:3954} INFO - Setting next_dagrun for update_db to 2025-12-28 15:00:00+00:00, run_after=2025-12-29 15:00:00+00:00
[2025-12-28T16:01:45.221+0000] {logging_mixin.py:188} INFO - [2025-12-28T16:01:45.220+0000] {dag.py:3954} INFO - Setting next_dagrun for youtube_video_stats to 2025-12-28 14:00:00+00:00, run_after=2025-12-29 14:00:00+00:00
[2025-12-28T16:01:45.255+0000] {processor.py:183} INFO - Processing /opt/airflow/dags/main.py took 0.498 seconds
[2025-12-28T16:02:15.528+0000] {processor.py:161} INFO - Started process (PID=18163) to work on /opt/airflow/dags/main.py
[2025-12-28T16:02:15.532+0000] {processor.py:830} INFO - Processing file /opt/airflow/dags/main.py for tasks to queue
[2025-12-28T16:02:15.533+0000] {logging_mixin.py:188} INFO - [2025-12-28T16:02:15.533+0000] {dagbag.py:545} INFO - Filling up the DagBag from /opt/airflow/dags/main.py
[2025-12-28T16:02:15.674+0000] {processor.py:840} INFO - DAG(s) 'youtube_video_stats', 'update_db' retrieved from /opt/airflow/dags/main.py
[2025-12-28T16:02:15.720+0000] {logging_mixin.py:188} INFO - [2025-12-28T16:02:15.720+0000] {dag.py:3096} INFO - Sync 2 DAGs
[2025-12-28T16:02:15.754+0000] {logging_mixin.py:188} INFO - [2025-12-28T16:02:15.753+0000] {dag.py:3954} INFO - Setting next_dagrun for update_db to 2025-12-28 15:00:00+00:00, run_after=2025-12-29 15:00:00+00:00
[2025-12-28T16:02:15.762+0000] {logging_mixin.py:188} INFO - [2025-12-28T16:02:15.762+0000] {dag.py:3954} INFO - Setting next_dagrun for youtube_video_stats to 2025-12-28 14:00:00+00:00, run_after=2025-12-29 14:00:00+00:00
[2025-12-28T16:02:15.792+0000] {processor.py:183} INFO - Processing /opt/airflow/dags/main.py took 0.274 seconds
[2025-12-28T16:02:46.257+0000] {processor.py:161} INFO - Started process (PID=18170) to work on /opt/airflow/dags/main.py
[2025-12-28T16:02:46.260+0000] {processor.py:830} INFO - Processing file /opt/airflow/dags/main.py for tasks to queue
[2025-12-28T16:02:46.263+0000] {logging_mixin.py:188} INFO - [2025-12-28T16:02:46.262+0000] {dagbag.py:545} INFO - Filling up the DagBag from /opt/airflow/dags/main.py
[2025-12-28T16:02:46.528+0000] {processor.py:840} INFO - DAG(s) 'youtube_video_stats', 'update_db' retrieved from /opt/airflow/dags/main.py
[2025-12-28T16:02:46.642+0000] {logging_mixin.py:188} INFO - [2025-12-28T16:02:46.641+0000] {dag.py:3096} INFO - Sync 2 DAGs
[2025-12-28T16:02:46.732+0000] {logging_mixin.py:188} INFO - [2025-12-28T16:02:46.732+0000] {dag.py:3954} INFO - Setting next_dagrun for update_db to 2025-12-28 15:00:00+00:00, run_after=2025-12-29 15:00:00+00:00
[2025-12-28T16:02:46.792+0000] {logging_mixin.py:188} INFO - [2025-12-28T16:02:46.791+0000] {dag.py:3954} INFO - Setting next_dagrun for youtube_video_stats to 2025-12-28 14:00:00+00:00, run_after=2025-12-29 14:00:00+00:00
[2025-12-28T16:02:46.862+0000] {processor.py:183} INFO - Processing /opt/airflow/dags/main.py took 0.631 seconds
[2025-12-28T16:03:17.441+0000] {processor.py:161} INFO - Started process (PID=18177) to work on /opt/airflow/dags/main.py
[2025-12-28T16:03:17.443+0000] {processor.py:830} INFO - Processing file /opt/airflow/dags/main.py for tasks to queue
[2025-12-28T16:03:17.445+0000] {logging_mixin.py:188} INFO - [2025-12-28T16:03:17.445+0000] {dagbag.py:545} INFO - Filling up the DagBag from /opt/airflow/dags/main.py
[2025-12-28T16:03:17.631+0000] {processor.py:840} INFO - DAG(s) 'youtube_video_stats', 'update_db' retrieved from /opt/airflow/dags/main.py
[2025-12-28T16:03:17.693+0000] {logging_mixin.py:188} INFO - [2025-12-28T16:03:17.693+0000] {dag.py:3096} INFO - Sync 2 DAGs
[2025-12-28T16:03:17.743+0000] {logging_mixin.py:188} INFO - [2025-12-28T16:03:17.743+0000] {dag.py:3954} INFO - Setting next_dagrun for update_db to 2025-12-28 15:00:00+00:00, run_after=2025-12-29 15:00:00+00:00
[2025-12-28T16:03:17.752+0000] {logging_mixin.py:188} INFO - [2025-12-28T16:03:17.751+0000] {dag.py:3954} INFO - Setting next_dagrun for youtube_video_stats to 2025-12-28 14:00:00+00:00, run_after=2025-12-29 14:00:00+00:00
[2025-12-28T16:03:17.781+0000] {processor.py:183} INFO - Processing /opt/airflow/dags/main.py took 0.351 seconds
[2025-12-28T16:03:48.019+0000] {processor.py:161} INFO - Started process (PID=18184) to work on /opt/airflow/dags/main.py
[2025-12-28T16:03:48.024+0000] {processor.py:830} INFO - Processing file /opt/airflow/dags/main.py for tasks to queue
[2025-12-28T16:03:48.026+0000] {logging_mixin.py:188} INFO - [2025-12-28T16:03:48.025+0000] {dagbag.py:545} INFO - Filling up the DagBag from /opt/airflow/dags/main.py
[2025-12-28T16:03:48.206+0000] {processor.py:840} INFO - DAG(s) 'youtube_video_stats', 'update_db' retrieved from /opt/airflow/dags/main.py
[2025-12-28T16:03:48.275+0000] {logging_mixin.py:188} INFO - [2025-12-28T16:03:48.275+0000] {dag.py:3096} INFO - Sync 2 DAGs
[2025-12-28T16:03:48.314+0000] {logging_mixin.py:188} INFO - [2025-12-28T16:03:48.313+0000] {dag.py:3954} INFO - Setting next_dagrun for update_db to 2025-12-28 15:00:00+00:00, run_after=2025-12-29 15:00:00+00:00
[2025-12-28T16:03:48.325+0000] {logging_mixin.py:188} INFO - [2025-12-28T16:03:48.325+0000] {dag.py:3954} INFO - Setting next_dagrun for youtube_video_stats to 2025-12-28 14:00:00+00:00, run_after=2025-12-29 14:00:00+00:00
[2025-12-28T16:03:48.355+0000] {processor.py:183} INFO - Processing /opt/airflow/dags/main.py took 0.346 seconds
[2025-12-28T16:04:18.603+0000] {processor.py:161} INFO - Started process (PID=18191) to work on /opt/airflow/dags/main.py
[2025-12-28T16:04:18.604+0000] {processor.py:830} INFO - Processing file /opt/airflow/dags/main.py for tasks to queue
[2025-12-28T16:04:18.605+0000] {logging_mixin.py:188} INFO - [2025-12-28T16:04:18.605+0000] {dagbag.py:545} INFO - Filling up the DagBag from /opt/airflow/dags/main.py
[2025-12-28T16:04:18.730+0000] {processor.py:840} INFO - DAG(s) 'youtube_video_stats', 'update_db' retrieved from /opt/airflow/dags/main.py
[2025-12-28T16:04:18.785+0000] {logging_mixin.py:188} INFO - [2025-12-28T16:04:18.784+0000] {dag.py:3096} INFO - Sync 2 DAGs
[2025-12-28T16:04:18.821+0000] {logging_mixin.py:188} INFO - [2025-12-28T16:04:18.821+0000] {dag.py:3954} INFO - Setting next_dagrun for update_db to 2025-12-28 15:00:00+00:00, run_after=2025-12-29 15:00:00+00:00
[2025-12-28T16:04:18.831+0000] {logging_mixin.py:188} INFO - [2025-12-28T16:04:18.830+0000] {dag.py:3954} INFO - Setting next_dagrun for youtube_video_stats to 2025-12-28 14:00:00+00:00, run_after=2025-12-29 14:00:00+00:00
[2025-12-28T16:04:18.864+0000] {processor.py:183} INFO - Processing /opt/airflow/dags/main.py took 0.270 seconds
[2025-12-28T16:04:49.112+0000] {processor.py:161} INFO - Started process (PID=18198) to work on /opt/airflow/dags/main.py
[2025-12-28T16:04:49.113+0000] {processor.py:830} INFO - Processing file /opt/airflow/dags/main.py for tasks to queue
[2025-12-28T16:04:49.115+0000] {logging_mixin.py:188} INFO - [2025-12-28T16:04:49.115+0000] {dagbag.py:545} INFO - Filling up the DagBag from /opt/airflow/dags/main.py
[2025-12-28T16:04:49.243+0000] {processor.py:840} INFO - DAG(s) 'youtube_video_stats', 'update_db' retrieved from /opt/airflow/dags/main.py
[2025-12-28T16:04:49.290+0000] {logging_mixin.py:188} INFO - [2025-12-28T16:04:49.290+0000] {dag.py:3096} INFO - Sync 2 DAGs
[2025-12-28T16:04:49.322+0000] {logging_mixin.py:188} INFO - [2025-12-28T16:04:49.322+0000] {dag.py:3954} INFO - Setting next_dagrun for update_db to 2025-12-28 15:00:00+00:00, run_after=2025-12-29 15:00:00+00:00
[2025-12-28T16:04:49.329+0000] {logging_mixin.py:188} INFO - [2025-12-28T16:04:49.329+0000] {dag.py:3954} INFO - Setting next_dagrun for youtube_video_stats to 2025-12-28 14:00:00+00:00, run_after=2025-12-29 14:00:00+00:00
[2025-12-28T16:04:49.351+0000] {processor.py:183} INFO - Processing /opt/airflow/dags/main.py took 0.249 seconds
[2025-12-28T16:05:19.594+0000] {processor.py:161} INFO - Started process (PID=18205) to work on /opt/airflow/dags/main.py
[2025-12-28T16:05:19.595+0000] {processor.py:830} INFO - Processing file /opt/airflow/dags/main.py for tasks to queue
[2025-12-28T16:05:19.596+0000] {logging_mixin.py:188} INFO - [2025-12-28T16:05:19.596+0000] {dagbag.py:545} INFO - Filling up the DagBag from /opt/airflow/dags/main.py
[2025-12-28T16:05:19.705+0000] {processor.py:840} INFO - DAG(s) 'youtube_video_stats', 'update_db' retrieved from /opt/airflow/dags/main.py
[2025-12-28T16:05:19.743+0000] {logging_mixin.py:188} INFO - [2025-12-28T16:05:19.743+0000] {dag.py:3096} INFO - Sync 2 DAGs
[2025-12-28T16:05:19.770+0000] {logging_mixin.py:188} INFO - [2025-12-28T16:05:19.769+0000] {dag.py:3954} INFO - Setting next_dagrun for update_db to 2025-12-28 15:00:00+00:00, run_after=2025-12-29 15:00:00+00:00
[2025-12-28T16:05:19.776+0000] {logging_mixin.py:188} INFO - [2025-12-28T16:05:19.776+0000] {dag.py:3954} INFO - Setting next_dagrun for youtube_video_stats to 2025-12-28 14:00:00+00:00, run_after=2025-12-29 14:00:00+00:00
[2025-12-28T16:05:19.802+0000] {processor.py:183} INFO - Processing /opt/airflow/dags/main.py took 0.215 seconds
[2025-12-28T16:05:49.994+0000] {processor.py:161} INFO - Started process (PID=18212) to work on /opt/airflow/dags/main.py
[2025-12-28T16:05:49.995+0000] {processor.py:830} INFO - Processing file /opt/airflow/dags/main.py for tasks to queue
[2025-12-28T16:05:49.996+0000] {logging_mixin.py:188} INFO - [2025-12-28T16:05:49.996+0000] {dagbag.py:545} INFO - Filling up the DagBag from /opt/airflow/dags/main.py
[2025-12-28T16:05:50.109+0000] {processor.py:840} INFO - DAG(s) 'update_db', 'youtube_video_stats' retrieved from /opt/airflow/dags/main.py
[2025-12-28T16:05:50.154+0000] {logging_mixin.py:188} INFO - [2025-12-28T16:05:50.153+0000] {dag.py:3096} INFO - Sync 2 DAGs
[2025-12-28T16:05:50.182+0000] {logging_mixin.py:188} INFO - [2025-12-28T16:05:50.182+0000] {dag.py:3954} INFO - Setting next_dagrun for update_db to 2025-12-28 15:00:00+00:00, run_after=2025-12-29 15:00:00+00:00
[2025-12-28T16:05:50.190+0000] {logging_mixin.py:188} INFO - [2025-12-28T16:05:50.190+0000] {dag.py:3954} INFO - Setting next_dagrun for youtube_video_stats to 2025-12-28 14:00:00+00:00, run_after=2025-12-29 14:00:00+00:00
[2025-12-28T16:05:50.211+0000] {processor.py:183} INFO - Processing /opt/airflow/dags/main.py took 0.224 seconds
[2025-12-28T16:06:20.426+0000] {processor.py:161} INFO - Started process (PID=18219) to work on /opt/airflow/dags/main.py
[2025-12-28T16:06:20.428+0000] {processor.py:830} INFO - Processing file /opt/airflow/dags/main.py for tasks to queue
[2025-12-28T16:06:20.430+0000] {logging_mixin.py:188} INFO - [2025-12-28T16:06:20.429+0000] {dagbag.py:545} INFO - Filling up the DagBag from /opt/airflow/dags/main.py
[2025-12-28T16:06:20.577+0000] {processor.py:840} INFO - DAG(s) 'update_db', 'youtube_video_stats' retrieved from /opt/airflow/dags/main.py
[2025-12-28T16:06:20.631+0000] {logging_mixin.py:188} INFO - [2025-12-28T16:06:20.631+0000] {dag.py:3096} INFO - Sync 2 DAGs
[2025-12-28T16:06:20.669+0000] {logging_mixin.py:188} INFO - [2025-12-28T16:06:20.669+0000] {dag.py:3954} INFO - Setting next_dagrun for update_db to 2025-12-28 15:00:00+00:00, run_after=2025-12-29 15:00:00+00:00
[2025-12-28T16:06:20.678+0000] {logging_mixin.py:188} INFO - [2025-12-28T16:06:20.677+0000] {dag.py:3954} INFO - Setting next_dagrun for youtube_video_stats to 2025-12-28 14:00:00+00:00, run_after=2025-12-29 14:00:00+00:00
[2025-12-28T16:06:20.705+0000] {processor.py:183} INFO - Processing /opt/airflow/dags/main.py took 0.290 seconds
[2025-12-28T16:06:51.090+0000] {processor.py:161} INFO - Started process (PID=18226) to work on /opt/airflow/dags/main.py
[2025-12-28T16:06:51.091+0000] {processor.py:830} INFO - Processing file /opt/airflow/dags/main.py for tasks to queue
[2025-12-28T16:06:51.093+0000] {logging_mixin.py:188} INFO - [2025-12-28T16:06:51.093+0000] {dagbag.py:545} INFO - Filling up the DagBag from /opt/airflow/dags/main.py
[2025-12-28T16:06:51.234+0000] {processor.py:840} INFO - DAG(s) 'update_db', 'youtube_video_stats' retrieved from /opt/airflow/dags/main.py
[2025-12-28T16:06:51.281+0000] {logging_mixin.py:188} INFO - [2025-12-28T16:06:51.280+0000] {dag.py:3096} INFO - Sync 2 DAGs
[2025-12-28T16:06:51.315+0000] {logging_mixin.py:188} INFO - [2025-12-28T16:06:51.314+0000] {dag.py:3954} INFO - Setting next_dagrun for update_db to 2025-12-28 15:00:00+00:00, run_after=2025-12-29 15:00:00+00:00
[2025-12-28T16:06:51.324+0000] {logging_mixin.py:188} INFO - [2025-12-28T16:06:51.323+0000] {dag.py:3954} INFO - Setting next_dagrun for youtube_video_stats to 2025-12-28 14:00:00+00:00, run_after=2025-12-29 14:00:00+00:00
[2025-12-28T16:06:51.351+0000] {processor.py:183} INFO - Processing /opt/airflow/dags/main.py took 0.274 seconds
[2025-12-28T16:07:21.573+0000] {processor.py:161} INFO - Started process (PID=18233) to work on /opt/airflow/dags/main.py
[2025-12-28T16:07:21.575+0000] {processor.py:830} INFO - Processing file /opt/airflow/dags/main.py for tasks to queue
[2025-12-28T16:07:21.578+0000] {logging_mixin.py:188} INFO - [2025-12-28T16:07:21.576+0000] {dagbag.py:545} INFO - Filling up the DagBag from /opt/airflow/dags/main.py
[2025-12-28T16:07:21.737+0000] {processor.py:840} INFO - DAG(s) 'update_db', 'youtube_video_stats' retrieved from /opt/airflow/dags/main.py
[2025-12-28T16:07:21.797+0000] {logging_mixin.py:188} INFO - [2025-12-28T16:07:21.796+0000] {dag.py:3096} INFO - Sync 2 DAGs
[2025-12-28T16:07:21.842+0000] {logging_mixin.py:188} INFO - [2025-12-28T16:07:21.842+0000] {dag.py:3954} INFO - Setting next_dagrun for update_db to 2025-12-28 15:00:00+00:00, run_after=2025-12-29 15:00:00+00:00
[2025-12-28T16:07:21.852+0000] {logging_mixin.py:188} INFO - [2025-12-28T16:07:21.851+0000] {dag.py:3954} INFO - Setting next_dagrun for youtube_video_stats to 2025-12-28 14:00:00+00:00, run_after=2025-12-29 14:00:00+00:00
[2025-12-28T16:07:21.880+0000] {processor.py:183} INFO - Processing /opt/airflow/dags/main.py took 0.319 seconds
[2025-12-28T16:07:52.453+0000] {processor.py:161} INFO - Started process (PID=18240) to work on /opt/airflow/dags/main.py
[2025-12-28T16:07:52.455+0000] {processor.py:830} INFO - Processing file /opt/airflow/dags/main.py for tasks to queue
[2025-12-28T16:07:52.457+0000] {logging_mixin.py:188} INFO - [2025-12-28T16:07:52.456+0000] {dagbag.py:545} INFO - Filling up the DagBag from /opt/airflow/dags/main.py
[2025-12-28T16:07:52.600+0000] {processor.py:840} INFO - DAG(s) 'youtube_video_stats', 'update_db' retrieved from /opt/airflow/dags/main.py
[2025-12-28T16:07:52.648+0000] {logging_mixin.py:188} INFO - [2025-12-28T16:07:52.648+0000] {dag.py:3096} INFO - Sync 2 DAGs
[2025-12-28T16:07:52.681+0000] {logging_mixin.py:188} INFO - [2025-12-28T16:07:52.681+0000] {dag.py:3954} INFO - Setting next_dagrun for update_db to 2025-12-28 15:00:00+00:00, run_after=2025-12-29 15:00:00+00:00
[2025-12-28T16:07:52.690+0000] {logging_mixin.py:188} INFO - [2025-12-28T16:07:52.690+0000] {dag.py:3954} INFO - Setting next_dagrun for youtube_video_stats to 2025-12-28 14:00:00+00:00, run_after=2025-12-29 14:00:00+00:00
[2025-12-28T16:07:52.720+0000] {processor.py:183} INFO - Processing /opt/airflow/dags/main.py took 0.277 seconds
[2025-12-28T16:08:23.011+0000] {processor.py:161} INFO - Started process (PID=18248) to work on /opt/airflow/dags/main.py
[2025-12-28T16:08:23.013+0000] {processor.py:830} INFO - Processing file /opt/airflow/dags/main.py for tasks to queue
[2025-12-28T16:08:23.014+0000] {logging_mixin.py:188} INFO - [2025-12-28T16:08:23.014+0000] {dagbag.py:545} INFO - Filling up the DagBag from /opt/airflow/dags/main.py
[2025-12-28T16:08:23.146+0000] {processor.py:840} INFO - DAG(s) 'update_db', 'youtube_video_stats' retrieved from /opt/airflow/dags/main.py
[2025-12-28T16:08:23.195+0000] {logging_mixin.py:188} INFO - [2025-12-28T16:08:23.195+0000] {dag.py:3096} INFO - Sync 2 DAGs
[2025-12-28T16:08:23.231+0000] {logging_mixin.py:188} INFO - [2025-12-28T16:08:23.230+0000] {dag.py:3954} INFO - Setting next_dagrun for update_db to 2025-12-28 15:00:00+00:00, run_after=2025-12-29 15:00:00+00:00
[2025-12-28T16:08:23.241+0000] {logging_mixin.py:188} INFO - [2025-12-28T16:08:23.240+0000] {dag.py:3954} INFO - Setting next_dagrun for youtube_video_stats to 2025-12-28 14:00:00+00:00, run_after=2025-12-29 14:00:00+00:00
[2025-12-28T16:08:23.261+0000] {processor.py:183} INFO - Processing /opt/airflow/dags/main.py took 0.259 seconds
[2025-12-28T16:08:53.439+0000] {processor.py:161} INFO - Started process (PID=18255) to work on /opt/airflow/dags/main.py
[2025-12-28T16:08:53.440+0000] {processor.py:830} INFO - Processing file /opt/airflow/dags/main.py for tasks to queue
[2025-12-28T16:08:53.442+0000] {logging_mixin.py:188} INFO - [2025-12-28T16:08:53.441+0000] {dagbag.py:545} INFO - Filling up the DagBag from /opt/airflow/dags/main.py
[2025-12-28T16:08:53.558+0000] {processor.py:840} INFO - DAG(s) 'update_db', 'youtube_video_stats' retrieved from /opt/airflow/dags/main.py
[2025-12-28T16:08:53.599+0000] {logging_mixin.py:188} INFO - [2025-12-28T16:08:53.598+0000] {dag.py:3096} INFO - Sync 2 DAGs
[2025-12-28T16:08:53.625+0000] {logging_mixin.py:188} INFO - [2025-12-28T16:08:53.625+0000] {dag.py:3954} INFO - Setting next_dagrun for update_db to 2025-12-28 15:00:00+00:00, run_after=2025-12-29 15:00:00+00:00
[2025-12-28T16:08:53.635+0000] {logging_mixin.py:188} INFO - [2025-12-28T16:08:53.634+0000] {dag.py:3954} INFO - Setting next_dagrun for youtube_video_stats to 2025-12-28 14:00:00+00:00, run_after=2025-12-29 14:00:00+00:00
[2025-12-28T16:08:53.660+0000] {processor.py:183} INFO - Processing /opt/airflow/dags/main.py took 0.229 seconds
[2025-12-28T16:09:23.750+0000] {processor.py:161} INFO - Started process (PID=18262) to work on /opt/airflow/dags/main.py
[2025-12-28T16:09:23.751+0000] {processor.py:830} INFO - Processing file /opt/airflow/dags/main.py for tasks to queue
[2025-12-28T16:09:23.753+0000] {logging_mixin.py:188} INFO - [2025-12-28T16:09:23.752+0000] {dagbag.py:545} INFO - Filling up the DagBag from /opt/airflow/dags/main.py
[2025-12-28T16:09:23.924+0000] {processor.py:840} INFO - DAG(s) 'update_db', 'youtube_video_stats' retrieved from /opt/airflow/dags/main.py
[2025-12-28T16:09:24.041+0000] {logging_mixin.py:188} INFO - [2025-12-28T16:09:24.040+0000] {dag.py:3096} INFO - Sync 2 DAGs
[2025-12-28T16:09:24.384+0000] {logging_mixin.py:188} INFO - [2025-12-28T16:09:24.384+0000] {dag.py:3954} INFO - Setting next_dagrun for update_db to 2025-12-28 15:00:00+00:00, run_after=2025-12-29 15:00:00+00:00
[2025-12-28T16:09:24.396+0000] {logging_mixin.py:188} INFO - [2025-12-28T16:09:24.396+0000] {dag.py:3954} INFO - Setting next_dagrun for youtube_video_stats to 2025-12-28 14:00:00+00:00, run_after=2025-12-29 14:00:00+00:00
[2025-12-28T16:09:24.430+0000] {processor.py:183} INFO - Processing /opt/airflow/dags/main.py took 0.689 seconds
[2025-12-28T16:09:54.659+0000] {processor.py:161} INFO - Started process (PID=18269) to work on /opt/airflow/dags/main.py
[2025-12-28T16:09:54.662+0000] {processor.py:830} INFO - Processing file /opt/airflow/dags/main.py for tasks to queue
[2025-12-28T16:09:54.664+0000] {logging_mixin.py:188} INFO - [2025-12-28T16:09:54.663+0000] {dagbag.py:545} INFO - Filling up the DagBag from /opt/airflow/dags/main.py
[2025-12-28T16:09:54.811+0000] {processor.py:840} INFO - DAG(s) 'youtube_video_stats', 'update_db' retrieved from /opt/airflow/dags/main.py
[2025-12-28T16:09:54.863+0000] {logging_mixin.py:188} INFO - [2025-12-28T16:09:54.863+0000] {dag.py:3096} INFO - Sync 2 DAGs
[2025-12-28T16:09:54.905+0000] {logging_mixin.py:188} INFO - [2025-12-28T16:09:54.904+0000] {dag.py:3954} INFO - Setting next_dagrun for update_db to 2025-12-28 15:00:00+00:00, run_after=2025-12-29 15:00:00+00:00
[2025-12-28T16:09:54.917+0000] {logging_mixin.py:188} INFO - [2025-12-28T16:09:54.916+0000] {dag.py:3954} INFO - Setting next_dagrun for youtube_video_stats to 2025-12-28 14:00:00+00:00, run_after=2025-12-29 14:00:00+00:00
[2025-12-28T16:09:54.948+0000] {processor.py:183} INFO - Processing /opt/airflow/dags/main.py took 0.300 seconds
[2025-12-28T16:10:25.254+0000] {processor.py:161} INFO - Started process (PID=18276) to work on /opt/airflow/dags/main.py
[2025-12-28T16:10:25.257+0000] {processor.py:830} INFO - Processing file /opt/airflow/dags/main.py for tasks to queue
[2025-12-28T16:10:25.259+0000] {logging_mixin.py:188} INFO - [2025-12-28T16:10:25.258+0000] {dagbag.py:545} INFO - Filling up the DagBag from /opt/airflow/dags/main.py
[2025-12-28T16:10:25.876+0000] {processor.py:840} INFO - DAG(s) 'update_db', 'youtube_video_stats' retrieved from /opt/airflow/dags/main.py
[2025-12-28T16:10:25.967+0000] {logging_mixin.py:188} INFO - [2025-12-28T16:10:25.966+0000] {dag.py:3096} INFO - Sync 2 DAGs
[2025-12-28T16:10:26.055+0000] {logging_mixin.py:188} INFO - [2025-12-28T16:10:26.054+0000] {dag.py:3954} INFO - Setting next_dagrun for update_db to 2025-12-28 15:00:00+00:00, run_after=2025-12-29 15:00:00+00:00
[2025-12-28T16:10:26.076+0000] {logging_mixin.py:188} INFO - [2025-12-28T16:10:26.075+0000] {dag.py:3954} INFO - Setting next_dagrun for youtube_video_stats to 2025-12-28 14:00:00+00:00, run_after=2025-12-29 14:00:00+00:00
[2025-12-28T16:10:26.135+0000] {processor.py:183} INFO - Processing /opt/airflow/dags/main.py took 0.902 seconds
[2025-12-28T16:10:56.568+0000] {processor.py:161} INFO - Started process (PID=18283) to work on /opt/airflow/dags/main.py
[2025-12-28T16:10:56.570+0000] {processor.py:830} INFO - Processing file /opt/airflow/dags/main.py for tasks to queue
[2025-12-28T16:10:56.572+0000] {logging_mixin.py:188} INFO - [2025-12-28T16:10:56.572+0000] {dagbag.py:545} INFO - Filling up the DagBag from /opt/airflow/dags/main.py
[2025-12-28T16:10:56.725+0000] {processor.py:840} INFO - DAG(s) 'youtube_video_stats', 'update_db' retrieved from /opt/airflow/dags/main.py
[2025-12-28T16:10:56.774+0000] {logging_mixin.py:188} INFO - [2025-12-28T16:10:56.774+0000] {dag.py:3096} INFO - Sync 2 DAGs
[2025-12-28T16:10:56.813+0000] {logging_mixin.py:188} INFO - [2025-12-28T16:10:56.813+0000] {dag.py:3954} INFO - Setting next_dagrun for update_db to 2025-12-28 15:00:00+00:00, run_after=2025-12-29 15:00:00+00:00
[2025-12-28T16:10:56.821+0000] {logging_mixin.py:188} INFO - [2025-12-28T16:10:56.820+0000] {dag.py:3954} INFO - Setting next_dagrun for youtube_video_stats to 2025-12-28 14:00:00+00:00, run_after=2025-12-29 14:00:00+00:00
[2025-12-28T16:10:56.849+0000] {processor.py:183} INFO - Processing /opt/airflow/dags/main.py took 0.294 seconds
[2025-12-28T16:11:27.436+0000] {processor.py:161} INFO - Started process (PID=18290) to work on /opt/airflow/dags/main.py
[2025-12-28T16:11:27.438+0000] {processor.py:830} INFO - Processing file /opt/airflow/dags/main.py for tasks to queue
[2025-12-28T16:11:27.440+0000] {logging_mixin.py:188} INFO - [2025-12-28T16:11:27.440+0000] {dagbag.py:545} INFO - Filling up the DagBag from /opt/airflow/dags/main.py
[2025-12-28T16:11:27.611+0000] {processor.py:840} INFO - DAG(s) 'youtube_video_stats', 'update_db' retrieved from /opt/airflow/dags/main.py
[2025-12-28T16:11:27.671+0000] {logging_mixin.py:188} INFO - [2025-12-28T16:11:27.670+0000] {dag.py:3096} INFO - Sync 2 DAGs
[2025-12-28T16:11:27.726+0000] {logging_mixin.py:188} INFO - [2025-12-28T16:11:27.726+0000] {dag.py:3954} INFO - Setting next_dagrun for update_db to 2025-12-28 15:00:00+00:00, run_after=2025-12-29 15:00:00+00:00
[2025-12-28T16:11:27.736+0000] {logging_mixin.py:188} INFO - [2025-12-28T16:11:27.736+0000] {dag.py:3954} INFO - Setting next_dagrun for youtube_video_stats to 2025-12-28 14:00:00+00:00, run_after=2025-12-29 14:00:00+00:00
[2025-12-28T16:11:27.773+0000] {processor.py:183} INFO - Processing /opt/airflow/dags/main.py took 0.347 seconds
[2025-12-28T16:11:58.012+0000] {processor.py:161} INFO - Started process (PID=18297) to work on /opt/airflow/dags/main.py
[2025-12-28T16:11:58.020+0000] {processor.py:830} INFO - Processing file /opt/airflow/dags/main.py for tasks to queue
[2025-12-28T16:11:58.024+0000] {logging_mixin.py:188} INFO - [2025-12-28T16:11:58.024+0000] {dagbag.py:545} INFO - Filling up the DagBag from /opt/airflow/dags/main.py
[2025-12-28T16:11:58.217+0000] {processor.py:840} INFO - DAG(s) 'update_db', 'youtube_video_stats' retrieved from /opt/airflow/dags/main.py
[2025-12-28T16:11:58.274+0000] {logging_mixin.py:188} INFO - [2025-12-28T16:11:58.273+0000] {dag.py:3096} INFO - Sync 2 DAGs
[2025-12-28T16:11:58.313+0000] {logging_mixin.py:188} INFO - [2025-12-28T16:11:58.313+0000] {dag.py:3954} INFO - Setting next_dagrun for update_db to 2025-12-28 15:00:00+00:00, run_after=2025-12-29 15:00:00+00:00
[2025-12-28T16:11:58.322+0000] {logging_mixin.py:188} INFO - [2025-12-28T16:11:58.321+0000] {dag.py:3954} INFO - Setting next_dagrun for youtube_video_stats to 2025-12-28 14:00:00+00:00, run_after=2025-12-29 14:00:00+00:00
[2025-12-28T16:11:58.358+0000] {processor.py:183} INFO - Processing /opt/airflow/dags/main.py took 0.361 seconds
[2025-12-28T16:12:28.659+0000] {processor.py:161} INFO - Started process (PID=18304) to work on /opt/airflow/dags/main.py
[2025-12-28T16:12:28.666+0000] {processor.py:830} INFO - Processing file /opt/airflow/dags/main.py for tasks to queue
[2025-12-28T16:12:28.668+0000] {logging_mixin.py:188} INFO - [2025-12-28T16:12:28.668+0000] {dagbag.py:545} INFO - Filling up the DagBag from /opt/airflow/dags/main.py
[2025-12-28T16:12:28.929+0000] {processor.py:840} INFO - DAG(s) 'youtube_video_stats', 'update_db' retrieved from /opt/airflow/dags/main.py
[2025-12-28T16:12:28.998+0000] {logging_mixin.py:188} INFO - [2025-12-28T16:12:28.997+0000] {dag.py:3096} INFO - Sync 2 DAGs
[2025-12-28T16:12:29.064+0000] {logging_mixin.py:188} INFO - [2025-12-28T16:12:29.063+0000] {dag.py:3954} INFO - Setting next_dagrun for update_db to 2025-12-28 15:00:00+00:00, run_after=2025-12-29 15:00:00+00:00
[2025-12-28T16:12:29.082+0000] {logging_mixin.py:188} INFO - [2025-12-28T16:12:29.082+0000] {dag.py:3954} INFO - Setting next_dagrun for youtube_video_stats to 2025-12-28 14:00:00+00:00, run_after=2025-12-29 14:00:00+00:00
[2025-12-28T16:12:29.147+0000] {processor.py:183} INFO - Processing /opt/airflow/dags/main.py took 0.504 seconds
[2025-12-28T16:12:59.486+0000] {processor.py:161} INFO - Started process (PID=18311) to work on /opt/airflow/dags/main.py
[2025-12-28T16:12:59.494+0000] {processor.py:830} INFO - Processing file /opt/airflow/dags/main.py for tasks to queue
[2025-12-28T16:12:59.497+0000] {logging_mixin.py:188} INFO - [2025-12-28T16:12:59.496+0000] {dagbag.py:545} INFO - Filling up the DagBag from /opt/airflow/dags/main.py
[2025-12-28T16:12:59.872+0000] {processor.py:840} INFO - DAG(s) 'youtube_video_stats', 'update_db' retrieved from /opt/airflow/dags/main.py
[2025-12-28T16:12:59.979+0000] {logging_mixin.py:188} INFO - [2025-12-28T16:12:59.974+0000] {dag.py:3096} INFO - Sync 2 DAGs
[2025-12-28T16:13:00.046+0000] {logging_mixin.py:188} INFO - [2025-12-28T16:13:00.045+0000] {dag.py:3954} INFO - Setting next_dagrun for update_db to 2025-12-28 15:00:00+00:00, run_after=2025-12-29 15:00:00+00:00
[2025-12-28T16:13:00.081+0000] {logging_mixin.py:188} INFO - [2025-12-28T16:13:00.080+0000] {dag.py:3954} INFO - Setting next_dagrun for youtube_video_stats to 2025-12-28 14:00:00+00:00, run_after=2025-12-29 14:00:00+00:00
[2025-12-28T16:13:00.172+0000] {processor.py:183} INFO - Processing /opt/airflow/dags/main.py took 0.715 seconds
[2025-12-28T16:13:30.735+0000] {processor.py:161} INFO - Started process (PID=18318) to work on /opt/airflow/dags/main.py
[2025-12-28T16:13:30.737+0000] {processor.py:830} INFO - Processing file /opt/airflow/dags/main.py for tasks to queue
[2025-12-28T16:13:30.738+0000] {logging_mixin.py:188} INFO - [2025-12-28T16:13:30.738+0000] {dagbag.py:545} INFO - Filling up the DagBag from /opt/airflow/dags/main.py
[2025-12-28T16:13:30.856+0000] {processor.py:840} INFO - DAG(s) 'youtube_video_stats', 'update_db' retrieved from /opt/airflow/dags/main.py
[2025-12-28T16:13:30.899+0000] {logging_mixin.py:188} INFO - [2025-12-28T16:13:30.899+0000] {dag.py:3096} INFO - Sync 2 DAGs
[2025-12-28T16:13:30.931+0000] {logging_mixin.py:188} INFO - [2025-12-28T16:13:30.931+0000] {dag.py:3954} INFO - Setting next_dagrun for update_db to 2025-12-28 15:00:00+00:00, run_after=2025-12-29 15:00:00+00:00
[2025-12-28T16:13:30.938+0000] {logging_mixin.py:188} INFO - [2025-12-28T16:13:30.938+0000] {dag.py:3954} INFO - Setting next_dagrun for youtube_video_stats to 2025-12-28 14:00:00+00:00, run_after=2025-12-29 14:00:00+00:00
[2025-12-28T16:13:30.961+0000] {processor.py:183} INFO - Processing /opt/airflow/dags/main.py took 0.234 seconds
[2025-12-28T16:14:01.304+0000] {processor.py:161} INFO - Started process (PID=18325) to work on /opt/airflow/dags/main.py
[2025-12-28T16:14:01.306+0000] {processor.py:830} INFO - Processing file /opt/airflow/dags/main.py for tasks to queue
[2025-12-28T16:14:01.308+0000] {logging_mixin.py:188} INFO - [2025-12-28T16:14:01.308+0000] {dagbag.py:545} INFO - Filling up the DagBag from /opt/airflow/dags/main.py
[2025-12-28T16:14:01.718+0000] {processor.py:840} INFO - DAG(s) 'update_db', 'youtube_video_stats' retrieved from /opt/airflow/dags/main.py
[2025-12-28T16:14:01.779+0000] {logging_mixin.py:188} INFO - [2025-12-28T16:14:01.779+0000] {dag.py:3096} INFO - Sync 2 DAGs
[2025-12-28T16:14:01.819+0000] {logging_mixin.py:188} INFO - [2025-12-28T16:14:01.818+0000] {dag.py:3954} INFO - Setting next_dagrun for update_db to 2025-12-28 15:00:00+00:00, run_after=2025-12-29 15:00:00+00:00
[2025-12-28T16:14:01.832+0000] {logging_mixin.py:188} INFO - [2025-12-28T16:14:01.832+0000] {dag.py:3954} INFO - Setting next_dagrun for youtube_video_stats to 2025-12-28 14:00:00+00:00, run_after=2025-12-29 14:00:00+00:00
[2025-12-28T16:14:01.869+0000] {processor.py:183} INFO - Processing /opt/airflow/dags/main.py took 0.578 seconds
[2025-12-28T16:14:32.202+0000] {processor.py:161} INFO - Started process (PID=18332) to work on /opt/airflow/dags/main.py
[2025-12-28T16:14:32.204+0000] {processor.py:830} INFO - Processing file /opt/airflow/dags/main.py for tasks to queue
[2025-12-28T16:14:32.206+0000] {logging_mixin.py:188} INFO - [2025-12-28T16:14:32.205+0000] {dagbag.py:545} INFO - Filling up the DagBag from /opt/airflow/dags/main.py
[2025-12-28T16:14:32.362+0000] {processor.py:840} INFO - DAG(s) 'youtube_video_stats', 'update_db' retrieved from /opt/airflow/dags/main.py
[2025-12-28T16:14:32.414+0000] {logging_mixin.py:188} INFO - [2025-12-28T16:14:32.413+0000] {dag.py:3096} INFO - Sync 2 DAGs
[2025-12-28T16:14:32.450+0000] {logging_mixin.py:188} INFO - [2025-12-28T16:14:32.450+0000] {dag.py:3954} INFO - Setting next_dagrun for update_db to 2025-12-28 15:00:00+00:00, run_after=2025-12-29 15:00:00+00:00
[2025-12-28T16:14:32.459+0000] {logging_mixin.py:188} INFO - [2025-12-28T16:14:32.459+0000] {dag.py:3954} INFO - Setting next_dagrun for youtube_video_stats to 2025-12-28 14:00:00+00:00, run_after=2025-12-29 14:00:00+00:00
[2025-12-28T16:14:32.483+0000] {processor.py:183} INFO - Processing /opt/airflow/dags/main.py took 0.293 seconds
[2025-12-28T16:15:02.691+0000] {processor.py:161} INFO - Started process (PID=18339) to work on /opt/airflow/dags/main.py
[2025-12-28T16:15:02.692+0000] {processor.py:830} INFO - Processing file /opt/airflow/dags/main.py for tasks to queue
[2025-12-28T16:15:02.694+0000] {logging_mixin.py:188} INFO - [2025-12-28T16:15:02.693+0000] {dagbag.py:545} INFO - Filling up the DagBag from /opt/airflow/dags/main.py
[2025-12-28T16:15:02.798+0000] {processor.py:840} INFO - DAG(s) 'update_db', 'youtube_video_stats' retrieved from /opt/airflow/dags/main.py
[2025-12-28T16:15:02.834+0000] {logging_mixin.py:188} INFO - [2025-12-28T16:15:02.833+0000] {dag.py:3096} INFO - Sync 2 DAGs
[2025-12-28T16:15:02.860+0000] {logging_mixin.py:188} INFO - [2025-12-28T16:15:02.860+0000] {dag.py:3954} INFO - Setting next_dagrun for update_db to 2025-12-28 15:00:00+00:00, run_after=2025-12-29 15:00:00+00:00
[2025-12-28T16:15:02.866+0000] {logging_mixin.py:188} INFO - [2025-12-28T16:15:02.866+0000] {dag.py:3954} INFO - Setting next_dagrun for youtube_video_stats to 2025-12-28 14:00:00+00:00, run_after=2025-12-29 14:00:00+00:00
[2025-12-28T16:15:02.889+0000] {processor.py:183} INFO - Processing /opt/airflow/dags/main.py took 0.205 seconds
[2025-12-28T16:15:33.043+0000] {processor.py:161} INFO - Started process (PID=18346) to work on /opt/airflow/dags/main.py
[2025-12-28T16:15:33.045+0000] {processor.py:830} INFO - Processing file /opt/airflow/dags/main.py for tasks to queue
[2025-12-28T16:15:33.051+0000] {logging_mixin.py:188} INFO - [2025-12-28T16:15:33.050+0000] {dagbag.py:545} INFO - Filling up the DagBag from /opt/airflow/dags/main.py
[2025-12-28T16:15:33.239+0000] {processor.py:840} INFO - DAG(s) 'youtube_video_stats', 'update_db' retrieved from /opt/airflow/dags/main.py
[2025-12-28T16:15:33.350+0000] {logging_mixin.py:188} INFO - [2025-12-28T16:15:33.349+0000] {dag.py:3096} INFO - Sync 2 DAGs
[2025-12-28T16:15:33.416+0000] {logging_mixin.py:188} INFO - [2025-12-28T16:15:33.416+0000] {dag.py:3954} INFO - Setting next_dagrun for update_db to 2025-12-28 15:00:00+00:00, run_after=2025-12-29 15:00:00+00:00
[2025-12-28T16:15:33.430+0000] {logging_mixin.py:188} INFO - [2025-12-28T16:15:33.430+0000] {dag.py:3954} INFO - Setting next_dagrun for youtube_video_stats to 2025-12-28 14:00:00+00:00, run_after=2025-12-29 14:00:00+00:00
[2025-12-28T16:15:33.475+0000] {processor.py:183} INFO - Processing /opt/airflow/dags/main.py took 0.450 seconds
[2025-12-28T16:16:03.877+0000] {processor.py:161} INFO - Started process (PID=18353) to work on /opt/airflow/dags/main.py
[2025-12-28T16:16:03.901+0000] {processor.py:830} INFO - Processing file /opt/airflow/dags/main.py for tasks to queue
[2025-12-28T16:16:03.903+0000] {logging_mixin.py:188} INFO - [2025-12-28T16:16:03.902+0000] {dagbag.py:545} INFO - Filling up the DagBag from /opt/airflow/dags/main.py
[2025-12-28T16:16:04.071+0000] {processor.py:840} INFO - DAG(s) 'update_db', 'youtube_video_stats' retrieved from /opt/airflow/dags/main.py
[2025-12-28T16:16:04.128+0000] {logging_mixin.py:188} INFO - [2025-12-28T16:16:04.128+0000] {dag.py:3096} INFO - Sync 2 DAGs
[2025-12-28T16:16:04.164+0000] {logging_mixin.py:188} INFO - [2025-12-28T16:16:04.164+0000] {dag.py:3954} INFO - Setting next_dagrun for update_db to 2025-12-28 15:00:00+00:00, run_after=2025-12-29 15:00:00+00:00
[2025-12-28T16:16:04.172+0000] {logging_mixin.py:188} INFO - [2025-12-28T16:16:04.171+0000] {dag.py:3954} INFO - Setting next_dagrun for youtube_video_stats to 2025-12-28 14:00:00+00:00, run_after=2025-12-29 14:00:00+00:00
[2025-12-28T16:16:04.199+0000] {processor.py:183} INFO - Processing /opt/airflow/dags/main.py took 0.334 seconds
[2025-12-28T16:16:34.390+0000] {processor.py:161} INFO - Started process (PID=18360) to work on /opt/airflow/dags/main.py
[2025-12-28T16:16:34.392+0000] {processor.py:830} INFO - Processing file /opt/airflow/dags/main.py for tasks to queue
[2025-12-28T16:16:34.393+0000] {logging_mixin.py:188} INFO - [2025-12-28T16:16:34.392+0000] {dagbag.py:545} INFO - Filling up the DagBag from /opt/airflow/dags/main.py
[2025-12-28T16:16:34.500+0000] {processor.py:840} INFO - DAG(s) 'youtube_video_stats', 'update_db' retrieved from /opt/airflow/dags/main.py
[2025-12-28T16:16:34.543+0000] {logging_mixin.py:188} INFO - [2025-12-28T16:16:34.542+0000] {dag.py:3096} INFO - Sync 2 DAGs
[2025-12-28T16:16:34.581+0000] {logging_mixin.py:188} INFO - [2025-12-28T16:16:34.580+0000] {dag.py:3954} INFO - Setting next_dagrun for update_db to 2025-12-28 15:00:00+00:00, run_after=2025-12-29 15:00:00+00:00
[2025-12-28T16:16:34.589+0000] {logging_mixin.py:188} INFO - [2025-12-28T16:16:34.588+0000] {dag.py:3954} INFO - Setting next_dagrun for youtube_video_stats to 2025-12-28 14:00:00+00:00, run_after=2025-12-29 14:00:00+00:00
[2025-12-28T16:16:34.614+0000] {processor.py:183} INFO - Processing /opt/airflow/dags/main.py took 0.230 seconds
[2025-12-28T16:17:04.867+0000] {processor.py:161} INFO - Started process (PID=18368) to work on /opt/airflow/dags/main.py
[2025-12-28T16:17:04.869+0000] {processor.py:830} INFO - Processing file /opt/airflow/dags/main.py for tasks to queue
[2025-12-28T16:17:04.871+0000] {logging_mixin.py:188} INFO - [2025-12-28T16:17:04.870+0000] {dagbag.py:545} INFO - Filling up the DagBag from /opt/airflow/dags/main.py
[2025-12-28T16:17:05.072+0000] {processor.py:840} INFO - DAG(s) 'update_db', 'youtube_video_stats' retrieved from /opt/airflow/dags/main.py
[2025-12-28T16:17:05.164+0000] {logging_mixin.py:188} INFO - [2025-12-28T16:17:05.159+0000] {dag.py:3096} INFO - Sync 2 DAGs
[2025-12-28T16:17:05.247+0000] {logging_mixin.py:188} INFO - [2025-12-28T16:17:05.247+0000] {dag.py:3954} INFO - Setting next_dagrun for update_db to 2025-12-28 15:00:00+00:00, run_after=2025-12-29 15:00:00+00:00
[2025-12-28T16:17:05.279+0000] {logging_mixin.py:188} INFO - [2025-12-28T16:17:05.276+0000] {dag.py:3954} INFO - Setting next_dagrun for youtube_video_stats to 2025-12-28 14:00:00+00:00, run_after=2025-12-29 14:00:00+00:00
[2025-12-28T16:17:05.335+0000] {processor.py:183} INFO - Processing /opt/airflow/dags/main.py took 0.478 seconds
[2025-12-28T16:17:35.772+0000] {processor.py:161} INFO - Started process (PID=18375) to work on /opt/airflow/dags/main.py
[2025-12-28T16:17:35.773+0000] {processor.py:830} INFO - Processing file /opt/airflow/dags/main.py for tasks to queue
[2025-12-28T16:17:35.775+0000] {logging_mixin.py:188} INFO - [2025-12-28T16:17:35.774+0000] {dagbag.py:545} INFO - Filling up the DagBag from /opt/airflow/dags/main.py
[2025-12-28T16:17:35.890+0000] {processor.py:840} INFO - DAG(s) 'youtube_video_stats', 'update_db' retrieved from /opt/airflow/dags/main.py
[2025-12-28T16:17:35.931+0000] {logging_mixin.py:188} INFO - [2025-12-28T16:17:35.931+0000] {dag.py:3096} INFO - Sync 2 DAGs
[2025-12-28T16:17:35.959+0000] {logging_mixin.py:188} INFO - [2025-12-28T16:17:35.958+0000] {dag.py:3954} INFO - Setting next_dagrun for update_db to 2025-12-28 15:00:00+00:00, run_after=2025-12-29 15:00:00+00:00
[2025-12-28T16:17:35.965+0000] {logging_mixin.py:188} INFO - [2025-12-28T16:17:35.964+0000] {dag.py:3954} INFO - Setting next_dagrun for youtube_video_stats to 2025-12-28 14:00:00+00:00, run_after=2025-12-29 14:00:00+00:00
[2025-12-28T16:17:36.000+0000] {processor.py:183} INFO - Processing /opt/airflow/dags/main.py took 0.237 seconds
[2025-12-28T16:18:06.472+0000] {processor.py:161} INFO - Started process (PID=18382) to work on /opt/airflow/dags/main.py
[2025-12-28T16:18:06.475+0000] {processor.py:830} INFO - Processing file /opt/airflow/dags/main.py for tasks to queue
[2025-12-28T16:18:06.477+0000] {logging_mixin.py:188} INFO - [2025-12-28T16:18:06.477+0000] {dagbag.py:545} INFO - Filling up the DagBag from /opt/airflow/dags/main.py
[2025-12-28T16:18:06.649+0000] {processor.py:840} INFO - DAG(s) 'update_db', 'youtube_video_stats' retrieved from /opt/airflow/dags/main.py
[2025-12-28T16:18:06.698+0000] {logging_mixin.py:188} INFO - [2025-12-28T16:18:06.698+0000] {dag.py:3096} INFO - Sync 2 DAGs
[2025-12-28T16:18:06.731+0000] {logging_mixin.py:188} INFO - [2025-12-28T16:18:06.731+0000] {dag.py:3954} INFO - Setting next_dagrun for update_db to 2025-12-28 15:00:00+00:00, run_after=2025-12-29 15:00:00+00:00
[2025-12-28T16:18:06.739+0000] {logging_mixin.py:188} INFO - [2025-12-28T16:18:06.739+0000] {dag.py:3954} INFO - Setting next_dagrun for youtube_video_stats to 2025-12-28 14:00:00+00:00, run_after=2025-12-29 14:00:00+00:00
[2025-12-28T16:18:06.762+0000] {processor.py:183} INFO - Processing /opt/airflow/dags/main.py took 0.303 seconds
[2025-12-28T16:18:37.041+0000] {processor.py:161} INFO - Started process (PID=18389) to work on /opt/airflow/dags/main.py
[2025-12-28T16:18:37.044+0000] {processor.py:830} INFO - Processing file /opt/airflow/dags/main.py for tasks to queue
[2025-12-28T16:18:37.046+0000] {logging_mixin.py:188} INFO - [2025-12-28T16:18:37.045+0000] {dagbag.py:545} INFO - Filling up the DagBag from /opt/airflow/dags/main.py
[2025-12-28T16:18:37.194+0000] {processor.py:840} INFO - DAG(s) 'youtube_video_stats', 'update_db' retrieved from /opt/airflow/dags/main.py
[2025-12-28T16:18:37.245+0000] {logging_mixin.py:188} INFO - [2025-12-28T16:18:37.245+0000] {dag.py:3096} INFO - Sync 2 DAGs
[2025-12-28T16:18:37.280+0000] {logging_mixin.py:188} INFO - [2025-12-28T16:18:37.279+0000] {dag.py:3954} INFO - Setting next_dagrun for update_db to 2025-12-28 15:00:00+00:00, run_after=2025-12-29 15:00:00+00:00
[2025-12-28T16:18:37.288+0000] {logging_mixin.py:188} INFO - [2025-12-28T16:18:37.288+0000] {dag.py:3954} INFO - Setting next_dagrun for youtube_video_stats to 2025-12-28 14:00:00+00:00, run_after=2025-12-29 14:00:00+00:00
[2025-12-28T16:18:37.317+0000] {processor.py:183} INFO - Processing /opt/airflow/dags/main.py took 0.288 seconds
[2025-12-28T16:19:07.545+0000] {processor.py:161} INFO - Started process (PID=18397) to work on /opt/airflow/dags/main.py
[2025-12-28T16:19:07.547+0000] {processor.py:830} INFO - Processing file /opt/airflow/dags/main.py for tasks to queue
[2025-12-28T16:19:07.549+0000] {logging_mixin.py:188} INFO - [2025-12-28T16:19:07.549+0000] {dagbag.py:545} INFO - Filling up the DagBag from /opt/airflow/dags/main.py
[2025-12-28T16:19:07.736+0000] {processor.py:840} INFO - DAG(s) 'update_db', 'youtube_video_stats' retrieved from /opt/airflow/dags/main.py
[2025-12-28T16:19:07.795+0000] {logging_mixin.py:188} INFO - [2025-12-28T16:19:07.795+0000] {dag.py:3096} INFO - Sync 2 DAGs
[2025-12-28T16:19:07.840+0000] {logging_mixin.py:188} INFO - [2025-12-28T16:19:07.840+0000] {dag.py:3954} INFO - Setting next_dagrun for update_db to 2025-12-28 15:00:00+00:00, run_after=2025-12-29 15:00:00+00:00
[2025-12-28T16:19:07.852+0000] {logging_mixin.py:188} INFO - [2025-12-28T16:19:07.852+0000] {dag.py:3954} INFO - Setting next_dagrun for youtube_video_stats to 2025-12-28 14:00:00+00:00, run_after=2025-12-29 14:00:00+00:00
[2025-12-28T16:19:07.888+0000] {processor.py:183} INFO - Processing /opt/airflow/dags/main.py took 0.356 seconds
[2025-12-28T16:19:38.128+0000] {processor.py:161} INFO - Started process (PID=18404) to work on /opt/airflow/dags/main.py
[2025-12-28T16:19:38.129+0000] {processor.py:830} INFO - Processing file /opt/airflow/dags/main.py for tasks to queue
[2025-12-28T16:19:38.131+0000] {logging_mixin.py:188} INFO - [2025-12-28T16:19:38.131+0000] {dagbag.py:545} INFO - Filling up the DagBag from /opt/airflow/dags/main.py
[2025-12-28T16:19:38.270+0000] {processor.py:840} INFO - DAG(s) 'update_db', 'youtube_video_stats' retrieved from /opt/airflow/dags/main.py
[2025-12-28T16:19:38.318+0000] {logging_mixin.py:188} INFO - [2025-12-28T16:19:38.318+0000] {dag.py:3096} INFO - Sync 2 DAGs
[2025-12-28T16:19:38.352+0000] {logging_mixin.py:188} INFO - [2025-12-28T16:19:38.352+0000] {dag.py:3954} INFO - Setting next_dagrun for update_db to 2025-12-28 15:00:00+00:00, run_after=2025-12-29 15:00:00+00:00
[2025-12-28T16:19:38.361+0000] {logging_mixin.py:188} INFO - [2025-12-28T16:19:38.360+0000] {dag.py:3954} INFO - Setting next_dagrun for youtube_video_stats to 2025-12-28 14:00:00+00:00, run_after=2025-12-29 14:00:00+00:00
[2025-12-28T16:19:38.397+0000] {processor.py:183} INFO - Processing /opt/airflow/dags/main.py took 0.278 seconds
[2025-12-28T16:20:08.969+0000] {processor.py:161} INFO - Started process (PID=18411) to work on /opt/airflow/dags/main.py
[2025-12-28T16:20:08.971+0000] {processor.py:830} INFO - Processing file /opt/airflow/dags/main.py for tasks to queue
[2025-12-28T16:20:08.974+0000] {logging_mixin.py:188} INFO - [2025-12-28T16:20:08.973+0000] {dagbag.py:545} INFO - Filling up the DagBag from /opt/airflow/dags/main.py
[2025-12-28T16:20:09.136+0000] {processor.py:840} INFO - DAG(s) 'youtube_video_stats', 'update_db' retrieved from /opt/airflow/dags/main.py
[2025-12-28T16:20:09.185+0000] {logging_mixin.py:188} INFO - [2025-12-28T16:20:09.184+0000] {dag.py:3096} INFO - Sync 2 DAGs
[2025-12-28T16:20:09.234+0000] {logging_mixin.py:188} INFO - [2025-12-28T16:20:09.233+0000] {dag.py:3954} INFO - Setting next_dagrun for update_db to 2025-12-28 15:00:00+00:00, run_after=2025-12-29 15:00:00+00:00
[2025-12-28T16:20:09.246+0000] {logging_mixin.py:188} INFO - [2025-12-28T16:20:09.245+0000] {dag.py:3954} INFO - Setting next_dagrun for youtube_video_stats to 2025-12-28 14:00:00+00:00, run_after=2025-12-29 14:00:00+00:00
[2025-12-28T16:20:09.290+0000] {processor.py:183} INFO - Processing /opt/airflow/dags/main.py took 0.334 seconds
[2025-12-28T16:20:39.409+0000] {processor.py:161} INFO - Started process (PID=18418) to work on /opt/airflow/dags/main.py
[2025-12-28T16:20:39.411+0000] {processor.py:830} INFO - Processing file /opt/airflow/dags/main.py for tasks to queue
[2025-12-28T16:20:39.412+0000] {logging_mixin.py:188} INFO - [2025-12-28T16:20:39.412+0000] {dagbag.py:545} INFO - Filling up the DagBag from /opt/airflow/dags/main.py
[2025-12-28T16:20:39.616+0000] {processor.py:840} INFO - DAG(s) 'youtube_video_stats', 'update_db' retrieved from /opt/airflow/dags/main.py
[2025-12-28T16:20:39.711+0000] {logging_mixin.py:188} INFO - [2025-12-28T16:20:39.710+0000] {dag.py:3096} INFO - Sync 2 DAGs
[2025-12-28T16:20:39.768+0000] {logging_mixin.py:188} INFO - [2025-12-28T16:20:39.768+0000] {dag.py:3954} INFO - Setting next_dagrun for update_db to 2025-12-28 15:00:00+00:00, run_after=2025-12-29 15:00:00+00:00
[2025-12-28T16:20:39.781+0000] {logging_mixin.py:188} INFO - [2025-12-28T16:20:39.781+0000] {dag.py:3954} INFO - Setting next_dagrun for youtube_video_stats to 2025-12-28 14:00:00+00:00, run_after=2025-12-29 14:00:00+00:00
[2025-12-28T16:20:39.819+0000] {processor.py:183} INFO - Processing /opt/airflow/dags/main.py took 0.424 seconds
[2025-12-28T16:21:10.600+0000] {processor.py:161} INFO - Started process (PID=18425) to work on /opt/airflow/dags/main.py
[2025-12-28T16:21:10.602+0000] {processor.py:830} INFO - Processing file /opt/airflow/dags/main.py for tasks to queue
[2025-12-28T16:21:10.603+0000] {logging_mixin.py:188} INFO - [2025-12-28T16:21:10.602+0000] {dagbag.py:545} INFO - Filling up the DagBag from /opt/airflow/dags/main.py
[2025-12-28T16:21:10.736+0000] {processor.py:840} INFO - DAG(s) 'youtube_video_stats', 'update_db' retrieved from /opt/airflow/dags/main.py
[2025-12-28T16:21:10.781+0000] {logging_mixin.py:188} INFO - [2025-12-28T16:21:10.780+0000] {dag.py:3096} INFO - Sync 2 DAGs
[2025-12-28T16:21:10.809+0000] {logging_mixin.py:188} INFO - [2025-12-28T16:21:10.809+0000] {dag.py:3954} INFO - Setting next_dagrun for update_db to 2025-12-28 15:00:00+00:00, run_after=2025-12-29 15:00:00+00:00
[2025-12-28T16:21:10.817+0000] {logging_mixin.py:188} INFO - [2025-12-28T16:21:10.816+0000] {dag.py:3954} INFO - Setting next_dagrun for youtube_video_stats to 2025-12-28 14:00:00+00:00, run_after=2025-12-29 14:00:00+00:00
[2025-12-28T16:21:10.844+0000] {processor.py:183} INFO - Processing /opt/airflow/dags/main.py took 0.252 seconds
[2025-12-28T16:21:41.261+0000] {processor.py:161} INFO - Started process (PID=18432) to work on /opt/airflow/dags/main.py
[2025-12-28T16:21:41.263+0000] {processor.py:830} INFO - Processing file /opt/airflow/dags/main.py for tasks to queue
[2025-12-28T16:21:41.267+0000] {logging_mixin.py:188} INFO - [2025-12-28T16:21:41.266+0000] {dagbag.py:545} INFO - Filling up the DagBag from /opt/airflow/dags/main.py
[2025-12-28T16:21:41.583+0000] {processor.py:840} INFO - DAG(s) 'update_db', 'youtube_video_stats' retrieved from /opt/airflow/dags/main.py
[2025-12-28T16:21:41.717+0000] {logging_mixin.py:188} INFO - [2025-12-28T16:21:41.717+0000] {dag.py:3096} INFO - Sync 2 DAGs
[2025-12-28T16:21:41.778+0000] {logging_mixin.py:188} INFO - [2025-12-28T16:21:41.777+0000] {dag.py:3954} INFO - Setting next_dagrun for update_db to 2025-12-28 15:00:00+00:00, run_after=2025-12-29 15:00:00+00:00
[2025-12-28T16:21:41.788+0000] {logging_mixin.py:188} INFO - [2025-12-28T16:21:41.787+0000] {dag.py:3954} INFO - Setting next_dagrun for youtube_video_stats to 2025-12-28 14:00:00+00:00, run_after=2025-12-29 14:00:00+00:00
[2025-12-28T16:21:41.822+0000] {processor.py:183} INFO - Processing /opt/airflow/dags/main.py took 0.573 seconds
[2025-12-28T16:22:12.239+0000] {processor.py:161} INFO - Started process (PID=18439) to work on /opt/airflow/dags/main.py
[2025-12-28T16:22:12.241+0000] {processor.py:830} INFO - Processing file /opt/airflow/dags/main.py for tasks to queue
[2025-12-28T16:22:12.243+0000] {logging_mixin.py:188} INFO - [2025-12-28T16:22:12.243+0000] {dagbag.py:545} INFO - Filling up the DagBag from /opt/airflow/dags/main.py
[2025-12-28T16:22:12.401+0000] {processor.py:840} INFO - DAG(s) 'youtube_video_stats', 'update_db' retrieved from /opt/airflow/dags/main.py
[2025-12-28T16:22:12.447+0000] {logging_mixin.py:188} INFO - [2025-12-28T16:22:12.446+0000] {dag.py:3096} INFO - Sync 2 DAGs
[2025-12-28T16:22:12.479+0000] {logging_mixin.py:188} INFO - [2025-12-28T16:22:12.479+0000] {dag.py:3954} INFO - Setting next_dagrun for update_db to 2025-12-28 15:00:00+00:00, run_after=2025-12-29 15:00:00+00:00
[2025-12-28T16:22:12.487+0000] {logging_mixin.py:188} INFO - [2025-12-28T16:22:12.487+0000] {dag.py:3954} INFO - Setting next_dagrun for youtube_video_stats to 2025-12-28 14:00:00+00:00, run_after=2025-12-29 14:00:00+00:00
[2025-12-28T16:22:12.514+0000] {processor.py:183} INFO - Processing /opt/airflow/dags/main.py took 0.286 seconds
[2025-12-28T16:22:42.783+0000] {processor.py:161} INFO - Started process (PID=18446) to work on /opt/airflow/dags/main.py
[2025-12-28T16:22:42.789+0000] {processor.py:830} INFO - Processing file /opt/airflow/dags/main.py for tasks to queue
[2025-12-28T16:22:42.791+0000] {logging_mixin.py:188} INFO - [2025-12-28T16:22:42.791+0000] {dagbag.py:545} INFO - Filling up the DagBag from /opt/airflow/dags/main.py
[2025-12-28T16:22:42.972+0000] {processor.py:840} INFO - DAG(s) 'update_db', 'youtube_video_stats' retrieved from /opt/airflow/dags/main.py
[2025-12-28T16:22:43.052+0000] {logging_mixin.py:188} INFO - [2025-12-28T16:22:43.051+0000] {dag.py:3096} INFO - Sync 2 DAGs
[2025-12-28T16:22:43.101+0000] {logging_mixin.py:188} INFO - [2025-12-28T16:22:43.101+0000] {dag.py:3954} INFO - Setting next_dagrun for update_db to 2025-12-28 15:00:00+00:00, run_after=2025-12-29 15:00:00+00:00
[2025-12-28T16:22:43.115+0000] {logging_mixin.py:188} INFO - [2025-12-28T16:22:43.115+0000] {dag.py:3954} INFO - Setting next_dagrun for youtube_video_stats to 2025-12-28 14:00:00+00:00, run_after=2025-12-29 14:00:00+00:00
[2025-12-28T16:22:43.151+0000] {processor.py:183} INFO - Processing /opt/airflow/dags/main.py took 0.382 seconds
[2025-12-28T16:23:13.768+0000] {processor.py:161} INFO - Started process (PID=18453) to work on /opt/airflow/dags/main.py
[2025-12-28T16:23:13.770+0000] {processor.py:830} INFO - Processing file /opt/airflow/dags/main.py for tasks to queue
[2025-12-28T16:23:13.772+0000] {logging_mixin.py:188} INFO - [2025-12-28T16:23:13.771+0000] {dagbag.py:545} INFO - Filling up the DagBag from /opt/airflow/dags/main.py
[2025-12-28T16:23:13.943+0000] {processor.py:840} INFO - DAG(s) 'update_db', 'youtube_video_stats' retrieved from /opt/airflow/dags/main.py
[2025-12-28T16:23:14.002+0000] {logging_mixin.py:188} INFO - [2025-12-28T16:23:14.001+0000] {dag.py:3096} INFO - Sync 2 DAGs
[2025-12-28T16:23:14.050+0000] {logging_mixin.py:188} INFO - [2025-12-28T16:23:14.050+0000] {dag.py:3954} INFO - Setting next_dagrun for update_db to 2025-12-28 15:00:00+00:00, run_after=2025-12-29 15:00:00+00:00
[2025-12-28T16:23:14.064+0000] {logging_mixin.py:188} INFO - [2025-12-28T16:23:14.063+0000] {dag.py:3954} INFO - Setting next_dagrun for youtube_video_stats to 2025-12-28 14:00:00+00:00, run_after=2025-12-29 14:00:00+00:00
[2025-12-28T16:23:14.104+0000] {processor.py:183} INFO - Processing /opt/airflow/dags/main.py took 0.346 seconds
[2025-12-28T16:23:44.330+0000] {processor.py:161} INFO - Started process (PID=18461) to work on /opt/airflow/dags/main.py
[2025-12-28T16:23:44.332+0000] {processor.py:830} INFO - Processing file /opt/airflow/dags/main.py for tasks to queue
[2025-12-28T16:23:44.333+0000] {logging_mixin.py:188} INFO - [2025-12-28T16:23:44.333+0000] {dagbag.py:545} INFO - Filling up the DagBag from /opt/airflow/dags/main.py
[2025-12-28T16:23:44.467+0000] {processor.py:840} INFO - DAG(s) 'update_db', 'youtube_video_stats' retrieved from /opt/airflow/dags/main.py
[2025-12-28T16:23:44.529+0000] {logging_mixin.py:188} INFO - [2025-12-28T16:23:44.529+0000] {dag.py:3096} INFO - Sync 2 DAGs
[2025-12-28T16:23:44.571+0000] {logging_mixin.py:188} INFO - [2025-12-28T16:23:44.571+0000] {dag.py:3954} INFO - Setting next_dagrun for update_db to 2025-12-28 15:00:00+00:00, run_after=2025-12-29 15:00:00+00:00
[2025-12-28T16:23:44.581+0000] {logging_mixin.py:188} INFO - [2025-12-28T16:23:44.581+0000] {dag.py:3954} INFO - Setting next_dagrun for youtube_video_stats to 2025-12-28 14:00:00+00:00, run_after=2025-12-29 14:00:00+00:00
[2025-12-28T16:23:44.612+0000] {processor.py:183} INFO - Processing /opt/airflow/dags/main.py took 0.292 seconds
[2025-12-28T16:24:15.167+0000] {processor.py:161} INFO - Started process (PID=18468) to work on /opt/airflow/dags/main.py
[2025-12-28T16:24:15.173+0000] {processor.py:830} INFO - Processing file /opt/airflow/dags/main.py for tasks to queue
[2025-12-28T16:24:15.174+0000] {logging_mixin.py:188} INFO - [2025-12-28T16:24:15.174+0000] {dagbag.py:545} INFO - Filling up the DagBag from /opt/airflow/dags/main.py
[2025-12-28T16:24:15.382+0000] {processor.py:840} INFO - DAG(s) 'update_db', 'youtube_video_stats' retrieved from /opt/airflow/dags/main.py
[2025-12-28T16:24:15.440+0000] {logging_mixin.py:188} INFO - [2025-12-28T16:24:15.439+0000] {dag.py:3096} INFO - Sync 2 DAGs
[2025-12-28T16:24:15.482+0000] {logging_mixin.py:188} INFO - [2025-12-28T16:24:15.482+0000] {dag.py:3954} INFO - Setting next_dagrun for update_db to 2025-12-28 15:00:00+00:00, run_after=2025-12-29 15:00:00+00:00
[2025-12-28T16:24:15.492+0000] {logging_mixin.py:188} INFO - [2025-12-28T16:24:15.492+0000] {dag.py:3954} INFO - Setting next_dagrun for youtube_video_stats to 2025-12-28 14:00:00+00:00, run_after=2025-12-29 14:00:00+00:00
[2025-12-28T16:24:15.533+0000] {processor.py:183} INFO - Processing /opt/airflow/dags/main.py took 0.377 seconds
[2025-12-28T16:24:45.986+0000] {processor.py:161} INFO - Started process (PID=18475) to work on /opt/airflow/dags/main.py
[2025-12-28T16:24:45.988+0000] {processor.py:830} INFO - Processing file /opt/airflow/dags/main.py for tasks to queue
[2025-12-28T16:24:45.991+0000] {logging_mixin.py:188} INFO - [2025-12-28T16:24:45.991+0000] {dagbag.py:545} INFO - Filling up the DagBag from /opt/airflow/dags/main.py
[2025-12-28T16:24:46.239+0000] {processor.py:840} INFO - DAG(s) 'update_db', 'youtube_video_stats' retrieved from /opt/airflow/dags/main.py
[2025-12-28T16:24:46.312+0000] {logging_mixin.py:188} INFO - [2025-12-28T16:24:46.311+0000] {dag.py:3096} INFO - Sync 2 DAGs
[2025-12-28T16:24:46.361+0000] {logging_mixin.py:188} INFO - [2025-12-28T16:24:46.359+0000] {dag.py:3954} INFO - Setting next_dagrun for update_db to 2025-12-28 15:00:00+00:00, run_after=2025-12-29 15:00:00+00:00
[2025-12-28T16:24:46.372+0000] {logging_mixin.py:188} INFO - [2025-12-28T16:24:46.371+0000] {dag.py:3954} INFO - Setting next_dagrun for youtube_video_stats to 2025-12-28 14:00:00+00:00, run_after=2025-12-29 14:00:00+00:00
[2025-12-28T16:24:46.420+0000] {processor.py:183} INFO - Processing /opt/airflow/dags/main.py took 0.458 seconds
[2025-12-28T16:25:16.640+0000] {processor.py:161} INFO - Started process (PID=18488) to work on /opt/airflow/dags/main.py
[2025-12-28T16:25:16.641+0000] {processor.py:830} INFO - Processing file /opt/airflow/dags/main.py for tasks to queue
[2025-12-28T16:25:16.642+0000] {logging_mixin.py:188} INFO - [2025-12-28T16:25:16.642+0000] {dagbag.py:545} INFO - Filling up the DagBag from /opt/airflow/dags/main.py
[2025-12-28T16:25:16.746+0000] {processor.py:840} INFO - DAG(s) 'update_db', 'youtube_video_stats' retrieved from /opt/airflow/dags/main.py
[2025-12-28T16:25:16.784+0000] {logging_mixin.py:188} INFO - [2025-12-28T16:25:16.783+0000] {dag.py:3096} INFO - Sync 2 DAGs
[2025-12-28T16:25:16.810+0000] {logging_mixin.py:188} INFO - [2025-12-28T16:25:16.810+0000] {dag.py:3954} INFO - Setting next_dagrun for update_db to 2025-12-28 15:00:00+00:00, run_after=2025-12-29 15:00:00+00:00
[2025-12-28T16:25:16.818+0000] {logging_mixin.py:188} INFO - [2025-12-28T16:25:16.817+0000] {dag.py:3954} INFO - Setting next_dagrun for youtube_video_stats to 2025-12-28 14:00:00+00:00, run_after=2025-12-29 14:00:00+00:00
[2025-12-28T16:25:16.842+0000] {processor.py:183} INFO - Processing /opt/airflow/dags/main.py took 0.211 seconds
[2025-12-28T16:25:46.970+0000] {processor.py:161} INFO - Started process (PID=18495) to work on /opt/airflow/dags/main.py
[2025-12-28T16:25:46.972+0000] {processor.py:830} INFO - Processing file /opt/airflow/dags/main.py for tasks to queue
[2025-12-28T16:25:46.973+0000] {logging_mixin.py:188} INFO - [2025-12-28T16:25:46.973+0000] {dagbag.py:545} INFO - Filling up the DagBag from /opt/airflow/dags/main.py
[2025-12-28T16:25:47.144+0000] {processor.py:840} INFO - DAG(s) 'youtube_video_stats', 'update_db' retrieved from /opt/airflow/dags/main.py
[2025-12-28T16:25:47.218+0000] {logging_mixin.py:188} INFO - [2025-12-28T16:25:47.218+0000] {dag.py:3096} INFO - Sync 2 DAGs
[2025-12-28T16:25:47.267+0000] {logging_mixin.py:188} INFO - [2025-12-28T16:25:47.267+0000] {dag.py:3954} INFO - Setting next_dagrun for update_db to 2025-12-28 15:00:00+00:00, run_after=2025-12-29 15:00:00+00:00
[2025-12-28T16:25:47.289+0000] {logging_mixin.py:188} INFO - [2025-12-28T16:25:47.289+0000] {dag.py:3954} INFO - Setting next_dagrun for youtube_video_stats to 2025-12-28 14:00:00+00:00, run_after=2025-12-29 14:00:00+00:00
[2025-12-28T16:25:47.332+0000] {processor.py:183} INFO - Processing /opt/airflow/dags/main.py took 0.375 seconds
[2025-12-28T16:26:17.612+0000] {processor.py:161} INFO - Started process (PID=18502) to work on /opt/airflow/dags/main.py
[2025-12-28T16:26:17.613+0000] {processor.py:830} INFO - Processing file /opt/airflow/dags/main.py for tasks to queue
[2025-12-28T16:26:17.615+0000] {logging_mixin.py:188} INFO - [2025-12-28T16:26:17.615+0000] {dagbag.py:545} INFO - Filling up the DagBag from /opt/airflow/dags/main.py
[2025-12-28T16:26:17.765+0000] {processor.py:840} INFO - DAG(s) 'update_db', 'youtube_video_stats' retrieved from /opt/airflow/dags/main.py
[2025-12-28T16:26:17.811+0000] {logging_mixin.py:188} INFO - [2025-12-28T16:26:17.810+0000] {dag.py:3096} INFO - Sync 2 DAGs
[2025-12-28T16:26:17.845+0000] {logging_mixin.py:188} INFO - [2025-12-28T16:26:17.845+0000] {dag.py:3954} INFO - Setting next_dagrun for update_db to 2025-12-28 15:00:00+00:00, run_after=2025-12-29 15:00:00+00:00
[2025-12-28T16:26:17.853+0000] {logging_mixin.py:188} INFO - [2025-12-28T16:26:17.853+0000] {dag.py:3954} INFO - Setting next_dagrun for youtube_video_stats to 2025-12-28 14:00:00+00:00, run_after=2025-12-29 14:00:00+00:00
[2025-12-28T16:26:17.885+0000] {processor.py:183} INFO - Processing /opt/airflow/dags/main.py took 0.283 seconds
[2025-12-28T16:26:48.155+0000] {processor.py:161} INFO - Started process (PID=18509) to work on /opt/airflow/dags/main.py
[2025-12-28T16:26:48.158+0000] {processor.py:830} INFO - Processing file /opt/airflow/dags/main.py for tasks to queue
[2025-12-28T16:26:48.160+0000] {logging_mixin.py:188} INFO - [2025-12-28T16:26:48.160+0000] {dagbag.py:545} INFO - Filling up the DagBag from /opt/airflow/dags/main.py
[2025-12-28T16:26:48.523+0000] {processor.py:840} INFO - DAG(s) 'update_db', 'youtube_video_stats' retrieved from /opt/airflow/dags/main.py
[2025-12-28T16:26:48.665+0000] {logging_mixin.py:188} INFO - [2025-12-28T16:26:48.662+0000] {dag.py:3096} INFO - Sync 2 DAGs
[2025-12-28T16:26:48.736+0000] {logging_mixin.py:188} INFO - [2025-12-28T16:26:48.735+0000] {dag.py:3954} INFO - Setting next_dagrun for update_db to 2025-12-28 15:00:00+00:00, run_after=2025-12-29 15:00:00+00:00
[2025-12-28T16:26:48.819+0000] {logging_mixin.py:188} INFO - [2025-12-28T16:26:48.818+0000] {dag.py:3954} INFO - Setting next_dagrun for youtube_video_stats to 2025-12-28 14:00:00+00:00, run_after=2025-12-29 14:00:00+00:00
[2025-12-28T16:26:48.891+0000] {processor.py:183} INFO - Processing /opt/airflow/dags/main.py took 0.757 seconds
[2025-12-28T16:27:20.560+0000] {processor.py:161} INFO - Started process (PID=18516) to work on /opt/airflow/dags/main.py
[2025-12-28T16:27:20.607+0000] {processor.py:830} INFO - Processing file /opt/airflow/dags/main.py for tasks to queue
[2025-12-28T16:27:20.622+0000] {logging_mixin.py:188} INFO - [2025-12-28T16:27:20.620+0000] {dagbag.py:545} INFO - Filling up the DagBag from /opt/airflow/dags/main.py
[2025-12-28T16:27:21.649+0000] {processor.py:840} INFO - DAG(s) 'youtube_video_stats', 'update_db' retrieved from /opt/airflow/dags/main.py
[2025-12-28T16:27:22.139+0000] {logging_mixin.py:188} INFO - [2025-12-28T16:27:22.139+0000] {dag.py:3096} INFO - Sync 2 DAGs
[2025-12-28T16:27:22.393+0000] {logging_mixin.py:188} INFO - [2025-12-28T16:27:22.392+0000] {dag.py:3954} INFO - Setting next_dagrun for update_db to 2025-12-28 15:00:00+00:00, run_after=2025-12-29 15:00:00+00:00
[2025-12-28T16:27:22.421+0000] {logging_mixin.py:188} INFO - [2025-12-28T16:27:22.415+0000] {dag.py:3954} INFO - Setting next_dagrun for youtube_video_stats to 2025-12-28 14:00:00+00:00, run_after=2025-12-29 14:00:00+00:00
[2025-12-28T16:27:22.607+0000] {processor.py:183} INFO - Processing /opt/airflow/dags/main.py took 2.411 seconds
[2025-12-28T16:27:54.091+0000] {processor.py:161} INFO - Started process (PID=18523) to work on /opt/airflow/dags/main.py
[2025-12-28T16:27:54.101+0000] {processor.py:830} INFO - Processing file /opt/airflow/dags/main.py for tasks to queue
[2025-12-28T16:27:54.106+0000] {logging_mixin.py:188} INFO - [2025-12-28T16:27:54.104+0000] {dagbag.py:545} INFO - Filling up the DagBag from /opt/airflow/dags/main.py
[2025-12-28T16:27:54.682+0000] {processor.py:840} INFO - DAG(s) 'update_db', 'youtube_video_stats' retrieved from /opt/airflow/dags/main.py
[2025-12-28T16:27:55.008+0000] {logging_mixin.py:188} INFO - [2025-12-28T16:27:55.007+0000] {dag.py:3096} INFO - Sync 2 DAGs
[2025-12-28T16:27:55.288+0000] {logging_mixin.py:188} INFO - [2025-12-28T16:27:55.287+0000] {dag.py:3954} INFO - Setting next_dagrun for update_db to 2025-12-28 15:00:00+00:00, run_after=2025-12-29 15:00:00+00:00
[2025-12-28T16:27:55.319+0000] {logging_mixin.py:188} INFO - [2025-12-28T16:27:55.319+0000] {dag.py:3954} INFO - Setting next_dagrun for youtube_video_stats to 2025-12-28 14:00:00+00:00, run_after=2025-12-29 14:00:00+00:00
[2025-12-28T16:27:55.476+0000] {processor.py:183} INFO - Processing /opt/airflow/dags/main.py took 1.431 seconds
[2025-12-28T16:28:26.715+0000] {processor.py:161} INFO - Started process (PID=18530) to work on /opt/airflow/dags/main.py
[2025-12-28T16:28:26.720+0000] {processor.py:830} INFO - Processing file /opt/airflow/dags/main.py for tasks to queue
[2025-12-28T16:28:26.734+0000] {logging_mixin.py:188} INFO - [2025-12-28T16:28:26.731+0000] {dagbag.py:545} INFO - Filling up the DagBag from /opt/airflow/dags/main.py
[2025-12-28T16:28:27.100+0000] {processor.py:840} INFO - DAG(s) 'youtube_video_stats', 'update_db' retrieved from /opt/airflow/dags/main.py
[2025-12-28T16:28:27.218+0000] {logging_mixin.py:188} INFO - [2025-12-28T16:28:27.218+0000] {dag.py:3096} INFO - Sync 2 DAGs
[2025-12-28T16:28:27.310+0000] {logging_mixin.py:188} INFO - [2025-12-28T16:28:27.309+0000] {dag.py:3954} INFO - Setting next_dagrun for update_db to 2025-12-28 15:00:00+00:00, run_after=2025-12-29 15:00:00+00:00
[2025-12-28T16:28:27.327+0000] {logging_mixin.py:188} INFO - [2025-12-28T16:28:27.325+0000] {dag.py:3954} INFO - Setting next_dagrun for youtube_video_stats to 2025-12-28 14:00:00+00:00, run_after=2025-12-29 14:00:00+00:00
[2025-12-28T16:28:27.377+0000] {processor.py:183} INFO - Processing /opt/airflow/dags/main.py took 0.732 seconds
[2025-12-28T16:28:58.084+0000] {processor.py:161} INFO - Started process (PID=18538) to work on /opt/airflow/dags/main.py
[2025-12-28T16:28:58.101+0000] {processor.py:830} INFO - Processing file /opt/airflow/dags/main.py for tasks to queue
[2025-12-28T16:28:58.111+0000] {logging_mixin.py:188} INFO - [2025-12-28T16:28:58.109+0000] {dagbag.py:545} INFO - Filling up the DagBag from /opt/airflow/dags/main.py
[2025-12-28T16:28:58.629+0000] {processor.py:840} INFO - DAG(s) 'update_db', 'youtube_video_stats' retrieved from /opt/airflow/dags/main.py
[2025-12-28T16:28:58.770+0000] {logging_mixin.py:188} INFO - [2025-12-28T16:28:58.770+0000] {dag.py:3096} INFO - Sync 2 DAGs
[2025-12-28T16:28:58.862+0000] {logging_mixin.py:188} INFO - [2025-12-28T16:28:58.861+0000] {dag.py:3954} INFO - Setting next_dagrun for update_db to 2025-12-28 15:00:00+00:00, run_after=2025-12-29 15:00:00+00:00
[2025-12-28T16:28:58.880+0000] {logging_mixin.py:188} INFO - [2025-12-28T16:28:58.880+0000] {dag.py:3954} INFO - Setting next_dagrun for youtube_video_stats to 2025-12-28 14:00:00+00:00, run_after=2025-12-29 14:00:00+00:00
[2025-12-28T16:28:58.940+0000] {processor.py:183} INFO - Processing /opt/airflow/dags/main.py took 0.941 seconds
[2025-12-28T16:29:29.932+0000] {processor.py:161} INFO - Started process (PID=18545) to work on /opt/airflow/dags/main.py
[2025-12-28T16:29:29.938+0000] {processor.py:830} INFO - Processing file /opt/airflow/dags/main.py for tasks to queue
[2025-12-28T16:29:29.940+0000] {logging_mixin.py:188} INFO - [2025-12-28T16:29:29.940+0000] {dagbag.py:545} INFO - Filling up the DagBag from /opt/airflow/dags/main.py
[2025-12-28T16:29:30.829+0000] {processor.py:840} INFO - DAG(s) 'youtube_video_stats', 'update_db' retrieved from /opt/airflow/dags/main.py
[2025-12-28T16:29:31.064+0000] {logging_mixin.py:188} INFO - [2025-12-28T16:29:31.064+0000] {dag.py:3096} INFO - Sync 2 DAGs
[2025-12-28T16:29:31.169+0000] {logging_mixin.py:188} INFO - [2025-12-28T16:29:31.169+0000] {dag.py:3954} INFO - Setting next_dagrun for update_db to 2025-12-28 15:00:00+00:00, run_after=2025-12-29 15:00:00+00:00
[2025-12-28T16:29:31.199+0000] {logging_mixin.py:188} INFO - [2025-12-28T16:29:31.199+0000] {dag.py:3954} INFO - Setting next_dagrun for youtube_video_stats to 2025-12-28 14:00:00+00:00, run_after=2025-12-29 14:00:00+00:00
[2025-12-28T16:29:31.340+0000] {processor.py:183} INFO - Processing /opt/airflow/dags/main.py took 1.434 seconds
[2025-12-28T16:30:02.460+0000] {processor.py:161} INFO - Started process (PID=18552) to work on /opt/airflow/dags/main.py
[2025-12-28T16:30:02.466+0000] {processor.py:830} INFO - Processing file /opt/airflow/dags/main.py for tasks to queue
[2025-12-28T16:30:02.476+0000] {logging_mixin.py:188} INFO - [2025-12-28T16:30:02.476+0000] {dagbag.py:545} INFO - Filling up the DagBag from /opt/airflow/dags/main.py
[2025-12-28T16:30:03.127+0000] {processor.py:840} INFO - DAG(s) 'youtube_video_stats', 'update_db' retrieved from /opt/airflow/dags/main.py
[2025-12-28T16:30:03.238+0000] {logging_mixin.py:188} INFO - [2025-12-28T16:30:03.237+0000] {dag.py:3096} INFO - Sync 2 DAGs
[2025-12-28T16:30:03.399+0000] {logging_mixin.py:188} INFO - [2025-12-28T16:30:03.398+0000] {dag.py:3954} INFO - Setting next_dagrun for update_db to 2025-12-28 15:00:00+00:00, run_after=2025-12-29 15:00:00+00:00
[2025-12-28T16:30:03.485+0000] {logging_mixin.py:188} INFO - [2025-12-28T16:30:03.484+0000] {dag.py:3954} INFO - Setting next_dagrun for youtube_video_stats to 2025-12-28 14:00:00+00:00, run_after=2025-12-29 14:00:00+00:00
[2025-12-28T16:30:03.551+0000] {processor.py:183} INFO - Processing /opt/airflow/dags/main.py took 1.143 seconds
[2025-12-28T16:30:34.125+0000] {processor.py:161} INFO - Started process (PID=18559) to work on /opt/airflow/dags/main.py
[2025-12-28T16:30:34.132+0000] {processor.py:830} INFO - Processing file /opt/airflow/dags/main.py for tasks to queue
[2025-12-28T16:30:34.134+0000] {logging_mixin.py:188} INFO - [2025-12-28T16:30:34.134+0000] {dagbag.py:545} INFO - Filling up the DagBag from /opt/airflow/dags/main.py
[2025-12-28T16:30:34.417+0000] {processor.py:840} INFO - DAG(s) 'youtube_video_stats', 'update_db' retrieved from /opt/airflow/dags/main.py
[2025-12-28T16:30:34.508+0000] {logging_mixin.py:188} INFO - [2025-12-28T16:30:34.507+0000] {dag.py:3096} INFO - Sync 2 DAGs
[2025-12-28T16:30:34.604+0000] {logging_mixin.py:188} INFO - [2025-12-28T16:30:34.604+0000] {dag.py:3954} INFO - Setting next_dagrun for update_db to 2025-12-28 15:00:00+00:00, run_after=2025-12-29 15:00:00+00:00
[2025-12-28T16:30:34.616+0000] {logging_mixin.py:188} INFO - [2025-12-28T16:30:34.615+0000] {dag.py:3954} INFO - Setting next_dagrun for youtube_video_stats to 2025-12-28 14:00:00+00:00, run_after=2025-12-29 14:00:00+00:00
[2025-12-28T16:30:34.691+0000] {processor.py:183} INFO - Processing /opt/airflow/dags/main.py took 0.579 seconds
[2025-12-28T16:31:05.035+0000] {processor.py:161} INFO - Started process (PID=18566) to work on /opt/airflow/dags/main.py
[2025-12-28T16:31:05.038+0000] {processor.py:830} INFO - Processing file /opt/airflow/dags/main.py for tasks to queue
[2025-12-28T16:31:05.041+0000] {logging_mixin.py:188} INFO - [2025-12-28T16:31:05.040+0000] {dagbag.py:545} INFO - Filling up the DagBag from /opt/airflow/dags/main.py
[2025-12-28T16:31:05.292+0000] {processor.py:840} INFO - DAG(s) 'youtube_video_stats', 'update_db' retrieved from /opt/airflow/dags/main.py
[2025-12-28T16:31:05.351+0000] {logging_mixin.py:188} INFO - [2025-12-28T16:31:05.350+0000] {dag.py:3096} INFO - Sync 2 DAGs
[2025-12-28T16:31:05.397+0000] {logging_mixin.py:188} INFO - [2025-12-28T16:31:05.396+0000] {dag.py:3954} INFO - Setting next_dagrun for update_db to 2025-12-28 15:00:00+00:00, run_after=2025-12-29 15:00:00+00:00
[2025-12-28T16:31:05.406+0000] {logging_mixin.py:188} INFO - [2025-12-28T16:31:05.406+0000] {dag.py:3954} INFO - Setting next_dagrun for youtube_video_stats to 2025-12-28 14:00:00+00:00, run_after=2025-12-29 14:00:00+00:00
[2025-12-28T16:31:05.435+0000] {processor.py:183} INFO - Processing /opt/airflow/dags/main.py took 0.424 seconds
[2025-12-28T16:31:35.525+0000] {processor.py:161} INFO - Started process (PID=18573) to work on /opt/airflow/dags/main.py
[2025-12-28T16:31:35.527+0000] {processor.py:830} INFO - Processing file /opt/airflow/dags/main.py for tasks to queue
[2025-12-28T16:31:35.530+0000] {logging_mixin.py:188} INFO - [2025-12-28T16:31:35.528+0000] {dagbag.py:545} INFO - Filling up the DagBag from /opt/airflow/dags/main.py
[2025-12-28T16:31:35.678+0000] {processor.py:840} INFO - DAG(s) 'youtube_video_stats', 'update_db' retrieved from /opt/airflow/dags/main.py
[2025-12-28T16:31:35.720+0000] {logging_mixin.py:188} INFO - [2025-12-28T16:31:35.720+0000] {dag.py:3096} INFO - Sync 2 DAGs
[2025-12-28T16:31:35.753+0000] {logging_mixin.py:188} INFO - [2025-12-28T16:31:35.752+0000] {dag.py:3954} INFO - Setting next_dagrun for update_db to 2025-12-28 15:00:00+00:00, run_after=2025-12-29 15:00:00+00:00
[2025-12-28T16:31:35.762+0000] {logging_mixin.py:188} INFO - [2025-12-28T16:31:35.762+0000] {dag.py:3954} INFO - Setting next_dagrun for youtube_video_stats to 2025-12-28 14:00:00+00:00, run_after=2025-12-29 14:00:00+00:00
[2025-12-28T16:31:35.790+0000] {processor.py:183} INFO - Processing /opt/airflow/dags/main.py took 0.275 seconds
[2025-12-28T16:32:05.935+0000] {processor.py:161} INFO - Started process (PID=18580) to work on /opt/airflow/dags/main.py
[2025-12-28T16:32:05.938+0000] {processor.py:830} INFO - Processing file /opt/airflow/dags/main.py for tasks to queue
[2025-12-28T16:32:05.940+0000] {logging_mixin.py:188} INFO - [2025-12-28T16:32:05.939+0000] {dagbag.py:545} INFO - Filling up the DagBag from /opt/airflow/dags/main.py
[2025-12-28T16:32:06.114+0000] {processor.py:840} INFO - DAG(s) 'youtube_video_stats', 'update_db' retrieved from /opt/airflow/dags/main.py
[2025-12-28T16:32:06.169+0000] {logging_mixin.py:188} INFO - [2025-12-28T16:32:06.169+0000] {dag.py:3096} INFO - Sync 2 DAGs
[2025-12-28T16:32:06.208+0000] {logging_mixin.py:188} INFO - [2025-12-28T16:32:06.208+0000] {dag.py:3954} INFO - Setting next_dagrun for update_db to 2025-12-28 15:00:00+00:00, run_after=2025-12-29 15:00:00+00:00
[2025-12-28T16:32:06.217+0000] {logging_mixin.py:188} INFO - [2025-12-28T16:32:06.217+0000] {dag.py:3954} INFO - Setting next_dagrun for youtube_video_stats to 2025-12-28 14:00:00+00:00, run_after=2025-12-29 14:00:00+00:00
[2025-12-28T16:32:06.245+0000] {processor.py:183} INFO - Processing /opt/airflow/dags/main.py took 0.323 seconds
[2025-12-28T16:32:36.459+0000] {processor.py:161} INFO - Started process (PID=18587) to work on /opt/airflow/dags/main.py
[2025-12-28T16:32:36.461+0000] {processor.py:830} INFO - Processing file /opt/airflow/dags/main.py for tasks to queue
[2025-12-28T16:32:36.462+0000] {logging_mixin.py:188} INFO - [2025-12-28T16:32:36.462+0000] {dagbag.py:545} INFO - Filling up the DagBag from /opt/airflow/dags/main.py
[2025-12-28T16:32:36.594+0000] {processor.py:840} INFO - DAG(s) 'update_db', 'youtube_video_stats' retrieved from /opt/airflow/dags/main.py
[2025-12-28T16:32:36.655+0000] {logging_mixin.py:188} INFO - [2025-12-28T16:32:36.654+0000] {dag.py:3096} INFO - Sync 2 DAGs
[2025-12-28T16:32:36.696+0000] {logging_mixin.py:188} INFO - [2025-12-28T16:32:36.696+0000] {dag.py:3954} INFO - Setting next_dagrun for update_db to 2025-12-28 15:00:00+00:00, run_after=2025-12-29 15:00:00+00:00
[2025-12-28T16:32:36.705+0000] {logging_mixin.py:188} INFO - [2025-12-28T16:32:36.705+0000] {dag.py:3954} INFO - Setting next_dagrun for youtube_video_stats to 2025-12-28 14:00:00+00:00, run_after=2025-12-29 14:00:00+00:00
[2025-12-28T16:32:36.737+0000] {processor.py:183} INFO - Processing /opt/airflow/dags/main.py took 0.286 seconds
[2025-12-28T16:33:06.811+0000] {processor.py:161} INFO - Started process (PID=18594) to work on /opt/airflow/dags/main.py
[2025-12-28T16:33:06.816+0000] {processor.py:830} INFO - Processing file /opt/airflow/dags/main.py for tasks to queue
[2025-12-28T16:33:06.817+0000] {logging_mixin.py:188} INFO - [2025-12-28T16:33:06.817+0000] {dagbag.py:545} INFO - Filling up the DagBag from /opt/airflow/dags/main.py
[2025-12-28T16:33:06.943+0000] {processor.py:840} INFO - DAG(s) 'youtube_video_stats', 'update_db' retrieved from /opt/airflow/dags/main.py
[2025-12-28T16:33:07.029+0000] {logging_mixin.py:188} INFO - [2025-12-28T16:33:07.028+0000] {dag.py:3096} INFO - Sync 2 DAGs
[2025-12-28T16:33:07.069+0000] {logging_mixin.py:188} INFO - [2025-12-28T16:33:07.069+0000] {dag.py:3954} INFO - Setting next_dagrun for update_db to 2025-12-28 15:00:00+00:00, run_after=2025-12-29 15:00:00+00:00
[2025-12-28T16:33:07.077+0000] {logging_mixin.py:188} INFO - [2025-12-28T16:33:07.076+0000] {dag.py:3954} INFO - Setting next_dagrun for youtube_video_stats to 2025-12-28 14:00:00+00:00, run_after=2025-12-29 14:00:00+00:00
[2025-12-28T16:33:07.107+0000] {processor.py:183} INFO - Processing /opt/airflow/dags/main.py took 0.303 seconds
[2025-12-28T16:33:37.364+0000] {processor.py:161} INFO - Started process (PID=18601) to work on /opt/airflow/dags/main.py
[2025-12-28T16:33:37.366+0000] {processor.py:830} INFO - Processing file /opt/airflow/dags/main.py for tasks to queue
[2025-12-28T16:33:37.368+0000] {logging_mixin.py:188} INFO - [2025-12-28T16:33:37.367+0000] {dagbag.py:545} INFO - Filling up the DagBag from /opt/airflow/dags/main.py
[2025-12-28T16:33:37.660+0000] {processor.py:840} INFO - DAG(s) 'update_db', 'youtube_video_stats' retrieved from /opt/airflow/dags/main.py
[2025-12-28T16:33:37.756+0000] {logging_mixin.py:188} INFO - [2025-12-28T16:33:37.756+0000] {dag.py:3096} INFO - Sync 2 DAGs
[2025-12-28T16:33:37.829+0000] {logging_mixin.py:188} INFO - [2025-12-28T16:33:37.824+0000] {dag.py:3954} INFO - Setting next_dagrun for update_db to 2025-12-28 15:00:00+00:00, run_after=2025-12-29 15:00:00+00:00
[2025-12-28T16:33:37.843+0000] {logging_mixin.py:188} INFO - [2025-12-28T16:33:37.843+0000] {dag.py:3954} INFO - Setting next_dagrun for youtube_video_stats to 2025-12-28 14:00:00+00:00, run_after=2025-12-29 14:00:00+00:00
[2025-12-28T16:33:37.929+0000] {processor.py:183} INFO - Processing /opt/airflow/dags/main.py took 0.575 seconds
[2025-12-28T16:34:08.271+0000] {processor.py:161} INFO - Started process (PID=18608) to work on /opt/airflow/dags/main.py
[2025-12-28T16:34:08.274+0000] {processor.py:830} INFO - Processing file /opt/airflow/dags/main.py for tasks to queue
[2025-12-28T16:34:08.277+0000] {logging_mixin.py:188} INFO - [2025-12-28T16:34:08.276+0000] {dagbag.py:545} INFO - Filling up the DagBag from /opt/airflow/dags/main.py
[2025-12-28T16:34:08.472+0000] {processor.py:840} INFO - DAG(s) 'youtube_video_stats', 'update_db' retrieved from /opt/airflow/dags/main.py
[2025-12-28T16:34:08.556+0000] {logging_mixin.py:188} INFO - [2025-12-28T16:34:08.555+0000] {dag.py:3096} INFO - Sync 2 DAGs
[2025-12-28T16:34:08.602+0000] {logging_mixin.py:188} INFO - [2025-12-28T16:34:08.601+0000] {dag.py:3954} INFO - Setting next_dagrun for update_db to 2025-12-28 15:00:00+00:00, run_after=2025-12-29 15:00:00+00:00
[2025-12-28T16:34:08.610+0000] {logging_mixin.py:188} INFO - [2025-12-28T16:34:08.610+0000] {dag.py:3954} INFO - Setting next_dagrun for youtube_video_stats to 2025-12-28 14:00:00+00:00, run_after=2025-12-29 14:00:00+00:00
[2025-12-28T16:34:08.667+0000] {processor.py:183} INFO - Processing /opt/airflow/dags/main.py took 0.419 seconds
[2025-12-28T16:34:38.798+0000] {processor.py:161} INFO - Started process (PID=18615) to work on /opt/airflow/dags/main.py
[2025-12-28T16:34:38.800+0000] {processor.py:830} INFO - Processing file /opt/airflow/dags/main.py for tasks to queue
[2025-12-28T16:34:38.802+0000] {logging_mixin.py:188} INFO - [2025-12-28T16:34:38.801+0000] {dagbag.py:545} INFO - Filling up the DagBag from /opt/airflow/dags/main.py
[2025-12-28T16:34:38.983+0000] {processor.py:840} INFO - DAG(s) 'youtube_video_stats', 'update_db' retrieved from /opt/airflow/dags/main.py
[2025-12-28T16:34:39.037+0000] {logging_mixin.py:188} INFO - [2025-12-28T16:34:39.036+0000] {dag.py:3096} INFO - Sync 2 DAGs
[2025-12-28T16:34:39.086+0000] {logging_mixin.py:188} INFO - [2025-12-28T16:34:39.086+0000] {dag.py:3954} INFO - Setting next_dagrun for update_db to 2025-12-28 15:00:00+00:00, run_after=2025-12-29 15:00:00+00:00
[2025-12-28T16:34:39.096+0000] {logging_mixin.py:188} INFO - [2025-12-28T16:34:39.095+0000] {dag.py:3954} INFO - Setting next_dagrun for youtube_video_stats to 2025-12-28 14:00:00+00:00, run_after=2025-12-29 14:00:00+00:00
[2025-12-28T16:34:39.126+0000] {processor.py:183} INFO - Processing /opt/airflow/dags/main.py took 0.343 seconds
[2025-12-28T16:35:09.350+0000] {processor.py:161} INFO - Started process (PID=18622) to work on /opt/airflow/dags/main.py
[2025-12-28T16:35:09.352+0000] {processor.py:830} INFO - Processing file /opt/airflow/dags/main.py for tasks to queue
[2025-12-28T16:35:09.353+0000] {logging_mixin.py:188} INFO - [2025-12-28T16:35:09.353+0000] {dagbag.py:545} INFO - Filling up the DagBag from /opt/airflow/dags/main.py
[2025-12-28T16:35:09.525+0000] {processor.py:840} INFO - DAG(s) 'youtube_video_stats', 'update_db' retrieved from /opt/airflow/dags/main.py
[2025-12-28T16:35:09.585+0000] {logging_mixin.py:188} INFO - [2025-12-28T16:35:09.585+0000] {dag.py:3096} INFO - Sync 2 DAGs
[2025-12-28T16:35:09.621+0000] {logging_mixin.py:188} INFO - [2025-12-28T16:35:09.621+0000] {dag.py:3954} INFO - Setting next_dagrun for update_db to 2025-12-28 15:00:00+00:00, run_after=2025-12-29 15:00:00+00:00
[2025-12-28T16:35:09.629+0000] {logging_mixin.py:188} INFO - [2025-12-28T16:35:09.629+0000] {dag.py:3954} INFO - Setting next_dagrun for youtube_video_stats to 2025-12-28 14:00:00+00:00, run_after=2025-12-29 14:00:00+00:00
[2025-12-28T16:35:09.656+0000] {processor.py:183} INFO - Processing /opt/airflow/dags/main.py took 0.316 seconds
[2025-12-28T16:35:39.905+0000] {processor.py:161} INFO - Started process (PID=18629) to work on /opt/airflow/dags/main.py
[2025-12-28T16:35:39.907+0000] {processor.py:830} INFO - Processing file /opt/airflow/dags/main.py for tasks to queue
[2025-12-28T16:35:39.912+0000] {logging_mixin.py:188} INFO - [2025-12-28T16:35:39.910+0000] {dagbag.py:545} INFO - Filling up the DagBag from /opt/airflow/dags/main.py
[2025-12-28T16:35:40.048+0000] {processor.py:840} INFO - DAG(s) 'update_db', 'youtube_video_stats' retrieved from /opt/airflow/dags/main.py
[2025-12-28T16:35:40.096+0000] {logging_mixin.py:188} INFO - [2025-12-28T16:35:40.096+0000] {dag.py:3096} INFO - Sync 2 DAGs
[2025-12-28T16:35:40.133+0000] {logging_mixin.py:188} INFO - [2025-12-28T16:35:40.133+0000] {dag.py:3954} INFO - Setting next_dagrun for update_db to 2025-12-28 15:00:00+00:00, run_after=2025-12-29 15:00:00+00:00
[2025-12-28T16:35:40.141+0000] {logging_mixin.py:188} INFO - [2025-12-28T16:35:40.141+0000] {dag.py:3954} INFO - Setting next_dagrun for youtube_video_stats to 2025-12-28 14:00:00+00:00, run_after=2025-12-29 14:00:00+00:00
[2025-12-28T16:35:40.170+0000] {processor.py:183} INFO - Processing /opt/airflow/dags/main.py took 0.274 seconds
[2025-12-28T16:36:10.373+0000] {processor.py:161} INFO - Started process (PID=18636) to work on /opt/airflow/dags/main.py
[2025-12-28T16:36:10.377+0000] {processor.py:830} INFO - Processing file /opt/airflow/dags/main.py for tasks to queue
[2025-12-28T16:36:10.379+0000] {logging_mixin.py:188} INFO - [2025-12-28T16:36:10.378+0000] {dagbag.py:545} INFO - Filling up the DagBag from /opt/airflow/dags/main.py
[2025-12-28T16:36:10.539+0000] {processor.py:840} INFO - DAG(s) 'youtube_video_stats', 'update_db' retrieved from /opt/airflow/dags/main.py
[2025-12-28T16:36:10.599+0000] {logging_mixin.py:188} INFO - [2025-12-28T16:36:10.599+0000] {dag.py:3096} INFO - Sync 2 DAGs
[2025-12-28T16:36:10.644+0000] {logging_mixin.py:188} INFO - [2025-12-28T16:36:10.644+0000] {dag.py:3954} INFO - Setting next_dagrun for update_db to 2025-12-28 15:00:00+00:00, run_after=2025-12-29 15:00:00+00:00
[2025-12-28T16:36:10.654+0000] {logging_mixin.py:188} INFO - [2025-12-28T16:36:10.654+0000] {dag.py:3954} INFO - Setting next_dagrun for youtube_video_stats to 2025-12-28 14:00:00+00:00, run_after=2025-12-29 14:00:00+00:00
[2025-12-28T16:36:10.686+0000] {processor.py:183} INFO - Processing /opt/airflow/dags/main.py took 0.322 seconds
[2025-12-28T16:36:40.940+0000] {processor.py:161} INFO - Started process (PID=18643) to work on /opt/airflow/dags/main.py
[2025-12-28T16:36:40.942+0000] {processor.py:830} INFO - Processing file /opt/airflow/dags/main.py for tasks to queue
[2025-12-28T16:36:40.943+0000] {logging_mixin.py:188} INFO - [2025-12-28T16:36:40.943+0000] {dagbag.py:545} INFO - Filling up the DagBag from /opt/airflow/dags/main.py
[2025-12-28T16:36:41.068+0000] {processor.py:840} INFO - DAG(s) 'youtube_video_stats', 'update_db' retrieved from /opt/airflow/dags/main.py
[2025-12-28T16:36:41.109+0000] {logging_mixin.py:188} INFO - [2025-12-28T16:36:41.109+0000] {dag.py:3096} INFO - Sync 2 DAGs
[2025-12-28T16:36:41.137+0000] {logging_mixin.py:188} INFO - [2025-12-28T16:36:41.136+0000] {dag.py:3954} INFO - Setting next_dagrun for update_db to 2025-12-28 15:00:00+00:00, run_after=2025-12-29 15:00:00+00:00
[2025-12-28T16:36:41.144+0000] {logging_mixin.py:188} INFO - [2025-12-28T16:36:41.144+0000] {dag.py:3954} INFO - Setting next_dagrun for youtube_video_stats to 2025-12-28 14:00:00+00:00, run_after=2025-12-29 14:00:00+00:00
[2025-12-28T16:36:41.165+0000] {processor.py:183} INFO - Processing /opt/airflow/dags/main.py took 0.234 seconds
[2025-12-28T16:37:11.398+0000] {processor.py:161} INFO - Started process (PID=18650) to work on /opt/airflow/dags/main.py
[2025-12-28T16:37:11.400+0000] {processor.py:830} INFO - Processing file /opt/airflow/dags/main.py for tasks to queue
[2025-12-28T16:37:11.403+0000] {logging_mixin.py:188} INFO - [2025-12-28T16:37:11.403+0000] {dagbag.py:545} INFO - Filling up the DagBag from /opt/airflow/dags/main.py
[2025-12-28T16:37:11.604+0000] {processor.py:840} INFO - DAG(s) 'update_db', 'youtube_video_stats' retrieved from /opt/airflow/dags/main.py
[2025-12-28T16:37:11.677+0000] {logging_mixin.py:188} INFO - [2025-12-28T16:37:11.676+0000] {dag.py:3096} INFO - Sync 2 DAGs
[2025-12-28T16:37:11.724+0000] {logging_mixin.py:188} INFO - [2025-12-28T16:37:11.724+0000] {dag.py:3954} INFO - Setting next_dagrun for update_db to 2025-12-28 15:00:00+00:00, run_after=2025-12-29 15:00:00+00:00
[2025-12-28T16:37:11.736+0000] {logging_mixin.py:188} INFO - [2025-12-28T16:37:11.736+0000] {dag.py:3954} INFO - Setting next_dagrun for youtube_video_stats to 2025-12-28 14:00:00+00:00, run_after=2025-12-29 14:00:00+00:00
[2025-12-28T16:37:11.767+0000] {processor.py:183} INFO - Processing /opt/airflow/dags/main.py took 0.387 seconds
[2025-12-28T16:37:42.072+0000] {processor.py:161} INFO - Started process (PID=18657) to work on /opt/airflow/dags/main.py
[2025-12-28T16:37:42.073+0000] {processor.py:830} INFO - Processing file /opt/airflow/dags/main.py for tasks to queue
[2025-12-28T16:37:42.076+0000] {logging_mixin.py:188} INFO - [2025-12-28T16:37:42.076+0000] {dagbag.py:545} INFO - Filling up the DagBag from /opt/airflow/dags/main.py
[2025-12-28T16:37:42.272+0000] {processor.py:840} INFO - DAG(s) 'update_db', 'youtube_video_stats' retrieved from /opt/airflow/dags/main.py
[2025-12-28T16:37:42.340+0000] {logging_mixin.py:188} INFO - [2025-12-28T16:37:42.340+0000] {dag.py:3096} INFO - Sync 2 DAGs
[2025-12-28T16:37:42.398+0000] {logging_mixin.py:188} INFO - [2025-12-28T16:37:42.397+0000] {dag.py:3954} INFO - Setting next_dagrun for update_db to 2025-12-28 15:00:00+00:00, run_after=2025-12-29 15:00:00+00:00
[2025-12-28T16:37:42.411+0000] {logging_mixin.py:188} INFO - [2025-12-28T16:37:42.410+0000] {dag.py:3954} INFO - Setting next_dagrun for youtube_video_stats to 2025-12-28 14:00:00+00:00, run_after=2025-12-29 14:00:00+00:00
[2025-12-28T16:37:42.444+0000] {processor.py:183} INFO - Processing /opt/airflow/dags/main.py took 0.386 seconds
[2025-12-28T16:38:12.530+0000] {processor.py:161} INFO - Started process (PID=18664) to work on /opt/airflow/dags/main.py
[2025-12-28T16:38:12.533+0000] {processor.py:830} INFO - Processing file /opt/airflow/dags/main.py for tasks to queue
[2025-12-28T16:38:12.534+0000] {logging_mixin.py:188} INFO - [2025-12-28T16:38:12.534+0000] {dagbag.py:545} INFO - Filling up the DagBag from /opt/airflow/dags/main.py
[2025-12-28T16:38:12.689+0000] {processor.py:840} INFO - DAG(s) 'youtube_video_stats', 'update_db' retrieved from /opt/airflow/dags/main.py
[2025-12-28T16:38:12.767+0000] {logging_mixin.py:188} INFO - [2025-12-28T16:38:12.767+0000] {dag.py:3096} INFO - Sync 2 DAGs
[2025-12-28T16:38:12.810+0000] {logging_mixin.py:188} INFO - [2025-12-28T16:38:12.809+0000] {dag.py:3954} INFO - Setting next_dagrun for update_db to 2025-12-28 15:00:00+00:00, run_after=2025-12-29 15:00:00+00:00
[2025-12-28T16:38:12.818+0000] {logging_mixin.py:188} INFO - [2025-12-28T16:38:12.818+0000] {dag.py:3954} INFO - Setting next_dagrun for youtube_video_stats to 2025-12-28 14:00:00+00:00, run_after=2025-12-29 14:00:00+00:00
[2025-12-28T16:38:12.852+0000] {processor.py:183} INFO - Processing /opt/airflow/dags/main.py took 0.333 seconds
[2025-12-28T16:38:43.040+0000] {processor.py:161} INFO - Started process (PID=18671) to work on /opt/airflow/dags/main.py
[2025-12-28T16:38:43.042+0000] {processor.py:830} INFO - Processing file /opt/airflow/dags/main.py for tasks to queue
[2025-12-28T16:38:43.050+0000] {logging_mixin.py:188} INFO - [2025-12-28T16:38:43.048+0000] {dagbag.py:545} INFO - Filling up the DagBag from /opt/airflow/dags/main.py
[2025-12-28T16:38:43.263+0000] {processor.py:840} INFO - DAG(s) 'youtube_video_stats', 'update_db' retrieved from /opt/airflow/dags/main.py
[2025-12-28T16:38:43.318+0000] {logging_mixin.py:188} INFO - [2025-12-28T16:38:43.318+0000] {dag.py:3096} INFO - Sync 2 DAGs
[2025-12-28T16:38:43.358+0000] {logging_mixin.py:188} INFO - [2025-12-28T16:38:43.358+0000] {dag.py:3954} INFO - Setting next_dagrun for update_db to 2025-12-28 15:00:00+00:00, run_after=2025-12-29 15:00:00+00:00
[2025-12-28T16:38:43.365+0000] {logging_mixin.py:188} INFO - [2025-12-28T16:38:43.365+0000] {dag.py:3954} INFO - Setting next_dagrun for youtube_video_stats to 2025-12-28 14:00:00+00:00, run_after=2025-12-29 14:00:00+00:00
[2025-12-28T16:38:43.397+0000] {processor.py:183} INFO - Processing /opt/airflow/dags/main.py took 0.366 seconds
[2025-12-28T16:39:13.691+0000] {processor.py:161} INFO - Started process (PID=18678) to work on /opt/airflow/dags/main.py
[2025-12-28T16:39:13.693+0000] {processor.py:830} INFO - Processing file /opt/airflow/dags/main.py for tasks to queue
[2025-12-28T16:39:13.695+0000] {logging_mixin.py:188} INFO - [2025-12-28T16:39:13.695+0000] {dagbag.py:545} INFO - Filling up the DagBag from /opt/airflow/dags/main.py
[2025-12-28T16:39:13.971+0000] {processor.py:840} INFO - DAG(s) 'youtube_video_stats', 'update_db' retrieved from /opt/airflow/dags/main.py
[2025-12-28T16:39:14.052+0000] {logging_mixin.py:188} INFO - [2025-12-28T16:39:14.052+0000] {dag.py:3096} INFO - Sync 2 DAGs
[2025-12-28T16:39:14.099+0000] {logging_mixin.py:188} INFO - [2025-12-28T16:39:14.098+0000] {dag.py:3954} INFO - Setting next_dagrun for update_db to 2025-12-28 15:00:00+00:00, run_after=2025-12-29 15:00:00+00:00
[2025-12-28T16:39:14.110+0000] {logging_mixin.py:188} INFO - [2025-12-28T16:39:14.109+0000] {dag.py:3954} INFO - Setting next_dagrun for youtube_video_stats to 2025-12-28 14:00:00+00:00, run_after=2025-12-29 14:00:00+00:00
[2025-12-28T16:39:14.144+0000] {processor.py:183} INFO - Processing /opt/airflow/dags/main.py took 0.477 seconds
[2025-12-28T16:39:44.369+0000] {processor.py:161} INFO - Started process (PID=18685) to work on /opt/airflow/dags/main.py
[2025-12-28T16:39:44.371+0000] {processor.py:830} INFO - Processing file /opt/airflow/dags/main.py for tasks to queue
[2025-12-28T16:39:44.373+0000] {logging_mixin.py:188} INFO - [2025-12-28T16:39:44.372+0000] {dagbag.py:545} INFO - Filling up the DagBag from /opt/airflow/dags/main.py
[2025-12-28T16:39:44.521+0000] {processor.py:840} INFO - DAG(s) 'youtube_video_stats', 'update_db' retrieved from /opt/airflow/dags/main.py
[2025-12-28T16:39:44.570+0000] {logging_mixin.py:188} INFO - [2025-12-28T16:39:44.569+0000] {dag.py:3096} INFO - Sync 2 DAGs
[2025-12-28T16:39:44.606+0000] {logging_mixin.py:188} INFO - [2025-12-28T16:39:44.605+0000] {dag.py:3954} INFO - Setting next_dagrun for update_db to 2025-12-28 15:00:00+00:00, run_after=2025-12-29 15:00:00+00:00
[2025-12-28T16:39:44.614+0000] {logging_mixin.py:188} INFO - [2025-12-28T16:39:44.614+0000] {dag.py:3954} INFO - Setting next_dagrun for youtube_video_stats to 2025-12-28 14:00:00+00:00, run_after=2025-12-29 14:00:00+00:00
[2025-12-28T16:39:44.642+0000] {processor.py:183} INFO - Processing /opt/airflow/dags/main.py took 0.283 seconds
[2025-12-28T16:40:15.120+0000] {processor.py:161} INFO - Started process (PID=18692) to work on /opt/airflow/dags/main.py
[2025-12-28T16:40:15.126+0000] {processor.py:830} INFO - Processing file /opt/airflow/dags/main.py for tasks to queue
[2025-12-28T16:40:15.137+0000] {logging_mixin.py:188} INFO - [2025-12-28T16:40:15.134+0000] {dagbag.py:545} INFO - Filling up the DagBag from /opt/airflow/dags/main.py
[2025-12-28T16:40:15.701+0000] {processor.py:840} INFO - DAG(s) 'youtube_video_stats', 'update_db' retrieved from /opt/airflow/dags/main.py
[2025-12-28T16:40:15.937+0000] {logging_mixin.py:188} INFO - [2025-12-28T16:40:15.936+0000] {dag.py:3096} INFO - Sync 2 DAGs
[2025-12-28T16:40:16.088+0000] {logging_mixin.py:188} INFO - [2025-12-28T16:40:16.088+0000] {dag.py:3954} INFO - Setting next_dagrun for update_db to 2025-12-28 15:00:00+00:00, run_after=2025-12-29 15:00:00+00:00
[2025-12-28T16:40:16.113+0000] {logging_mixin.py:188} INFO - [2025-12-28T16:40:16.113+0000] {dag.py:3954} INFO - Setting next_dagrun for youtube_video_stats to 2025-12-28 14:00:00+00:00, run_after=2025-12-29 14:00:00+00:00
[2025-12-28T16:40:16.247+0000] {processor.py:183} INFO - Processing /opt/airflow/dags/main.py took 1.191 seconds
[2025-12-28T16:40:46.680+0000] {processor.py:161} INFO - Started process (PID=18699) to work on /opt/airflow/dags/main.py
[2025-12-28T16:40:46.684+0000] {processor.py:830} INFO - Processing file /opt/airflow/dags/main.py for tasks to queue
[2025-12-28T16:40:46.694+0000] {logging_mixin.py:188} INFO - [2025-12-28T16:40:46.693+0000] {dagbag.py:545} INFO - Filling up the DagBag from /opt/airflow/dags/main.py
[2025-12-28T16:40:47.507+0000] {processor.py:840} INFO - DAG(s) 'update_db', 'youtube_video_stats' retrieved from /opt/airflow/dags/main.py
[2025-12-28T16:40:47.740+0000] {logging_mixin.py:188} INFO - [2025-12-28T16:40:47.739+0000] {dag.py:3096} INFO - Sync 2 DAGs
[2025-12-28T16:40:47.843+0000] {logging_mixin.py:188} INFO - [2025-12-28T16:40:47.842+0000] {dag.py:3954} INFO - Setting next_dagrun for update_db to 2025-12-28 15:00:00+00:00, run_after=2025-12-29 15:00:00+00:00
[2025-12-28T16:40:47.860+0000] {logging_mixin.py:188} INFO - [2025-12-28T16:40:47.860+0000] {dag.py:3954} INFO - Setting next_dagrun for youtube_video_stats to 2025-12-28 14:00:00+00:00, run_after=2025-12-29 14:00:00+00:00
[2025-12-28T16:40:47.961+0000] {processor.py:183} INFO - Processing /opt/airflow/dags/main.py took 1.310 seconds
[2025-12-28T16:41:18.359+0000] {processor.py:161} INFO - Started process (PID=18706) to work on /opt/airflow/dags/main.py
[2025-12-28T16:41:18.366+0000] {processor.py:830} INFO - Processing file /opt/airflow/dags/main.py for tasks to queue
[2025-12-28T16:41:18.370+0000] {logging_mixin.py:188} INFO - [2025-12-28T16:41:18.369+0000] {dagbag.py:545} INFO - Filling up the DagBag from /opt/airflow/dags/main.py
[2025-12-28T16:41:18.832+0000] {processor.py:840} INFO - DAG(s) 'youtube_video_stats', 'update_db' retrieved from /opt/airflow/dags/main.py
[2025-12-28T16:41:19.019+0000] {logging_mixin.py:188} INFO - [2025-12-28T16:41:19.018+0000] {dag.py:3096} INFO - Sync 2 DAGs
[2025-12-28T16:41:19.093+0000] {logging_mixin.py:188} INFO - [2025-12-28T16:41:19.093+0000] {dag.py:3954} INFO - Setting next_dagrun for update_db to 2025-12-28 15:00:00+00:00, run_after=2025-12-29 15:00:00+00:00
[2025-12-28T16:41:19.112+0000] {logging_mixin.py:188} INFO - [2025-12-28T16:41:19.111+0000] {dag.py:3954} INFO - Setting next_dagrun for youtube_video_stats to 2025-12-28 14:00:00+00:00, run_after=2025-12-29 14:00:00+00:00
[2025-12-28T16:41:19.156+0000] {processor.py:183} INFO - Processing /opt/airflow/dags/main.py took 0.848 seconds
[2025-12-28T16:41:49.497+0000] {processor.py:161} INFO - Started process (PID=18713) to work on /opt/airflow/dags/main.py
[2025-12-28T16:41:49.502+0000] {processor.py:830} INFO - Processing file /opt/airflow/dags/main.py for tasks to queue
[2025-12-28T16:41:49.505+0000] {logging_mixin.py:188} INFO - [2025-12-28T16:41:49.504+0000] {dagbag.py:545} INFO - Filling up the DagBag from /opt/airflow/dags/main.py
[2025-12-28T16:41:49.708+0000] {processor.py:840} INFO - DAG(s) 'youtube_video_stats', 'update_db' retrieved from /opt/airflow/dags/main.py
[2025-12-28T16:41:49.787+0000] {logging_mixin.py:188} INFO - [2025-12-28T16:41:49.787+0000] {dag.py:3096} INFO - Sync 2 DAGs
[2025-12-28T16:41:49.832+0000] {logging_mixin.py:188} INFO - [2025-12-28T16:41:49.831+0000] {dag.py:3954} INFO - Setting next_dagrun for update_db to 2025-12-28 15:00:00+00:00, run_after=2025-12-29 15:00:00+00:00
[2025-12-28T16:41:49.841+0000] {logging_mixin.py:188} INFO - [2025-12-28T16:41:49.840+0000] {dag.py:3954} INFO - Setting next_dagrun for youtube_video_stats to 2025-12-28 14:00:00+00:00, run_after=2025-12-29 14:00:00+00:00
[2025-12-28T16:41:49.875+0000] {processor.py:183} INFO - Processing /opt/airflow/dags/main.py took 0.392 seconds
[2025-12-28T16:42:19.983+0000] {processor.py:161} INFO - Started process (PID=18720) to work on /opt/airflow/dags/main.py
[2025-12-28T16:42:19.985+0000] {processor.py:830} INFO - Processing file /opt/airflow/dags/main.py for tasks to queue
[2025-12-28T16:42:19.987+0000] {logging_mixin.py:188} INFO - [2025-12-28T16:42:19.987+0000] {dagbag.py:545} INFO - Filling up the DagBag from /opt/airflow/dags/main.py
[2025-12-28T16:42:20.306+0000] {processor.py:840} INFO - DAG(s) 'update_db', 'youtube_video_stats' retrieved from /opt/airflow/dags/main.py
[2025-12-28T16:42:20.433+0000] {logging_mixin.py:188} INFO - [2025-12-28T16:42:20.432+0000] {dag.py:3096} INFO - Sync 2 DAGs
[2025-12-28T16:42:20.480+0000] {logging_mixin.py:188} INFO - [2025-12-28T16:42:20.480+0000] {dag.py:3954} INFO - Setting next_dagrun for update_db to 2025-12-28 15:00:00+00:00, run_after=2025-12-29 15:00:00+00:00
[2025-12-28T16:42:20.491+0000] {logging_mixin.py:188} INFO - [2025-12-28T16:42:20.491+0000] {dag.py:3954} INFO - Setting next_dagrun for youtube_video_stats to 2025-12-28 14:00:00+00:00, run_after=2025-12-29 14:00:00+00:00
[2025-12-28T16:42:20.526+0000] {processor.py:183} INFO - Processing /opt/airflow/dags/main.py took 0.561 seconds
[2025-12-28T16:42:50.764+0000] {processor.py:161} INFO - Started process (PID=18727) to work on /opt/airflow/dags/main.py
[2025-12-28T16:42:50.766+0000] {processor.py:830} INFO - Processing file /opt/airflow/dags/main.py for tasks to queue
[2025-12-28T16:42:50.767+0000] {logging_mixin.py:188} INFO - [2025-12-28T16:42:50.766+0000] {dagbag.py:545} INFO - Filling up the DagBag from /opt/airflow/dags/main.py
[2025-12-28T16:42:50.903+0000] {processor.py:840} INFO - DAG(s) 'youtube_video_stats', 'update_db' retrieved from /opt/airflow/dags/main.py
[2025-12-28T16:42:50.955+0000] {logging_mixin.py:188} INFO - [2025-12-28T16:42:50.955+0000] {dag.py:3096} INFO - Sync 2 DAGs
[2025-12-28T16:42:50.997+0000] {logging_mixin.py:188} INFO - [2025-12-28T16:42:50.997+0000] {dag.py:3954} INFO - Setting next_dagrun for update_db to 2025-12-28 15:00:00+00:00, run_after=2025-12-29 15:00:00+00:00
[2025-12-28T16:42:51.006+0000] {logging_mixin.py:188} INFO - [2025-12-28T16:42:51.005+0000] {dag.py:3954} INFO - Setting next_dagrun for youtube_video_stats to 2025-12-28 14:00:00+00:00, run_after=2025-12-29 14:00:00+00:00
[2025-12-28T16:42:51.037+0000] {processor.py:183} INFO - Processing /opt/airflow/dags/main.py took 0.282 seconds
[2025-12-28T16:43:21.265+0000] {processor.py:161} INFO - Started process (PID=18734) to work on /opt/airflow/dags/main.py
[2025-12-28T16:43:21.267+0000] {processor.py:830} INFO - Processing file /opt/airflow/dags/main.py for tasks to queue
[2025-12-28T16:43:21.268+0000] {logging_mixin.py:188} INFO - [2025-12-28T16:43:21.268+0000] {dagbag.py:545} INFO - Filling up the DagBag from /opt/airflow/dags/main.py
[2025-12-28T16:43:21.415+0000] {processor.py:840} INFO - DAG(s) 'update_db', 'youtube_video_stats' retrieved from /opt/airflow/dags/main.py
[2025-12-28T16:43:21.463+0000] {logging_mixin.py:188} INFO - [2025-12-28T16:43:21.462+0000] {dag.py:3096} INFO - Sync 2 DAGs
[2025-12-28T16:43:21.496+0000] {logging_mixin.py:188} INFO - [2025-12-28T16:43:21.496+0000] {dag.py:3954} INFO - Setting next_dagrun for update_db to 2025-12-28 15:00:00+00:00, run_after=2025-12-29 15:00:00+00:00
[2025-12-28T16:43:21.504+0000] {logging_mixin.py:188} INFO - [2025-12-28T16:43:21.504+0000] {dag.py:3954} INFO - Setting next_dagrun for youtube_video_stats to 2025-12-28 14:00:00+00:00, run_after=2025-12-29 14:00:00+00:00
[2025-12-28T16:43:21.534+0000] {processor.py:183} INFO - Processing /opt/airflow/dags/main.py took 0.276 seconds
[2025-12-28T16:43:51.778+0000] {processor.py:161} INFO - Started process (PID=18741) to work on /opt/airflow/dags/main.py
[2025-12-28T16:43:51.779+0000] {processor.py:830} INFO - Processing file /opt/airflow/dags/main.py for tasks to queue
[2025-12-28T16:43:51.780+0000] {logging_mixin.py:188} INFO - [2025-12-28T16:43:51.780+0000] {dagbag.py:545} INFO - Filling up the DagBag from /opt/airflow/dags/main.py
[2025-12-28T16:43:51.898+0000] {processor.py:840} INFO - DAG(s) 'update_db', 'youtube_video_stats' retrieved from /opt/airflow/dags/main.py
[2025-12-28T16:43:51.935+0000] {logging_mixin.py:188} INFO - [2025-12-28T16:43:51.934+0000] {dag.py:3096} INFO - Sync 2 DAGs
[2025-12-28T16:43:51.962+0000] {logging_mixin.py:188} INFO - [2025-12-28T16:43:51.962+0000] {dag.py:3954} INFO - Setting next_dagrun for update_db to 2025-12-28 15:00:00+00:00, run_after=2025-12-29 15:00:00+00:00
[2025-12-28T16:43:51.969+0000] {logging_mixin.py:188} INFO - [2025-12-28T16:43:51.969+0000] {dag.py:3954} INFO - Setting next_dagrun for youtube_video_stats to 2025-12-28 14:00:00+00:00, run_after=2025-12-29 14:00:00+00:00
[2025-12-28T16:43:51.993+0000] {processor.py:183} INFO - Processing /opt/airflow/dags/main.py took 0.222 seconds
[2025-12-28T16:44:22.255+0000] {processor.py:161} INFO - Started process (PID=18748) to work on /opt/airflow/dags/main.py
[2025-12-28T16:44:22.257+0000] {processor.py:830} INFO - Processing file /opt/airflow/dags/main.py for tasks to queue
[2025-12-28T16:44:22.258+0000] {logging_mixin.py:188} INFO - [2025-12-28T16:44:22.258+0000] {dagbag.py:545} INFO - Filling up the DagBag from /opt/airflow/dags/main.py
[2025-12-28T16:44:22.386+0000] {processor.py:840} INFO - DAG(s) 'update_db', 'youtube_video_stats' retrieved from /opt/airflow/dags/main.py
[2025-12-28T16:44:22.433+0000] {logging_mixin.py:188} INFO - [2025-12-28T16:44:22.432+0000] {dag.py:3096} INFO - Sync 2 DAGs
[2025-12-28T16:44:22.474+0000] {logging_mixin.py:188} INFO - [2025-12-28T16:44:22.474+0000] {dag.py:3954} INFO - Setting next_dagrun for update_db to 2025-12-28 15:00:00+00:00, run_after=2025-12-29 15:00:00+00:00
[2025-12-28T16:44:22.483+0000] {logging_mixin.py:188} INFO - [2025-12-28T16:44:22.483+0000] {dag.py:3954} INFO - Setting next_dagrun for youtube_video_stats to 2025-12-28 14:00:00+00:00, run_after=2025-12-29 14:00:00+00:00
[2025-12-28T16:44:22.521+0000] {processor.py:183} INFO - Processing /opt/airflow/dags/main.py took 0.274 seconds
[2025-12-28T16:44:52.759+0000] {processor.py:161} INFO - Started process (PID=18755) to work on /opt/airflow/dags/main.py
[2025-12-28T16:44:52.761+0000] {processor.py:830} INFO - Processing file /opt/airflow/dags/main.py for tasks to queue
[2025-12-28T16:44:52.764+0000] {logging_mixin.py:188} INFO - [2025-12-28T16:44:52.763+0000] {dagbag.py:545} INFO - Filling up the DagBag from /opt/airflow/dags/main.py
[2025-12-28T16:44:52.922+0000] {processor.py:840} INFO - DAG(s) 'youtube_video_stats', 'update_db' retrieved from /opt/airflow/dags/main.py
[2025-12-28T16:44:52.992+0000] {logging_mixin.py:188} INFO - [2025-12-28T16:44:52.991+0000] {dag.py:3096} INFO - Sync 2 DAGs
[2025-12-28T16:44:53.036+0000] {logging_mixin.py:188} INFO - [2025-12-28T16:44:53.036+0000] {dag.py:3954} INFO - Setting next_dagrun for update_db to 2025-12-28 15:00:00+00:00, run_after=2025-12-29 15:00:00+00:00
[2025-12-28T16:44:53.047+0000] {logging_mixin.py:188} INFO - [2025-12-28T16:44:53.046+0000] {dag.py:3954} INFO - Setting next_dagrun for youtube_video_stats to 2025-12-28 14:00:00+00:00, run_after=2025-12-29 14:00:00+00:00
[2025-12-28T16:44:53.076+0000] {processor.py:183} INFO - Processing /opt/airflow/dags/main.py took 0.326 seconds
[2025-12-28T16:45:23.319+0000] {processor.py:161} INFO - Started process (PID=18762) to work on /opt/airflow/dags/main.py
[2025-12-28T16:45:23.321+0000] {processor.py:830} INFO - Processing file /opt/airflow/dags/main.py for tasks to queue
[2025-12-28T16:45:23.322+0000] {logging_mixin.py:188} INFO - [2025-12-28T16:45:23.321+0000] {dagbag.py:545} INFO - Filling up the DagBag from /opt/airflow/dags/main.py
[2025-12-28T16:45:23.432+0000] {processor.py:840} INFO - DAG(s) 'youtube_video_stats', 'update_db' retrieved from /opt/airflow/dags/main.py
[2025-12-28T16:45:23.472+0000] {logging_mixin.py:188} INFO - [2025-12-28T16:45:23.471+0000] {dag.py:3096} INFO - Sync 2 DAGs
[2025-12-28T16:45:23.499+0000] {logging_mixin.py:188} INFO - [2025-12-28T16:45:23.499+0000] {dag.py:3954} INFO - Setting next_dagrun for update_db to 2025-12-28 15:00:00+00:00, run_after=2025-12-29 15:00:00+00:00
[2025-12-28T16:45:23.505+0000] {logging_mixin.py:188} INFO - [2025-12-28T16:45:23.505+0000] {dag.py:3954} INFO - Setting next_dagrun for youtube_video_stats to 2025-12-28 14:00:00+00:00, run_after=2025-12-29 14:00:00+00:00
[2025-12-28T16:45:23.528+0000] {processor.py:183} INFO - Processing /opt/airflow/dags/main.py took 0.216 seconds
[2025-12-28T16:45:53.727+0000] {processor.py:161} INFO - Started process (PID=18769) to work on /opt/airflow/dags/main.py
[2025-12-28T16:45:53.731+0000] {processor.py:830} INFO - Processing file /opt/airflow/dags/main.py for tasks to queue
[2025-12-28T16:45:53.732+0000] {logging_mixin.py:188} INFO - [2025-12-28T16:45:53.732+0000] {dagbag.py:545} INFO - Filling up the DagBag from /opt/airflow/dags/main.py
[2025-12-28T16:45:53.840+0000] {processor.py:840} INFO - DAG(s) 'update_db', 'youtube_video_stats' retrieved from /opt/airflow/dags/main.py
[2025-12-28T16:45:53.877+0000] {logging_mixin.py:188} INFO - [2025-12-28T16:45:53.877+0000] {dag.py:3096} INFO - Sync 2 DAGs
[2025-12-28T16:45:53.904+0000] {logging_mixin.py:188} INFO - [2025-12-28T16:45:53.904+0000] {dag.py:3954} INFO - Setting next_dagrun for update_db to 2025-12-28 15:00:00+00:00, run_after=2025-12-29 15:00:00+00:00
[2025-12-28T16:45:53.912+0000] {logging_mixin.py:188} INFO - [2025-12-28T16:45:53.911+0000] {dag.py:3954} INFO - Setting next_dagrun for youtube_video_stats to 2025-12-28 14:00:00+00:00, run_after=2025-12-29 14:00:00+00:00
[2025-12-28T16:45:53.938+0000] {processor.py:183} INFO - Processing /opt/airflow/dags/main.py took 0.218 seconds
[2025-12-28T16:46:24.158+0000] {processor.py:161} INFO - Started process (PID=18776) to work on /opt/airflow/dags/main.py
[2025-12-28T16:46:24.159+0000] {processor.py:830} INFO - Processing file /opt/airflow/dags/main.py for tasks to queue
[2025-12-28T16:46:24.162+0000] {logging_mixin.py:188} INFO - [2025-12-28T16:46:24.160+0000] {dagbag.py:545} INFO - Filling up the DagBag from /opt/airflow/dags/main.py
[2025-12-28T16:46:24.271+0000] {processor.py:840} INFO - DAG(s) 'youtube_video_stats', 'update_db' retrieved from /opt/airflow/dags/main.py
[2025-12-28T16:46:24.312+0000] {logging_mixin.py:188} INFO - [2025-12-28T16:46:24.312+0000] {dag.py:3096} INFO - Sync 2 DAGs
[2025-12-28T16:46:24.343+0000] {logging_mixin.py:188} INFO - [2025-12-28T16:46:24.343+0000] {dag.py:3954} INFO - Setting next_dagrun for update_db to 2025-12-28 15:00:00+00:00, run_after=2025-12-29 15:00:00+00:00
[2025-12-28T16:46:24.349+0000] {logging_mixin.py:188} INFO - [2025-12-28T16:46:24.349+0000] {dag.py:3954} INFO - Setting next_dagrun for youtube_video_stats to 2025-12-28 14:00:00+00:00, run_after=2025-12-29 14:00:00+00:00
[2025-12-28T16:46:24.373+0000] {processor.py:183} INFO - Processing /opt/airflow/dags/main.py took 0.223 seconds
[2025-12-28T16:46:54.596+0000] {processor.py:161} INFO - Started process (PID=18783) to work on /opt/airflow/dags/main.py
[2025-12-28T16:46:54.598+0000] {processor.py:830} INFO - Processing file /opt/airflow/dags/main.py for tasks to queue
[2025-12-28T16:46:54.599+0000] {logging_mixin.py:188} INFO - [2025-12-28T16:46:54.599+0000] {dagbag.py:545} INFO - Filling up the DagBag from /opt/airflow/dags/main.py
[2025-12-28T16:46:54.778+0000] {processor.py:840} INFO - DAG(s) 'youtube_video_stats', 'update_db' retrieved from /opt/airflow/dags/main.py
[2025-12-28T16:46:54.845+0000] {logging_mixin.py:188} INFO - [2025-12-28T16:46:54.844+0000] {dag.py:3096} INFO - Sync 2 DAGs
[2025-12-28T16:46:54.900+0000] {logging_mixin.py:188} INFO - [2025-12-28T16:46:54.899+0000] {dag.py:3954} INFO - Setting next_dagrun for update_db to 2025-12-28 15:00:00+00:00, run_after=2025-12-29 15:00:00+00:00
[2025-12-28T16:46:54.908+0000] {logging_mixin.py:188} INFO - [2025-12-28T16:46:54.908+0000] {dag.py:3954} INFO - Setting next_dagrun for youtube_video_stats to 2025-12-28 14:00:00+00:00, run_after=2025-12-29 14:00:00+00:00
[2025-12-28T16:46:54.938+0000] {processor.py:183} INFO - Processing /opt/airflow/dags/main.py took 0.355 seconds
[2025-12-28T16:47:25.144+0000] {processor.py:161} INFO - Started process (PID=18796) to work on /opt/airflow/dags/main.py
[2025-12-28T16:47:25.145+0000] {processor.py:830} INFO - Processing file /opt/airflow/dags/main.py for tasks to queue
[2025-12-28T16:47:25.146+0000] {logging_mixin.py:188} INFO - [2025-12-28T16:47:25.146+0000] {dagbag.py:545} INFO - Filling up the DagBag from /opt/airflow/dags/main.py
[2025-12-28T16:47:25.265+0000] {processor.py:840} INFO - DAG(s) 'youtube_video_stats', 'update_db' retrieved from /opt/airflow/dags/main.py
[2025-12-28T16:47:25.309+0000] {logging_mixin.py:188} INFO - [2025-12-28T16:47:25.309+0000] {dag.py:3096} INFO - Sync 2 DAGs
[2025-12-28T16:47:25.336+0000] {logging_mixin.py:188} INFO - [2025-12-28T16:47:25.336+0000] {dag.py:3954} INFO - Setting next_dagrun for update_db to 2025-12-28 15:00:00+00:00, run_after=2025-12-29 15:00:00+00:00
[2025-12-28T16:47:25.343+0000] {logging_mixin.py:188} INFO - [2025-12-28T16:47:25.342+0000] {dag.py:3954} INFO - Setting next_dagrun for youtube_video_stats to 2025-12-28 14:00:00+00:00, run_after=2025-12-29 14:00:00+00:00
[2025-12-28T16:47:25.371+0000] {processor.py:183} INFO - Processing /opt/airflow/dags/main.py took 0.233 seconds
[2025-12-28T16:47:55.770+0000] {processor.py:161} INFO - Started process (PID=18803) to work on /opt/airflow/dags/main.py
[2025-12-28T16:47:55.816+0000] {processor.py:830} INFO - Processing file /opt/airflow/dags/main.py for tasks to queue
[2025-12-28T16:47:55.823+0000] {logging_mixin.py:188} INFO - [2025-12-28T16:47:55.821+0000] {dagbag.py:545} INFO - Filling up the DagBag from /opt/airflow/dags/main.py
[2025-12-28T16:47:57.064+0000] {processor.py:840} INFO - DAG(s) 'update_db', 'youtube_video_stats' retrieved from /opt/airflow/dags/main.py
[2025-12-28T16:47:57.224+0000] {logging_mixin.py:188} INFO - [2025-12-28T16:47:57.223+0000] {dag.py:3096} INFO - Sync 2 DAGs
[2025-12-28T16:47:57.339+0000] {logging_mixin.py:188} INFO - [2025-12-28T16:47:57.338+0000] {dag.py:3954} INFO - Setting next_dagrun for update_db to 2025-12-28 15:00:00+00:00, run_after=2025-12-29 15:00:00+00:00
[2025-12-28T16:47:57.398+0000] {logging_mixin.py:188} INFO - [2025-12-28T16:47:57.398+0000] {dag.py:3954} INFO - Setting next_dagrun for youtube_video_stats to 2025-12-28 14:00:00+00:00, run_after=2025-12-29 14:00:00+00:00
[2025-12-28T16:47:57.466+0000] {processor.py:183} INFO - Processing /opt/airflow/dags/main.py took 1.734 seconds
[2025-12-28T16:48:27.951+0000] {processor.py:161} INFO - Started process (PID=18810) to work on /opt/airflow/dags/main.py
[2025-12-28T16:48:27.952+0000] {processor.py:830} INFO - Processing file /opt/airflow/dags/main.py for tasks to queue
[2025-12-28T16:48:27.954+0000] {logging_mixin.py:188} INFO - [2025-12-28T16:48:27.953+0000] {dagbag.py:545} INFO - Filling up the DagBag from /opt/airflow/dags/main.py
[2025-12-28T16:48:28.109+0000] {processor.py:840} INFO - DAG(s) 'youtube_video_stats', 'update_db' retrieved from /opt/airflow/dags/main.py
[2025-12-28T16:48:28.167+0000] {logging_mixin.py:188} INFO - [2025-12-28T16:48:28.166+0000] {dag.py:3096} INFO - Sync 2 DAGs
[2025-12-28T16:48:28.206+0000] {logging_mixin.py:188} INFO - [2025-12-28T16:48:28.206+0000] {dag.py:3954} INFO - Setting next_dagrun for update_db to 2025-12-28 15:00:00+00:00, run_after=2025-12-29 15:00:00+00:00
[2025-12-28T16:48:28.216+0000] {logging_mixin.py:188} INFO - [2025-12-28T16:48:28.216+0000] {dag.py:3954} INFO - Setting next_dagrun for youtube_video_stats to 2025-12-28 14:00:00+00:00, run_after=2025-12-29 14:00:00+00:00
[2025-12-28T16:48:28.246+0000] {processor.py:183} INFO - Processing /opt/airflow/dags/main.py took 0.306 seconds
[2025-12-28T16:48:58.468+0000] {processor.py:161} INFO - Started process (PID=18817) to work on /opt/airflow/dags/main.py
[2025-12-28T16:48:58.470+0000] {processor.py:830} INFO - Processing file /opt/airflow/dags/main.py for tasks to queue
[2025-12-28T16:48:58.471+0000] {logging_mixin.py:188} INFO - [2025-12-28T16:48:58.471+0000] {dagbag.py:545} INFO - Filling up the DagBag from /opt/airflow/dags/main.py
[2025-12-28T16:48:58.581+0000] {processor.py:840} INFO - DAG(s) 'youtube_video_stats', 'update_db' retrieved from /opt/airflow/dags/main.py
[2025-12-28T16:48:58.637+0000] {logging_mixin.py:188} INFO - [2025-12-28T16:48:58.637+0000] {dag.py:3096} INFO - Sync 2 DAGs
[2025-12-28T16:48:58.669+0000] {logging_mixin.py:188} INFO - [2025-12-28T16:48:58.669+0000] {dag.py:3954} INFO - Setting next_dagrun for update_db to 2025-12-28 15:00:00+00:00, run_after=2025-12-29 15:00:00+00:00
[2025-12-28T16:48:58.676+0000] {logging_mixin.py:188} INFO - [2025-12-28T16:48:58.676+0000] {dag.py:3954} INFO - Setting next_dagrun for youtube_video_stats to 2025-12-28 14:00:00+00:00, run_after=2025-12-29 14:00:00+00:00
[2025-12-28T16:48:58.699+0000] {processor.py:183} INFO - Processing /opt/airflow/dags/main.py took 0.238 seconds
[2025-12-28T16:49:28.798+0000] {processor.py:161} INFO - Started process (PID=18824) to work on /opt/airflow/dags/main.py
[2025-12-28T16:49:28.800+0000] {processor.py:830} INFO - Processing file /opt/airflow/dags/main.py for tasks to queue
[2025-12-28T16:49:28.803+0000] {logging_mixin.py:188} INFO - [2025-12-28T16:49:28.802+0000] {dagbag.py:545} INFO - Filling up the DagBag from /opt/airflow/dags/main.py
[2025-12-28T16:49:28.991+0000] {processor.py:840} INFO - DAG(s) 'update_db', 'youtube_video_stats' retrieved from /opt/airflow/dags/main.py
[2025-12-28T16:49:29.052+0000] {logging_mixin.py:188} INFO - [2025-12-28T16:49:29.052+0000] {dag.py:3096} INFO - Sync 2 DAGs
[2025-12-28T16:49:29.099+0000] {logging_mixin.py:188} INFO - [2025-12-28T16:49:29.099+0000] {dag.py:3954} INFO - Setting next_dagrun for update_db to 2025-12-28 15:00:00+00:00, run_after=2025-12-29 15:00:00+00:00
[2025-12-28T16:49:29.111+0000] {logging_mixin.py:188} INFO - [2025-12-28T16:49:29.111+0000] {dag.py:3954} INFO - Setting next_dagrun for youtube_video_stats to 2025-12-28 14:00:00+00:00, run_after=2025-12-29 14:00:00+00:00
[2025-12-28T16:49:29.147+0000] {processor.py:183} INFO - Processing /opt/airflow/dags/main.py took 0.360 seconds
[2025-12-28T16:49:59.261+0000] {processor.py:161} INFO - Started process (PID=18831) to work on /opt/airflow/dags/main.py
[2025-12-28T16:49:59.262+0000] {processor.py:830} INFO - Processing file /opt/airflow/dags/main.py for tasks to queue
[2025-12-28T16:49:59.263+0000] {logging_mixin.py:188} INFO - [2025-12-28T16:49:59.263+0000] {dagbag.py:545} INFO - Filling up the DagBag from /opt/airflow/dags/main.py
[2025-12-28T16:49:59.404+0000] {processor.py:840} INFO - DAG(s) 'update_db', 'youtube_video_stats' retrieved from /opt/airflow/dags/main.py
[2025-12-28T16:49:59.454+0000] {logging_mixin.py:188} INFO - [2025-12-28T16:49:59.454+0000] {dag.py:3096} INFO - Sync 2 DAGs
[2025-12-28T16:49:59.489+0000] {logging_mixin.py:188} INFO - [2025-12-28T16:49:59.488+0000] {dag.py:3954} INFO - Setting next_dagrun for update_db to 2025-12-28 15:00:00+00:00, run_after=2025-12-29 15:00:00+00:00
[2025-12-28T16:49:59.497+0000] {logging_mixin.py:188} INFO - [2025-12-28T16:49:59.497+0000] {dag.py:3954} INFO - Setting next_dagrun for youtube_video_stats to 2025-12-28 14:00:00+00:00, run_after=2025-12-29 14:00:00+00:00
[2025-12-28T16:49:59.532+0000] {processor.py:183} INFO - Processing /opt/airflow/dags/main.py took 0.283 seconds
[2025-12-28T16:50:29.687+0000] {processor.py:161} INFO - Started process (PID=18838) to work on /opt/airflow/dags/main.py
[2025-12-28T16:50:29.689+0000] {processor.py:830} INFO - Processing file /opt/airflow/dags/main.py for tasks to queue
[2025-12-28T16:50:29.690+0000] {logging_mixin.py:188} INFO - [2025-12-28T16:50:29.690+0000] {dagbag.py:545} INFO - Filling up the DagBag from /opt/airflow/dags/main.py
[2025-12-28T16:50:29.812+0000] {processor.py:840} INFO - DAG(s) 'youtube_video_stats', 'update_db' retrieved from /opt/airflow/dags/main.py
[2025-12-28T16:50:29.855+0000] {logging_mixin.py:188} INFO - [2025-12-28T16:50:29.855+0000] {dag.py:3096} INFO - Sync 2 DAGs
[2025-12-28T16:50:29.882+0000] {logging_mixin.py:188} INFO - [2025-12-28T16:50:29.882+0000] {dag.py:3954} INFO - Setting next_dagrun for update_db to 2025-12-28 15:00:00+00:00, run_after=2025-12-29 15:00:00+00:00
[2025-12-28T16:50:29.889+0000] {logging_mixin.py:188} INFO - [2025-12-28T16:50:29.888+0000] {dag.py:3954} INFO - Setting next_dagrun for youtube_video_stats to 2025-12-28 14:00:00+00:00, run_after=2025-12-29 14:00:00+00:00
[2025-12-28T16:50:29.913+0000] {processor.py:183} INFO - Processing /opt/airflow/dags/main.py took 0.232 seconds
[2025-12-28T16:51:00.093+0000] {processor.py:161} INFO - Started process (PID=18845) to work on /opt/airflow/dags/main.py
[2025-12-28T16:51:00.095+0000] {processor.py:830} INFO - Processing file /opt/airflow/dags/main.py for tasks to queue
[2025-12-28T16:51:00.097+0000] {logging_mixin.py:188} INFO - [2025-12-28T16:51:00.097+0000] {dagbag.py:545} INFO - Filling up the DagBag from /opt/airflow/dags/main.py
[2025-12-28T16:51:00.239+0000] {processor.py:840} INFO - DAG(s) 'update_db', 'youtube_video_stats' retrieved from /opt/airflow/dags/main.py
[2025-12-28T16:51:00.283+0000] {logging_mixin.py:188} INFO - [2025-12-28T16:51:00.282+0000] {dag.py:3096} INFO - Sync 2 DAGs
[2025-12-28T16:51:00.313+0000] {logging_mixin.py:188} INFO - [2025-12-28T16:51:00.312+0000] {dag.py:3954} INFO - Setting next_dagrun for update_db to 2025-12-28 15:00:00+00:00, run_after=2025-12-29 15:00:00+00:00
[2025-12-28T16:51:00.320+0000] {logging_mixin.py:188} INFO - [2025-12-28T16:51:00.320+0000] {dag.py:3954} INFO - Setting next_dagrun for youtube_video_stats to 2025-12-28 14:00:00+00:00, run_after=2025-12-29 14:00:00+00:00
[2025-12-28T16:51:00.342+0000] {processor.py:183} INFO - Processing /opt/airflow/dags/main.py took 0.257 seconds
[2025-12-28T16:51:30.554+0000] {processor.py:161} INFO - Started process (PID=18852) to work on /opt/airflow/dags/main.py
[2025-12-28T16:51:30.556+0000] {processor.py:830} INFO - Processing file /opt/airflow/dags/main.py for tasks to queue
[2025-12-28T16:51:30.557+0000] {logging_mixin.py:188} INFO - [2025-12-28T16:51:30.557+0000] {dagbag.py:545} INFO - Filling up the DagBag from /opt/airflow/dags/main.py
[2025-12-28T16:51:30.706+0000] {processor.py:840} INFO - DAG(s) 'youtube_video_stats', 'update_db' retrieved from /opt/airflow/dags/main.py
[2025-12-28T16:51:30.755+0000] {logging_mixin.py:188} INFO - [2025-12-28T16:51:30.754+0000] {dag.py:3096} INFO - Sync 2 DAGs
[2025-12-28T16:51:30.787+0000] {logging_mixin.py:188} INFO - [2025-12-28T16:51:30.787+0000] {dag.py:3954} INFO - Setting next_dagrun for update_db to 2025-12-28 15:00:00+00:00, run_after=2025-12-29 15:00:00+00:00
[2025-12-28T16:51:30.794+0000] {logging_mixin.py:188} INFO - [2025-12-28T16:51:30.794+0000] {dag.py:3954} INFO - Setting next_dagrun for youtube_video_stats to 2025-12-28 14:00:00+00:00, run_after=2025-12-29 14:00:00+00:00
[2025-12-28T16:51:30.819+0000] {processor.py:183} INFO - Processing /opt/airflow/dags/main.py took 0.274 seconds
[2025-12-28T16:52:01.010+0000] {processor.py:161} INFO - Started process (PID=18859) to work on /opt/airflow/dags/main.py
[2025-12-28T16:52:01.012+0000] {processor.py:830} INFO - Processing file /opt/airflow/dags/main.py for tasks to queue
[2025-12-28T16:52:01.013+0000] {logging_mixin.py:188} INFO - [2025-12-28T16:52:01.013+0000] {dagbag.py:545} INFO - Filling up the DagBag from /opt/airflow/dags/main.py
[2025-12-28T16:52:01.122+0000] {processor.py:840} INFO - DAG(s) 'youtube_video_stats', 'update_db' retrieved from /opt/airflow/dags/main.py
[2025-12-28T16:52:01.156+0000] {logging_mixin.py:188} INFO - [2025-12-28T16:52:01.156+0000] {dag.py:3096} INFO - Sync 2 DAGs
[2025-12-28T16:52:01.183+0000] {logging_mixin.py:188} INFO - [2025-12-28T16:52:01.183+0000] {dag.py:3954} INFO - Setting next_dagrun for update_db to 2025-12-28 15:00:00+00:00, run_after=2025-12-29 15:00:00+00:00
[2025-12-28T16:52:01.190+0000] {logging_mixin.py:188} INFO - [2025-12-28T16:52:01.189+0000] {dag.py:3954} INFO - Setting next_dagrun for youtube_video_stats to 2025-12-28 14:00:00+00:00, run_after=2025-12-29 14:00:00+00:00
[2025-12-28T16:52:01.216+0000] {processor.py:183} INFO - Processing /opt/airflow/dags/main.py took 0.212 seconds
[2025-12-28T16:52:31.415+0000] {processor.py:161} INFO - Started process (PID=18866) to work on /opt/airflow/dags/main.py
[2025-12-28T16:52:31.416+0000] {processor.py:830} INFO - Processing file /opt/airflow/dags/main.py for tasks to queue
[2025-12-28T16:52:31.419+0000] {logging_mixin.py:188} INFO - [2025-12-28T16:52:31.419+0000] {dagbag.py:545} INFO - Filling up the DagBag from /opt/airflow/dags/main.py
[2025-12-28T16:52:31.528+0000] {processor.py:840} INFO - DAG(s) 'update_db', 'youtube_video_stats' retrieved from /opt/airflow/dags/main.py
[2025-12-28T16:52:31.572+0000] {logging_mixin.py:188} INFO - [2025-12-28T16:52:31.572+0000] {dag.py:3096} INFO - Sync 2 DAGs
[2025-12-28T16:52:31.603+0000] {logging_mixin.py:188} INFO - [2025-12-28T16:52:31.603+0000] {dag.py:3954} INFO - Setting next_dagrun for update_db to 2025-12-28 15:00:00+00:00, run_after=2025-12-29 15:00:00+00:00
[2025-12-28T16:52:31.609+0000] {logging_mixin.py:188} INFO - [2025-12-28T16:52:31.609+0000] {dag.py:3954} INFO - Setting next_dagrun for youtube_video_stats to 2025-12-28 14:00:00+00:00, run_after=2025-12-29 14:00:00+00:00
[2025-12-28T16:52:31.637+0000] {processor.py:183} INFO - Processing /opt/airflow/dags/main.py took 0.229 seconds
[2025-12-28T16:53:01.828+0000] {processor.py:161} INFO - Started process (PID=18874) to work on /opt/airflow/dags/main.py
[2025-12-28T16:53:01.829+0000] {processor.py:830} INFO - Processing file /opt/airflow/dags/main.py for tasks to queue
[2025-12-28T16:53:01.830+0000] {logging_mixin.py:188} INFO - [2025-12-28T16:53:01.830+0000] {dagbag.py:545} INFO - Filling up the DagBag from /opt/airflow/dags/main.py
[2025-12-28T16:53:01.954+0000] {processor.py:840} INFO - DAG(s) 'youtube_video_stats', 'update_db' retrieved from /opt/airflow/dags/main.py
[2025-12-28T16:53:01.997+0000] {logging_mixin.py:188} INFO - [2025-12-28T16:53:01.996+0000] {dag.py:3096} INFO - Sync 2 DAGs
[2025-12-28T16:53:02.026+0000] {logging_mixin.py:188} INFO - [2025-12-28T16:53:02.026+0000] {dag.py:3954} INFO - Setting next_dagrun for update_db to 2025-12-28 15:00:00+00:00, run_after=2025-12-29 15:00:00+00:00
[2025-12-28T16:53:02.033+0000] {logging_mixin.py:188} INFO - [2025-12-28T16:53:02.033+0000] {dag.py:3954} INFO - Setting next_dagrun for youtube_video_stats to 2025-12-28 14:00:00+00:00, run_after=2025-12-29 14:00:00+00:00
[2025-12-28T16:53:02.057+0000] {processor.py:183} INFO - Processing /opt/airflow/dags/main.py took 0.238 seconds
[2025-12-28T16:53:32.243+0000] {processor.py:161} INFO - Started process (PID=18881) to work on /opt/airflow/dags/main.py
[2025-12-28T16:53:32.245+0000] {processor.py:830} INFO - Processing file /opt/airflow/dags/main.py for tasks to queue
[2025-12-28T16:53:32.247+0000] {logging_mixin.py:188} INFO - [2025-12-28T16:53:32.246+0000] {dagbag.py:545} INFO - Filling up the DagBag from /opt/airflow/dags/main.py
[2025-12-28T16:53:32.408+0000] {processor.py:840} INFO - DAG(s) 'update_db', 'youtube_video_stats' retrieved from /opt/airflow/dags/main.py
[2025-12-28T16:53:32.463+0000] {logging_mixin.py:188} INFO - [2025-12-28T16:53:32.463+0000] {dag.py:3096} INFO - Sync 2 DAGs
[2025-12-28T16:53:32.505+0000] {logging_mixin.py:188} INFO - [2025-12-28T16:53:32.504+0000] {dag.py:3954} INFO - Setting next_dagrun for update_db to 2025-12-28 15:00:00+00:00, run_after=2025-12-29 15:00:00+00:00
[2025-12-28T16:53:32.514+0000] {logging_mixin.py:188} INFO - [2025-12-28T16:53:32.514+0000] {dag.py:3954} INFO - Setting next_dagrun for youtube_video_stats to 2025-12-28 14:00:00+00:00, run_after=2025-12-29 14:00:00+00:00
[2025-12-28T16:53:32.544+0000] {processor.py:183} INFO - Processing /opt/airflow/dags/main.py took 0.313 seconds
[2025-12-28T16:54:02.915+0000] {processor.py:161} INFO - Started process (PID=18888) to work on /opt/airflow/dags/main.py
[2025-12-28T16:54:02.917+0000] {processor.py:830} INFO - Processing file /opt/airflow/dags/main.py for tasks to queue
[2025-12-28T16:54:02.919+0000] {logging_mixin.py:188} INFO - [2025-12-28T16:54:02.919+0000] {dagbag.py:545} INFO - Filling up the DagBag from /opt/airflow/dags/main.py
[2025-12-28T16:54:03.156+0000] {processor.py:840} INFO - DAG(s) 'youtube_video_stats', 'update_db' retrieved from /opt/airflow/dags/main.py
[2025-12-28T16:54:03.210+0000] {logging_mixin.py:188} INFO - [2025-12-28T16:54:03.210+0000] {dag.py:3096} INFO - Sync 2 DAGs
[2025-12-28T16:54:03.246+0000] {logging_mixin.py:188} INFO - [2025-12-28T16:54:03.245+0000] {dag.py:3954} INFO - Setting next_dagrun for update_db to 2025-12-28 15:00:00+00:00, run_after=2025-12-29 15:00:00+00:00
[2025-12-28T16:54:03.254+0000] {logging_mixin.py:188} INFO - [2025-12-28T16:54:03.254+0000] {dag.py:3954} INFO - Setting next_dagrun for youtube_video_stats to 2025-12-28 14:00:00+00:00, run_after=2025-12-29 14:00:00+00:00
[2025-12-28T16:54:03.281+0000] {processor.py:183} INFO - Processing /opt/airflow/dags/main.py took 0.390 seconds
[2025-12-28T16:54:33.515+0000] {processor.py:161} INFO - Started process (PID=18895) to work on /opt/airflow/dags/main.py
[2025-12-28T16:54:33.517+0000] {processor.py:830} INFO - Processing file /opt/airflow/dags/main.py for tasks to queue
[2025-12-28T16:54:33.518+0000] {logging_mixin.py:188} INFO - [2025-12-28T16:54:33.518+0000] {dagbag.py:545} INFO - Filling up the DagBag from /opt/airflow/dags/main.py
[2025-12-28T16:54:33.638+0000] {processor.py:840} INFO - DAG(s) 'youtube_video_stats', 'update_db' retrieved from /opt/airflow/dags/main.py
[2025-12-28T16:54:33.680+0000] {logging_mixin.py:188} INFO - [2025-12-28T16:54:33.680+0000] {dag.py:3096} INFO - Sync 2 DAGs
[2025-12-28T16:54:33.709+0000] {logging_mixin.py:188} INFO - [2025-12-28T16:54:33.709+0000] {dag.py:3954} INFO - Setting next_dagrun for update_db to 2025-12-28 15:00:00+00:00, run_after=2025-12-29 15:00:00+00:00
[2025-12-28T16:54:33.719+0000] {logging_mixin.py:188} INFO - [2025-12-28T16:54:33.719+0000] {dag.py:3954} INFO - Setting next_dagrun for youtube_video_stats to 2025-12-28 14:00:00+00:00, run_after=2025-12-29 14:00:00+00:00
[2025-12-28T16:54:33.751+0000] {processor.py:183} INFO - Processing /opt/airflow/dags/main.py took 0.243 seconds
[2025-12-28T16:55:03.955+0000] {processor.py:161} INFO - Started process (PID=18902) to work on /opt/airflow/dags/main.py
[2025-12-28T16:55:03.956+0000] {processor.py:830} INFO - Processing file /opt/airflow/dags/main.py for tasks to queue
[2025-12-28T16:55:03.958+0000] {logging_mixin.py:188} INFO - [2025-12-28T16:55:03.957+0000] {dagbag.py:545} INFO - Filling up the DagBag from /opt/airflow/dags/main.py
[2025-12-28T16:55:04.072+0000] {processor.py:840} INFO - DAG(s) 'youtube_video_stats', 'update_db' retrieved from /opt/airflow/dags/main.py
[2025-12-28T16:55:04.122+0000] {logging_mixin.py:188} INFO - [2025-12-28T16:55:04.122+0000] {dag.py:3096} INFO - Sync 2 DAGs
[2025-12-28T16:55:04.153+0000] {logging_mixin.py:188} INFO - [2025-12-28T16:55:04.153+0000] {dag.py:3954} INFO - Setting next_dagrun for update_db to 2025-12-28 15:00:00+00:00, run_after=2025-12-29 15:00:00+00:00
[2025-12-28T16:55:04.164+0000] {logging_mixin.py:188} INFO - [2025-12-28T16:55:04.163+0000] {dag.py:3954} INFO - Setting next_dagrun for youtube_video_stats to 2025-12-28 14:00:00+00:00, run_after=2025-12-29 14:00:00+00:00
[2025-12-28T16:55:04.194+0000] {processor.py:183} INFO - Processing /opt/airflow/dags/main.py took 0.247 seconds
[2025-12-28T16:55:34.386+0000] {processor.py:161} INFO - Started process (PID=18909) to work on /opt/airflow/dags/main.py
[2025-12-28T16:55:34.387+0000] {processor.py:830} INFO - Processing file /opt/airflow/dags/main.py for tasks to queue
[2025-12-28T16:55:34.388+0000] {logging_mixin.py:188} INFO - [2025-12-28T16:55:34.388+0000] {dagbag.py:545} INFO - Filling up the DagBag from /opt/airflow/dags/main.py
[2025-12-28T16:55:34.493+0000] {processor.py:840} INFO - DAG(s) 'youtube_video_stats', 'update_db' retrieved from /opt/airflow/dags/main.py
[2025-12-28T16:55:34.529+0000] {logging_mixin.py:188} INFO - [2025-12-28T16:55:34.529+0000] {dag.py:3096} INFO - Sync 2 DAGs
[2025-12-28T16:55:34.561+0000] {logging_mixin.py:188} INFO - [2025-12-28T16:55:34.561+0000] {dag.py:3954} INFO - Setting next_dagrun for update_db to 2025-12-28 15:00:00+00:00, run_after=2025-12-29 15:00:00+00:00
[2025-12-28T16:55:34.568+0000] {logging_mixin.py:188} INFO - [2025-12-28T16:55:34.567+0000] {dag.py:3954} INFO - Setting next_dagrun for youtube_video_stats to 2025-12-28 14:00:00+00:00, run_after=2025-12-29 14:00:00+00:00
[2025-12-28T16:55:34.591+0000] {processor.py:183} INFO - Processing /opt/airflow/dags/main.py took 0.212 seconds
[2025-12-28T16:56:04.806+0000] {processor.py:161} INFO - Started process (PID=18916) to work on /opt/airflow/dags/main.py
[2025-12-28T16:56:04.808+0000] {processor.py:830} INFO - Processing file /opt/airflow/dags/main.py for tasks to queue
[2025-12-28T16:56:04.810+0000] {logging_mixin.py:188} INFO - [2025-12-28T16:56:04.809+0000] {dagbag.py:545} INFO - Filling up the DagBag from /opt/airflow/dags/main.py
[2025-12-28T16:56:04.909+0000] {processor.py:840} INFO - DAG(s) 'update_db', 'youtube_video_stats' retrieved from /opt/airflow/dags/main.py
[2025-12-28T16:56:04.954+0000] {logging_mixin.py:188} INFO - [2025-12-28T16:56:04.954+0000] {dag.py:3096} INFO - Sync 2 DAGs
[2025-12-28T16:56:04.989+0000] {logging_mixin.py:188} INFO - [2025-12-28T16:56:04.988+0000] {dag.py:3954} INFO - Setting next_dagrun for update_db to 2025-12-28 15:00:00+00:00, run_after=2025-12-29 15:00:00+00:00
[2025-12-28T16:56:04.998+0000] {logging_mixin.py:188} INFO - [2025-12-28T16:56:04.998+0000] {dag.py:3954} INFO - Setting next_dagrun for youtube_video_stats to 2025-12-28 14:00:00+00:00, run_after=2025-12-29 14:00:00+00:00
[2025-12-28T16:56:05.031+0000] {processor.py:183} INFO - Processing /opt/airflow/dags/main.py took 0.232 seconds
[2025-12-28T16:56:35.225+0000] {processor.py:161} INFO - Started process (PID=18923) to work on /opt/airflow/dags/main.py
[2025-12-28T16:56:35.226+0000] {processor.py:830} INFO - Processing file /opt/airflow/dags/main.py for tasks to queue
[2025-12-28T16:56:35.228+0000] {logging_mixin.py:188} INFO - [2025-12-28T16:56:35.227+0000] {dagbag.py:545} INFO - Filling up the DagBag from /opt/airflow/dags/main.py
[2025-12-28T16:56:35.343+0000] {processor.py:840} INFO - DAG(s) 'update_db', 'youtube_video_stats' retrieved from /opt/airflow/dags/main.py
[2025-12-28T16:56:35.389+0000] {logging_mixin.py:188} INFO - [2025-12-28T16:56:35.389+0000] {dag.py:3096} INFO - Sync 2 DAGs
[2025-12-28T16:56:35.424+0000] {logging_mixin.py:188} INFO - [2025-12-28T16:56:35.423+0000] {dag.py:3954} INFO - Setting next_dagrun for update_db to 2025-12-28 15:00:00+00:00, run_after=2025-12-29 15:00:00+00:00
[2025-12-28T16:56:35.432+0000] {logging_mixin.py:188} INFO - [2025-12-28T16:56:35.432+0000] {dag.py:3954} INFO - Setting next_dagrun for youtube_video_stats to 2025-12-28 14:00:00+00:00, run_after=2025-12-29 14:00:00+00:00
[2025-12-28T16:56:35.458+0000] {processor.py:183} INFO - Processing /opt/airflow/dags/main.py took 0.241 seconds
[2025-12-28T16:57:05.664+0000] {processor.py:161} INFO - Started process (PID=18930) to work on /opt/airflow/dags/main.py
[2025-12-28T16:57:05.666+0000] {processor.py:830} INFO - Processing file /opt/airflow/dags/main.py for tasks to queue
[2025-12-28T16:57:05.667+0000] {logging_mixin.py:188} INFO - [2025-12-28T16:57:05.667+0000] {dagbag.py:545} INFO - Filling up the DagBag from /opt/airflow/dags/main.py
[2025-12-28T16:57:05.814+0000] {processor.py:840} INFO - DAG(s) 'update_db', 'youtube_video_stats' retrieved from /opt/airflow/dags/main.py
[2025-12-28T16:57:05.864+0000] {logging_mixin.py:188} INFO - [2025-12-28T16:57:05.863+0000] {dag.py:3096} INFO - Sync 2 DAGs
[2025-12-28T16:57:05.903+0000] {logging_mixin.py:188} INFO - [2025-12-28T16:57:05.902+0000] {dag.py:3954} INFO - Setting next_dagrun for update_db to 2025-12-28 15:00:00+00:00, run_after=2025-12-29 15:00:00+00:00
[2025-12-28T16:57:05.912+0000] {logging_mixin.py:188} INFO - [2025-12-28T16:57:05.912+0000] {dag.py:3954} INFO - Setting next_dagrun for youtube_video_stats to 2025-12-28 14:00:00+00:00, run_after=2025-12-29 14:00:00+00:00
[2025-12-28T16:57:05.939+0000] {processor.py:183} INFO - Processing /opt/airflow/dags/main.py took 0.284 seconds
[2025-12-28T16:57:36.144+0000] {processor.py:161} INFO - Started process (PID=18937) to work on /opt/airflow/dags/main.py
[2025-12-28T16:57:36.146+0000] {processor.py:830} INFO - Processing file /opt/airflow/dags/main.py for tasks to queue
[2025-12-28T16:57:36.148+0000] {logging_mixin.py:188} INFO - [2025-12-28T16:57:36.147+0000] {dagbag.py:545} INFO - Filling up the DagBag from /opt/airflow/dags/main.py
[2025-12-28T16:57:36.278+0000] {processor.py:840} INFO - DAG(s) 'youtube_video_stats', 'update_db' retrieved from /opt/airflow/dags/main.py
[2025-12-28T16:57:36.320+0000] {logging_mixin.py:188} INFO - [2025-12-28T16:57:36.319+0000] {dag.py:3096} INFO - Sync 2 DAGs
[2025-12-28T16:57:36.348+0000] {logging_mixin.py:188} INFO - [2025-12-28T16:57:36.347+0000] {dag.py:3954} INFO - Setting next_dagrun for update_db to 2025-12-28 15:00:00+00:00, run_after=2025-12-29 15:00:00+00:00
[2025-12-28T16:57:36.357+0000] {logging_mixin.py:188} INFO - [2025-12-28T16:57:36.356+0000] {dag.py:3954} INFO - Setting next_dagrun for youtube_video_stats to 2025-12-28 14:00:00+00:00, run_after=2025-12-29 14:00:00+00:00
[2025-12-28T16:57:36.377+0000] {processor.py:183} INFO - Processing /opt/airflow/dags/main.py took 0.242 seconds
[2025-12-28T16:58:06.468+0000] {processor.py:161} INFO - Started process (PID=18944) to work on /opt/airflow/dags/main.py
[2025-12-28T16:58:06.469+0000] {processor.py:830} INFO - Processing file /opt/airflow/dags/main.py for tasks to queue
[2025-12-28T16:58:06.470+0000] {logging_mixin.py:188} INFO - [2025-12-28T16:58:06.470+0000] {dagbag.py:545} INFO - Filling up the DagBag from /opt/airflow/dags/main.py
[2025-12-28T16:58:06.576+0000] {processor.py:840} INFO - DAG(s) 'youtube_video_stats', 'update_db' retrieved from /opt/airflow/dags/main.py
[2025-12-28T16:58:06.615+0000] {logging_mixin.py:188} INFO - [2025-12-28T16:58:06.615+0000] {dag.py:3096} INFO - Sync 2 DAGs
[2025-12-28T16:58:06.642+0000] {logging_mixin.py:188} INFO - [2025-12-28T16:58:06.642+0000] {dag.py:3954} INFO - Setting next_dagrun for update_db to 2025-12-28 15:00:00+00:00, run_after=2025-12-29 15:00:00+00:00
[2025-12-28T16:58:06.649+0000] {logging_mixin.py:188} INFO - [2025-12-28T16:58:06.649+0000] {dag.py:3954} INFO - Setting next_dagrun for youtube_video_stats to 2025-12-28 14:00:00+00:00, run_after=2025-12-29 14:00:00+00:00
[2025-12-28T16:58:06.671+0000] {processor.py:183} INFO - Processing /opt/airflow/dags/main.py took 0.210 seconds
[2025-12-28T16:58:36.810+0000] {processor.py:161} INFO - Started process (PID=18951) to work on /opt/airflow/dags/main.py
[2025-12-28T16:58:36.811+0000] {processor.py:830} INFO - Processing file /opt/airflow/dags/main.py for tasks to queue
[2025-12-28T16:58:36.813+0000] {logging_mixin.py:188} INFO - [2025-12-28T16:58:36.812+0000] {dagbag.py:545} INFO - Filling up the DagBag from /opt/airflow/dags/main.py
[2025-12-28T16:58:36.925+0000] {processor.py:840} INFO - DAG(s) 'youtube_video_stats', 'update_db' retrieved from /opt/airflow/dags/main.py
[2025-12-28T16:58:36.966+0000] {logging_mixin.py:188} INFO - [2025-12-28T16:58:36.965+0000] {dag.py:3096} INFO - Sync 2 DAGs
[2025-12-28T16:58:36.991+0000] {logging_mixin.py:188} INFO - [2025-12-28T16:58:36.991+0000] {dag.py:3954} INFO - Setting next_dagrun for update_db to 2025-12-28 15:00:00+00:00, run_after=2025-12-29 15:00:00+00:00
[2025-12-28T16:58:37.006+0000] {logging_mixin.py:188} INFO - [2025-12-28T16:58:37.006+0000] {dag.py:3954} INFO - Setting next_dagrun for youtube_video_stats to 2025-12-28 14:00:00+00:00, run_after=2025-12-29 14:00:00+00:00
[2025-12-28T16:58:37.046+0000] {processor.py:183} INFO - Processing /opt/airflow/dags/main.py took 0.243 seconds
[2025-12-28T16:59:07.241+0000] {processor.py:161} INFO - Started process (PID=18959) to work on /opt/airflow/dags/main.py
[2025-12-28T16:59:07.243+0000] {processor.py:830} INFO - Processing file /opt/airflow/dags/main.py for tasks to queue
[2025-12-28T16:59:07.244+0000] {logging_mixin.py:188} INFO - [2025-12-28T16:59:07.244+0000] {dagbag.py:545} INFO - Filling up the DagBag from /opt/airflow/dags/main.py
[2025-12-28T16:59:07.376+0000] {processor.py:840} INFO - DAG(s) 'update_db', 'youtube_video_stats' retrieved from /opt/airflow/dags/main.py
[2025-12-28T16:59:07.422+0000] {logging_mixin.py:188} INFO - [2025-12-28T16:59:07.421+0000] {dag.py:3096} INFO - Sync 2 DAGs
[2025-12-28T16:59:07.453+0000] {logging_mixin.py:188} INFO - [2025-12-28T16:59:07.453+0000] {dag.py:3954} INFO - Setting next_dagrun for update_db to 2025-12-28 15:00:00+00:00, run_after=2025-12-29 15:00:00+00:00
[2025-12-28T16:59:07.465+0000] {logging_mixin.py:188} INFO - [2025-12-28T16:59:07.463+0000] {dag.py:3954} INFO - Setting next_dagrun for youtube_video_stats to 2025-12-28 14:00:00+00:00, run_after=2025-12-29 14:00:00+00:00
[2025-12-28T16:59:07.491+0000] {processor.py:183} INFO - Processing /opt/airflow/dags/main.py took 0.259 seconds
[2025-12-28T16:59:37.708+0000] {processor.py:161} INFO - Started process (PID=18966) to work on /opt/airflow/dags/main.py
[2025-12-28T16:59:37.710+0000] {processor.py:830} INFO - Processing file /opt/airflow/dags/main.py for tasks to queue
[2025-12-28T16:59:37.712+0000] {logging_mixin.py:188} INFO - [2025-12-28T16:59:37.711+0000] {dagbag.py:545} INFO - Filling up the DagBag from /opt/airflow/dags/main.py
[2025-12-28T16:59:37.869+0000] {processor.py:840} INFO - DAG(s) 'youtube_video_stats', 'update_db' retrieved from /opt/airflow/dags/main.py
[2025-12-28T16:59:37.924+0000] {logging_mixin.py:188} INFO - [2025-12-28T16:59:37.924+0000] {dag.py:3096} INFO - Sync 2 DAGs
[2025-12-28T16:59:37.961+0000] {logging_mixin.py:188} INFO - [2025-12-28T16:59:37.961+0000] {dag.py:3954} INFO - Setting next_dagrun for update_db to 2025-12-28 15:00:00+00:00, run_after=2025-12-29 15:00:00+00:00
[2025-12-28T16:59:37.973+0000] {logging_mixin.py:188} INFO - [2025-12-28T16:59:37.973+0000] {dag.py:3954} INFO - Setting next_dagrun for youtube_video_stats to 2025-12-28 14:00:00+00:00, run_after=2025-12-29 14:00:00+00:00
[2025-12-28T16:59:38.001+0000] {processor.py:183} INFO - Processing /opt/airflow/dags/main.py took 0.305 seconds
[2025-12-28T17:00:08.233+0000] {processor.py:161} INFO - Started process (PID=18973) to work on /opt/airflow/dags/main.py
[2025-12-28T17:00:08.237+0000] {processor.py:830} INFO - Processing file /opt/airflow/dags/main.py for tasks to queue
[2025-12-28T17:00:08.241+0000] {logging_mixin.py:188} INFO - [2025-12-28T17:00:08.240+0000] {dagbag.py:545} INFO - Filling up the DagBag from /opt/airflow/dags/main.py
[2025-12-28T17:00:08.392+0000] {processor.py:840} INFO - DAG(s) 'youtube_video_stats', 'update_db' retrieved from /opt/airflow/dags/main.py
[2025-12-28T17:00:08.446+0000] {logging_mixin.py:188} INFO - [2025-12-28T17:00:08.445+0000] {dag.py:3096} INFO - Sync 2 DAGs
[2025-12-28T17:00:08.481+0000] {logging_mixin.py:188} INFO - [2025-12-28T17:00:08.480+0000] {dag.py:3954} INFO - Setting next_dagrun for update_db to 2025-12-28 15:00:00+00:00, run_after=2025-12-29 15:00:00+00:00
[2025-12-28T17:00:08.490+0000] {logging_mixin.py:188} INFO - [2025-12-28T17:00:08.490+0000] {dag.py:3954} INFO - Setting next_dagrun for youtube_video_stats to 2025-12-28 14:00:00+00:00, run_after=2025-12-29 14:00:00+00:00
[2025-12-28T17:00:08.519+0000] {processor.py:183} INFO - Processing /opt/airflow/dags/main.py took 0.305 seconds
[2025-12-28T17:00:38.789+0000] {processor.py:161} INFO - Started process (PID=18980) to work on /opt/airflow/dags/main.py
[2025-12-28T17:00:38.790+0000] {processor.py:830} INFO - Processing file /opt/airflow/dags/main.py for tasks to queue
[2025-12-28T17:00:38.792+0000] {logging_mixin.py:188} INFO - [2025-12-28T17:00:38.791+0000] {dagbag.py:545} INFO - Filling up the DagBag from /opt/airflow/dags/main.py
[2025-12-28T17:00:38.896+0000] {processor.py:840} INFO - DAG(s) 'update_db', 'youtube_video_stats' retrieved from /opt/airflow/dags/main.py
[2025-12-28T17:00:38.936+0000] {logging_mixin.py:188} INFO - [2025-12-28T17:00:38.936+0000] {dag.py:3096} INFO - Sync 2 DAGs
[2025-12-28T17:00:38.964+0000] {logging_mixin.py:188} INFO - [2025-12-28T17:00:38.964+0000] {dag.py:3954} INFO - Setting next_dagrun for update_db to 2025-12-28 15:00:00+00:00, run_after=2025-12-29 15:00:00+00:00
[2025-12-28T17:00:38.971+0000] {logging_mixin.py:188} INFO - [2025-12-28T17:00:38.970+0000] {dag.py:3954} INFO - Setting next_dagrun for youtube_video_stats to 2025-12-28 14:00:00+00:00, run_after=2025-12-29 14:00:00+00:00
[2025-12-28T17:00:38.994+0000] {processor.py:183} INFO - Processing /opt/airflow/dags/main.py took 0.214 seconds
[2025-12-28T17:01:09.228+0000] {processor.py:161} INFO - Started process (PID=18987) to work on /opt/airflow/dags/main.py
[2025-12-28T17:01:09.230+0000] {processor.py:830} INFO - Processing file /opt/airflow/dags/main.py for tasks to queue
[2025-12-28T17:01:09.231+0000] {logging_mixin.py:188} INFO - [2025-12-28T17:01:09.231+0000] {dagbag.py:545} INFO - Filling up the DagBag from /opt/airflow/dags/main.py
[2025-12-28T17:01:09.343+0000] {processor.py:840} INFO - DAG(s) 'update_db', 'youtube_video_stats' retrieved from /opt/airflow/dags/main.py
[2025-12-28T17:01:09.384+0000] {logging_mixin.py:188} INFO - [2025-12-28T17:01:09.383+0000] {dag.py:3096} INFO - Sync 2 DAGs
[2025-12-28T17:01:09.413+0000] {logging_mixin.py:188} INFO - [2025-12-28T17:01:09.413+0000] {dag.py:3954} INFO - Setting next_dagrun for update_db to 2025-12-28 15:00:00+00:00, run_after=2025-12-29 15:00:00+00:00
[2025-12-28T17:01:09.419+0000] {logging_mixin.py:188} INFO - [2025-12-28T17:01:09.419+0000] {dag.py:3954} INFO - Setting next_dagrun for youtube_video_stats to 2025-12-28 14:00:00+00:00, run_after=2025-12-29 14:00:00+00:00
[2025-12-28T17:01:09.440+0000] {processor.py:183} INFO - Processing /opt/airflow/dags/main.py took 0.221 seconds
[2025-12-28T17:01:39.652+0000] {processor.py:161} INFO - Started process (PID=18994) to work on /opt/airflow/dags/main.py
[2025-12-28T17:01:39.654+0000] {processor.py:830} INFO - Processing file /opt/airflow/dags/main.py for tasks to queue
[2025-12-28T17:01:39.658+0000] {logging_mixin.py:188} INFO - [2025-12-28T17:01:39.657+0000] {dagbag.py:545} INFO - Filling up the DagBag from /opt/airflow/dags/main.py
[2025-12-28T17:01:39.797+0000] {processor.py:840} INFO - DAG(s) 'youtube_video_stats', 'update_db' retrieved from /opt/airflow/dags/main.py
[2025-12-28T17:01:39.838+0000] {logging_mixin.py:188} INFO - [2025-12-28T17:01:39.838+0000] {dag.py:3096} INFO - Sync 2 DAGs
[2025-12-28T17:01:39.868+0000] {logging_mixin.py:188} INFO - [2025-12-28T17:01:39.868+0000] {dag.py:3954} INFO - Setting next_dagrun for update_db to 2025-12-28 15:00:00+00:00, run_after=2025-12-29 15:00:00+00:00
[2025-12-28T17:01:39.879+0000] {logging_mixin.py:188} INFO - [2025-12-28T17:01:39.878+0000] {dag.py:3954} INFO - Setting next_dagrun for youtube_video_stats to 2025-12-28 14:00:00+00:00, run_after=2025-12-29 14:00:00+00:00
[2025-12-28T17:01:39.906+0000] {processor.py:183} INFO - Processing /opt/airflow/dags/main.py took 0.262 seconds
[2025-12-28T17:02:10.139+0000] {processor.py:161} INFO - Started process (PID=19001) to work on /opt/airflow/dags/main.py
[2025-12-28T17:02:10.140+0000] {processor.py:830} INFO - Processing file /opt/airflow/dags/main.py for tasks to queue
[2025-12-28T17:02:10.141+0000] {logging_mixin.py:188} INFO - [2025-12-28T17:02:10.140+0000] {dagbag.py:545} INFO - Filling up the DagBag from /opt/airflow/dags/main.py
[2025-12-28T17:02:10.231+0000] {processor.py:840} INFO - DAG(s) 'update_db', 'youtube_video_stats' retrieved from /opt/airflow/dags/main.py
[2025-12-28T17:02:10.275+0000] {logging_mixin.py:188} INFO - [2025-12-28T17:02:10.274+0000] {dag.py:3096} INFO - Sync 2 DAGs
[2025-12-28T17:02:10.303+0000] {logging_mixin.py:188} INFO - [2025-12-28T17:02:10.303+0000] {dag.py:3954} INFO - Setting next_dagrun for update_db to 2025-12-28 15:00:00+00:00, run_after=2025-12-29 15:00:00+00:00
[2025-12-28T17:02:10.310+0000] {logging_mixin.py:188} INFO - [2025-12-28T17:02:10.309+0000] {dag.py:3954} INFO - Setting next_dagrun for youtube_video_stats to 2025-12-28 14:00:00+00:00, run_after=2025-12-29 14:00:00+00:00
[2025-12-28T17:02:10.331+0000] {processor.py:183} INFO - Processing /opt/airflow/dags/main.py took 0.201 seconds
[2025-12-28T17:02:40.514+0000] {processor.py:161} INFO - Started process (PID=19008) to work on /opt/airflow/dags/main.py
[2025-12-28T17:02:40.515+0000] {processor.py:830} INFO - Processing file /opt/airflow/dags/main.py for tasks to queue
[2025-12-28T17:02:40.516+0000] {logging_mixin.py:188} INFO - [2025-12-28T17:02:40.516+0000] {dagbag.py:545} INFO - Filling up the DagBag from /opt/airflow/dags/main.py
[2025-12-28T17:02:40.621+0000] {processor.py:840} INFO - DAG(s) 'youtube_video_stats', 'update_db' retrieved from /opt/airflow/dags/main.py
[2025-12-28T17:02:40.663+0000] {logging_mixin.py:188} INFO - [2025-12-28T17:02:40.663+0000] {dag.py:3096} INFO - Sync 2 DAGs
[2025-12-28T17:02:40.688+0000] {logging_mixin.py:188} INFO - [2025-12-28T17:02:40.688+0000] {dag.py:3954} INFO - Setting next_dagrun for update_db to 2025-12-28 15:00:00+00:00, run_after=2025-12-29 15:00:00+00:00
[2025-12-28T17:02:40.694+0000] {logging_mixin.py:188} INFO - [2025-12-28T17:02:40.694+0000] {dag.py:3954} INFO - Setting next_dagrun for youtube_video_stats to 2025-12-28 14:00:00+00:00, run_after=2025-12-29 14:00:00+00:00
[2025-12-28T17:02:40.715+0000] {processor.py:183} INFO - Processing /opt/airflow/dags/main.py took 0.208 seconds
[2025-12-28T17:03:10.828+0000] {processor.py:161} INFO - Started process (PID=19015) to work on /opt/airflow/dags/main.py
[2025-12-28T17:03:10.830+0000] {processor.py:830} INFO - Processing file /opt/airflow/dags/main.py for tasks to queue
[2025-12-28T17:03:10.831+0000] {logging_mixin.py:188} INFO - [2025-12-28T17:03:10.831+0000] {dagbag.py:545} INFO - Filling up the DagBag from /opt/airflow/dags/main.py
[2025-12-28T17:03:10.947+0000] {processor.py:840} INFO - DAG(s) 'youtube_video_stats', 'update_db' retrieved from /opt/airflow/dags/main.py
[2025-12-28T17:03:10.983+0000] {logging_mixin.py:188} INFO - [2025-12-28T17:03:10.983+0000] {dag.py:3096} INFO - Sync 2 DAGs
[2025-12-28T17:03:11.010+0000] {logging_mixin.py:188} INFO - [2025-12-28T17:03:11.010+0000] {dag.py:3954} INFO - Setting next_dagrun for update_db to 2025-12-28 15:00:00+00:00, run_after=2025-12-29 15:00:00+00:00
[2025-12-28T17:03:11.018+0000] {logging_mixin.py:188} INFO - [2025-12-28T17:03:11.018+0000] {dag.py:3954} INFO - Setting next_dagrun for youtube_video_stats to 2025-12-28 14:00:00+00:00, run_after=2025-12-29 14:00:00+00:00
[2025-12-28T17:03:11.040+0000] {processor.py:183} INFO - Processing /opt/airflow/dags/main.py took 0.227 seconds
[2025-12-28T17:03:41.221+0000] {processor.py:161} INFO - Started process (PID=19022) to work on /opt/airflow/dags/main.py
[2025-12-28T17:03:41.223+0000] {processor.py:830} INFO - Processing file /opt/airflow/dags/main.py for tasks to queue
[2025-12-28T17:03:41.224+0000] {logging_mixin.py:188} INFO - [2025-12-28T17:03:41.223+0000] {dagbag.py:545} INFO - Filling up the DagBag from /opt/airflow/dags/main.py
[2025-12-28T17:03:41.321+0000] {processor.py:840} INFO - DAG(s) 'youtube_video_stats', 'update_db' retrieved from /opt/airflow/dags/main.py
[2025-12-28T17:03:41.360+0000] {logging_mixin.py:188} INFO - [2025-12-28T17:03:41.360+0000] {dag.py:3096} INFO - Sync 2 DAGs
[2025-12-28T17:03:41.389+0000] {logging_mixin.py:188} INFO - [2025-12-28T17:03:41.389+0000] {dag.py:3954} INFO - Setting next_dagrun for update_db to 2025-12-28 15:00:00+00:00, run_after=2025-12-29 15:00:00+00:00
[2025-12-28T17:03:41.396+0000] {logging_mixin.py:188} INFO - [2025-12-28T17:03:41.396+0000] {dag.py:3954} INFO - Setting next_dagrun for youtube_video_stats to 2025-12-28 14:00:00+00:00, run_after=2025-12-29 14:00:00+00:00
[2025-12-28T17:03:41.419+0000] {processor.py:183} INFO - Processing /opt/airflow/dags/main.py took 0.204 seconds
[2025-12-28T17:04:11.605+0000] {processor.py:161} INFO - Started process (PID=19030) to work on /opt/airflow/dags/main.py
[2025-12-28T17:04:11.606+0000] {processor.py:830} INFO - Processing file /opt/airflow/dags/main.py for tasks to queue
[2025-12-28T17:04:11.608+0000] {logging_mixin.py:188} INFO - [2025-12-28T17:04:11.608+0000] {dagbag.py:545} INFO - Filling up the DagBag from /opt/airflow/dags/main.py
[2025-12-28T17:04:11.711+0000] {processor.py:840} INFO - DAG(s) 'update_db', 'youtube_video_stats' retrieved from /opt/airflow/dags/main.py
[2025-12-28T17:04:11.748+0000] {logging_mixin.py:188} INFO - [2025-12-28T17:04:11.748+0000] {dag.py:3096} INFO - Sync 2 DAGs
[2025-12-28T17:04:11.777+0000] {logging_mixin.py:188} INFO - [2025-12-28T17:04:11.776+0000] {dag.py:3954} INFO - Setting next_dagrun for update_db to 2025-12-28 15:00:00+00:00, run_after=2025-12-29 15:00:00+00:00
[2025-12-28T17:04:11.783+0000] {logging_mixin.py:188} INFO - [2025-12-28T17:04:11.782+0000] {dag.py:3954} INFO - Setting next_dagrun for youtube_video_stats to 2025-12-28 14:00:00+00:00, run_after=2025-12-29 14:00:00+00:00
[2025-12-28T17:04:11.805+0000] {processor.py:183} INFO - Processing /opt/airflow/dags/main.py took 0.207 seconds
[2025-12-28T17:04:41.996+0000] {processor.py:161} INFO - Started process (PID=19037) to work on /opt/airflow/dags/main.py
[2025-12-28T17:04:41.998+0000] {processor.py:830} INFO - Processing file /opt/airflow/dags/main.py for tasks to queue
[2025-12-28T17:04:41.999+0000] {logging_mixin.py:188} INFO - [2025-12-28T17:04:41.998+0000] {dagbag.py:545} INFO - Filling up the DagBag from /opt/airflow/dags/main.py
[2025-12-28T17:04:42.115+0000] {processor.py:840} INFO - DAG(s) 'update_db', 'youtube_video_stats' retrieved from /opt/airflow/dags/main.py
[2025-12-28T17:04:42.153+0000] {logging_mixin.py:188} INFO - [2025-12-28T17:04:42.153+0000] {dag.py:3096} INFO - Sync 2 DAGs
[2025-12-28T17:04:42.180+0000] {logging_mixin.py:188} INFO - [2025-12-28T17:04:42.180+0000] {dag.py:3954} INFO - Setting next_dagrun for update_db to 2025-12-28 15:00:00+00:00, run_after=2025-12-29 15:00:00+00:00
[2025-12-28T17:04:42.187+0000] {logging_mixin.py:188} INFO - [2025-12-28T17:04:42.187+0000] {dag.py:3954} INFO - Setting next_dagrun for youtube_video_stats to 2025-12-28 14:00:00+00:00, run_after=2025-12-29 14:00:00+00:00
[2025-12-28T17:04:42.210+0000] {processor.py:183} INFO - Processing /opt/airflow/dags/main.py took 0.221 seconds
[2025-12-28T17:05:12.611+0000] {processor.py:161} INFO - Started process (PID=19044) to work on /opt/airflow/dags/main.py
[2025-12-28T17:05:12.631+0000] {processor.py:830} INFO - Processing file /opt/airflow/dags/main.py for tasks to queue
[2025-12-28T17:05:12.634+0000] {logging_mixin.py:188} INFO - [2025-12-28T17:05:12.633+0000] {dagbag.py:545} INFO - Filling up the DagBag from /opt/airflow/dags/main.py
[2025-12-28T17:05:13.131+0000] {processor.py:840} INFO - DAG(s) 'youtube_video_stats', 'update_db' retrieved from /opt/airflow/dags/main.py
[2025-12-28T17:05:13.252+0000] {logging_mixin.py:188} INFO - [2025-12-28T17:05:13.252+0000] {dag.py:3096} INFO - Sync 2 DAGs
[2025-12-28T17:05:13.350+0000] {logging_mixin.py:188} INFO - [2025-12-28T17:05:13.350+0000] {dag.py:3954} INFO - Setting next_dagrun for update_db to 2025-12-28 15:00:00+00:00, run_after=2025-12-29 15:00:00+00:00
[2025-12-28T17:05:13.370+0000] {logging_mixin.py:188} INFO - [2025-12-28T17:05:13.369+0000] {dag.py:3954} INFO - Setting next_dagrun for youtube_video_stats to 2025-12-28 14:00:00+00:00, run_after=2025-12-29 14:00:00+00:00
[2025-12-28T17:05:13.428+0000] {processor.py:183} INFO - Processing /opt/airflow/dags/main.py took 0.838 seconds
[2025-12-28T17:05:43.853+0000] {processor.py:161} INFO - Started process (PID=19051) to work on /opt/airflow/dags/main.py
[2025-12-28T17:05:43.861+0000] {processor.py:830} INFO - Processing file /opt/airflow/dags/main.py for tasks to queue
[2025-12-28T17:05:43.868+0000] {logging_mixin.py:188} INFO - [2025-12-28T17:05:43.866+0000] {dagbag.py:545} INFO - Filling up the DagBag from /opt/airflow/dags/main.py
[2025-12-28T17:05:44.238+0000] {processor.py:840} INFO - DAG(s) 'update_db', 'youtube_video_stats' retrieved from /opt/airflow/dags/main.py
[2025-12-28T17:05:44.337+0000] {logging_mixin.py:188} INFO - [2025-12-28T17:05:44.337+0000] {dag.py:3096} INFO - Sync 2 DAGs
[2025-12-28T17:05:44.424+0000] {logging_mixin.py:188} INFO - [2025-12-28T17:05:44.423+0000] {dag.py:3954} INFO - Setting next_dagrun for update_db to 2025-12-28 15:00:00+00:00, run_after=2025-12-29 15:00:00+00:00
[2025-12-28T17:05:44.438+0000] {logging_mixin.py:188} INFO - [2025-12-28T17:05:44.438+0000] {dag.py:3954} INFO - Setting next_dagrun for youtube_video_stats to 2025-12-28 14:00:00+00:00, run_after=2025-12-29 14:00:00+00:00
[2025-12-28T17:05:44.486+0000] {processor.py:183} INFO - Processing /opt/airflow/dags/main.py took 0.716 seconds
[2025-12-28T17:06:14.736+0000] {processor.py:161} INFO - Started process (PID=19058) to work on /opt/airflow/dags/main.py
[2025-12-28T17:06:14.737+0000] {processor.py:830} INFO - Processing file /opt/airflow/dags/main.py for tasks to queue
[2025-12-28T17:06:14.739+0000] {logging_mixin.py:188} INFO - [2025-12-28T17:06:14.739+0000] {dagbag.py:545} INFO - Filling up the DagBag from /opt/airflow/dags/main.py
[2025-12-28T17:06:14.861+0000] {processor.py:840} INFO - DAG(s) 'youtube_video_stats', 'update_db' retrieved from /opt/airflow/dags/main.py
[2025-12-28T17:06:14.914+0000] {logging_mixin.py:188} INFO - [2025-12-28T17:06:14.914+0000] {dag.py:3096} INFO - Sync 2 DAGs
[2025-12-28T17:06:14.947+0000] {logging_mixin.py:188} INFO - [2025-12-28T17:06:14.947+0000] {dag.py:3954} INFO - Setting next_dagrun for update_db to 2025-12-28 15:00:00+00:00, run_after=2025-12-29 15:00:00+00:00
[2025-12-28T17:06:14.955+0000] {logging_mixin.py:188} INFO - [2025-12-28T17:06:14.955+0000] {dag.py:3954} INFO - Setting next_dagrun for youtube_video_stats to 2025-12-28 14:00:00+00:00, run_after=2025-12-29 14:00:00+00:00
[2025-12-28T17:06:14.982+0000] {processor.py:183} INFO - Processing /opt/airflow/dags/main.py took 0.255 seconds
[2025-12-28T17:06:45.263+0000] {processor.py:161} INFO - Started process (PID=19065) to work on /opt/airflow/dags/main.py
[2025-12-28T17:06:45.265+0000] {processor.py:830} INFO - Processing file /opt/airflow/dags/main.py for tasks to queue
[2025-12-28T17:06:45.267+0000] {logging_mixin.py:188} INFO - [2025-12-28T17:06:45.267+0000] {dagbag.py:545} INFO - Filling up the DagBag from /opt/airflow/dags/main.py
[2025-12-28T17:06:45.436+0000] {processor.py:840} INFO - DAG(s) 'youtube_video_stats', 'update_db' retrieved from /opt/airflow/dags/main.py
[2025-12-28T17:06:45.494+0000] {logging_mixin.py:188} INFO - [2025-12-28T17:06:45.493+0000] {dag.py:3096} INFO - Sync 2 DAGs
[2025-12-28T17:06:45.539+0000] {logging_mixin.py:188} INFO - [2025-12-28T17:06:45.538+0000] {dag.py:3954} INFO - Setting next_dagrun for update_db to 2025-12-28 15:00:00+00:00, run_after=2025-12-29 15:00:00+00:00
[2025-12-28T17:06:45.549+0000] {logging_mixin.py:188} INFO - [2025-12-28T17:06:45.549+0000] {dag.py:3954} INFO - Setting next_dagrun for youtube_video_stats to 2025-12-28 14:00:00+00:00, run_after=2025-12-29 14:00:00+00:00
[2025-12-28T17:06:45.584+0000] {processor.py:183} INFO - Processing /opt/airflow/dags/main.py took 0.335 seconds
[2025-12-28T17:07:16.035+0000] {processor.py:161} INFO - Started process (PID=19072) to work on /opt/airflow/dags/main.py
[2025-12-28T17:07:16.037+0000] {processor.py:830} INFO - Processing file /opt/airflow/dags/main.py for tasks to queue
[2025-12-28T17:07:16.039+0000] {logging_mixin.py:188} INFO - [2025-12-28T17:07:16.038+0000] {dagbag.py:545} INFO - Filling up the DagBag from /opt/airflow/dags/main.py
[2025-12-28T17:07:16.181+0000] {processor.py:840} INFO - DAG(s) 'update_db', 'youtube_video_stats' retrieved from /opt/airflow/dags/main.py
[2025-12-28T17:07:16.234+0000] {logging_mixin.py:188} INFO - [2025-12-28T17:07:16.233+0000] {dag.py:3096} INFO - Sync 2 DAGs
[2025-12-28T17:07:16.272+0000] {logging_mixin.py:188} INFO - [2025-12-28T17:07:16.271+0000] {dag.py:3954} INFO - Setting next_dagrun for update_db to 2025-12-28 15:00:00+00:00, run_after=2025-12-29 15:00:00+00:00
[2025-12-28T17:07:16.281+0000] {logging_mixin.py:188} INFO - [2025-12-28T17:07:16.280+0000] {dag.py:3954} INFO - Setting next_dagrun for youtube_video_stats to 2025-12-28 14:00:00+00:00, run_after=2025-12-29 14:00:00+00:00
[2025-12-28T17:07:16.310+0000] {processor.py:183} INFO - Processing /opt/airflow/dags/main.py took 0.283 seconds
[2025-12-28T17:07:46.833+0000] {processor.py:161} INFO - Started process (PID=19079) to work on /opt/airflow/dags/main.py
[2025-12-28T17:07:46.835+0000] {processor.py:830} INFO - Processing file /opt/airflow/dags/main.py for tasks to queue
[2025-12-28T17:07:46.837+0000] {logging_mixin.py:188} INFO - [2025-12-28T17:07:46.836+0000] {dagbag.py:545} INFO - Filling up the DagBag from /opt/airflow/dags/main.py
[2025-12-28T17:07:47.447+0000] {processor.py:840} INFO - DAG(s) 'update_db', 'youtube_video_stats' retrieved from /opt/airflow/dags/main.py
[2025-12-28T17:07:47.876+0000] {logging_mixin.py:188} INFO - [2025-12-28T17:07:47.874+0000] {dag.py:3096} INFO - Sync 2 DAGs
[2025-12-28T17:07:47.911+0000] {logging_mixin.py:188} INFO - [2025-12-28T17:07:47.910+0000] {dag.py:3954} INFO - Setting next_dagrun for update_db to 2025-12-28 15:00:00+00:00, run_after=2025-12-29 15:00:00+00:00
[2025-12-28T17:07:47.919+0000] {logging_mixin.py:188} INFO - [2025-12-28T17:07:47.919+0000] {dag.py:3954} INFO - Setting next_dagrun for youtube_video_stats to 2025-12-28 14:00:00+00:00, run_after=2025-12-29 14:00:00+00:00
[2025-12-28T17:07:48.307+0000] {processor.py:183} INFO - Processing /opt/airflow/dags/main.py took 1.484 seconds
[2025-12-28T17:08:18.896+0000] {processor.py:161} INFO - Started process (PID=19086) to work on /opt/airflow/dags/main.py
[2025-12-28T17:08:18.898+0000] {processor.py:830} INFO - Processing file /opt/airflow/dags/main.py for tasks to queue
[2025-12-28T17:08:18.899+0000] {logging_mixin.py:188} INFO - [2025-12-28T17:08:18.899+0000] {dagbag.py:545} INFO - Filling up the DagBag from /opt/airflow/dags/main.py
[2025-12-28T17:08:19.716+0000] {processor.py:840} INFO - DAG(s) 'youtube_video_stats', 'update_db' retrieved from /opt/airflow/dags/main.py
[2025-12-28T17:08:19.776+0000] {logging_mixin.py:188} INFO - [2025-12-28T17:08:19.775+0000] {dag.py:3096} INFO - Sync 2 DAGs
[2025-12-28T17:08:19.834+0000] {logging_mixin.py:188} INFO - [2025-12-28T17:08:19.833+0000] {dag.py:3954} INFO - Setting next_dagrun for update_db to 2025-12-28 15:00:00+00:00, run_after=2025-12-29 15:00:00+00:00
[2025-12-28T17:08:19.851+0000] {logging_mixin.py:188} INFO - [2025-12-28T17:08:19.851+0000] {dag.py:3954} INFO - Setting next_dagrun for youtube_video_stats to 2025-12-28 14:00:00+00:00, run_after=2025-12-29 14:00:00+00:00
[2025-12-28T17:08:19.935+0000] {processor.py:183} INFO - Processing /opt/airflow/dags/main.py took 1.049 seconds
[2025-12-28T17:08:50.159+0000] {processor.py:161} INFO - Started process (PID=19093) to work on /opt/airflow/dags/main.py
[2025-12-28T17:08:50.162+0000] {processor.py:830} INFO - Processing file /opt/airflow/dags/main.py for tasks to queue
[2025-12-28T17:08:50.164+0000] {logging_mixin.py:188} INFO - [2025-12-28T17:08:50.164+0000] {dagbag.py:545} INFO - Filling up the DagBag from /opt/airflow/dags/main.py
[2025-12-28T17:08:50.430+0000] {processor.py:840} INFO - DAG(s) 'update_db', 'youtube_video_stats' retrieved from /opt/airflow/dags/main.py
[2025-12-28T17:08:50.499+0000] {logging_mixin.py:188} INFO - [2025-12-28T17:08:50.498+0000] {dag.py:3096} INFO - Sync 2 DAGs
[2025-12-28T17:08:50.575+0000] {logging_mixin.py:188} INFO - [2025-12-28T17:08:50.574+0000] {dag.py:3954} INFO - Setting next_dagrun for update_db to 2025-12-28 15:00:00+00:00, run_after=2025-12-29 15:00:00+00:00
[2025-12-28T17:08:50.588+0000] {logging_mixin.py:188} INFO - [2025-12-28T17:08:50.587+0000] {dag.py:3954} INFO - Setting next_dagrun for youtube_video_stats to 2025-12-28 14:00:00+00:00, run_after=2025-12-29 14:00:00+00:00
[2025-12-28T17:08:50.650+0000] {processor.py:183} INFO - Processing /opt/airflow/dags/main.py took 0.508 seconds
[2025-12-28T17:09:21.101+0000] {processor.py:161} INFO - Started process (PID=19100) to work on /opt/airflow/dags/main.py
[2025-12-28T17:09:21.104+0000] {processor.py:830} INFO - Processing file /opt/airflow/dags/main.py for tasks to queue
[2025-12-28T17:09:21.106+0000] {logging_mixin.py:188} INFO - [2025-12-28T17:09:21.106+0000] {dagbag.py:545} INFO - Filling up the DagBag from /opt/airflow/dags/main.py
[2025-12-28T17:09:21.648+0000] {processor.py:840} INFO - DAG(s) 'update_db', 'youtube_video_stats' retrieved from /opt/airflow/dags/main.py
[2025-12-28T17:09:21.824+0000] {logging_mixin.py:188} INFO - [2025-12-28T17:09:21.824+0000] {dag.py:3096} INFO - Sync 2 DAGs
[2025-12-28T17:09:21.918+0000] {logging_mixin.py:188} INFO - [2025-12-28T17:09:21.917+0000] {dag.py:3954} INFO - Setting next_dagrun for update_db to 2025-12-28 15:00:00+00:00, run_after=2025-12-29 15:00:00+00:00
[2025-12-28T17:09:21.941+0000] {logging_mixin.py:188} INFO - [2025-12-28T17:09:21.941+0000] {dag.py:3954} INFO - Setting next_dagrun for youtube_video_stats to 2025-12-28 14:00:00+00:00, run_after=2025-12-29 14:00:00+00:00
[2025-12-28T17:09:22.028+0000] {processor.py:183} INFO - Processing /opt/airflow/dags/main.py took 0.956 seconds
[2025-12-28T17:09:52.394+0000] {processor.py:161} INFO - Started process (PID=19107) to work on /opt/airflow/dags/main.py
[2025-12-28T17:09:52.396+0000] {processor.py:830} INFO - Processing file /opt/airflow/dags/main.py for tasks to queue
[2025-12-28T17:09:52.397+0000] {logging_mixin.py:188} INFO - [2025-12-28T17:09:52.397+0000] {dagbag.py:545} INFO - Filling up the DagBag from /opt/airflow/dags/main.py
[2025-12-28T17:09:52.525+0000] {processor.py:840} INFO - DAG(s) 'update_db', 'youtube_video_stats' retrieved from /opt/airflow/dags/main.py
[2025-12-28T17:09:52.571+0000] {logging_mixin.py:188} INFO - [2025-12-28T17:09:52.571+0000] {dag.py:3096} INFO - Sync 2 DAGs
[2025-12-28T17:09:52.605+0000] {logging_mixin.py:188} INFO - [2025-12-28T17:09:52.605+0000] {dag.py:3954} INFO - Setting next_dagrun for update_db to 2025-12-28 15:00:00+00:00, run_after=2025-12-29 15:00:00+00:00
[2025-12-28T17:09:52.612+0000] {logging_mixin.py:188} INFO - [2025-12-28T17:09:52.612+0000] {dag.py:3954} INFO - Setting next_dagrun for youtube_video_stats to 2025-12-28 14:00:00+00:00, run_after=2025-12-29 14:00:00+00:00
[2025-12-28T17:09:52.638+0000] {processor.py:183} INFO - Processing /opt/airflow/dags/main.py took 0.252 seconds
[2025-12-28T17:10:23.002+0000] {processor.py:161} INFO - Started process (PID=19114) to work on /opt/airflow/dags/main.py
[2025-12-28T17:10:23.005+0000] {processor.py:830} INFO - Processing file /opt/airflow/dags/main.py for tasks to queue
[2025-12-28T17:10:23.009+0000] {logging_mixin.py:188} INFO - [2025-12-28T17:10:23.008+0000] {dagbag.py:545} INFO - Filling up the DagBag from /opt/airflow/dags/main.py
[2025-12-28T17:10:23.205+0000] {processor.py:840} INFO - DAG(s) 'update_db', 'youtube_video_stats' retrieved from /opt/airflow/dags/main.py
[2025-12-28T17:10:23.284+0000] {logging_mixin.py:188} INFO - [2025-12-28T17:10:23.283+0000] {dag.py:3096} INFO - Sync 2 DAGs
[2025-12-28T17:10:23.330+0000] {logging_mixin.py:188} INFO - [2025-12-28T17:10:23.329+0000] {dag.py:3954} INFO - Setting next_dagrun for update_db to 2025-12-28 15:00:00+00:00, run_after=2025-12-29 15:00:00+00:00
[2025-12-28T17:10:23.341+0000] {logging_mixin.py:188} INFO - [2025-12-28T17:10:23.341+0000] {dag.py:3954} INFO - Setting next_dagrun for youtube_video_stats to 2025-12-28 14:00:00+00:00, run_after=2025-12-29 14:00:00+00:00
[2025-12-28T17:10:23.376+0000] {processor.py:183} INFO - Processing /opt/airflow/dags/main.py took 0.388 seconds
[2025-12-28T17:10:53.672+0000] {processor.py:161} INFO - Started process (PID=19121) to work on /opt/airflow/dags/main.py
[2025-12-28T17:10:53.674+0000] {processor.py:830} INFO - Processing file /opt/airflow/dags/main.py for tasks to queue
[2025-12-28T17:10:53.676+0000] {logging_mixin.py:188} INFO - [2025-12-28T17:10:53.675+0000] {dagbag.py:545} INFO - Filling up the DagBag from /opt/airflow/dags/main.py
[2025-12-28T17:10:53.854+0000] {processor.py:840} INFO - DAG(s) 'youtube_video_stats', 'update_db' retrieved from /opt/airflow/dags/main.py
[2025-12-28T17:10:53.923+0000] {logging_mixin.py:188} INFO - [2025-12-28T17:10:53.922+0000] {dag.py:3096} INFO - Sync 2 DAGs
[2025-12-28T17:10:53.991+0000] {logging_mixin.py:188} INFO - [2025-12-28T17:10:53.990+0000] {dag.py:3954} INFO - Setting next_dagrun for update_db to 2025-12-28 15:00:00+00:00, run_after=2025-12-29 15:00:00+00:00
[2025-12-28T17:10:54.004+0000] {logging_mixin.py:188} INFO - [2025-12-28T17:10:54.004+0000] {dag.py:3954} INFO - Setting next_dagrun for youtube_video_stats to 2025-12-28 14:00:00+00:00, run_after=2025-12-29 14:00:00+00:00
[2025-12-28T17:10:54.047+0000] {processor.py:183} INFO - Processing /opt/airflow/dags/main.py took 0.389 seconds
[2025-12-28T17:11:24.319+0000] {processor.py:161} INFO - Started process (PID=19128) to work on /opt/airflow/dags/main.py
[2025-12-28T17:11:24.323+0000] {processor.py:830} INFO - Processing file /opt/airflow/dags/main.py for tasks to queue
[2025-12-28T17:11:24.325+0000] {logging_mixin.py:188} INFO - [2025-12-28T17:11:24.324+0000] {dagbag.py:545} INFO - Filling up the DagBag from /opt/airflow/dags/main.py
[2025-12-28T17:11:24.567+0000] {processor.py:840} INFO - DAG(s) 'update_db', 'youtube_video_stats' retrieved from /opt/airflow/dags/main.py
[2025-12-28T17:11:24.635+0000] {logging_mixin.py:188} INFO - [2025-12-28T17:11:24.634+0000] {dag.py:3096} INFO - Sync 2 DAGs
[2025-12-28T17:11:24.686+0000] {logging_mixin.py:188} INFO - [2025-12-28T17:11:24.686+0000] {dag.py:3954} INFO - Setting next_dagrun for update_db to 2025-12-28 15:00:00+00:00, run_after=2025-12-29 15:00:00+00:00
[2025-12-28T17:11:24.696+0000] {logging_mixin.py:188} INFO - [2025-12-28T17:11:24.695+0000] {dag.py:3954} INFO - Setting next_dagrun for youtube_video_stats to 2025-12-28 14:00:00+00:00, run_after=2025-12-29 14:00:00+00:00
[2025-12-28T17:11:24.738+0000] {processor.py:183} INFO - Processing /opt/airflow/dags/main.py took 0.433 seconds
[2025-12-28T17:11:54.978+0000] {processor.py:161} INFO - Started process (PID=19135) to work on /opt/airflow/dags/main.py
[2025-12-28T17:11:54.979+0000] {processor.py:830} INFO - Processing file /opt/airflow/dags/main.py for tasks to queue
[2025-12-28T17:11:54.981+0000] {logging_mixin.py:188} INFO - [2025-12-28T17:11:54.980+0000] {dagbag.py:545} INFO - Filling up the DagBag from /opt/airflow/dags/main.py
[2025-12-28T17:11:55.111+0000] {processor.py:840} INFO - DAG(s) 'update_db', 'youtube_video_stats' retrieved from /opt/airflow/dags/main.py
[2025-12-28T17:11:55.149+0000] {logging_mixin.py:188} INFO - [2025-12-28T17:11:55.148+0000] {dag.py:3096} INFO - Sync 2 DAGs
[2025-12-28T17:11:55.177+0000] {logging_mixin.py:188} INFO - [2025-12-28T17:11:55.177+0000] {dag.py:3954} INFO - Setting next_dagrun for update_db to 2025-12-28 15:00:00+00:00, run_after=2025-12-29 15:00:00+00:00
[2025-12-28T17:11:55.185+0000] {logging_mixin.py:188} INFO - [2025-12-28T17:11:55.185+0000] {dag.py:3954} INFO - Setting next_dagrun for youtube_video_stats to 2025-12-28 14:00:00+00:00, run_after=2025-12-29 14:00:00+00:00
[2025-12-28T17:11:55.208+0000] {processor.py:183} INFO - Processing /opt/airflow/dags/main.py took 0.240 seconds
[2025-12-28T17:12:25.474+0000] {processor.py:161} INFO - Started process (PID=19142) to work on /opt/airflow/dags/main.py
[2025-12-28T17:12:25.476+0000] {processor.py:830} INFO - Processing file /opt/airflow/dags/main.py for tasks to queue
[2025-12-28T17:12:25.478+0000] {logging_mixin.py:188} INFO - [2025-12-28T17:12:25.478+0000] {dagbag.py:545} INFO - Filling up the DagBag from /opt/airflow/dags/main.py
[2025-12-28T17:12:25.633+0000] {processor.py:840} INFO - DAG(s) 'update_db', 'youtube_video_stats' retrieved from /opt/airflow/dags/main.py
[2025-12-28T17:12:25.694+0000] {logging_mixin.py:188} INFO - [2025-12-28T17:12:25.694+0000] {dag.py:3096} INFO - Sync 2 DAGs
[2025-12-28T17:12:25.742+0000] {logging_mixin.py:188} INFO - [2025-12-28T17:12:25.741+0000] {dag.py:3954} INFO - Setting next_dagrun for update_db to 2025-12-28 15:00:00+00:00, run_after=2025-12-29 15:00:00+00:00
[2025-12-28T17:12:25.752+0000] {logging_mixin.py:188} INFO - [2025-12-28T17:12:25.752+0000] {dag.py:3954} INFO - Setting next_dagrun for youtube_video_stats to 2025-12-28 14:00:00+00:00, run_after=2025-12-29 14:00:00+00:00
[2025-12-28T17:12:25.781+0000] {processor.py:183} INFO - Processing /opt/airflow/dags/main.py took 0.317 seconds
[2025-12-28T17:12:56.311+0000] {processor.py:161} INFO - Started process (PID=19149) to work on /opt/airflow/dags/main.py
[2025-12-28T17:12:56.313+0000] {processor.py:830} INFO - Processing file /opt/airflow/dags/main.py for tasks to queue
[2025-12-28T17:12:56.315+0000] {logging_mixin.py:188} INFO - [2025-12-28T17:12:56.314+0000] {dagbag.py:545} INFO - Filling up the DagBag from /opt/airflow/dags/main.py
[2025-12-28T17:12:56.521+0000] {processor.py:840} INFO - DAG(s) 'youtube_video_stats', 'update_db' retrieved from /opt/airflow/dags/main.py
[2025-12-28T17:12:56.584+0000] {logging_mixin.py:188} INFO - [2025-12-28T17:12:56.584+0000] {dag.py:3096} INFO - Sync 2 DAGs
[2025-12-28T17:12:56.626+0000] {logging_mixin.py:188} INFO - [2025-12-28T17:12:56.626+0000] {dag.py:3954} INFO - Setting next_dagrun for update_db to 2025-12-28 15:00:00+00:00, run_after=2025-12-29 15:00:00+00:00
[2025-12-28T17:12:56.634+0000] {logging_mixin.py:188} INFO - [2025-12-28T17:12:56.633+0000] {dag.py:3954} INFO - Setting next_dagrun for youtube_video_stats to 2025-12-28 14:00:00+00:00, run_after=2025-12-29 14:00:00+00:00
[2025-12-28T17:12:56.671+0000] {processor.py:183} INFO - Processing /opt/airflow/dags/main.py took 0.373 seconds
[2025-12-28T17:13:27.708+0000] {processor.py:161} INFO - Started process (PID=19156) to work on /opt/airflow/dags/main.py
[2025-12-28T17:13:27.710+0000] {processor.py:830} INFO - Processing file /opt/airflow/dags/main.py for tasks to queue
[2025-12-28T17:13:27.711+0000] {logging_mixin.py:188} INFO - [2025-12-28T17:13:27.710+0000] {dagbag.py:545} INFO - Filling up the DagBag from /opt/airflow/dags/main.py
[2025-12-28T17:13:27.843+0000] {processor.py:840} INFO - DAG(s) 'update_db', 'youtube_video_stats' retrieved from /opt/airflow/dags/main.py
[2025-12-28T17:13:27.895+0000] {logging_mixin.py:188} INFO - [2025-12-28T17:13:27.895+0000] {dag.py:3096} INFO - Sync 2 DAGs
[2025-12-28T17:13:27.926+0000] {logging_mixin.py:188} INFO - [2025-12-28T17:13:27.926+0000] {dag.py:3954} INFO - Setting next_dagrun for update_db to 2025-12-28 15:00:00+00:00, run_after=2025-12-29 15:00:00+00:00
[2025-12-28T17:13:27.934+0000] {logging_mixin.py:188} INFO - [2025-12-28T17:13:27.934+0000] {dag.py:3954} INFO - Setting next_dagrun for youtube_video_stats to 2025-12-28 14:00:00+00:00, run_after=2025-12-29 14:00:00+00:00
[2025-12-28T17:13:27.981+0000] {processor.py:183} INFO - Processing /opt/airflow/dags/main.py took 0.280 seconds
[2025-12-28T17:13:58.862+0000] {processor.py:161} INFO - Started process (PID=19163) to work on /opt/airflow/dags/main.py
[2025-12-28T17:13:58.864+0000] {processor.py:830} INFO - Processing file /opt/airflow/dags/main.py for tasks to queue
[2025-12-28T17:13:58.865+0000] {logging_mixin.py:188} INFO - [2025-12-28T17:13:58.865+0000] {dagbag.py:545} INFO - Filling up the DagBag from /opt/airflow/dags/main.py
[2025-12-28T17:13:59.047+0000] {processor.py:840} INFO - DAG(s) 'update_db', 'youtube_video_stats' retrieved from /opt/airflow/dags/main.py
[2025-12-28T17:13:59.098+0000] {logging_mixin.py:188} INFO - [2025-12-28T17:13:59.098+0000] {dag.py:3096} INFO - Sync 2 DAGs
[2025-12-28T17:13:59.136+0000] {logging_mixin.py:188} INFO - [2025-12-28T17:13:59.135+0000] {dag.py:3954} INFO - Setting next_dagrun for update_db to 2025-12-28 15:00:00+00:00, run_after=2025-12-29 15:00:00+00:00
[2025-12-28T17:13:59.143+0000] {logging_mixin.py:188} INFO - [2025-12-28T17:13:59.143+0000] {dag.py:3954} INFO - Setting next_dagrun for youtube_video_stats to 2025-12-28 14:00:00+00:00, run_after=2025-12-29 14:00:00+00:00
[2025-12-28T17:13:59.233+0000] {processor.py:183} INFO - Processing /opt/airflow/dags/main.py took 0.380 seconds
[2025-12-28T17:14:29.456+0000] {processor.py:161} INFO - Started process (PID=19170) to work on /opt/airflow/dags/main.py
[2025-12-28T17:14:29.458+0000] {processor.py:830} INFO - Processing file /opt/airflow/dags/main.py for tasks to queue
[2025-12-28T17:14:29.459+0000] {logging_mixin.py:188} INFO - [2025-12-28T17:14:29.459+0000] {dagbag.py:545} INFO - Filling up the DagBag from /opt/airflow/dags/main.py
[2025-12-28T17:14:29.583+0000] {processor.py:840} INFO - DAG(s) 'update_db', 'youtube_video_stats' retrieved from /opt/airflow/dags/main.py
[2025-12-28T17:14:29.623+0000] {logging_mixin.py:188} INFO - [2025-12-28T17:14:29.623+0000] {dag.py:3096} INFO - Sync 2 DAGs
[2025-12-28T17:14:29.653+0000] {logging_mixin.py:188} INFO - [2025-12-28T17:14:29.652+0000] {dag.py:3954} INFO - Setting next_dagrun for update_db to 2025-12-28 15:00:00+00:00, run_after=2025-12-29 15:00:00+00:00
[2025-12-28T17:14:29.659+0000] {logging_mixin.py:188} INFO - [2025-12-28T17:14:29.659+0000] {dag.py:3954} INFO - Setting next_dagrun for youtube_video_stats to 2025-12-28 14:00:00+00:00, run_after=2025-12-29 14:00:00+00:00
[2025-12-28T17:14:29.687+0000] {processor.py:183} INFO - Processing /opt/airflow/dags/main.py took 0.239 seconds
[2025-12-28T17:14:59.929+0000] {processor.py:161} INFO - Started process (PID=19177) to work on /opt/airflow/dags/main.py
[2025-12-28T17:14:59.931+0000] {processor.py:830} INFO - Processing file /opt/airflow/dags/main.py for tasks to queue
[2025-12-28T17:14:59.933+0000] {logging_mixin.py:188} INFO - [2025-12-28T17:14:59.932+0000] {dagbag.py:545} INFO - Filling up the DagBag from /opt/airflow/dags/main.py
[2025-12-28T17:15:00.163+0000] {processor.py:840} INFO - DAG(s) 'update_db', 'youtube_video_stats' retrieved from /opt/airflow/dags/main.py
[2025-12-28T17:15:00.229+0000] {logging_mixin.py:188} INFO - [2025-12-28T17:15:00.228+0000] {dag.py:3096} INFO - Sync 2 DAGs
[2025-12-28T17:15:00.279+0000] {logging_mixin.py:188} INFO - [2025-12-28T17:15:00.278+0000] {dag.py:3954} INFO - Setting next_dagrun for update_db to 2025-12-28 15:00:00+00:00, run_after=2025-12-29 15:00:00+00:00
[2025-12-28T17:15:00.289+0000] {logging_mixin.py:188} INFO - [2025-12-28T17:15:00.288+0000] {dag.py:3954} INFO - Setting next_dagrun for youtube_video_stats to 2025-12-28 14:00:00+00:00, run_after=2025-12-29 14:00:00+00:00
[2025-12-28T17:15:00.315+0000] {processor.py:183} INFO - Processing /opt/airflow/dags/main.py took 0.397 seconds
[2025-12-28T17:15:30.581+0000] {processor.py:161} INFO - Started process (PID=19184) to work on /opt/airflow/dags/main.py
[2025-12-28T17:15:30.583+0000] {processor.py:830} INFO - Processing file /opt/airflow/dags/main.py for tasks to queue
[2025-12-28T17:15:30.585+0000] {logging_mixin.py:188} INFO - [2025-12-28T17:15:30.584+0000] {dagbag.py:545} INFO - Filling up the DagBag from /opt/airflow/dags/main.py
[2025-12-28T17:15:30.709+0000] {processor.py:840} INFO - DAG(s) 'youtube_video_stats', 'update_db' retrieved from /opt/airflow/dags/main.py
[2025-12-28T17:15:30.754+0000] {logging_mixin.py:188} INFO - [2025-12-28T17:15:30.753+0000] {dag.py:3096} INFO - Sync 2 DAGs
[2025-12-28T17:15:30.784+0000] {logging_mixin.py:188} INFO - [2025-12-28T17:15:30.784+0000] {dag.py:3954} INFO - Setting next_dagrun for update_db to 2025-12-28 15:00:00+00:00, run_after=2025-12-29 15:00:00+00:00
[2025-12-28T17:15:30.791+0000] {logging_mixin.py:188} INFO - [2025-12-28T17:15:30.791+0000] {dag.py:3954} INFO - Setting next_dagrun for youtube_video_stats to 2025-12-28 14:00:00+00:00, run_after=2025-12-29 14:00:00+00:00
[2025-12-28T17:15:30.820+0000] {processor.py:183} INFO - Processing /opt/airflow/dags/main.py took 0.248 seconds
[2025-12-28T17:16:00.921+0000] {processor.py:161} INFO - Started process (PID=19191) to work on /opt/airflow/dags/main.py
[2025-12-28T17:16:00.923+0000] {processor.py:830} INFO - Processing file /opt/airflow/dags/main.py for tasks to queue
[2025-12-28T17:16:00.925+0000] {logging_mixin.py:188} INFO - [2025-12-28T17:16:00.925+0000] {dagbag.py:545} INFO - Filling up the DagBag from /opt/airflow/dags/main.py
[2025-12-28T17:16:01.083+0000] {processor.py:840} INFO - DAG(s) 'update_db', 'youtube_video_stats' retrieved from /opt/airflow/dags/main.py
[2025-12-28T17:16:01.152+0000] {logging_mixin.py:188} INFO - [2025-12-28T17:16:01.151+0000] {dag.py:3096} INFO - Sync 2 DAGs
[2025-12-28T17:16:01.197+0000] {logging_mixin.py:188} INFO - [2025-12-28T17:16:01.196+0000] {dag.py:3954} INFO - Setting next_dagrun for update_db to 2025-12-28 15:00:00+00:00, run_after=2025-12-29 15:00:00+00:00
[2025-12-28T17:16:01.208+0000] {logging_mixin.py:188} INFO - [2025-12-28T17:16:01.208+0000] {dag.py:3954} INFO - Setting next_dagrun for youtube_video_stats to 2025-12-28 14:00:00+00:00, run_after=2025-12-29 14:00:00+00:00
[2025-12-28T17:16:01.241+0000] {processor.py:183} INFO - Processing /opt/airflow/dags/main.py took 0.335 seconds
[2025-12-28T17:16:31.308+0000] {processor.py:161} INFO - Started process (PID=19198) to work on /opt/airflow/dags/main.py
[2025-12-28T17:16:31.311+0000] {processor.py:830} INFO - Processing file /opt/airflow/dags/main.py for tasks to queue
[2025-12-28T17:16:31.313+0000] {logging_mixin.py:188} INFO - [2025-12-28T17:16:31.313+0000] {dagbag.py:545} INFO - Filling up the DagBag from /opt/airflow/dags/main.py
[2025-12-28T17:16:31.514+0000] {processor.py:840} INFO - DAG(s) 'update_db', 'youtube_video_stats' retrieved from /opt/airflow/dags/main.py
[2025-12-28T17:16:31.601+0000] {logging_mixin.py:188} INFO - [2025-12-28T17:16:31.600+0000] {dag.py:3096} INFO - Sync 2 DAGs
[2025-12-28T17:16:31.653+0000] {logging_mixin.py:188} INFO - [2025-12-28T17:16:31.652+0000] {dag.py:3954} INFO - Setting next_dagrun for update_db to 2025-12-28 15:00:00+00:00, run_after=2025-12-29 15:00:00+00:00
[2025-12-28T17:16:31.666+0000] {logging_mixin.py:188} INFO - [2025-12-28T17:16:31.666+0000] {dag.py:3954} INFO - Setting next_dagrun for youtube_video_stats to 2025-12-28 14:00:00+00:00, run_after=2025-12-29 14:00:00+00:00
[2025-12-28T17:16:31.730+0000] {processor.py:183} INFO - Processing /opt/airflow/dags/main.py took 0.436 seconds
[2025-12-28T17:17:01.996+0000] {processor.py:161} INFO - Started process (PID=19211) to work on /opt/airflow/dags/main.py
[2025-12-28T17:17:01.998+0000] {processor.py:830} INFO - Processing file /opt/airflow/dags/main.py for tasks to queue
[2025-12-28T17:17:02.000+0000] {logging_mixin.py:188} INFO - [2025-12-28T17:17:02.000+0000] {dagbag.py:545} INFO - Filling up the DagBag from /opt/airflow/dags/main.py
[2025-12-28T17:17:02.146+0000] {processor.py:840} INFO - DAG(s) 'youtube_video_stats', 'update_db' retrieved from /opt/airflow/dags/main.py
[2025-12-28T17:17:02.203+0000] {logging_mixin.py:188} INFO - [2025-12-28T17:17:02.202+0000] {dag.py:3096} INFO - Sync 2 DAGs
[2025-12-28T17:17:02.245+0000] {logging_mixin.py:188} INFO - [2025-12-28T17:17:02.245+0000] {dag.py:3954} INFO - Setting next_dagrun for update_db to 2025-12-28 15:00:00+00:00, run_after=2025-12-29 15:00:00+00:00
[2025-12-28T17:17:02.258+0000] {logging_mixin.py:188} INFO - [2025-12-28T17:17:02.257+0000] {dag.py:3954} INFO - Setting next_dagrun for youtube_video_stats to 2025-12-28 14:00:00+00:00, run_after=2025-12-29 14:00:00+00:00
[2025-12-28T17:17:02.291+0000] {processor.py:183} INFO - Processing /opt/airflow/dags/main.py took 0.305 seconds
[2025-12-28T17:17:32.564+0000] {processor.py:161} INFO - Started process (PID=19218) to work on /opt/airflow/dags/main.py
[2025-12-28T17:17:32.566+0000] {processor.py:830} INFO - Processing file /opt/airflow/dags/main.py for tasks to queue
[2025-12-28T17:17:32.567+0000] {logging_mixin.py:188} INFO - [2025-12-28T17:17:32.567+0000] {dagbag.py:545} INFO - Filling up the DagBag from /opt/airflow/dags/main.py
[2025-12-28T17:17:32.670+0000] {processor.py:840} INFO - DAG(s) 'youtube_video_stats', 'update_db' retrieved from /opt/airflow/dags/main.py
[2025-12-28T17:17:32.703+0000] {logging_mixin.py:188} INFO - [2025-12-28T17:17:32.703+0000] {dag.py:3096} INFO - Sync 2 DAGs
[2025-12-28T17:17:32.741+0000] {logging_mixin.py:188} INFO - [2025-12-28T17:17:32.740+0000] {dag.py:3954} INFO - Setting next_dagrun for update_db to 2025-12-28 15:00:00+00:00, run_after=2025-12-29 15:00:00+00:00
[2025-12-28T17:17:32.749+0000] {logging_mixin.py:188} INFO - [2025-12-28T17:17:32.748+0000] {dag.py:3954} INFO - Setting next_dagrun for youtube_video_stats to 2025-12-28 14:00:00+00:00, run_after=2025-12-29 14:00:00+00:00
[2025-12-28T17:17:32.780+0000] {processor.py:183} INFO - Processing /opt/airflow/dags/main.py took 0.224 seconds
[2025-12-28T17:18:03.093+0000] {processor.py:161} INFO - Started process (PID=19225) to work on /opt/airflow/dags/main.py
[2025-12-28T17:18:03.102+0000] {processor.py:830} INFO - Processing file /opt/airflow/dags/main.py for tasks to queue
[2025-12-28T17:18:03.107+0000] {logging_mixin.py:188} INFO - [2025-12-28T17:18:03.106+0000] {dagbag.py:545} INFO - Filling up the DagBag from /opt/airflow/dags/main.py
[2025-12-28T17:18:03.486+0000] {processor.py:840} INFO - DAG(s) 'update_db', 'youtube_video_stats' retrieved from /opt/airflow/dags/main.py
[2025-12-28T17:18:03.566+0000] {logging_mixin.py:188} INFO - [2025-12-28T17:18:03.565+0000] {dag.py:3096} INFO - Sync 2 DAGs
[2025-12-28T17:18:03.694+0000] {logging_mixin.py:188} INFO - [2025-12-28T17:18:03.693+0000] {dag.py:3954} INFO - Setting next_dagrun for update_db to 2025-12-28 15:00:00+00:00, run_after=2025-12-29 15:00:00+00:00
[2025-12-28T17:18:03.716+0000] {logging_mixin.py:188} INFO - [2025-12-28T17:18:03.715+0000] {dag.py:3954} INFO - Setting next_dagrun for youtube_video_stats to 2025-12-28 14:00:00+00:00, run_after=2025-12-29 14:00:00+00:00
[2025-12-28T17:18:03.782+0000] {processor.py:183} INFO - Processing /opt/airflow/dags/main.py took 0.716 seconds
[2025-12-28T17:18:34.269+0000] {processor.py:161} INFO - Started process (PID=19232) to work on /opt/airflow/dags/main.py
[2025-12-28T17:18:34.271+0000] {processor.py:830} INFO - Processing file /opt/airflow/dags/main.py for tasks to queue
[2025-12-28T17:18:34.273+0000] {logging_mixin.py:188} INFO - [2025-12-28T17:18:34.272+0000] {dagbag.py:545} INFO - Filling up the DagBag from /opt/airflow/dags/main.py
[2025-12-28T17:18:34.412+0000] {processor.py:840} INFO - DAG(s) 'youtube_video_stats', 'update_db' retrieved from /opt/airflow/dags/main.py
[2025-12-28T17:18:34.457+0000] {logging_mixin.py:188} INFO - [2025-12-28T17:18:34.456+0000] {dag.py:3096} INFO - Sync 2 DAGs
[2025-12-28T17:18:34.488+0000] {logging_mixin.py:188} INFO - [2025-12-28T17:18:34.488+0000] {dag.py:3954} INFO - Setting next_dagrun for update_db to 2025-12-28 15:00:00+00:00, run_after=2025-12-29 15:00:00+00:00
[2025-12-28T17:18:34.497+0000] {logging_mixin.py:188} INFO - [2025-12-28T17:18:34.497+0000] {dag.py:3954} INFO - Setting next_dagrun for youtube_video_stats to 2025-12-28 14:00:00+00:00, run_after=2025-12-29 14:00:00+00:00
[2025-12-28T17:18:34.529+0000] {processor.py:183} INFO - Processing /opt/airflow/dags/main.py took 0.270 seconds
[2025-12-28T17:19:04.676+0000] {processor.py:161} INFO - Started process (PID=19239) to work on /opt/airflow/dags/main.py
[2025-12-28T17:19:04.679+0000] {processor.py:830} INFO - Processing file /opt/airflow/dags/main.py for tasks to queue
[2025-12-28T17:19:04.683+0000] {logging_mixin.py:188} INFO - [2025-12-28T17:19:04.682+0000] {dagbag.py:545} INFO - Filling up the DagBag from /opt/airflow/dags/main.py
[2025-12-28T17:19:04.841+0000] {processor.py:840} INFO - DAG(s) 'update_db', 'youtube_video_stats' retrieved from /opt/airflow/dags/main.py
[2025-12-28T17:19:04.894+0000] {logging_mixin.py:188} INFO - [2025-12-28T17:19:04.893+0000] {dag.py:3096} INFO - Sync 2 DAGs
[2025-12-28T17:19:04.934+0000] {logging_mixin.py:188} INFO - [2025-12-28T17:19:04.934+0000] {dag.py:3954} INFO - Setting next_dagrun for update_db to 2025-12-28 15:00:00+00:00, run_after=2025-12-29 15:00:00+00:00
[2025-12-28T17:19:04.943+0000] {logging_mixin.py:188} INFO - [2025-12-28T17:19:04.942+0000] {dag.py:3954} INFO - Setting next_dagrun for youtube_video_stats to 2025-12-28 14:00:00+00:00, run_after=2025-12-29 14:00:00+00:00
[2025-12-28T17:19:04.970+0000] {processor.py:183} INFO - Processing /opt/airflow/dags/main.py took 0.307 seconds
[2025-12-28T17:19:35.056+0000] {processor.py:161} INFO - Started process (PID=19246) to work on /opt/airflow/dags/main.py
[2025-12-28T17:19:35.058+0000] {processor.py:830} INFO - Processing file /opt/airflow/dags/main.py for tasks to queue
[2025-12-28T17:19:35.060+0000] {logging_mixin.py:188} INFO - [2025-12-28T17:19:35.060+0000] {dagbag.py:545} INFO - Filling up the DagBag from /opt/airflow/dags/main.py
[2025-12-28T17:19:35.267+0000] {processor.py:840} INFO - DAG(s) 'update_db', 'youtube_video_stats' retrieved from /opt/airflow/dags/main.py
[2025-12-28T17:19:35.319+0000] {logging_mixin.py:188} INFO - [2025-12-28T17:19:35.319+0000] {dag.py:3096} INFO - Sync 2 DAGs
[2025-12-28T17:19:35.356+0000] {logging_mixin.py:188} INFO - [2025-12-28T17:19:35.356+0000] {dag.py:3954} INFO - Setting next_dagrun for update_db to 2025-12-28 15:00:00+00:00, run_after=2025-12-29 15:00:00+00:00
[2025-12-28T17:19:35.365+0000] {logging_mixin.py:188} INFO - [2025-12-28T17:19:35.365+0000] {dag.py:3954} INFO - Setting next_dagrun for youtube_video_stats to 2025-12-28 14:00:00+00:00, run_after=2025-12-29 14:00:00+00:00
[2025-12-28T17:19:35.403+0000] {processor.py:183} INFO - Processing /opt/airflow/dags/main.py took 0.367 seconds
[2025-12-28T17:20:05.749+0000] {processor.py:161} INFO - Started process (PID=19253) to work on /opt/airflow/dags/main.py
[2025-12-28T17:20:05.756+0000] {processor.py:830} INFO - Processing file /opt/airflow/dags/main.py for tasks to queue
[2025-12-28T17:20:05.758+0000] {logging_mixin.py:188} INFO - [2025-12-28T17:20:05.758+0000] {dagbag.py:545} INFO - Filling up the DagBag from /opt/airflow/dags/main.py
[2025-12-28T17:20:07.300+0000] {processor.py:840} INFO - DAG(s) 'update_db', 'youtube_video_stats' retrieved from /opt/airflow/dags/main.py
[2025-12-28T17:20:07.428+0000] {logging_mixin.py:188} INFO - [2025-12-28T17:20:07.428+0000] {dag.py:3096} INFO - Sync 2 DAGs
[2025-12-28T17:20:07.500+0000] {logging_mixin.py:188} INFO - [2025-12-28T17:20:07.499+0000] {dag.py:3954} INFO - Setting next_dagrun for update_db to 2025-12-28 15:00:00+00:00, run_after=2025-12-29 15:00:00+00:00
[2025-12-28T17:20:07.510+0000] {logging_mixin.py:188} INFO - [2025-12-28T17:20:07.509+0000] {dag.py:3954} INFO - Setting next_dagrun for youtube_video_stats to 2025-12-28 14:00:00+00:00, run_after=2025-12-29 14:00:00+00:00
[2025-12-28T17:20:07.539+0000] {processor.py:183} INFO - Processing /opt/airflow/dags/main.py took 1.828 seconds
[2025-12-28T17:20:37.919+0000] {processor.py:161} INFO - Started process (PID=19260) to work on /opt/airflow/dags/main.py
[2025-12-28T17:20:37.921+0000] {processor.py:830} INFO - Processing file /opt/airflow/dags/main.py for tasks to queue
[2025-12-28T17:20:37.923+0000] {logging_mixin.py:188} INFO - [2025-12-28T17:20:37.922+0000] {dagbag.py:545} INFO - Filling up the DagBag from /opt/airflow/dags/main.py
[2025-12-28T17:20:38.216+0000] {processor.py:840} INFO - DAG(s) 'update_db', 'youtube_video_stats' retrieved from /opt/airflow/dags/main.py
[2025-12-28T17:20:38.308+0000] {logging_mixin.py:188} INFO - [2025-12-28T17:20:38.307+0000] {dag.py:3096} INFO - Sync 2 DAGs
[2025-12-28T17:20:38.367+0000] {logging_mixin.py:188} INFO - [2025-12-28T17:20:38.367+0000] {dag.py:3954} INFO - Setting next_dagrun for update_db to 2025-12-28 15:00:00+00:00, run_after=2025-12-29 15:00:00+00:00
[2025-12-28T17:20:38.388+0000] {logging_mixin.py:188} INFO - [2025-12-28T17:20:38.388+0000] {dag.py:3954} INFO - Setting next_dagrun for youtube_video_stats to 2025-12-28 14:00:00+00:00, run_after=2025-12-29 14:00:00+00:00
[2025-12-28T17:20:38.437+0000] {processor.py:183} INFO - Processing /opt/airflow/dags/main.py took 0.540 seconds
[2025-12-28T17:21:08.685+0000] {processor.py:161} INFO - Started process (PID=19267) to work on /opt/airflow/dags/main.py
[2025-12-28T17:21:08.687+0000] {processor.py:830} INFO - Processing file /opt/airflow/dags/main.py for tasks to queue
[2025-12-28T17:21:08.689+0000] {logging_mixin.py:188} INFO - [2025-12-28T17:21:08.689+0000] {dagbag.py:545} INFO - Filling up the DagBag from /opt/airflow/dags/main.py
[2025-12-28T17:21:08.865+0000] {processor.py:840} INFO - DAG(s) 'youtube_video_stats', 'update_db' retrieved from /opt/airflow/dags/main.py
[2025-12-28T17:21:08.920+0000] {logging_mixin.py:188} INFO - [2025-12-28T17:21:08.920+0000] {dag.py:3096} INFO - Sync 2 DAGs
[2025-12-28T17:21:08.952+0000] {logging_mixin.py:188} INFO - [2025-12-28T17:21:08.952+0000] {dag.py:3954} INFO - Setting next_dagrun for update_db to 2025-12-28 15:00:00+00:00, run_after=2025-12-29 15:00:00+00:00
[2025-12-28T17:21:08.960+0000] {logging_mixin.py:188} INFO - [2025-12-28T17:21:08.960+0000] {dag.py:3954} INFO - Setting next_dagrun for youtube_video_stats to 2025-12-28 14:00:00+00:00, run_after=2025-12-29 14:00:00+00:00
[2025-12-28T17:21:08.987+0000] {processor.py:183} INFO - Processing /opt/airflow/dags/main.py took 0.311 seconds
[2025-12-28T17:21:39.193+0000] {processor.py:161} INFO - Started process (PID=19274) to work on /opt/airflow/dags/main.py
[2025-12-28T17:21:39.195+0000] {processor.py:830} INFO - Processing file /opt/airflow/dags/main.py for tasks to queue
[2025-12-28T17:21:39.196+0000] {logging_mixin.py:188} INFO - [2025-12-28T17:21:39.196+0000] {dagbag.py:545} INFO - Filling up the DagBag from /opt/airflow/dags/main.py
[2025-12-28T17:21:39.380+0000] {processor.py:840} INFO - DAG(s) 'update_db', 'youtube_video_stats' retrieved from /opt/airflow/dags/main.py
[2025-12-28T17:21:39.488+0000] {logging_mixin.py:188} INFO - [2025-12-28T17:21:39.488+0000] {dag.py:3096} INFO - Sync 2 DAGs
[2025-12-28T17:21:39.542+0000] {logging_mixin.py:188} INFO - [2025-12-28T17:21:39.541+0000] {dag.py:3954} INFO - Setting next_dagrun for update_db to 2025-12-28 15:00:00+00:00, run_after=2025-12-29 15:00:00+00:00
[2025-12-28T17:21:39.556+0000] {logging_mixin.py:188} INFO - [2025-12-28T17:21:39.555+0000] {dag.py:3954} INFO - Setting next_dagrun for youtube_video_stats to 2025-12-28 14:00:00+00:00, run_after=2025-12-29 14:00:00+00:00
[2025-12-28T17:21:39.601+0000] {processor.py:183} INFO - Processing /opt/airflow/dags/main.py took 0.417 seconds
[2025-12-28T17:22:09.844+0000] {processor.py:161} INFO - Started process (PID=19281) to work on /opt/airflow/dags/main.py
[2025-12-28T17:22:09.846+0000] {processor.py:830} INFO - Processing file /opt/airflow/dags/main.py for tasks to queue
[2025-12-28T17:22:09.848+0000] {logging_mixin.py:188} INFO - [2025-12-28T17:22:09.848+0000] {dagbag.py:545} INFO - Filling up the DagBag from /opt/airflow/dags/main.py
[2025-12-28T17:22:09.960+0000] {processor.py:840} INFO - DAG(s) 'youtube_video_stats', 'update_db' retrieved from /opt/airflow/dags/main.py
[2025-12-28T17:22:10.004+0000] {logging_mixin.py:188} INFO - [2025-12-28T17:22:10.004+0000] {dag.py:3096} INFO - Sync 2 DAGs
[2025-12-28T17:22:10.030+0000] {logging_mixin.py:188} INFO - [2025-12-28T17:22:10.030+0000] {dag.py:3954} INFO - Setting next_dagrun for update_db to 2025-12-28 15:00:00+00:00, run_after=2025-12-29 15:00:00+00:00
[2025-12-28T17:22:10.038+0000] {logging_mixin.py:188} INFO - [2025-12-28T17:22:10.037+0000] {dag.py:3954} INFO - Setting next_dagrun for youtube_video_stats to 2025-12-28 14:00:00+00:00, run_after=2025-12-29 14:00:00+00:00
[2025-12-28T17:22:10.061+0000] {processor.py:183} INFO - Processing /opt/airflow/dags/main.py took 0.225 seconds
[2025-12-28T17:22:40.289+0000] {processor.py:161} INFO - Started process (PID=19288) to work on /opt/airflow/dags/main.py
[2025-12-28T17:22:40.291+0000] {processor.py:830} INFO - Processing file /opt/airflow/dags/main.py for tasks to queue
[2025-12-28T17:22:40.293+0000] {logging_mixin.py:188} INFO - [2025-12-28T17:22:40.293+0000] {dagbag.py:545} INFO - Filling up the DagBag from /opt/airflow/dags/main.py
[2025-12-28T17:22:40.512+0000] {processor.py:840} INFO - DAG(s) 'youtube_video_stats', 'update_db' retrieved from /opt/airflow/dags/main.py
[2025-12-28T17:22:40.568+0000] {logging_mixin.py:188} INFO - [2025-12-28T17:22:40.568+0000] {dag.py:3096} INFO - Sync 2 DAGs
[2025-12-28T17:22:40.607+0000] {logging_mixin.py:188} INFO - [2025-12-28T17:22:40.606+0000] {dag.py:3954} INFO - Setting next_dagrun for update_db to 2025-12-28 15:00:00+00:00, run_after=2025-12-29 15:00:00+00:00
[2025-12-28T17:22:40.615+0000] {logging_mixin.py:188} INFO - [2025-12-28T17:22:40.615+0000] {dag.py:3954} INFO - Setting next_dagrun for youtube_video_stats to 2025-12-28 14:00:00+00:00, run_after=2025-12-29 14:00:00+00:00
[2025-12-28T17:22:40.644+0000] {processor.py:183} INFO - Processing /opt/airflow/dags/main.py took 0.367 seconds
[2025-12-28T17:23:10.795+0000] {processor.py:161} INFO - Started process (PID=19295) to work on /opt/airflow/dags/main.py
[2025-12-28T17:23:10.797+0000] {processor.py:830} INFO - Processing file /opt/airflow/dags/main.py for tasks to queue
[2025-12-28T17:23:10.800+0000] {logging_mixin.py:188} INFO - [2025-12-28T17:23:10.799+0000] {dagbag.py:545} INFO - Filling up the DagBag from /opt/airflow/dags/main.py
[2025-12-28T17:23:10.976+0000] {processor.py:840} INFO - DAG(s) 'update_db', 'youtube_video_stats' retrieved from /opt/airflow/dags/main.py
[2025-12-28T17:23:11.031+0000] {logging_mixin.py:188} INFO - [2025-12-28T17:23:11.031+0000] {dag.py:3096} INFO - Sync 2 DAGs
[2025-12-28T17:23:11.075+0000] {logging_mixin.py:188} INFO - [2025-12-28T17:23:11.075+0000] {dag.py:3954} INFO - Setting next_dagrun for update_db to 2025-12-28 15:00:00+00:00, run_after=2025-12-29 15:00:00+00:00
[2025-12-28T17:23:11.085+0000] {logging_mixin.py:188} INFO - [2025-12-28T17:23:11.085+0000] {dag.py:3954} INFO - Setting next_dagrun for youtube_video_stats to 2025-12-28 14:00:00+00:00, run_after=2025-12-29 14:00:00+00:00
[2025-12-28T17:23:11.112+0000] {processor.py:183} INFO - Processing /opt/airflow/dags/main.py took 0.340 seconds
[2025-12-28T17:23:41.357+0000] {processor.py:161} INFO - Started process (PID=19302) to work on /opt/airflow/dags/main.py
[2025-12-28T17:23:41.359+0000] {processor.py:830} INFO - Processing file /opt/airflow/dags/main.py for tasks to queue
[2025-12-28T17:23:41.363+0000] {logging_mixin.py:188} INFO - [2025-12-28T17:23:41.362+0000] {dagbag.py:545} INFO - Filling up the DagBag from /opt/airflow/dags/main.py
[2025-12-28T17:23:41.563+0000] {processor.py:840} INFO - DAG(s) 'youtube_video_stats', 'update_db' retrieved from /opt/airflow/dags/main.py
[2025-12-28T17:23:41.620+0000] {logging_mixin.py:188} INFO - [2025-12-28T17:23:41.620+0000] {dag.py:3096} INFO - Sync 2 DAGs
[2025-12-28T17:23:41.662+0000] {logging_mixin.py:188} INFO - [2025-12-28T17:23:41.662+0000] {dag.py:3954} INFO - Setting next_dagrun for update_db to 2025-12-28 15:00:00+00:00, run_after=2025-12-29 15:00:00+00:00
[2025-12-28T17:23:41.673+0000] {logging_mixin.py:188} INFO - [2025-12-28T17:23:41.673+0000] {dag.py:3954} INFO - Setting next_dagrun for youtube_video_stats to 2025-12-28 14:00:00+00:00, run_after=2025-12-29 14:00:00+00:00
[2025-12-28T17:23:41.716+0000] {processor.py:183} INFO - Processing /opt/airflow/dags/main.py took 0.378 seconds
[2025-12-28T17:24:11.985+0000] {processor.py:161} INFO - Started process (PID=19309) to work on /opt/airflow/dags/main.py
[2025-12-28T17:24:11.987+0000] {processor.py:830} INFO - Processing file /opt/airflow/dags/main.py for tasks to queue
[2025-12-28T17:24:11.991+0000] {logging_mixin.py:188} INFO - [2025-12-28T17:24:11.990+0000] {dagbag.py:545} INFO - Filling up the DagBag from /opt/airflow/dags/main.py
[2025-12-28T17:24:12.645+0000] {processor.py:840} INFO - DAG(s) 'youtube_video_stats', 'update_db' retrieved from /opt/airflow/dags/main.py
[2025-12-28T17:24:12.735+0000] {logging_mixin.py:188} INFO - [2025-12-28T17:24:12.735+0000] {dag.py:3096} INFO - Sync 2 DAGs
[2025-12-28T17:24:12.785+0000] {logging_mixin.py:188} INFO - [2025-12-28T17:24:12.785+0000] {dag.py:3954} INFO - Setting next_dagrun for update_db to 2025-12-28 15:00:00+00:00, run_after=2025-12-29 15:00:00+00:00
[2025-12-28T17:24:12.796+0000] {logging_mixin.py:188} INFO - [2025-12-28T17:24:12.795+0000] {dag.py:3954} INFO - Setting next_dagrun for youtube_video_stats to 2025-12-28 14:00:00+00:00, run_after=2025-12-29 14:00:00+00:00
[2025-12-28T17:24:12.831+0000] {processor.py:183} INFO - Processing /opt/airflow/dags/main.py took 0.867 seconds
[2025-12-28T17:24:43.062+0000] {processor.py:161} INFO - Started process (PID=19316) to work on /opt/airflow/dags/main.py
[2025-12-28T17:24:43.064+0000] {processor.py:830} INFO - Processing file /opt/airflow/dags/main.py for tasks to queue
[2025-12-28T17:24:43.066+0000] {logging_mixin.py:188} INFO - [2025-12-28T17:24:43.065+0000] {dagbag.py:545} INFO - Filling up the DagBag from /opt/airflow/dags/main.py
[2025-12-28T17:24:43.266+0000] {processor.py:840} INFO - DAG(s) 'update_db', 'youtube_video_stats' retrieved from /opt/airflow/dags/main.py
[2025-12-28T17:24:43.366+0000] {logging_mixin.py:188} INFO - [2025-12-28T17:24:43.361+0000] {dag.py:3096} INFO - Sync 2 DAGs
[2025-12-28T17:24:43.435+0000] {logging_mixin.py:188} INFO - [2025-12-28T17:24:43.435+0000] {dag.py:3954} INFO - Setting next_dagrun for update_db to 2025-12-28 15:00:00+00:00, run_after=2025-12-29 15:00:00+00:00
[2025-12-28T17:24:43.455+0000] {logging_mixin.py:188} INFO - [2025-12-28T17:24:43.455+0000] {dag.py:3954} INFO - Setting next_dagrun for youtube_video_stats to 2025-12-28 14:00:00+00:00, run_after=2025-12-29 14:00:00+00:00
[2025-12-28T17:24:43.510+0000] {processor.py:183} INFO - Processing /opt/airflow/dags/main.py took 0.467 seconds
[2025-12-28T17:25:13.736+0000] {processor.py:161} INFO - Started process (PID=19323) to work on /opt/airflow/dags/main.py
[2025-12-28T17:25:13.738+0000] {processor.py:830} INFO - Processing file /opt/airflow/dags/main.py for tasks to queue
[2025-12-28T17:25:13.739+0000] {logging_mixin.py:188} INFO - [2025-12-28T17:25:13.739+0000] {dagbag.py:545} INFO - Filling up the DagBag from /opt/airflow/dags/main.py
[2025-12-28T17:25:13.856+0000] {processor.py:840} INFO - DAG(s) 'youtube_video_stats', 'update_db' retrieved from /opt/airflow/dags/main.py
[2025-12-28T17:25:13.893+0000] {logging_mixin.py:188} INFO - [2025-12-28T17:25:13.893+0000] {dag.py:3096} INFO - Sync 2 DAGs
[2025-12-28T17:25:13.918+0000] {logging_mixin.py:188} INFO - [2025-12-28T17:25:13.918+0000] {dag.py:3954} INFO - Setting next_dagrun for update_db to 2025-12-28 15:00:00+00:00, run_after=2025-12-29 15:00:00+00:00
[2025-12-28T17:25:13.925+0000] {logging_mixin.py:188} INFO - [2025-12-28T17:25:13.924+0000] {dag.py:3954} INFO - Setting next_dagrun for youtube_video_stats to 2025-12-28 14:00:00+00:00, run_after=2025-12-29 14:00:00+00:00
[2025-12-28T17:25:13.946+0000] {processor.py:183} INFO - Processing /opt/airflow/dags/main.py took 0.217 seconds
[2025-12-28T17:25:44.081+0000] {processor.py:161} INFO - Started process (PID=19330) to work on /opt/airflow/dags/main.py
[2025-12-28T17:25:44.082+0000] {processor.py:830} INFO - Processing file /opt/airflow/dags/main.py for tasks to queue
[2025-12-28T17:25:44.083+0000] {logging_mixin.py:188} INFO - [2025-12-28T17:25:44.083+0000] {dagbag.py:545} INFO - Filling up the DagBag from /opt/airflow/dags/main.py
[2025-12-28T17:25:44.183+0000] {processor.py:840} INFO - DAG(s) 'update_db', 'youtube_video_stats' retrieved from /opt/airflow/dags/main.py
[2025-12-28T17:25:44.227+0000] {logging_mixin.py:188} INFO - [2025-12-28T17:25:44.227+0000] {dag.py:3096} INFO - Sync 2 DAGs
[2025-12-28T17:25:44.258+0000] {logging_mixin.py:188} INFO - [2025-12-28T17:25:44.258+0000] {dag.py:3954} INFO - Setting next_dagrun for update_db to 2025-12-28 15:00:00+00:00, run_after=2025-12-29 15:00:00+00:00
[2025-12-28T17:25:44.265+0000] {logging_mixin.py:188} INFO - [2025-12-28T17:25:44.265+0000] {dag.py:3954} INFO - Setting next_dagrun for youtube_video_stats to 2025-12-28 14:00:00+00:00, run_after=2025-12-29 14:00:00+00:00
[2025-12-28T17:25:44.290+0000] {processor.py:183} INFO - Processing /opt/airflow/dags/main.py took 0.216 seconds
[2025-12-28T17:26:14.509+0000] {processor.py:161} INFO - Started process (PID=19337) to work on /opt/airflow/dags/main.py
[2025-12-28T17:26:14.510+0000] {processor.py:830} INFO - Processing file /opt/airflow/dags/main.py for tasks to queue
[2025-12-28T17:26:14.511+0000] {logging_mixin.py:188} INFO - [2025-12-28T17:26:14.511+0000] {dagbag.py:545} INFO - Filling up the DagBag from /opt/airflow/dags/main.py
[2025-12-28T17:26:14.646+0000] {processor.py:840} INFO - DAG(s) 'update_db', 'youtube_video_stats' retrieved from /opt/airflow/dags/main.py
[2025-12-28T17:26:14.695+0000] {logging_mixin.py:188} INFO - [2025-12-28T17:26:14.695+0000] {dag.py:3096} INFO - Sync 2 DAGs
[2025-12-28T17:26:14.724+0000] {logging_mixin.py:188} INFO - [2025-12-28T17:26:14.723+0000] {dag.py:3954} INFO - Setting next_dagrun for update_db to 2025-12-28 15:00:00+00:00, run_after=2025-12-29 15:00:00+00:00
[2025-12-28T17:26:14.732+0000] {logging_mixin.py:188} INFO - [2025-12-28T17:26:14.732+0000] {dag.py:3954} INFO - Setting next_dagrun for youtube_video_stats to 2025-12-28 14:00:00+00:00, run_after=2025-12-29 14:00:00+00:00
[2025-12-28T17:26:14.755+0000] {processor.py:183} INFO - Processing /opt/airflow/dags/main.py took 0.253 seconds
[2025-12-28T17:26:44.962+0000] {processor.py:161} INFO - Started process (PID=19344) to work on /opt/airflow/dags/main.py
[2025-12-28T17:26:44.963+0000] {processor.py:830} INFO - Processing file /opt/airflow/dags/main.py for tasks to queue
[2025-12-28T17:26:44.964+0000] {logging_mixin.py:188} INFO - [2025-12-28T17:26:44.964+0000] {dagbag.py:545} INFO - Filling up the DagBag from /opt/airflow/dags/main.py
[2025-12-28T17:26:45.074+0000] {processor.py:840} INFO - DAG(s) 'update_db', 'youtube_video_stats' retrieved from /opt/airflow/dags/main.py
[2025-12-28T17:26:45.111+0000] {logging_mixin.py:188} INFO - [2025-12-28T17:26:45.111+0000] {dag.py:3096} INFO - Sync 2 DAGs
[2025-12-28T17:26:45.139+0000] {logging_mixin.py:188} INFO - [2025-12-28T17:26:45.139+0000] {dag.py:3954} INFO - Setting next_dagrun for update_db to 2025-12-28 15:00:00+00:00, run_after=2025-12-29 15:00:00+00:00
[2025-12-28T17:26:45.146+0000] {logging_mixin.py:188} INFO - [2025-12-28T17:26:45.145+0000] {dag.py:3954} INFO - Setting next_dagrun for youtube_video_stats to 2025-12-28 14:00:00+00:00, run_after=2025-12-29 14:00:00+00:00
[2025-12-28T17:26:45.171+0000] {processor.py:183} INFO - Processing /opt/airflow/dags/main.py took 0.217 seconds
[2025-12-28T17:27:15.368+0000] {processor.py:161} INFO - Started process (PID=19351) to work on /opt/airflow/dags/main.py
[2025-12-28T17:27:15.370+0000] {processor.py:830} INFO - Processing file /opt/airflow/dags/main.py for tasks to queue
[2025-12-28T17:27:15.371+0000] {logging_mixin.py:188} INFO - [2025-12-28T17:27:15.371+0000] {dagbag.py:545} INFO - Filling up the DagBag from /opt/airflow/dags/main.py
[2025-12-28T17:27:15.509+0000] {processor.py:840} INFO - DAG(s) 'youtube_video_stats', 'update_db' retrieved from /opt/airflow/dags/main.py
[2025-12-28T17:27:15.563+0000] {logging_mixin.py:188} INFO - [2025-12-28T17:27:15.562+0000] {dag.py:3096} INFO - Sync 2 DAGs
[2025-12-28T17:27:15.605+0000] {logging_mixin.py:188} INFO - [2025-12-28T17:27:15.605+0000] {dag.py:3954} INFO - Setting next_dagrun for update_db to 2025-12-28 15:00:00+00:00, run_after=2025-12-29 15:00:00+00:00
[2025-12-28T17:27:15.612+0000] {logging_mixin.py:188} INFO - [2025-12-28T17:27:15.612+0000] {dag.py:3954} INFO - Setting next_dagrun for youtube_video_stats to 2025-12-28 14:00:00+00:00, run_after=2025-12-29 14:00:00+00:00
[2025-12-28T17:27:15.641+0000] {processor.py:183} INFO - Processing /opt/airflow/dags/main.py took 0.281 seconds
[2025-12-28T17:27:45.857+0000] {processor.py:161} INFO - Started process (PID=19358) to work on /opt/airflow/dags/main.py
[2025-12-28T17:27:45.859+0000] {processor.py:830} INFO - Processing file /opt/airflow/dags/main.py for tasks to queue
[2025-12-28T17:27:45.860+0000] {logging_mixin.py:188} INFO - [2025-12-28T17:27:45.860+0000] {dagbag.py:545} INFO - Filling up the DagBag from /opt/airflow/dags/main.py
[2025-12-28T17:27:46.048+0000] {processor.py:840} INFO - DAG(s) 'youtube_video_stats', 'update_db' retrieved from /opt/airflow/dags/main.py
[2025-12-28T17:27:46.128+0000] {logging_mixin.py:188} INFO - [2025-12-28T17:27:46.128+0000] {dag.py:3096} INFO - Sync 2 DAGs
[2025-12-28T17:27:46.166+0000] {logging_mixin.py:188} INFO - [2025-12-28T17:27:46.166+0000] {dag.py:3954} INFO - Setting next_dagrun for update_db to 2025-12-28 15:00:00+00:00, run_after=2025-12-29 15:00:00+00:00
[2025-12-28T17:27:46.177+0000] {logging_mixin.py:188} INFO - [2025-12-28T17:27:46.177+0000] {dag.py:3954} INFO - Setting next_dagrun for youtube_video_stats to 2025-12-28 14:00:00+00:00, run_after=2025-12-29 14:00:00+00:00
[2025-12-28T17:27:46.212+0000] {processor.py:183} INFO - Processing /opt/airflow/dags/main.py took 0.364 seconds
[2025-12-28T17:28:16.429+0000] {processor.py:161} INFO - Started process (PID=19365) to work on /opt/airflow/dags/main.py
[2025-12-28T17:28:16.431+0000] {processor.py:830} INFO - Processing file /opt/airflow/dags/main.py for tasks to queue
[2025-12-28T17:28:16.433+0000] {logging_mixin.py:188} INFO - [2025-12-28T17:28:16.432+0000] {dagbag.py:545} INFO - Filling up the DagBag from /opt/airflow/dags/main.py
[2025-12-28T17:28:16.593+0000] {processor.py:840} INFO - DAG(s) 'update_db', 'youtube_video_stats' retrieved from /opt/airflow/dags/main.py
[2025-12-28T17:28:16.645+0000] {logging_mixin.py:188} INFO - [2025-12-28T17:28:16.645+0000] {dag.py:3096} INFO - Sync 2 DAGs
[2025-12-28T17:28:16.682+0000] {logging_mixin.py:188} INFO - [2025-12-28T17:28:16.682+0000] {dag.py:3954} INFO - Setting next_dagrun for update_db to 2025-12-28 15:00:00+00:00, run_after=2025-12-29 15:00:00+00:00
[2025-12-28T17:28:16.690+0000] {logging_mixin.py:188} INFO - [2025-12-28T17:28:16.690+0000] {dag.py:3954} INFO - Setting next_dagrun for youtube_video_stats to 2025-12-28 14:00:00+00:00, run_after=2025-12-29 14:00:00+00:00
[2025-12-28T17:28:16.724+0000] {processor.py:183} INFO - Processing /opt/airflow/dags/main.py took 0.307 seconds
[2025-12-28T17:28:46.927+0000] {processor.py:161} INFO - Started process (PID=19372) to work on /opt/airflow/dags/main.py
[2025-12-28T17:28:46.928+0000] {processor.py:830} INFO - Processing file /opt/airflow/dags/main.py for tasks to queue
[2025-12-28T17:28:46.929+0000] {logging_mixin.py:188} INFO - [2025-12-28T17:28:46.929+0000] {dagbag.py:545} INFO - Filling up the DagBag from /opt/airflow/dags/main.py
[2025-12-28T17:28:47.029+0000] {processor.py:840} INFO - DAG(s) 'update_db', 'youtube_video_stats' retrieved from /opt/airflow/dags/main.py
[2025-12-28T17:28:47.066+0000] {logging_mixin.py:188} INFO - [2025-12-28T17:28:47.066+0000] {dag.py:3096} INFO - Sync 2 DAGs
[2025-12-28T17:28:47.092+0000] {logging_mixin.py:188} INFO - [2025-12-28T17:28:47.091+0000] {dag.py:3954} INFO - Setting next_dagrun for update_db to 2025-12-28 15:00:00+00:00, run_after=2025-12-29 15:00:00+00:00
[2025-12-28T17:28:47.098+0000] {logging_mixin.py:188} INFO - [2025-12-28T17:28:47.098+0000] {dag.py:3954} INFO - Setting next_dagrun for youtube_video_stats to 2025-12-28 14:00:00+00:00, run_after=2025-12-29 14:00:00+00:00
[2025-12-28T17:28:47.122+0000] {processor.py:183} INFO - Processing /opt/airflow/dags/main.py took 0.202 seconds
[2025-12-28T17:29:17.321+0000] {processor.py:161} INFO - Started process (PID=19379) to work on /opt/airflow/dags/main.py
[2025-12-28T17:29:17.323+0000] {processor.py:830} INFO - Processing file /opt/airflow/dags/main.py for tasks to queue
[2025-12-28T17:29:17.325+0000] {logging_mixin.py:188} INFO - [2025-12-28T17:29:17.325+0000] {dagbag.py:545} INFO - Filling up the DagBag from /opt/airflow/dags/main.py
[2025-12-28T17:29:17.516+0000] {processor.py:840} INFO - DAG(s) 'youtube_video_stats', 'update_db' retrieved from /opt/airflow/dags/main.py
[2025-12-28T17:29:17.581+0000] {logging_mixin.py:188} INFO - [2025-12-28T17:29:17.580+0000] {dag.py:3096} INFO - Sync 2 DAGs
[2025-12-28T17:29:17.623+0000] {logging_mixin.py:188} INFO - [2025-12-28T17:29:17.623+0000] {dag.py:3954} INFO - Setting next_dagrun for update_db to 2025-12-28 15:00:00+00:00, run_after=2025-12-29 15:00:00+00:00
[2025-12-28T17:29:17.632+0000] {logging_mixin.py:188} INFO - [2025-12-28T17:29:17.632+0000] {dag.py:3954} INFO - Setting next_dagrun for youtube_video_stats to 2025-12-28 14:00:00+00:00, run_after=2025-12-29 14:00:00+00:00
[2025-12-28T17:29:17.659+0000] {processor.py:183} INFO - Processing /opt/airflow/dags/main.py took 0.350 seconds
[2025-12-28T17:29:47.880+0000] {processor.py:161} INFO - Started process (PID=19386) to work on /opt/airflow/dags/main.py
[2025-12-28T17:29:47.881+0000] {processor.py:830} INFO - Processing file /opt/airflow/dags/main.py for tasks to queue
[2025-12-28T17:29:47.883+0000] {logging_mixin.py:188} INFO - [2025-12-28T17:29:47.882+0000] {dagbag.py:545} INFO - Filling up the DagBag from /opt/airflow/dags/main.py
[2025-12-28T17:29:47.993+0000] {processor.py:840} INFO - DAG(s) 'youtube_video_stats', 'update_db' retrieved from /opt/airflow/dags/main.py
[2025-12-28T17:29:48.035+0000] {logging_mixin.py:188} INFO - [2025-12-28T17:29:48.035+0000] {dag.py:3096} INFO - Sync 2 DAGs
[2025-12-28T17:29:48.067+0000] {logging_mixin.py:188} INFO - [2025-12-28T17:29:48.067+0000] {dag.py:3954} INFO - Setting next_dagrun for update_db to 2025-12-28 15:00:00+00:00, run_after=2025-12-29 15:00:00+00:00
[2025-12-28T17:29:48.074+0000] {logging_mixin.py:188} INFO - [2025-12-28T17:29:48.074+0000] {dag.py:3954} INFO - Setting next_dagrun for youtube_video_stats to 2025-12-28 14:00:00+00:00, run_after=2025-12-29 14:00:00+00:00
[2025-12-28T17:29:48.095+0000] {processor.py:183} INFO - Processing /opt/airflow/dags/main.py took 0.223 seconds
[2025-12-28T17:30:18.254+0000] {processor.py:161} INFO - Started process (PID=19393) to work on /opt/airflow/dags/main.py
[2025-12-28T17:30:18.256+0000] {processor.py:830} INFO - Processing file /opt/airflow/dags/main.py for tasks to queue
[2025-12-28T17:30:18.257+0000] {logging_mixin.py:188} INFO - [2025-12-28T17:30:18.256+0000] {dagbag.py:545} INFO - Filling up the DagBag from /opt/airflow/dags/main.py
[2025-12-28T17:30:18.353+0000] {processor.py:840} INFO - DAG(s) 'update_db', 'youtube_video_stats' retrieved from /opt/airflow/dags/main.py
[2025-12-28T17:30:18.389+0000] {logging_mixin.py:188} INFO - [2025-12-28T17:30:18.389+0000] {dag.py:3096} INFO - Sync 2 DAGs
[2025-12-28T17:30:18.416+0000] {logging_mixin.py:188} INFO - [2025-12-28T17:30:18.416+0000] {dag.py:3954} INFO - Setting next_dagrun for update_db to 2025-12-28 15:00:00+00:00, run_after=2025-12-29 15:00:00+00:00
[2025-12-28T17:30:18.422+0000] {logging_mixin.py:188} INFO - [2025-12-28T17:30:18.422+0000] {dag.py:3954} INFO - Setting next_dagrun for youtube_video_stats to 2025-12-28 14:00:00+00:00, run_after=2025-12-29 14:00:00+00:00
[2025-12-28T17:30:18.446+0000] {processor.py:183} INFO - Processing /opt/airflow/dags/main.py took 0.200 seconds
[2025-12-28T17:30:48.549+0000] {processor.py:161} INFO - Started process (PID=19400) to work on /opt/airflow/dags/main.py
[2025-12-28T17:30:48.551+0000] {processor.py:830} INFO - Processing file /opt/airflow/dags/main.py for tasks to queue
[2025-12-28T17:30:48.552+0000] {logging_mixin.py:188} INFO - [2025-12-28T17:30:48.551+0000] {dagbag.py:545} INFO - Filling up the DagBag from /opt/airflow/dags/main.py
[2025-12-28T17:30:48.700+0000] {processor.py:840} INFO - DAG(s) 'youtube_video_stats', 'update_db' retrieved from /opt/airflow/dags/main.py
[2025-12-28T17:30:48.744+0000] {logging_mixin.py:188} INFO - [2025-12-28T17:30:48.744+0000] {dag.py:3096} INFO - Sync 2 DAGs
[2025-12-28T17:30:48.777+0000] {logging_mixin.py:188} INFO - [2025-12-28T17:30:48.777+0000] {dag.py:3954} INFO - Setting next_dagrun for update_db to 2025-12-28 15:00:00+00:00, run_after=2025-12-29 15:00:00+00:00
[2025-12-28T17:30:48.785+0000] {logging_mixin.py:188} INFO - [2025-12-28T17:30:48.785+0000] {dag.py:3954} INFO - Setting next_dagrun for youtube_video_stats to 2025-12-28 14:00:00+00:00, run_after=2025-12-29 14:00:00+00:00
[2025-12-28T17:30:48.812+0000] {processor.py:183} INFO - Processing /opt/airflow/dags/main.py took 0.270 seconds
[2025-12-28T17:31:18.999+0000] {processor.py:161} INFO - Started process (PID=19407) to work on /opt/airflow/dags/main.py
[2025-12-28T17:31:19.000+0000] {processor.py:830} INFO - Processing file /opt/airflow/dags/main.py for tasks to queue
[2025-12-28T17:31:19.001+0000] {logging_mixin.py:188} INFO - [2025-12-28T17:31:19.001+0000] {dagbag.py:545} INFO - Filling up the DagBag from /opt/airflow/dags/main.py
[2025-12-28T17:31:19.115+0000] {processor.py:840} INFO - DAG(s) 'update_db', 'youtube_video_stats' retrieved from /opt/airflow/dags/main.py
[2025-12-28T17:31:19.151+0000] {logging_mixin.py:188} INFO - [2025-12-28T17:31:19.150+0000] {dag.py:3096} INFO - Sync 2 DAGs
[2025-12-28T17:31:19.175+0000] {logging_mixin.py:188} INFO - [2025-12-28T17:31:19.174+0000] {dag.py:3954} INFO - Setting next_dagrun for update_db to 2025-12-28 15:00:00+00:00, run_after=2025-12-29 15:00:00+00:00
[2025-12-28T17:31:19.180+0000] {logging_mixin.py:188} INFO - [2025-12-28T17:31:19.180+0000] {dag.py:3954} INFO - Setting next_dagrun for youtube_video_stats to 2025-12-28 14:00:00+00:00, run_after=2025-12-29 14:00:00+00:00
[2025-12-28T17:31:19.201+0000] {processor.py:183} INFO - Processing /opt/airflow/dags/main.py took 0.209 seconds
[2025-12-28T17:31:49.393+0000] {processor.py:161} INFO - Started process (PID=19414) to work on /opt/airflow/dags/main.py
[2025-12-28T17:31:49.394+0000] {processor.py:830} INFO - Processing file /opt/airflow/dags/main.py for tasks to queue
[2025-12-28T17:31:49.397+0000] {logging_mixin.py:188} INFO - [2025-12-28T17:31:49.396+0000] {dagbag.py:545} INFO - Filling up the DagBag from /opt/airflow/dags/main.py
[2025-12-28T17:31:49.526+0000] {processor.py:840} INFO - DAG(s) 'youtube_video_stats', 'update_db' retrieved from /opt/airflow/dags/main.py
[2025-12-28T17:31:49.572+0000] {logging_mixin.py:188} INFO - [2025-12-28T17:31:49.571+0000] {dag.py:3096} INFO - Sync 2 DAGs
[2025-12-28T17:31:49.603+0000] {logging_mixin.py:188} INFO - [2025-12-28T17:31:49.603+0000] {dag.py:3954} INFO - Setting next_dagrun for update_db to 2025-12-28 15:00:00+00:00, run_after=2025-12-29 15:00:00+00:00
[2025-12-28T17:31:49.610+0000] {logging_mixin.py:188} INFO - [2025-12-28T17:31:49.610+0000] {dag.py:3954} INFO - Setting next_dagrun for youtube_video_stats to 2025-12-28 14:00:00+00:00, run_after=2025-12-29 14:00:00+00:00
[2025-12-28T17:31:49.636+0000] {processor.py:183} INFO - Processing /opt/airflow/dags/main.py took 0.253 seconds
[2025-12-28T17:32:19.832+0000] {processor.py:161} INFO - Started process (PID=19421) to work on /opt/airflow/dags/main.py
[2025-12-28T17:32:19.833+0000] {processor.py:830} INFO - Processing file /opt/airflow/dags/main.py for tasks to queue
[2025-12-28T17:32:19.834+0000] {logging_mixin.py:188} INFO - [2025-12-28T17:32:19.834+0000] {dagbag.py:545} INFO - Filling up the DagBag from /opt/airflow/dags/main.py
[2025-12-28T17:32:19.948+0000] {processor.py:840} INFO - DAG(s) 'youtube_video_stats', 'update_db' retrieved from /opt/airflow/dags/main.py
[2025-12-28T17:32:19.985+0000] {logging_mixin.py:188} INFO - [2025-12-28T17:32:19.984+0000] {dag.py:3096} INFO - Sync 2 DAGs
[2025-12-28T17:32:20.013+0000] {logging_mixin.py:188} INFO - [2025-12-28T17:32:20.013+0000] {dag.py:3954} INFO - Setting next_dagrun for update_db to 2025-12-28 15:00:00+00:00, run_after=2025-12-29 15:00:00+00:00
[2025-12-28T17:32:20.020+0000] {logging_mixin.py:188} INFO - [2025-12-28T17:32:20.019+0000] {dag.py:3954} INFO - Setting next_dagrun for youtube_video_stats to 2025-12-28 14:00:00+00:00, run_after=2025-12-29 14:00:00+00:00
[2025-12-28T17:32:20.045+0000] {processor.py:183} INFO - Processing /opt/airflow/dags/main.py took 0.220 seconds
[2025-12-28T17:32:50.242+0000] {processor.py:161} INFO - Started process (PID=19428) to work on /opt/airflow/dags/main.py
[2025-12-28T17:32:50.244+0000] {processor.py:830} INFO - Processing file /opt/airflow/dags/main.py for tasks to queue
[2025-12-28T17:32:50.245+0000] {logging_mixin.py:188} INFO - [2025-12-28T17:32:50.245+0000] {dagbag.py:545} INFO - Filling up the DagBag from /opt/airflow/dags/main.py
[2025-12-28T17:32:50.373+0000] {processor.py:840} INFO - DAG(s) 'youtube_video_stats', 'update_db' retrieved from /opt/airflow/dags/main.py
[2025-12-28T17:32:50.413+0000] {logging_mixin.py:188} INFO - [2025-12-28T17:32:50.413+0000] {dag.py:3096} INFO - Sync 2 DAGs
[2025-12-28T17:32:50.441+0000] {logging_mixin.py:188} INFO - [2025-12-28T17:32:50.440+0000] {dag.py:3954} INFO - Setting next_dagrun for update_db to 2025-12-28 15:00:00+00:00, run_after=2025-12-29 15:00:00+00:00
[2025-12-28T17:32:50.449+0000] {logging_mixin.py:188} INFO - [2025-12-28T17:32:50.449+0000] {dag.py:3954} INFO - Setting next_dagrun for youtube_video_stats to 2025-12-28 14:00:00+00:00, run_after=2025-12-29 14:00:00+00:00
[2025-12-28T17:32:50.470+0000] {processor.py:183} INFO - Processing /opt/airflow/dags/main.py took 0.236 seconds
[2025-12-28T17:33:20.556+0000] {processor.py:161} INFO - Started process (PID=19436) to work on /opt/airflow/dags/main.py
[2025-12-28T17:33:20.557+0000] {processor.py:830} INFO - Processing file /opt/airflow/dags/main.py for tasks to queue
[2025-12-28T17:33:20.559+0000] {logging_mixin.py:188} INFO - [2025-12-28T17:33:20.558+0000] {dagbag.py:545} INFO - Filling up the DagBag from /opt/airflow/dags/main.py
[2025-12-28T17:33:20.688+0000] {processor.py:840} INFO - DAG(s) 'youtube_video_stats', 'update_db' retrieved from /opt/airflow/dags/main.py
[2025-12-28T17:33:20.730+0000] {logging_mixin.py:188} INFO - [2025-12-28T17:33:20.730+0000] {dag.py:3096} INFO - Sync 2 DAGs
[2025-12-28T17:33:20.758+0000] {logging_mixin.py:188} INFO - [2025-12-28T17:33:20.758+0000] {dag.py:3954} INFO - Setting next_dagrun for update_db to 2025-12-28 15:00:00+00:00, run_after=2025-12-29 15:00:00+00:00
[2025-12-28T17:33:20.765+0000] {logging_mixin.py:188} INFO - [2025-12-28T17:33:20.765+0000] {dag.py:3954} INFO - Setting next_dagrun for youtube_video_stats to 2025-12-28 14:00:00+00:00, run_after=2025-12-29 14:00:00+00:00
[2025-12-28T17:33:20.792+0000] {processor.py:183} INFO - Processing /opt/airflow/dags/main.py took 0.242 seconds
[2025-12-28T17:33:51.018+0000] {processor.py:161} INFO - Started process (PID=19443) to work on /opt/airflow/dags/main.py
[2025-12-28T17:33:51.020+0000] {processor.py:830} INFO - Processing file /opt/airflow/dags/main.py for tasks to queue
[2025-12-28T17:33:51.021+0000] {logging_mixin.py:188} INFO - [2025-12-28T17:33:51.020+0000] {dagbag.py:545} INFO - Filling up the DagBag from /opt/airflow/dags/main.py
[2025-12-28T17:33:51.123+0000] {processor.py:840} INFO - DAG(s) 'youtube_video_stats', 'update_db' retrieved from /opt/airflow/dags/main.py
[2025-12-28T17:33:51.158+0000] {logging_mixin.py:188} INFO - [2025-12-28T17:33:51.158+0000] {dag.py:3096} INFO - Sync 2 DAGs
[2025-12-28T17:33:51.191+0000] {logging_mixin.py:188} INFO - [2025-12-28T17:33:51.191+0000] {dag.py:3954} INFO - Setting next_dagrun for update_db to 2025-12-28 15:00:00+00:00, run_after=2025-12-29 15:00:00+00:00
[2025-12-28T17:33:51.198+0000] {logging_mixin.py:188} INFO - [2025-12-28T17:33:51.198+0000] {dag.py:3954} INFO - Setting next_dagrun for youtube_video_stats to 2025-12-28 14:00:00+00:00, run_after=2025-12-29 14:00:00+00:00
[2025-12-28T17:33:51.221+0000] {processor.py:183} INFO - Processing /opt/airflow/dags/main.py took 0.209 seconds
[2025-12-28T17:34:21.427+0000] {processor.py:161} INFO - Started process (PID=19450) to work on /opt/airflow/dags/main.py
[2025-12-28T17:34:21.429+0000] {processor.py:830} INFO - Processing file /opt/airflow/dags/main.py for tasks to queue
[2025-12-28T17:34:21.431+0000] {logging_mixin.py:188} INFO - [2025-12-28T17:34:21.430+0000] {dagbag.py:545} INFO - Filling up the DagBag from /opt/airflow/dags/main.py
[2025-12-28T17:34:21.551+0000] {processor.py:840} INFO - DAG(s) 'update_db', 'youtube_video_stats' retrieved from /opt/airflow/dags/main.py
[2025-12-28T17:34:21.593+0000] {logging_mixin.py:188} INFO - [2025-12-28T17:34:21.593+0000] {dag.py:3096} INFO - Sync 2 DAGs
[2025-12-28T17:34:21.624+0000] {logging_mixin.py:188} INFO - [2025-12-28T17:34:21.623+0000] {dag.py:3954} INFO - Setting next_dagrun for update_db to 2025-12-28 15:00:00+00:00, run_after=2025-12-29 15:00:00+00:00
[2025-12-28T17:34:21.631+0000] {logging_mixin.py:188} INFO - [2025-12-28T17:34:21.630+0000] {dag.py:3954} INFO - Setting next_dagrun for youtube_video_stats to 2025-12-28 14:00:00+00:00, run_after=2025-12-29 14:00:00+00:00
[2025-12-28T17:34:21.655+0000] {processor.py:183} INFO - Processing /opt/airflow/dags/main.py took 0.236 seconds
[2025-12-28T17:34:51.877+0000] {processor.py:161} INFO - Started process (PID=19457) to work on /opt/airflow/dags/main.py
[2025-12-28T17:34:51.878+0000] {processor.py:830} INFO - Processing file /opt/airflow/dags/main.py for tasks to queue
[2025-12-28T17:34:51.879+0000] {logging_mixin.py:188} INFO - [2025-12-28T17:34:51.879+0000] {dagbag.py:545} INFO - Filling up the DagBag from /opt/airflow/dags/main.py
[2025-12-28T17:34:51.994+0000] {processor.py:840} INFO - DAG(s) 'update_db', 'youtube_video_stats' retrieved from /opt/airflow/dags/main.py
[2025-12-28T17:34:52.036+0000] {logging_mixin.py:188} INFO - [2025-12-28T17:34:52.035+0000] {dag.py:3096} INFO - Sync 2 DAGs
[2025-12-28T17:34:52.063+0000] {logging_mixin.py:188} INFO - [2025-12-28T17:34:52.063+0000] {dag.py:3954} INFO - Setting next_dagrun for update_db to 2025-12-28 15:00:00+00:00, run_after=2025-12-29 15:00:00+00:00
[2025-12-28T17:34:52.072+0000] {logging_mixin.py:188} INFO - [2025-12-28T17:34:52.072+0000] {dag.py:3954} INFO - Setting next_dagrun for youtube_video_stats to 2025-12-28 14:00:00+00:00, run_after=2025-12-29 14:00:00+00:00
[2025-12-28T17:34:52.098+0000] {processor.py:183} INFO - Processing /opt/airflow/dags/main.py took 0.228 seconds
[2025-12-28T17:35:22.292+0000] {processor.py:161} INFO - Started process (PID=19465) to work on /opt/airflow/dags/main.py
[2025-12-28T17:35:22.293+0000] {processor.py:830} INFO - Processing file /opt/airflow/dags/main.py for tasks to queue
[2025-12-28T17:35:22.294+0000] {logging_mixin.py:188} INFO - [2025-12-28T17:35:22.294+0000] {dagbag.py:545} INFO - Filling up the DagBag from /opt/airflow/dags/main.py
[2025-12-28T17:35:22.405+0000] {processor.py:840} INFO - DAG(s) 'update_db', 'youtube_video_stats' retrieved from /opt/airflow/dags/main.py
[2025-12-28T17:35:22.445+0000] {logging_mixin.py:188} INFO - [2025-12-28T17:35:22.444+0000] {dag.py:3096} INFO - Sync 2 DAGs
[2025-12-28T17:35:22.471+0000] {logging_mixin.py:188} INFO - [2025-12-28T17:35:22.470+0000] {dag.py:3954} INFO - Setting next_dagrun for update_db to 2025-12-28 15:00:00+00:00, run_after=2025-12-29 15:00:00+00:00
[2025-12-28T17:35:22.477+0000] {logging_mixin.py:188} INFO - [2025-12-28T17:35:22.477+0000] {dag.py:3954} INFO - Setting next_dagrun for youtube_video_stats to 2025-12-28 14:00:00+00:00, run_after=2025-12-29 14:00:00+00:00
[2025-12-28T17:35:22.498+0000] {processor.py:183} INFO - Processing /opt/airflow/dags/main.py took 0.214 seconds
[2025-12-28T17:35:52.697+0000] {processor.py:161} INFO - Started process (PID=19472) to work on /opt/airflow/dags/main.py
[2025-12-28T17:35:52.699+0000] {processor.py:830} INFO - Processing file /opt/airflow/dags/main.py for tasks to queue
[2025-12-28T17:35:52.700+0000] {logging_mixin.py:188} INFO - [2025-12-28T17:35:52.700+0000] {dagbag.py:545} INFO - Filling up the DagBag from /opt/airflow/dags/main.py
[2025-12-28T17:35:52.854+0000] {processor.py:840} INFO - DAG(s) 'youtube_video_stats', 'update_db' retrieved from /opt/airflow/dags/main.py
[2025-12-28T17:35:52.910+0000] {logging_mixin.py:188} INFO - [2025-12-28T17:35:52.910+0000] {dag.py:3096} INFO - Sync 2 DAGs
[2025-12-28T17:35:52.958+0000] {logging_mixin.py:188} INFO - [2025-12-28T17:35:52.957+0000] {dag.py:3954} INFO - Setting next_dagrun for update_db to 2025-12-28 15:00:00+00:00, run_after=2025-12-29 15:00:00+00:00
[2025-12-28T17:35:52.966+0000] {logging_mixin.py:188} INFO - [2025-12-28T17:35:52.966+0000] {dag.py:3954} INFO - Setting next_dagrun for youtube_video_stats to 2025-12-28 14:00:00+00:00, run_after=2025-12-29 14:00:00+00:00
[2025-12-28T17:35:52.997+0000] {processor.py:183} INFO - Processing /opt/airflow/dags/main.py took 0.314 seconds
[2025-12-28T17:36:23.208+0000] {processor.py:161} INFO - Started process (PID=19479) to work on /opt/airflow/dags/main.py
[2025-12-28T17:36:23.210+0000] {processor.py:830} INFO - Processing file /opt/airflow/dags/main.py for tasks to queue
[2025-12-28T17:36:23.211+0000] {logging_mixin.py:188} INFO - [2025-12-28T17:36:23.211+0000] {dagbag.py:545} INFO - Filling up the DagBag from /opt/airflow/dags/main.py
[2025-12-28T17:36:23.321+0000] {processor.py:840} INFO - DAG(s) 'youtube_video_stats', 'update_db' retrieved from /opt/airflow/dags/main.py
[2025-12-28T17:36:23.362+0000] {logging_mixin.py:188} INFO - [2025-12-28T17:36:23.362+0000] {dag.py:3096} INFO - Sync 2 DAGs
[2025-12-28T17:36:23.390+0000] {logging_mixin.py:188} INFO - [2025-12-28T17:36:23.390+0000] {dag.py:3954} INFO - Setting next_dagrun for update_db to 2025-12-28 15:00:00+00:00, run_after=2025-12-29 15:00:00+00:00
[2025-12-28T17:36:23.399+0000] {logging_mixin.py:188} INFO - [2025-12-28T17:36:23.398+0000] {dag.py:3954} INFO - Setting next_dagrun for youtube_video_stats to 2025-12-28 14:00:00+00:00, run_after=2025-12-29 14:00:00+00:00
[2025-12-28T17:36:23.426+0000] {processor.py:183} INFO - Processing /opt/airflow/dags/main.py took 0.227 seconds
[2025-12-28T17:36:53.687+0000] {processor.py:161} INFO - Started process (PID=19486) to work on /opt/airflow/dags/main.py
[2025-12-28T17:36:53.689+0000] {processor.py:830} INFO - Processing file /opt/airflow/dags/main.py for tasks to queue
[2025-12-28T17:36:53.690+0000] {logging_mixin.py:188} INFO - [2025-12-28T17:36:53.690+0000] {dagbag.py:545} INFO - Filling up the DagBag from /opt/airflow/dags/main.py
[2025-12-28T17:36:53.795+0000] {processor.py:840} INFO - DAG(s) 'update_db', 'youtube_video_stats' retrieved from /opt/airflow/dags/main.py
[2025-12-28T17:36:53.833+0000] {logging_mixin.py:188} INFO - [2025-12-28T17:36:53.833+0000] {dag.py:3096} INFO - Sync 2 DAGs
[2025-12-28T17:36:53.858+0000] {logging_mixin.py:188} INFO - [2025-12-28T17:36:53.858+0000] {dag.py:3954} INFO - Setting next_dagrun for update_db to 2025-12-28 15:00:00+00:00, run_after=2025-12-29 15:00:00+00:00
[2025-12-28T17:36:53.864+0000] {logging_mixin.py:188} INFO - [2025-12-28T17:36:53.864+0000] {dag.py:3954} INFO - Setting next_dagrun for youtube_video_stats to 2025-12-28 14:00:00+00:00, run_after=2025-12-29 14:00:00+00:00
[2025-12-28T17:36:53.886+0000] {processor.py:183} INFO - Processing /opt/airflow/dags/main.py took 0.205 seconds
[2025-12-28T17:37:24.075+0000] {processor.py:161} INFO - Started process (PID=19493) to work on /opt/airflow/dags/main.py
[2025-12-28T17:37:24.076+0000] {processor.py:830} INFO - Processing file /opt/airflow/dags/main.py for tasks to queue
[2025-12-28T17:37:24.077+0000] {logging_mixin.py:188} INFO - [2025-12-28T17:37:24.077+0000] {dagbag.py:545} INFO - Filling up the DagBag from /opt/airflow/dags/main.py
[2025-12-28T17:37:24.179+0000] {processor.py:840} INFO - DAG(s) 'update_db', 'youtube_video_stats' retrieved from /opt/airflow/dags/main.py
[2025-12-28T17:37:24.213+0000] {logging_mixin.py:188} INFO - [2025-12-28T17:37:24.213+0000] {dag.py:3096} INFO - Sync 2 DAGs
[2025-12-28T17:37:24.240+0000] {logging_mixin.py:188} INFO - [2025-12-28T17:37:24.240+0000] {dag.py:3954} INFO - Setting next_dagrun for update_db to 2025-12-28 15:00:00+00:00, run_after=2025-12-29 15:00:00+00:00
[2025-12-28T17:37:24.247+0000] {logging_mixin.py:188} INFO - [2025-12-28T17:37:24.246+0000] {dag.py:3954} INFO - Setting next_dagrun for youtube_video_stats to 2025-12-28 14:00:00+00:00, run_after=2025-12-29 14:00:00+00:00
[2025-12-28T17:37:24.269+0000] {processor.py:183} INFO - Processing /opt/airflow/dags/main.py took 0.200 seconds
[2025-12-28T17:37:54.473+0000] {processor.py:161} INFO - Started process (PID=19500) to work on /opt/airflow/dags/main.py
[2025-12-28T17:37:54.475+0000] {processor.py:830} INFO - Processing file /opt/airflow/dags/main.py for tasks to queue
[2025-12-28T17:37:54.476+0000] {logging_mixin.py:188} INFO - [2025-12-28T17:37:54.476+0000] {dagbag.py:545} INFO - Filling up the DagBag from /opt/airflow/dags/main.py
[2025-12-28T17:37:54.598+0000] {processor.py:840} INFO - DAG(s) 'update_db', 'youtube_video_stats' retrieved from /opt/airflow/dags/main.py
[2025-12-28T17:37:54.640+0000] {logging_mixin.py:188} INFO - [2025-12-28T17:37:54.640+0000] {dag.py:3096} INFO - Sync 2 DAGs
[2025-12-28T17:37:54.671+0000] {logging_mixin.py:188} INFO - [2025-12-28T17:37:54.670+0000] {dag.py:3954} INFO - Setting next_dagrun for update_db to 2025-12-28 15:00:00+00:00, run_after=2025-12-29 15:00:00+00:00
[2025-12-28T17:37:54.677+0000] {logging_mixin.py:188} INFO - [2025-12-28T17:37:54.677+0000] {dag.py:3954} INFO - Setting next_dagrun for youtube_video_stats to 2025-12-28 14:00:00+00:00, run_after=2025-12-29 14:00:00+00:00
[2025-12-28T17:37:54.706+0000] {processor.py:183} INFO - Processing /opt/airflow/dags/main.py took 0.242 seconds
[2025-12-28T17:38:24.774+0000] {processor.py:161} INFO - Started process (PID=19507) to work on /opt/airflow/dags/main.py
[2025-12-28T17:38:24.775+0000] {processor.py:830} INFO - Processing file /opt/airflow/dags/main.py for tasks to queue
[2025-12-28T17:38:24.776+0000] {logging_mixin.py:188} INFO - [2025-12-28T17:38:24.776+0000] {dagbag.py:545} INFO - Filling up the DagBag from /opt/airflow/dags/main.py
[2025-12-28T17:38:24.876+0000] {processor.py:840} INFO - DAG(s) 'youtube_video_stats', 'update_db' retrieved from /opt/airflow/dags/main.py
[2025-12-28T17:38:24.925+0000] {logging_mixin.py:188} INFO - [2025-12-28T17:38:24.924+0000] {dag.py:3096} INFO - Sync 2 DAGs
[2025-12-28T17:38:24.962+0000] {logging_mixin.py:188} INFO - [2025-12-28T17:38:24.962+0000] {dag.py:3954} INFO - Setting next_dagrun for update_db to 2025-12-28 15:00:00+00:00, run_after=2025-12-29 15:00:00+00:00
[2025-12-28T17:38:24.969+0000] {logging_mixin.py:188} INFO - [2025-12-28T17:38:24.968+0000] {dag.py:3954} INFO - Setting next_dagrun for youtube_video_stats to 2025-12-28 14:00:00+00:00, run_after=2025-12-29 14:00:00+00:00
[2025-12-28T17:38:24.991+0000] {processor.py:183} INFO - Processing /opt/airflow/dags/main.py took 0.224 seconds
[2025-12-28T17:38:55.097+0000] {processor.py:161} INFO - Started process (PID=19514) to work on /opt/airflow/dags/main.py
[2025-12-28T17:38:55.098+0000] {processor.py:830} INFO - Processing file /opt/airflow/dags/main.py for tasks to queue
[2025-12-28T17:38:55.099+0000] {logging_mixin.py:188} INFO - [2025-12-28T17:38:55.099+0000] {dagbag.py:545} INFO - Filling up the DagBag from /opt/airflow/dags/main.py
[2025-12-28T17:38:55.225+0000] {processor.py:840} INFO - DAG(s) 'youtube_video_stats', 'update_db' retrieved from /opt/airflow/dags/main.py
[2025-12-28T17:38:55.272+0000] {logging_mixin.py:188} INFO - [2025-12-28T17:38:55.271+0000] {dag.py:3096} INFO - Sync 2 DAGs
[2025-12-28T17:38:55.303+0000] {logging_mixin.py:188} INFO - [2025-12-28T17:38:55.302+0000] {dag.py:3954} INFO - Setting next_dagrun for update_db to 2025-12-28 15:00:00+00:00, run_after=2025-12-29 15:00:00+00:00
[2025-12-28T17:38:55.310+0000] {logging_mixin.py:188} INFO - [2025-12-28T17:38:55.310+0000] {dag.py:3954} INFO - Setting next_dagrun for youtube_video_stats to 2025-12-28 14:00:00+00:00, run_after=2025-12-29 14:00:00+00:00
[2025-12-28T17:38:55.338+0000] {processor.py:183} INFO - Processing /opt/airflow/dags/main.py took 0.247 seconds
[2025-12-28T17:39:25.531+0000] {processor.py:161} INFO - Started process (PID=19521) to work on /opt/airflow/dags/main.py
[2025-12-28T17:39:25.533+0000] {processor.py:830} INFO - Processing file /opt/airflow/dags/main.py for tasks to queue
[2025-12-28T17:39:25.534+0000] {logging_mixin.py:188} INFO - [2025-12-28T17:39:25.533+0000] {dagbag.py:545} INFO - Filling up the DagBag from /opt/airflow/dags/main.py
[2025-12-28T17:39:25.643+0000] {processor.py:840} INFO - DAG(s) 'youtube_video_stats', 'update_db' retrieved from /opt/airflow/dags/main.py
[2025-12-28T17:39:25.685+0000] {logging_mixin.py:188} INFO - [2025-12-28T17:39:25.684+0000] {dag.py:3096} INFO - Sync 2 DAGs
[2025-12-28T17:39:25.714+0000] {logging_mixin.py:188} INFO - [2025-12-28T17:39:25.714+0000] {dag.py:3954} INFO - Setting next_dagrun for update_db to 2025-12-28 15:00:00+00:00, run_after=2025-12-29 15:00:00+00:00
[2025-12-28T17:39:25.721+0000] {logging_mixin.py:188} INFO - [2025-12-28T17:39:25.721+0000] {dag.py:3954} INFO - Setting next_dagrun for youtube_video_stats to 2025-12-28 14:00:00+00:00, run_after=2025-12-29 14:00:00+00:00
[2025-12-28T17:39:25.746+0000] {processor.py:183} INFO - Processing /opt/airflow/dags/main.py took 0.222 seconds
[2025-12-28T17:39:55.968+0000] {processor.py:161} INFO - Started process (PID=19528) to work on /opt/airflow/dags/main.py
[2025-12-28T17:39:55.969+0000] {processor.py:830} INFO - Processing file /opt/airflow/dags/main.py for tasks to queue
[2025-12-28T17:39:55.971+0000] {logging_mixin.py:188} INFO - [2025-12-28T17:39:55.970+0000] {dagbag.py:545} INFO - Filling up the DagBag from /opt/airflow/dags/main.py
[2025-12-28T17:39:56.082+0000] {processor.py:840} INFO - DAG(s) 'youtube_video_stats', 'update_db' retrieved from /opt/airflow/dags/main.py
[2025-12-28T17:39:56.122+0000] {logging_mixin.py:188} INFO - [2025-12-28T17:39:56.122+0000] {dag.py:3096} INFO - Sync 2 DAGs
[2025-12-28T17:39:56.149+0000] {logging_mixin.py:188} INFO - [2025-12-28T17:39:56.149+0000] {dag.py:3954} INFO - Setting next_dagrun for update_db to 2025-12-28 15:00:00+00:00, run_after=2025-12-29 15:00:00+00:00
[2025-12-28T17:39:56.156+0000] {logging_mixin.py:188} INFO - [2025-12-28T17:39:56.155+0000] {dag.py:3954} INFO - Setting next_dagrun for youtube_video_stats to 2025-12-28 14:00:00+00:00, run_after=2025-12-29 14:00:00+00:00
[2025-12-28T17:39:56.177+0000] {processor.py:183} INFO - Processing /opt/airflow/dags/main.py took 0.218 seconds
[2025-12-28T17:40:26.424+0000] {processor.py:161} INFO - Started process (PID=19535) to work on /opt/airflow/dags/main.py
[2025-12-28T17:40:26.426+0000] {processor.py:830} INFO - Processing file /opt/airflow/dags/main.py for tasks to queue
[2025-12-28T17:40:26.427+0000] {logging_mixin.py:188} INFO - [2025-12-28T17:40:26.427+0000] {dagbag.py:545} INFO - Filling up the DagBag from /opt/airflow/dags/main.py
[2025-12-28T17:40:26.557+0000] {processor.py:840} INFO - DAG(s) 'youtube_video_stats', 'update_db' retrieved from /opt/airflow/dags/main.py
[2025-12-28T17:40:26.599+0000] {logging_mixin.py:188} INFO - [2025-12-28T17:40:26.598+0000] {dag.py:3096} INFO - Sync 2 DAGs
[2025-12-28T17:40:26.625+0000] {logging_mixin.py:188} INFO - [2025-12-28T17:40:26.625+0000] {dag.py:3954} INFO - Setting next_dagrun for update_db to 2025-12-28 15:00:00+00:00, run_after=2025-12-29 15:00:00+00:00
[2025-12-28T17:40:26.632+0000] {logging_mixin.py:188} INFO - [2025-12-28T17:40:26.632+0000] {dag.py:3954} INFO - Setting next_dagrun for youtube_video_stats to 2025-12-28 14:00:00+00:00, run_after=2025-12-29 14:00:00+00:00
[2025-12-28T17:40:26.664+0000] {processor.py:183} INFO - Processing /opt/airflow/dags/main.py took 0.249 seconds
[2025-12-28T17:40:56.858+0000] {processor.py:161} INFO - Started process (PID=19542) to work on /opt/airflow/dags/main.py
[2025-12-28T17:40:56.860+0000] {processor.py:830} INFO - Processing file /opt/airflow/dags/main.py for tasks to queue
[2025-12-28T17:40:56.861+0000] {logging_mixin.py:188} INFO - [2025-12-28T17:40:56.860+0000] {dagbag.py:545} INFO - Filling up the DagBag from /opt/airflow/dags/main.py
[2025-12-28T17:40:56.974+0000] {processor.py:840} INFO - DAG(s) 'youtube_video_stats', 'update_db' retrieved from /opt/airflow/dags/main.py
[2025-12-28T17:40:57.009+0000] {logging_mixin.py:188} INFO - [2025-12-28T17:40:57.009+0000] {dag.py:3096} INFO - Sync 2 DAGs
[2025-12-28T17:40:57.035+0000] {logging_mixin.py:188} INFO - [2025-12-28T17:40:57.034+0000] {dag.py:3954} INFO - Setting next_dagrun for update_db to 2025-12-28 15:00:00+00:00, run_after=2025-12-29 15:00:00+00:00
[2025-12-28T17:40:57.042+0000] {logging_mixin.py:188} INFO - [2025-12-28T17:40:57.042+0000] {dag.py:3954} INFO - Setting next_dagrun for youtube_video_stats to 2025-12-28 14:00:00+00:00, run_after=2025-12-29 14:00:00+00:00
[2025-12-28T17:40:57.063+0000] {processor.py:183} INFO - Processing /opt/airflow/dags/main.py took 0.212 seconds
[2025-12-28T17:41:27.248+0000] {processor.py:161} INFO - Started process (PID=19549) to work on /opt/airflow/dags/main.py
[2025-12-28T17:41:27.249+0000] {processor.py:830} INFO - Processing file /opt/airflow/dags/main.py for tasks to queue
[2025-12-28T17:41:27.250+0000] {logging_mixin.py:188} INFO - [2025-12-28T17:41:27.250+0000] {dagbag.py:545} INFO - Filling up the DagBag from /opt/airflow/dags/main.py
[2025-12-28T17:41:27.377+0000] {processor.py:840} INFO - DAG(s) 'youtube_video_stats', 'update_db' retrieved from /opt/airflow/dags/main.py
[2025-12-28T17:41:27.431+0000] {logging_mixin.py:188} INFO - [2025-12-28T17:41:27.431+0000] {dag.py:3096} INFO - Sync 2 DAGs
[2025-12-28T17:41:27.488+0000] {logging_mixin.py:188} INFO - [2025-12-28T17:41:27.487+0000] {dag.py:3954} INFO - Setting next_dagrun for update_db to 2025-12-28 15:00:00+00:00, run_after=2025-12-29 15:00:00+00:00
[2025-12-28T17:41:27.500+0000] {logging_mixin.py:188} INFO - [2025-12-28T17:41:27.499+0000] {dag.py:3954} INFO - Setting next_dagrun for youtube_video_stats to 2025-12-28 14:00:00+00:00, run_after=2025-12-29 14:00:00+00:00
[2025-12-28T17:41:27.536+0000] {processor.py:183} INFO - Processing /opt/airflow/dags/main.py took 0.295 seconds
[2025-12-28T17:41:57.793+0000] {processor.py:161} INFO - Started process (PID=19556) to work on /opt/airflow/dags/main.py
[2025-12-28T17:41:57.796+0000] {processor.py:830} INFO - Processing file /opt/airflow/dags/main.py for tasks to queue
[2025-12-28T17:41:57.799+0000] {logging_mixin.py:188} INFO - [2025-12-28T17:41:57.798+0000] {dagbag.py:545} INFO - Filling up the DagBag from /opt/airflow/dags/main.py
[2025-12-28T17:41:58.021+0000] {processor.py:840} INFO - DAG(s) 'youtube_video_stats', 'update_db' retrieved from /opt/airflow/dags/main.py
[2025-12-28T17:41:58.119+0000] {logging_mixin.py:188} INFO - [2025-12-28T17:41:58.118+0000] {dag.py:3096} INFO - Sync 2 DAGs
[2025-12-28T17:41:58.197+0000] {logging_mixin.py:188} INFO - [2025-12-28T17:41:58.196+0000] {dag.py:3954} INFO - Setting next_dagrun for update_db to 2025-12-28 15:00:00+00:00, run_after=2025-12-29 15:00:00+00:00
[2025-12-28T17:41:58.211+0000] {logging_mixin.py:188} INFO - [2025-12-28T17:41:58.211+0000] {dag.py:3954} INFO - Setting next_dagrun for youtube_video_stats to 2025-12-28 14:00:00+00:00, run_after=2025-12-29 14:00:00+00:00
[2025-12-28T17:41:58.252+0000] {processor.py:183} INFO - Processing /opt/airflow/dags/main.py took 0.479 seconds
[2025-12-28T17:42:28.477+0000] {processor.py:161} INFO - Started process (PID=19563) to work on /opt/airflow/dags/main.py
[2025-12-28T17:42:28.480+0000] {processor.py:830} INFO - Processing file /opt/airflow/dags/main.py for tasks to queue
[2025-12-28T17:42:28.481+0000] {logging_mixin.py:188} INFO - [2025-12-28T17:42:28.481+0000] {dagbag.py:545} INFO - Filling up the DagBag from /opt/airflow/dags/main.py
[2025-12-28T17:42:28.607+0000] {processor.py:840} INFO - DAG(s) 'youtube_video_stats', 'update_db' retrieved from /opt/airflow/dags/main.py
[2025-12-28T17:42:28.650+0000] {logging_mixin.py:188} INFO - [2025-12-28T17:42:28.650+0000] {dag.py:3096} INFO - Sync 2 DAGs
[2025-12-28T17:42:28.685+0000] {logging_mixin.py:188} INFO - [2025-12-28T17:42:28.684+0000] {dag.py:3954} INFO - Setting next_dagrun for update_db to 2025-12-28 15:00:00+00:00, run_after=2025-12-29 15:00:00+00:00
[2025-12-28T17:42:28.694+0000] {logging_mixin.py:188} INFO - [2025-12-28T17:42:28.693+0000] {dag.py:3954} INFO - Setting next_dagrun for youtube_video_stats to 2025-12-28 14:00:00+00:00, run_after=2025-12-29 14:00:00+00:00
[2025-12-28T17:42:28.726+0000] {processor.py:183} INFO - Processing /opt/airflow/dags/main.py took 0.259 seconds
[2025-12-28T17:42:58.960+0000] {processor.py:161} INFO - Started process (PID=19570) to work on /opt/airflow/dags/main.py
[2025-12-28T17:42:58.962+0000] {processor.py:830} INFO - Processing file /opt/airflow/dags/main.py for tasks to queue
[2025-12-28T17:42:58.963+0000] {logging_mixin.py:188} INFO - [2025-12-28T17:42:58.963+0000] {dagbag.py:545} INFO - Filling up the DagBag from /opt/airflow/dags/main.py
[2025-12-28T17:42:59.088+0000] {processor.py:840} INFO - DAG(s) 'update_db', 'youtube_video_stats' retrieved from /opt/airflow/dags/main.py
[2025-12-28T17:42:59.130+0000] {logging_mixin.py:188} INFO - [2025-12-28T17:42:59.129+0000] {dag.py:3096} INFO - Sync 2 DAGs
[2025-12-28T17:42:59.160+0000] {logging_mixin.py:188} INFO - [2025-12-28T17:42:59.159+0000] {dag.py:3954} INFO - Setting next_dagrun for update_db to 2025-12-28 15:00:00+00:00, run_after=2025-12-29 15:00:00+00:00
[2025-12-28T17:42:59.166+0000] {logging_mixin.py:188} INFO - [2025-12-28T17:42:59.166+0000] {dag.py:3954} INFO - Setting next_dagrun for youtube_video_stats to 2025-12-28 14:00:00+00:00, run_after=2025-12-29 14:00:00+00:00
[2025-12-28T17:42:59.188+0000] {processor.py:183} INFO - Processing /opt/airflow/dags/main.py took 0.243 seconds
[2025-12-28T17:43:29.341+0000] {processor.py:161} INFO - Started process (PID=19577) to work on /opt/airflow/dags/main.py
[2025-12-28T17:43:29.342+0000] {processor.py:830} INFO - Processing file /opt/airflow/dags/main.py for tasks to queue
[2025-12-28T17:43:29.343+0000] {logging_mixin.py:188} INFO - [2025-12-28T17:43:29.343+0000] {dagbag.py:545} INFO - Filling up the DagBag from /opt/airflow/dags/main.py
[2025-12-28T17:43:29.469+0000] {processor.py:840} INFO - DAG(s) 'youtube_video_stats', 'update_db' retrieved from /opt/airflow/dags/main.py
[2025-12-28T17:43:29.512+0000] {logging_mixin.py:188} INFO - [2025-12-28T17:43:29.512+0000] {dag.py:3096} INFO - Sync 2 DAGs
[2025-12-28T17:43:29.547+0000] {logging_mixin.py:188} INFO - [2025-12-28T17:43:29.547+0000] {dag.py:3954} INFO - Setting next_dagrun for update_db to 2025-12-28 15:00:00+00:00, run_after=2025-12-29 15:00:00+00:00
[2025-12-28T17:43:29.555+0000] {logging_mixin.py:188} INFO - [2025-12-28T17:43:29.555+0000] {dag.py:3954} INFO - Setting next_dagrun for youtube_video_stats to 2025-12-28 14:00:00+00:00, run_after=2025-12-29 14:00:00+00:00
[2025-12-28T17:43:29.577+0000] {processor.py:183} INFO - Processing /opt/airflow/dags/main.py took 0.245 seconds
[2025-12-28T17:43:59.796+0000] {processor.py:161} INFO - Started process (PID=19584) to work on /opt/airflow/dags/main.py
[2025-12-28T17:43:59.798+0000] {processor.py:830} INFO - Processing file /opt/airflow/dags/main.py for tasks to queue
[2025-12-28T17:43:59.799+0000] {logging_mixin.py:188} INFO - [2025-12-28T17:43:59.799+0000] {dagbag.py:545} INFO - Filling up the DagBag from /opt/airflow/dags/main.py
[2025-12-28T17:43:59.928+0000] {processor.py:840} INFO - DAG(s) 'update_db', 'youtube_video_stats' retrieved from /opt/airflow/dags/main.py
[2025-12-28T17:43:59.975+0000] {logging_mixin.py:188} INFO - [2025-12-28T17:43:59.975+0000] {dag.py:3096} INFO - Sync 2 DAGs
[2025-12-28T17:44:00.003+0000] {logging_mixin.py:188} INFO - [2025-12-28T17:44:00.003+0000] {dag.py:3954} INFO - Setting next_dagrun for update_db to 2025-12-28 15:00:00+00:00, run_after=2025-12-29 15:00:00+00:00
[2025-12-28T17:44:00.010+0000] {logging_mixin.py:188} INFO - [2025-12-28T17:44:00.010+0000] {dag.py:3954} INFO - Setting next_dagrun for youtube_video_stats to 2025-12-28 14:00:00+00:00, run_after=2025-12-29 14:00:00+00:00
[2025-12-28T17:44:00.053+0000] {processor.py:183} INFO - Processing /opt/airflow/dags/main.py took 0.269 seconds
[2025-12-28T17:44:30.251+0000] {processor.py:161} INFO - Started process (PID=19592) to work on /opt/airflow/dags/main.py
[2025-12-28T17:44:30.253+0000] {processor.py:830} INFO - Processing file /opt/airflow/dags/main.py for tasks to queue
[2025-12-28T17:44:30.254+0000] {logging_mixin.py:188} INFO - [2025-12-28T17:44:30.254+0000] {dagbag.py:545} INFO - Filling up the DagBag from /opt/airflow/dags/main.py
[2025-12-28T17:44:30.378+0000] {processor.py:840} INFO - DAG(s) 'youtube_video_stats', 'update_db' retrieved from /opt/airflow/dags/main.py
[2025-12-28T17:44:30.415+0000] {logging_mixin.py:188} INFO - [2025-12-28T17:44:30.415+0000] {dag.py:3096} INFO - Sync 2 DAGs
[2025-12-28T17:44:30.443+0000] {logging_mixin.py:188} INFO - [2025-12-28T17:44:30.443+0000] {dag.py:3954} INFO - Setting next_dagrun for update_db to 2025-12-28 15:00:00+00:00, run_after=2025-12-29 15:00:00+00:00
[2025-12-28T17:44:30.450+0000] {logging_mixin.py:188} INFO - [2025-12-28T17:44:30.449+0000] {dag.py:3954} INFO - Setting next_dagrun for youtube_video_stats to 2025-12-28 14:00:00+00:00, run_after=2025-12-29 14:00:00+00:00
[2025-12-28T17:44:30.471+0000] {processor.py:183} INFO - Processing /opt/airflow/dags/main.py took 0.228 seconds
[2025-12-28T17:45:00.673+0000] {processor.py:161} INFO - Started process (PID=19599) to work on /opt/airflow/dags/main.py
[2025-12-28T17:45:00.675+0000] {processor.py:830} INFO - Processing file /opt/airflow/dags/main.py for tasks to queue
[2025-12-28T17:45:00.676+0000] {logging_mixin.py:188} INFO - [2025-12-28T17:45:00.676+0000] {dagbag.py:545} INFO - Filling up the DagBag from /opt/airflow/dags/main.py
[2025-12-28T17:45:00.790+0000] {processor.py:840} INFO - DAG(s) 'youtube_video_stats', 'update_db' retrieved from /opt/airflow/dags/main.py
[2025-12-28T17:45:00.832+0000] {logging_mixin.py:188} INFO - [2025-12-28T17:45:00.832+0000] {dag.py:3096} INFO - Sync 2 DAGs
[2025-12-28T17:45:00.861+0000] {logging_mixin.py:188} INFO - [2025-12-28T17:45:00.861+0000] {dag.py:3954} INFO - Setting next_dagrun for update_db to 2025-12-28 15:00:00+00:00, run_after=2025-12-29 15:00:00+00:00
[2025-12-28T17:45:00.868+0000] {logging_mixin.py:188} INFO - [2025-12-28T17:45:00.868+0000] {dag.py:3954} INFO - Setting next_dagrun for youtube_video_stats to 2025-12-28 14:00:00+00:00, run_after=2025-12-29 14:00:00+00:00
[2025-12-28T17:45:00.891+0000] {processor.py:183} INFO - Processing /opt/airflow/dags/main.py took 0.229 seconds
[2025-12-28T17:45:31.091+0000] {processor.py:161} INFO - Started process (PID=19606) to work on /opt/airflow/dags/main.py
[2025-12-28T17:45:31.093+0000] {processor.py:830} INFO - Processing file /opt/airflow/dags/main.py for tasks to queue
[2025-12-28T17:45:31.095+0000] {logging_mixin.py:188} INFO - [2025-12-28T17:45:31.095+0000] {dagbag.py:545} INFO - Filling up the DagBag from /opt/airflow/dags/main.py
[2025-12-28T17:45:31.230+0000] {processor.py:840} INFO - DAG(s) 'update_db', 'youtube_video_stats' retrieved from /opt/airflow/dags/main.py
[2025-12-28T17:45:31.271+0000] {logging_mixin.py:188} INFO - [2025-12-28T17:45:31.271+0000] {dag.py:3096} INFO - Sync 2 DAGs
[2025-12-28T17:45:31.299+0000] {logging_mixin.py:188} INFO - [2025-12-28T17:45:31.299+0000] {dag.py:3954} INFO - Setting next_dagrun for update_db to 2025-12-28 15:00:00+00:00, run_after=2025-12-29 15:00:00+00:00
[2025-12-28T17:45:31.305+0000] {logging_mixin.py:188} INFO - [2025-12-28T17:45:31.305+0000] {dag.py:3954} INFO - Setting next_dagrun for youtube_video_stats to 2025-12-28 14:00:00+00:00, run_after=2025-12-29 14:00:00+00:00
[2025-12-28T17:45:31.336+0000] {processor.py:183} INFO - Processing /opt/airflow/dags/main.py took 0.255 seconds
[2025-12-28T17:46:01.528+0000] {processor.py:161} INFO - Started process (PID=19613) to work on /opt/airflow/dags/main.py
[2025-12-28T17:46:01.530+0000] {processor.py:830} INFO - Processing file /opt/airflow/dags/main.py for tasks to queue
[2025-12-28T17:46:01.531+0000] {logging_mixin.py:188} INFO - [2025-12-28T17:46:01.531+0000] {dagbag.py:545} INFO - Filling up the DagBag from /opt/airflow/dags/main.py
[2025-12-28T17:46:01.634+0000] {processor.py:840} INFO - DAG(s) 'youtube_video_stats', 'update_db' retrieved from /opt/airflow/dags/main.py
[2025-12-28T17:46:01.669+0000] {logging_mixin.py:188} INFO - [2025-12-28T17:46:01.668+0000] {dag.py:3096} INFO - Sync 2 DAGs
[2025-12-28T17:46:01.693+0000] {logging_mixin.py:188} INFO - [2025-12-28T17:46:01.693+0000] {dag.py:3954} INFO - Setting next_dagrun for update_db to 2025-12-28 15:00:00+00:00, run_after=2025-12-29 15:00:00+00:00
[2025-12-28T17:46:01.699+0000] {logging_mixin.py:188} INFO - [2025-12-28T17:46:01.699+0000] {dag.py:3954} INFO - Setting next_dagrun for youtube_video_stats to 2025-12-28 14:00:00+00:00, run_after=2025-12-29 14:00:00+00:00
[2025-12-28T17:46:01.721+0000] {processor.py:183} INFO - Processing /opt/airflow/dags/main.py took 0.199 seconds
[2025-12-28T17:46:31.910+0000] {processor.py:161} INFO - Started process (PID=19620) to work on /opt/airflow/dags/main.py
[2025-12-28T17:46:31.912+0000] {processor.py:830} INFO - Processing file /opt/airflow/dags/main.py for tasks to queue
[2025-12-28T17:46:31.913+0000] {logging_mixin.py:188} INFO - [2025-12-28T17:46:31.913+0000] {dagbag.py:545} INFO - Filling up the DagBag from /opt/airflow/dags/main.py
[2025-12-28T17:46:32.043+0000] {processor.py:840} INFO - DAG(s) 'update_db', 'youtube_video_stats' retrieved from /opt/airflow/dags/main.py
[2025-12-28T17:46:32.085+0000] {logging_mixin.py:188} INFO - [2025-12-28T17:46:32.085+0000] {dag.py:3096} INFO - Sync 2 DAGs
[2025-12-28T17:46:32.112+0000] {logging_mixin.py:188} INFO - [2025-12-28T17:46:32.111+0000] {dag.py:3954} INFO - Setting next_dagrun for update_db to 2025-12-28 15:00:00+00:00, run_after=2025-12-29 15:00:00+00:00
[2025-12-28T17:46:32.118+0000] {logging_mixin.py:188} INFO - [2025-12-28T17:46:32.118+0000] {dag.py:3954} INFO - Setting next_dagrun for youtube_video_stats to 2025-12-28 14:00:00+00:00, run_after=2025-12-29 14:00:00+00:00
[2025-12-28T17:46:32.142+0000] {processor.py:183} INFO - Processing /opt/airflow/dags/main.py took 0.242 seconds
[2025-12-28T17:47:02.359+0000] {processor.py:161} INFO - Started process (PID=19627) to work on /opt/airflow/dags/main.py
[2025-12-28T17:47:02.361+0000] {processor.py:830} INFO - Processing file /opt/airflow/dags/main.py for tasks to queue
[2025-12-28T17:47:02.363+0000] {logging_mixin.py:188} INFO - [2025-12-28T17:47:02.362+0000] {dagbag.py:545} INFO - Filling up the DagBag from /opt/airflow/dags/main.py
[2025-12-28T17:47:02.491+0000] {processor.py:840} INFO - DAG(s) 'update_db', 'youtube_video_stats' retrieved from /opt/airflow/dags/main.py
[2025-12-28T17:47:02.533+0000] {logging_mixin.py:188} INFO - [2025-12-28T17:47:02.532+0000] {dag.py:3096} INFO - Sync 2 DAGs
[2025-12-28T17:47:02.562+0000] {logging_mixin.py:188} INFO - [2025-12-28T17:47:02.562+0000] {dag.py:3954} INFO - Setting next_dagrun for update_db to 2025-12-28 15:00:00+00:00, run_after=2025-12-29 15:00:00+00:00
[2025-12-28T17:47:02.570+0000] {logging_mixin.py:188} INFO - [2025-12-28T17:47:02.570+0000] {dag.py:3954} INFO - Setting next_dagrun for youtube_video_stats to 2025-12-28 14:00:00+00:00, run_after=2025-12-29 14:00:00+00:00
[2025-12-28T17:47:02.595+0000] {processor.py:183} INFO - Processing /opt/airflow/dags/main.py took 0.247 seconds
[2025-12-28T17:47:32.788+0000] {processor.py:161} INFO - Started process (PID=19634) to work on /opt/airflow/dags/main.py
[2025-12-28T17:47:32.790+0000] {processor.py:830} INFO - Processing file /opt/airflow/dags/main.py for tasks to queue
[2025-12-28T17:47:32.791+0000] {logging_mixin.py:188} INFO - [2025-12-28T17:47:32.791+0000] {dagbag.py:545} INFO - Filling up the DagBag from /opt/airflow/dags/main.py
[2025-12-28T17:47:32.910+0000] {processor.py:840} INFO - DAG(s) 'youtube_video_stats', 'update_db' retrieved from /opt/airflow/dags/main.py
[2025-12-28T17:47:32.957+0000] {logging_mixin.py:188} INFO - [2025-12-28T17:47:32.957+0000] {dag.py:3096} INFO - Sync 2 DAGs
[2025-12-28T17:47:32.989+0000] {logging_mixin.py:188} INFO - [2025-12-28T17:47:32.988+0000] {dag.py:3954} INFO - Setting next_dagrun for update_db to 2025-12-28 15:00:00+00:00, run_after=2025-12-29 15:00:00+00:00
[2025-12-28T17:47:32.996+0000] {logging_mixin.py:188} INFO - [2025-12-28T17:47:32.996+0000] {dag.py:3954} INFO - Setting next_dagrun for youtube_video_stats to 2025-12-28 14:00:00+00:00, run_after=2025-12-29 14:00:00+00:00
[2025-12-28T17:47:33.019+0000] {processor.py:183} INFO - Processing /opt/airflow/dags/main.py took 0.237 seconds
[2025-12-28T17:48:03.210+0000] {processor.py:161} INFO - Started process (PID=19641) to work on /opt/airflow/dags/main.py
[2025-12-28T17:48:03.211+0000] {processor.py:830} INFO - Processing file /opt/airflow/dags/main.py for tasks to queue
[2025-12-28T17:48:03.213+0000] {logging_mixin.py:188} INFO - [2025-12-28T17:48:03.212+0000] {dagbag.py:545} INFO - Filling up the DagBag from /opt/airflow/dags/main.py
[2025-12-28T17:48:03.318+0000] {processor.py:840} INFO - DAG(s) 'update_db', 'youtube_video_stats' retrieved from /opt/airflow/dags/main.py
[2025-12-28T17:48:03.358+0000] {logging_mixin.py:188} INFO - [2025-12-28T17:48:03.357+0000] {dag.py:3096} INFO - Sync 2 DAGs
[2025-12-28T17:48:03.386+0000] {logging_mixin.py:188} INFO - [2025-12-28T17:48:03.386+0000] {dag.py:3954} INFO - Setting next_dagrun for update_db to 2025-12-28 15:00:00+00:00, run_after=2025-12-29 15:00:00+00:00
[2025-12-28T17:48:03.392+0000] {logging_mixin.py:188} INFO - [2025-12-28T17:48:03.392+0000] {dag.py:3954} INFO - Setting next_dagrun for youtube_video_stats to 2025-12-28 14:00:00+00:00, run_after=2025-12-29 14:00:00+00:00
[2025-12-28T17:48:03.417+0000] {processor.py:183} INFO - Processing /opt/airflow/dags/main.py took 0.214 seconds
[2025-12-28T17:48:33.569+0000] {processor.py:161} INFO - Started process (PID=19648) to work on /opt/airflow/dags/main.py
[2025-12-28T17:48:33.573+0000] {processor.py:830} INFO - Processing file /opt/airflow/dags/main.py for tasks to queue
[2025-12-28T17:48:33.575+0000] {logging_mixin.py:188} INFO - [2025-12-28T17:48:33.574+0000] {dagbag.py:545} INFO - Filling up the DagBag from /opt/airflow/dags/main.py
[2025-12-28T17:48:33.717+0000] {processor.py:840} INFO - DAG(s) 'update_db', 'youtube_video_stats' retrieved from /opt/airflow/dags/main.py
[2025-12-28T17:48:33.766+0000] {logging_mixin.py:188} INFO - [2025-12-28T17:48:33.766+0000] {dag.py:3096} INFO - Sync 2 DAGs
[2025-12-28T17:48:33.795+0000] {logging_mixin.py:188} INFO - [2025-12-28T17:48:33.795+0000] {dag.py:3954} INFO - Setting next_dagrun for update_db to 2025-12-28 15:00:00+00:00, run_after=2025-12-29 15:00:00+00:00
[2025-12-28T17:48:33.803+0000] {logging_mixin.py:188} INFO - [2025-12-28T17:48:33.803+0000] {dag.py:3954} INFO - Setting next_dagrun for youtube_video_stats to 2025-12-28 14:00:00+00:00, run_after=2025-12-29 14:00:00+00:00
[2025-12-28T17:48:33.833+0000] {processor.py:183} INFO - Processing /opt/airflow/dags/main.py took 0.275 seconds
[2025-12-28T17:49:04.041+0000] {processor.py:161} INFO - Started process (PID=19655) to work on /opt/airflow/dags/main.py
[2025-12-28T17:49:04.043+0000] {processor.py:830} INFO - Processing file /opt/airflow/dags/main.py for tasks to queue
[2025-12-28T17:49:04.045+0000] {logging_mixin.py:188} INFO - [2025-12-28T17:49:04.044+0000] {dagbag.py:545} INFO - Filling up the DagBag from /opt/airflow/dags/main.py
[2025-12-28T17:49:04.187+0000] {processor.py:840} INFO - DAG(s) 'youtube_video_stats', 'update_db' retrieved from /opt/airflow/dags/main.py
[2025-12-28T17:49:04.242+0000] {logging_mixin.py:188} INFO - [2025-12-28T17:49:04.241+0000] {dag.py:3096} INFO - Sync 2 DAGs
[2025-12-28T17:49:04.274+0000] {logging_mixin.py:188} INFO - [2025-12-28T17:49:04.274+0000] {dag.py:3954} INFO - Setting next_dagrun for update_db to 2025-12-28 15:00:00+00:00, run_after=2025-12-29 15:00:00+00:00
[2025-12-28T17:49:04.284+0000] {logging_mixin.py:188} INFO - [2025-12-28T17:49:04.284+0000] {dag.py:3954} INFO - Setting next_dagrun for youtube_video_stats to 2025-12-28 14:00:00+00:00, run_after=2025-12-29 14:00:00+00:00
[2025-12-28T17:49:04.309+0000] {processor.py:183} INFO - Processing /opt/airflow/dags/main.py took 0.281 seconds
[2025-12-28T17:49:34.481+0000] {processor.py:161} INFO - Started process (PID=19662) to work on /opt/airflow/dags/main.py
[2025-12-28T17:49:34.483+0000] {processor.py:830} INFO - Processing file /opt/airflow/dags/main.py for tasks to queue
[2025-12-28T17:49:34.484+0000] {logging_mixin.py:188} INFO - [2025-12-28T17:49:34.483+0000] {dagbag.py:545} INFO - Filling up the DagBag from /opt/airflow/dags/main.py
[2025-12-28T17:49:34.584+0000] {processor.py:840} INFO - DAG(s) 'update_db', 'youtube_video_stats' retrieved from /opt/airflow/dags/main.py
[2025-12-28T17:49:34.616+0000] {logging_mixin.py:188} INFO - [2025-12-28T17:49:34.616+0000] {dag.py:3096} INFO - Sync 2 DAGs
[2025-12-28T17:49:34.642+0000] {logging_mixin.py:188} INFO - [2025-12-28T17:49:34.642+0000] {dag.py:3954} INFO - Setting next_dagrun for update_db to 2025-12-28 15:00:00+00:00, run_after=2025-12-29 15:00:00+00:00
[2025-12-28T17:49:34.648+0000] {logging_mixin.py:188} INFO - [2025-12-28T17:49:34.648+0000] {dag.py:3954} INFO - Setting next_dagrun for youtube_video_stats to 2025-12-28 14:00:00+00:00, run_after=2025-12-29 14:00:00+00:00
[2025-12-28T17:49:34.672+0000] {processor.py:183} INFO - Processing /opt/airflow/dags/main.py took 0.198 seconds
[2025-12-28T17:50:05.239+0000] {processor.py:161} INFO - Started process (PID=19669) to work on /opt/airflow/dags/main.py
[2025-12-28T17:50:05.479+0000] {processor.py:830} INFO - Processing file /opt/airflow/dags/main.py for tasks to queue
[2025-12-28T17:50:05.564+0000] {logging_mixin.py:188} INFO - [2025-12-28T17:50:05.564+0000] {dagbag.py:545} INFO - Filling up the DagBag from /opt/airflow/dags/main.py
[2025-12-28T17:50:06.467+0000] {processor.py:840} INFO - DAG(s) 'youtube_video_stats', 'update_db' retrieved from /opt/airflow/dags/main.py
[2025-12-28T17:50:06.569+0000] {logging_mixin.py:188} INFO - [2025-12-28T17:50:06.569+0000] {dag.py:3096} INFO - Sync 2 DAGs
[2025-12-28T17:50:06.624+0000] {logging_mixin.py:188} INFO - [2025-12-28T17:50:06.623+0000] {dag.py:3954} INFO - Setting next_dagrun for update_db to 2025-12-28 15:00:00+00:00, run_after=2025-12-29 15:00:00+00:00
[2025-12-28T17:50:06.633+0000] {logging_mixin.py:188} INFO - [2025-12-28T17:50:06.633+0000] {dag.py:3954} INFO - Setting next_dagrun for youtube_video_stats to 2025-12-28 14:00:00+00:00, run_after=2025-12-29 14:00:00+00:00
[2025-12-28T17:50:06.683+0000] {processor.py:183} INFO - Processing /opt/airflow/dags/main.py took 1.538 seconds
[2025-12-28T17:50:36.899+0000] {processor.py:161} INFO - Started process (PID=19682) to work on /opt/airflow/dags/main.py
[2025-12-28T17:50:36.901+0000] {processor.py:830} INFO - Processing file /opt/airflow/dags/main.py for tasks to queue
[2025-12-28T17:50:36.902+0000] {logging_mixin.py:188} INFO - [2025-12-28T17:50:36.902+0000] {dagbag.py:545} INFO - Filling up the DagBag from /opt/airflow/dags/main.py
[2025-12-28T17:50:37.007+0000] {processor.py:840} INFO - DAG(s) 'update_db', 'youtube_video_stats' retrieved from /opt/airflow/dags/main.py
[2025-12-28T17:50:37.048+0000] {logging_mixin.py:188} INFO - [2025-12-28T17:50:37.047+0000] {dag.py:3096} INFO - Sync 2 DAGs
[2025-12-28T17:50:37.074+0000] {logging_mixin.py:188} INFO - [2025-12-28T17:50:37.074+0000] {dag.py:3954} INFO - Setting next_dagrun for update_db to 2025-12-28 15:00:00+00:00, run_after=2025-12-29 15:00:00+00:00
[2025-12-28T17:50:37.080+0000] {logging_mixin.py:188} INFO - [2025-12-28T17:50:37.080+0000] {dag.py:3954} INFO - Setting next_dagrun for youtube_video_stats to 2025-12-28 14:00:00+00:00, run_after=2025-12-29 14:00:00+00:00
[2025-12-28T17:50:37.101+0000] {processor.py:183} INFO - Processing /opt/airflow/dags/main.py took 0.209 seconds
[2025-12-28T17:51:07.298+0000] {processor.py:161} INFO - Started process (PID=19689) to work on /opt/airflow/dags/main.py
[2025-12-28T17:51:07.299+0000] {processor.py:830} INFO - Processing file /opt/airflow/dags/main.py for tasks to queue
[2025-12-28T17:51:07.300+0000] {logging_mixin.py:188} INFO - [2025-12-28T17:51:07.300+0000] {dagbag.py:545} INFO - Filling up the DagBag from /opt/airflow/dags/main.py
[2025-12-28T17:51:07.409+0000] {processor.py:840} INFO - DAG(s) 'update_db', 'youtube_video_stats' retrieved from /opt/airflow/dags/main.py
[2025-12-28T17:51:07.453+0000] {logging_mixin.py:188} INFO - [2025-12-28T17:51:07.452+0000] {dag.py:3096} INFO - Sync 2 DAGs
[2025-12-28T17:51:07.493+0000] {logging_mixin.py:188} INFO - [2025-12-28T17:51:07.493+0000] {dag.py:3954} INFO - Setting next_dagrun for update_db to 2025-12-28 15:00:00+00:00, run_after=2025-12-29 15:00:00+00:00
[2025-12-28T17:51:07.500+0000] {logging_mixin.py:188} INFO - [2025-12-28T17:51:07.500+0000] {dag.py:3954} INFO - Setting next_dagrun for youtube_video_stats to 2025-12-28 14:00:00+00:00, run_after=2025-12-29 14:00:00+00:00
[2025-12-28T17:51:07.526+0000] {processor.py:183} INFO - Processing /opt/airflow/dags/main.py took 0.236 seconds
[2025-12-28T17:51:37.748+0000] {processor.py:161} INFO - Started process (PID=19696) to work on /opt/airflow/dags/main.py
[2025-12-28T17:51:37.750+0000] {processor.py:830} INFO - Processing file /opt/airflow/dags/main.py for tasks to queue
[2025-12-28T17:51:37.752+0000] {logging_mixin.py:188} INFO - [2025-12-28T17:51:37.751+0000] {dagbag.py:545} INFO - Filling up the DagBag from /opt/airflow/dags/main.py
[2025-12-28T17:51:37.877+0000] {processor.py:840} INFO - DAG(s) 'update_db', 'youtube_video_stats' retrieved from /opt/airflow/dags/main.py
[2025-12-28T17:51:37.919+0000] {logging_mixin.py:188} INFO - [2025-12-28T17:51:37.919+0000] {dag.py:3096} INFO - Sync 2 DAGs
[2025-12-28T17:51:37.947+0000] {logging_mixin.py:188} INFO - [2025-12-28T17:51:37.947+0000] {dag.py:3954} INFO - Setting next_dagrun for update_db to 2025-12-28 15:00:00+00:00, run_after=2025-12-29 15:00:00+00:00
[2025-12-28T17:51:37.953+0000] {logging_mixin.py:188} INFO - [2025-12-28T17:51:37.953+0000] {dag.py:3954} INFO - Setting next_dagrun for youtube_video_stats to 2025-12-28 14:00:00+00:00, run_after=2025-12-29 14:00:00+00:00
[2025-12-28T17:51:37.980+0000] {processor.py:183} INFO - Processing /opt/airflow/dags/main.py took 0.243 seconds
[2025-12-28T17:52:08.174+0000] {processor.py:161} INFO - Started process (PID=19703) to work on /opt/airflow/dags/main.py
[2025-12-28T17:52:08.175+0000] {processor.py:830} INFO - Processing file /opt/airflow/dags/main.py for tasks to queue
[2025-12-28T17:52:08.176+0000] {logging_mixin.py:188} INFO - [2025-12-28T17:52:08.176+0000] {dagbag.py:545} INFO - Filling up the DagBag from /opt/airflow/dags/main.py
[2025-12-28T17:52:08.275+0000] {processor.py:840} INFO - DAG(s) 'update_db', 'youtube_video_stats' retrieved from /opt/airflow/dags/main.py
[2025-12-28T17:52:08.309+0000] {logging_mixin.py:188} INFO - [2025-12-28T17:52:08.309+0000] {dag.py:3096} INFO - Sync 2 DAGs
[2025-12-28T17:52:08.337+0000] {logging_mixin.py:188} INFO - [2025-12-28T17:52:08.337+0000] {dag.py:3954} INFO - Setting next_dagrun for update_db to 2025-12-28 15:00:00+00:00, run_after=2025-12-29 15:00:00+00:00
[2025-12-28T17:52:08.345+0000] {logging_mixin.py:188} INFO - [2025-12-28T17:52:08.345+0000] {dag.py:3954} INFO - Setting next_dagrun for youtube_video_stats to 2025-12-28 14:00:00+00:00, run_after=2025-12-29 14:00:00+00:00
[2025-12-28T17:52:08.372+0000] {processor.py:183} INFO - Processing /opt/airflow/dags/main.py took 0.205 seconds
[2025-12-28T17:52:38.573+0000] {processor.py:161} INFO - Started process (PID=19710) to work on /opt/airflow/dags/main.py
[2025-12-28T17:52:38.575+0000] {processor.py:830} INFO - Processing file /opt/airflow/dags/main.py for tasks to queue
[2025-12-28T17:52:38.577+0000] {logging_mixin.py:188} INFO - [2025-12-28T17:52:38.576+0000] {dagbag.py:545} INFO - Filling up the DagBag from /opt/airflow/dags/main.py
[2025-12-28T17:52:38.701+0000] {processor.py:840} INFO - DAG(s) 'youtube_video_stats', 'update_db' retrieved from /opt/airflow/dags/main.py
[2025-12-28T17:52:38.744+0000] {logging_mixin.py:188} INFO - [2025-12-28T17:52:38.744+0000] {dag.py:3096} INFO - Sync 2 DAGs
[2025-12-28T17:52:38.775+0000] {logging_mixin.py:188} INFO - [2025-12-28T17:52:38.774+0000] {dag.py:3954} INFO - Setting next_dagrun for update_db to 2025-12-28 15:00:00+00:00, run_after=2025-12-29 15:00:00+00:00
[2025-12-28T17:52:38.781+0000] {logging_mixin.py:188} INFO - [2025-12-28T17:52:38.781+0000] {dag.py:3954} INFO - Setting next_dagrun for youtube_video_stats to 2025-12-28 14:00:00+00:00, run_after=2025-12-29 14:00:00+00:00
[2025-12-28T17:52:38.805+0000] {processor.py:183} INFO - Processing /opt/airflow/dags/main.py took 0.241 seconds
[2025-12-28T17:53:08.855+0000] {processor.py:161} INFO - Started process (PID=19717) to work on /opt/airflow/dags/main.py
[2025-12-28T17:53:08.856+0000] {processor.py:830} INFO - Processing file /opt/airflow/dags/main.py for tasks to queue
[2025-12-28T17:53:08.857+0000] {logging_mixin.py:188} INFO - [2025-12-28T17:53:08.857+0000] {dagbag.py:545} INFO - Filling up the DagBag from /opt/airflow/dags/main.py
[2025-12-28T17:53:08.965+0000] {processor.py:840} INFO - DAG(s) 'update_db', 'youtube_video_stats' retrieved from /opt/airflow/dags/main.py
[2025-12-28T17:53:09.007+0000] {logging_mixin.py:188} INFO - [2025-12-28T17:53:09.007+0000] {dag.py:3096} INFO - Sync 2 DAGs
[2025-12-28T17:53:09.036+0000] {logging_mixin.py:188} INFO - [2025-12-28T17:53:09.036+0000] {dag.py:3954} INFO - Setting next_dagrun for update_db to 2025-12-28 15:00:00+00:00, run_after=2025-12-29 15:00:00+00:00
[2025-12-28T17:53:09.044+0000] {logging_mixin.py:188} INFO - [2025-12-28T17:53:09.044+0000] {dag.py:3954} INFO - Setting next_dagrun for youtube_video_stats to 2025-12-28 14:00:00+00:00, run_after=2025-12-29 14:00:00+00:00
[2025-12-28T17:53:09.075+0000] {processor.py:183} INFO - Processing /opt/airflow/dags/main.py took 0.227 seconds
[2025-12-28T17:53:39.158+0000] {processor.py:161} INFO - Started process (PID=19724) to work on /opt/airflow/dags/main.py
[2025-12-28T17:53:39.159+0000] {processor.py:830} INFO - Processing file /opt/airflow/dags/main.py for tasks to queue
[2025-12-28T17:53:39.160+0000] {logging_mixin.py:188} INFO - [2025-12-28T17:53:39.160+0000] {dagbag.py:545} INFO - Filling up the DagBag from /opt/airflow/dags/main.py
[2025-12-28T17:53:39.256+0000] {processor.py:840} INFO - DAG(s) 'update_db', 'youtube_video_stats' retrieved from /opt/airflow/dags/main.py
[2025-12-28T17:53:39.292+0000] {logging_mixin.py:188} INFO - [2025-12-28T17:53:39.291+0000] {dag.py:3096} INFO - Sync 2 DAGs
[2025-12-28T17:53:39.318+0000] {logging_mixin.py:188} INFO - [2025-12-28T17:53:39.318+0000] {dag.py:3954} INFO - Setting next_dagrun for update_db to 2025-12-28 15:00:00+00:00, run_after=2025-12-29 15:00:00+00:00
[2025-12-28T17:53:39.324+0000] {logging_mixin.py:188} INFO - [2025-12-28T17:53:39.324+0000] {dag.py:3954} INFO - Setting next_dagrun for youtube_video_stats to 2025-12-28 14:00:00+00:00, run_after=2025-12-29 14:00:00+00:00
[2025-12-28T17:53:39.353+0000] {processor.py:183} INFO - Processing /opt/airflow/dags/main.py took 0.201 seconds
[2025-12-28T17:54:09.431+0000] {processor.py:161} INFO - Started process (PID=19731) to work on /opt/airflow/dags/main.py
[2025-12-28T17:54:09.433+0000] {processor.py:830} INFO - Processing file /opt/airflow/dags/main.py for tasks to queue
[2025-12-28T17:54:09.435+0000] {logging_mixin.py:188} INFO - [2025-12-28T17:54:09.435+0000] {dagbag.py:545} INFO - Filling up the DagBag from /opt/airflow/dags/main.py
[2025-12-28T17:54:09.550+0000] {processor.py:840} INFO - DAG(s) 'update_db', 'youtube_video_stats' retrieved from /opt/airflow/dags/main.py
[2025-12-28T17:54:09.594+0000] {logging_mixin.py:188} INFO - [2025-12-28T17:54:09.593+0000] {dag.py:3096} INFO - Sync 2 DAGs
[2025-12-28T17:54:09.624+0000] {logging_mixin.py:188} INFO - [2025-12-28T17:54:09.624+0000] {dag.py:3954} INFO - Setting next_dagrun for update_db to 2025-12-28 15:00:00+00:00, run_after=2025-12-29 15:00:00+00:00
[2025-12-28T17:54:09.631+0000] {logging_mixin.py:188} INFO - [2025-12-28T17:54:09.631+0000] {dag.py:3954} INFO - Setting next_dagrun for youtube_video_stats to 2025-12-28 14:00:00+00:00, run_after=2025-12-29 14:00:00+00:00
[2025-12-28T17:54:09.657+0000] {processor.py:183} INFO - Processing /opt/airflow/dags/main.py took 0.235 seconds
[2025-12-28T17:54:39.727+0000] {processor.py:161} INFO - Started process (PID=19738) to work on /opt/airflow/dags/main.py
[2025-12-28T17:54:39.729+0000] {processor.py:830} INFO - Processing file /opt/airflow/dags/main.py for tasks to queue
[2025-12-28T17:54:39.730+0000] {logging_mixin.py:188} INFO - [2025-12-28T17:54:39.730+0000] {dagbag.py:545} INFO - Filling up the DagBag from /opt/airflow/dags/main.py
[2025-12-28T17:54:39.880+0000] {processor.py:840} INFO - DAG(s) 'update_db', 'youtube_video_stats' retrieved from /opt/airflow/dags/main.py
[2025-12-28T17:54:39.932+0000] {logging_mixin.py:188} INFO - [2025-12-28T17:54:39.932+0000] {dag.py:3096} INFO - Sync 2 DAGs
[2025-12-28T17:54:39.969+0000] {logging_mixin.py:188} INFO - [2025-12-28T17:54:39.969+0000] {dag.py:3954} INFO - Setting next_dagrun for update_db to 2025-12-28 15:00:00+00:00, run_after=2025-12-29 15:00:00+00:00
[2025-12-28T17:54:39.979+0000] {logging_mixin.py:188} INFO - [2025-12-28T17:54:39.978+0000] {dag.py:3954} INFO - Setting next_dagrun for youtube_video_stats to 2025-12-28 14:00:00+00:00, run_after=2025-12-29 14:00:00+00:00
[2025-12-28T17:54:40.008+0000] {processor.py:183} INFO - Processing /opt/airflow/dags/main.py took 0.290 seconds
[2025-12-28T17:55:10.225+0000] {processor.py:161} INFO - Started process (PID=19745) to work on /opt/airflow/dags/main.py
[2025-12-28T17:55:10.227+0000] {processor.py:830} INFO - Processing file /opt/airflow/dags/main.py for tasks to queue
[2025-12-28T17:55:10.228+0000] {logging_mixin.py:188} INFO - [2025-12-28T17:55:10.228+0000] {dagbag.py:545} INFO - Filling up the DagBag from /opt/airflow/dags/main.py
[2025-12-28T17:55:10.344+0000] {processor.py:840} INFO - DAG(s) 'update_db', 'youtube_video_stats' retrieved from /opt/airflow/dags/main.py
[2025-12-28T17:55:10.389+0000] {logging_mixin.py:188} INFO - [2025-12-28T17:55:10.388+0000] {dag.py:3096} INFO - Sync 2 DAGs
[2025-12-28T17:55:10.423+0000] {logging_mixin.py:188} INFO - [2025-12-28T17:55:10.423+0000] {dag.py:3954} INFO - Setting next_dagrun for update_db to 2025-12-28 15:00:00+00:00, run_after=2025-12-29 15:00:00+00:00
[2025-12-28T17:55:10.431+0000] {logging_mixin.py:188} INFO - [2025-12-28T17:55:10.430+0000] {dag.py:3954} INFO - Setting next_dagrun for youtube_video_stats to 2025-12-28 14:00:00+00:00, run_after=2025-12-29 14:00:00+00:00
[2025-12-28T17:55:10.460+0000] {processor.py:183} INFO - Processing /opt/airflow/dags/main.py took 0.248 seconds
[2025-12-28T17:55:40.660+0000] {processor.py:161} INFO - Started process (PID=19752) to work on /opt/airflow/dags/main.py
[2025-12-28T17:55:40.662+0000] {processor.py:830} INFO - Processing file /opt/airflow/dags/main.py for tasks to queue
[2025-12-28T17:55:40.664+0000] {logging_mixin.py:188} INFO - [2025-12-28T17:55:40.663+0000] {dagbag.py:545} INFO - Filling up the DagBag from /opt/airflow/dags/main.py
[2025-12-28T17:55:40.817+0000] {processor.py:840} INFO - DAG(s) 'youtube_video_stats', 'update_db' retrieved from /opt/airflow/dags/main.py
[2025-12-28T17:55:40.883+0000] {logging_mixin.py:188} INFO - [2025-12-28T17:55:40.883+0000] {dag.py:3096} INFO - Sync 2 DAGs
[2025-12-28T17:55:40.926+0000] {logging_mixin.py:188} INFO - [2025-12-28T17:55:40.926+0000] {dag.py:3954} INFO - Setting next_dagrun for update_db to 2025-12-28 15:00:00+00:00, run_after=2025-12-29 15:00:00+00:00
[2025-12-28T17:55:40.934+0000] {logging_mixin.py:188} INFO - [2025-12-28T17:55:40.933+0000] {dag.py:3954} INFO - Setting next_dagrun for youtube_video_stats to 2025-12-28 14:00:00+00:00, run_after=2025-12-29 14:00:00+00:00
[2025-12-28T17:55:40.971+0000] {processor.py:183} INFO - Processing /opt/airflow/dags/main.py took 0.319 seconds
[2025-12-28T17:56:11.195+0000] {processor.py:161} INFO - Started process (PID=19759) to work on /opt/airflow/dags/main.py
[2025-12-28T17:56:11.196+0000] {processor.py:830} INFO - Processing file /opt/airflow/dags/main.py for tasks to queue
[2025-12-28T17:56:11.197+0000] {logging_mixin.py:188} INFO - [2025-12-28T17:56:11.197+0000] {dagbag.py:545} INFO - Filling up the DagBag from /opt/airflow/dags/main.py
[2025-12-28T17:56:11.294+0000] {processor.py:840} INFO - DAG(s) 'update_db', 'youtube_video_stats' retrieved from /opt/airflow/dags/main.py
[2025-12-28T17:56:11.336+0000] {logging_mixin.py:188} INFO - [2025-12-28T17:56:11.335+0000] {dag.py:3096} INFO - Sync 2 DAGs
[2025-12-28T17:56:11.365+0000] {logging_mixin.py:188} INFO - [2025-12-28T17:56:11.365+0000] {dag.py:3954} INFO - Setting next_dagrun for update_db to 2025-12-28 15:00:00+00:00, run_after=2025-12-29 15:00:00+00:00
[2025-12-28T17:56:11.372+0000] {logging_mixin.py:188} INFO - [2025-12-28T17:56:11.371+0000] {dag.py:3954} INFO - Setting next_dagrun for youtube_video_stats to 2025-12-28 14:00:00+00:00, run_after=2025-12-29 14:00:00+00:00
[2025-12-28T17:56:11.398+0000] {processor.py:183} INFO - Processing /opt/airflow/dags/main.py took 0.210 seconds
[2025-12-28T17:56:41.620+0000] {processor.py:161} INFO - Started process (PID=19766) to work on /opt/airflow/dags/main.py
[2025-12-28T17:56:41.621+0000] {processor.py:830} INFO - Processing file /opt/airflow/dags/main.py for tasks to queue
[2025-12-28T17:56:41.622+0000] {logging_mixin.py:188} INFO - [2025-12-28T17:56:41.622+0000] {dagbag.py:545} INFO - Filling up the DagBag from /opt/airflow/dags/main.py
[2025-12-28T17:56:41.717+0000] {processor.py:840} INFO - DAG(s) 'update_db', 'youtube_video_stats' retrieved from /opt/airflow/dags/main.py
[2025-12-28T17:56:41.757+0000] {logging_mixin.py:188} INFO - [2025-12-28T17:56:41.756+0000] {dag.py:3096} INFO - Sync 2 DAGs
[2025-12-28T17:56:41.780+0000] {logging_mixin.py:188} INFO - [2025-12-28T17:56:41.780+0000] {dag.py:3954} INFO - Setting next_dagrun for update_db to 2025-12-28 15:00:00+00:00, run_after=2025-12-29 15:00:00+00:00
[2025-12-28T17:56:41.787+0000] {logging_mixin.py:188} INFO - [2025-12-28T17:56:41.787+0000] {dag.py:3954} INFO - Setting next_dagrun for youtube_video_stats to 2025-12-28 14:00:00+00:00, run_after=2025-12-29 14:00:00+00:00
[2025-12-28T17:56:41.809+0000] {processor.py:183} INFO - Processing /opt/airflow/dags/main.py took 0.196 seconds
[2025-12-28T17:57:11.994+0000] {processor.py:161} INFO - Started process (PID=19773) to work on /opt/airflow/dags/main.py
[2025-12-28T17:57:11.996+0000] {processor.py:830} INFO - Processing file /opt/airflow/dags/main.py for tasks to queue
[2025-12-28T17:57:11.997+0000] {logging_mixin.py:188} INFO - [2025-12-28T17:57:11.996+0000] {dagbag.py:545} INFO - Filling up the DagBag from /opt/airflow/dags/main.py
[2025-12-28T17:57:12.105+0000] {processor.py:840} INFO - DAG(s) 'update_db', 'youtube_video_stats' retrieved from /opt/airflow/dags/main.py
[2025-12-28T17:57:12.147+0000] {logging_mixin.py:188} INFO - [2025-12-28T17:57:12.146+0000] {dag.py:3096} INFO - Sync 2 DAGs
[2025-12-28T17:57:12.171+0000] {logging_mixin.py:188} INFO - [2025-12-28T17:57:12.171+0000] {dag.py:3954} INFO - Setting next_dagrun for update_db to 2025-12-28 15:00:00+00:00, run_after=2025-12-29 15:00:00+00:00
[2025-12-28T17:57:12.177+0000] {logging_mixin.py:188} INFO - [2025-12-28T17:57:12.177+0000] {dag.py:3954} INFO - Setting next_dagrun for youtube_video_stats to 2025-12-28 14:00:00+00:00, run_after=2025-12-29 14:00:00+00:00
[2025-12-28T17:57:12.197+0000] {processor.py:183} INFO - Processing /opt/airflow/dags/main.py took 0.210 seconds
[2025-12-28T17:57:42.382+0000] {processor.py:161} INFO - Started process (PID=19779) to work on /opt/airflow/dags/main.py
[2025-12-28T17:57:42.383+0000] {processor.py:830} INFO - Processing file /opt/airflow/dags/main.py for tasks to queue
[2025-12-28T17:57:42.384+0000] {logging_mixin.py:188} INFO - [2025-12-28T17:57:42.384+0000] {dagbag.py:545} INFO - Filling up the DagBag from /opt/airflow/dags/main.py
[2025-12-28T17:57:42.481+0000] {processor.py:840} INFO - DAG(s) 'update_db', 'youtube_video_stats' retrieved from /opt/airflow/dags/main.py
[2025-12-28T17:57:42.539+0000] {logging_mixin.py:188} INFO - [2025-12-28T17:57:42.539+0000] {dag.py:3096} INFO - Sync 2 DAGs
[2025-12-28T17:57:42.574+0000] {logging_mixin.py:188} INFO - [2025-12-28T17:57:42.574+0000] {dag.py:3954} INFO - Setting next_dagrun for update_db to 2025-12-28 15:00:00+00:00, run_after=2025-12-29 15:00:00+00:00
[2025-12-28T17:57:42.583+0000] {logging_mixin.py:188} INFO - [2025-12-28T17:57:42.583+0000] {dag.py:3954} INFO - Setting next_dagrun for youtube_video_stats to 2025-12-28 14:00:00+00:00, run_after=2025-12-29 14:00:00+00:00
[2025-12-28T17:57:42.611+0000] {processor.py:183} INFO - Processing /opt/airflow/dags/main.py took 0.238 seconds
[2025-12-28T17:58:12.934+0000] {processor.py:161} INFO - Started process (PID=19786) to work on /opt/airflow/dags/main.py
[2025-12-28T17:58:12.936+0000] {processor.py:830} INFO - Processing file /opt/airflow/dags/main.py for tasks to queue
[2025-12-28T17:58:12.937+0000] {logging_mixin.py:188} INFO - [2025-12-28T17:58:12.936+0000] {dagbag.py:545} INFO - Filling up the DagBag from /opt/airflow/dags/main.py
[2025-12-28T17:58:13.042+0000] {processor.py:840} INFO - DAG(s) 'youtube_video_stats', 'update_db' retrieved from /opt/airflow/dags/main.py
[2025-12-28T17:58:13.082+0000] {logging_mixin.py:188} INFO - [2025-12-28T17:58:13.082+0000] {dag.py:3096} INFO - Sync 2 DAGs
[2025-12-28T17:58:13.112+0000] {logging_mixin.py:188} INFO - [2025-12-28T17:58:13.112+0000] {dag.py:3954} INFO - Setting next_dagrun for update_db to 2025-12-28 15:00:00+00:00, run_after=2025-12-29 15:00:00+00:00
[2025-12-28T17:58:13.119+0000] {logging_mixin.py:188} INFO - [2025-12-28T17:58:13.119+0000] {dag.py:3954} INFO - Setting next_dagrun for youtube_video_stats to 2025-12-28 14:00:00+00:00, run_after=2025-12-29 14:00:00+00:00
[2025-12-28T17:58:13.145+0000] {processor.py:183} INFO - Processing /opt/airflow/dags/main.py took 0.217 seconds
[2025-12-28T17:58:43.332+0000] {processor.py:161} INFO - Started process (PID=19793) to work on /opt/airflow/dags/main.py
[2025-12-28T17:58:43.334+0000] {processor.py:830} INFO - Processing file /opt/airflow/dags/main.py for tasks to queue
[2025-12-28T17:58:43.335+0000] {logging_mixin.py:188} INFO - [2025-12-28T17:58:43.334+0000] {dagbag.py:545} INFO - Filling up the DagBag from /opt/airflow/dags/main.py
[2025-12-28T17:58:43.452+0000] {processor.py:840} INFO - DAG(s) 'update_db', 'youtube_video_stats' retrieved from /opt/airflow/dags/main.py
[2025-12-28T17:58:43.489+0000] {logging_mixin.py:188} INFO - [2025-12-28T17:58:43.488+0000] {dag.py:3096} INFO - Sync 2 DAGs
[2025-12-28T17:58:43.515+0000] {logging_mixin.py:188} INFO - [2025-12-28T17:58:43.515+0000] {dag.py:3954} INFO - Setting next_dagrun for update_db to 2025-12-28 15:00:00+00:00, run_after=2025-12-29 15:00:00+00:00
[2025-12-28T17:58:43.522+0000] {logging_mixin.py:188} INFO - [2025-12-28T17:58:43.522+0000] {dag.py:3954} INFO - Setting next_dagrun for youtube_video_stats to 2025-12-28 14:00:00+00:00, run_after=2025-12-29 14:00:00+00:00
[2025-12-28T17:58:43.544+0000] {processor.py:183} INFO - Processing /opt/airflow/dags/main.py took 0.220 seconds
[2025-12-28T17:59:13.740+0000] {processor.py:161} INFO - Started process (PID=19800) to work on /opt/airflow/dags/main.py
[2025-12-28T17:59:13.741+0000] {processor.py:830} INFO - Processing file /opt/airflow/dags/main.py for tasks to queue
[2025-12-28T17:59:13.743+0000] {logging_mixin.py:188} INFO - [2025-12-28T17:59:13.742+0000] {dagbag.py:545} INFO - Filling up the DagBag from /opt/airflow/dags/main.py
[2025-12-28T17:59:13.858+0000] {processor.py:840} INFO - DAG(s) 'update_db', 'youtube_video_stats' retrieved from /opt/airflow/dags/main.py
[2025-12-28T17:59:13.900+0000] {logging_mixin.py:188} INFO - [2025-12-28T17:59:13.900+0000] {dag.py:3096} INFO - Sync 2 DAGs
[2025-12-28T17:59:13.929+0000] {logging_mixin.py:188} INFO - [2025-12-28T17:59:13.929+0000] {dag.py:3954} INFO - Setting next_dagrun for update_db to 2025-12-28 15:00:00+00:00, run_after=2025-12-29 15:00:00+00:00
[2025-12-28T17:59:13.936+0000] {logging_mixin.py:188} INFO - [2025-12-28T17:59:13.936+0000] {dag.py:3954} INFO - Setting next_dagrun for youtube_video_stats to 2025-12-28 14:00:00+00:00, run_after=2025-12-29 14:00:00+00:00
[2025-12-28T17:59:13.962+0000] {processor.py:183} INFO - Processing /opt/airflow/dags/main.py took 0.229 seconds
[2025-12-28T17:59:44.154+0000] {processor.py:161} INFO - Started process (PID=19807) to work on /opt/airflow/dags/main.py
[2025-12-28T17:59:44.156+0000] {processor.py:830} INFO - Processing file /opt/airflow/dags/main.py for tasks to queue
[2025-12-28T17:59:44.158+0000] {logging_mixin.py:188} INFO - [2025-12-28T17:59:44.157+0000] {dagbag.py:545} INFO - Filling up the DagBag from /opt/airflow/dags/main.py
[2025-12-28T17:59:44.281+0000] {processor.py:840} INFO - DAG(s) 'youtube_video_stats', 'update_db' retrieved from /opt/airflow/dags/main.py
[2025-12-28T17:59:44.318+0000] {logging_mixin.py:188} INFO - [2025-12-28T17:59:44.318+0000] {dag.py:3096} INFO - Sync 2 DAGs
[2025-12-28T17:59:44.346+0000] {logging_mixin.py:188} INFO - [2025-12-28T17:59:44.345+0000] {dag.py:3954} INFO - Setting next_dagrun for update_db to 2025-12-28 15:00:00+00:00, run_after=2025-12-29 15:00:00+00:00
[2025-12-28T17:59:44.352+0000] {logging_mixin.py:188} INFO - [2025-12-28T17:59:44.352+0000] {dag.py:3954} INFO - Setting next_dagrun for youtube_video_stats to 2025-12-28 14:00:00+00:00, run_after=2025-12-29 14:00:00+00:00
[2025-12-28T17:59:44.376+0000] {processor.py:183} INFO - Processing /opt/airflow/dags/main.py took 0.231 seconds
[2025-12-28T18:00:14.592+0000] {processor.py:161} INFO - Started process (PID=19814) to work on /opt/airflow/dags/main.py
[2025-12-28T18:00:14.593+0000] {processor.py:830} INFO - Processing file /opt/airflow/dags/main.py for tasks to queue
[2025-12-28T18:00:14.594+0000] {logging_mixin.py:188} INFO - [2025-12-28T18:00:14.594+0000] {dagbag.py:545} INFO - Filling up the DagBag from /opt/airflow/dags/main.py
[2025-12-28T18:00:14.698+0000] {processor.py:840} INFO - DAG(s) 'youtube_video_stats', 'update_db' retrieved from /opt/airflow/dags/main.py
[2025-12-28T18:00:14.734+0000] {logging_mixin.py:188} INFO - [2025-12-28T18:00:14.734+0000] {dag.py:3096} INFO - Sync 2 DAGs
[2025-12-28T18:00:14.765+0000] {logging_mixin.py:188} INFO - [2025-12-28T18:00:14.764+0000] {dag.py:3954} INFO - Setting next_dagrun for update_db to 2025-12-28 15:00:00+00:00, run_after=2025-12-29 15:00:00+00:00
[2025-12-28T18:00:14.773+0000] {logging_mixin.py:188} INFO - [2025-12-28T18:00:14.773+0000] {dag.py:3954} INFO - Setting next_dagrun for youtube_video_stats to 2025-12-28 14:00:00+00:00, run_after=2025-12-29 14:00:00+00:00
[2025-12-28T18:00:14.799+0000] {processor.py:183} INFO - Processing /opt/airflow/dags/main.py took 0.215 seconds
[2025-12-28T18:00:44.843+0000] {processor.py:161} INFO - Started process (PID=19821) to work on /opt/airflow/dags/main.py
[2025-12-28T18:00:44.844+0000] {processor.py:830} INFO - Processing file /opt/airflow/dags/main.py for tasks to queue
[2025-12-28T18:00:44.845+0000] {logging_mixin.py:188} INFO - [2025-12-28T18:00:44.845+0000] {dagbag.py:545} INFO - Filling up the DagBag from /opt/airflow/dags/main.py
[2025-12-28T18:00:44.944+0000] {processor.py:840} INFO - DAG(s) 'youtube_video_stats', 'update_db' retrieved from /opt/airflow/dags/main.py
[2025-12-28T18:00:44.982+0000] {logging_mixin.py:188} INFO - [2025-12-28T18:00:44.981+0000] {dag.py:3096} INFO - Sync 2 DAGs
[2025-12-28T18:00:45.008+0000] {logging_mixin.py:188} INFO - [2025-12-28T18:00:45.008+0000] {dag.py:3954} INFO - Setting next_dagrun for update_db to 2025-12-28 15:00:00+00:00, run_after=2025-12-29 15:00:00+00:00
[2025-12-28T18:00:45.016+0000] {logging_mixin.py:188} INFO - [2025-12-28T18:00:45.016+0000] {dag.py:3954} INFO - Setting next_dagrun for youtube_video_stats to 2025-12-28 14:00:00+00:00, run_after=2025-12-29 14:00:00+00:00
[2025-12-28T18:00:45.039+0000] {processor.py:183} INFO - Processing /opt/airflow/dags/main.py took 0.203 seconds
[2025-12-28T18:01:15.182+0000] {processor.py:161} INFO - Started process (PID=19828) to work on /opt/airflow/dags/main.py
[2025-12-28T18:01:15.183+0000] {processor.py:830} INFO - Processing file /opt/airflow/dags/main.py for tasks to queue
[2025-12-28T18:01:15.184+0000] {logging_mixin.py:188} INFO - [2025-12-28T18:01:15.184+0000] {dagbag.py:545} INFO - Filling up the DagBag from /opt/airflow/dags/main.py
[2025-12-28T18:01:15.286+0000] {processor.py:840} INFO - DAG(s) 'youtube_video_stats', 'update_db' retrieved from /opt/airflow/dags/main.py
[2025-12-28T18:01:15.321+0000] {logging_mixin.py:188} INFO - [2025-12-28T18:01:15.321+0000] {dag.py:3096} INFO - Sync 2 DAGs
[2025-12-28T18:01:15.351+0000] {logging_mixin.py:188} INFO - [2025-12-28T18:01:15.351+0000] {dag.py:3954} INFO - Setting next_dagrun for update_db to 2025-12-28 15:00:00+00:00, run_after=2025-12-29 15:00:00+00:00
[2025-12-28T18:01:15.357+0000] {logging_mixin.py:188} INFO - [2025-12-28T18:01:15.357+0000] {dag.py:3954} INFO - Setting next_dagrun for youtube_video_stats to 2025-12-28 14:00:00+00:00, run_after=2025-12-29 14:00:00+00:00
[2025-12-28T18:01:15.380+0000] {processor.py:183} INFO - Processing /opt/airflow/dags/main.py took 0.205 seconds
[2025-12-28T18:01:45.570+0000] {processor.py:161} INFO - Started process (PID=19835) to work on /opt/airflow/dags/main.py
[2025-12-28T18:01:45.572+0000] {processor.py:830} INFO - Processing file /opt/airflow/dags/main.py for tasks to queue
[2025-12-28T18:01:45.573+0000] {logging_mixin.py:188} INFO - [2025-12-28T18:01:45.573+0000] {dagbag.py:545} INFO - Filling up the DagBag from /opt/airflow/dags/main.py
[2025-12-28T18:01:45.704+0000] {processor.py:840} INFO - DAG(s) 'youtube_video_stats', 'update_db' retrieved from /opt/airflow/dags/main.py
[2025-12-28T18:01:45.750+0000] {logging_mixin.py:188} INFO - [2025-12-28T18:01:45.750+0000] {dag.py:3096} INFO - Sync 2 DAGs
[2025-12-28T18:01:45.784+0000] {logging_mixin.py:188} INFO - [2025-12-28T18:01:45.784+0000] {dag.py:3954} INFO - Setting next_dagrun for update_db to 2025-12-28 15:00:00+00:00, run_after=2025-12-29 15:00:00+00:00
[2025-12-28T18:01:45.792+0000] {logging_mixin.py:188} INFO - [2025-12-28T18:01:45.792+0000] {dag.py:3954} INFO - Setting next_dagrun for youtube_video_stats to 2025-12-28 14:00:00+00:00, run_after=2025-12-29 14:00:00+00:00
[2025-12-28T18:01:45.819+0000] {processor.py:183} INFO - Processing /opt/airflow/dags/main.py took 0.258 seconds
[2025-12-28T18:02:16.015+0000] {processor.py:161} INFO - Started process (PID=19842) to work on /opt/airflow/dags/main.py
[2025-12-28T18:02:16.017+0000] {processor.py:830} INFO - Processing file /opt/airflow/dags/main.py for tasks to queue
[2025-12-28T18:02:16.018+0000] {logging_mixin.py:188} INFO - [2025-12-28T18:02:16.017+0000] {dagbag.py:545} INFO - Filling up the DagBag from /opt/airflow/dags/main.py
[2025-12-28T18:02:16.109+0000] {processor.py:840} INFO - DAG(s) 'update_db', 'youtube_video_stats' retrieved from /opt/airflow/dags/main.py
[2025-12-28T18:02:16.146+0000] {logging_mixin.py:188} INFO - [2025-12-28T18:02:16.146+0000] {dag.py:3096} INFO - Sync 2 DAGs
[2025-12-28T18:02:16.171+0000] {logging_mixin.py:188} INFO - [2025-12-28T18:02:16.171+0000] {dag.py:3954} INFO - Setting next_dagrun for update_db to 2025-12-28 15:00:00+00:00, run_after=2025-12-29 15:00:00+00:00
[2025-12-28T18:02:16.177+0000] {logging_mixin.py:188} INFO - [2025-12-28T18:02:16.177+0000] {dag.py:3954} INFO - Setting next_dagrun for youtube_video_stats to 2025-12-28 14:00:00+00:00, run_after=2025-12-29 14:00:00+00:00
[2025-12-28T18:02:16.199+0000] {processor.py:183} INFO - Processing /opt/airflow/dags/main.py took 0.191 seconds
[2025-12-28T18:02:46.402+0000] {processor.py:161} INFO - Started process (PID=19849) to work on /opt/airflow/dags/main.py
[2025-12-28T18:02:46.404+0000] {processor.py:830} INFO - Processing file /opt/airflow/dags/main.py for tasks to queue
[2025-12-28T18:02:46.406+0000] {logging_mixin.py:188} INFO - [2025-12-28T18:02:46.406+0000] {dagbag.py:545} INFO - Filling up the DagBag from /opt/airflow/dags/main.py
[2025-12-28T18:02:46.519+0000] {processor.py:840} INFO - DAG(s) 'youtube_video_stats', 'update_db' retrieved from /opt/airflow/dags/main.py
[2025-12-28T18:02:46.565+0000] {logging_mixin.py:188} INFO - [2025-12-28T18:02:46.565+0000] {dag.py:3096} INFO - Sync 2 DAGs
[2025-12-28T18:02:46.593+0000] {logging_mixin.py:188} INFO - [2025-12-28T18:02:46.593+0000] {dag.py:3954} INFO - Setting next_dagrun for update_db to 2025-12-28 15:00:00+00:00, run_after=2025-12-29 15:00:00+00:00
[2025-12-28T18:02:46.600+0000] {logging_mixin.py:188} INFO - [2025-12-28T18:02:46.600+0000] {dag.py:3954} INFO - Setting next_dagrun for youtube_video_stats to 2025-12-28 14:00:00+00:00, run_after=2025-12-29 14:00:00+00:00
[2025-12-28T18:02:46.621+0000] {processor.py:183} INFO - Processing /opt/airflow/dags/main.py took 0.227 seconds
[2025-12-28T18:03:16.958+0000] {processor.py:161} INFO - Started process (PID=19856) to work on /opt/airflow/dags/main.py
[2025-12-28T18:03:16.959+0000] {processor.py:830} INFO - Processing file /opt/airflow/dags/main.py for tasks to queue
[2025-12-28T18:03:16.961+0000] {logging_mixin.py:188} INFO - [2025-12-28T18:03:16.960+0000] {dagbag.py:545} INFO - Filling up the DagBag from /opt/airflow/dags/main.py
[2025-12-28T18:03:17.068+0000] {processor.py:840} INFO - DAG(s) 'update_db', 'youtube_video_stats' retrieved from /opt/airflow/dags/main.py
[2025-12-28T18:03:17.105+0000] {logging_mixin.py:188} INFO - [2025-12-28T18:03:17.105+0000] {dag.py:3096} INFO - Sync 2 DAGs
[2025-12-28T18:03:17.131+0000] {logging_mixin.py:188} INFO - [2025-12-28T18:03:17.131+0000] {dag.py:3954} INFO - Setting next_dagrun for update_db to 2025-12-28 15:00:00+00:00, run_after=2025-12-29 15:00:00+00:00
[2025-12-28T18:03:17.137+0000] {logging_mixin.py:188} INFO - [2025-12-28T18:03:17.137+0000] {dag.py:3954} INFO - Setting next_dagrun for youtube_video_stats to 2025-12-28 14:00:00+00:00, run_after=2025-12-29 14:00:00+00:00
[2025-12-28T18:03:17.159+0000] {processor.py:183} INFO - Processing /opt/airflow/dags/main.py took 0.208 seconds
[2025-12-28T18:03:47.346+0000] {processor.py:161} INFO - Started process (PID=19863) to work on /opt/airflow/dags/main.py
[2025-12-28T18:03:47.348+0000] {processor.py:830} INFO - Processing file /opt/airflow/dags/main.py for tasks to queue
[2025-12-28T18:03:47.350+0000] {logging_mixin.py:188} INFO - [2025-12-28T18:03:47.349+0000] {dagbag.py:545} INFO - Filling up the DagBag from /opt/airflow/dags/main.py
[2025-12-28T18:03:47.509+0000] {processor.py:840} INFO - DAG(s) 'youtube_video_stats', 'update_db' retrieved from /opt/airflow/dags/main.py
[2025-12-28T18:03:47.549+0000] {logging_mixin.py:188} INFO - [2025-12-28T18:03:47.549+0000] {dag.py:3096} INFO - Sync 2 DAGs
[2025-12-28T18:03:47.582+0000] {logging_mixin.py:188} INFO - [2025-12-28T18:03:47.581+0000] {dag.py:3954} INFO - Setting next_dagrun for update_db to 2025-12-28 15:00:00+00:00, run_after=2025-12-29 15:00:00+00:00
[2025-12-28T18:03:47.590+0000] {logging_mixin.py:188} INFO - [2025-12-28T18:03:47.589+0000] {dag.py:3954} INFO - Setting next_dagrun for youtube_video_stats to 2025-12-28 14:00:00+00:00, run_after=2025-12-29 14:00:00+00:00
[2025-12-28T18:03:47.616+0000] {processor.py:183} INFO - Processing /opt/airflow/dags/main.py took 0.279 seconds
[2025-12-28T18:04:17.813+0000] {processor.py:161} INFO - Started process (PID=19870) to work on /opt/airflow/dags/main.py
[2025-12-28T18:04:17.814+0000] {processor.py:830} INFO - Processing file /opt/airflow/dags/main.py for tasks to queue
[2025-12-28T18:04:17.815+0000] {logging_mixin.py:188} INFO - [2025-12-28T18:04:17.815+0000] {dagbag.py:545} INFO - Filling up the DagBag from /opt/airflow/dags/main.py
[2025-12-28T18:04:17.923+0000] {processor.py:840} INFO - DAG(s) 'youtube_video_stats', 'update_db' retrieved from /opt/airflow/dags/main.py
[2025-12-28T18:04:17.964+0000] {logging_mixin.py:188} INFO - [2025-12-28T18:04:17.964+0000] {dag.py:3096} INFO - Sync 2 DAGs
[2025-12-28T18:04:17.994+0000] {logging_mixin.py:188} INFO - [2025-12-28T18:04:17.993+0000] {dag.py:3954} INFO - Setting next_dagrun for update_db to 2025-12-28 15:00:00+00:00, run_after=2025-12-29 15:00:00+00:00
[2025-12-28T18:04:18.000+0000] {logging_mixin.py:188} INFO - [2025-12-28T18:04:18.000+0000] {dag.py:3954} INFO - Setting next_dagrun for youtube_video_stats to 2025-12-28 14:00:00+00:00, run_after=2025-12-29 14:00:00+00:00
[2025-12-28T18:04:18.028+0000] {processor.py:183} INFO - Processing /opt/airflow/dags/main.py took 0.222 seconds
[2025-12-28T18:04:48.215+0000] {processor.py:161} INFO - Started process (PID=19877) to work on /opt/airflow/dags/main.py
[2025-12-28T18:04:48.217+0000] {processor.py:830} INFO - Processing file /opt/airflow/dags/main.py for tasks to queue
[2025-12-28T18:04:48.218+0000] {logging_mixin.py:188} INFO - [2025-12-28T18:04:48.218+0000] {dagbag.py:545} INFO - Filling up the DagBag from /opt/airflow/dags/main.py
[2025-12-28T18:04:48.319+0000] {processor.py:840} INFO - DAG(s) 'update_db', 'youtube_video_stats' retrieved from /opt/airflow/dags/main.py
[2025-12-28T18:04:48.357+0000] {logging_mixin.py:188} INFO - [2025-12-28T18:04:48.356+0000] {dag.py:3096} INFO - Sync 2 DAGs
[2025-12-28T18:04:48.386+0000] {logging_mixin.py:188} INFO - [2025-12-28T18:04:48.386+0000] {dag.py:3954} INFO - Setting next_dagrun for update_db to 2025-12-28 15:00:00+00:00, run_after=2025-12-29 15:00:00+00:00
[2025-12-28T18:04:48.394+0000] {logging_mixin.py:188} INFO - [2025-12-28T18:04:48.393+0000] {dag.py:3954} INFO - Setting next_dagrun for youtube_video_stats to 2025-12-28 14:00:00+00:00, run_after=2025-12-29 14:00:00+00:00
[2025-12-28T18:04:48.418+0000] {processor.py:183} INFO - Processing /opt/airflow/dags/main.py took 0.210 seconds
[2025-12-28T18:05:18.599+0000] {processor.py:161} INFO - Started process (PID=19884) to work on /opt/airflow/dags/main.py
[2025-12-28T18:05:18.601+0000] {processor.py:830} INFO - Processing file /opt/airflow/dags/main.py for tasks to queue
[2025-12-28T18:05:18.602+0000] {logging_mixin.py:188} INFO - [2025-12-28T18:05:18.601+0000] {dagbag.py:545} INFO - Filling up the DagBag from /opt/airflow/dags/main.py
[2025-12-28T18:05:18.705+0000] {processor.py:840} INFO - DAG(s) 'youtube_video_stats', 'update_db' retrieved from /opt/airflow/dags/main.py
[2025-12-28T18:05:18.745+0000] {logging_mixin.py:188} INFO - [2025-12-28T18:05:18.745+0000] {dag.py:3096} INFO - Sync 2 DAGs
[2025-12-28T18:05:18.770+0000] {logging_mixin.py:188} INFO - [2025-12-28T18:05:18.770+0000] {dag.py:3954} INFO - Setting next_dagrun for update_db to 2025-12-28 15:00:00+00:00, run_after=2025-12-29 15:00:00+00:00
[2025-12-28T18:05:18.776+0000] {logging_mixin.py:188} INFO - [2025-12-28T18:05:18.776+0000] {dag.py:3954} INFO - Setting next_dagrun for youtube_video_stats to 2025-12-28 14:00:00+00:00, run_after=2025-12-29 14:00:00+00:00
[2025-12-28T18:05:18.796+0000] {processor.py:183} INFO - Processing /opt/airflow/dags/main.py took 0.204 seconds
[2025-12-28T18:05:48.997+0000] {processor.py:161} INFO - Started process (PID=19891) to work on /opt/airflow/dags/main.py
[2025-12-28T18:05:48.999+0000] {processor.py:830} INFO - Processing file /opt/airflow/dags/main.py for tasks to queue
[2025-12-28T18:05:49.000+0000] {logging_mixin.py:188} INFO - [2025-12-28T18:05:49.000+0000] {dagbag.py:545} INFO - Filling up the DagBag from /opt/airflow/dags/main.py
[2025-12-28T18:05:49.111+0000] {processor.py:840} INFO - DAG(s) 'update_db', 'youtube_video_stats' retrieved from /opt/airflow/dags/main.py
[2025-12-28T18:05:49.147+0000] {logging_mixin.py:188} INFO - [2025-12-28T18:05:49.147+0000] {dag.py:3096} INFO - Sync 2 DAGs
[2025-12-28T18:05:49.174+0000] {logging_mixin.py:188} INFO - [2025-12-28T18:05:49.173+0000] {dag.py:3954} INFO - Setting next_dagrun for update_db to 2025-12-28 15:00:00+00:00, run_after=2025-12-29 15:00:00+00:00
[2025-12-28T18:05:49.180+0000] {logging_mixin.py:188} INFO - [2025-12-28T18:05:49.180+0000] {dag.py:3954} INFO - Setting next_dagrun for youtube_video_stats to 2025-12-28 14:00:00+00:00, run_after=2025-12-29 14:00:00+00:00
[2025-12-28T18:05:49.207+0000] {processor.py:183} INFO - Processing /opt/airflow/dags/main.py took 0.217 seconds
[2025-12-28T18:06:19.406+0000] {processor.py:161} INFO - Started process (PID=19898) to work on /opt/airflow/dags/main.py
[2025-12-28T18:06:19.407+0000] {processor.py:830} INFO - Processing file /opt/airflow/dags/main.py for tasks to queue
[2025-12-28T18:06:19.408+0000] {logging_mixin.py:188} INFO - [2025-12-28T18:06:19.408+0000] {dagbag.py:545} INFO - Filling up the DagBag from /opt/airflow/dags/main.py
[2025-12-28T18:06:19.515+0000] {processor.py:840} INFO - DAG(s) 'update_db', 'youtube_video_stats' retrieved from /opt/airflow/dags/main.py
[2025-12-28T18:06:19.555+0000] {logging_mixin.py:188} INFO - [2025-12-28T18:06:19.555+0000] {dag.py:3096} INFO - Sync 2 DAGs
[2025-12-28T18:06:19.579+0000] {logging_mixin.py:188} INFO - [2025-12-28T18:06:19.579+0000] {dag.py:3954} INFO - Setting next_dagrun for update_db to 2025-12-28 15:00:00+00:00, run_after=2025-12-29 15:00:00+00:00
[2025-12-28T18:06:19.587+0000] {logging_mixin.py:188} INFO - [2025-12-28T18:06:19.587+0000] {dag.py:3954} INFO - Setting next_dagrun for youtube_video_stats to 2025-12-28 14:00:00+00:00, run_after=2025-12-29 14:00:00+00:00
[2025-12-28T18:06:19.609+0000] {processor.py:183} INFO - Processing /opt/airflow/dags/main.py took 0.210 seconds
[2025-12-28T18:06:49.805+0000] {processor.py:161} INFO - Started process (PID=19905) to work on /opt/airflow/dags/main.py
[2025-12-28T18:06:49.806+0000] {processor.py:830} INFO - Processing file /opt/airflow/dags/main.py for tasks to queue
[2025-12-28T18:06:49.808+0000] {logging_mixin.py:188} INFO - [2025-12-28T18:06:49.808+0000] {dagbag.py:545} INFO - Filling up the DagBag from /opt/airflow/dags/main.py
[2025-12-28T18:06:49.944+0000] {processor.py:840} INFO - DAG(s) 'youtube_video_stats', 'update_db' retrieved from /opt/airflow/dags/main.py
[2025-12-28T18:06:49.983+0000] {logging_mixin.py:188} INFO - [2025-12-28T18:06:49.983+0000] {dag.py:3096} INFO - Sync 2 DAGs
[2025-12-28T18:06:50.014+0000] {logging_mixin.py:188} INFO - [2025-12-28T18:06:50.013+0000] {dag.py:3954} INFO - Setting next_dagrun for update_db to 2025-12-28 15:00:00+00:00, run_after=2025-12-29 15:00:00+00:00
[2025-12-28T18:06:50.022+0000] {logging_mixin.py:188} INFO - [2025-12-28T18:06:50.021+0000] {dag.py:3954} INFO - Setting next_dagrun for youtube_video_stats to 2025-12-28 14:00:00+00:00, run_after=2025-12-29 14:00:00+00:00
[2025-12-28T18:06:50.047+0000] {processor.py:183} INFO - Processing /opt/airflow/dags/main.py took 0.250 seconds
[2025-12-28T18:07:20.237+0000] {processor.py:161} INFO - Started process (PID=19912) to work on /opt/airflow/dags/main.py
[2025-12-28T18:07:20.239+0000] {processor.py:830} INFO - Processing file /opt/airflow/dags/main.py for tasks to queue
[2025-12-28T18:07:20.241+0000] {logging_mixin.py:188} INFO - [2025-12-28T18:07:20.240+0000] {dagbag.py:545} INFO - Filling up the DagBag from /opt/airflow/dags/main.py
[2025-12-28T18:07:20.343+0000] {processor.py:840} INFO - DAG(s) 'update_db', 'youtube_video_stats' retrieved from /opt/airflow/dags/main.py
[2025-12-28T18:07:20.392+0000] {logging_mixin.py:188} INFO - [2025-12-28T18:07:20.391+0000] {dag.py:3096} INFO - Sync 2 DAGs
[2025-12-28T18:07:20.429+0000] {logging_mixin.py:188} INFO - [2025-12-28T18:07:20.429+0000] {dag.py:3954} INFO - Setting next_dagrun for update_db to 2025-12-28 15:00:00+00:00, run_after=2025-12-29 15:00:00+00:00
[2025-12-28T18:07:20.439+0000] {logging_mixin.py:188} INFO - [2025-12-28T18:07:20.439+0000] {dag.py:3954} INFO - Setting next_dagrun for youtube_video_stats to 2025-12-28 14:00:00+00:00, run_after=2025-12-29 14:00:00+00:00
[2025-12-28T18:07:20.463+0000] {processor.py:183} INFO - Processing /opt/airflow/dags/main.py took 0.233 seconds
[2025-12-28T18:07:50.715+0000] {processor.py:161} INFO - Started process (PID=19919) to work on /opt/airflow/dags/main.py
[2025-12-28T18:07:50.718+0000] {processor.py:830} INFO - Processing file /opt/airflow/dags/main.py for tasks to queue
[2025-12-28T18:07:50.719+0000] {logging_mixin.py:188} INFO - [2025-12-28T18:07:50.719+0000] {dagbag.py:545} INFO - Filling up the DagBag from /opt/airflow/dags/main.py
[2025-12-28T18:07:50.846+0000] {processor.py:840} INFO - DAG(s) 'youtube_video_stats', 'update_db' retrieved from /opt/airflow/dags/main.py
[2025-12-28T18:07:50.889+0000] {logging_mixin.py:188} INFO - [2025-12-28T18:07:50.888+0000] {dag.py:3096} INFO - Sync 2 DAGs
[2025-12-28T18:07:50.919+0000] {logging_mixin.py:188} INFO - [2025-12-28T18:07:50.919+0000] {dag.py:3954} INFO - Setting next_dagrun for update_db to 2025-12-28 15:00:00+00:00, run_after=2025-12-29 15:00:00+00:00
[2025-12-28T18:07:50.926+0000] {logging_mixin.py:188} INFO - [2025-12-28T18:07:50.926+0000] {dag.py:3954} INFO - Setting next_dagrun for youtube_video_stats to 2025-12-28 14:00:00+00:00, run_after=2025-12-29 14:00:00+00:00
[2025-12-28T18:07:50.948+0000] {processor.py:183} INFO - Processing /opt/airflow/dags/main.py took 0.241 seconds
[2025-12-28T18:08:21.030+0000] {processor.py:161} INFO - Started process (PID=19926) to work on /opt/airflow/dags/main.py
[2025-12-28T18:08:21.031+0000] {processor.py:830} INFO - Processing file /opt/airflow/dags/main.py for tasks to queue
[2025-12-28T18:08:21.032+0000] {logging_mixin.py:188} INFO - [2025-12-28T18:08:21.032+0000] {dagbag.py:545} INFO - Filling up the DagBag from /opt/airflow/dags/main.py
[2025-12-28T18:08:21.173+0000] {processor.py:840} INFO - DAG(s) 'update_db', 'youtube_video_stats' retrieved from /opt/airflow/dags/main.py
[2025-12-28T18:08:21.225+0000] {logging_mixin.py:188} INFO - [2025-12-28T18:08:21.224+0000] {dag.py:3096} INFO - Sync 2 DAGs
[2025-12-28T18:08:21.259+0000] {logging_mixin.py:188} INFO - [2025-12-28T18:08:21.258+0000] {dag.py:3954} INFO - Setting next_dagrun for update_db to 2025-12-28 15:00:00+00:00, run_after=2025-12-29 15:00:00+00:00
[2025-12-28T18:08:21.268+0000] {logging_mixin.py:188} INFO - [2025-12-28T18:08:21.268+0000] {dag.py:3954} INFO - Setting next_dagrun for youtube_video_stats to 2025-12-28 14:00:00+00:00, run_after=2025-12-29 14:00:00+00:00
[2025-12-28T18:08:21.295+0000] {processor.py:183} INFO - Processing /opt/airflow/dags/main.py took 0.274 seconds
[2025-12-28T18:08:51.671+0000] {processor.py:161} INFO - Started process (PID=19933) to work on /opt/airflow/dags/main.py
[2025-12-28T18:08:51.674+0000] {processor.py:830} INFO - Processing file /opt/airflow/dags/main.py for tasks to queue
[2025-12-28T18:08:51.677+0000] {logging_mixin.py:188} INFO - [2025-12-28T18:08:51.676+0000] {dagbag.py:545} INFO - Filling up the DagBag from /opt/airflow/dags/main.py
[2025-12-28T18:08:52.038+0000] {processor.py:840} INFO - DAG(s) 'youtube_video_stats', 'update_db' retrieved from /opt/airflow/dags/main.py
[2025-12-28T18:08:52.166+0000] {logging_mixin.py:188} INFO - [2025-12-28T18:08:52.165+0000] {dag.py:3096} INFO - Sync 2 DAGs
[2025-12-28T18:08:52.247+0000] {logging_mixin.py:188} INFO - [2025-12-28T18:08:52.246+0000] {dag.py:3954} INFO - Setting next_dagrun for update_db to 2025-12-28 15:00:00+00:00, run_after=2025-12-29 15:00:00+00:00
[2025-12-28T18:08:52.269+0000] {logging_mixin.py:188} INFO - [2025-12-28T18:08:52.268+0000] {dag.py:3954} INFO - Setting next_dagrun for youtube_video_stats to 2025-12-28 14:00:00+00:00, run_after=2025-12-29 14:00:00+00:00
[2025-12-28T18:08:52.348+0000] {processor.py:183} INFO - Processing /opt/airflow/dags/main.py took 0.701 seconds
[2025-12-28T18:09:22.608+0000] {processor.py:161} INFO - Started process (PID=19940) to work on /opt/airflow/dags/main.py
[2025-12-28T18:09:22.609+0000] {processor.py:830} INFO - Processing file /opt/airflow/dags/main.py for tasks to queue
[2025-12-28T18:09:22.611+0000] {logging_mixin.py:188} INFO - [2025-12-28T18:09:22.610+0000] {dagbag.py:545} INFO - Filling up the DagBag from /opt/airflow/dags/main.py
[2025-12-28T18:09:22.717+0000] {processor.py:840} INFO - DAG(s) 'youtube_video_stats', 'update_db' retrieved from /opt/airflow/dags/main.py
[2025-12-28T18:09:22.756+0000] {logging_mixin.py:188} INFO - [2025-12-28T18:09:22.755+0000] {dag.py:3096} INFO - Sync 2 DAGs
[2025-12-28T18:09:22.784+0000] {logging_mixin.py:188} INFO - [2025-12-28T18:09:22.784+0000] {dag.py:3954} INFO - Setting next_dagrun for update_db to 2025-12-28 15:00:00+00:00, run_after=2025-12-29 15:00:00+00:00
[2025-12-28T18:09:22.790+0000] {logging_mixin.py:188} INFO - [2025-12-28T18:09:22.790+0000] {dag.py:3954} INFO - Setting next_dagrun for youtube_video_stats to 2025-12-28 14:00:00+00:00, run_after=2025-12-29 14:00:00+00:00
[2025-12-28T18:09:22.813+0000] {processor.py:183} INFO - Processing /opt/airflow/dags/main.py took 0.211 seconds
[2025-12-28T18:09:53.045+0000] {processor.py:161} INFO - Started process (PID=19947) to work on /opt/airflow/dags/main.py
[2025-12-28T18:09:53.047+0000] {processor.py:830} INFO - Processing file /opt/airflow/dags/main.py for tasks to queue
[2025-12-28T18:09:53.048+0000] {logging_mixin.py:188} INFO - [2025-12-28T18:09:53.048+0000] {dagbag.py:545} INFO - Filling up the DagBag from /opt/airflow/dags/main.py
[2025-12-28T18:09:53.183+0000] {processor.py:840} INFO - DAG(s) 'youtube_video_stats', 'update_db' retrieved from /opt/airflow/dags/main.py
[2025-12-28T18:09:53.226+0000] {logging_mixin.py:188} INFO - [2025-12-28T18:09:53.225+0000] {dag.py:3096} INFO - Sync 2 DAGs
[2025-12-28T18:09:53.258+0000] {logging_mixin.py:188} INFO - [2025-12-28T18:09:53.258+0000] {dag.py:3954} INFO - Setting next_dagrun for update_db to 2025-12-28 15:00:00+00:00, run_after=2025-12-29 15:00:00+00:00
[2025-12-28T18:09:53.265+0000] {logging_mixin.py:188} INFO - [2025-12-28T18:09:53.265+0000] {dag.py:3954} INFO - Setting next_dagrun for youtube_video_stats to 2025-12-28 14:00:00+00:00, run_after=2025-12-29 14:00:00+00:00
[2025-12-28T18:09:53.289+0000] {processor.py:183} INFO - Processing /opt/airflow/dags/main.py took 0.254 seconds
[2025-12-28T18:10:23.491+0000] {processor.py:161} INFO - Started process (PID=19954) to work on /opt/airflow/dags/main.py
[2025-12-28T18:10:23.494+0000] {processor.py:830} INFO - Processing file /opt/airflow/dags/main.py for tasks to queue
[2025-12-28T18:10:23.496+0000] {logging_mixin.py:188} INFO - [2025-12-28T18:10:23.495+0000] {dagbag.py:545} INFO - Filling up the DagBag from /opt/airflow/dags/main.py
[2025-12-28T18:10:23.754+0000] {processor.py:840} INFO - DAG(s) 'youtube_video_stats', 'update_db' retrieved from /opt/airflow/dags/main.py
[2025-12-28T18:10:23.859+0000] {logging_mixin.py:188} INFO - [2025-12-28T18:10:23.858+0000] {dag.py:3096} INFO - Sync 2 DAGs
[2025-12-28T18:10:23.912+0000] {logging_mixin.py:188} INFO - [2025-12-28T18:10:23.911+0000] {dag.py:3954} INFO - Setting next_dagrun for update_db to 2025-12-28 15:00:00+00:00, run_after=2025-12-29 15:00:00+00:00
[2025-12-28T18:10:23.923+0000] {logging_mixin.py:188} INFO - [2025-12-28T18:10:23.922+0000] {dag.py:3954} INFO - Setting next_dagrun for youtube_video_stats to 2025-12-28 14:00:00+00:00, run_after=2025-12-29 14:00:00+00:00
[2025-12-28T18:10:23.973+0000] {processor.py:183} INFO - Processing /opt/airflow/dags/main.py took 0.505 seconds
[2025-12-28T18:10:54.189+0000] {processor.py:161} INFO - Started process (PID=19961) to work on /opt/airflow/dags/main.py
[2025-12-28T18:10:54.191+0000] {processor.py:830} INFO - Processing file /opt/airflow/dags/main.py for tasks to queue
[2025-12-28T18:10:54.193+0000] {logging_mixin.py:188} INFO - [2025-12-28T18:10:54.192+0000] {dagbag.py:545} INFO - Filling up the DagBag from /opt/airflow/dags/main.py
[2025-12-28T18:10:54.306+0000] {processor.py:840} INFO - DAG(s) 'youtube_video_stats', 'update_db' retrieved from /opt/airflow/dags/main.py
[2025-12-28T18:10:54.345+0000] {logging_mixin.py:188} INFO - [2025-12-28T18:10:54.344+0000] {dag.py:3096} INFO - Sync 2 DAGs
[2025-12-28T18:10:54.368+0000] {logging_mixin.py:188} INFO - [2025-12-28T18:10:54.368+0000] {dag.py:3954} INFO - Setting next_dagrun for update_db to 2025-12-28 15:00:00+00:00, run_after=2025-12-29 15:00:00+00:00
[2025-12-28T18:10:54.374+0000] {logging_mixin.py:188} INFO - [2025-12-28T18:10:54.374+0000] {dag.py:3954} INFO - Setting next_dagrun for youtube_video_stats to 2025-12-28 14:00:00+00:00, run_after=2025-12-29 14:00:00+00:00
[2025-12-28T18:10:54.399+0000] {processor.py:183} INFO - Processing /opt/airflow/dags/main.py took 0.217 seconds
[2025-12-28T18:11:24.714+0000] {processor.py:161} INFO - Started process (PID=19968) to work on /opt/airflow/dags/main.py
[2025-12-28T18:11:24.715+0000] {processor.py:830} INFO - Processing file /opt/airflow/dags/main.py for tasks to queue
[2025-12-28T18:11:24.716+0000] {logging_mixin.py:188} INFO - [2025-12-28T18:11:24.716+0000] {dagbag.py:545} INFO - Filling up the DagBag from /opt/airflow/dags/main.py
[2025-12-28T18:11:24.823+0000] {processor.py:840} INFO - DAG(s) 'youtube_video_stats', 'update_db' retrieved from /opt/airflow/dags/main.py
[2025-12-28T18:11:24.861+0000] {logging_mixin.py:188} INFO - [2025-12-28T18:11:24.861+0000] {dag.py:3096} INFO - Sync 2 DAGs
[2025-12-28T18:11:24.888+0000] {logging_mixin.py:188} INFO - [2025-12-28T18:11:24.888+0000] {dag.py:3954} INFO - Setting next_dagrun for update_db to 2025-12-28 15:00:00+00:00, run_after=2025-12-29 15:00:00+00:00
[2025-12-28T18:11:24.897+0000] {logging_mixin.py:188} INFO - [2025-12-28T18:11:24.896+0000] {dag.py:3954} INFO - Setting next_dagrun for youtube_video_stats to 2025-12-28 14:00:00+00:00, run_after=2025-12-29 14:00:00+00:00
[2025-12-28T18:11:24.920+0000] {processor.py:183} INFO - Processing /opt/airflow/dags/main.py took 0.216 seconds
[2025-12-28T18:11:55.130+0000] {processor.py:161} INFO - Started process (PID=19975) to work on /opt/airflow/dags/main.py
[2025-12-28T18:11:55.132+0000] {processor.py:830} INFO - Processing file /opt/airflow/dags/main.py for tasks to queue
[2025-12-28T18:11:55.133+0000] {logging_mixin.py:188} INFO - [2025-12-28T18:11:55.132+0000] {dagbag.py:545} INFO - Filling up the DagBag from /opt/airflow/dags/main.py
[2025-12-28T18:11:55.262+0000] {processor.py:840} INFO - DAG(s) 'update_db', 'youtube_video_stats' retrieved from /opt/airflow/dags/main.py
[2025-12-28T18:11:55.303+0000] {logging_mixin.py:188} INFO - [2025-12-28T18:11:55.303+0000] {dag.py:3096} INFO - Sync 2 DAGs
[2025-12-28T18:11:55.330+0000] {logging_mixin.py:188} INFO - [2025-12-28T18:11:55.330+0000] {dag.py:3954} INFO - Setting next_dagrun for update_db to 2025-12-28 15:00:00+00:00, run_after=2025-12-29 15:00:00+00:00
[2025-12-28T18:11:55.336+0000] {logging_mixin.py:188} INFO - [2025-12-28T18:11:55.336+0000] {dag.py:3954} INFO - Setting next_dagrun for youtube_video_stats to 2025-12-28 14:00:00+00:00, run_after=2025-12-29 14:00:00+00:00
[2025-12-28T18:11:55.360+0000] {processor.py:183} INFO - Processing /opt/airflow/dags/main.py took 0.237 seconds
[2025-12-28T18:12:25.566+0000] {processor.py:161} INFO - Started process (PID=19982) to work on /opt/airflow/dags/main.py
[2025-12-28T18:12:25.568+0000] {processor.py:830} INFO - Processing file /opt/airflow/dags/main.py for tasks to queue
[2025-12-28T18:12:25.569+0000] {logging_mixin.py:188} INFO - [2025-12-28T18:12:25.569+0000] {dagbag.py:545} INFO - Filling up the DagBag from /opt/airflow/dags/main.py
[2025-12-28T18:12:25.690+0000] {processor.py:840} INFO - DAG(s) 'youtube_video_stats', 'update_db' retrieved from /opt/airflow/dags/main.py
[2025-12-28T18:12:25.734+0000] {logging_mixin.py:188} INFO - [2025-12-28T18:12:25.734+0000] {dag.py:3096} INFO - Sync 2 DAGs
[2025-12-28T18:12:25.767+0000] {logging_mixin.py:188} INFO - [2025-12-28T18:12:25.767+0000] {dag.py:3954} INFO - Setting next_dagrun for update_db to 2025-12-28 15:00:00+00:00, run_after=2025-12-29 15:00:00+00:00
[2025-12-28T18:12:25.775+0000] {logging_mixin.py:188} INFO - [2025-12-28T18:12:25.774+0000] {dag.py:3954} INFO - Setting next_dagrun for youtube_video_stats to 2025-12-28 14:00:00+00:00, run_after=2025-12-29 14:00:00+00:00
[2025-12-28T18:12:25.797+0000] {processor.py:183} INFO - Processing /opt/airflow/dags/main.py took 0.247 seconds
[2025-12-28T18:12:56.015+0000] {processor.py:161} INFO - Started process (PID=19989) to work on /opt/airflow/dags/main.py
[2025-12-28T18:12:56.017+0000] {processor.py:830} INFO - Processing file /opt/airflow/dags/main.py for tasks to queue
[2025-12-28T18:12:56.018+0000] {logging_mixin.py:188} INFO - [2025-12-28T18:12:56.018+0000] {dagbag.py:545} INFO - Filling up the DagBag from /opt/airflow/dags/main.py
[2025-12-28T18:12:56.152+0000] {processor.py:840} INFO - DAG(s) 'update_db', 'youtube_video_stats' retrieved from /opt/airflow/dags/main.py
[2025-12-28T18:12:56.193+0000] {logging_mixin.py:188} INFO - [2025-12-28T18:12:56.193+0000] {dag.py:3096} INFO - Sync 2 DAGs
[2025-12-28T18:12:56.220+0000] {logging_mixin.py:188} INFO - [2025-12-28T18:12:56.220+0000] {dag.py:3954} INFO - Setting next_dagrun for update_db to 2025-12-28 15:00:00+00:00, run_after=2025-12-29 15:00:00+00:00
[2025-12-28T18:12:56.227+0000] {logging_mixin.py:188} INFO - [2025-12-28T18:12:56.227+0000] {dag.py:3954} INFO - Setting next_dagrun for youtube_video_stats to 2025-12-28 14:00:00+00:00, run_after=2025-12-29 14:00:00+00:00
[2025-12-28T18:12:56.249+0000] {processor.py:183} INFO - Processing /opt/airflow/dags/main.py took 0.242 seconds
[2025-12-28T18:13:26.456+0000] {processor.py:161} INFO - Started process (PID=19996) to work on /opt/airflow/dags/main.py
[2025-12-28T18:13:26.458+0000] {processor.py:830} INFO - Processing file /opt/airflow/dags/main.py for tasks to queue
[2025-12-28T18:13:26.459+0000] {logging_mixin.py:188} INFO - [2025-12-28T18:13:26.459+0000] {dagbag.py:545} INFO - Filling up the DagBag from /opt/airflow/dags/main.py
[2025-12-28T18:13:26.582+0000] {processor.py:840} INFO - DAG(s) 'youtube_video_stats', 'update_db' retrieved from /opt/airflow/dags/main.py
[2025-12-28T18:13:26.618+0000] {logging_mixin.py:188} INFO - [2025-12-28T18:13:26.618+0000] {dag.py:3096} INFO - Sync 2 DAGs
[2025-12-28T18:13:26.644+0000] {logging_mixin.py:188} INFO - [2025-12-28T18:13:26.644+0000] {dag.py:3954} INFO - Setting next_dagrun for update_db to 2025-12-28 15:00:00+00:00, run_after=2025-12-29 15:00:00+00:00
[2025-12-28T18:13:26.651+0000] {logging_mixin.py:188} INFO - [2025-12-28T18:13:26.650+0000] {dag.py:3954} INFO - Setting next_dagrun for youtube_video_stats to 2025-12-28 14:00:00+00:00, run_after=2025-12-29 14:00:00+00:00
[2025-12-28T18:13:26.673+0000] {processor.py:183} INFO - Processing /opt/airflow/dags/main.py took 0.224 seconds
[2025-12-28T18:13:56.873+0000] {processor.py:161} INFO - Started process (PID=20003) to work on /opt/airflow/dags/main.py
[2025-12-28T18:13:56.875+0000] {processor.py:830} INFO - Processing file /opt/airflow/dags/main.py for tasks to queue
[2025-12-28T18:13:56.876+0000] {logging_mixin.py:188} INFO - [2025-12-28T18:13:56.876+0000] {dagbag.py:545} INFO - Filling up the DagBag from /opt/airflow/dags/main.py
[2025-12-28T18:13:57.034+0000] {processor.py:840} INFO - DAG(s) 'youtube_video_stats', 'update_db' retrieved from /opt/airflow/dags/main.py
[2025-12-28T18:13:57.099+0000] {logging_mixin.py:188} INFO - [2025-12-28T18:13:57.098+0000] {dag.py:3096} INFO - Sync 2 DAGs
[2025-12-28T18:13:57.133+0000] {logging_mixin.py:188} INFO - [2025-12-28T18:13:57.133+0000] {dag.py:3954} INFO - Setting next_dagrun for update_db to 2025-12-28 15:00:00+00:00, run_after=2025-12-29 15:00:00+00:00
[2025-12-28T18:13:57.141+0000] {logging_mixin.py:188} INFO - [2025-12-28T18:13:57.141+0000] {dag.py:3954} INFO - Setting next_dagrun for youtube_video_stats to 2025-12-28 14:00:00+00:00, run_after=2025-12-29 14:00:00+00:00
[2025-12-28T18:13:57.167+0000] {processor.py:183} INFO - Processing /opt/airflow/dags/main.py took 0.301 seconds
[2025-12-28T18:14:27.364+0000] {processor.py:161} INFO - Started process (PID=20010) to work on /opt/airflow/dags/main.py
[2025-12-28T18:14:27.365+0000] {processor.py:830} INFO - Processing file /opt/airflow/dags/main.py for tasks to queue
[2025-12-28T18:14:27.367+0000] {logging_mixin.py:188} INFO - [2025-12-28T18:14:27.366+0000] {dagbag.py:545} INFO - Filling up the DagBag from /opt/airflow/dags/main.py
[2025-12-28T18:14:27.487+0000] {processor.py:840} INFO - DAG(s) 'youtube_video_stats', 'update_db' retrieved from /opt/airflow/dags/main.py
[2025-12-28T18:14:27.528+0000] {logging_mixin.py:188} INFO - [2025-12-28T18:14:27.527+0000] {dag.py:3096} INFO - Sync 2 DAGs
[2025-12-28T18:14:27.556+0000] {logging_mixin.py:188} INFO - [2025-12-28T18:14:27.556+0000] {dag.py:3954} INFO - Setting next_dagrun for update_db to 2025-12-28 15:00:00+00:00, run_after=2025-12-29 15:00:00+00:00
[2025-12-28T18:14:27.564+0000] {logging_mixin.py:188} INFO - [2025-12-28T18:14:27.563+0000] {dag.py:3954} INFO - Setting next_dagrun for youtube_video_stats to 2025-12-28 14:00:00+00:00, run_after=2025-12-29 14:00:00+00:00
[2025-12-28T18:14:27.587+0000] {processor.py:183} INFO - Processing /opt/airflow/dags/main.py took 0.230 seconds
[2025-12-28T18:14:57.782+0000] {processor.py:161} INFO - Started process (PID=20017) to work on /opt/airflow/dags/main.py
[2025-12-28T18:14:57.784+0000] {processor.py:830} INFO - Processing file /opt/airflow/dags/main.py for tasks to queue
[2025-12-28T18:14:57.785+0000] {logging_mixin.py:188} INFO - [2025-12-28T18:14:57.785+0000] {dagbag.py:545} INFO - Filling up the DagBag from /opt/airflow/dags/main.py
[2025-12-28T18:14:57.923+0000] {processor.py:840} INFO - DAG(s) 'youtube_video_stats', 'update_db' retrieved from /opt/airflow/dags/main.py
[2025-12-28T18:14:57.972+0000] {logging_mixin.py:188} INFO - [2025-12-28T18:14:57.972+0000] {dag.py:3096} INFO - Sync 2 DAGs
[2025-12-28T18:14:58.006+0000] {logging_mixin.py:188} INFO - [2025-12-28T18:14:58.006+0000] {dag.py:3954} INFO - Setting next_dagrun for update_db to 2025-12-28 15:00:00+00:00, run_after=2025-12-29 15:00:00+00:00
[2025-12-28T18:14:58.014+0000] {logging_mixin.py:188} INFO - [2025-12-28T18:14:58.014+0000] {dag.py:3954} INFO - Setting next_dagrun for youtube_video_stats to 2025-12-28 14:00:00+00:00, run_after=2025-12-29 14:00:00+00:00
[2025-12-28T18:14:58.044+0000] {processor.py:183} INFO - Processing /opt/airflow/dags/main.py took 0.272 seconds
[2025-12-28T18:15:28.242+0000] {processor.py:161} INFO - Started process (PID=20024) to work on /opt/airflow/dags/main.py
[2025-12-28T18:15:28.243+0000] {processor.py:830} INFO - Processing file /opt/airflow/dags/main.py for tasks to queue
[2025-12-28T18:15:28.245+0000] {logging_mixin.py:188} INFO - [2025-12-28T18:15:28.244+0000] {dagbag.py:545} INFO - Filling up the DagBag from /opt/airflow/dags/main.py
[2025-12-28T18:15:28.354+0000] {processor.py:840} INFO - DAG(s) 'update_db', 'youtube_video_stats' retrieved from /opt/airflow/dags/main.py
[2025-12-28T18:15:28.394+0000] {logging_mixin.py:188} INFO - [2025-12-28T18:15:28.394+0000] {dag.py:3096} INFO - Sync 2 DAGs
[2025-12-28T18:15:28.423+0000] {logging_mixin.py:188} INFO - [2025-12-28T18:15:28.422+0000] {dag.py:3954} INFO - Setting next_dagrun for update_db to 2025-12-28 15:00:00+00:00, run_after=2025-12-29 15:00:00+00:00
[2025-12-28T18:15:28.429+0000] {logging_mixin.py:188} INFO - [2025-12-28T18:15:28.429+0000] {dag.py:3954} INFO - Setting next_dagrun for youtube_video_stats to 2025-12-28 14:00:00+00:00, run_after=2025-12-29 14:00:00+00:00
[2025-12-28T18:15:28.454+0000] {processor.py:183} INFO - Processing /opt/airflow/dags/main.py took 0.222 seconds
[2025-12-28T18:15:58.646+0000] {processor.py:161} INFO - Started process (PID=20031) to work on /opt/airflow/dags/main.py
[2025-12-28T18:15:58.647+0000] {processor.py:830} INFO - Processing file /opt/airflow/dags/main.py for tasks to queue
[2025-12-28T18:15:58.648+0000] {logging_mixin.py:188} INFO - [2025-12-28T18:15:58.648+0000] {dagbag.py:545} INFO - Filling up the DagBag from /opt/airflow/dags/main.py
[2025-12-28T18:15:58.748+0000] {processor.py:840} INFO - DAG(s) 'youtube_video_stats', 'update_db' retrieved from /opt/airflow/dags/main.py
[2025-12-28T18:15:58.792+0000] {logging_mixin.py:188} INFO - [2025-12-28T18:15:58.792+0000] {dag.py:3096} INFO - Sync 2 DAGs
[2025-12-28T18:15:58.820+0000] {logging_mixin.py:188} INFO - [2025-12-28T18:15:58.820+0000] {dag.py:3954} INFO - Setting next_dagrun for update_db to 2025-12-28 15:00:00+00:00, run_after=2025-12-29 15:00:00+00:00
[2025-12-28T18:15:58.826+0000] {logging_mixin.py:188} INFO - [2025-12-28T18:15:58.826+0000] {dag.py:3954} INFO - Setting next_dagrun for youtube_video_stats to 2025-12-28 14:00:00+00:00, run_after=2025-12-29 14:00:00+00:00
[2025-12-28T18:15:58.855+0000] {processor.py:183} INFO - Processing /opt/airflow/dags/main.py took 0.216 seconds
[2025-12-28T18:16:29.058+0000] {processor.py:161} INFO - Started process (PID=20038) to work on /opt/airflow/dags/main.py
[2025-12-28T18:16:29.059+0000] {processor.py:830} INFO - Processing file /opt/airflow/dags/main.py for tasks to queue
[2025-12-28T18:16:29.061+0000] {logging_mixin.py:188} INFO - [2025-12-28T18:16:29.061+0000] {dagbag.py:545} INFO - Filling up the DagBag from /opt/airflow/dags/main.py
[2025-12-28T18:16:29.194+0000] {processor.py:840} INFO - DAG(s) 'youtube_video_stats', 'update_db' retrieved from /opt/airflow/dags/main.py
[2025-12-28T18:16:29.242+0000] {logging_mixin.py:188} INFO - [2025-12-28T18:16:29.242+0000] {dag.py:3096} INFO - Sync 2 DAGs
[2025-12-28T18:16:29.270+0000] {logging_mixin.py:188} INFO - [2025-12-28T18:16:29.269+0000] {dag.py:3954} INFO - Setting next_dagrun for update_db to 2025-12-28 15:00:00+00:00, run_after=2025-12-29 15:00:00+00:00
[2025-12-28T18:16:29.276+0000] {logging_mixin.py:188} INFO - [2025-12-28T18:16:29.276+0000] {dag.py:3954} INFO - Setting next_dagrun for youtube_video_stats to 2025-12-28 14:00:00+00:00, run_after=2025-12-29 14:00:00+00:00
[2025-12-28T18:16:29.297+0000] {processor.py:183} INFO - Processing /opt/airflow/dags/main.py took 0.249 seconds
[2025-12-28T18:16:59.604+0000] {processor.py:161} INFO - Started process (PID=20045) to work on /opt/airflow/dags/main.py
[2025-12-28T18:16:59.606+0000] {processor.py:830} INFO - Processing file /opt/airflow/dags/main.py for tasks to queue
[2025-12-28T18:16:59.608+0000] {logging_mixin.py:188} INFO - [2025-12-28T18:16:59.607+0000] {dagbag.py:545} INFO - Filling up the DagBag from /opt/airflow/dags/main.py
[2025-12-28T18:16:59.792+0000] {processor.py:840} INFO - DAG(s) 'update_db', 'youtube_video_stats' retrieved from /opt/airflow/dags/main.py
[2025-12-28T18:16:59.846+0000] {logging_mixin.py:188} INFO - [2025-12-28T18:16:59.845+0000] {dag.py:3096} INFO - Sync 2 DAGs
[2025-12-28T18:16:59.884+0000] {logging_mixin.py:188} INFO - [2025-12-28T18:16:59.884+0000] {dag.py:3954} INFO - Setting next_dagrun for update_db to 2025-12-28 15:00:00+00:00, run_after=2025-12-29 15:00:00+00:00
[2025-12-28T18:16:59.893+0000] {logging_mixin.py:188} INFO - [2025-12-28T18:16:59.893+0000] {dag.py:3954} INFO - Setting next_dagrun for youtube_video_stats to 2025-12-28 14:00:00+00:00, run_after=2025-12-29 14:00:00+00:00
[2025-12-28T18:16:59.926+0000] {processor.py:183} INFO - Processing /opt/airflow/dags/main.py took 0.334 seconds
[2025-12-28T18:17:30.145+0000] {processor.py:161} INFO - Started process (PID=20052) to work on /opt/airflow/dags/main.py
[2025-12-28T18:17:30.147+0000] {processor.py:830} INFO - Processing file /opt/airflow/dags/main.py for tasks to queue
[2025-12-28T18:17:30.148+0000] {logging_mixin.py:188} INFO - [2025-12-28T18:17:30.148+0000] {dagbag.py:545} INFO - Filling up the DagBag from /opt/airflow/dags/main.py
[2025-12-28T18:17:30.264+0000] {processor.py:840} INFO - DAG(s) 'update_db', 'youtube_video_stats' retrieved from /opt/airflow/dags/main.py
[2025-12-28T18:17:30.303+0000] {logging_mixin.py:188} INFO - [2025-12-28T18:17:30.302+0000] {dag.py:3096} INFO - Sync 2 DAGs
[2025-12-28T18:17:30.329+0000] {logging_mixin.py:188} INFO - [2025-12-28T18:17:30.329+0000] {dag.py:3954} INFO - Setting next_dagrun for update_db to 2025-12-28 15:00:00+00:00, run_after=2025-12-29 15:00:00+00:00
[2025-12-28T18:17:30.336+0000] {logging_mixin.py:188} INFO - [2025-12-28T18:17:30.335+0000] {dag.py:3954} INFO - Setting next_dagrun for youtube_video_stats to 2025-12-28 14:00:00+00:00, run_after=2025-12-29 14:00:00+00:00
[2025-12-28T18:17:30.365+0000] {processor.py:183} INFO - Processing /opt/airflow/dags/main.py took 0.229 seconds
[2025-12-28T18:18:00.573+0000] {processor.py:161} INFO - Started process (PID=20059) to work on /opt/airflow/dags/main.py
[2025-12-28T18:18:00.575+0000] {processor.py:830} INFO - Processing file /opt/airflow/dags/main.py for tasks to queue
[2025-12-28T18:18:00.576+0000] {logging_mixin.py:188} INFO - [2025-12-28T18:18:00.576+0000] {dagbag.py:545} INFO - Filling up the DagBag from /opt/airflow/dags/main.py
[2025-12-28T18:18:00.735+0000] {processor.py:840} INFO - DAG(s) 'youtube_video_stats', 'update_db' retrieved from /opt/airflow/dags/main.py
[2025-12-28T18:18:00.779+0000] {logging_mixin.py:188} INFO - [2025-12-28T18:18:00.779+0000] {dag.py:3096} INFO - Sync 2 DAGs
[2025-12-28T18:18:00.806+0000] {logging_mixin.py:188} INFO - [2025-12-28T18:18:00.806+0000] {dag.py:3954} INFO - Setting next_dagrun for update_db to 2025-12-28 15:00:00+00:00, run_after=2025-12-29 15:00:00+00:00
[2025-12-28T18:18:00.812+0000] {logging_mixin.py:188} INFO - [2025-12-28T18:18:00.812+0000] {dag.py:3954} INFO - Setting next_dagrun for youtube_video_stats to 2025-12-28 14:00:00+00:00, run_after=2025-12-29 14:00:00+00:00
[2025-12-28T18:18:00.834+0000] {processor.py:183} INFO - Processing /opt/airflow/dags/main.py took 0.268 seconds
[2025-12-28T18:18:30.948+0000] {processor.py:161} INFO - Started process (PID=20066) to work on /opt/airflow/dags/main.py
[2025-12-28T18:18:30.949+0000] {processor.py:830} INFO - Processing file /opt/airflow/dags/main.py for tasks to queue
[2025-12-28T18:18:30.951+0000] {logging_mixin.py:188} INFO - [2025-12-28T18:18:30.950+0000] {dagbag.py:545} INFO - Filling up the DagBag from /opt/airflow/dags/main.py
[2025-12-28T18:18:31.060+0000] {processor.py:840} INFO - DAG(s) 'update_db', 'youtube_video_stats' retrieved from /opt/airflow/dags/main.py
[2025-12-28T18:18:31.097+0000] {logging_mixin.py:188} INFO - [2025-12-28T18:18:31.097+0000] {dag.py:3096} INFO - Sync 2 DAGs
[2025-12-28T18:18:31.129+0000] {logging_mixin.py:188} INFO - [2025-12-28T18:18:31.129+0000] {dag.py:3954} INFO - Setting next_dagrun for update_db to 2025-12-28 15:00:00+00:00, run_after=2025-12-29 15:00:00+00:00
[2025-12-28T18:18:31.136+0000] {logging_mixin.py:188} INFO - [2025-12-28T18:18:31.136+0000] {dag.py:3954} INFO - Setting next_dagrun for youtube_video_stats to 2025-12-28 14:00:00+00:00, run_after=2025-12-29 14:00:00+00:00
[2025-12-28T18:18:31.159+0000] {processor.py:183} INFO - Processing /opt/airflow/dags/main.py took 0.223 seconds
[2025-12-28T18:19:01.250+0000] {processor.py:161} INFO - Started process (PID=20074) to work on /opt/airflow/dags/main.py
[2025-12-28T18:19:01.252+0000] {processor.py:830} INFO - Processing file /opt/airflow/dags/main.py for tasks to queue
[2025-12-28T18:19:01.254+0000] {logging_mixin.py:188} INFO - [2025-12-28T18:19:01.253+0000] {dagbag.py:545} INFO - Filling up the DagBag from /opt/airflow/dags/main.py
[2025-12-28T18:19:01.524+0000] {processor.py:840} INFO - DAG(s) 'update_db', 'youtube_video_stats' retrieved from /opt/airflow/dags/main.py
[2025-12-28T18:19:01.615+0000] {logging_mixin.py:188} INFO - [2025-12-28T18:19:01.614+0000] {dag.py:3096} INFO - Sync 2 DAGs
[2025-12-28T18:19:01.683+0000] {logging_mixin.py:188} INFO - [2025-12-28T18:19:01.682+0000] {dag.py:3954} INFO - Setting next_dagrun for update_db to 2025-12-28 15:00:00+00:00, run_after=2025-12-29 15:00:00+00:00
[2025-12-28T18:19:01.693+0000] {logging_mixin.py:188} INFO - [2025-12-28T18:19:01.693+0000] {dag.py:3954} INFO - Setting next_dagrun for youtube_video_stats to 2025-12-28 14:00:00+00:00, run_after=2025-12-29 14:00:00+00:00
[2025-12-28T18:19:01.722+0000] {processor.py:183} INFO - Processing /opt/airflow/dags/main.py took 0.493 seconds
[2025-12-28T18:19:32.003+0000] {processor.py:161} INFO - Started process (PID=20081) to work on /opt/airflow/dags/main.py
[2025-12-28T18:19:32.005+0000] {processor.py:830} INFO - Processing file /opt/airflow/dags/main.py for tasks to queue
[2025-12-28T18:19:32.006+0000] {logging_mixin.py:188} INFO - [2025-12-28T18:19:32.005+0000] {dagbag.py:545} INFO - Filling up the DagBag from /opt/airflow/dags/main.py
[2025-12-28T18:19:32.136+0000] {processor.py:840} INFO - DAG(s) 'youtube_video_stats', 'update_db' retrieved from /opt/airflow/dags/main.py
[2025-12-28T18:19:32.170+0000] {logging_mixin.py:188} INFO - [2025-12-28T18:19:32.170+0000] {dag.py:3096} INFO - Sync 2 DAGs
[2025-12-28T18:19:32.196+0000] {logging_mixin.py:188} INFO - [2025-12-28T18:19:32.196+0000] {dag.py:3954} INFO - Setting next_dagrun for update_db to 2025-12-28 15:00:00+00:00, run_after=2025-12-29 15:00:00+00:00
[2025-12-28T18:19:32.202+0000] {logging_mixin.py:188} INFO - [2025-12-28T18:19:32.202+0000] {dag.py:3954} INFO - Setting next_dagrun for youtube_video_stats to 2025-12-28 14:00:00+00:00, run_after=2025-12-29 14:00:00+00:00
[2025-12-28T18:19:32.229+0000] {processor.py:183} INFO - Processing /opt/airflow/dags/main.py took 0.232 seconds
[2025-12-28T18:20:02.431+0000] {processor.py:161} INFO - Started process (PID=20088) to work on /opt/airflow/dags/main.py
[2025-12-28T18:20:02.433+0000] {processor.py:830} INFO - Processing file /opt/airflow/dags/main.py for tasks to queue
[2025-12-28T18:20:02.434+0000] {logging_mixin.py:188} INFO - [2025-12-28T18:20:02.434+0000] {dagbag.py:545} INFO - Filling up the DagBag from /opt/airflow/dags/main.py
[2025-12-28T18:20:02.539+0000] {processor.py:840} INFO - DAG(s) 'youtube_video_stats', 'update_db' retrieved from /opt/airflow/dags/main.py
[2025-12-28T18:20:02.574+0000] {logging_mixin.py:188} INFO - [2025-12-28T18:20:02.573+0000] {dag.py:3096} INFO - Sync 2 DAGs
[2025-12-28T18:20:02.598+0000] {logging_mixin.py:188} INFO - [2025-12-28T18:20:02.598+0000] {dag.py:3954} INFO - Setting next_dagrun for update_db to 2025-12-28 15:00:00+00:00, run_after=2025-12-29 15:00:00+00:00
[2025-12-28T18:20:02.604+0000] {logging_mixin.py:188} INFO - [2025-12-28T18:20:02.604+0000] {dag.py:3954} INFO - Setting next_dagrun for youtube_video_stats to 2025-12-28 14:00:00+00:00, run_after=2025-12-29 14:00:00+00:00
[2025-12-28T18:20:02.629+0000] {processor.py:183} INFO - Processing /opt/airflow/dags/main.py took 0.206 seconds
[2025-12-28T18:20:32.685+0000] {processor.py:161} INFO - Started process (PID=20095) to work on /opt/airflow/dags/main.py
[2025-12-28T18:20:32.686+0000] {processor.py:830} INFO - Processing file /opt/airflow/dags/main.py for tasks to queue
[2025-12-28T18:20:32.687+0000] {logging_mixin.py:188} INFO - [2025-12-28T18:20:32.687+0000] {dagbag.py:545} INFO - Filling up the DagBag from /opt/airflow/dags/main.py
[2025-12-28T18:20:32.810+0000] {processor.py:840} INFO - DAG(s) 'update_db', 'youtube_video_stats' retrieved from /opt/airflow/dags/main.py
[2025-12-28T18:20:32.853+0000] {logging_mixin.py:188} INFO - [2025-12-28T18:20:32.852+0000] {dag.py:3096} INFO - Sync 2 DAGs
[2025-12-28T18:20:32.886+0000] {logging_mixin.py:188} INFO - [2025-12-28T18:20:32.885+0000] {dag.py:3954} INFO - Setting next_dagrun for update_db to 2025-12-28 15:00:00+00:00, run_after=2025-12-29 15:00:00+00:00
[2025-12-28T18:20:32.896+0000] {logging_mixin.py:188} INFO - [2025-12-28T18:20:32.895+0000] {dag.py:3954} INFO - Setting next_dagrun for youtube_video_stats to 2025-12-28 14:00:00+00:00, run_after=2025-12-29 14:00:00+00:00
[2025-12-28T18:20:32.927+0000] {processor.py:183} INFO - Processing /opt/airflow/dags/main.py took 0.249 seconds
[2025-12-28T18:21:03.134+0000] {processor.py:161} INFO - Started process (PID=20102) to work on /opt/airflow/dags/main.py
[2025-12-28T18:21:03.136+0000] {processor.py:830} INFO - Processing file /opt/airflow/dags/main.py for tasks to queue
[2025-12-28T18:21:03.137+0000] {logging_mixin.py:188} INFO - [2025-12-28T18:21:03.137+0000] {dagbag.py:545} INFO - Filling up the DagBag from /opt/airflow/dags/main.py
[2025-12-28T18:21:03.250+0000] {processor.py:840} INFO - DAG(s) 'youtube_video_stats', 'update_db' retrieved from /opt/airflow/dags/main.py
[2025-12-28T18:21:03.286+0000] {logging_mixin.py:188} INFO - [2025-12-28T18:21:03.286+0000] {dag.py:3096} INFO - Sync 2 DAGs
[2025-12-28T18:21:03.314+0000] {logging_mixin.py:188} INFO - [2025-12-28T18:21:03.313+0000] {dag.py:3954} INFO - Setting next_dagrun for update_db to 2025-12-28 15:00:00+00:00, run_after=2025-12-29 15:00:00+00:00
[2025-12-28T18:21:03.320+0000] {logging_mixin.py:188} INFO - [2025-12-28T18:21:03.320+0000] {dag.py:3954} INFO - Setting next_dagrun for youtube_video_stats to 2025-12-28 14:00:00+00:00, run_after=2025-12-29 14:00:00+00:00
[2025-12-28T18:21:03.342+0000] {processor.py:183} INFO - Processing /opt/airflow/dags/main.py took 0.214 seconds
[2025-12-28T18:21:33.593+0000] {processor.py:161} INFO - Started process (PID=20110) to work on /opt/airflow/dags/main.py
[2025-12-28T18:21:33.595+0000] {processor.py:830} INFO - Processing file /opt/airflow/dags/main.py for tasks to queue
[2025-12-28T18:21:33.597+0000] {logging_mixin.py:188} INFO - [2025-12-28T18:21:33.596+0000] {dagbag.py:545} INFO - Filling up the DagBag from /opt/airflow/dags/main.py
[2025-12-28T18:21:33.757+0000] {processor.py:840} INFO - DAG(s) 'youtube_video_stats', 'update_db' retrieved from /opt/airflow/dags/main.py
[2025-12-28T18:21:33.815+0000] {logging_mixin.py:188} INFO - [2025-12-28T18:21:33.814+0000] {dag.py:3096} INFO - Sync 2 DAGs
[2025-12-28T18:21:33.854+0000] {logging_mixin.py:188} INFO - [2025-12-28T18:21:33.853+0000] {dag.py:3954} INFO - Setting next_dagrun for update_db to 2025-12-28 15:00:00+00:00, run_after=2025-12-29 15:00:00+00:00
[2025-12-28T18:21:33.862+0000] {logging_mixin.py:188} INFO - [2025-12-28T18:21:33.862+0000] {dag.py:3954} INFO - Setting next_dagrun for youtube_video_stats to 2025-12-28 14:00:00+00:00, run_after=2025-12-29 14:00:00+00:00
[2025-12-28T18:21:33.898+0000] {processor.py:183} INFO - Processing /opt/airflow/dags/main.py took 0.313 seconds
[2025-12-28T18:22:04.112+0000] {processor.py:161} INFO - Started process (PID=20117) to work on /opt/airflow/dags/main.py
[2025-12-28T18:22:04.114+0000] {processor.py:830} INFO - Processing file /opt/airflow/dags/main.py for tasks to queue
[2025-12-28T18:22:04.115+0000] {logging_mixin.py:188} INFO - [2025-12-28T18:22:04.115+0000] {dagbag.py:545} INFO - Filling up the DagBag from /opt/airflow/dags/main.py
[2025-12-28T18:22:04.237+0000] {processor.py:840} INFO - DAG(s) 'update_db', 'youtube_video_stats' retrieved from /opt/airflow/dags/main.py
[2025-12-28T18:22:04.280+0000] {logging_mixin.py:188} INFO - [2025-12-28T18:22:04.279+0000] {dag.py:3096} INFO - Sync 2 DAGs
[2025-12-28T18:22:04.308+0000] {logging_mixin.py:188} INFO - [2025-12-28T18:22:04.307+0000] {dag.py:3954} INFO - Setting next_dagrun for update_db to 2025-12-28 15:00:00+00:00, run_after=2025-12-29 15:00:00+00:00
[2025-12-28T18:22:04.314+0000] {logging_mixin.py:188} INFO - [2025-12-28T18:22:04.314+0000] {dag.py:3954} INFO - Setting next_dagrun for youtube_video_stats to 2025-12-28 14:00:00+00:00, run_after=2025-12-29 14:00:00+00:00
[2025-12-28T18:22:04.334+0000] {processor.py:183} INFO - Processing /opt/airflow/dags/main.py took 0.230 seconds
[2025-12-28T18:22:34.546+0000] {processor.py:161} INFO - Started process (PID=20124) to work on /opt/airflow/dags/main.py
[2025-12-28T18:22:34.547+0000] {processor.py:830} INFO - Processing file /opt/airflow/dags/main.py for tasks to queue
[2025-12-28T18:22:34.548+0000] {logging_mixin.py:188} INFO - [2025-12-28T18:22:34.548+0000] {dagbag.py:545} INFO - Filling up the DagBag from /opt/airflow/dags/main.py
[2025-12-28T18:22:34.676+0000] {processor.py:840} INFO - DAG(s) 'update_db', 'youtube_video_stats' retrieved from /opt/airflow/dags/main.py
[2025-12-28T18:22:34.719+0000] {logging_mixin.py:188} INFO - [2025-12-28T18:22:34.719+0000] {dag.py:3096} INFO - Sync 2 DAGs
[2025-12-28T18:22:34.750+0000] {logging_mixin.py:188} INFO - [2025-12-28T18:22:34.750+0000] {dag.py:3954} INFO - Setting next_dagrun for update_db to 2025-12-28 15:00:00+00:00, run_after=2025-12-29 15:00:00+00:00
[2025-12-28T18:22:34.758+0000] {logging_mixin.py:188} INFO - [2025-12-28T18:22:34.758+0000] {dag.py:3954} INFO - Setting next_dagrun for youtube_video_stats to 2025-12-28 14:00:00+00:00, run_after=2025-12-29 14:00:00+00:00
[2025-12-28T18:22:34.780+0000] {processor.py:183} INFO - Processing /opt/airflow/dags/main.py took 0.245 seconds
[2025-12-28T18:23:04.968+0000] {processor.py:161} INFO - Started process (PID=20132) to work on /opt/airflow/dags/main.py
[2025-12-28T18:23:04.970+0000] {processor.py:830} INFO - Processing file /opt/airflow/dags/main.py for tasks to queue
[2025-12-28T18:23:04.971+0000] {logging_mixin.py:188} INFO - [2025-12-28T18:23:04.970+0000] {dagbag.py:545} INFO - Filling up the DagBag from /opt/airflow/dags/main.py
[2025-12-28T18:23:05.087+0000] {processor.py:840} INFO - DAG(s) 'update_db', 'youtube_video_stats' retrieved from /opt/airflow/dags/main.py
[2025-12-28T18:23:05.127+0000] {logging_mixin.py:188} INFO - [2025-12-28T18:23:05.127+0000] {dag.py:3096} INFO - Sync 2 DAGs
[2025-12-28T18:23:05.153+0000] {logging_mixin.py:188} INFO - [2025-12-28T18:23:05.152+0000] {dag.py:3954} INFO - Setting next_dagrun for update_db to 2025-12-28 15:00:00+00:00, run_after=2025-12-29 15:00:00+00:00
[2025-12-28T18:23:05.159+0000] {logging_mixin.py:188} INFO - [2025-12-28T18:23:05.159+0000] {dag.py:3954} INFO - Setting next_dagrun for youtube_video_stats to 2025-12-28 14:00:00+00:00, run_after=2025-12-29 14:00:00+00:00
[2025-12-28T18:23:05.179+0000] {processor.py:183} INFO - Processing /opt/airflow/dags/main.py took 0.217 seconds
[2025-12-28T18:23:35.358+0000] {processor.py:161} INFO - Started process (PID=20139) to work on /opt/airflow/dags/main.py
[2025-12-28T18:23:35.360+0000] {processor.py:830} INFO - Processing file /opt/airflow/dags/main.py for tasks to queue
[2025-12-28T18:23:35.361+0000] {logging_mixin.py:188} INFO - [2025-12-28T18:23:35.360+0000] {dagbag.py:545} INFO - Filling up the DagBag from /opt/airflow/dags/main.py
[2025-12-28T18:23:35.473+0000] {processor.py:840} INFO - DAG(s) 'youtube_video_stats', 'update_db' retrieved from /opt/airflow/dags/main.py
[2025-12-28T18:23:35.509+0000] {logging_mixin.py:188} INFO - [2025-12-28T18:23:35.509+0000] {dag.py:3096} INFO - Sync 2 DAGs
[2025-12-28T18:23:35.544+0000] {logging_mixin.py:188} INFO - [2025-12-28T18:23:35.544+0000] {dag.py:3954} INFO - Setting next_dagrun for update_db to 2025-12-28 15:00:00+00:00, run_after=2025-12-29 15:00:00+00:00
[2025-12-28T18:23:35.551+0000] {logging_mixin.py:188} INFO - [2025-12-28T18:23:35.551+0000] {dag.py:3954} INFO - Setting next_dagrun for youtube_video_stats to 2025-12-28 14:00:00+00:00, run_after=2025-12-29 14:00:00+00:00
[2025-12-28T18:23:35.577+0000] {processor.py:183} INFO - Processing /opt/airflow/dags/main.py took 0.225 seconds
[2025-12-28T18:24:05.790+0000] {processor.py:161} INFO - Started process (PID=20146) to work on /opt/airflow/dags/main.py
[2025-12-28T18:24:05.792+0000] {processor.py:830} INFO - Processing file /opt/airflow/dags/main.py for tasks to queue
[2025-12-28T18:24:05.794+0000] {logging_mixin.py:188} INFO - [2025-12-28T18:24:05.793+0000] {dagbag.py:545} INFO - Filling up the DagBag from /opt/airflow/dags/main.py
[2025-12-28T18:24:05.926+0000] {processor.py:840} INFO - DAG(s) 'update_db', 'youtube_video_stats' retrieved from /opt/airflow/dags/main.py
[2025-12-28T18:24:05.969+0000] {logging_mixin.py:188} INFO - [2025-12-28T18:24:05.968+0000] {dag.py:3096} INFO - Sync 2 DAGs
[2025-12-28T18:24:05.998+0000] {logging_mixin.py:188} INFO - [2025-12-28T18:24:05.997+0000] {dag.py:3954} INFO - Setting next_dagrun for update_db to 2025-12-28 15:00:00+00:00, run_after=2025-12-29 15:00:00+00:00
[2025-12-28T18:24:06.004+0000] {logging_mixin.py:188} INFO - [2025-12-28T18:24:06.004+0000] {dag.py:3954} INFO - Setting next_dagrun for youtube_video_stats to 2025-12-28 14:00:00+00:00, run_after=2025-12-29 14:00:00+00:00
[2025-12-28T18:24:06.028+0000] {processor.py:183} INFO - Processing /opt/airflow/dags/main.py took 0.247 seconds
[2025-12-28T18:24:36.218+0000] {processor.py:161} INFO - Started process (PID=20153) to work on /opt/airflow/dags/main.py
[2025-12-28T18:24:36.220+0000] {processor.py:830} INFO - Processing file /opt/airflow/dags/main.py for tasks to queue
[2025-12-28T18:24:36.231+0000] {logging_mixin.py:188} INFO - [2025-12-28T18:24:36.230+0000] {dagbag.py:545} INFO - Filling up the DagBag from /opt/airflow/dags/main.py
[2025-12-28T18:24:36.340+0000] {processor.py:840} INFO - DAG(s) 'youtube_video_stats', 'update_db' retrieved from /opt/airflow/dags/main.py
[2025-12-28T18:24:36.379+0000] {logging_mixin.py:188} INFO - [2025-12-28T18:24:36.378+0000] {dag.py:3096} INFO - Sync 2 DAGs
[2025-12-28T18:24:36.408+0000] {logging_mixin.py:188} INFO - [2025-12-28T18:24:36.408+0000] {dag.py:3954} INFO - Setting next_dagrun for update_db to 2025-12-28 15:00:00+00:00, run_after=2025-12-29 15:00:00+00:00
[2025-12-28T18:24:36.415+0000] {logging_mixin.py:188} INFO - [2025-12-28T18:24:36.415+0000] {dag.py:3954} INFO - Setting next_dagrun for youtube_video_stats to 2025-12-28 14:00:00+00:00, run_after=2025-12-29 14:00:00+00:00
[2025-12-28T18:24:36.442+0000] {processor.py:183} INFO - Processing /opt/airflow/dags/main.py took 0.229 seconds
[2025-12-28T18:25:06.633+0000] {processor.py:161} INFO - Started process (PID=20160) to work on /opt/airflow/dags/main.py
[2025-12-28T18:25:06.635+0000] {processor.py:830} INFO - Processing file /opt/airflow/dags/main.py for tasks to queue
[2025-12-28T18:25:06.636+0000] {logging_mixin.py:188} INFO - [2025-12-28T18:25:06.636+0000] {dagbag.py:545} INFO - Filling up the DagBag from /opt/airflow/dags/main.py
[2025-12-28T18:25:06.743+0000] {processor.py:840} INFO - DAG(s) 'update_db', 'youtube_video_stats' retrieved from /opt/airflow/dags/main.py
[2025-12-28T18:25:06.780+0000] {logging_mixin.py:188} INFO - [2025-12-28T18:25:06.780+0000] {dag.py:3096} INFO - Sync 2 DAGs
[2025-12-28T18:25:06.803+0000] {logging_mixin.py:188} INFO - [2025-12-28T18:25:06.803+0000] {dag.py:3954} INFO - Setting next_dagrun for update_db to 2025-12-28 15:00:00+00:00, run_after=2025-12-29 15:00:00+00:00
[2025-12-28T18:25:06.809+0000] {logging_mixin.py:188} INFO - [2025-12-28T18:25:06.809+0000] {dag.py:3954} INFO - Setting next_dagrun for youtube_video_stats to 2025-12-28 14:00:00+00:00, run_after=2025-12-29 14:00:00+00:00
[2025-12-28T18:25:06.829+0000] {processor.py:183} INFO - Processing /opt/airflow/dags/main.py took 0.202 seconds
[2025-12-28T18:25:37.028+0000] {processor.py:161} INFO - Started process (PID=20167) to work on /opt/airflow/dags/main.py
[2025-12-28T18:25:37.030+0000] {processor.py:830} INFO - Processing file /opt/airflow/dags/main.py for tasks to queue
[2025-12-28T18:25:37.031+0000] {logging_mixin.py:188} INFO - [2025-12-28T18:25:37.030+0000] {dagbag.py:545} INFO - Filling up the DagBag from /opt/airflow/dags/main.py
[2025-12-28T18:25:37.139+0000] {processor.py:840} INFO - DAG(s) 'update_db', 'youtube_video_stats' retrieved from /opt/airflow/dags/main.py
[2025-12-28T18:25:37.174+0000] {logging_mixin.py:188} INFO - [2025-12-28T18:25:37.174+0000] {dag.py:3096} INFO - Sync 2 DAGs
[2025-12-28T18:25:37.198+0000] {logging_mixin.py:188} INFO - [2025-12-28T18:25:37.198+0000] {dag.py:3954} INFO - Setting next_dagrun for update_db to 2025-12-28 15:00:00+00:00, run_after=2025-12-29 15:00:00+00:00
[2025-12-28T18:25:37.205+0000] {logging_mixin.py:188} INFO - [2025-12-28T18:25:37.205+0000] {dag.py:3954} INFO - Setting next_dagrun for youtube_video_stats to 2025-12-28 14:00:00+00:00, run_after=2025-12-29 14:00:00+00:00
[2025-12-28T18:25:37.228+0000] {processor.py:183} INFO - Processing /opt/airflow/dags/main.py took 0.206 seconds
[2025-12-28T18:26:07.482+0000] {processor.py:161} INFO - Started process (PID=20174) to work on /opt/airflow/dags/main.py
[2025-12-28T18:26:07.483+0000] {processor.py:830} INFO - Processing file /opt/airflow/dags/main.py for tasks to queue
[2025-12-28T18:26:07.484+0000] {logging_mixin.py:188} INFO - [2025-12-28T18:26:07.484+0000] {dagbag.py:545} INFO - Filling up the DagBag from /opt/airflow/dags/main.py
[2025-12-28T18:26:07.599+0000] {processor.py:840} INFO - DAG(s) 'youtube_video_stats', 'update_db' retrieved from /opt/airflow/dags/main.py
[2025-12-28T18:26:07.641+0000] {logging_mixin.py:188} INFO - [2025-12-28T18:26:07.640+0000] {dag.py:3096} INFO - Sync 2 DAGs
[2025-12-28T18:26:07.670+0000] {logging_mixin.py:188} INFO - [2025-12-28T18:26:07.670+0000] {dag.py:3954} INFO - Setting next_dagrun for update_db to 2025-12-28 15:00:00+00:00, run_after=2025-12-29 15:00:00+00:00
[2025-12-28T18:26:07.677+0000] {logging_mixin.py:188} INFO - [2025-12-28T18:26:07.677+0000] {dag.py:3954} INFO - Setting next_dagrun for youtube_video_stats to 2025-12-28 14:00:00+00:00, run_after=2025-12-29 14:00:00+00:00
[2025-12-28T18:26:07.703+0000] {processor.py:183} INFO - Processing /opt/airflow/dags/main.py took 0.228 seconds
[2025-12-28T18:26:37.898+0000] {processor.py:161} INFO - Started process (PID=20181) to work on /opt/airflow/dags/main.py
[2025-12-28T18:26:37.899+0000] {processor.py:830} INFO - Processing file /opt/airflow/dags/main.py for tasks to queue
[2025-12-28T18:26:37.900+0000] {logging_mixin.py:188} INFO - [2025-12-28T18:26:37.900+0000] {dagbag.py:545} INFO - Filling up the DagBag from /opt/airflow/dags/main.py
[2025-12-28T18:26:38.014+0000] {processor.py:840} INFO - DAG(s) 'youtube_video_stats', 'update_db' retrieved from /opt/airflow/dags/main.py
[2025-12-28T18:26:38.048+0000] {logging_mixin.py:188} INFO - [2025-12-28T18:26:38.047+0000] {dag.py:3096} INFO - Sync 2 DAGs
[2025-12-28T18:26:38.074+0000] {logging_mixin.py:188} INFO - [2025-12-28T18:26:38.073+0000] {dag.py:3954} INFO - Setting next_dagrun for update_db to 2025-12-28 15:00:00+00:00, run_after=2025-12-29 15:00:00+00:00
[2025-12-28T18:26:38.081+0000] {logging_mixin.py:188} INFO - [2025-12-28T18:26:38.080+0000] {dag.py:3954} INFO - Setting next_dagrun for youtube_video_stats to 2025-12-28 14:00:00+00:00, run_after=2025-12-29 14:00:00+00:00
[2025-12-28T18:26:38.100+0000] {processor.py:183} INFO - Processing /opt/airflow/dags/main.py took 0.208 seconds
[2025-12-28T18:27:08.310+0000] {processor.py:161} INFO - Started process (PID=20188) to work on /opt/airflow/dags/main.py
[2025-12-28T18:27:08.313+0000] {processor.py:830} INFO - Processing file /opt/airflow/dags/main.py for tasks to queue
[2025-12-28T18:27:08.316+0000] {logging_mixin.py:188} INFO - [2025-12-28T18:27:08.315+0000] {dagbag.py:545} INFO - Filling up the DagBag from /opt/airflow/dags/main.py
[2025-12-28T18:27:08.444+0000] {processor.py:840} INFO - DAG(s) 'update_db', 'youtube_video_stats' retrieved from /opt/airflow/dags/main.py
[2025-12-28T18:27:08.484+0000] {logging_mixin.py:188} INFO - [2025-12-28T18:27:08.483+0000] {dag.py:3096} INFO - Sync 2 DAGs
[2025-12-28T18:27:08.514+0000] {logging_mixin.py:188} INFO - [2025-12-28T18:27:08.514+0000] {dag.py:3954} INFO - Setting next_dagrun for update_db to 2025-12-28 15:00:00+00:00, run_after=2025-12-29 15:00:00+00:00
[2025-12-28T18:27:08.520+0000] {logging_mixin.py:188} INFO - [2025-12-28T18:27:08.520+0000] {dag.py:3954} INFO - Setting next_dagrun for youtube_video_stats to 2025-12-28 14:00:00+00:00, run_after=2025-12-29 14:00:00+00:00
[2025-12-28T18:27:08.552+0000] {processor.py:183} INFO - Processing /opt/airflow/dags/main.py took 0.250 seconds
[2025-12-28T18:27:38.758+0000] {processor.py:161} INFO - Started process (PID=20195) to work on /opt/airflow/dags/main.py
[2025-12-28T18:27:38.760+0000] {processor.py:830} INFO - Processing file /opt/airflow/dags/main.py for tasks to queue
[2025-12-28T18:27:38.762+0000] {logging_mixin.py:188} INFO - [2025-12-28T18:27:38.761+0000] {dagbag.py:545} INFO - Filling up the DagBag from /opt/airflow/dags/main.py
[2025-12-28T18:27:38.889+0000] {processor.py:840} INFO - DAG(s) 'update_db', 'youtube_video_stats' retrieved from /opt/airflow/dags/main.py
[2025-12-28T18:27:38.932+0000] {logging_mixin.py:188} INFO - [2025-12-28T18:27:38.932+0000] {dag.py:3096} INFO - Sync 2 DAGs
[2025-12-28T18:27:38.958+0000] {logging_mixin.py:188} INFO - [2025-12-28T18:27:38.958+0000] {dag.py:3954} INFO - Setting next_dagrun for update_db to 2025-12-28 15:00:00+00:00, run_after=2025-12-29 15:00:00+00:00
[2025-12-28T18:27:38.964+0000] {logging_mixin.py:188} INFO - [2025-12-28T18:27:38.964+0000] {dag.py:3954} INFO - Setting next_dagrun for youtube_video_stats to 2025-12-28 14:00:00+00:00, run_after=2025-12-29 14:00:00+00:00
[2025-12-28T18:27:38.983+0000] {processor.py:183} INFO - Processing /opt/airflow/dags/main.py took 0.235 seconds
[2025-12-28T18:28:09.175+0000] {processor.py:161} INFO - Started process (PID=20202) to work on /opt/airflow/dags/main.py
[2025-12-28T18:28:09.176+0000] {processor.py:830} INFO - Processing file /opt/airflow/dags/main.py for tasks to queue
[2025-12-28T18:28:09.177+0000] {logging_mixin.py:188} INFO - [2025-12-28T18:28:09.176+0000] {dagbag.py:545} INFO - Filling up the DagBag from /opt/airflow/dags/main.py
[2025-12-28T18:28:09.279+0000] {processor.py:840} INFO - DAG(s) 'update_db', 'youtube_video_stats' retrieved from /opt/airflow/dags/main.py
[2025-12-28T18:28:09.314+0000] {logging_mixin.py:188} INFO - [2025-12-28T18:28:09.314+0000] {dag.py:3096} INFO - Sync 2 DAGs
[2025-12-28T18:28:09.337+0000] {logging_mixin.py:188} INFO - [2025-12-28T18:28:09.337+0000] {dag.py:3954} INFO - Setting next_dagrun for update_db to 2025-12-28 15:00:00+00:00, run_after=2025-12-29 15:00:00+00:00
[2025-12-28T18:28:09.343+0000] {logging_mixin.py:188} INFO - [2025-12-28T18:28:09.343+0000] {dag.py:3954} INFO - Setting next_dagrun for youtube_video_stats to 2025-12-28 14:00:00+00:00, run_after=2025-12-29 14:00:00+00:00
[2025-12-28T18:28:09.360+0000] {processor.py:183} INFO - Processing /opt/airflow/dags/main.py took 0.192 seconds
[2025-12-28T18:28:39.549+0000] {processor.py:161} INFO - Started process (PID=20209) to work on /opt/airflow/dags/main.py
[2025-12-28T18:28:39.551+0000] {processor.py:830} INFO - Processing file /opt/airflow/dags/main.py for tasks to queue
[2025-12-28T18:28:39.553+0000] {logging_mixin.py:188} INFO - [2025-12-28T18:28:39.553+0000] {dagbag.py:545} INFO - Filling up the DagBag from /opt/airflow/dags/main.py
[2025-12-28T18:28:39.704+0000] {processor.py:840} INFO - DAG(s) 'youtube_video_stats', 'update_db' retrieved from /opt/airflow/dags/main.py
[2025-12-28T18:28:39.748+0000] {logging_mixin.py:188} INFO - [2025-12-28T18:28:39.748+0000] {dag.py:3096} INFO - Sync 2 DAGs
[2025-12-28T18:28:39.781+0000] {logging_mixin.py:188} INFO - [2025-12-28T18:28:39.781+0000] {dag.py:3954} INFO - Setting next_dagrun for update_db to 2025-12-28 15:00:00+00:00, run_after=2025-12-29 15:00:00+00:00
[2025-12-28T18:28:39.792+0000] {logging_mixin.py:188} INFO - [2025-12-28T18:28:39.792+0000] {dag.py:3954} INFO - Setting next_dagrun for youtube_video_stats to 2025-12-28 14:00:00+00:00, run_after=2025-12-29 14:00:00+00:00
[2025-12-28T18:28:39.828+0000] {processor.py:183} INFO - Processing /opt/airflow/dags/main.py took 0.288 seconds
[2025-12-28T18:29:10.043+0000] {processor.py:161} INFO - Started process (PID=20222) to work on /opt/airflow/dags/main.py
[2025-12-28T18:29:10.044+0000] {processor.py:830} INFO - Processing file /opt/airflow/dags/main.py for tasks to queue
[2025-12-28T18:29:10.046+0000] {logging_mixin.py:188} INFO - [2025-12-28T18:29:10.046+0000] {dagbag.py:545} INFO - Filling up the DagBag from /opt/airflow/dags/main.py
[2025-12-28T18:29:10.155+0000] {processor.py:840} INFO - DAG(s) 'update_db', 'youtube_video_stats' retrieved from /opt/airflow/dags/main.py
[2025-12-28T18:29:10.195+0000] {logging_mixin.py:188} INFO - [2025-12-28T18:29:10.195+0000] {dag.py:3096} INFO - Sync 2 DAGs
[2025-12-28T18:29:10.225+0000] {logging_mixin.py:188} INFO - [2025-12-28T18:29:10.225+0000] {dag.py:3954} INFO - Setting next_dagrun for update_db to 2025-12-28 15:00:00+00:00, run_after=2025-12-29 15:00:00+00:00
[2025-12-28T18:29:10.237+0000] {logging_mixin.py:188} INFO - [2025-12-28T18:29:10.236+0000] {dag.py:3954} INFO - Setting next_dagrun for youtube_video_stats to 2025-12-28 14:00:00+00:00, run_after=2025-12-29 14:00:00+00:00
[2025-12-28T18:29:10.267+0000] {processor.py:183} INFO - Processing /opt/airflow/dags/main.py took 0.235 seconds
[2025-12-28T18:29:40.469+0000] {processor.py:161} INFO - Started process (PID=20229) to work on /opt/airflow/dags/main.py
[2025-12-28T18:29:40.471+0000] {processor.py:830} INFO - Processing file /opt/airflow/dags/main.py for tasks to queue
[2025-12-28T18:29:40.472+0000] {logging_mixin.py:188} INFO - [2025-12-28T18:29:40.472+0000] {dagbag.py:545} INFO - Filling up the DagBag from /opt/airflow/dags/main.py
[2025-12-28T18:29:40.595+0000] {processor.py:840} INFO - DAG(s) 'update_db', 'youtube_video_stats' retrieved from /opt/airflow/dags/main.py
[2025-12-28T18:29:40.633+0000] {logging_mixin.py:188} INFO - [2025-12-28T18:29:40.633+0000] {dag.py:3096} INFO - Sync 2 DAGs
[2025-12-28T18:29:40.659+0000] {logging_mixin.py:188} INFO - [2025-12-28T18:29:40.659+0000] {dag.py:3954} INFO - Setting next_dagrun for update_db to 2025-12-28 15:00:00+00:00, run_after=2025-12-29 15:00:00+00:00
[2025-12-28T18:29:40.665+0000] {logging_mixin.py:188} INFO - [2025-12-28T18:29:40.665+0000] {dag.py:3954} INFO - Setting next_dagrun for youtube_video_stats to 2025-12-28 14:00:00+00:00, run_after=2025-12-29 14:00:00+00:00
[2025-12-28T18:29:40.687+0000] {processor.py:183} INFO - Processing /opt/airflow/dags/main.py took 0.225 seconds
[2025-12-28T18:30:10.820+0000] {processor.py:161} INFO - Started process (PID=20236) to work on /opt/airflow/dags/main.py
[2025-12-28T18:30:10.821+0000] {processor.py:830} INFO - Processing file /opt/airflow/dags/main.py for tasks to queue
[2025-12-28T18:30:10.823+0000] {logging_mixin.py:188} INFO - [2025-12-28T18:30:10.822+0000] {dagbag.py:545} INFO - Filling up the DagBag from /opt/airflow/dags/main.py
[2025-12-28T18:30:10.943+0000] {processor.py:840} INFO - DAG(s) 'update_db', 'youtube_video_stats' retrieved from /opt/airflow/dags/main.py
[2025-12-28T18:30:10.983+0000] {logging_mixin.py:188} INFO - [2025-12-28T18:30:10.982+0000] {dag.py:3096} INFO - Sync 2 DAGs
[2025-12-28T18:30:11.012+0000] {logging_mixin.py:188} INFO - [2025-12-28T18:30:11.012+0000] {dag.py:3954} INFO - Setting next_dagrun for update_db to 2025-12-28 15:00:00+00:00, run_after=2025-12-29 15:00:00+00:00
[2025-12-28T18:30:11.019+0000] {logging_mixin.py:188} INFO - [2025-12-28T18:30:11.019+0000] {dag.py:3954} INFO - Setting next_dagrun for youtube_video_stats to 2025-12-28 14:00:00+00:00, run_after=2025-12-29 14:00:00+00:00
[2025-12-28T18:30:11.040+0000] {processor.py:183} INFO - Processing /opt/airflow/dags/main.py took 0.227 seconds
[2025-12-28T18:30:41.164+0000] {processor.py:161} INFO - Started process (PID=20243) to work on /opt/airflow/dags/main.py
[2025-12-28T18:30:41.165+0000] {processor.py:830} INFO - Processing file /opt/airflow/dags/main.py for tasks to queue
[2025-12-28T18:30:41.166+0000] {logging_mixin.py:188} INFO - [2025-12-28T18:30:41.166+0000] {dagbag.py:545} INFO - Filling up the DagBag from /opt/airflow/dags/main.py
[2025-12-28T18:30:41.308+0000] {processor.py:840} INFO - DAG(s) 'youtube_video_stats', 'update_db' retrieved from /opt/airflow/dags/main.py
[2025-12-28T18:30:41.355+0000] {logging_mixin.py:188} INFO - [2025-12-28T18:30:41.355+0000] {dag.py:3096} INFO - Sync 2 DAGs
[2025-12-28T18:30:41.389+0000] {logging_mixin.py:188} INFO - [2025-12-28T18:30:41.388+0000] {dag.py:3954} INFO - Setting next_dagrun for update_db to 2025-12-28 15:00:00+00:00, run_after=2025-12-29 15:00:00+00:00
[2025-12-28T18:30:41.397+0000] {logging_mixin.py:188} INFO - [2025-12-28T18:30:41.397+0000] {dag.py:3954} INFO - Setting next_dagrun for youtube_video_stats to 2025-12-28 14:00:00+00:00, run_after=2025-12-29 14:00:00+00:00
[2025-12-28T18:30:41.421+0000] {processor.py:183} INFO - Processing /opt/airflow/dags/main.py took 0.266 seconds
[2025-12-28T18:31:11.612+0000] {processor.py:161} INFO - Started process (PID=20250) to work on /opt/airflow/dags/main.py
[2025-12-28T18:31:11.614+0000] {processor.py:830} INFO - Processing file /opt/airflow/dags/main.py for tasks to queue
[2025-12-28T18:31:11.615+0000] {logging_mixin.py:188} INFO - [2025-12-28T18:31:11.615+0000] {dagbag.py:545} INFO - Filling up the DagBag from /opt/airflow/dags/main.py
[2025-12-28T18:31:11.743+0000] {processor.py:840} INFO - DAG(s) 'youtube_video_stats', 'update_db' retrieved from /opt/airflow/dags/main.py
[2025-12-28T18:31:11.784+0000] {logging_mixin.py:188} INFO - [2025-12-28T18:31:11.784+0000] {dag.py:3096} INFO - Sync 2 DAGs
[2025-12-28T18:31:11.814+0000] {logging_mixin.py:188} INFO - [2025-12-28T18:31:11.814+0000] {dag.py:3954} INFO - Setting next_dagrun for update_db to 2025-12-28 15:00:00+00:00, run_after=2025-12-29 15:00:00+00:00
[2025-12-28T18:31:11.822+0000] {logging_mixin.py:188} INFO - [2025-12-28T18:31:11.822+0000] {dag.py:3954} INFO - Setting next_dagrun for youtube_video_stats to 2025-12-28 14:00:00+00:00, run_after=2025-12-29 14:00:00+00:00
[2025-12-28T18:31:11.846+0000] {processor.py:183} INFO - Processing /opt/airflow/dags/main.py took 0.242 seconds
[2025-12-28T18:31:41.967+0000] {processor.py:161} INFO - Started process (PID=20257) to work on /opt/airflow/dags/main.py
[2025-12-28T18:31:41.969+0000] {processor.py:830} INFO - Processing file /opt/airflow/dags/main.py for tasks to queue
[2025-12-28T18:31:41.970+0000] {logging_mixin.py:188} INFO - [2025-12-28T18:31:41.970+0000] {dagbag.py:545} INFO - Filling up the DagBag from /opt/airflow/dags/main.py
[2025-12-28T18:31:42.086+0000] {processor.py:840} INFO - DAG(s) 'youtube_video_stats', 'update_db' retrieved from /opt/airflow/dags/main.py
[2025-12-28T18:31:42.126+0000] {logging_mixin.py:188} INFO - [2025-12-28T18:31:42.125+0000] {dag.py:3096} INFO - Sync 2 DAGs
[2025-12-28T18:31:42.153+0000] {logging_mixin.py:188} INFO - [2025-12-28T18:31:42.153+0000] {dag.py:3954} INFO - Setting next_dagrun for update_db to 2025-12-28 15:00:00+00:00, run_after=2025-12-29 15:00:00+00:00
[2025-12-28T18:31:42.159+0000] {logging_mixin.py:188} INFO - [2025-12-28T18:31:42.159+0000] {dag.py:3954} INFO - Setting next_dagrun for youtube_video_stats to 2025-12-28 14:00:00+00:00, run_after=2025-12-29 14:00:00+00:00
[2025-12-28T18:31:42.181+0000] {processor.py:183} INFO - Processing /opt/airflow/dags/main.py took 0.220 seconds
[2025-12-28T18:32:12.235+0000] {processor.py:161} INFO - Started process (PID=20264) to work on /opt/airflow/dags/main.py
[2025-12-28T18:32:12.236+0000] {processor.py:830} INFO - Processing file /opt/airflow/dags/main.py for tasks to queue
[2025-12-28T18:32:12.237+0000] {logging_mixin.py:188} INFO - [2025-12-28T18:32:12.237+0000] {dagbag.py:545} INFO - Filling up the DagBag from /opt/airflow/dags/main.py
[2025-12-28T18:32:12.359+0000] {processor.py:840} INFO - DAG(s) 'youtube_video_stats', 'update_db' retrieved from /opt/airflow/dags/main.py
[2025-12-28T18:32:12.407+0000] {logging_mixin.py:188} INFO - [2025-12-28T18:32:12.406+0000] {dag.py:3096} INFO - Sync 2 DAGs
[2025-12-28T18:32:12.450+0000] {logging_mixin.py:188} INFO - [2025-12-28T18:32:12.450+0000] {dag.py:3954} INFO - Setting next_dagrun for update_db to 2025-12-28 15:00:00+00:00, run_after=2025-12-29 15:00:00+00:00
[2025-12-28T18:32:12.461+0000] {logging_mixin.py:188} INFO - [2025-12-28T18:32:12.460+0000] {dag.py:3954} INFO - Setting next_dagrun for youtube_video_stats to 2025-12-28 14:00:00+00:00, run_after=2025-12-29 14:00:00+00:00
[2025-12-28T18:32:12.484+0000] {processor.py:183} INFO - Processing /opt/airflow/dags/main.py took 0.259 seconds
[2025-12-28T18:32:42.614+0000] {processor.py:161} INFO - Started process (PID=20271) to work on /opt/airflow/dags/main.py
[2025-12-28T18:32:42.616+0000] {processor.py:830} INFO - Processing file /opt/airflow/dags/main.py for tasks to queue
[2025-12-28T18:32:42.618+0000] {logging_mixin.py:188} INFO - [2025-12-28T18:32:42.617+0000] {dagbag.py:545} INFO - Filling up the DagBag from /opt/airflow/dags/main.py
[2025-12-28T18:32:42.894+0000] {processor.py:840} INFO - DAG(s) 'update_db', 'youtube_video_stats' retrieved from /opt/airflow/dags/main.py
[2025-12-28T18:32:42.945+0000] {logging_mixin.py:188} INFO - [2025-12-28T18:32:42.945+0000] {dag.py:3096} INFO - Sync 2 DAGs
[2025-12-28T18:32:42.993+0000] {logging_mixin.py:188} INFO - [2025-12-28T18:32:42.993+0000] {dag.py:3954} INFO - Setting next_dagrun for update_db to 2025-12-28 15:00:00+00:00, run_after=2025-12-29 15:00:00+00:00
[2025-12-28T18:32:43.003+0000] {logging_mixin.py:188} INFO - [2025-12-28T18:32:43.003+0000] {dag.py:3954} INFO - Setting next_dagrun for youtube_video_stats to 2025-12-28 14:00:00+00:00, run_after=2025-12-29 14:00:00+00:00
[2025-12-28T18:32:43.035+0000] {processor.py:183} INFO - Processing /opt/airflow/dags/main.py took 0.434 seconds
[2025-12-28T18:33:13.620+0000] {processor.py:161} INFO - Started process (PID=20278) to work on /opt/airflow/dags/main.py
[2025-12-28T18:33:13.622+0000] {processor.py:830} INFO - Processing file /opt/airflow/dags/main.py for tasks to queue
[2025-12-28T18:33:13.623+0000] {logging_mixin.py:188} INFO - [2025-12-28T18:33:13.623+0000] {dagbag.py:545} INFO - Filling up the DagBag from /opt/airflow/dags/main.py
[2025-12-28T18:33:13.786+0000] {processor.py:840} INFO - DAG(s) 'youtube_video_stats', 'update_db' retrieved from /opt/airflow/dags/main.py
[2025-12-28T18:33:13.841+0000] {logging_mixin.py:188} INFO - [2025-12-28T18:33:13.841+0000] {dag.py:3096} INFO - Sync 2 DAGs
[2025-12-28T18:33:13.876+0000] {logging_mixin.py:188} INFO - [2025-12-28T18:33:13.875+0000] {dag.py:3954} INFO - Setting next_dagrun for update_db to 2025-12-28 15:00:00+00:00, run_after=2025-12-29 15:00:00+00:00
[2025-12-28T18:33:13.885+0000] {logging_mixin.py:188} INFO - [2025-12-28T18:33:13.885+0000] {dag.py:3954} INFO - Setting next_dagrun for youtube_video_stats to 2025-12-28 14:00:00+00:00, run_after=2025-12-29 14:00:00+00:00
[2025-12-28T18:33:13.909+0000] {processor.py:183} INFO - Processing /opt/airflow/dags/main.py took 0.297 seconds
[2025-12-28T18:33:44.130+0000] {processor.py:161} INFO - Started process (PID=20285) to work on /opt/airflow/dags/main.py
[2025-12-28T18:33:44.131+0000] {processor.py:830} INFO - Processing file /opt/airflow/dags/main.py for tasks to queue
[2025-12-28T18:33:44.132+0000] {logging_mixin.py:188} INFO - [2025-12-28T18:33:44.132+0000] {dagbag.py:545} INFO - Filling up the DagBag from /opt/airflow/dags/main.py
[2025-12-28T18:33:44.244+0000] {processor.py:840} INFO - DAG(s) 'youtube_video_stats', 'update_db' retrieved from /opt/airflow/dags/main.py
[2025-12-28T18:33:44.289+0000] {logging_mixin.py:188} INFO - [2025-12-28T18:33:44.288+0000] {dag.py:3096} INFO - Sync 2 DAGs
[2025-12-28T18:33:44.318+0000] {logging_mixin.py:188} INFO - [2025-12-28T18:33:44.318+0000] {dag.py:3954} INFO - Setting next_dagrun for update_db to 2025-12-28 15:00:00+00:00, run_after=2025-12-29 15:00:00+00:00
[2025-12-28T18:33:44.325+0000] {logging_mixin.py:188} INFO - [2025-12-28T18:33:44.325+0000] {dag.py:3954} INFO - Setting next_dagrun for youtube_video_stats to 2025-12-28 14:00:00+00:00, run_after=2025-12-29 14:00:00+00:00
[2025-12-28T18:33:44.355+0000] {processor.py:183} INFO - Processing /opt/airflow/dags/main.py took 0.232 seconds
[2025-12-28T18:34:14.561+0000] {processor.py:161} INFO - Started process (PID=20292) to work on /opt/airflow/dags/main.py
[2025-12-28T18:34:14.562+0000] {processor.py:830} INFO - Processing file /opt/airflow/dags/main.py for tasks to queue
[2025-12-28T18:34:14.563+0000] {logging_mixin.py:188} INFO - [2025-12-28T18:34:14.563+0000] {dagbag.py:545} INFO - Filling up the DagBag from /opt/airflow/dags/main.py
[2025-12-28T18:34:14.677+0000] {processor.py:840} INFO - DAG(s) 'youtube_video_stats', 'update_db' retrieved from /opt/airflow/dags/main.py
[2025-12-28T18:34:14.712+0000] {logging_mixin.py:188} INFO - [2025-12-28T18:34:14.712+0000] {dag.py:3096} INFO - Sync 2 DAGs
[2025-12-28T18:34:14.737+0000] {logging_mixin.py:188} INFO - [2025-12-28T18:34:14.736+0000] {dag.py:3954} INFO - Setting next_dagrun for update_db to 2025-12-28 15:00:00+00:00, run_after=2025-12-29 15:00:00+00:00
[2025-12-28T18:34:14.744+0000] {logging_mixin.py:188} INFO - [2025-12-28T18:34:14.744+0000] {dag.py:3954} INFO - Setting next_dagrun for youtube_video_stats to 2025-12-28 14:00:00+00:00, run_after=2025-12-29 14:00:00+00:00
[2025-12-28T18:34:14.772+0000] {processor.py:183} INFO - Processing /opt/airflow/dags/main.py took 0.218 seconds
[2025-12-28T18:34:44.988+0000] {processor.py:161} INFO - Started process (PID=20299) to work on /opt/airflow/dags/main.py
[2025-12-28T18:34:44.990+0000] {processor.py:830} INFO - Processing file /opt/airflow/dags/main.py for tasks to queue
[2025-12-28T18:34:44.992+0000] {logging_mixin.py:188} INFO - [2025-12-28T18:34:44.991+0000] {dagbag.py:545} INFO - Filling up the DagBag from /opt/airflow/dags/main.py
[2025-12-28T18:34:45.157+0000] {processor.py:840} INFO - DAG(s) 'update_db', 'youtube_video_stats' retrieved from /opt/airflow/dags/main.py
[2025-12-28T18:34:45.213+0000] {logging_mixin.py:188} INFO - [2025-12-28T18:34:45.213+0000] {dag.py:3096} INFO - Sync 2 DAGs
[2025-12-28T18:34:45.251+0000] {logging_mixin.py:188} INFO - [2025-12-28T18:34:45.251+0000] {dag.py:3954} INFO - Setting next_dagrun for update_db to 2025-12-28 15:00:00+00:00, run_after=2025-12-29 15:00:00+00:00
[2025-12-28T18:34:45.260+0000] {logging_mixin.py:188} INFO - [2025-12-28T18:34:45.260+0000] {dag.py:3954} INFO - Setting next_dagrun for youtube_video_stats to 2025-12-28 14:00:00+00:00, run_after=2025-12-29 14:00:00+00:00
[2025-12-28T18:34:45.291+0000] {processor.py:183} INFO - Processing /opt/airflow/dags/main.py took 0.316 seconds
[2025-12-28T18:35:15.495+0000] {processor.py:161} INFO - Started process (PID=20306) to work on /opt/airflow/dags/main.py
[2025-12-28T18:35:15.511+0000] {processor.py:830} INFO - Processing file /opt/airflow/dags/main.py for tasks to queue
[2025-12-28T18:35:15.513+0000] {logging_mixin.py:188} INFO - [2025-12-28T18:35:15.512+0000] {dagbag.py:545} INFO - Filling up the DagBag from /opt/airflow/dags/main.py
[2025-12-28T18:35:15.635+0000] {processor.py:840} INFO - DAG(s) 'update_db', 'youtube_video_stats' retrieved from /opt/airflow/dags/main.py
[2025-12-28T18:35:15.684+0000] {logging_mixin.py:188} INFO - [2025-12-28T18:35:15.683+0000] {dag.py:3096} INFO - Sync 2 DAGs
[2025-12-28T18:35:15.715+0000] {logging_mixin.py:188} INFO - [2025-12-28T18:35:15.715+0000] {dag.py:3954} INFO - Setting next_dagrun for update_db to 2025-12-28 15:00:00+00:00, run_after=2025-12-29 15:00:00+00:00
[2025-12-28T18:35:15.722+0000] {logging_mixin.py:188} INFO - [2025-12-28T18:35:15.722+0000] {dag.py:3954} INFO - Setting next_dagrun for youtube_video_stats to 2025-12-28 14:00:00+00:00, run_after=2025-12-29 14:00:00+00:00
[2025-12-28T18:35:15.745+0000] {processor.py:183} INFO - Processing /opt/airflow/dags/main.py took 0.258 seconds
[2025-12-28T18:35:45.943+0000] {processor.py:161} INFO - Started process (PID=20313) to work on /opt/airflow/dags/main.py
[2025-12-28T18:35:45.944+0000] {processor.py:830} INFO - Processing file /opt/airflow/dags/main.py for tasks to queue
[2025-12-28T18:35:45.945+0000] {logging_mixin.py:188} INFO - [2025-12-28T18:35:45.945+0000] {dagbag.py:545} INFO - Filling up the DagBag from /opt/airflow/dags/main.py
[2025-12-28T18:35:46.051+0000] {processor.py:840} INFO - DAG(s) 'youtube_video_stats', 'update_db' retrieved from /opt/airflow/dags/main.py
[2025-12-28T18:35:46.088+0000] {logging_mixin.py:188} INFO - [2025-12-28T18:35:46.088+0000] {dag.py:3096} INFO - Sync 2 DAGs
[2025-12-28T18:35:46.114+0000] {logging_mixin.py:188} INFO - [2025-12-28T18:35:46.114+0000] {dag.py:3954} INFO - Setting next_dagrun for update_db to 2025-12-28 15:00:00+00:00, run_after=2025-12-29 15:00:00+00:00
[2025-12-28T18:35:46.120+0000] {logging_mixin.py:188} INFO - [2025-12-28T18:35:46.120+0000] {dag.py:3954} INFO - Setting next_dagrun for youtube_video_stats to 2025-12-28 14:00:00+00:00, run_after=2025-12-29 14:00:00+00:00
[2025-12-28T18:35:46.143+0000] {processor.py:183} INFO - Processing /opt/airflow/dags/main.py took 0.206 seconds
[2025-12-28T18:36:16.340+0000] {processor.py:161} INFO - Started process (PID=20320) to work on /opt/airflow/dags/main.py
[2025-12-28T18:36:16.342+0000] {processor.py:830} INFO - Processing file /opt/airflow/dags/main.py for tasks to queue
[2025-12-28T18:36:16.345+0000] {logging_mixin.py:188} INFO - [2025-12-28T18:36:16.344+0000] {dagbag.py:545} INFO - Filling up the DagBag from /opt/airflow/dags/main.py
[2025-12-28T18:36:16.460+0000] {processor.py:840} INFO - DAG(s) 'youtube_video_stats', 'update_db' retrieved from /opt/airflow/dags/main.py
[2025-12-28T18:36:16.497+0000] {logging_mixin.py:188} INFO - [2025-12-28T18:36:16.497+0000] {dag.py:3096} INFO - Sync 2 DAGs
[2025-12-28T18:36:16.529+0000] {logging_mixin.py:188} INFO - [2025-12-28T18:36:16.529+0000] {dag.py:3954} INFO - Setting next_dagrun for update_db to 2025-12-28 15:00:00+00:00, run_after=2025-12-29 15:00:00+00:00
[2025-12-28T18:36:16.537+0000] {logging_mixin.py:188} INFO - [2025-12-28T18:36:16.537+0000] {dag.py:3954} INFO - Setting next_dagrun for youtube_video_stats to 2025-12-28 14:00:00+00:00, run_after=2025-12-29 14:00:00+00:00
[2025-12-28T18:36:16.625+0000] {processor.py:183} INFO - Processing /opt/airflow/dags/main.py took 0.293 seconds
[2025-12-28T18:36:46.840+0000] {processor.py:161} INFO - Started process (PID=20327) to work on /opt/airflow/dags/main.py
[2025-12-28T18:36:46.842+0000] {processor.py:830} INFO - Processing file /opt/airflow/dags/main.py for tasks to queue
[2025-12-28T18:36:46.843+0000] {logging_mixin.py:188} INFO - [2025-12-28T18:36:46.843+0000] {dagbag.py:545} INFO - Filling up the DagBag from /opt/airflow/dags/main.py
[2025-12-28T18:36:46.998+0000] {processor.py:840} INFO - DAG(s) 'youtube_video_stats', 'update_db' retrieved from /opt/airflow/dags/main.py
[2025-12-28T18:36:47.048+0000] {logging_mixin.py:188} INFO - [2025-12-28T18:36:47.048+0000] {dag.py:3096} INFO - Sync 2 DAGs
[2025-12-28T18:36:47.092+0000] {logging_mixin.py:188} INFO - [2025-12-28T18:36:47.092+0000] {dag.py:3954} INFO - Setting next_dagrun for update_db to 2025-12-28 15:00:00+00:00, run_after=2025-12-29 15:00:00+00:00
[2025-12-28T18:36:47.102+0000] {logging_mixin.py:188} INFO - [2025-12-28T18:36:47.101+0000] {dag.py:3954} INFO - Setting next_dagrun for youtube_video_stats to 2025-12-28 14:00:00+00:00, run_after=2025-12-29 14:00:00+00:00
[2025-12-28T18:36:47.128+0000] {processor.py:183} INFO - Processing /opt/airflow/dags/main.py took 0.298 seconds
[2025-12-28T18:37:17.338+0000] {processor.py:161} INFO - Started process (PID=20334) to work on /opt/airflow/dags/main.py
[2025-12-28T18:37:17.340+0000] {processor.py:830} INFO - Processing file /opt/airflow/dags/main.py for tasks to queue
[2025-12-28T18:37:17.341+0000] {logging_mixin.py:188} INFO - [2025-12-28T18:37:17.341+0000] {dagbag.py:545} INFO - Filling up the DagBag from /opt/airflow/dags/main.py
[2025-12-28T18:37:17.470+0000] {processor.py:840} INFO - DAG(s) 'update_db', 'youtube_video_stats' retrieved from /opt/airflow/dags/main.py
[2025-12-28T18:37:17.513+0000] {logging_mixin.py:188} INFO - [2025-12-28T18:37:17.513+0000] {dag.py:3096} INFO - Sync 2 DAGs
[2025-12-28T18:37:17.547+0000] {logging_mixin.py:188} INFO - [2025-12-28T18:37:17.546+0000] {dag.py:3954} INFO - Setting next_dagrun for update_db to 2025-12-28 15:00:00+00:00, run_after=2025-12-29 15:00:00+00:00
[2025-12-28T18:37:17.554+0000] {logging_mixin.py:188} INFO - [2025-12-28T18:37:17.554+0000] {dag.py:3954} INFO - Setting next_dagrun for youtube_video_stats to 2025-12-28 14:00:00+00:00, run_after=2025-12-29 14:00:00+00:00
[2025-12-28T18:37:17.581+0000] {processor.py:183} INFO - Processing /opt/airflow/dags/main.py took 0.251 seconds
[2025-12-28T18:37:47.847+0000] {processor.py:161} INFO - Started process (PID=20341) to work on /opt/airflow/dags/main.py
[2025-12-28T18:37:47.850+0000] {processor.py:830} INFO - Processing file /opt/airflow/dags/main.py for tasks to queue
[2025-12-28T18:37:47.852+0000] {logging_mixin.py:188} INFO - [2025-12-28T18:37:47.851+0000] {dagbag.py:545} INFO - Filling up the DagBag from /opt/airflow/dags/main.py
[2025-12-28T18:37:48.102+0000] {processor.py:840} INFO - DAG(s) 'update_db', 'youtube_video_stats' retrieved from /opt/airflow/dags/main.py
[2025-12-28T18:37:48.220+0000] {logging_mixin.py:188} INFO - [2025-12-28T18:37:48.219+0000] {dag.py:3096} INFO - Sync 2 DAGs
[2025-12-28T18:37:48.329+0000] {logging_mixin.py:188} INFO - [2025-12-28T18:37:48.327+0000] {dag.py:3954} INFO - Setting next_dagrun for update_db to 2025-12-28 15:00:00+00:00, run_after=2025-12-29 15:00:00+00:00
[2025-12-28T18:37:48.344+0000] {logging_mixin.py:188} INFO - [2025-12-28T18:37:48.343+0000] {dag.py:3954} INFO - Setting next_dagrun for youtube_video_stats to 2025-12-28 14:00:00+00:00, run_after=2025-12-29 14:00:00+00:00
[2025-12-28T18:37:48.412+0000] {processor.py:183} INFO - Processing /opt/airflow/dags/main.py took 0.580 seconds
[2025-12-28T18:38:18.961+0000] {processor.py:161} INFO - Started process (PID=20348) to work on /opt/airflow/dags/main.py
[2025-12-28T18:38:18.962+0000] {processor.py:830} INFO - Processing file /opt/airflow/dags/main.py for tasks to queue
[2025-12-28T18:38:18.964+0000] {logging_mixin.py:188} INFO - [2025-12-28T18:38:18.963+0000] {dagbag.py:545} INFO - Filling up the DagBag from /opt/airflow/dags/main.py
[2025-12-28T18:38:19.078+0000] {processor.py:840} INFO - DAG(s) 'youtube_video_stats', 'update_db' retrieved from /opt/airflow/dags/main.py
[2025-12-28T18:38:19.117+0000] {logging_mixin.py:188} INFO - [2025-12-28T18:38:19.117+0000] {dag.py:3096} INFO - Sync 2 DAGs
[2025-12-28T18:38:19.145+0000] {logging_mixin.py:188} INFO - [2025-12-28T18:38:19.145+0000] {dag.py:3954} INFO - Setting next_dagrun for update_db to 2025-12-28 15:00:00+00:00, run_after=2025-12-29 15:00:00+00:00
[2025-12-28T18:38:19.152+0000] {logging_mixin.py:188} INFO - [2025-12-28T18:38:19.151+0000] {dag.py:3954} INFO - Setting next_dagrun for youtube_video_stats to 2025-12-28 14:00:00+00:00, run_after=2025-12-29 14:00:00+00:00
[2025-12-28T18:38:19.178+0000] {processor.py:183} INFO - Processing /opt/airflow/dags/main.py took 0.225 seconds
[2025-12-28T18:38:49.388+0000] {processor.py:161} INFO - Started process (PID=20355) to work on /opt/airflow/dags/main.py
[2025-12-28T18:38:49.391+0000] {processor.py:830} INFO - Processing file /opt/airflow/dags/main.py for tasks to queue
[2025-12-28T18:38:49.392+0000] {logging_mixin.py:188} INFO - [2025-12-28T18:38:49.392+0000] {dagbag.py:545} INFO - Filling up the DagBag from /opt/airflow/dags/main.py
[2025-12-28T18:38:49.510+0000] {processor.py:840} INFO - DAG(s) 'youtube_video_stats', 'update_db' retrieved from /opt/airflow/dags/main.py
[2025-12-28T18:38:49.548+0000] {logging_mixin.py:188} INFO - [2025-12-28T18:38:49.547+0000] {dag.py:3096} INFO - Sync 2 DAGs
[2025-12-28T18:38:49.576+0000] {logging_mixin.py:188} INFO - [2025-12-28T18:38:49.576+0000] {dag.py:3954} INFO - Setting next_dagrun for update_db to 2025-12-28 15:00:00+00:00, run_after=2025-12-29 15:00:00+00:00
[2025-12-28T18:38:49.583+0000] {logging_mixin.py:188} INFO - [2025-12-28T18:38:49.582+0000] {dag.py:3954} INFO - Setting next_dagrun for youtube_video_stats to 2025-12-28 14:00:00+00:00, run_after=2025-12-29 14:00:00+00:00
[2025-12-28T18:38:49.606+0000] {processor.py:183} INFO - Processing /opt/airflow/dags/main.py took 0.227 seconds
[2025-12-28T18:39:19.816+0000] {processor.py:161} INFO - Started process (PID=20362) to work on /opt/airflow/dags/main.py
[2025-12-28T18:39:19.818+0000] {processor.py:830} INFO - Processing file /opt/airflow/dags/main.py for tasks to queue
[2025-12-28T18:39:19.819+0000] {logging_mixin.py:188} INFO - [2025-12-28T18:39:19.819+0000] {dagbag.py:545} INFO - Filling up the DagBag from /opt/airflow/dags/main.py
[2025-12-28T18:39:19.944+0000] {processor.py:840} INFO - DAG(s) 'youtube_video_stats', 'update_db' retrieved from /opt/airflow/dags/main.py
[2025-12-28T18:39:19.982+0000] {logging_mixin.py:188} INFO - [2025-12-28T18:39:19.982+0000] {dag.py:3096} INFO - Sync 2 DAGs
[2025-12-28T18:39:20.014+0000] {logging_mixin.py:188} INFO - [2025-12-28T18:39:20.014+0000] {dag.py:3954} INFO - Setting next_dagrun for update_db to 2025-12-28 15:00:00+00:00, run_after=2025-12-29 15:00:00+00:00
[2025-12-28T18:39:20.023+0000] {logging_mixin.py:188} INFO - [2025-12-28T18:39:20.023+0000] {dag.py:3954} INFO - Setting next_dagrun for youtube_video_stats to 2025-12-28 14:00:00+00:00, run_after=2025-12-29 14:00:00+00:00
[2025-12-28T18:39:20.053+0000] {processor.py:183} INFO - Processing /opt/airflow/dags/main.py took 0.246 seconds
[2025-12-28T18:39:50.337+0000] {processor.py:161} INFO - Started process (PID=20369) to work on /opt/airflow/dags/main.py
[2025-12-28T18:39:50.338+0000] {processor.py:830} INFO - Processing file /opt/airflow/dags/main.py for tasks to queue
[2025-12-28T18:39:50.340+0000] {logging_mixin.py:188} INFO - [2025-12-28T18:39:50.340+0000] {dagbag.py:545} INFO - Filling up the DagBag from /opt/airflow/dags/main.py
[2025-12-28T18:39:50.468+0000] {processor.py:840} INFO - DAG(s) 'update_db', 'youtube_video_stats' retrieved from /opt/airflow/dags/main.py
[2025-12-28T18:39:50.502+0000] {logging_mixin.py:188} INFO - [2025-12-28T18:39:50.502+0000] {dag.py:3096} INFO - Sync 2 DAGs
[2025-12-28T18:39:50.527+0000] {logging_mixin.py:188} INFO - [2025-12-28T18:39:50.527+0000] {dag.py:3954} INFO - Setting next_dagrun for update_db to 2025-12-28 15:00:00+00:00, run_after=2025-12-29 15:00:00+00:00
[2025-12-28T18:39:50.534+0000] {logging_mixin.py:188} INFO - [2025-12-28T18:39:50.534+0000] {dag.py:3954} INFO - Setting next_dagrun for youtube_video_stats to 2025-12-28 14:00:00+00:00, run_after=2025-12-29 14:00:00+00:00
[2025-12-28T18:39:50.557+0000] {processor.py:183} INFO - Processing /opt/airflow/dags/main.py took 0.228 seconds
[2025-12-28T18:40:20.770+0000] {processor.py:161} INFO - Started process (PID=20376) to work on /opt/airflow/dags/main.py
[2025-12-28T18:40:20.772+0000] {processor.py:830} INFO - Processing file /opt/airflow/dags/main.py for tasks to queue
[2025-12-28T18:40:20.774+0000] {logging_mixin.py:188} INFO - [2025-12-28T18:40:20.774+0000] {dagbag.py:545} INFO - Filling up the DagBag from /opt/airflow/dags/main.py
[2025-12-28T18:40:20.894+0000] {processor.py:840} INFO - DAG(s) 'update_db', 'youtube_video_stats' retrieved from /opt/airflow/dags/main.py
[2025-12-28T18:40:20.950+0000] {logging_mixin.py:188} INFO - [2025-12-28T18:40:20.949+0000] {dag.py:3096} INFO - Sync 2 DAGs
[2025-12-28T18:40:20.992+0000] {logging_mixin.py:188} INFO - [2025-12-28T18:40:20.992+0000] {dag.py:3954} INFO - Setting next_dagrun for update_db to 2025-12-28 15:00:00+00:00, run_after=2025-12-29 15:00:00+00:00
[2025-12-28T18:40:21.002+0000] {logging_mixin.py:188} INFO - [2025-12-28T18:40:21.002+0000] {dag.py:3954} INFO - Setting next_dagrun for youtube_video_stats to 2025-12-28 14:00:00+00:00, run_after=2025-12-29 14:00:00+00:00
[2025-12-28T18:40:21.042+0000] {processor.py:183} INFO - Processing /opt/airflow/dags/main.py took 0.280 seconds
[2025-12-28T18:40:51.273+0000] {processor.py:161} INFO - Started process (PID=20383) to work on /opt/airflow/dags/main.py
[2025-12-28T18:40:51.274+0000] {processor.py:830} INFO - Processing file /opt/airflow/dags/main.py for tasks to queue
[2025-12-28T18:40:51.276+0000] {logging_mixin.py:188} INFO - [2025-12-28T18:40:51.275+0000] {dagbag.py:545} INFO - Filling up the DagBag from /opt/airflow/dags/main.py
[2025-12-28T18:40:51.356+0000] {processor.py:840} INFO - DAG(s) 'update_db', 'youtube_video_stats' retrieved from /opt/airflow/dags/main.py
[2025-12-28T18:40:51.395+0000] {logging_mixin.py:188} INFO - [2025-12-28T18:40:51.395+0000] {dag.py:3096} INFO - Sync 2 DAGs
[2025-12-28T18:40:51.422+0000] {logging_mixin.py:188} INFO - [2025-12-28T18:40:51.421+0000] {dag.py:3954} INFO - Setting next_dagrun for update_db to 2025-12-28 15:00:00+00:00, run_after=2025-12-29 15:00:00+00:00
[2025-12-28T18:40:51.428+0000] {logging_mixin.py:188} INFO - [2025-12-28T18:40:51.428+0000] {dag.py:3954} INFO - Setting next_dagrun for youtube_video_stats to 2025-12-28 14:00:00+00:00, run_after=2025-12-29 14:00:00+00:00
[2025-12-28T18:40:51.451+0000] {processor.py:183} INFO - Processing /opt/airflow/dags/main.py took 0.184 seconds
[2025-12-28T18:41:21.688+0000] {processor.py:161} INFO - Started process (PID=20390) to work on /opt/airflow/dags/main.py
[2025-12-28T18:41:21.690+0000] {processor.py:830} INFO - Processing file /opt/airflow/dags/main.py for tasks to queue
[2025-12-28T18:41:21.691+0000] {logging_mixin.py:188} INFO - [2025-12-28T18:41:21.691+0000] {dagbag.py:545} INFO - Filling up the DagBag from /opt/airflow/dags/main.py
[2025-12-28T18:41:21.824+0000] {processor.py:840} INFO - DAG(s) 'youtube_video_stats', 'update_db' retrieved from /opt/airflow/dags/main.py
[2025-12-28T18:41:21.857+0000] {logging_mixin.py:188} INFO - [2025-12-28T18:41:21.857+0000] {dag.py:3096} INFO - Sync 2 DAGs
[2025-12-28T18:41:21.883+0000] {logging_mixin.py:188} INFO - [2025-12-28T18:41:21.883+0000] {dag.py:3954} INFO - Setting next_dagrun for update_db to 2025-12-28 15:00:00+00:00, run_after=2025-12-29 15:00:00+00:00
[2025-12-28T18:41:21.890+0000] {logging_mixin.py:188} INFO - [2025-12-28T18:41:21.889+0000] {dag.py:3954} INFO - Setting next_dagrun for youtube_video_stats to 2025-12-28 14:00:00+00:00, run_after=2025-12-29 14:00:00+00:00
[2025-12-28T18:41:21.913+0000] {processor.py:183} INFO - Processing /opt/airflow/dags/main.py took 0.232 seconds
[2025-12-28T18:41:52.113+0000] {processor.py:161} INFO - Started process (PID=20397) to work on /opt/airflow/dags/main.py
[2025-12-28T18:41:52.114+0000] {processor.py:830} INFO - Processing file /opt/airflow/dags/main.py for tasks to queue
[2025-12-28T18:41:52.115+0000] {logging_mixin.py:188} INFO - [2025-12-28T18:41:52.115+0000] {dagbag.py:545} INFO - Filling up the DagBag from /opt/airflow/dags/main.py
[2025-12-28T18:41:52.212+0000] {processor.py:840} INFO - DAG(s) 'youtube_video_stats', 'update_db' retrieved from /opt/airflow/dags/main.py
[2025-12-28T18:41:52.252+0000] {logging_mixin.py:188} INFO - [2025-12-28T18:41:52.252+0000] {dag.py:3096} INFO - Sync 2 DAGs
[2025-12-28T18:41:52.278+0000] {logging_mixin.py:188} INFO - [2025-12-28T18:41:52.278+0000] {dag.py:3954} INFO - Setting next_dagrun for update_db to 2025-12-28 15:00:00+00:00, run_after=2025-12-29 15:00:00+00:00
[2025-12-28T18:41:52.285+0000] {logging_mixin.py:188} INFO - [2025-12-28T18:41:52.284+0000] {dag.py:3954} INFO - Setting next_dagrun for youtube_video_stats to 2025-12-28 14:00:00+00:00, run_after=2025-12-29 14:00:00+00:00
[2025-12-28T18:41:52.308+0000] {processor.py:183} INFO - Processing /opt/airflow/dags/main.py took 0.204 seconds
[2025-12-28T18:42:22.491+0000] {processor.py:161} INFO - Started process (PID=20404) to work on /opt/airflow/dags/main.py
[2025-12-28T18:42:22.492+0000] {processor.py:830} INFO - Processing file /opt/airflow/dags/main.py for tasks to queue
[2025-12-28T18:42:22.493+0000] {logging_mixin.py:188} INFO - [2025-12-28T18:42:22.492+0000] {dagbag.py:545} INFO - Filling up the DagBag from /opt/airflow/dags/main.py
[2025-12-28T18:42:22.586+0000] {processor.py:840} INFO - DAG(s) 'update_db', 'youtube_video_stats' retrieved from /opt/airflow/dags/main.py
[2025-12-28T18:42:22.620+0000] {logging_mixin.py:188} INFO - [2025-12-28T18:42:22.620+0000] {dag.py:3096} INFO - Sync 2 DAGs
[2025-12-28T18:42:22.643+0000] {logging_mixin.py:188} INFO - [2025-12-28T18:42:22.643+0000] {dag.py:3954} INFO - Setting next_dagrun for update_db to 2025-12-28 15:00:00+00:00, run_after=2025-12-29 15:00:00+00:00
[2025-12-28T18:42:22.649+0000] {logging_mixin.py:188} INFO - [2025-12-28T18:42:22.649+0000] {dag.py:3954} INFO - Setting next_dagrun for youtube_video_stats to 2025-12-28 14:00:00+00:00, run_after=2025-12-29 14:00:00+00:00
[2025-12-28T18:42:22.667+0000] {processor.py:183} INFO - Processing /opt/airflow/dags/main.py took 0.182 seconds
[2025-12-28T18:42:52.852+0000] {processor.py:161} INFO - Started process (PID=20411) to work on /opt/airflow/dags/main.py
[2025-12-28T18:42:52.853+0000] {processor.py:830} INFO - Processing file /opt/airflow/dags/main.py for tasks to queue
[2025-12-28T18:42:52.855+0000] {logging_mixin.py:188} INFO - [2025-12-28T18:42:52.855+0000] {dagbag.py:545} INFO - Filling up the DagBag from /opt/airflow/dags/main.py
[2025-12-28T18:42:52.980+0000] {processor.py:840} INFO - DAG(s) 'youtube_video_stats', 'update_db' retrieved from /opt/airflow/dags/main.py
[2025-12-28T18:42:53.019+0000] {logging_mixin.py:188} INFO - [2025-12-28T18:42:53.018+0000] {dag.py:3096} INFO - Sync 2 DAGs
[2025-12-28T18:42:53.043+0000] {logging_mixin.py:188} INFO - [2025-12-28T18:42:53.042+0000] {dag.py:3954} INFO - Setting next_dagrun for update_db to 2025-12-28 15:00:00+00:00, run_after=2025-12-29 15:00:00+00:00
[2025-12-28T18:42:53.048+0000] {logging_mixin.py:188} INFO - [2025-12-28T18:42:53.048+0000] {dag.py:3954} INFO - Setting next_dagrun for youtube_video_stats to 2025-12-28 14:00:00+00:00, run_after=2025-12-29 14:00:00+00:00
[2025-12-28T18:42:53.076+0000] {processor.py:183} INFO - Processing /opt/airflow/dags/main.py took 0.233 seconds
[2025-12-28T18:43:23.134+0000] {processor.py:161} INFO - Started process (PID=20418) to work on /opt/airflow/dags/main.py
[2025-12-28T18:43:23.135+0000] {processor.py:830} INFO - Processing file /opt/airflow/dags/main.py for tasks to queue
[2025-12-28T18:43:23.136+0000] {logging_mixin.py:188} INFO - [2025-12-28T18:43:23.135+0000] {dagbag.py:545} INFO - Filling up the DagBag from /opt/airflow/dags/main.py
[2025-12-28T18:43:23.216+0000] {processor.py:840} INFO - DAG(s) 'update_db', 'youtube_video_stats' retrieved from /opt/airflow/dags/main.py
[2025-12-28T18:43:23.310+0000] {logging_mixin.py:188} INFO - [2025-12-28T18:43:23.310+0000] {dag.py:3096} INFO - Sync 2 DAGs
[2025-12-28T18:43:23.347+0000] {logging_mixin.py:188} INFO - [2025-12-28T18:43:23.347+0000] {dag.py:3954} INFO - Setting next_dagrun for update_db to 2025-12-28 15:00:00+00:00, run_after=2025-12-29 15:00:00+00:00
[2025-12-28T18:43:23.353+0000] {logging_mixin.py:188} INFO - [2025-12-28T18:43:23.353+0000] {dag.py:3954} INFO - Setting next_dagrun for youtube_video_stats to 2025-12-28 14:00:00+00:00, run_after=2025-12-29 14:00:00+00:00
[2025-12-28T18:43:23.378+0000] {processor.py:183} INFO - Processing /opt/airflow/dags/main.py took 0.250 seconds
[2025-12-28T18:43:53.486+0000] {processor.py:161} INFO - Started process (PID=20425) to work on /opt/airflow/dags/main.py
[2025-12-28T18:43:53.487+0000] {processor.py:830} INFO - Processing file /opt/airflow/dags/main.py for tasks to queue
[2025-12-28T18:43:53.489+0000] {logging_mixin.py:188} INFO - [2025-12-28T18:43:53.489+0000] {dagbag.py:545} INFO - Filling up the DagBag from /opt/airflow/dags/main.py
[2025-12-28T18:43:53.629+0000] {processor.py:840} INFO - DAG(s) 'update_db', 'youtube_video_stats' retrieved from /opt/airflow/dags/main.py
[2025-12-28T18:43:53.676+0000] {logging_mixin.py:188} INFO - [2025-12-28T18:43:53.676+0000] {dag.py:3096} INFO - Sync 2 DAGs
[2025-12-28T18:43:53.722+0000] {logging_mixin.py:188} INFO - [2025-12-28T18:43:53.722+0000] {dag.py:3954} INFO - Setting next_dagrun for update_db to 2025-12-28 15:00:00+00:00, run_after=2025-12-29 15:00:00+00:00
[2025-12-28T18:43:53.729+0000] {logging_mixin.py:188} INFO - [2025-12-28T18:43:53.728+0000] {dag.py:3954} INFO - Setting next_dagrun for youtube_video_stats to 2025-12-28 14:00:00+00:00, run_after=2025-12-29 14:00:00+00:00
[2025-12-28T18:43:53.751+0000] {processor.py:183} INFO - Processing /opt/airflow/dags/main.py took 0.274 seconds
[2025-12-28T18:44:23.846+0000] {processor.py:161} INFO - Started process (PID=20433) to work on /opt/airflow/dags/main.py
[2025-12-28T18:44:23.848+0000] {processor.py:830} INFO - Processing file /opt/airflow/dags/main.py for tasks to queue
[2025-12-28T18:44:23.849+0000] {logging_mixin.py:188} INFO - [2025-12-28T18:44:23.849+0000] {dagbag.py:545} INFO - Filling up the DagBag from /opt/airflow/dags/main.py
[2025-12-28T18:44:24.000+0000] {processor.py:840} INFO - DAG(s) 'youtube_video_stats', 'update_db' retrieved from /opt/airflow/dags/main.py
[2025-12-28T18:44:24.046+0000] {logging_mixin.py:188} INFO - [2025-12-28T18:44:24.046+0000] {dag.py:3096} INFO - Sync 2 DAGs
[2025-12-28T18:44:24.084+0000] {logging_mixin.py:188} INFO - [2025-12-28T18:44:24.084+0000] {dag.py:3954} INFO - Setting next_dagrun for update_db to 2025-12-28 15:00:00+00:00, run_after=2025-12-29 15:00:00+00:00
[2025-12-28T18:44:24.092+0000] {logging_mixin.py:188} INFO - [2025-12-28T18:44:24.092+0000] {dag.py:3954} INFO - Setting next_dagrun for youtube_video_stats to 2025-12-28 14:00:00+00:00, run_after=2025-12-29 14:00:00+00:00
[2025-12-28T18:44:24.118+0000] {processor.py:183} INFO - Processing /opt/airflow/dags/main.py took 0.283 seconds
[2025-12-28T18:44:54.675+0000] {processor.py:161} INFO - Started process (PID=20441) to work on /opt/airflow/dags/main.py
[2025-12-28T18:44:54.677+0000] {processor.py:830} INFO - Processing file /opt/airflow/dags/main.py for tasks to queue
[2025-12-28T18:44:54.678+0000] {logging_mixin.py:188} INFO - [2025-12-28T18:44:54.678+0000] {dagbag.py:545} INFO - Filling up the DagBag from /opt/airflow/dags/main.py
[2025-12-28T18:44:54.875+0000] {processor.py:840} INFO - DAG(s) 'update_db', 'youtube_video_stats' retrieved from /opt/airflow/dags/main.py
[2025-12-28T18:44:54.952+0000] {logging_mixin.py:188} INFO - [2025-12-28T18:44:54.952+0000] {dag.py:3096} INFO - Sync 2 DAGs
[2025-12-28T18:44:55.068+0000] {logging_mixin.py:188} INFO - [2025-12-28T18:44:55.067+0000] {dag.py:3954} INFO - Setting next_dagrun for update_db to 2025-12-28 15:00:00+00:00, run_after=2025-12-29 15:00:00+00:00
[2025-12-28T18:44:55.109+0000] {logging_mixin.py:188} INFO - [2025-12-28T18:44:55.108+0000] {dag.py:3954} INFO - Setting next_dagrun for youtube_video_stats to 2025-12-28 14:00:00+00:00, run_after=2025-12-29 14:00:00+00:00
[2025-12-28T18:44:55.487+0000] {processor.py:183} INFO - Processing /opt/airflow/dags/main.py took 0.823 seconds
[2025-12-28T18:45:25.835+0000] {processor.py:161} INFO - Started process (PID=20448) to work on /opt/airflow/dags/main.py
[2025-12-28T18:45:25.842+0000] {processor.py:830} INFO - Processing file /opt/airflow/dags/main.py for tasks to queue
[2025-12-28T18:45:25.846+0000] {logging_mixin.py:188} INFO - [2025-12-28T18:45:25.845+0000] {dagbag.py:545} INFO - Filling up the DagBag from /opt/airflow/dags/main.py
[2025-12-28T18:45:26.404+0000] {processor.py:840} INFO - DAG(s) 'update_db', 'youtube_video_stats' retrieved from /opt/airflow/dags/main.py
[2025-12-28T18:45:26.641+0000] {logging_mixin.py:188} INFO - [2025-12-28T18:45:26.640+0000] {dag.py:3096} INFO - Sync 2 DAGs
[2025-12-28T18:45:26.816+0000] {logging_mixin.py:188} INFO - [2025-12-28T18:45:26.815+0000] {dag.py:3954} INFO - Setting next_dagrun for update_db to 2025-12-28 15:00:00+00:00, run_after=2025-12-29 15:00:00+00:00
[2025-12-28T18:45:26.862+0000] {logging_mixin.py:188} INFO - [2025-12-28T18:45:26.862+0000] {dag.py:3954} INFO - Setting next_dagrun for youtube_video_stats to 2025-12-28 14:00:00+00:00, run_after=2025-12-29 14:00:00+00:00
[2025-12-28T18:45:26.977+0000] {processor.py:183} INFO - Processing /opt/airflow/dags/main.py took 1.176 seconds
[2025-12-28T18:45:57.433+0000] {processor.py:161} INFO - Started process (PID=20455) to work on /opt/airflow/dags/main.py
[2025-12-28T18:45:57.435+0000] {processor.py:830} INFO - Processing file /opt/airflow/dags/main.py for tasks to queue
[2025-12-28T18:45:57.437+0000] {logging_mixin.py:188} INFO - [2025-12-28T18:45:57.437+0000] {dagbag.py:545} INFO - Filling up the DagBag from /opt/airflow/dags/main.py
[2025-12-28T18:45:57.730+0000] {processor.py:840} INFO - DAG(s) 'youtube_video_stats', 'update_db' retrieved from /opt/airflow/dags/main.py
[2025-12-28T18:45:57.829+0000] {logging_mixin.py:188} INFO - [2025-12-28T18:45:57.829+0000] {dag.py:3096} INFO - Sync 2 DAGs
[2025-12-28T18:45:57.877+0000] {logging_mixin.py:188} INFO - [2025-12-28T18:45:57.877+0000] {dag.py:3954} INFO - Setting next_dagrun for update_db to 2025-12-28 15:00:00+00:00, run_after=2025-12-29 15:00:00+00:00
[2025-12-28T18:45:57.892+0000] {logging_mixin.py:188} INFO - [2025-12-28T18:45:57.892+0000] {dag.py:3954} INFO - Setting next_dagrun for youtube_video_stats to 2025-12-28 14:00:00+00:00, run_after=2025-12-29 14:00:00+00:00
[2025-12-28T18:45:57.936+0000] {processor.py:183} INFO - Processing /opt/airflow/dags/main.py took 0.515 seconds
[2025-12-28T18:46:28.064+0000] {processor.py:161} INFO - Started process (PID=20462) to work on /opt/airflow/dags/main.py
[2025-12-28T18:46:28.066+0000] {processor.py:830} INFO - Processing file /opt/airflow/dags/main.py for tasks to queue
[2025-12-28T18:46:28.067+0000] {logging_mixin.py:188} INFO - [2025-12-28T18:46:28.067+0000] {dagbag.py:545} INFO - Filling up the DagBag from /opt/airflow/dags/main.py
[2025-12-28T18:46:28.168+0000] {processor.py:840} INFO - DAG(s) 'youtube_video_stats', 'update_db' retrieved from /opt/airflow/dags/main.py
[2025-12-28T18:46:28.212+0000] {logging_mixin.py:188} INFO - [2025-12-28T18:46:28.212+0000] {dag.py:3096} INFO - Sync 2 DAGs
[2025-12-28T18:46:28.243+0000] {logging_mixin.py:188} INFO - [2025-12-28T18:46:28.243+0000] {dag.py:3954} INFO - Setting next_dagrun for update_db to 2025-12-28 15:00:00+00:00, run_after=2025-12-29 15:00:00+00:00
[2025-12-28T18:46:28.252+0000] {logging_mixin.py:188} INFO - [2025-12-28T18:46:28.252+0000] {dag.py:3954} INFO - Setting next_dagrun for youtube_video_stats to 2025-12-28 14:00:00+00:00, run_after=2025-12-29 14:00:00+00:00
[2025-12-28T18:46:28.280+0000] {processor.py:183} INFO - Processing /opt/airflow/dags/main.py took 0.263 seconds
[2025-12-28T18:46:58.588+0000] {processor.py:161} INFO - Started process (PID=20469) to work on /opt/airflow/dags/main.py
[2025-12-28T18:46:58.592+0000] {processor.py:830} INFO - Processing file /opt/airflow/dags/main.py for tasks to queue
[2025-12-28T18:46:58.594+0000] {logging_mixin.py:188} INFO - [2025-12-28T18:46:58.593+0000] {dagbag.py:545} INFO - Filling up the DagBag from /opt/airflow/dags/main.py
[2025-12-28T18:46:58.818+0000] {processor.py:840} INFO - DAG(s) 'update_db', 'youtube_video_stats' retrieved from /opt/airflow/dags/main.py
[2025-12-28T18:46:58.909+0000] {logging_mixin.py:188} INFO - [2025-12-28T18:46:58.908+0000] {dag.py:3096} INFO - Sync 2 DAGs
[2025-12-28T18:46:58.984+0000] {logging_mixin.py:188} INFO - [2025-12-28T18:46:58.983+0000] {dag.py:3954} INFO - Setting next_dagrun for update_db to 2025-12-28 15:00:00+00:00, run_after=2025-12-29 15:00:00+00:00
[2025-12-28T18:46:58.994+0000] {logging_mixin.py:188} INFO - [2025-12-28T18:46:58.994+0000] {dag.py:3954} INFO - Setting next_dagrun for youtube_video_stats to 2025-12-28 14:00:00+00:00, run_after=2025-12-29 14:00:00+00:00
[2025-12-28T18:46:59.026+0000] {processor.py:183} INFO - Processing /opt/airflow/dags/main.py took 0.451 seconds
[2025-12-28T18:47:29.337+0000] {processor.py:161} INFO - Started process (PID=20476) to work on /opt/airflow/dags/main.py
[2025-12-28T18:47:29.339+0000] {processor.py:830} INFO - Processing file /opt/airflow/dags/main.py for tasks to queue
[2025-12-28T18:47:29.341+0000] {logging_mixin.py:188} INFO - [2025-12-28T18:47:29.340+0000] {dagbag.py:545} INFO - Filling up the DagBag from /opt/airflow/dags/main.py
[2025-12-28T18:47:29.540+0000] {processor.py:840} INFO - DAG(s) 'update_db', 'youtube_video_stats' retrieved from /opt/airflow/dags/main.py
[2025-12-28T18:47:29.615+0000] {logging_mixin.py:188} INFO - [2025-12-28T18:47:29.614+0000] {dag.py:3096} INFO - Sync 2 DAGs
[2025-12-28T18:47:29.702+0000] {logging_mixin.py:188} INFO - [2025-12-28T18:47:29.701+0000] {dag.py:3954} INFO - Setting next_dagrun for update_db to 2025-12-28 15:00:00+00:00, run_after=2025-12-29 15:00:00+00:00
[2025-12-28T18:47:29.725+0000] {logging_mixin.py:188} INFO - [2025-12-28T18:47:29.724+0000] {dag.py:3954} INFO - Setting next_dagrun for youtube_video_stats to 2025-12-28 14:00:00+00:00, run_after=2025-12-29 14:00:00+00:00
[2025-12-28T18:47:29.756+0000] {processor.py:183} INFO - Processing /opt/airflow/dags/main.py took 0.431 seconds
[2025-12-28T18:48:00.097+0000] {processor.py:161} INFO - Started process (PID=20483) to work on /opt/airflow/dags/main.py
[2025-12-28T18:48:00.099+0000] {processor.py:830} INFO - Processing file /opt/airflow/dags/main.py for tasks to queue
[2025-12-28T18:48:00.101+0000] {logging_mixin.py:188} INFO - [2025-12-28T18:48:00.100+0000] {dagbag.py:545} INFO - Filling up the DagBag from /opt/airflow/dags/main.py
[2025-12-28T18:48:00.364+0000] {processor.py:840} INFO - DAG(s) 'youtube_video_stats', 'update_db' retrieved from /opt/airflow/dags/main.py
[2025-12-28T18:48:00.467+0000] {logging_mixin.py:188} INFO - [2025-12-28T18:48:00.467+0000] {dag.py:3096} INFO - Sync 2 DAGs
[2025-12-28T18:48:00.517+0000] {logging_mixin.py:188} INFO - [2025-12-28T18:48:00.517+0000] {dag.py:3954} INFO - Setting next_dagrun for update_db to 2025-12-28 15:00:00+00:00, run_after=2025-12-29 15:00:00+00:00
[2025-12-28T18:48:00.528+0000] {logging_mixin.py:188} INFO - [2025-12-28T18:48:00.528+0000] {dag.py:3954} INFO - Setting next_dagrun for youtube_video_stats to 2025-12-28 14:00:00+00:00, run_after=2025-12-29 14:00:00+00:00
[2025-12-28T18:48:00.561+0000] {processor.py:183} INFO - Processing /opt/airflow/dags/main.py took 0.481 seconds
[2025-12-28T18:48:30.802+0000] {processor.py:161} INFO - Started process (PID=20490) to work on /opt/airflow/dags/main.py
[2025-12-28T18:48:30.805+0000] {processor.py:830} INFO - Processing file /opt/airflow/dags/main.py for tasks to queue
[2025-12-28T18:48:30.806+0000] {logging_mixin.py:188} INFO - [2025-12-28T18:48:30.806+0000] {dagbag.py:545} INFO - Filling up the DagBag from /opt/airflow/dags/main.py
[2025-12-28T18:48:30.968+0000] {processor.py:840} INFO - DAG(s) 'update_db', 'youtube_video_stats' retrieved from /opt/airflow/dags/main.py
[2025-12-28T18:48:31.024+0000] {logging_mixin.py:188} INFO - [2025-12-28T18:48:31.024+0000] {dag.py:3096} INFO - Sync 2 DAGs
[2025-12-28T18:48:31.062+0000] {logging_mixin.py:188} INFO - [2025-12-28T18:48:31.062+0000] {dag.py:3954} INFO - Setting next_dagrun for update_db to 2025-12-28 15:00:00+00:00, run_after=2025-12-29 15:00:00+00:00
[2025-12-28T18:48:31.072+0000] {logging_mixin.py:188} INFO - [2025-12-28T18:48:31.071+0000] {dag.py:3954} INFO - Setting next_dagrun for youtube_video_stats to 2025-12-28 14:00:00+00:00, run_after=2025-12-29 14:00:00+00:00
[2025-12-28T18:48:31.098+0000] {processor.py:183} INFO - Processing /opt/airflow/dags/main.py took 0.307 seconds
[2025-12-28T18:49:01.391+0000] {processor.py:161} INFO - Started process (PID=20497) to work on /opt/airflow/dags/main.py
[2025-12-28T18:49:01.395+0000] {processor.py:830} INFO - Processing file /opt/airflow/dags/main.py for tasks to queue
[2025-12-28T18:49:01.397+0000] {logging_mixin.py:188} INFO - [2025-12-28T18:49:01.397+0000] {dagbag.py:545} INFO - Filling up the DagBag from /opt/airflow/dags/main.py
[2025-12-28T18:49:01.721+0000] {processor.py:840} INFO - DAG(s) 'update_db', 'youtube_video_stats' retrieved from /opt/airflow/dags/main.py
[2025-12-28T18:49:01.828+0000] {logging_mixin.py:188} INFO - [2025-12-28T18:49:01.828+0000] {dag.py:3096} INFO - Sync 2 DAGs
[2025-12-28T18:49:01.887+0000] {logging_mixin.py:188} INFO - [2025-12-28T18:49:01.887+0000] {dag.py:3954} INFO - Setting next_dagrun for update_db to 2025-12-28 15:00:00+00:00, run_after=2025-12-29 15:00:00+00:00
[2025-12-28T18:49:01.904+0000] {logging_mixin.py:188} INFO - [2025-12-28T18:49:01.903+0000] {dag.py:3954} INFO - Setting next_dagrun for youtube_video_stats to 2025-12-28 14:00:00+00:00, run_after=2025-12-29 14:00:00+00:00
[2025-12-28T18:49:01.979+0000] {processor.py:183} INFO - Processing /opt/airflow/dags/main.py took 0.606 seconds
[2025-12-28T18:49:32.230+0000] {processor.py:161} INFO - Started process (PID=20504) to work on /opt/airflow/dags/main.py
[2025-12-28T18:49:32.231+0000] {processor.py:830} INFO - Processing file /opt/airflow/dags/main.py for tasks to queue
[2025-12-28T18:49:32.233+0000] {logging_mixin.py:188} INFO - [2025-12-28T18:49:32.232+0000] {dagbag.py:545} INFO - Filling up the DagBag from /opt/airflow/dags/main.py
[2025-12-28T18:49:32.346+0000] {processor.py:840} INFO - DAG(s) 'youtube_video_stats', 'update_db' retrieved from /opt/airflow/dags/main.py
[2025-12-28T18:49:32.390+0000] {logging_mixin.py:188} INFO - [2025-12-28T18:49:32.389+0000] {dag.py:3096} INFO - Sync 2 DAGs
[2025-12-28T18:49:32.425+0000] {logging_mixin.py:188} INFO - [2025-12-28T18:49:32.425+0000] {dag.py:3954} INFO - Setting next_dagrun for update_db to 2025-12-28 15:00:00+00:00, run_after=2025-12-29 15:00:00+00:00
[2025-12-28T18:49:32.434+0000] {logging_mixin.py:188} INFO - [2025-12-28T18:49:32.434+0000] {dag.py:3954} INFO - Setting next_dagrun for youtube_video_stats to 2025-12-28 14:00:00+00:00, run_after=2025-12-29 14:00:00+00:00
[2025-12-28T18:49:32.462+0000] {processor.py:183} INFO - Processing /opt/airflow/dags/main.py took 0.240 seconds
[2025-12-28T18:50:02.669+0000] {processor.py:161} INFO - Started process (PID=20511) to work on /opt/airflow/dags/main.py
[2025-12-28T18:50:02.670+0000] {processor.py:830} INFO - Processing file /opt/airflow/dags/main.py for tasks to queue
[2025-12-28T18:50:02.671+0000] {logging_mixin.py:188} INFO - [2025-12-28T18:50:02.671+0000] {dagbag.py:545} INFO - Filling up the DagBag from /opt/airflow/dags/main.py
[2025-12-28T18:50:02.837+0000] {processor.py:840} INFO - DAG(s) 'update_db', 'youtube_video_stats' retrieved from /opt/airflow/dags/main.py
[2025-12-28T18:50:02.884+0000] {logging_mixin.py:188} INFO - [2025-12-28T18:50:02.884+0000] {dag.py:3096} INFO - Sync 2 DAGs
[2025-12-28T18:50:02.917+0000] {logging_mixin.py:188} INFO - [2025-12-28T18:50:02.917+0000] {dag.py:3954} INFO - Setting next_dagrun for update_db to 2025-12-28 15:00:00+00:00, run_after=2025-12-29 15:00:00+00:00
[2025-12-28T18:50:02.931+0000] {logging_mixin.py:188} INFO - [2025-12-28T18:50:02.931+0000] {dag.py:3954} INFO - Setting next_dagrun for youtube_video_stats to 2025-12-28 14:00:00+00:00, run_after=2025-12-29 14:00:00+00:00
[2025-12-28T18:50:02.958+0000] {processor.py:183} INFO - Processing /opt/airflow/dags/main.py took 0.296 seconds
[2025-12-28T18:50:33.282+0000] {processor.py:161} INFO - Started process (PID=20518) to work on /opt/airflow/dags/main.py
[2025-12-28T18:50:33.283+0000] {processor.py:830} INFO - Processing file /opt/airflow/dags/main.py for tasks to queue
[2025-12-28T18:50:33.285+0000] {logging_mixin.py:188} INFO - [2025-12-28T18:50:33.284+0000] {dagbag.py:545} INFO - Filling up the DagBag from /opt/airflow/dags/main.py
[2025-12-28T18:50:33.407+0000] {processor.py:840} INFO - DAG(s) 'youtube_video_stats', 'update_db' retrieved from /opt/airflow/dags/main.py
[2025-12-28T18:50:33.451+0000] {logging_mixin.py:188} INFO - [2025-12-28T18:50:33.450+0000] {dag.py:3096} INFO - Sync 2 DAGs
[2025-12-28T18:50:33.481+0000] {logging_mixin.py:188} INFO - [2025-12-28T18:50:33.480+0000] {dag.py:3954} INFO - Setting next_dagrun for update_db to 2025-12-28 15:00:00+00:00, run_after=2025-12-29 15:00:00+00:00
[2025-12-28T18:50:33.489+0000] {logging_mixin.py:188} INFO - [2025-12-28T18:50:33.488+0000] {dag.py:3954} INFO - Setting next_dagrun for youtube_video_stats to 2025-12-28 14:00:00+00:00, run_after=2025-12-29 14:00:00+00:00
[2025-12-28T18:50:33.512+0000] {processor.py:183} INFO - Processing /opt/airflow/dags/main.py took 0.239 seconds
[2025-12-28T18:51:03.725+0000] {processor.py:161} INFO - Started process (PID=20525) to work on /opt/airflow/dags/main.py
[2025-12-28T18:51:03.727+0000] {processor.py:830} INFO - Processing file /opt/airflow/dags/main.py for tasks to queue
[2025-12-28T18:51:03.730+0000] {logging_mixin.py:188} INFO - [2025-12-28T18:51:03.729+0000] {dagbag.py:545} INFO - Filling up the DagBag from /opt/airflow/dags/main.py
[2025-12-28T18:51:03.881+0000] {processor.py:840} INFO - DAG(s) 'update_db', 'youtube_video_stats' retrieved from /opt/airflow/dags/main.py
[2025-12-28T18:51:03.949+0000] {logging_mixin.py:188} INFO - [2025-12-28T18:51:03.949+0000] {dag.py:3096} INFO - Sync 2 DAGs
[2025-12-28T18:51:03.987+0000] {logging_mixin.py:188} INFO - [2025-12-28T18:51:03.987+0000] {dag.py:3954} INFO - Setting next_dagrun for update_db to 2025-12-28 15:00:00+00:00, run_after=2025-12-29 15:00:00+00:00
[2025-12-28T18:51:03.995+0000] {logging_mixin.py:188} INFO - [2025-12-28T18:51:03.994+0000] {dag.py:3954} INFO - Setting next_dagrun for youtube_video_stats to 2025-12-28 14:00:00+00:00, run_after=2025-12-29 14:00:00+00:00
[2025-12-28T18:51:04.024+0000] {processor.py:183} INFO - Processing /opt/airflow/dags/main.py took 0.313 seconds
[2025-12-28T18:51:34.255+0000] {processor.py:161} INFO - Started process (PID=20533) to work on /opt/airflow/dags/main.py
[2025-12-28T18:51:34.256+0000] {processor.py:830} INFO - Processing file /opt/airflow/dags/main.py for tasks to queue
[2025-12-28T18:51:34.257+0000] {logging_mixin.py:188} INFO - [2025-12-28T18:51:34.257+0000] {dagbag.py:545} INFO - Filling up the DagBag from /opt/airflow/dags/main.py
[2025-12-28T18:51:34.389+0000] {processor.py:840} INFO - DAG(s) 'update_db', 'youtube_video_stats' retrieved from /opt/airflow/dags/main.py
[2025-12-28T18:51:34.435+0000] {logging_mixin.py:188} INFO - [2025-12-28T18:51:34.434+0000] {dag.py:3096} INFO - Sync 2 DAGs
[2025-12-28T18:51:34.465+0000] {logging_mixin.py:188} INFO - [2025-12-28T18:51:34.465+0000] {dag.py:3954} INFO - Setting next_dagrun for update_db to 2025-12-28 15:00:00+00:00, run_after=2025-12-29 15:00:00+00:00
[2025-12-28T18:51:34.472+0000] {logging_mixin.py:188} INFO - [2025-12-28T18:51:34.471+0000] {dag.py:3954} INFO - Setting next_dagrun for youtube_video_stats to 2025-12-28 14:00:00+00:00, run_after=2025-12-29 14:00:00+00:00
[2025-12-28T18:51:34.498+0000] {processor.py:183} INFO - Processing /opt/airflow/dags/main.py took 0.251 seconds
[2025-12-28T18:52:04.719+0000] {processor.py:161} INFO - Started process (PID=20540) to work on /opt/airflow/dags/main.py
[2025-12-28T18:52:04.721+0000] {processor.py:830} INFO - Processing file /opt/airflow/dags/main.py for tasks to queue
[2025-12-28T18:52:04.723+0000] {logging_mixin.py:188} INFO - [2025-12-28T18:52:04.722+0000] {dagbag.py:545} INFO - Filling up the DagBag from /opt/airflow/dags/main.py
[2025-12-28T18:52:04.841+0000] {processor.py:840} INFO - DAG(s) 'youtube_video_stats', 'update_db' retrieved from /opt/airflow/dags/main.py
[2025-12-28T18:52:04.884+0000] {logging_mixin.py:188} INFO - [2025-12-28T18:52:04.884+0000] {dag.py:3096} INFO - Sync 2 DAGs
[2025-12-28T18:52:04.929+0000] {logging_mixin.py:188} INFO - [2025-12-28T18:52:04.928+0000] {dag.py:3954} INFO - Setting next_dagrun for update_db to 2025-12-28 15:00:00+00:00, run_after=2025-12-29 15:00:00+00:00
[2025-12-28T18:52:04.935+0000] {logging_mixin.py:188} INFO - [2025-12-28T18:52:04.935+0000] {dag.py:3954} INFO - Setting next_dagrun for youtube_video_stats to 2025-12-28 14:00:00+00:00, run_after=2025-12-29 14:00:00+00:00
[2025-12-28T18:52:04.961+0000] {processor.py:183} INFO - Processing /opt/airflow/dags/main.py took 0.251 seconds
[2025-12-28T18:52:35.182+0000] {processor.py:161} INFO - Started process (PID=20547) to work on /opt/airflow/dags/main.py
[2025-12-28T18:52:35.183+0000] {processor.py:830} INFO - Processing file /opt/airflow/dags/main.py for tasks to queue
[2025-12-28T18:52:35.184+0000] {logging_mixin.py:188} INFO - [2025-12-28T18:52:35.184+0000] {dagbag.py:545} INFO - Filling up the DagBag from /opt/airflow/dags/main.py
[2025-12-28T18:52:35.324+0000] {processor.py:840} INFO - DAG(s) 'youtube_video_stats', 'update_db' retrieved from /opt/airflow/dags/main.py
[2025-12-28T18:52:35.375+0000] {logging_mixin.py:188} INFO - [2025-12-28T18:52:35.374+0000] {dag.py:3096} INFO - Sync 2 DAGs
[2025-12-28T18:52:35.420+0000] {logging_mixin.py:188} INFO - [2025-12-28T18:52:35.419+0000] {dag.py:3954} INFO - Setting next_dagrun for update_db to 2025-12-28 15:00:00+00:00, run_after=2025-12-29 15:00:00+00:00
[2025-12-28T18:52:35.428+0000] {logging_mixin.py:188} INFO - [2025-12-28T18:52:35.428+0000] {dag.py:3954} INFO - Setting next_dagrun for youtube_video_stats to 2025-12-28 14:00:00+00:00, run_after=2025-12-29 14:00:00+00:00
[2025-12-28T18:52:35.456+0000] {processor.py:183} INFO - Processing /opt/airflow/dags/main.py took 0.282 seconds
[2025-12-28T18:53:05.679+0000] {processor.py:161} INFO - Started process (PID=20554) to work on /opt/airflow/dags/main.py
[2025-12-28T18:53:05.681+0000] {processor.py:830} INFO - Processing file /opt/airflow/dags/main.py for tasks to queue
[2025-12-28T18:53:05.682+0000] {logging_mixin.py:188} INFO - [2025-12-28T18:53:05.682+0000] {dagbag.py:545} INFO - Filling up the DagBag from /opt/airflow/dags/main.py
[2025-12-28T18:53:05.816+0000] {processor.py:840} INFO - DAG(s) 'update_db', 'youtube_video_stats' retrieved from /opt/airflow/dags/main.py
[2025-12-28T18:53:05.864+0000] {logging_mixin.py:188} INFO - [2025-12-28T18:53:05.864+0000] {dag.py:3096} INFO - Sync 2 DAGs
[2025-12-28T18:53:05.900+0000] {logging_mixin.py:188} INFO - [2025-12-28T18:53:05.899+0000] {dag.py:3954} INFO - Setting next_dagrun for update_db to 2025-12-28 15:00:00+00:00, run_after=2025-12-29 15:00:00+00:00
[2025-12-28T18:53:05.908+0000] {logging_mixin.py:188} INFO - [2025-12-28T18:53:05.907+0000] {dag.py:3954} INFO - Setting next_dagrun for youtube_video_stats to 2025-12-28 14:00:00+00:00, run_after=2025-12-29 14:00:00+00:00
[2025-12-28T18:53:05.932+0000] {processor.py:183} INFO - Processing /opt/airflow/dags/main.py took 0.261 seconds
[2025-12-28T18:53:36.067+0000] {processor.py:161} INFO - Started process (PID=20561) to work on /opt/airflow/dags/main.py
[2025-12-28T18:53:36.069+0000] {processor.py:830} INFO - Processing file /opt/airflow/dags/main.py for tasks to queue
[2025-12-28T18:53:36.070+0000] {logging_mixin.py:188} INFO - [2025-12-28T18:53:36.070+0000] {dagbag.py:545} INFO - Filling up the DagBag from /opt/airflow/dags/main.py
[2025-12-28T18:53:36.195+0000] {processor.py:840} INFO - DAG(s) 'update_db', 'youtube_video_stats' retrieved from /opt/airflow/dags/main.py
[2025-12-28T18:53:36.237+0000] {logging_mixin.py:188} INFO - [2025-12-28T18:53:36.237+0000] {dag.py:3096} INFO - Sync 2 DAGs
[2025-12-28T18:53:36.266+0000] {logging_mixin.py:188} INFO - [2025-12-28T18:53:36.266+0000] {dag.py:3954} INFO - Setting next_dagrun for update_db to 2025-12-28 15:00:00+00:00, run_after=2025-12-29 15:00:00+00:00
[2025-12-28T18:53:36.274+0000] {logging_mixin.py:188} INFO - [2025-12-28T18:53:36.274+0000] {dag.py:3954} INFO - Setting next_dagrun for youtube_video_stats to 2025-12-28 14:00:00+00:00, run_after=2025-12-29 14:00:00+00:00
[2025-12-28T18:53:36.297+0000] {processor.py:183} INFO - Processing /opt/airflow/dags/main.py took 0.240 seconds
[2025-12-28T18:54:07.201+0000] {processor.py:161} INFO - Started process (PID=20568) to work on /opt/airflow/dags/main.py
[2025-12-28T18:54:07.203+0000] {processor.py:830} INFO - Processing file /opt/airflow/dags/main.py for tasks to queue
[2025-12-28T18:54:07.205+0000] {logging_mixin.py:188} INFO - [2025-12-28T18:54:07.205+0000] {dagbag.py:545} INFO - Filling up the DagBag from /opt/airflow/dags/main.py
[2025-12-28T18:54:07.336+0000] {processor.py:840} INFO - DAG(s) 'youtube_video_stats', 'update_db' retrieved from /opt/airflow/dags/main.py
[2025-12-28T18:54:07.399+0000] {logging_mixin.py:188} INFO - [2025-12-28T18:54:07.399+0000] {dag.py:3096} INFO - Sync 2 DAGs
[2025-12-28T18:54:07.440+0000] {logging_mixin.py:188} INFO - [2025-12-28T18:54:07.440+0000] {dag.py:3954} INFO - Setting next_dagrun for update_db to 2025-12-28 15:00:00+00:00, run_after=2025-12-29 15:00:00+00:00
[2025-12-28T18:54:07.448+0000] {logging_mixin.py:188} INFO - [2025-12-28T18:54:07.448+0000] {dag.py:3954} INFO - Setting next_dagrun for youtube_video_stats to 2025-12-28 14:00:00+00:00, run_after=2025-12-29 14:00:00+00:00
[2025-12-28T18:54:07.477+0000] {processor.py:183} INFO - Processing /opt/airflow/dags/main.py took 0.284 seconds
[2025-12-28T18:54:37.550+0000] {processor.py:161} INFO - Started process (PID=20575) to work on /opt/airflow/dags/main.py
[2025-12-28T18:54:37.552+0000] {processor.py:830} INFO - Processing file /opt/airflow/dags/main.py for tasks to queue
[2025-12-28T18:54:37.554+0000] {logging_mixin.py:188} INFO - [2025-12-28T18:54:37.554+0000] {dagbag.py:545} INFO - Filling up the DagBag from /opt/airflow/dags/main.py
[2025-12-28T18:54:37.662+0000] {processor.py:840} INFO - DAG(s) 'youtube_video_stats', 'update_db' retrieved from /opt/airflow/dags/main.py
[2025-12-28T18:54:37.695+0000] {logging_mixin.py:188} INFO - [2025-12-28T18:54:37.695+0000] {dag.py:3096} INFO - Sync 2 DAGs
[2025-12-28T18:54:37.722+0000] {logging_mixin.py:188} INFO - [2025-12-28T18:54:37.722+0000] {dag.py:3954} INFO - Setting next_dagrun for update_db to 2025-12-28 15:00:00+00:00, run_after=2025-12-29 15:00:00+00:00
[2025-12-28T18:54:37.729+0000] {logging_mixin.py:188} INFO - [2025-12-28T18:54:37.729+0000] {dag.py:3954} INFO - Setting next_dagrun for youtube_video_stats to 2025-12-28 14:00:00+00:00, run_after=2025-12-29 14:00:00+00:00
[2025-12-28T18:54:37.756+0000] {processor.py:183} INFO - Processing /opt/airflow/dags/main.py took 0.213 seconds
[2025-12-28T18:55:07.862+0000] {processor.py:161} INFO - Started process (PID=20582) to work on /opt/airflow/dags/main.py
[2025-12-28T18:55:07.863+0000] {processor.py:830} INFO - Processing file /opt/airflow/dags/main.py for tasks to queue
[2025-12-28T18:55:07.865+0000] {logging_mixin.py:188} INFO - [2025-12-28T18:55:07.864+0000] {dagbag.py:545} INFO - Filling up the DagBag from /opt/airflow/dags/main.py
[2025-12-28T18:55:07.988+0000] {processor.py:840} INFO - DAG(s) 'youtube_video_stats', 'update_db' retrieved from /opt/airflow/dags/main.py
[2025-12-28T18:55:08.054+0000] {logging_mixin.py:188} INFO - [2025-12-28T18:55:08.053+0000] {dag.py:3096} INFO - Sync 2 DAGs
[2025-12-28T18:55:08.141+0000] {logging_mixin.py:188} INFO - [2025-12-28T18:55:08.140+0000] {dag.py:3954} INFO - Setting next_dagrun for update_db to 2025-12-28 15:00:00+00:00, run_after=2025-12-29 15:00:00+00:00
[2025-12-28T18:55:08.190+0000] {logging_mixin.py:188} INFO - [2025-12-28T18:55:08.189+0000] {dag.py:3954} INFO - Setting next_dagrun for youtube_video_stats to 2025-12-28 14:00:00+00:00, run_after=2025-12-29 14:00:00+00:00
[2025-12-28T18:55:08.283+0000] {processor.py:183} INFO - Processing /opt/airflow/dags/main.py took 0.429 seconds
[2025-12-28T18:55:38.493+0000] {processor.py:161} INFO - Started process (PID=20589) to work on /opt/airflow/dags/main.py
[2025-12-28T18:55:38.494+0000] {processor.py:830} INFO - Processing file /opt/airflow/dags/main.py for tasks to queue
[2025-12-28T18:55:38.495+0000] {logging_mixin.py:188} INFO - [2025-12-28T18:55:38.495+0000] {dagbag.py:545} INFO - Filling up the DagBag from /opt/airflow/dags/main.py
[2025-12-28T18:55:38.602+0000] {processor.py:840} INFO - DAG(s) 'update_db', 'youtube_video_stats' retrieved from /opt/airflow/dags/main.py
[2025-12-28T18:55:38.647+0000] {logging_mixin.py:188} INFO - [2025-12-28T18:55:38.647+0000] {dag.py:3096} INFO - Sync 2 DAGs
[2025-12-28T18:55:38.676+0000] {logging_mixin.py:188} INFO - [2025-12-28T18:55:38.676+0000] {dag.py:3954} INFO - Setting next_dagrun for update_db to 2025-12-28 15:00:00+00:00, run_after=2025-12-29 15:00:00+00:00
[2025-12-28T18:55:38.683+0000] {logging_mixin.py:188} INFO - [2025-12-28T18:55:38.682+0000] {dag.py:3954} INFO - Setting next_dagrun for youtube_video_stats to 2025-12-28 14:00:00+00:00, run_after=2025-12-29 14:00:00+00:00
[2025-12-28T18:55:38.705+0000] {processor.py:183} INFO - Processing /opt/airflow/dags/main.py took 0.220 seconds
[2025-12-28T18:56:08.904+0000] {processor.py:161} INFO - Started process (PID=20596) to work on /opt/airflow/dags/main.py
[2025-12-28T18:56:08.906+0000] {processor.py:830} INFO - Processing file /opt/airflow/dags/main.py for tasks to queue
[2025-12-28T18:56:08.908+0000] {logging_mixin.py:188} INFO - [2025-12-28T18:56:08.908+0000] {dagbag.py:545} INFO - Filling up the DagBag from /opt/airflow/dags/main.py
[2025-12-28T18:56:09.045+0000] {processor.py:840} INFO - DAG(s) 'update_db', 'youtube_video_stats' retrieved from /opt/airflow/dags/main.py
[2025-12-28T18:56:09.095+0000] {logging_mixin.py:188} INFO - [2025-12-28T18:56:09.095+0000] {dag.py:3096} INFO - Sync 2 DAGs
[2025-12-28T18:56:09.129+0000] {logging_mixin.py:188} INFO - [2025-12-28T18:56:09.129+0000] {dag.py:3954} INFO - Setting next_dagrun for update_db to 2025-12-28 15:00:00+00:00, run_after=2025-12-29 15:00:00+00:00
[2025-12-28T18:56:09.136+0000] {logging_mixin.py:188} INFO - [2025-12-28T18:56:09.136+0000] {dag.py:3954} INFO - Setting next_dagrun for youtube_video_stats to 2025-12-28 14:00:00+00:00, run_after=2025-12-29 14:00:00+00:00
[2025-12-28T18:56:09.163+0000] {processor.py:183} INFO - Processing /opt/airflow/dags/main.py took 0.266 seconds
[2025-12-28T18:56:39.391+0000] {processor.py:161} INFO - Started process (PID=20603) to work on /opt/airflow/dags/main.py
[2025-12-28T18:56:39.393+0000] {processor.py:830} INFO - Processing file /opt/airflow/dags/main.py for tasks to queue
[2025-12-28T18:56:39.394+0000] {logging_mixin.py:188} INFO - [2025-12-28T18:56:39.394+0000] {dagbag.py:545} INFO - Filling up the DagBag from /opt/airflow/dags/main.py
[2025-12-28T18:56:39.508+0000] {processor.py:840} INFO - DAG(s) 'update_db', 'youtube_video_stats' retrieved from /opt/airflow/dags/main.py
[2025-12-28T18:56:39.552+0000] {logging_mixin.py:188} INFO - [2025-12-28T18:56:39.552+0000] {dag.py:3096} INFO - Sync 2 DAGs
[2025-12-28T18:56:39.582+0000] {logging_mixin.py:188} INFO - [2025-12-28T18:56:39.581+0000] {dag.py:3954} INFO - Setting next_dagrun for update_db to 2025-12-28 15:00:00+00:00, run_after=2025-12-29 15:00:00+00:00
[2025-12-28T18:56:39.589+0000] {logging_mixin.py:188} INFO - [2025-12-28T18:56:39.589+0000] {dag.py:3954} INFO - Setting next_dagrun for youtube_video_stats to 2025-12-28 14:00:00+00:00, run_after=2025-12-29 14:00:00+00:00
[2025-12-28T18:56:39.612+0000] {processor.py:183} INFO - Processing /opt/airflow/dags/main.py took 0.228 seconds
[2025-12-28T18:57:09.842+0000] {processor.py:161} INFO - Started process (PID=20610) to work on /opt/airflow/dags/main.py
[2025-12-28T18:57:09.844+0000] {processor.py:830} INFO - Processing file /opt/airflow/dags/main.py for tasks to queue
[2025-12-28T18:57:09.846+0000] {logging_mixin.py:188} INFO - [2025-12-28T18:57:09.846+0000] {dagbag.py:545} INFO - Filling up the DagBag from /opt/airflow/dags/main.py
[2025-12-28T18:57:09.998+0000] {processor.py:840} INFO - DAG(s) 'youtube_video_stats', 'update_db' retrieved from /opt/airflow/dags/main.py
[2025-12-28T18:57:10.045+0000] {logging_mixin.py:188} INFO - [2025-12-28T18:57:10.045+0000] {dag.py:3096} INFO - Sync 2 DAGs
[2025-12-28T18:57:10.079+0000] {logging_mixin.py:188} INFO - [2025-12-28T18:57:10.079+0000] {dag.py:3954} INFO - Setting next_dagrun for update_db to 2025-12-28 15:00:00+00:00, run_after=2025-12-29 15:00:00+00:00
[2025-12-28T18:57:10.087+0000] {logging_mixin.py:188} INFO - [2025-12-28T18:57:10.087+0000] {dag.py:3954} INFO - Setting next_dagrun for youtube_video_stats to 2025-12-28 14:00:00+00:00, run_after=2025-12-29 14:00:00+00:00
[2025-12-28T18:57:10.116+0000] {processor.py:183} INFO - Processing /opt/airflow/dags/main.py took 0.284 seconds
[2025-12-28T18:57:40.324+0000] {processor.py:161} INFO - Started process (PID=20617) to work on /opt/airflow/dags/main.py
[2025-12-28T18:57:40.325+0000] {processor.py:830} INFO - Processing file /opt/airflow/dags/main.py for tasks to queue
[2025-12-28T18:57:40.326+0000] {logging_mixin.py:188} INFO - [2025-12-28T18:57:40.326+0000] {dagbag.py:545} INFO - Filling up the DagBag from /opt/airflow/dags/main.py
[2025-12-28T18:57:40.443+0000] {processor.py:840} INFO - DAG(s) 'update_db', 'youtube_video_stats' retrieved from /opt/airflow/dags/main.py
[2025-12-28T18:57:40.483+0000] {logging_mixin.py:188} INFO - [2025-12-28T18:57:40.482+0000] {dag.py:3096} INFO - Sync 2 DAGs
[2025-12-28T18:57:40.508+0000] {logging_mixin.py:188} INFO - [2025-12-28T18:57:40.508+0000] {dag.py:3954} INFO - Setting next_dagrun for update_db to 2025-12-28 15:00:00+00:00, run_after=2025-12-29 15:00:00+00:00
[2025-12-28T18:57:40.515+0000] {logging_mixin.py:188} INFO - [2025-12-28T18:57:40.515+0000] {dag.py:3954} INFO - Setting next_dagrun for youtube_video_stats to 2025-12-28 14:00:00+00:00, run_after=2025-12-29 14:00:00+00:00
[2025-12-28T18:57:40.540+0000] {processor.py:183} INFO - Processing /opt/airflow/dags/main.py took 0.224 seconds
[2025-12-28T18:58:10.753+0000] {processor.py:161} INFO - Started process (PID=20624) to work on /opt/airflow/dags/main.py
[2025-12-28T18:58:10.755+0000] {processor.py:830} INFO - Processing file /opt/airflow/dags/main.py for tasks to queue
[2025-12-28T18:58:10.756+0000] {logging_mixin.py:188} INFO - [2025-12-28T18:58:10.756+0000] {dagbag.py:545} INFO - Filling up the DagBag from /opt/airflow/dags/main.py
[2025-12-28T18:58:10.869+0000] {processor.py:840} INFO - DAG(s) 'update_db', 'youtube_video_stats' retrieved from /opt/airflow/dags/main.py
[2025-12-28T18:58:10.914+0000] {logging_mixin.py:188} INFO - [2025-12-28T18:58:10.914+0000] {dag.py:3096} INFO - Sync 2 DAGs
[2025-12-28T18:58:10.945+0000] {logging_mixin.py:188} INFO - [2025-12-28T18:58:10.945+0000] {dag.py:3954} INFO - Setting next_dagrun for update_db to 2025-12-28 15:00:00+00:00, run_after=2025-12-29 15:00:00+00:00
[2025-12-28T18:58:10.951+0000] {logging_mixin.py:188} INFO - [2025-12-28T18:58:10.951+0000] {dag.py:3954} INFO - Setting next_dagrun for youtube_video_stats to 2025-12-28 14:00:00+00:00, run_after=2025-12-29 14:00:00+00:00
[2025-12-28T18:58:10.978+0000] {processor.py:183} INFO - Processing /opt/airflow/dags/main.py took 0.233 seconds
[2025-12-28T18:58:41.107+0000] {processor.py:161} INFO - Started process (PID=20631) to work on /opt/airflow/dags/main.py
[2025-12-28T18:58:41.108+0000] {processor.py:830} INFO - Processing file /opt/airflow/dags/main.py for tasks to queue
[2025-12-28T18:58:41.110+0000] {logging_mixin.py:188} INFO - [2025-12-28T18:58:41.110+0000] {dagbag.py:545} INFO - Filling up the DagBag from /opt/airflow/dags/main.py
[2025-12-28T18:58:41.244+0000] {processor.py:840} INFO - DAG(s) 'update_db', 'youtube_video_stats' retrieved from /opt/airflow/dags/main.py
[2025-12-28T18:58:41.288+0000] {logging_mixin.py:188} INFO - [2025-12-28T18:58:41.288+0000] {dag.py:3096} INFO - Sync 2 DAGs
[2025-12-28T18:58:41.332+0000] {logging_mixin.py:188} INFO - [2025-12-28T18:58:41.331+0000] {dag.py:3954} INFO - Setting next_dagrun for update_db to 2025-12-28 15:00:00+00:00, run_after=2025-12-29 15:00:00+00:00
[2025-12-28T18:58:41.340+0000] {logging_mixin.py:188} INFO - [2025-12-28T18:58:41.340+0000] {dag.py:3954} INFO - Setting next_dagrun for youtube_video_stats to 2025-12-28 14:00:00+00:00, run_after=2025-12-29 14:00:00+00:00
[2025-12-28T18:58:41.372+0000] {processor.py:183} INFO - Processing /opt/airflow/dags/main.py took 0.274 seconds
[2025-12-28T18:59:11.581+0000] {processor.py:161} INFO - Started process (PID=20638) to work on /opt/airflow/dags/main.py
[2025-12-28T18:59:11.582+0000] {processor.py:830} INFO - Processing file /opt/airflow/dags/main.py for tasks to queue
[2025-12-28T18:59:11.585+0000] {logging_mixin.py:188} INFO - [2025-12-28T18:59:11.584+0000] {dagbag.py:545} INFO - Filling up the DagBag from /opt/airflow/dags/main.py
[2025-12-28T18:59:11.716+0000] {processor.py:840} INFO - DAG(s) 'update_db', 'youtube_video_stats' retrieved from /opt/airflow/dags/main.py
[2025-12-28T18:59:11.754+0000] {logging_mixin.py:188} INFO - [2025-12-28T18:59:11.754+0000] {dag.py:3096} INFO - Sync 2 DAGs
[2025-12-28T18:59:11.784+0000] {logging_mixin.py:188} INFO - [2025-12-28T18:59:11.784+0000] {dag.py:3954} INFO - Setting next_dagrun for update_db to 2025-12-28 15:00:00+00:00, run_after=2025-12-29 15:00:00+00:00
[2025-12-28T18:59:11.792+0000] {logging_mixin.py:188} INFO - [2025-12-28T18:59:11.792+0000] {dag.py:3954} INFO - Setting next_dagrun for youtube_video_stats to 2025-12-28 14:00:00+00:00, run_after=2025-12-29 14:00:00+00:00
[2025-12-28T18:59:11.822+0000] {processor.py:183} INFO - Processing /opt/airflow/dags/main.py took 0.251 seconds
[2025-12-28T18:59:42.030+0000] {processor.py:161} INFO - Started process (PID=20645) to work on /opt/airflow/dags/main.py
[2025-12-28T18:59:42.033+0000] {processor.py:830} INFO - Processing file /opt/airflow/dags/main.py for tasks to queue
[2025-12-28T18:59:42.038+0000] {logging_mixin.py:188} INFO - [2025-12-28T18:59:42.037+0000] {dagbag.py:545} INFO - Filling up the DagBag from /opt/airflow/dags/main.py
[2025-12-28T18:59:42.179+0000] {processor.py:840} INFO - DAG(s) 'youtube_video_stats', 'update_db' retrieved from /opt/airflow/dags/main.py
[2025-12-28T18:59:42.222+0000] {logging_mixin.py:188} INFO - [2025-12-28T18:59:42.222+0000] {dag.py:3096} INFO - Sync 2 DAGs
[2025-12-28T18:59:42.251+0000] {logging_mixin.py:188} INFO - [2025-12-28T18:59:42.251+0000] {dag.py:3954} INFO - Setting next_dagrun for update_db to 2025-12-28 15:00:00+00:00, run_after=2025-12-29 15:00:00+00:00
[2025-12-28T18:59:42.257+0000] {logging_mixin.py:188} INFO - [2025-12-28T18:59:42.257+0000] {dag.py:3954} INFO - Setting next_dagrun for youtube_video_stats to 2025-12-28 14:00:00+00:00, run_after=2025-12-29 14:00:00+00:00
[2025-12-28T18:59:42.281+0000] {processor.py:183} INFO - Processing /opt/airflow/dags/main.py took 0.262 seconds
[2025-12-28T19:00:12.492+0000] {processor.py:161} INFO - Started process (PID=20652) to work on /opt/airflow/dags/main.py
[2025-12-28T19:00:12.493+0000] {processor.py:830} INFO - Processing file /opt/airflow/dags/main.py for tasks to queue
[2025-12-28T19:00:12.495+0000] {logging_mixin.py:188} INFO - [2025-12-28T19:00:12.495+0000] {dagbag.py:545} INFO - Filling up the DagBag from /opt/airflow/dags/main.py
[2025-12-28T19:00:12.651+0000] {processor.py:840} INFO - DAG(s) 'youtube_video_stats', 'update_db' retrieved from /opt/airflow/dags/main.py
[2025-12-28T19:00:12.702+0000] {logging_mixin.py:188} INFO - [2025-12-28T19:00:12.702+0000] {dag.py:3096} INFO - Sync 2 DAGs
[2025-12-28T19:00:12.749+0000] {logging_mixin.py:188} INFO - [2025-12-28T19:00:12.748+0000] {dag.py:3954} INFO - Setting next_dagrun for update_db to 2025-12-28 15:00:00+00:00, run_after=2025-12-29 15:00:00+00:00
[2025-12-28T19:00:12.758+0000] {logging_mixin.py:188} INFO - [2025-12-28T19:00:12.758+0000] {dag.py:3954} INFO - Setting next_dagrun for youtube_video_stats to 2025-12-28 14:00:00+00:00, run_after=2025-12-29 14:00:00+00:00
[2025-12-28T19:00:12.794+0000] {processor.py:183} INFO - Processing /opt/airflow/dags/main.py took 0.312 seconds
[2025-12-28T19:00:42.999+0000] {processor.py:161} INFO - Started process (PID=20659) to work on /opt/airflow/dags/main.py
[2025-12-28T19:00:43.001+0000] {processor.py:830} INFO - Processing file /opt/airflow/dags/main.py for tasks to queue
[2025-12-28T19:00:43.002+0000] {logging_mixin.py:188} INFO - [2025-12-28T19:00:43.001+0000] {dagbag.py:545} INFO - Filling up the DagBag from /opt/airflow/dags/main.py
[2025-12-28T19:00:43.120+0000] {processor.py:840} INFO - DAG(s) 'update_db', 'youtube_video_stats' retrieved from /opt/airflow/dags/main.py
[2025-12-28T19:00:43.159+0000] {logging_mixin.py:188} INFO - [2025-12-28T19:00:43.159+0000] {dag.py:3096} INFO - Sync 2 DAGs
[2025-12-28T19:00:43.188+0000] {logging_mixin.py:188} INFO - [2025-12-28T19:00:43.187+0000] {dag.py:3954} INFO - Setting next_dagrun for update_db to 2025-12-28 15:00:00+00:00, run_after=2025-12-29 15:00:00+00:00
[2025-12-28T19:00:43.197+0000] {logging_mixin.py:188} INFO - [2025-12-28T19:00:43.197+0000] {dag.py:3954} INFO - Setting next_dagrun for youtube_video_stats to 2025-12-28 14:00:00+00:00, run_after=2025-12-29 14:00:00+00:00
[2025-12-28T19:00:43.230+0000] {processor.py:183} INFO - Processing /opt/airflow/dags/main.py took 0.238 seconds
[2025-12-28T19:01:13.436+0000] {processor.py:161} INFO - Started process (PID=20666) to work on /opt/airflow/dags/main.py
[2025-12-28T19:01:13.438+0000] {processor.py:830} INFO - Processing file /opt/airflow/dags/main.py for tasks to queue
[2025-12-28T19:01:13.440+0000] {logging_mixin.py:188} INFO - [2025-12-28T19:01:13.439+0000] {dagbag.py:545} INFO - Filling up the DagBag from /opt/airflow/dags/main.py
[2025-12-28T19:01:13.578+0000] {processor.py:840} INFO - DAG(s) 'youtube_video_stats', 'update_db' retrieved from /opt/airflow/dags/main.py
[2025-12-28T19:01:13.628+0000] {logging_mixin.py:188} INFO - [2025-12-28T19:01:13.627+0000] {dag.py:3096} INFO - Sync 2 DAGs
[2025-12-28T19:01:13.663+0000] {logging_mixin.py:188} INFO - [2025-12-28T19:01:13.663+0000] {dag.py:3954} INFO - Setting next_dagrun for update_db to 2025-12-28 15:00:00+00:00, run_after=2025-12-29 15:00:00+00:00
[2025-12-28T19:01:13.670+0000] {logging_mixin.py:188} INFO - [2025-12-28T19:01:13.670+0000] {dag.py:3954} INFO - Setting next_dagrun for youtube_video_stats to 2025-12-28 14:00:00+00:00, run_after=2025-12-29 14:00:00+00:00
[2025-12-28T19:01:13.695+0000] {processor.py:183} INFO - Processing /opt/airflow/dags/main.py took 0.267 seconds
[2025-12-28T19:01:43.931+0000] {processor.py:161} INFO - Started process (PID=20673) to work on /opt/airflow/dags/main.py
[2025-12-28T19:01:43.933+0000] {processor.py:830} INFO - Processing file /opt/airflow/dags/main.py for tasks to queue
[2025-12-28T19:01:43.934+0000] {logging_mixin.py:188} INFO - [2025-12-28T19:01:43.934+0000] {dagbag.py:545} INFO - Filling up the DagBag from /opt/airflow/dags/main.py
[2025-12-28T19:01:44.162+0000] {processor.py:840} INFO - DAG(s) 'youtube_video_stats', 'update_db' retrieved from /opt/airflow/dags/main.py
[2025-12-28T19:01:44.228+0000] {logging_mixin.py:188} INFO - [2025-12-28T19:01:44.227+0000] {dag.py:3096} INFO - Sync 2 DAGs
[2025-12-28T19:01:44.275+0000] {logging_mixin.py:188} INFO - [2025-12-28T19:01:44.274+0000] {dag.py:3954} INFO - Setting next_dagrun for update_db to 2025-12-28 15:00:00+00:00, run_after=2025-12-29 15:00:00+00:00
[2025-12-28T19:01:44.285+0000] {logging_mixin.py:188} INFO - [2025-12-28T19:01:44.284+0000] {dag.py:3954} INFO - Setting next_dagrun for youtube_video_stats to 2025-12-28 14:00:00+00:00, run_after=2025-12-29 14:00:00+00:00
[2025-12-28T19:01:44.316+0000] {processor.py:183} INFO - Processing /opt/airflow/dags/main.py took 0.397 seconds
[2025-12-28T19:02:14.566+0000] {processor.py:161} INFO - Started process (PID=20686) to work on /opt/airflow/dags/main.py
[2025-12-28T19:02:14.567+0000] {processor.py:830} INFO - Processing file /opt/airflow/dags/main.py for tasks to queue
[2025-12-28T19:02:14.569+0000] {logging_mixin.py:188} INFO - [2025-12-28T19:02:14.568+0000] {dagbag.py:545} INFO - Filling up the DagBag from /opt/airflow/dags/main.py
[2025-12-28T19:02:14.682+0000] {processor.py:840} INFO - DAG(s) 'youtube_video_stats', 'update_db' retrieved from /opt/airflow/dags/main.py
[2025-12-28T19:02:14.726+0000] {logging_mixin.py:188} INFO - [2025-12-28T19:02:14.725+0000] {dag.py:3096} INFO - Sync 2 DAGs
[2025-12-28T19:02:14.756+0000] {logging_mixin.py:188} INFO - [2025-12-28T19:02:14.755+0000] {dag.py:3954} INFO - Setting next_dagrun for update_db to 2025-12-28 15:00:00+00:00, run_after=2025-12-29 15:00:00+00:00
[2025-12-28T19:02:14.762+0000] {logging_mixin.py:188} INFO - [2025-12-28T19:02:14.762+0000] {dag.py:3954} INFO - Setting next_dagrun for youtube_video_stats to 2025-12-28 14:00:00+00:00, run_after=2025-12-29 14:00:00+00:00
[2025-12-28T19:02:14.785+0000] {processor.py:183} INFO - Processing /opt/airflow/dags/main.py took 0.227 seconds
[2025-12-28T19:02:44.988+0000] {processor.py:161} INFO - Started process (PID=20693) to work on /opt/airflow/dags/main.py
[2025-12-28T19:02:44.990+0000] {processor.py:830} INFO - Processing file /opt/airflow/dags/main.py for tasks to queue
[2025-12-28T19:02:44.991+0000] {logging_mixin.py:188} INFO - [2025-12-28T19:02:44.990+0000] {dagbag.py:545} INFO - Filling up the DagBag from /opt/airflow/dags/main.py
[2025-12-28T19:02:45.105+0000] {processor.py:840} INFO - DAG(s) 'youtube_video_stats', 'update_db' retrieved from /opt/airflow/dags/main.py
[2025-12-28T19:02:45.142+0000] {logging_mixin.py:188} INFO - [2025-12-28T19:02:45.142+0000] {dag.py:3096} INFO - Sync 2 DAGs
[2025-12-28T19:02:45.169+0000] {logging_mixin.py:188} INFO - [2025-12-28T19:02:45.169+0000] {dag.py:3954} INFO - Setting next_dagrun for update_db to 2025-12-28 15:00:00+00:00, run_after=2025-12-29 15:00:00+00:00
[2025-12-28T19:02:45.175+0000] {logging_mixin.py:188} INFO - [2025-12-28T19:02:45.175+0000] {dag.py:3954} INFO - Setting next_dagrun for youtube_video_stats to 2025-12-28 14:00:00+00:00, run_after=2025-12-29 14:00:00+00:00
[2025-12-28T19:02:45.200+0000] {processor.py:183} INFO - Processing /opt/airflow/dags/main.py took 0.218 seconds
[2025-12-28T19:03:15.338+0000] {processor.py:161} INFO - Started process (PID=20701) to work on /opt/airflow/dags/main.py
[2025-12-28T19:03:15.341+0000] {processor.py:830} INFO - Processing file /opt/airflow/dags/main.py for tasks to queue
[2025-12-28T19:03:15.343+0000] {logging_mixin.py:188} INFO - [2025-12-28T19:03:15.342+0000] {dagbag.py:545} INFO - Filling up the DagBag from /opt/airflow/dags/main.py
[2025-12-28T19:03:15.507+0000] {processor.py:840} INFO - DAG(s) 'update_db', 'youtube_video_stats' retrieved from /opt/airflow/dags/main.py
[2025-12-28T19:03:15.556+0000] {logging_mixin.py:188} INFO - [2025-12-28T19:03:15.556+0000] {dag.py:3096} INFO - Sync 2 DAGs
[2025-12-28T19:03:15.595+0000] {logging_mixin.py:188} INFO - [2025-12-28T19:03:15.594+0000] {dag.py:3954} INFO - Setting next_dagrun for update_db to 2025-12-28 15:00:00+00:00, run_after=2025-12-29 15:00:00+00:00
[2025-12-28T19:03:15.602+0000] {logging_mixin.py:188} INFO - [2025-12-28T19:03:15.602+0000] {dag.py:3954} INFO - Setting next_dagrun for youtube_video_stats to 2025-12-28 14:00:00+00:00, run_after=2025-12-29 14:00:00+00:00
[2025-12-28T19:03:15.637+0000] {processor.py:183} INFO - Processing /opt/airflow/dags/main.py took 0.314 seconds
[2025-12-28T19:03:45.833+0000] {processor.py:161} INFO - Started process (PID=20708) to work on /opt/airflow/dags/main.py
[2025-12-28T19:03:45.834+0000] {processor.py:830} INFO - Processing file /opt/airflow/dags/main.py for tasks to queue
[2025-12-28T19:03:45.836+0000] {logging_mixin.py:188} INFO - [2025-12-28T19:03:45.835+0000] {dagbag.py:545} INFO - Filling up the DagBag from /opt/airflow/dags/main.py
[2025-12-28T19:03:45.958+0000] {processor.py:840} INFO - DAG(s) 'update_db', 'youtube_video_stats' retrieved from /opt/airflow/dags/main.py
[2025-12-28T19:03:45.996+0000] {logging_mixin.py:188} INFO - [2025-12-28T19:03:45.995+0000] {dag.py:3096} INFO - Sync 2 DAGs
[2025-12-28T19:03:46.022+0000] {logging_mixin.py:188} INFO - [2025-12-28T19:03:46.021+0000] {dag.py:3954} INFO - Setting next_dagrun for update_db to 2025-12-28 15:00:00+00:00, run_after=2025-12-29 15:00:00+00:00
[2025-12-28T19:03:46.028+0000] {logging_mixin.py:188} INFO - [2025-12-28T19:03:46.028+0000] {dag.py:3954} INFO - Setting next_dagrun for youtube_video_stats to 2025-12-28 14:00:00+00:00, run_after=2025-12-29 14:00:00+00:00
[2025-12-28T19:03:46.055+0000] {processor.py:183} INFO - Processing /opt/airflow/dags/main.py took 0.228 seconds
[2025-12-28T19:04:16.250+0000] {processor.py:161} INFO - Started process (PID=20716) to work on /opt/airflow/dags/main.py
[2025-12-28T19:04:16.252+0000] {processor.py:830} INFO - Processing file /opt/airflow/dags/main.py for tasks to queue
[2025-12-28T19:04:16.253+0000] {logging_mixin.py:188} INFO - [2025-12-28T19:04:16.253+0000] {dagbag.py:545} INFO - Filling up the DagBag from /opt/airflow/dags/main.py
[2025-12-28T19:04:16.365+0000] {processor.py:840} INFO - DAG(s) 'update_db', 'youtube_video_stats' retrieved from /opt/airflow/dags/main.py
[2025-12-28T19:04:16.408+0000] {logging_mixin.py:188} INFO - [2025-12-28T19:04:16.408+0000] {dag.py:3096} INFO - Sync 2 DAGs
[2025-12-28T19:04:16.439+0000] {logging_mixin.py:188} INFO - [2025-12-28T19:04:16.438+0000] {dag.py:3954} INFO - Setting next_dagrun for update_db to 2025-12-28 15:00:00+00:00, run_after=2025-12-29 15:00:00+00:00
[2025-12-28T19:04:16.446+0000] {logging_mixin.py:188} INFO - [2025-12-28T19:04:16.446+0000] {dag.py:3954} INFO - Setting next_dagrun for youtube_video_stats to 2025-12-28 14:00:00+00:00, run_after=2025-12-29 14:00:00+00:00
[2025-12-28T19:04:16.476+0000] {processor.py:183} INFO - Processing /opt/airflow/dags/main.py took 0.235 seconds
[2025-12-28T19:04:46.620+0000] {processor.py:161} INFO - Started process (PID=20723) to work on /opt/airflow/dags/main.py
[2025-12-28T19:04:46.623+0000] {processor.py:830} INFO - Processing file /opt/airflow/dags/main.py for tasks to queue
[2025-12-28T19:04:46.624+0000] {logging_mixin.py:188} INFO - [2025-12-28T19:04:46.624+0000] {dagbag.py:545} INFO - Filling up the DagBag from /opt/airflow/dags/main.py
[2025-12-28T19:04:46.799+0000] {processor.py:840} INFO - DAG(s) 'youtube_video_stats', 'update_db' retrieved from /opt/airflow/dags/main.py
[2025-12-28T19:04:46.857+0000] {logging_mixin.py:188} INFO - [2025-12-28T19:04:46.856+0000] {dag.py:3096} INFO - Sync 2 DAGs
[2025-12-28T19:04:46.903+0000] {logging_mixin.py:188} INFO - [2025-12-28T19:04:46.902+0000] {dag.py:3954} INFO - Setting next_dagrun for update_db to 2025-12-28 15:00:00+00:00, run_after=2025-12-29 15:00:00+00:00
[2025-12-28T19:04:46.915+0000] {logging_mixin.py:188} INFO - [2025-12-28T19:04:46.914+0000] {dag.py:3954} INFO - Setting next_dagrun for youtube_video_stats to 2025-12-28 14:00:00+00:00, run_after=2025-12-29 14:00:00+00:00
[2025-12-28T19:04:46.952+0000] {processor.py:183} INFO - Processing /opt/airflow/dags/main.py took 0.345 seconds
[2025-12-28T19:05:17.054+0000] {processor.py:161} INFO - Started process (PID=20731) to work on /opt/airflow/dags/main.py
[2025-12-28T19:05:17.056+0000] {processor.py:830} INFO - Processing file /opt/airflow/dags/main.py for tasks to queue
[2025-12-28T19:05:17.058+0000] {logging_mixin.py:188} INFO - [2025-12-28T19:05:17.057+0000] {dagbag.py:545} INFO - Filling up the DagBag from /opt/airflow/dags/main.py
[2025-12-28T19:05:17.173+0000] {processor.py:840} INFO - DAG(s) 'youtube_video_stats', 'update_db' retrieved from /opt/airflow/dags/main.py
[2025-12-28T19:05:17.221+0000] {logging_mixin.py:188} INFO - [2025-12-28T19:05:17.221+0000] {dag.py:3096} INFO - Sync 2 DAGs
[2025-12-28T19:05:17.255+0000] {logging_mixin.py:188} INFO - [2025-12-28T19:05:17.255+0000] {dag.py:3954} INFO - Setting next_dagrun for update_db to 2025-12-28 15:00:00+00:00, run_after=2025-12-29 15:00:00+00:00
[2025-12-28T19:05:17.262+0000] {logging_mixin.py:188} INFO - [2025-12-28T19:05:17.262+0000] {dag.py:3954} INFO - Setting next_dagrun for youtube_video_stats to 2025-12-28 14:00:00+00:00, run_after=2025-12-29 14:00:00+00:00
[2025-12-28T19:05:17.286+0000] {processor.py:183} INFO - Processing /opt/airflow/dags/main.py took 0.241 seconds
[2025-12-28T19:05:47.626+0000] {processor.py:161} INFO - Started process (PID=20738) to work on /opt/airflow/dags/main.py
[2025-12-28T19:05:47.629+0000] {processor.py:830} INFO - Processing file /opt/airflow/dags/main.py for tasks to queue
[2025-12-28T19:05:47.631+0000] {logging_mixin.py:188} INFO - [2025-12-28T19:05:47.630+0000] {dagbag.py:545} INFO - Filling up the DagBag from /opt/airflow/dags/main.py
[2025-12-28T19:05:47.860+0000] {processor.py:840} INFO - DAG(s) 'update_db', 'youtube_video_stats' retrieved from /opt/airflow/dags/main.py
[2025-12-28T19:05:47.915+0000] {logging_mixin.py:188} INFO - [2025-12-28T19:05:47.915+0000] {dag.py:3096} INFO - Sync 2 DAGs
[2025-12-28T19:05:47.955+0000] {logging_mixin.py:188} INFO - [2025-12-28T19:05:47.955+0000] {dag.py:3954} INFO - Setting next_dagrun for update_db to 2025-12-28 15:00:00+00:00, run_after=2025-12-29 15:00:00+00:00
[2025-12-28T19:05:47.967+0000] {logging_mixin.py:188} INFO - [2025-12-28T19:05:47.967+0000] {dag.py:3954} INFO - Setting next_dagrun for youtube_video_stats to 2025-12-28 14:00:00+00:00, run_after=2025-12-29 14:00:00+00:00
[2025-12-28T19:05:48.012+0000] {processor.py:183} INFO - Processing /opt/airflow/dags/main.py took 0.397 seconds
[2025-12-28T19:06:18.245+0000] {processor.py:161} INFO - Started process (PID=20745) to work on /opt/airflow/dags/main.py
[2025-12-28T19:06:18.247+0000] {processor.py:830} INFO - Processing file /opt/airflow/dags/main.py for tasks to queue
[2025-12-28T19:06:18.248+0000] {logging_mixin.py:188} INFO - [2025-12-28T19:06:18.248+0000] {dagbag.py:545} INFO - Filling up the DagBag from /opt/airflow/dags/main.py
[2025-12-28T19:06:18.382+0000] {processor.py:840} INFO - DAG(s) 'update_db', 'youtube_video_stats' retrieved from /opt/airflow/dags/main.py
[2025-12-28T19:06:18.431+0000] {logging_mixin.py:188} INFO - [2025-12-28T19:06:18.431+0000] {dag.py:3096} INFO - Sync 2 DAGs
[2025-12-28T19:06:18.461+0000] {logging_mixin.py:188} INFO - [2025-12-28T19:06:18.461+0000] {dag.py:3954} INFO - Setting next_dagrun for update_db to 2025-12-28 15:00:00+00:00, run_after=2025-12-29 15:00:00+00:00
[2025-12-28T19:06:18.468+0000] {logging_mixin.py:188} INFO - [2025-12-28T19:06:18.467+0000] {dag.py:3954} INFO - Setting next_dagrun for youtube_video_stats to 2025-12-28 14:00:00+00:00, run_after=2025-12-29 14:00:00+00:00
[2025-12-28T19:06:18.496+0000] {processor.py:183} INFO - Processing /opt/airflow/dags/main.py took 0.262 seconds
[2025-12-28T19:06:48.661+0000] {processor.py:161} INFO - Started process (PID=20752) to work on /opt/airflow/dags/main.py
[2025-12-28T19:06:48.664+0000] {processor.py:830} INFO - Processing file /opt/airflow/dags/main.py for tasks to queue
[2025-12-28T19:06:48.667+0000] {logging_mixin.py:188} INFO - [2025-12-28T19:06:48.666+0000] {dagbag.py:545} INFO - Filling up the DagBag from /opt/airflow/dags/main.py
[2025-12-28T19:06:48.893+0000] {processor.py:840} INFO - DAG(s) 'update_db', 'youtube_video_stats' retrieved from /opt/airflow/dags/main.py
[2025-12-28T19:06:49.016+0000] {logging_mixin.py:188} INFO - [2025-12-28T19:06:49.016+0000] {dag.py:3096} INFO - Sync 2 DAGs
[2025-12-28T19:06:49.104+0000] {logging_mixin.py:188} INFO - [2025-12-28T19:06:49.103+0000] {dag.py:3954} INFO - Setting next_dagrun for update_db to 2025-12-28 15:00:00+00:00, run_after=2025-12-29 15:00:00+00:00
[2025-12-28T19:06:49.123+0000] {logging_mixin.py:188} INFO - [2025-12-28T19:06:49.123+0000] {dag.py:3954} INFO - Setting next_dagrun for youtube_video_stats to 2025-12-28 14:00:00+00:00, run_after=2025-12-29 14:00:00+00:00
[2025-12-28T19:06:49.169+0000] {processor.py:183} INFO - Processing /opt/airflow/dags/main.py took 0.524 seconds
[2025-12-28T19:07:19.419+0000] {processor.py:161} INFO - Started process (PID=20759) to work on /opt/airflow/dags/main.py
[2025-12-28T19:07:19.422+0000] {processor.py:830} INFO - Processing file /opt/airflow/dags/main.py for tasks to queue
[2025-12-28T19:07:19.424+0000] {logging_mixin.py:188} INFO - [2025-12-28T19:07:19.423+0000] {dagbag.py:545} INFO - Filling up the DagBag from /opt/airflow/dags/main.py
[2025-12-28T19:07:19.560+0000] {processor.py:840} INFO - DAG(s) 'youtube_video_stats', 'update_db' retrieved from /opt/airflow/dags/main.py
[2025-12-28T19:07:19.604+0000] {logging_mixin.py:188} INFO - [2025-12-28T19:07:19.604+0000] {dag.py:3096} INFO - Sync 2 DAGs
[2025-12-28T19:07:19.639+0000] {logging_mixin.py:188} INFO - [2025-12-28T19:07:19.638+0000] {dag.py:3954} INFO - Setting next_dagrun for update_db to 2025-12-28 15:00:00+00:00, run_after=2025-12-29 15:00:00+00:00
[2025-12-28T19:07:19.646+0000] {logging_mixin.py:188} INFO - [2025-12-28T19:07:19.646+0000] {dag.py:3954} INFO - Setting next_dagrun for youtube_video_stats to 2025-12-28 14:00:00+00:00, run_after=2025-12-29 14:00:00+00:00
[2025-12-28T19:07:19.678+0000] {processor.py:183} INFO - Processing /opt/airflow/dags/main.py took 0.268 seconds
[2025-12-28T19:07:49.999+0000] {processor.py:161} INFO - Started process (PID=20766) to work on /opt/airflow/dags/main.py
[2025-12-28T19:07:50.001+0000] {processor.py:830} INFO - Processing file /opt/airflow/dags/main.py for tasks to queue
[2025-12-28T19:07:50.004+0000] {logging_mixin.py:188} INFO - [2025-12-28T19:07:50.003+0000] {dagbag.py:545} INFO - Filling up the DagBag from /opt/airflow/dags/main.py
[2025-12-28T19:07:50.275+0000] {processor.py:840} INFO - DAG(s) 'update_db', 'youtube_video_stats' retrieved from /opt/airflow/dags/main.py
[2025-12-28T19:07:50.355+0000] {logging_mixin.py:188} INFO - [2025-12-28T19:07:50.355+0000] {dag.py:3096} INFO - Sync 2 DAGs
[2025-12-28T19:07:50.423+0000] {logging_mixin.py:188} INFO - [2025-12-28T19:07:50.422+0000] {dag.py:3954} INFO - Setting next_dagrun for update_db to 2025-12-28 15:00:00+00:00, run_after=2025-12-29 15:00:00+00:00
[2025-12-28T19:07:50.439+0000] {logging_mixin.py:188} INFO - [2025-12-28T19:07:50.438+0000] {dag.py:3954} INFO - Setting next_dagrun for youtube_video_stats to 2025-12-28 14:00:00+00:00, run_after=2025-12-29 14:00:00+00:00
[2025-12-28T19:07:50.473+0000] {processor.py:183} INFO - Processing /opt/airflow/dags/main.py took 0.486 seconds
[2025-12-28T19:08:20.940+0000] {processor.py:161} INFO - Started process (PID=20773) to work on /opt/airflow/dags/main.py
[2025-12-28T19:08:20.944+0000] {processor.py:830} INFO - Processing file /opt/airflow/dags/main.py for tasks to queue
[2025-12-28T19:08:20.947+0000] {logging_mixin.py:188} INFO - [2025-12-28T19:08:20.946+0000] {dagbag.py:545} INFO - Filling up the DagBag from /opt/airflow/dags/main.py
[2025-12-28T19:08:21.209+0000] {processor.py:840} INFO - DAG(s) 'youtube_video_stats', 'update_db' retrieved from /opt/airflow/dags/main.py
[2025-12-28T19:08:21.320+0000] {logging_mixin.py:188} INFO - [2025-12-28T19:08:21.320+0000] {dag.py:3096} INFO - Sync 2 DAGs
[2025-12-28T19:08:21.388+0000] {logging_mixin.py:188} INFO - [2025-12-28T19:08:21.387+0000] {dag.py:3954} INFO - Setting next_dagrun for update_db to 2025-12-28 15:00:00+00:00, run_after=2025-12-29 15:00:00+00:00
[2025-12-28T19:08:21.402+0000] {logging_mixin.py:188} INFO - [2025-12-28T19:08:21.402+0000] {dag.py:3954} INFO - Setting next_dagrun for youtube_video_stats to 2025-12-28 14:00:00+00:00, run_after=2025-12-29 14:00:00+00:00
[2025-12-28T19:08:21.438+0000] {processor.py:183} INFO - Processing /opt/airflow/dags/main.py took 0.523 seconds
[2025-12-28T19:08:51.677+0000] {processor.py:161} INFO - Started process (PID=20780) to work on /opt/airflow/dags/main.py
[2025-12-28T19:08:51.679+0000] {processor.py:830} INFO - Processing file /opt/airflow/dags/main.py for tasks to queue
[2025-12-28T19:08:51.681+0000] {logging_mixin.py:188} INFO - [2025-12-28T19:08:51.680+0000] {dagbag.py:545} INFO - Filling up the DagBag from /opt/airflow/dags/main.py
[2025-12-28T19:08:51.845+0000] {processor.py:840} INFO - DAG(s) 'update_db', 'youtube_video_stats' retrieved from /opt/airflow/dags/main.py
[2025-12-28T19:08:51.909+0000] {logging_mixin.py:188} INFO - [2025-12-28T19:08:51.908+0000] {dag.py:3096} INFO - Sync 2 DAGs
[2025-12-28T19:08:51.954+0000] {logging_mixin.py:188} INFO - [2025-12-28T19:08:51.953+0000] {dag.py:3954} INFO - Setting next_dagrun for update_db to 2025-12-28 15:00:00+00:00, run_after=2025-12-29 15:00:00+00:00
[2025-12-28T19:08:51.972+0000] {logging_mixin.py:188} INFO - [2025-12-28T19:08:51.972+0000] {dag.py:3954} INFO - Setting next_dagrun for youtube_video_stats to 2025-12-28 14:00:00+00:00, run_after=2025-12-29 14:00:00+00:00
[2025-12-28T19:08:52.014+0000] {processor.py:183} INFO - Processing /opt/airflow/dags/main.py took 0.351 seconds
[2025-12-28T19:09:22.266+0000] {processor.py:161} INFO - Started process (PID=20787) to work on /opt/airflow/dags/main.py
[2025-12-28T19:09:22.267+0000] {processor.py:830} INFO - Processing file /opt/airflow/dags/main.py for tasks to queue
[2025-12-28T19:09:22.269+0000] {logging_mixin.py:188} INFO - [2025-12-28T19:09:22.269+0000] {dagbag.py:545} INFO - Filling up the DagBag from /opt/airflow/dags/main.py
[2025-12-28T19:09:22.444+0000] {processor.py:840} INFO - DAG(s) 'youtube_video_stats', 'update_db' retrieved from /opt/airflow/dags/main.py
[2025-12-28T19:09:22.504+0000] {logging_mixin.py:188} INFO - [2025-12-28T19:09:22.503+0000] {dag.py:3096} INFO - Sync 2 DAGs
[2025-12-28T19:09:22.558+0000] {logging_mixin.py:188} INFO - [2025-12-28T19:09:22.556+0000] {dag.py:3954} INFO - Setting next_dagrun for update_db to 2025-12-28 15:00:00+00:00, run_after=2025-12-29 15:00:00+00:00
[2025-12-28T19:09:22.572+0000] {logging_mixin.py:188} INFO - [2025-12-28T19:09:22.571+0000] {dag.py:3954} INFO - Setting next_dagrun for youtube_video_stats to 2025-12-28 14:00:00+00:00, run_after=2025-12-29 14:00:00+00:00
[2025-12-28T19:09:22.607+0000] {processor.py:183} INFO - Processing /opt/airflow/dags/main.py took 0.352 seconds
[2025-12-28T19:09:52.879+0000] {processor.py:161} INFO - Started process (PID=20794) to work on /opt/airflow/dags/main.py
[2025-12-28T19:09:52.881+0000] {processor.py:830} INFO - Processing file /opt/airflow/dags/main.py for tasks to queue
[2025-12-28T19:09:52.882+0000] {logging_mixin.py:188} INFO - [2025-12-28T19:09:52.882+0000] {dagbag.py:545} INFO - Filling up the DagBag from /opt/airflow/dags/main.py
[2025-12-28T19:09:53.084+0000] {processor.py:840} INFO - DAG(s) 'youtube_video_stats', 'update_db' retrieved from /opt/airflow/dags/main.py
[2025-12-28T19:09:53.149+0000] {logging_mixin.py:188} INFO - [2025-12-28T19:09:53.148+0000] {dag.py:3096} INFO - Sync 2 DAGs
[2025-12-28T19:09:53.191+0000] {logging_mixin.py:188} INFO - [2025-12-28T19:09:53.190+0000] {dag.py:3954} INFO - Setting next_dagrun for update_db to 2025-12-28 15:00:00+00:00, run_after=2025-12-29 15:00:00+00:00
[2025-12-28T19:09:53.201+0000] {logging_mixin.py:188} INFO - [2025-12-28T19:09:53.201+0000] {dag.py:3954} INFO - Setting next_dagrun for youtube_video_stats to 2025-12-28 14:00:00+00:00, run_after=2025-12-29 14:00:00+00:00
[2025-12-28T19:09:53.228+0000] {processor.py:183} INFO - Processing /opt/airflow/dags/main.py took 0.360 seconds
[2025-12-28T19:10:23.576+0000] {processor.py:161} INFO - Started process (PID=20801) to work on /opt/airflow/dags/main.py
[2025-12-28T19:10:23.578+0000] {processor.py:830} INFO - Processing file /opt/airflow/dags/main.py for tasks to queue
[2025-12-28T19:10:23.580+0000] {logging_mixin.py:188} INFO - [2025-12-28T19:10:23.579+0000] {dagbag.py:545} INFO - Filling up the DagBag from /opt/airflow/dags/main.py
[2025-12-28T19:10:23.762+0000] {processor.py:840} INFO - DAG(s) 'update_db', 'youtube_video_stats' retrieved from /opt/airflow/dags/main.py
[2025-12-28T19:10:23.810+0000] {logging_mixin.py:188} INFO - [2025-12-28T19:10:23.810+0000] {dag.py:3096} INFO - Sync 2 DAGs
[2025-12-28T19:10:23.846+0000] {logging_mixin.py:188} INFO - [2025-12-28T19:10:23.845+0000] {dag.py:3954} INFO - Setting next_dagrun for update_db to 2025-12-28 15:00:00+00:00, run_after=2025-12-29 15:00:00+00:00
[2025-12-28T19:10:23.854+0000] {logging_mixin.py:188} INFO - [2025-12-28T19:10:23.853+0000] {dag.py:3954} INFO - Setting next_dagrun for youtube_video_stats to 2025-12-28 14:00:00+00:00, run_after=2025-12-29 14:00:00+00:00
[2025-12-28T19:10:23.879+0000] {processor.py:183} INFO - Processing /opt/airflow/dags/main.py took 0.315 seconds
[2025-12-28T19:10:54.078+0000] {processor.py:161} INFO - Started process (PID=20808) to work on /opt/airflow/dags/main.py
[2025-12-28T19:10:54.080+0000] {processor.py:830} INFO - Processing file /opt/airflow/dags/main.py for tasks to queue
[2025-12-28T19:10:54.081+0000] {logging_mixin.py:188} INFO - [2025-12-28T19:10:54.081+0000] {dagbag.py:545} INFO - Filling up the DagBag from /opt/airflow/dags/main.py
[2025-12-28T19:10:54.181+0000] {processor.py:840} INFO - DAG(s) 'youtube_video_stats', 'update_db' retrieved from /opt/airflow/dags/main.py
[2025-12-28T19:10:54.213+0000] {logging_mixin.py:188} INFO - [2025-12-28T19:10:54.213+0000] {dag.py:3096} INFO - Sync 2 DAGs
[2025-12-28T19:10:54.236+0000] {logging_mixin.py:188} INFO - [2025-12-28T19:10:54.236+0000] {dag.py:3954} INFO - Setting next_dagrun for update_db to 2025-12-28 15:00:00+00:00, run_after=2025-12-29 15:00:00+00:00
[2025-12-28T19:10:54.242+0000] {logging_mixin.py:188} INFO - [2025-12-28T19:10:54.241+0000] {dag.py:3954} INFO - Setting next_dagrun for youtube_video_stats to 2025-12-28 14:00:00+00:00, run_after=2025-12-29 14:00:00+00:00
[2025-12-28T19:10:54.261+0000] {processor.py:183} INFO - Processing /opt/airflow/dags/main.py took 0.195 seconds
[2025-12-28T19:11:24.452+0000] {processor.py:161} INFO - Started process (PID=20815) to work on /opt/airflow/dags/main.py
[2025-12-28T19:11:24.455+0000] {processor.py:830} INFO - Processing file /opt/airflow/dags/main.py for tasks to queue
[2025-12-28T19:11:24.457+0000] {logging_mixin.py:188} INFO - [2025-12-28T19:11:24.456+0000] {dagbag.py:545} INFO - Filling up the DagBag from /opt/airflow/dags/main.py
[2025-12-28T19:11:24.550+0000] {processor.py:840} INFO - DAG(s) 'update_db', 'youtube_video_stats' retrieved from /opt/airflow/dags/main.py
[2025-12-28T19:11:24.587+0000] {logging_mixin.py:188} INFO - [2025-12-28T19:11:24.586+0000] {dag.py:3096} INFO - Sync 2 DAGs
[2025-12-28T19:11:24.620+0000] {logging_mixin.py:188} INFO - [2025-12-28T19:11:24.620+0000] {dag.py:3954} INFO - Setting next_dagrun for update_db to 2025-12-28 15:00:00+00:00, run_after=2025-12-29 15:00:00+00:00
[2025-12-28T19:11:24.627+0000] {logging_mixin.py:188} INFO - [2025-12-28T19:11:24.626+0000] {dag.py:3954} INFO - Setting next_dagrun for youtube_video_stats to 2025-12-28 14:00:00+00:00, run_after=2025-12-29 14:00:00+00:00
[2025-12-28T19:11:24.647+0000] {processor.py:183} INFO - Processing /opt/airflow/dags/main.py took 0.203 seconds
[2025-12-28T19:11:54.835+0000] {processor.py:161} INFO - Started process (PID=20822) to work on /opt/airflow/dags/main.py
[2025-12-28T19:11:54.836+0000] {processor.py:830} INFO - Processing file /opt/airflow/dags/main.py for tasks to queue
[2025-12-28T19:11:54.837+0000] {logging_mixin.py:188} INFO - [2025-12-28T19:11:54.837+0000] {dagbag.py:545} INFO - Filling up the DagBag from /opt/airflow/dags/main.py
[2025-12-28T19:11:54.918+0000] {processor.py:840} INFO - DAG(s) 'youtube_video_stats', 'update_db' retrieved from /opt/airflow/dags/main.py
[2025-12-28T19:11:54.951+0000] {logging_mixin.py:188} INFO - [2025-12-28T19:11:54.950+0000] {dag.py:3096} INFO - Sync 2 DAGs
[2025-12-28T19:11:54.970+0000] {logging_mixin.py:188} INFO - [2025-12-28T19:11:54.970+0000] {dag.py:3954} INFO - Setting next_dagrun for update_db to 2025-12-28 15:00:00+00:00, run_after=2025-12-29 15:00:00+00:00
[2025-12-28T19:11:54.977+0000] {logging_mixin.py:188} INFO - [2025-12-28T19:11:54.977+0000] {dag.py:3954} INFO - Setting next_dagrun for youtube_video_stats to 2025-12-28 14:00:00+00:00, run_after=2025-12-29 14:00:00+00:00
[2025-12-28T19:11:54.997+0000] {processor.py:183} INFO - Processing /opt/airflow/dags/main.py took 0.168 seconds
[2025-12-28T19:12:25.190+0000] {processor.py:161} INFO - Started process (PID=20829) to work on /opt/airflow/dags/main.py
[2025-12-28T19:12:25.191+0000] {processor.py:830} INFO - Processing file /opt/airflow/dags/main.py for tasks to queue
[2025-12-28T19:12:25.192+0000] {logging_mixin.py:188} INFO - [2025-12-28T19:12:25.192+0000] {dagbag.py:545} INFO - Filling up the DagBag from /opt/airflow/dags/main.py
[2025-12-28T19:12:25.285+0000] {processor.py:840} INFO - DAG(s) 'update_db', 'youtube_video_stats' retrieved from /opt/airflow/dags/main.py
[2025-12-28T19:12:25.321+0000] {logging_mixin.py:188} INFO - [2025-12-28T19:12:25.320+0000] {dag.py:3096} INFO - Sync 2 DAGs
[2025-12-28T19:12:25.341+0000] {logging_mixin.py:188} INFO - [2025-12-28T19:12:25.341+0000] {dag.py:3954} INFO - Setting next_dagrun for update_db to 2025-12-28 15:00:00+00:00, run_after=2025-12-29 15:00:00+00:00
[2025-12-28T19:12:25.347+0000] {logging_mixin.py:188} INFO - [2025-12-28T19:12:25.347+0000] {dag.py:3954} INFO - Setting next_dagrun for youtube_video_stats to 2025-12-28 14:00:00+00:00, run_after=2025-12-29 14:00:00+00:00
[2025-12-28T19:12:25.371+0000] {processor.py:183} INFO - Processing /opt/airflow/dags/main.py took 0.188 seconds
[2025-12-28T19:12:55.558+0000] {processor.py:161} INFO - Started process (PID=20836) to work on /opt/airflow/dags/main.py
[2025-12-28T19:12:55.560+0000] {processor.py:830} INFO - Processing file /opt/airflow/dags/main.py for tasks to queue
[2025-12-28T19:12:55.561+0000] {logging_mixin.py:188} INFO - [2025-12-28T19:12:55.561+0000] {dagbag.py:545} INFO - Filling up the DagBag from /opt/airflow/dags/main.py
[2025-12-28T19:12:55.635+0000] {processor.py:840} INFO - DAG(s) 'update_db', 'youtube_video_stats' retrieved from /opt/airflow/dags/main.py
[2025-12-28T19:12:55.665+0000] {logging_mixin.py:188} INFO - [2025-12-28T19:12:55.664+0000] {dag.py:3096} INFO - Sync 2 DAGs
[2025-12-28T19:12:55.686+0000] {logging_mixin.py:188} INFO - [2025-12-28T19:12:55.686+0000] {dag.py:3954} INFO - Setting next_dagrun for update_db to 2025-12-28 15:00:00+00:00, run_after=2025-12-29 15:00:00+00:00
[2025-12-28T19:12:55.691+0000] {logging_mixin.py:188} INFO - [2025-12-28T19:12:55.691+0000] {dag.py:3954} INFO - Setting next_dagrun for youtube_video_stats to 2025-12-28 14:00:00+00:00, run_after=2025-12-29 14:00:00+00:00
[2025-12-28T19:12:55.707+0000] {processor.py:183} INFO - Processing /opt/airflow/dags/main.py took 0.154 seconds
[2025-12-28T19:13:25.874+0000] {processor.py:161} INFO - Started process (PID=20843) to work on /opt/airflow/dags/main.py
[2025-12-28T19:13:25.876+0000] {processor.py:830} INFO - Processing file /opt/airflow/dags/main.py for tasks to queue
[2025-12-28T19:13:25.877+0000] {logging_mixin.py:188} INFO - [2025-12-28T19:13:25.876+0000] {dagbag.py:545} INFO - Filling up the DagBag from /opt/airflow/dags/main.py
[2025-12-28T19:13:25.956+0000] {processor.py:840} INFO - DAG(s) 'youtube_video_stats', 'update_db' retrieved from /opt/airflow/dags/main.py
[2025-12-28T19:13:25.986+0000] {logging_mixin.py:188} INFO - [2025-12-28T19:13:25.985+0000] {dag.py:3096} INFO - Sync 2 DAGs
[2025-12-28T19:13:26.005+0000] {logging_mixin.py:188} INFO - [2025-12-28T19:13:26.005+0000] {dag.py:3954} INFO - Setting next_dagrun for update_db to 2025-12-28 15:00:00+00:00, run_after=2025-12-29 15:00:00+00:00
[2025-12-28T19:13:26.009+0000] {logging_mixin.py:188} INFO - [2025-12-28T19:13:26.009+0000] {dag.py:3954} INFO - Setting next_dagrun for youtube_video_stats to 2025-12-28 14:00:00+00:00, run_after=2025-12-29 14:00:00+00:00
[2025-12-28T19:13:26.026+0000] {processor.py:183} INFO - Processing /opt/airflow/dags/main.py took 0.158 seconds
[2025-12-28T19:13:56.066+0000] {processor.py:161} INFO - Started process (PID=20850) to work on /opt/airflow/dags/main.py
[2025-12-28T19:13:56.068+0000] {processor.py:830} INFO - Processing file /opt/airflow/dags/main.py for tasks to queue
[2025-12-28T19:13:56.069+0000] {logging_mixin.py:188} INFO - [2025-12-28T19:13:56.068+0000] {dagbag.py:545} INFO - Filling up the DagBag from /opt/airflow/dags/main.py
[2025-12-28T19:13:56.158+0000] {processor.py:840} INFO - DAG(s) 'youtube_video_stats', 'update_db' retrieved from /opt/airflow/dags/main.py
[2025-12-28T19:13:56.193+0000] {logging_mixin.py:188} INFO - [2025-12-28T19:13:56.192+0000] {dag.py:3096} INFO - Sync 2 DAGs
[2025-12-28T19:13:56.213+0000] {logging_mixin.py:188} INFO - [2025-12-28T19:13:56.213+0000] {dag.py:3954} INFO - Setting next_dagrun for update_db to 2025-12-28 15:00:00+00:00, run_after=2025-12-29 15:00:00+00:00
[2025-12-28T19:13:56.218+0000] {logging_mixin.py:188} INFO - [2025-12-28T19:13:56.218+0000] {dag.py:3954} INFO - Setting next_dagrun for youtube_video_stats to 2025-12-28 14:00:00+00:00, run_after=2025-12-29 14:00:00+00:00
[2025-12-28T19:13:56.237+0000] {processor.py:183} INFO - Processing /opt/airflow/dags/main.py took 0.176 seconds
[2025-12-28T19:14:26.388+0000] {processor.py:161} INFO - Started process (PID=20857) to work on /opt/airflow/dags/main.py
[2025-12-28T19:14:26.389+0000] {processor.py:830} INFO - Processing file /opt/airflow/dags/main.py for tasks to queue
[2025-12-28T19:14:26.390+0000] {logging_mixin.py:188} INFO - [2025-12-28T19:14:26.390+0000] {dagbag.py:545} INFO - Filling up the DagBag from /opt/airflow/dags/main.py
[2025-12-28T19:14:26.469+0000] {processor.py:840} INFO - DAG(s) 'update_db', 'youtube_video_stats' retrieved from /opt/airflow/dags/main.py
[2025-12-28T19:14:26.496+0000] {logging_mixin.py:188} INFO - [2025-12-28T19:14:26.496+0000] {dag.py:3096} INFO - Sync 2 DAGs
[2025-12-28T19:14:26.519+0000] {logging_mixin.py:188} INFO - [2025-12-28T19:14:26.518+0000] {dag.py:3954} INFO - Setting next_dagrun for update_db to 2025-12-28 15:00:00+00:00, run_after=2025-12-29 15:00:00+00:00
[2025-12-28T19:14:26.525+0000] {logging_mixin.py:188} INFO - [2025-12-28T19:14:26.524+0000] {dag.py:3954} INFO - Setting next_dagrun for youtube_video_stats to 2025-12-28 14:00:00+00:00, run_after=2025-12-29 14:00:00+00:00
[2025-12-28T19:14:26.543+0000] {processor.py:183} INFO - Processing /opt/airflow/dags/main.py took 0.162 seconds
[2025-12-28T19:14:56.610+0000] {processor.py:161} INFO - Started process (PID=20864) to work on /opt/airflow/dags/main.py
[2025-12-28T19:14:56.611+0000] {processor.py:830} INFO - Processing file /opt/airflow/dags/main.py for tasks to queue
[2025-12-28T19:14:56.613+0000] {logging_mixin.py:188} INFO - [2025-12-28T19:14:56.612+0000] {dagbag.py:545} INFO - Filling up the DagBag from /opt/airflow/dags/main.py
[2025-12-28T19:14:56.690+0000] {processor.py:840} INFO - DAG(s) 'update_db', 'youtube_video_stats' retrieved from /opt/airflow/dags/main.py
[2025-12-28T19:14:56.718+0000] {logging_mixin.py:188} INFO - [2025-12-28T19:14:56.718+0000] {dag.py:3096} INFO - Sync 2 DAGs
[2025-12-28T19:14:56.738+0000] {logging_mixin.py:188} INFO - [2025-12-28T19:14:56.738+0000] {dag.py:3954} INFO - Setting next_dagrun for update_db to 2025-12-28 15:00:00+00:00, run_after=2025-12-29 15:00:00+00:00
[2025-12-28T19:14:56.743+0000] {logging_mixin.py:188} INFO - [2025-12-28T19:14:56.743+0000] {dag.py:3954} INFO - Setting next_dagrun for youtube_video_stats to 2025-12-28 14:00:00+00:00, run_after=2025-12-29 14:00:00+00:00
[2025-12-28T19:14:56.763+0000] {processor.py:183} INFO - Processing /opt/airflow/dags/main.py took 0.159 seconds
[2025-12-28T19:15:26.974+0000] {processor.py:161} INFO - Started process (PID=20871) to work on /opt/airflow/dags/main.py
[2025-12-28T19:15:26.977+0000] {processor.py:830} INFO - Processing file /opt/airflow/dags/main.py for tasks to queue
[2025-12-28T19:15:26.982+0000] {logging_mixin.py:188} INFO - [2025-12-28T19:15:26.981+0000] {dagbag.py:545} INFO - Filling up the DagBag from /opt/airflow/dags/main.py
[2025-12-28T19:15:27.220+0000] {processor.py:840} INFO - DAG(s) 'update_db', 'youtube_video_stats' retrieved from /opt/airflow/dags/main.py
[2025-12-28T19:15:27.292+0000] {logging_mixin.py:188} INFO - [2025-12-28T19:15:27.291+0000] {dag.py:3096} INFO - Sync 2 DAGs
[2025-12-28T19:15:27.347+0000] {logging_mixin.py:188} INFO - [2025-12-28T19:15:27.347+0000] {dag.py:3954} INFO - Setting next_dagrun for update_db to 2025-12-28 15:00:00+00:00, run_after=2025-12-29 15:00:00+00:00
[2025-12-28T19:15:27.359+0000] {logging_mixin.py:188} INFO - [2025-12-28T19:15:27.358+0000] {dag.py:3954} INFO - Setting next_dagrun for youtube_video_stats to 2025-12-28 14:00:00+00:00, run_after=2025-12-29 14:00:00+00:00
[2025-12-28T19:15:27.397+0000] {processor.py:183} INFO - Processing /opt/airflow/dags/main.py took 0.442 seconds
[2025-12-28T19:15:57.641+0000] {processor.py:161} INFO - Started process (PID=20878) to work on /opt/airflow/dags/main.py
[2025-12-28T19:15:57.642+0000] {processor.py:830} INFO - Processing file /opt/airflow/dags/main.py for tasks to queue
[2025-12-28T19:15:57.643+0000] {logging_mixin.py:188} INFO - [2025-12-28T19:15:57.643+0000] {dagbag.py:545} INFO - Filling up the DagBag from /opt/airflow/dags/main.py
[2025-12-28T19:15:57.779+0000] {processor.py:840} INFO - DAG(s) 'youtube_video_stats', 'update_db' retrieved from /opt/airflow/dags/main.py
[2025-12-28T19:15:57.825+0000] {logging_mixin.py:188} INFO - [2025-12-28T19:15:57.825+0000] {dag.py:3096} INFO - Sync 2 DAGs
[2025-12-28T19:15:57.854+0000] {logging_mixin.py:188} INFO - [2025-12-28T19:15:57.854+0000] {dag.py:3954} INFO - Setting next_dagrun for update_db to 2025-12-28 15:00:00+00:00, run_after=2025-12-29 15:00:00+00:00
[2025-12-28T19:15:57.861+0000] {logging_mixin.py:188} INFO - [2025-12-28T19:15:57.861+0000] {dag.py:3954} INFO - Setting next_dagrun for youtube_video_stats to 2025-12-28 14:00:00+00:00, run_after=2025-12-29 14:00:00+00:00
[2025-12-28T19:15:57.890+0000] {processor.py:183} INFO - Processing /opt/airflow/dags/main.py took 0.256 seconds
[2025-12-28T19:29:40.973+0000] {processor.py:161} INFO - Started process (PID=20879) to work on /opt/airflow/dags/main.py
[2025-12-28T19:29:40.976+0000] {processor.py:830} INFO - Processing file /opt/airflow/dags/main.py for tasks to queue
[2025-12-28T19:29:40.985+0000] {logging_mixin.py:188} INFO - [2025-12-28T19:29:40.984+0000] {dagbag.py:545} INFO - Filling up the DagBag from /opt/airflow/dags/main.py
[2025-12-28T19:29:42.442+0000] {processor.py:840} INFO - DAG(s) 'update_db', 'youtube_video_stats' retrieved from /opt/airflow/dags/main.py
[2025-12-28T19:29:43.222+0000] {logging_mixin.py:188} INFO - [2025-12-28T19:29:43.222+0000] {dag.py:3096} INFO - Sync 2 DAGs
[2025-12-28T19:29:43.305+0000] {logging_mixin.py:188} INFO - [2025-12-28T19:29:43.304+0000] {dag.py:3954} INFO - Setting next_dagrun for update_db to 2025-12-28 15:00:00+00:00, run_after=2025-12-29 15:00:00+00:00
[2025-12-28T19:29:43.332+0000] {logging_mixin.py:188} INFO - [2025-12-28T19:29:43.322+0000] {dag.py:3954} INFO - Setting next_dagrun for youtube_video_stats to 2025-12-28 14:00:00+00:00, run_after=2025-12-29 14:00:00+00:00
[2025-12-28T19:29:43.747+0000] {processor.py:183} INFO - Processing /opt/airflow/dags/main.py took 2.785 seconds
[2025-12-28T19:30:14.801+0000] {processor.py:161} INFO - Started process (PID=20886) to work on /opt/airflow/dags/main.py
[2025-12-28T19:30:14.802+0000] {processor.py:830} INFO - Processing file /opt/airflow/dags/main.py for tasks to queue
[2025-12-28T19:30:14.803+0000] {logging_mixin.py:188} INFO - [2025-12-28T19:30:14.803+0000] {dagbag.py:545} INFO - Filling up the DagBag from /opt/airflow/dags/main.py
[2025-12-28T19:30:14.921+0000] {processor.py:840} INFO - DAG(s) 'update_db', 'youtube_video_stats' retrieved from /opt/airflow/dags/main.py
[2025-12-28T19:30:14.959+0000] {logging_mixin.py:188} INFO - [2025-12-28T19:30:14.959+0000] {dag.py:3096} INFO - Sync 2 DAGs
[2025-12-28T19:30:14.988+0000] {logging_mixin.py:188} INFO - [2025-12-28T19:30:14.987+0000] {dag.py:3954} INFO - Setting next_dagrun for update_db to 2025-12-28 15:00:00+00:00, run_after=2025-12-29 15:00:00+00:00
[2025-12-28T19:30:14.995+0000] {logging_mixin.py:188} INFO - [2025-12-28T19:30:14.994+0000] {dag.py:3954} INFO - Setting next_dagrun for youtube_video_stats to 2025-12-28 14:00:00+00:00, run_after=2025-12-29 14:00:00+00:00
[2025-12-28T19:30:15.026+0000] {processor.py:183} INFO - Processing /opt/airflow/dags/main.py took 0.232 seconds
[2025-12-28T19:30:45.256+0000] {processor.py:161} INFO - Started process (PID=20893) to work on /opt/airflow/dags/main.py
[2025-12-28T19:30:45.257+0000] {processor.py:830} INFO - Processing file /opt/airflow/dags/main.py for tasks to queue
[2025-12-28T19:30:45.258+0000] {logging_mixin.py:188} INFO - [2025-12-28T19:30:45.258+0000] {dagbag.py:545} INFO - Filling up the DagBag from /opt/airflow/dags/main.py
[2025-12-28T19:30:45.370+0000] {processor.py:840} INFO - DAG(s) 'youtube_video_stats', 'update_db' retrieved from /opt/airflow/dags/main.py
[2025-12-28T19:30:45.415+0000] {logging_mixin.py:188} INFO - [2025-12-28T19:30:45.415+0000] {dag.py:3096} INFO - Sync 2 DAGs
[2025-12-28T19:30:45.446+0000] {logging_mixin.py:188} INFO - [2025-12-28T19:30:45.446+0000] {dag.py:3954} INFO - Setting next_dagrun for update_db to 2025-12-28 15:00:00+00:00, run_after=2025-12-29 15:00:00+00:00
[2025-12-28T19:30:45.453+0000] {logging_mixin.py:188} INFO - [2025-12-28T19:30:45.453+0000] {dag.py:3954} INFO - Setting next_dagrun for youtube_video_stats to 2025-12-28 14:00:00+00:00, run_after=2025-12-29 14:00:00+00:00
[2025-12-28T19:30:45.476+0000] {processor.py:183} INFO - Processing /opt/airflow/dags/main.py took 0.228 seconds
[2025-12-28T19:31:15.734+0000] {processor.py:161} INFO - Started process (PID=20900) to work on /opt/airflow/dags/main.py
[2025-12-28T19:31:15.735+0000] {processor.py:830} INFO - Processing file /opt/airflow/dags/main.py for tasks to queue
[2025-12-28T19:31:15.737+0000] {logging_mixin.py:188} INFO - [2025-12-28T19:31:15.736+0000] {dagbag.py:545} INFO - Filling up the DagBag from /opt/airflow/dags/main.py
[2025-12-28T19:31:15.849+0000] {processor.py:840} INFO - DAG(s) 'youtube_video_stats', 'update_db' retrieved from /opt/airflow/dags/main.py
[2025-12-28T19:31:15.883+0000] {logging_mixin.py:188} INFO - [2025-12-28T19:31:15.883+0000] {dag.py:3096} INFO - Sync 2 DAGs
[2025-12-28T19:31:15.912+0000] {logging_mixin.py:188} INFO - [2025-12-28T19:31:15.911+0000] {dag.py:3954} INFO - Setting next_dagrun for update_db to 2025-12-28 15:00:00+00:00, run_after=2025-12-29 15:00:00+00:00
[2025-12-28T19:31:15.918+0000] {logging_mixin.py:188} INFO - [2025-12-28T19:31:15.918+0000] {dag.py:3954} INFO - Setting next_dagrun for youtube_video_stats to 2025-12-28 14:00:00+00:00, run_after=2025-12-29 14:00:00+00:00
[2025-12-28T19:31:15.947+0000] {processor.py:183} INFO - Processing /opt/airflow/dags/main.py took 0.225 seconds
[2025-12-28T19:31:46.187+0000] {processor.py:161} INFO - Started process (PID=20907) to work on /opt/airflow/dags/main.py
[2025-12-28T19:31:46.188+0000] {processor.py:830} INFO - Processing file /opt/airflow/dags/main.py for tasks to queue
[2025-12-28T19:31:46.189+0000] {logging_mixin.py:188} INFO - [2025-12-28T19:31:46.189+0000] {dagbag.py:545} INFO - Filling up the DagBag from /opt/airflow/dags/main.py
[2025-12-28T19:31:46.289+0000] {processor.py:840} INFO - DAG(s) 'youtube_video_stats', 'update_db' retrieved from /opt/airflow/dags/main.py
[2025-12-28T19:31:46.319+0000] {logging_mixin.py:188} INFO - [2025-12-28T19:31:46.318+0000] {dag.py:3096} INFO - Sync 2 DAGs
[2025-12-28T19:31:46.342+0000] {logging_mixin.py:188} INFO - [2025-12-28T19:31:46.341+0000] {dag.py:3954} INFO - Setting next_dagrun for update_db to 2025-12-28 15:00:00+00:00, run_after=2025-12-29 15:00:00+00:00
[2025-12-28T19:31:46.347+0000] {logging_mixin.py:188} INFO - [2025-12-28T19:31:46.347+0000] {dag.py:3954} INFO - Setting next_dagrun for youtube_video_stats to 2025-12-28 14:00:00+00:00, run_after=2025-12-29 14:00:00+00:00
[2025-12-28T19:31:46.374+0000] {processor.py:183} INFO - Processing /opt/airflow/dags/main.py took 0.194 seconds
[2025-12-28T19:32:16.428+0000] {processor.py:161} INFO - Started process (PID=20914) to work on /opt/airflow/dags/main.py
[2025-12-28T19:32:16.430+0000] {processor.py:830} INFO - Processing file /opt/airflow/dags/main.py for tasks to queue
[2025-12-28T19:32:16.431+0000] {logging_mixin.py:188} INFO - [2025-12-28T19:32:16.430+0000] {dagbag.py:545} INFO - Filling up the DagBag from /opt/airflow/dags/main.py
[2025-12-28T19:32:16.537+0000] {processor.py:840} INFO - DAG(s) 'update_db', 'youtube_video_stats' retrieved from /opt/airflow/dags/main.py
[2025-12-28T19:32:16.577+0000] {logging_mixin.py:188} INFO - [2025-12-28T19:32:16.576+0000] {dag.py:3096} INFO - Sync 2 DAGs
[2025-12-28T19:32:16.603+0000] {logging_mixin.py:188} INFO - [2025-12-28T19:32:16.602+0000] {dag.py:3954} INFO - Setting next_dagrun for update_db to 2025-12-28 15:00:00+00:00, run_after=2025-12-29 15:00:00+00:00
[2025-12-28T19:32:16.608+0000] {logging_mixin.py:188} INFO - [2025-12-28T19:32:16.607+0000] {dag.py:3954} INFO - Setting next_dagrun for youtube_video_stats to 2025-12-28 14:00:00+00:00, run_after=2025-12-29 14:00:00+00:00
[2025-12-28T19:32:16.630+0000] {processor.py:183} INFO - Processing /opt/airflow/dags/main.py took 0.208 seconds
[2025-12-28T19:32:46.853+0000] {processor.py:161} INFO - Started process (PID=20921) to work on /opt/airflow/dags/main.py
[2025-12-28T19:32:46.855+0000] {processor.py:830} INFO - Processing file /opt/airflow/dags/main.py for tasks to queue
[2025-12-28T19:32:46.857+0000] {logging_mixin.py:188} INFO - [2025-12-28T19:32:46.857+0000] {dagbag.py:545} INFO - Filling up the DagBag from /opt/airflow/dags/main.py
[2025-12-28T19:32:46.999+0000] {processor.py:840} INFO - DAG(s) 'youtube_video_stats', 'update_db' retrieved from /opt/airflow/dags/main.py
[2025-12-28T19:32:47.034+0000] {logging_mixin.py:188} INFO - [2025-12-28T19:32:47.034+0000] {dag.py:3096} INFO - Sync 2 DAGs
[2025-12-28T19:32:47.061+0000] {logging_mixin.py:188} INFO - [2025-12-28T19:32:47.060+0000] {dag.py:3954} INFO - Setting next_dagrun for update_db to 2025-12-28 15:00:00+00:00, run_after=2025-12-29 15:00:00+00:00
[2025-12-28T19:32:47.067+0000] {logging_mixin.py:188} INFO - [2025-12-28T19:32:47.067+0000] {dag.py:3954} INFO - Setting next_dagrun for youtube_video_stats to 2025-12-28 14:00:00+00:00, run_after=2025-12-29 14:00:00+00:00
[2025-12-28T19:32:47.085+0000] {processor.py:183} INFO - Processing /opt/airflow/dags/main.py took 0.237 seconds
[2025-12-28T19:33:17.316+0000] {processor.py:161} INFO - Started process (PID=20928) to work on /opt/airflow/dags/main.py
[2025-12-28T19:33:17.317+0000] {processor.py:830} INFO - Processing file /opt/airflow/dags/main.py for tasks to queue
[2025-12-28T19:33:17.318+0000] {logging_mixin.py:188} INFO - [2025-12-28T19:33:17.318+0000] {dagbag.py:545} INFO - Filling up the DagBag from /opt/airflow/dags/main.py
[2025-12-28T19:33:17.430+0000] {processor.py:840} INFO - DAG(s) 'update_db', 'youtube_video_stats' retrieved from /opt/airflow/dags/main.py
[2025-12-28T19:33:17.466+0000] {logging_mixin.py:188} INFO - [2025-12-28T19:33:17.466+0000] {dag.py:3096} INFO - Sync 2 DAGs
[2025-12-28T19:33:17.492+0000] {logging_mixin.py:188} INFO - [2025-12-28T19:33:17.492+0000] {dag.py:3954} INFO - Setting next_dagrun for update_db to 2025-12-28 15:00:00+00:00, run_after=2025-12-29 15:00:00+00:00
[2025-12-28T19:33:17.497+0000] {logging_mixin.py:188} INFO - [2025-12-28T19:33:17.497+0000] {dag.py:3954} INFO - Setting next_dagrun for youtube_video_stats to 2025-12-28 14:00:00+00:00, run_after=2025-12-29 14:00:00+00:00
[2025-12-28T19:33:17.513+0000] {processor.py:183} INFO - Processing /opt/airflow/dags/main.py took 0.203 seconds
[2025-12-28T19:33:47.579+0000] {processor.py:161} INFO - Started process (PID=20935) to work on /opt/airflow/dags/main.py
[2025-12-28T19:33:47.580+0000] {processor.py:830} INFO - Processing file /opt/airflow/dags/main.py for tasks to queue
[2025-12-28T19:33:47.581+0000] {logging_mixin.py:188} INFO - [2025-12-28T19:33:47.580+0000] {dagbag.py:545} INFO - Filling up the DagBag from /opt/airflow/dags/main.py
[2025-12-28T19:33:47.675+0000] {processor.py:840} INFO - DAG(s) 'update_db', 'youtube_video_stats' retrieved from /opt/airflow/dags/main.py
[2025-12-28T19:33:47.715+0000] {logging_mixin.py:188} INFO - [2025-12-28T19:33:47.715+0000] {dag.py:3096} INFO - Sync 2 DAGs
[2025-12-28T19:33:47.740+0000] {logging_mixin.py:188} INFO - [2025-12-28T19:33:47.739+0000] {dag.py:3954} INFO - Setting next_dagrun for update_db to 2025-12-28 15:00:00+00:00, run_after=2025-12-29 15:00:00+00:00
[2025-12-28T19:33:47.745+0000] {logging_mixin.py:188} INFO - [2025-12-28T19:33:47.745+0000] {dag.py:3954} INFO - Setting next_dagrun for youtube_video_stats to 2025-12-28 14:00:00+00:00, run_after=2025-12-29 14:00:00+00:00
[2025-12-28T19:33:47.762+0000] {processor.py:183} INFO - Processing /opt/airflow/dags/main.py took 0.194 seconds
[2025-12-28T19:34:17.958+0000] {processor.py:161} INFO - Started process (PID=20942) to work on /opt/airflow/dags/main.py
[2025-12-28T19:34:17.960+0000] {processor.py:830} INFO - Processing file /opt/airflow/dags/main.py for tasks to queue
[2025-12-28T19:34:17.961+0000] {logging_mixin.py:188} INFO - [2025-12-28T19:34:17.961+0000] {dagbag.py:545} INFO - Filling up the DagBag from /opt/airflow/dags/main.py
[2025-12-28T19:34:18.075+0000] {processor.py:840} INFO - DAG(s) 'update_db', 'youtube_video_stats' retrieved from /opt/airflow/dags/main.py
[2025-12-28T19:34:18.109+0000] {logging_mixin.py:188} INFO - [2025-12-28T19:34:18.109+0000] {dag.py:3096} INFO - Sync 2 DAGs
[2025-12-28T19:34:18.132+0000] {logging_mixin.py:188} INFO - [2025-12-28T19:34:18.132+0000] {dag.py:3954} INFO - Setting next_dagrun for update_db to 2025-12-28 15:00:00+00:00, run_after=2025-12-29 15:00:00+00:00
[2025-12-28T19:34:18.137+0000] {logging_mixin.py:188} INFO - [2025-12-28T19:34:18.137+0000] {dag.py:3954} INFO - Setting next_dagrun for youtube_video_stats to 2025-12-28 14:00:00+00:00, run_after=2025-12-29 14:00:00+00:00
[2025-12-28T19:34:18.157+0000] {processor.py:183} INFO - Processing /opt/airflow/dags/main.py took 0.205 seconds
[2025-12-28T22:22:32.996+0000] {processor.py:161} INFO - Started process (PID=20949) to work on /opt/airflow/dags/main.py
[2025-12-28T22:22:32.997+0000] {processor.py:830} INFO - Processing file /opt/airflow/dags/main.py for tasks to queue
[2025-12-28T22:22:32.999+0000] {logging_mixin.py:188} INFO - [2025-12-28T22:22:32.999+0000] {dagbag.py:545} INFO - Filling up the DagBag from /opt/airflow/dags/main.py
[2025-12-28T22:22:33.369+0000] {processor.py:840} INFO - DAG(s) 'youtube_video_stats', 'update_db' retrieved from /opt/airflow/dags/main.py
[2025-12-28T22:22:33.581+0000] {logging_mixin.py:188} INFO - [2025-12-28T22:22:33.580+0000] {dag.py:3096} INFO - Sync 2 DAGs
[2025-12-28T22:22:33.691+0000] {logging_mixin.py:188} INFO - [2025-12-28T22:22:33.691+0000] {dag.py:3954} INFO - Setting next_dagrun for update_db to 2025-12-28 15:00:00+00:00, run_after=2025-12-29 15:00:00+00:00
[2025-12-28T22:22:33.712+0000] {logging_mixin.py:188} INFO - [2025-12-28T22:22:33.712+0000] {dag.py:3954} INFO - Setting next_dagrun for youtube_video_stats to 2025-12-28 14:00:00+00:00, run_after=2025-12-29 14:00:00+00:00
[2025-12-28T22:22:33.784+0000] {processor.py:183} INFO - Processing /opt/airflow/dags/main.py took 0.806 seconds
[2025-12-28T22:23:04.375+0000] {processor.py:161} INFO - Started process (PID=20956) to work on /opt/airflow/dags/main.py
[2025-12-28T22:23:04.376+0000] {processor.py:830} INFO - Processing file /opt/airflow/dags/main.py for tasks to queue
[2025-12-28T22:23:04.377+0000] {logging_mixin.py:188} INFO - [2025-12-28T22:23:04.377+0000] {dagbag.py:545} INFO - Filling up the DagBag from /opt/airflow/dags/main.py
[2025-12-28T22:23:04.463+0000] {processor.py:840} INFO - DAG(s) 'youtube_video_stats', 'update_db' retrieved from /opt/airflow/dags/main.py
[2025-12-28T22:23:04.511+0000] {logging_mixin.py:188} INFO - [2025-12-28T22:23:04.511+0000] {dag.py:3096} INFO - Sync 2 DAGs
[2025-12-28T22:23:04.553+0000] {logging_mixin.py:188} INFO - [2025-12-28T22:23:04.553+0000] {dag.py:3954} INFO - Setting next_dagrun for update_db to 2025-12-28 15:00:00+00:00, run_after=2025-12-29 15:00:00+00:00
[2025-12-28T22:23:04.563+0000] {logging_mixin.py:188} INFO - [2025-12-28T22:23:04.563+0000] {dag.py:3954} INFO - Setting next_dagrun for youtube_video_stats to 2025-12-28 14:00:00+00:00, run_after=2025-12-29 14:00:00+00:00
[2025-12-28T22:23:04.589+0000] {processor.py:183} INFO - Processing /opt/airflow/dags/main.py took 0.219 seconds
[2025-12-28T22:23:34.791+0000] {processor.py:161} INFO - Started process (PID=20963) to work on /opt/airflow/dags/main.py
[2025-12-28T22:23:34.792+0000] {processor.py:830} INFO - Processing file /opt/airflow/dags/main.py for tasks to queue
[2025-12-28T22:23:34.793+0000] {logging_mixin.py:188} INFO - [2025-12-28T22:23:34.793+0000] {dagbag.py:545} INFO - Filling up the DagBag from /opt/airflow/dags/main.py
[2025-12-28T22:23:34.893+0000] {processor.py:840} INFO - DAG(s) 'update_db', 'youtube_video_stats' retrieved from /opt/airflow/dags/main.py
[2025-12-28T22:23:34.931+0000] {logging_mixin.py:188} INFO - [2025-12-28T22:23:34.930+0000] {dag.py:3096} INFO - Sync 2 DAGs
[2025-12-28T22:23:34.956+0000] {logging_mixin.py:188} INFO - [2025-12-28T22:23:34.956+0000] {dag.py:3954} INFO - Setting next_dagrun for update_db to 2025-12-28 15:00:00+00:00, run_after=2025-12-29 15:00:00+00:00
[2025-12-28T22:23:34.961+0000] {logging_mixin.py:188} INFO - [2025-12-28T22:23:34.961+0000] {dag.py:3954} INFO - Setting next_dagrun for youtube_video_stats to 2025-12-28 14:00:00+00:00, run_after=2025-12-29 14:00:00+00:00
[2025-12-28T22:23:34.978+0000] {processor.py:183} INFO - Processing /opt/airflow/dags/main.py took 0.194 seconds
[2025-12-28T22:24:05.283+0000] {processor.py:161} INFO - Started process (PID=20970) to work on /opt/airflow/dags/main.py
[2025-12-28T22:24:05.285+0000] {processor.py:830} INFO - Processing file /opt/airflow/dags/main.py for tasks to queue
[2025-12-28T22:24:05.290+0000] {logging_mixin.py:188} INFO - [2025-12-28T22:24:05.287+0000] {dagbag.py:545} INFO - Filling up the DagBag from /opt/airflow/dags/main.py
[2025-12-28T22:24:05.527+0000] {processor.py:840} INFO - DAG(s) 'youtube_video_stats', 'update_db' retrieved from /opt/airflow/dags/main.py
[2025-12-28T22:24:05.621+0000] {logging_mixin.py:188} INFO - [2025-12-28T22:24:05.621+0000] {dag.py:3096} INFO - Sync 2 DAGs
[2025-12-28T22:24:05.679+0000] {logging_mixin.py:188} INFO - [2025-12-28T22:24:05.679+0000] {dag.py:3954} INFO - Setting next_dagrun for update_db to 2025-12-28 15:00:00+00:00, run_after=2025-12-29 15:00:00+00:00
[2025-12-28T22:24:05.695+0000] {logging_mixin.py:188} INFO - [2025-12-28T22:24:05.695+0000] {dag.py:3954} INFO - Setting next_dagrun for youtube_video_stats to 2025-12-28 14:00:00+00:00, run_after=2025-12-29 14:00:00+00:00
[2025-12-28T22:24:05.735+0000] {processor.py:183} INFO - Processing /opt/airflow/dags/main.py took 0.476 seconds
[2025-12-28T22:24:35.988+0000] {processor.py:161} INFO - Started process (PID=20977) to work on /opt/airflow/dags/main.py
[2025-12-28T22:24:35.989+0000] {processor.py:830} INFO - Processing file /opt/airflow/dags/main.py for tasks to queue
[2025-12-28T22:24:35.990+0000] {logging_mixin.py:188} INFO - [2025-12-28T22:24:35.990+0000] {dagbag.py:545} INFO - Filling up the DagBag from /opt/airflow/dags/main.py
[2025-12-28T22:24:36.112+0000] {processor.py:840} INFO - DAG(s) 'youtube_video_stats', 'update_db' retrieved from /opt/airflow/dags/main.py
[2025-12-28T22:24:36.154+0000] {logging_mixin.py:188} INFO - [2025-12-28T22:24:36.154+0000] {dag.py:3096} INFO - Sync 2 DAGs
[2025-12-28T22:24:36.185+0000] {logging_mixin.py:188} INFO - [2025-12-28T22:24:36.184+0000] {dag.py:3954} INFO - Setting next_dagrun for update_db to 2025-12-28 15:00:00+00:00, run_after=2025-12-29 15:00:00+00:00
[2025-12-28T22:24:36.191+0000] {logging_mixin.py:188} INFO - [2025-12-28T22:24:36.191+0000] {dag.py:3954} INFO - Setting next_dagrun for youtube_video_stats to 2025-12-28 14:00:00+00:00, run_after=2025-12-29 14:00:00+00:00
[2025-12-28T22:24:36.210+0000] {processor.py:183} INFO - Processing /opt/airflow/dags/main.py took 0.231 seconds
[2025-12-28T22:25:06.398+0000] {processor.py:161} INFO - Started process (PID=20984) to work on /opt/airflow/dags/main.py
[2025-12-28T22:25:06.399+0000] {processor.py:830} INFO - Processing file /opt/airflow/dags/main.py for tasks to queue
[2025-12-28T22:25:06.400+0000] {logging_mixin.py:188} INFO - [2025-12-28T22:25:06.400+0000] {dagbag.py:545} INFO - Filling up the DagBag from /opt/airflow/dags/main.py
[2025-12-28T22:25:06.507+0000] {processor.py:840} INFO - DAG(s) 'update_db', 'youtube_video_stats' retrieved from /opt/airflow/dags/main.py
[2025-12-28T22:25:06.550+0000] {logging_mixin.py:188} INFO - [2025-12-28T22:25:06.550+0000] {dag.py:3096} INFO - Sync 2 DAGs
[2025-12-28T22:25:06.578+0000] {logging_mixin.py:188} INFO - [2025-12-28T22:25:06.577+0000] {dag.py:3954} INFO - Setting next_dagrun for update_db to 2025-12-28 15:00:00+00:00, run_after=2025-12-29 15:00:00+00:00
[2025-12-28T22:25:06.584+0000] {logging_mixin.py:188} INFO - [2025-12-28T22:25:06.584+0000] {dag.py:3954} INFO - Setting next_dagrun for youtube_video_stats to 2025-12-28 14:00:00+00:00, run_after=2025-12-29 14:00:00+00:00
[2025-12-28T22:25:06.604+0000] {processor.py:183} INFO - Processing /opt/airflow/dags/main.py took 0.213 seconds
[2025-12-28T22:25:36.792+0000] {processor.py:161} INFO - Started process (PID=20991) to work on /opt/airflow/dags/main.py
[2025-12-28T22:25:36.793+0000] {processor.py:830} INFO - Processing file /opt/airflow/dags/main.py for tasks to queue
[2025-12-28T22:25:36.794+0000] {logging_mixin.py:188} INFO - [2025-12-28T22:25:36.794+0000] {dagbag.py:545} INFO - Filling up the DagBag from /opt/airflow/dags/main.py
[2025-12-28T22:25:36.874+0000] {processor.py:840} INFO - DAG(s) 'update_db', 'youtube_video_stats' retrieved from /opt/airflow/dags/main.py
[2025-12-28T22:25:36.905+0000] {logging_mixin.py:188} INFO - [2025-12-28T22:25:36.904+0000] {dag.py:3096} INFO - Sync 2 DAGs
[2025-12-28T22:25:36.926+0000] {logging_mixin.py:188} INFO - [2025-12-28T22:25:36.926+0000] {dag.py:3954} INFO - Setting next_dagrun for update_db to 2025-12-28 15:00:00+00:00, run_after=2025-12-29 15:00:00+00:00
[2025-12-28T22:25:36.931+0000] {logging_mixin.py:188} INFO - [2025-12-28T22:25:36.931+0000] {dag.py:3954} INFO - Setting next_dagrun for youtube_video_stats to 2025-12-28 14:00:00+00:00, run_after=2025-12-29 14:00:00+00:00
[2025-12-28T22:25:36.950+0000] {processor.py:183} INFO - Processing /opt/airflow/dags/main.py took 0.163 seconds
[2025-12-28T22:26:07.126+0000] {processor.py:161} INFO - Started process (PID=20998) to work on /opt/airflow/dags/main.py
[2025-12-28T22:26:07.127+0000] {processor.py:830} INFO - Processing file /opt/airflow/dags/main.py for tasks to queue
[2025-12-28T22:26:07.128+0000] {logging_mixin.py:188} INFO - [2025-12-28T22:26:07.128+0000] {dagbag.py:545} INFO - Filling up the DagBag from /opt/airflow/dags/main.py
[2025-12-28T22:26:07.217+0000] {processor.py:840} INFO - DAG(s) 'update_db', 'youtube_video_stats' retrieved from /opt/airflow/dags/main.py
[2025-12-28T22:26:07.253+0000] {logging_mixin.py:188} INFO - [2025-12-28T22:26:07.253+0000] {dag.py:3096} INFO - Sync 2 DAGs
[2025-12-28T22:26:07.279+0000] {logging_mixin.py:188} INFO - [2025-12-28T22:26:07.279+0000] {dag.py:3954} INFO - Setting next_dagrun for update_db to 2025-12-28 15:00:00+00:00, run_after=2025-12-29 15:00:00+00:00
[2025-12-28T22:26:07.285+0000] {logging_mixin.py:188} INFO - [2025-12-28T22:26:07.285+0000] {dag.py:3954} INFO - Setting next_dagrun for youtube_video_stats to 2025-12-28 14:00:00+00:00, run_after=2025-12-29 14:00:00+00:00
[2025-12-28T22:26:07.309+0000] {processor.py:183} INFO - Processing /opt/airflow/dags/main.py took 0.192 seconds
[2025-12-28T22:26:37.496+0000] {processor.py:161} INFO - Started process (PID=21005) to work on /opt/airflow/dags/main.py
[2025-12-28T22:26:37.498+0000] {processor.py:830} INFO - Processing file /opt/airflow/dags/main.py for tasks to queue
[2025-12-28T22:26:37.501+0000] {logging_mixin.py:188} INFO - [2025-12-28T22:26:37.500+0000] {dagbag.py:545} INFO - Filling up the DagBag from /opt/airflow/dags/main.py
[2025-12-28T22:26:37.599+0000] {processor.py:840} INFO - DAG(s) 'youtube_video_stats', 'update_db' retrieved from /opt/airflow/dags/main.py
[2025-12-28T22:26:37.647+0000] {logging_mixin.py:188} INFO - [2025-12-28T22:26:37.647+0000] {dag.py:3096} INFO - Sync 2 DAGs
[2025-12-28T22:26:37.678+0000] {logging_mixin.py:188} INFO - [2025-12-28T22:26:37.678+0000] {dag.py:3954} INFO - Setting next_dagrun for update_db to 2025-12-28 15:00:00+00:00, run_after=2025-12-29 15:00:00+00:00
[2025-12-28T22:26:37.684+0000] {logging_mixin.py:188} INFO - [2025-12-28T22:26:37.684+0000] {dag.py:3954} INFO - Setting next_dagrun for youtube_video_stats to 2025-12-28 14:00:00+00:00, run_after=2025-12-29 14:00:00+00:00
[2025-12-28T22:26:37.704+0000] {processor.py:183} INFO - Processing /opt/airflow/dags/main.py took 0.215 seconds
[2025-12-28T22:27:07.921+0000] {processor.py:161} INFO - Started process (PID=21012) to work on /opt/airflow/dags/main.py
[2025-12-28T22:27:07.924+0000] {processor.py:830} INFO - Processing file /opt/airflow/dags/main.py for tasks to queue
[2025-12-28T22:27:07.926+0000] {logging_mixin.py:188} INFO - [2025-12-28T22:27:07.925+0000] {dagbag.py:545} INFO - Filling up the DagBag from /opt/airflow/dags/main.py
[2025-12-28T22:27:08.021+0000] {processor.py:840} INFO - DAG(s) 'update_db', 'youtube_video_stats' retrieved from /opt/airflow/dags/main.py
[2025-12-28T22:27:08.057+0000] {logging_mixin.py:188} INFO - [2025-12-28T22:27:08.057+0000] {dag.py:3096} INFO - Sync 2 DAGs
[2025-12-28T22:27:08.104+0000] {logging_mixin.py:188} INFO - [2025-12-28T22:27:08.104+0000] {dag.py:3954} INFO - Setting next_dagrun for update_db to 2025-12-28 15:00:00+00:00, run_after=2025-12-29 15:00:00+00:00
[2025-12-28T22:27:08.110+0000] {logging_mixin.py:188} INFO - [2025-12-28T22:27:08.110+0000] {dag.py:3954} INFO - Setting next_dagrun for youtube_video_stats to 2025-12-28 14:00:00+00:00, run_after=2025-12-29 14:00:00+00:00
[2025-12-28T22:27:08.137+0000] {processor.py:183} INFO - Processing /opt/airflow/dags/main.py took 0.223 seconds
[2025-12-28T22:27:38.202+0000] {processor.py:161} INFO - Started process (PID=21019) to work on /opt/airflow/dags/main.py
[2025-12-28T22:27:38.204+0000] {processor.py:830} INFO - Processing file /opt/airflow/dags/main.py for tasks to queue
[2025-12-28T22:27:38.205+0000] {logging_mixin.py:188} INFO - [2025-12-28T22:27:38.205+0000] {dagbag.py:545} INFO - Filling up the DagBag from /opt/airflow/dags/main.py
[2025-12-28T22:27:38.307+0000] {processor.py:840} INFO - DAG(s) 'update_db', 'youtube_video_stats' retrieved from /opt/airflow/dags/main.py
[2025-12-28T22:27:38.338+0000] {logging_mixin.py:188} INFO - [2025-12-28T22:27:38.338+0000] {dag.py:3096} INFO - Sync 2 DAGs
[2025-12-28T22:27:38.358+0000] {logging_mixin.py:188} INFO - [2025-12-28T22:27:38.358+0000] {dag.py:3954} INFO - Setting next_dagrun for update_db to 2025-12-28 15:00:00+00:00, run_after=2025-12-29 15:00:00+00:00
[2025-12-28T22:27:38.363+0000] {logging_mixin.py:188} INFO - [2025-12-28T22:27:38.363+0000] {dag.py:3954} INFO - Setting next_dagrun for youtube_video_stats to 2025-12-28 14:00:00+00:00, run_after=2025-12-29 14:00:00+00:00
[2025-12-28T22:27:38.381+0000] {processor.py:183} INFO - Processing /opt/airflow/dags/main.py took 0.187 seconds
[2025-12-28T22:28:08.494+0000] {processor.py:161} INFO - Started process (PID=21032) to work on /opt/airflow/dags/main.py
[2025-12-28T22:28:08.496+0000] {processor.py:830} INFO - Processing file /opt/airflow/dags/main.py for tasks to queue
[2025-12-28T22:28:08.498+0000] {logging_mixin.py:188} INFO - [2025-12-28T22:28:08.497+0000] {dagbag.py:545} INFO - Filling up the DagBag from /opt/airflow/dags/main.py
[2025-12-28T22:28:08.625+0000] {processor.py:840} INFO - DAG(s) 'youtube_video_stats', 'update_db' retrieved from /opt/airflow/dags/main.py
[2025-12-28T22:28:08.668+0000] {logging_mixin.py:188} INFO - [2025-12-28T22:28:08.668+0000] {dag.py:3096} INFO - Sync 2 DAGs
[2025-12-28T22:28:08.698+0000] {logging_mixin.py:188} INFO - [2025-12-28T22:28:08.698+0000] {dag.py:3954} INFO - Setting next_dagrun for update_db to 2025-12-28 15:00:00+00:00, run_after=2025-12-29 15:00:00+00:00
[2025-12-28T22:28:08.704+0000] {logging_mixin.py:188} INFO - [2025-12-28T22:28:08.704+0000] {dag.py:3954} INFO - Setting next_dagrun for youtube_video_stats to 2025-12-28 14:00:00+00:00, run_after=2025-12-29 14:00:00+00:00
[2025-12-28T22:28:08.721+0000] {processor.py:183} INFO - Processing /opt/airflow/dags/main.py took 0.235 seconds
[2025-12-28T22:28:38.915+0000] {processor.py:161} INFO - Started process (PID=21039) to work on /opt/airflow/dags/main.py
[2025-12-28T22:28:38.917+0000] {processor.py:830} INFO - Processing file /opt/airflow/dags/main.py for tasks to queue
[2025-12-28T22:28:38.919+0000] {logging_mixin.py:188} INFO - [2025-12-28T22:28:38.918+0000] {dagbag.py:545} INFO - Filling up the DagBag from /opt/airflow/dags/main.py
[2025-12-28T22:28:39.011+0000] {processor.py:840} INFO - DAG(s) 'update_db', 'youtube_video_stats' retrieved from /opt/airflow/dags/main.py
[2025-12-28T22:28:39.046+0000] {logging_mixin.py:188} INFO - [2025-12-28T22:28:39.045+0000] {dag.py:3096} INFO - Sync 2 DAGs
[2025-12-28T22:28:39.074+0000] {logging_mixin.py:188} INFO - [2025-12-28T22:28:39.074+0000] {dag.py:3954} INFO - Setting next_dagrun for update_db to 2025-12-28 15:00:00+00:00, run_after=2025-12-29 15:00:00+00:00
[2025-12-28T22:28:39.079+0000] {logging_mixin.py:188} INFO - [2025-12-28T22:28:39.079+0000] {dag.py:3954} INFO - Setting next_dagrun for youtube_video_stats to 2025-12-28 14:00:00+00:00, run_after=2025-12-29 14:00:00+00:00
[2025-12-28T22:28:39.099+0000] {processor.py:183} INFO - Processing /opt/airflow/dags/main.py took 0.196 seconds
[2025-12-28T22:29:09.307+0000] {processor.py:161} INFO - Started process (PID=21046) to work on /opt/airflow/dags/main.py
[2025-12-28T22:29:09.309+0000] {processor.py:830} INFO - Processing file /opt/airflow/dags/main.py for tasks to queue
[2025-12-28T22:29:09.310+0000] {logging_mixin.py:188} INFO - [2025-12-28T22:29:09.309+0000] {dagbag.py:545} INFO - Filling up the DagBag from /opt/airflow/dags/main.py
[2025-12-28T22:29:09.405+0000] {processor.py:840} INFO - DAG(s) 'youtube_video_stats', 'update_db' retrieved from /opt/airflow/dags/main.py
[2025-12-28T22:29:09.446+0000] {logging_mixin.py:188} INFO - [2025-12-28T22:29:09.445+0000] {dag.py:3096} INFO - Sync 2 DAGs
[2025-12-28T22:29:09.469+0000] {logging_mixin.py:188} INFO - [2025-12-28T22:29:09.469+0000] {dag.py:3954} INFO - Setting next_dagrun for update_db to 2025-12-28 15:00:00+00:00, run_after=2025-12-29 15:00:00+00:00
[2025-12-28T22:29:09.475+0000] {logging_mixin.py:188} INFO - [2025-12-28T22:29:09.475+0000] {dag.py:3954} INFO - Setting next_dagrun for youtube_video_stats to 2025-12-28 14:00:00+00:00, run_after=2025-12-29 14:00:00+00:00
[2025-12-28T22:29:09.489+0000] {processor.py:183} INFO - Processing /opt/airflow/dags/main.py took 0.188 seconds
