[2025-12-14T11:45:53.305+0000] {processor.py:161} INFO - Started process (PID=1042) to work on /opt/airflow/dags/main.py
[2025-12-14T11:45:53.310+0000] {processor.py:830} INFO - Processing file /opt/airflow/dags/main.py for tasks to queue
[2025-12-14T11:45:53.347+0000] {logging_mixin.py:188} INFO - [2025-12-14T11:45:53.344+0000] {dagbag.py:545} INFO - Filling up the DagBag from /opt/airflow/dags/main.py
[2025-12-14T11:45:53.801+0000] {logging_mixin.py:188} INFO - [2025-12-14T11:45:53.786+0000] {dagbag.py:355} ERROR - Failed to import: /opt/airflow/dags/main.py
Traceback (most recent call last):
  File "/home/airflow/.local/lib/python3.10/site-packages/airflow/models/dagbag.py", line 351, in parse
    loader.exec_module(new_module)
  File "<frozen importlib._bootstrap_external>", line 883, in exec_module
  File "<frozen importlib._bootstrap>", line 241, in _call_with_frames_removed
  File "/opt/airflow/dags/main.py", line 4, in <module>
    from api.video_stats import get_playlist_id, get_video_ids, extract_video_data, save_to_json
  File "/opt/airflow/dags/api/video_stats.py", line 18, in <module>
    CHANNEL_HANDLE =Variable.get("MrBeast")
  File "/home/airflow/.local/lib/python3.10/site-packages/airflow/models/variable.py", line 143, in get
    raise KeyError(f"Variable {key} does not exist")
KeyError: 'Variable MrBeast does not exist'
[2025-12-14T11:45:53.808+0000] {processor.py:842} WARNING - No viable dags retrieved from /opt/airflow/dags/main.py
[2025-12-14T11:45:53.867+0000] {processor.py:183} INFO - Processing /opt/airflow/dags/main.py took 0.644 seconds
[2025-12-14T11:46:24.140+0000] {processor.py:161} INFO - Started process (PID=1050) to work on /opt/airflow/dags/main.py
[2025-12-14T11:46:24.141+0000] {processor.py:830} INFO - Processing file /opt/airflow/dags/main.py for tasks to queue
[2025-12-14T11:46:24.143+0000] {logging_mixin.py:188} INFO - [2025-12-14T11:46:24.143+0000] {dagbag.py:545} INFO - Filling up the DagBag from /opt/airflow/dags/main.py
[2025-12-14T11:46:24.203+0000] {logging_mixin.py:188} INFO - [2025-12-14T11:46:24.198+0000] {dagbag.py:355} ERROR - Failed to import: /opt/airflow/dags/main.py
Traceback (most recent call last):
  File "/home/airflow/.local/lib/python3.10/site-packages/airflow/models/dagbag.py", line 351, in parse
    loader.exec_module(new_module)
  File "<frozen importlib._bootstrap_external>", line 883, in exec_module
  File "<frozen importlib._bootstrap>", line 241, in _call_with_frames_removed
  File "/opt/airflow/dags/main.py", line 4, in <module>
    from api.video_stats import get_playlist_id, get_video_ids, extract_video_data, save_to_json
  File "/opt/airflow/dags/api/video_stats.py", line 18, in <module>
    CHANNEL_HANDLE =Variable.get("MrBeast")
  File "/home/airflow/.local/lib/python3.10/site-packages/airflow/models/variable.py", line 143, in get
    raise KeyError(f"Variable {key} does not exist")
KeyError: 'Variable MrBeast does not exist'
[2025-12-14T11:46:24.204+0000] {processor.py:842} WARNING - No viable dags retrieved from /opt/airflow/dags/main.py
[2025-12-14T11:46:24.214+0000] {processor.py:183} INFO - Processing /opt/airflow/dags/main.py took 0.085 seconds
[2025-12-14T11:46:54.346+0000] {processor.py:161} INFO - Started process (PID=1057) to work on /opt/airflow/dags/main.py
[2025-12-14T11:46:54.347+0000] {processor.py:830} INFO - Processing file /opt/airflow/dags/main.py for tasks to queue
[2025-12-14T11:46:54.351+0000] {logging_mixin.py:188} INFO - [2025-12-14T11:46:54.351+0000] {dagbag.py:545} INFO - Filling up the DagBag from /opt/airflow/dags/main.py
[2025-12-14T11:46:54.397+0000] {logging_mixin.py:188} INFO - [2025-12-14T11:46:54.392+0000] {dagbag.py:355} ERROR - Failed to import: /opt/airflow/dags/main.py
Traceback (most recent call last):
  File "/home/airflow/.local/lib/python3.10/site-packages/airflow/models/dagbag.py", line 351, in parse
    loader.exec_module(new_module)
  File "<frozen importlib._bootstrap_external>", line 883, in exec_module
  File "<frozen importlib._bootstrap>", line 241, in _call_with_frames_removed
  File "/opt/airflow/dags/main.py", line 4, in <module>
    from api.video_stats import get_playlist_id, get_video_ids, extract_video_data, save_to_json
  File "/opt/airflow/dags/api/video_stats.py", line 18, in <module>
    CHANNEL_HANDLE =Variable.get("MrBeast")
  File "/home/airflow/.local/lib/python3.10/site-packages/airflow/models/variable.py", line 143, in get
    raise KeyError(f"Variable {key} does not exist")
KeyError: 'Variable MrBeast does not exist'
[2025-12-14T11:46:54.398+0000] {processor.py:842} WARNING - No viable dags retrieved from /opt/airflow/dags/main.py
[2025-12-14T11:46:54.408+0000] {processor.py:183} INFO - Processing /opt/airflow/dags/main.py took 0.068 seconds
[2025-12-14T11:47:24.661+0000] {processor.py:161} INFO - Started process (PID=1064) to work on /opt/airflow/dags/main.py
[2025-12-14T11:47:24.663+0000] {processor.py:830} INFO - Processing file /opt/airflow/dags/main.py for tasks to queue
[2025-12-14T11:47:24.665+0000] {logging_mixin.py:188} INFO - [2025-12-14T11:47:24.665+0000] {dagbag.py:545} INFO - Filling up the DagBag from /opt/airflow/dags/main.py
[2025-12-14T11:47:24.732+0000] {logging_mixin.py:188} INFO - [2025-12-14T11:47:24.725+0000] {dagbag.py:355} ERROR - Failed to import: /opt/airflow/dags/main.py
Traceback (most recent call last):
  File "/home/airflow/.local/lib/python3.10/site-packages/airflow/models/dagbag.py", line 351, in parse
    loader.exec_module(new_module)
  File "<frozen importlib._bootstrap_external>", line 883, in exec_module
  File "<frozen importlib._bootstrap>", line 241, in _call_with_frames_removed
  File "/opt/airflow/dags/main.py", line 4, in <module>
    from api.video_stats import get_playlist_id, get_video_ids, extract_video_data, save_to_json
  File "/opt/airflow/dags/api/video_stats.py", line 18, in <module>
    CHANNEL_HANDLE =Variable.get("MrBeast")
  File "/home/airflow/.local/lib/python3.10/site-packages/airflow/models/variable.py", line 143, in get
    raise KeyError(f"Variable {key} does not exist")
KeyError: 'Variable MrBeast does not exist'
[2025-12-14T11:47:24.734+0000] {processor.py:842} WARNING - No viable dags retrieved from /opt/airflow/dags/main.py
[2025-12-14T11:47:24.748+0000] {processor.py:183} INFO - Processing /opt/airflow/dags/main.py took 0.111 seconds
[2025-12-14T11:47:54.859+0000] {processor.py:161} INFO - Started process (PID=1071) to work on /opt/airflow/dags/main.py
[2025-12-14T11:47:54.860+0000] {processor.py:830} INFO - Processing file /opt/airflow/dags/main.py for tasks to queue
[2025-12-14T11:47:54.863+0000] {logging_mixin.py:188} INFO - [2025-12-14T11:47:54.863+0000] {dagbag.py:545} INFO - Filling up the DagBag from /opt/airflow/dags/main.py
[2025-12-14T11:47:54.944+0000] {logging_mixin.py:188} INFO - [2025-12-14T11:47:54.937+0000] {dagbag.py:355} ERROR - Failed to import: /opt/airflow/dags/main.py
Traceback (most recent call last):
  File "/home/airflow/.local/lib/python3.10/site-packages/airflow/models/dagbag.py", line 351, in parse
    loader.exec_module(new_module)
  File "<frozen importlib._bootstrap_external>", line 883, in exec_module
  File "<frozen importlib._bootstrap>", line 241, in _call_with_frames_removed
  File "/opt/airflow/dags/main.py", line 4, in <module>
    from api.video_stats import get_playlist_id, get_video_ids, extract_video_data, save_to_json
  File "/opt/airflow/dags/api/video_stats.py", line 18, in <module>
    CHANNEL_HANDLE =Variable.get("MrBeast")
  File "/home/airflow/.local/lib/python3.10/site-packages/airflow/models/variable.py", line 143, in get
    raise KeyError(f"Variable {key} does not exist")
KeyError: 'Variable MrBeast does not exist'
[2025-12-14T11:47:54.945+0000] {processor.py:842} WARNING - No viable dags retrieved from /opt/airflow/dags/main.py
[2025-12-14T11:47:54.959+0000] {processor.py:183} INFO - Processing /opt/airflow/dags/main.py took 0.109 seconds
[2025-12-14T11:48:25.127+0000] {processor.py:161} INFO - Started process (PID=1079) to work on /opt/airflow/dags/main.py
[2025-12-14T11:48:25.129+0000] {processor.py:830} INFO - Processing file /opt/airflow/dags/main.py for tasks to queue
[2025-12-14T11:48:25.135+0000] {logging_mixin.py:188} INFO - [2025-12-14T11:48:25.135+0000] {dagbag.py:545} INFO - Filling up the DagBag from /opt/airflow/dags/main.py
[2025-12-14T11:48:25.186+0000] {logging_mixin.py:188} INFO - [2025-12-14T11:48:25.181+0000] {dagbag.py:355} ERROR - Failed to import: /opt/airflow/dags/main.py
Traceback (most recent call last):
  File "/home/airflow/.local/lib/python3.10/site-packages/airflow/models/dagbag.py", line 351, in parse
    loader.exec_module(new_module)
  File "<frozen importlib._bootstrap_external>", line 883, in exec_module
  File "<frozen importlib._bootstrap>", line 241, in _call_with_frames_removed
  File "/opt/airflow/dags/main.py", line 4, in <module>
    from api.video_stats import get_playlist_id, get_video_ids, extract_video_data, save_to_json
  File "/opt/airflow/dags/api/video_stats.py", line 18, in <module>
    CHANNEL_HANDLE =Variable.get("MrBeast")
  File "/home/airflow/.local/lib/python3.10/site-packages/airflow/models/variable.py", line 143, in get
    raise KeyError(f"Variable {key} does not exist")
KeyError: 'Variable MrBeast does not exist'
[2025-12-14T11:48:25.187+0000] {processor.py:842} WARNING - No viable dags retrieved from /opt/airflow/dags/main.py
[2025-12-14T11:48:25.200+0000] {processor.py:183} INFO - Processing /opt/airflow/dags/main.py took 0.079 seconds
[2025-12-14T11:48:55.342+0000] {processor.py:161} INFO - Started process (PID=1086) to work on /opt/airflow/dags/main.py
[2025-12-14T11:48:55.344+0000] {processor.py:830} INFO - Processing file /opt/airflow/dags/main.py for tasks to queue
[2025-12-14T11:48:55.346+0000] {logging_mixin.py:188} INFO - [2025-12-14T11:48:55.346+0000] {dagbag.py:545} INFO - Filling up the DagBag from /opt/airflow/dags/main.py
[2025-12-14T11:48:55.396+0000] {logging_mixin.py:188} INFO - [2025-12-14T11:48:55.390+0000] {dagbag.py:355} ERROR - Failed to import: /opt/airflow/dags/main.py
Traceback (most recent call last):
  File "/home/airflow/.local/lib/python3.10/site-packages/airflow/models/dagbag.py", line 351, in parse
    loader.exec_module(new_module)
  File "<frozen importlib._bootstrap_external>", line 883, in exec_module
  File "<frozen importlib._bootstrap>", line 241, in _call_with_frames_removed
  File "/opt/airflow/dags/main.py", line 4, in <module>
    from api.video_stats import get_playlist_id, get_video_ids, extract_video_data, save_to_json
  File "/opt/airflow/dags/api/video_stats.py", line 18, in <module>
    CHANNEL_HANDLE =Variable.get("MrBeast")
  File "/home/airflow/.local/lib/python3.10/site-packages/airflow/models/variable.py", line 143, in get
    raise KeyError(f"Variable {key} does not exist")
KeyError: 'Variable MrBeast does not exist'
[2025-12-14T11:48:55.397+0000] {processor.py:842} WARNING - No viable dags retrieved from /opt/airflow/dags/main.py
[2025-12-14T11:48:55.408+0000] {processor.py:183} INFO - Processing /opt/airflow/dags/main.py took 0.071 seconds
[2025-12-14T11:49:25.639+0000] {processor.py:161} INFO - Started process (PID=1093) to work on /opt/airflow/dags/main.py
[2025-12-14T11:49:25.640+0000] {processor.py:830} INFO - Processing file /opt/airflow/dags/main.py for tasks to queue
[2025-12-14T11:49:25.642+0000] {logging_mixin.py:188} INFO - [2025-12-14T11:49:25.642+0000] {dagbag.py:545} INFO - Filling up the DagBag from /opt/airflow/dags/main.py
[2025-12-14T11:49:25.688+0000] {logging_mixin.py:188} INFO - [2025-12-14T11:49:25.683+0000] {dagbag.py:355} ERROR - Failed to import: /opt/airflow/dags/main.py
Traceback (most recent call last):
  File "/home/airflow/.local/lib/python3.10/site-packages/airflow/models/dagbag.py", line 351, in parse
    loader.exec_module(new_module)
  File "<frozen importlib._bootstrap_external>", line 883, in exec_module
  File "<frozen importlib._bootstrap>", line 241, in _call_with_frames_removed
  File "/opt/airflow/dags/main.py", line 4, in <module>
    from api.video_stats import get_playlist_id, get_video_ids, extract_video_data, save_to_json
  File "/opt/airflow/dags/api/video_stats.py", line 18, in <module>
    CHANNEL_HANDLE =Variable.get("MrBeast")
  File "/home/airflow/.local/lib/python3.10/site-packages/airflow/models/variable.py", line 143, in get
    raise KeyError(f"Variable {key} does not exist")
KeyError: 'Variable MrBeast does not exist'
[2025-12-14T11:49:25.689+0000] {processor.py:842} WARNING - No viable dags retrieved from /opt/airflow/dags/main.py
[2025-12-14T11:49:25.700+0000] {processor.py:183} INFO - Processing /opt/airflow/dags/main.py took 0.065 seconds
[2025-12-14T11:49:55.839+0000] {processor.py:161} INFO - Started process (PID=1101) to work on /opt/airflow/dags/main.py
[2025-12-14T11:49:55.840+0000] {processor.py:830} INFO - Processing file /opt/airflow/dags/main.py for tasks to queue
[2025-12-14T11:49:55.846+0000] {logging_mixin.py:188} INFO - [2025-12-14T11:49:55.845+0000] {dagbag.py:545} INFO - Filling up the DagBag from /opt/airflow/dags/main.py
[2025-12-14T11:49:55.894+0000] {logging_mixin.py:188} INFO - [2025-12-14T11:49:55.888+0000] {dagbag.py:355} ERROR - Failed to import: /opt/airflow/dags/main.py
Traceback (most recent call last):
  File "/home/airflow/.local/lib/python3.10/site-packages/airflow/models/dagbag.py", line 351, in parse
    loader.exec_module(new_module)
  File "<frozen importlib._bootstrap_external>", line 883, in exec_module
  File "<frozen importlib._bootstrap>", line 241, in _call_with_frames_removed
  File "/opt/airflow/dags/main.py", line 4, in <module>
    from api.video_stats import get_playlist_id, get_video_ids, extract_video_data, save_to_json
  File "/opt/airflow/dags/api/video_stats.py", line 18, in <module>
    CHANNEL_HANDLE =Variable.get("MrBeast")
  File "/home/airflow/.local/lib/python3.10/site-packages/airflow/models/variable.py", line 143, in get
    raise KeyError(f"Variable {key} does not exist")
KeyError: 'Variable MrBeast does not exist'
[2025-12-14T11:49:55.895+0000] {processor.py:842} WARNING - No viable dags retrieved from /opt/airflow/dags/main.py
[2025-12-14T11:49:55.903+0000] {processor.py:183} INFO - Processing /opt/airflow/dags/main.py took 0.069 seconds
[2025-12-14T11:50:26.081+0000] {processor.py:161} INFO - Started process (PID=1108) to work on /opt/airflow/dags/main.py
[2025-12-14T11:50:26.082+0000] {processor.py:830} INFO - Processing file /opt/airflow/dags/main.py for tasks to queue
[2025-12-14T11:50:26.084+0000] {logging_mixin.py:188} INFO - [2025-12-14T11:50:26.084+0000] {dagbag.py:545} INFO - Filling up the DagBag from /opt/airflow/dags/main.py
[2025-12-14T11:50:26.174+0000] {logging_mixin.py:188} INFO - [2025-12-14T11:50:26.164+0000] {dagbag.py:355} ERROR - Failed to import: /opt/airflow/dags/main.py
Traceback (most recent call last):
  File "/home/airflow/.local/lib/python3.10/site-packages/airflow/models/dagbag.py", line 351, in parse
    loader.exec_module(new_module)
  File "<frozen importlib._bootstrap_external>", line 883, in exec_module
  File "<frozen importlib._bootstrap>", line 241, in _call_with_frames_removed
  File "/opt/airflow/dags/main.py", line 4, in <module>
    from api.video_stats import get_playlist_id, get_video_ids, extract_video_data, save_to_json
  File "/opt/airflow/dags/api/video_stats.py", line 18, in <module>
    CHANNEL_HANDLE =Variable.get("MrBeast")
  File "/home/airflow/.local/lib/python3.10/site-packages/airflow/models/variable.py", line 143, in get
    raise KeyError(f"Variable {key} does not exist")
KeyError: 'Variable MrBeast does not exist'
[2025-12-14T11:50:26.176+0000] {processor.py:842} WARNING - No viable dags retrieved from /opt/airflow/dags/main.py
[2025-12-14T11:50:26.196+0000] {processor.py:183} INFO - Processing /opt/airflow/dags/main.py took 0.124 seconds
[2025-12-14T11:50:56.346+0000] {processor.py:161} INFO - Started process (PID=1115) to work on /opt/airflow/dags/main.py
[2025-12-14T11:50:56.354+0000] {processor.py:830} INFO - Processing file /opt/airflow/dags/main.py for tasks to queue
[2025-12-14T11:50:56.357+0000] {logging_mixin.py:188} INFO - [2025-12-14T11:50:56.357+0000] {dagbag.py:545} INFO - Filling up the DagBag from /opt/airflow/dags/main.py
[2025-12-14T11:50:56.402+0000] {logging_mixin.py:188} INFO - [2025-12-14T11:50:56.397+0000] {dagbag.py:355} ERROR - Failed to import: /opt/airflow/dags/main.py
Traceback (most recent call last):
  File "/home/airflow/.local/lib/python3.10/site-packages/airflow/models/dagbag.py", line 351, in parse
    loader.exec_module(new_module)
  File "<frozen importlib._bootstrap_external>", line 883, in exec_module
  File "<frozen importlib._bootstrap>", line 241, in _call_with_frames_removed
  File "/opt/airflow/dags/main.py", line 4, in <module>
    from api.video_stats import get_playlist_id, get_video_ids, extract_video_data, save_to_json
  File "/opt/airflow/dags/api/video_stats.py", line 18, in <module>
    CHANNEL_HANDLE =Variable.get("MrBeast")
  File "/home/airflow/.local/lib/python3.10/site-packages/airflow/models/variable.py", line 143, in get
    raise KeyError(f"Variable {key} does not exist")
KeyError: 'Variable MrBeast does not exist'
[2025-12-14T11:50:56.403+0000] {processor.py:842} WARNING - No viable dags retrieved from /opt/airflow/dags/main.py
[2025-12-14T11:50:56.412+0000] {processor.py:183} INFO - Processing /opt/airflow/dags/main.py took 0.072 seconds
[2025-12-14T11:51:26.639+0000] {processor.py:161} INFO - Started process (PID=1122) to work on /opt/airflow/dags/main.py
[2025-12-14T11:51:26.640+0000] {processor.py:830} INFO - Processing file /opt/airflow/dags/main.py for tasks to queue
[2025-12-14T11:51:26.642+0000] {logging_mixin.py:188} INFO - [2025-12-14T11:51:26.641+0000] {dagbag.py:545} INFO - Filling up the DagBag from /opt/airflow/dags/main.py
[2025-12-14T11:51:26.690+0000] {logging_mixin.py:188} INFO - [2025-12-14T11:51:26.684+0000] {dagbag.py:355} ERROR - Failed to import: /opt/airflow/dags/main.py
Traceback (most recent call last):
  File "/home/airflow/.local/lib/python3.10/site-packages/airflow/models/dagbag.py", line 351, in parse
    loader.exec_module(new_module)
  File "<frozen importlib._bootstrap_external>", line 883, in exec_module
  File "<frozen importlib._bootstrap>", line 241, in _call_with_frames_removed
  File "/opt/airflow/dags/main.py", line 4, in <module>
    from api.video_stats import get_playlist_id, get_video_ids, extract_video_data, save_to_json
  File "/opt/airflow/dags/api/video_stats.py", line 18, in <module>
    CHANNEL_HANDLE =Variable.get("MrBeast")
  File "/home/airflow/.local/lib/python3.10/site-packages/airflow/models/variable.py", line 143, in get
    raise KeyError(f"Variable {key} does not exist")
KeyError: 'Variable MrBeast does not exist'
[2025-12-14T11:51:26.693+0000] {processor.py:842} WARNING - No viable dags retrieved from /opt/airflow/dags/main.py
[2025-12-14T11:51:26.704+0000] {processor.py:183} INFO - Processing /opt/airflow/dags/main.py took 0.072 seconds
[2025-12-14T11:51:56.832+0000] {processor.py:161} INFO - Started process (PID=1129) to work on /opt/airflow/dags/main.py
[2025-12-14T11:51:56.833+0000] {processor.py:830} INFO - Processing file /opt/airflow/dags/main.py for tasks to queue
[2025-12-14T11:51:56.835+0000] {logging_mixin.py:188} INFO - [2025-12-14T11:51:56.835+0000] {dagbag.py:545} INFO - Filling up the DagBag from /opt/airflow/dags/main.py
[2025-12-14T11:51:56.881+0000] {logging_mixin.py:188} INFO - [2025-12-14T11:51:56.875+0000] {dagbag.py:355} ERROR - Failed to import: /opt/airflow/dags/main.py
Traceback (most recent call last):
  File "/home/airflow/.local/lib/python3.10/site-packages/airflow/models/dagbag.py", line 351, in parse
    loader.exec_module(new_module)
  File "<frozen importlib._bootstrap_external>", line 883, in exec_module
  File "<frozen importlib._bootstrap>", line 241, in _call_with_frames_removed
  File "/opt/airflow/dags/main.py", line 4, in <module>
    from api.video_stats import get_playlist_id, get_video_ids, extract_video_data, save_to_json
  File "/opt/airflow/dags/api/video_stats.py", line 18, in <module>
    CHANNEL_HANDLE =Variable.get("MrBeast")
  File "/home/airflow/.local/lib/python3.10/site-packages/airflow/models/variable.py", line 143, in get
    raise KeyError(f"Variable {key} does not exist")
KeyError: 'Variable MrBeast does not exist'
[2025-12-14T11:51:56.882+0000] {processor.py:842} WARNING - No viable dags retrieved from /opt/airflow/dags/main.py
[2025-12-14T11:51:56.892+0000] {processor.py:183} INFO - Processing /opt/airflow/dags/main.py took 0.066 seconds
[2025-12-14T11:52:27.145+0000] {processor.py:161} INFO - Started process (PID=1136) to work on /opt/airflow/dags/main.py
[2025-12-14T11:52:27.146+0000] {processor.py:830} INFO - Processing file /opt/airflow/dags/main.py for tasks to queue
[2025-12-14T11:52:27.148+0000] {logging_mixin.py:188} INFO - [2025-12-14T11:52:27.147+0000] {dagbag.py:545} INFO - Filling up the DagBag from /opt/airflow/dags/main.py
[2025-12-14T11:52:27.214+0000] {logging_mixin.py:188} INFO - [2025-12-14T11:52:27.204+0000] {dagbag.py:355} ERROR - Failed to import: /opt/airflow/dags/main.py
Traceback (most recent call last):
  File "/home/airflow/.local/lib/python3.10/site-packages/airflow/models/dagbag.py", line 351, in parse
    loader.exec_module(new_module)
  File "<frozen importlib._bootstrap_external>", line 883, in exec_module
  File "<frozen importlib._bootstrap>", line 241, in _call_with_frames_removed
  File "/opt/airflow/dags/main.py", line 4, in <module>
    from api.video_stats import get_playlist_id, get_video_ids, extract_video_data, save_to_json
  File "/opt/airflow/dags/api/video_stats.py", line 18, in <module>
    CHANNEL_HANDLE =Variable.get("MrBeast")
  File "/home/airflow/.local/lib/python3.10/site-packages/airflow/models/variable.py", line 143, in get
    raise KeyError(f"Variable {key} does not exist")
KeyError: 'Variable MrBeast does not exist'
[2025-12-14T11:52:27.215+0000] {processor.py:842} WARNING - No viable dags retrieved from /opt/airflow/dags/main.py
[2025-12-14T11:52:27.229+0000] {processor.py:183} INFO - Processing /opt/airflow/dags/main.py took 0.089 seconds
[2025-12-14T11:52:57.362+0000] {processor.py:161} INFO - Started process (PID=1143) to work on /opt/airflow/dags/main.py
[2025-12-14T11:52:57.363+0000] {processor.py:830} INFO - Processing file /opt/airflow/dags/main.py for tasks to queue
[2025-12-14T11:52:57.365+0000] {logging_mixin.py:188} INFO - [2025-12-14T11:52:57.364+0000] {dagbag.py:545} INFO - Filling up the DagBag from /opt/airflow/dags/main.py
[2025-12-14T11:52:57.431+0000] {logging_mixin.py:188} INFO - [2025-12-14T11:52:57.423+0000] {dagbag.py:355} ERROR - Failed to import: /opt/airflow/dags/main.py
Traceback (most recent call last):
  File "/home/airflow/.local/lib/python3.10/site-packages/airflow/models/dagbag.py", line 351, in parse
    loader.exec_module(new_module)
  File "<frozen importlib._bootstrap_external>", line 883, in exec_module
  File "<frozen importlib._bootstrap>", line 241, in _call_with_frames_removed
  File "/opt/airflow/dags/main.py", line 4, in <module>
    from api.video_stats import get_playlist_id, get_video_ids, extract_video_data, save_to_json
  File "/opt/airflow/dags/api/video_stats.py", line 18, in <module>
    CHANNEL_HANDLE =Variable.get("MrBeast")
  File "/home/airflow/.local/lib/python3.10/site-packages/airflow/models/variable.py", line 143, in get
    raise KeyError(f"Variable {key} does not exist")
KeyError: 'Variable MrBeast does not exist'
[2025-12-14T11:52:57.433+0000] {processor.py:842} WARNING - No viable dags retrieved from /opt/airflow/dags/main.py
[2025-12-14T11:52:57.449+0000] {processor.py:183} INFO - Processing /opt/airflow/dags/main.py took 0.093 seconds
[2025-12-14T11:53:27.605+0000] {processor.py:161} INFO - Started process (PID=1150) to work on /opt/airflow/dags/main.py
[2025-12-14T11:53:27.607+0000] {processor.py:830} INFO - Processing file /opt/airflow/dags/main.py for tasks to queue
[2025-12-14T11:53:27.609+0000] {logging_mixin.py:188} INFO - [2025-12-14T11:53:27.609+0000] {dagbag.py:545} INFO - Filling up the DagBag from /opt/airflow/dags/main.py
[2025-12-14T11:53:27.662+0000] {logging_mixin.py:188} INFO - [2025-12-14T11:53:27.656+0000] {dagbag.py:355} ERROR - Failed to import: /opt/airflow/dags/main.py
Traceback (most recent call last):
  File "/home/airflow/.local/lib/python3.10/site-packages/airflow/models/dagbag.py", line 351, in parse
    loader.exec_module(new_module)
  File "<frozen importlib._bootstrap_external>", line 883, in exec_module
  File "<frozen importlib._bootstrap>", line 241, in _call_with_frames_removed
  File "/opt/airflow/dags/main.py", line 4, in <module>
    from api.video_stats import get_playlist_id, get_video_ids, extract_video_data, save_to_json
  File "/opt/airflow/dags/api/video_stats.py", line 18, in <module>
    CHANNEL_HANDLE =Variable.get("MrBeast")
  File "/home/airflow/.local/lib/python3.10/site-packages/airflow/models/variable.py", line 143, in get
    raise KeyError(f"Variable {key} does not exist")
KeyError: 'Variable MrBeast does not exist'
[2025-12-14T11:53:27.663+0000] {processor.py:842} WARNING - No viable dags retrieved from /opt/airflow/dags/main.py
[2025-12-14T11:53:27.673+0000] {processor.py:183} INFO - Processing /opt/airflow/dags/main.py took 0.073 seconds
[2025-12-14T11:53:40.727+0000] {processor.py:161} INFO - Started process (PID=1157) to work on /opt/airflow/dags/main.py
[2025-12-14T11:53:40.729+0000] {processor.py:830} INFO - Processing file /opt/airflow/dags/main.py for tasks to queue
[2025-12-14T11:53:40.732+0000] {logging_mixin.py:188} INFO - [2025-12-14T11:53:40.731+0000] {dagbag.py:545} INFO - Filling up the DagBag from /opt/airflow/dags/main.py
[2025-12-14T11:53:40.803+0000] {logging_mixin.py:188} INFO - [2025-12-14T11:53:40.796+0000] {dagbag.py:355} ERROR - Failed to import: /opt/airflow/dags/main.py
Traceback (most recent call last):
  File "/home/airflow/.local/lib/python3.10/site-packages/airflow/models/dagbag.py", line 351, in parse
    loader.exec_module(new_module)
  File "<frozen importlib._bootstrap_external>", line 883, in exec_module
  File "<frozen importlib._bootstrap>", line 241, in _call_with_frames_removed
  File "/opt/airflow/dags/main.py", line 4, in <module>
    from api.video_stats import get_playlist_id, get_video_ids, extract_video_data, save_to_json
  File "/opt/airflow/dags/api/video_stats.py", line 18, in <module>
    CHANNEL_HANDLE =Variable.get("MrBeast")
  File "/home/airflow/.local/lib/python3.10/site-packages/airflow/models/variable.py", line 143, in get
    raise KeyError(f"Variable {key} does not exist")
KeyError: 'Variable MrBeast does not exist'
[2025-12-14T11:53:40.805+0000] {processor.py:842} WARNING - No viable dags retrieved from /opt/airflow/dags/main.py
[2025-12-14T11:53:40.815+0000] {processor.py:183} INFO - Processing /opt/airflow/dags/main.py took 0.095 seconds
[2025-12-14T11:54:10.943+0000] {processor.py:161} INFO - Started process (PID=1164) to work on /opt/airflow/dags/main.py
[2025-12-14T11:54:10.949+0000] {processor.py:830} INFO - Processing file /opt/airflow/dags/main.py for tasks to queue
[2025-12-14T11:54:10.951+0000] {logging_mixin.py:188} INFO - [2025-12-14T11:54:10.951+0000] {dagbag.py:545} INFO - Filling up the DagBag from /opt/airflow/dags/main.py
[2025-12-14T11:54:11.006+0000] {logging_mixin.py:188} INFO - [2025-12-14T11:54:11.000+0000] {dagbag.py:355} ERROR - Failed to import: /opt/airflow/dags/main.py
Traceback (most recent call last):
  File "/home/airflow/.local/lib/python3.10/site-packages/airflow/models/dagbag.py", line 351, in parse
    loader.exec_module(new_module)
  File "<frozen importlib._bootstrap_external>", line 883, in exec_module
  File "<frozen importlib._bootstrap>", line 241, in _call_with_frames_removed
  File "/opt/airflow/dags/main.py", line 4, in <module>
    from api.video_stats import get_playlist_id, get_video_ids, extract_video_data, save_to_json
  File "/opt/airflow/dags/api/video_stats.py", line 18, in <module>
    CHANNEL_HANDLE =Variable.get("MrBeast")
  File "/home/airflow/.local/lib/python3.10/site-packages/airflow/models/variable.py", line 143, in get
    raise KeyError(f"Variable {key} does not exist")
KeyError: 'Variable MrBeast does not exist'
[2025-12-14T11:54:11.007+0000] {processor.py:842} WARNING - No viable dags retrieved from /opt/airflow/dags/main.py
[2025-12-14T11:54:11.018+0000] {processor.py:183} INFO - Processing /opt/airflow/dags/main.py took 0.080 seconds
[2025-12-14T11:54:41.155+0000] {processor.py:161} INFO - Started process (PID=1171) to work on /opt/airflow/dags/main.py
[2025-12-14T11:54:41.156+0000] {processor.py:830} INFO - Processing file /opt/airflow/dags/main.py for tasks to queue
[2025-12-14T11:54:41.158+0000] {logging_mixin.py:188} INFO - [2025-12-14T11:54:41.158+0000] {dagbag.py:545} INFO - Filling up the DagBag from /opt/airflow/dags/main.py
[2025-12-14T11:54:41.343+0000] {processor.py:840} INFO - DAG(s) 'youtube_video_stats' retrieved from /opt/airflow/dags/main.py
[2025-12-14T11:54:41.923+0000] {logging_mixin.py:188} INFO - [2025-12-14T11:54:41.922+0000] {override.py:1829} INFO - Created Permission View: can edit on DAG:youtube_video_stats
[2025-12-14T11:54:41.934+0000] {logging_mixin.py:188} INFO - [2025-12-14T11:54:41.934+0000] {override.py:1829} INFO - Created Permission View: can read on DAG:youtube_video_stats
[2025-12-14T11:54:41.940+0000] {logging_mixin.py:188} INFO - [2025-12-14T11:54:41.939+0000] {override.py:1829} INFO - Created Permission View: can delete on DAG:youtube_video_stats
[2025-12-14T11:54:41.941+0000] {logging_mixin.py:188} INFO - [2025-12-14T11:54:41.941+0000] {dag.py:3096} INFO - Sync 1 DAGs
[2025-12-14T11:54:41.969+0000] {logging_mixin.py:188} INFO - [2025-12-14T11:54:41.969+0000] {dag.py:3118} INFO - Creating ORM DAG for youtube_video_stats
[2025-12-14T11:54:42.006+0000] {logging_mixin.py:188} INFO - [2025-12-14T11:54:42.005+0000] {dag.py:3954} INFO - Setting next_dagrun for youtube_video_stats to 2025-12-12 14:00:00+00:00, run_after=2025-12-13 14:00:00+00:00
[2025-12-14T11:54:42.040+0000] {processor.py:183} INFO - Processing /opt/airflow/dags/main.py took 0.893 seconds
[2025-12-14T11:55:12.290+0000] {processor.py:161} INFO - Started process (PID=1178) to work on /opt/airflow/dags/main.py
[2025-12-14T11:55:12.291+0000] {processor.py:830} INFO - Processing file /opt/airflow/dags/main.py for tasks to queue
[2025-12-14T11:55:12.293+0000] {logging_mixin.py:188} INFO - [2025-12-14T11:55:12.293+0000] {dagbag.py:545} INFO - Filling up the DagBag from /opt/airflow/dags/main.py
[2025-12-14T11:55:12.342+0000] {processor.py:840} INFO - DAG(s) 'youtube_video_stats' retrieved from /opt/airflow/dags/main.py
[2025-12-14T11:55:12.378+0000] {logging_mixin.py:188} INFO - [2025-12-14T11:55:12.378+0000] {dag.py:3096} INFO - Sync 1 DAGs
[2025-12-14T11:55:12.404+0000] {logging_mixin.py:188} INFO - [2025-12-14T11:55:12.404+0000] {dag.py:3954} INFO - Setting next_dagrun for youtube_video_stats to 2025-12-12 14:00:00+00:00, run_after=2025-12-13 14:00:00+00:00
[2025-12-14T11:55:12.429+0000] {processor.py:183} INFO - Processing /opt/airflow/dags/main.py took 0.145 seconds
[2025-12-14T11:55:42.606+0000] {processor.py:161} INFO - Started process (PID=1185) to work on /opt/airflow/dags/main.py
[2025-12-14T11:55:42.607+0000] {processor.py:830} INFO - Processing file /opt/airflow/dags/main.py for tasks to queue
[2025-12-14T11:55:42.609+0000] {logging_mixin.py:188} INFO - [2025-12-14T11:55:42.609+0000] {dagbag.py:545} INFO - Filling up the DagBag from /opt/airflow/dags/main.py
[2025-12-14T11:55:42.644+0000] {processor.py:840} INFO - DAG(s) 'youtube_video_stats' retrieved from /opt/airflow/dags/main.py
[2025-12-14T11:55:42.667+0000] {logging_mixin.py:188} INFO - [2025-12-14T11:55:42.667+0000] {dag.py:3096} INFO - Sync 1 DAGs
[2025-12-14T11:55:42.690+0000] {logging_mixin.py:188} INFO - [2025-12-14T11:55:42.690+0000] {dag.py:3954} INFO - Setting next_dagrun for youtube_video_stats to 2025-12-12 14:00:00+00:00, run_after=2025-12-13 14:00:00+00:00
[2025-12-14T11:55:42.712+0000] {processor.py:183} INFO - Processing /opt/airflow/dags/main.py took 0.111 seconds
[2025-12-14T11:56:12.842+0000] {processor.py:161} INFO - Started process (PID=1193) to work on /opt/airflow/dags/main.py
[2025-12-14T11:56:12.844+0000] {processor.py:830} INFO - Processing file /opt/airflow/dags/main.py for tasks to queue
[2025-12-14T11:56:12.846+0000] {logging_mixin.py:188} INFO - [2025-12-14T11:56:12.845+0000] {dagbag.py:545} INFO - Filling up the DagBag from /opt/airflow/dags/main.py
[2025-12-14T11:56:12.895+0000] {processor.py:840} INFO - DAG(s) 'youtube_video_stats' retrieved from /opt/airflow/dags/main.py
[2025-12-14T11:56:12.929+0000] {logging_mixin.py:188} INFO - [2025-12-14T11:56:12.928+0000] {dag.py:3096} INFO - Sync 1 DAGs
[2025-12-14T11:56:12.955+0000] {logging_mixin.py:188} INFO - [2025-12-14T11:56:12.955+0000] {dag.py:3954} INFO - Setting next_dagrun for youtube_video_stats to 2025-12-12 14:00:00+00:00, run_after=2025-12-13 14:00:00+00:00
[2025-12-14T11:56:12.976+0000] {processor.py:183} INFO - Processing /opt/airflow/dags/main.py took 0.141 seconds
[2025-12-14T11:56:43.061+0000] {processor.py:161} INFO - Started process (PID=1200) to work on /opt/airflow/dags/main.py
[2025-12-14T11:56:43.062+0000] {processor.py:830} INFO - Processing file /opt/airflow/dags/main.py for tasks to queue
[2025-12-14T11:56:43.064+0000] {logging_mixin.py:188} INFO - [2025-12-14T11:56:43.063+0000] {dagbag.py:545} INFO - Filling up the DagBag from /opt/airflow/dags/main.py
[2025-12-14T11:56:43.102+0000] {processor.py:840} INFO - DAG(s) 'youtube_video_stats' retrieved from /opt/airflow/dags/main.py
[2025-12-14T11:56:43.127+0000] {logging_mixin.py:188} INFO - [2025-12-14T11:56:43.127+0000] {dag.py:3096} INFO - Sync 1 DAGs
[2025-12-14T11:56:43.147+0000] {logging_mixin.py:188} INFO - [2025-12-14T11:56:43.146+0000] {dag.py:3954} INFO - Setting next_dagrun for youtube_video_stats to 2025-12-12 14:00:00+00:00, run_after=2025-12-13 14:00:00+00:00
[2025-12-14T11:56:43.164+0000] {processor.py:183} INFO - Processing /opt/airflow/dags/main.py took 0.109 seconds
[2025-12-14T11:57:13.321+0000] {processor.py:161} INFO - Started process (PID=1207) to work on /opt/airflow/dags/main.py
[2025-12-14T11:57:13.322+0000] {processor.py:830} INFO - Processing file /opt/airflow/dags/main.py for tasks to queue
[2025-12-14T11:57:13.323+0000] {logging_mixin.py:188} INFO - [2025-12-14T11:57:13.323+0000] {dagbag.py:545} INFO - Filling up the DagBag from /opt/airflow/dags/main.py
[2025-12-14T11:57:13.370+0000] {processor.py:840} INFO - DAG(s) 'youtube_video_stats' retrieved from /opt/airflow/dags/main.py
[2025-12-14T11:57:13.394+0000] {logging_mixin.py:188} INFO - [2025-12-14T11:57:13.394+0000] {dag.py:3096} INFO - Sync 1 DAGs
[2025-12-14T11:57:13.412+0000] {logging_mixin.py:188} INFO - [2025-12-14T11:57:13.412+0000] {dag.py:3954} INFO - Setting next_dagrun for youtube_video_stats to 2025-12-12 14:00:00+00:00, run_after=2025-12-13 14:00:00+00:00
[2025-12-14T11:57:13.431+0000] {processor.py:183} INFO - Processing /opt/airflow/dags/main.py took 0.115 seconds
[2025-12-14T11:57:43.507+0000] {processor.py:161} INFO - Started process (PID=1214) to work on /opt/airflow/dags/main.py
[2025-12-14T11:57:43.509+0000] {processor.py:830} INFO - Processing file /opt/airflow/dags/main.py for tasks to queue
[2025-12-14T11:57:43.512+0000] {logging_mixin.py:188} INFO - [2025-12-14T11:57:43.511+0000] {dagbag.py:545} INFO - Filling up the DagBag from /opt/airflow/dags/main.py
[2025-12-14T11:57:43.570+0000] {processor.py:840} INFO - DAG(s) 'youtube_video_stats' retrieved from /opt/airflow/dags/main.py
[2025-12-14T11:57:43.602+0000] {logging_mixin.py:188} INFO - [2025-12-14T11:57:43.602+0000] {dag.py:3096} INFO - Sync 1 DAGs
[2025-12-14T11:57:43.631+0000] {logging_mixin.py:188} INFO - [2025-12-14T11:57:43.631+0000] {dag.py:3954} INFO - Setting next_dagrun for youtube_video_stats to 2025-12-12 14:00:00+00:00, run_after=2025-12-13 14:00:00+00:00
[2025-12-14T11:57:43.655+0000] {processor.py:183} INFO - Processing /opt/airflow/dags/main.py took 0.154 seconds
[2025-12-14T11:58:13.795+0000] {processor.py:161} INFO - Started process (PID=1221) to work on /opt/airflow/dags/main.py
[2025-12-14T11:58:13.829+0000] {processor.py:830} INFO - Processing file /opt/airflow/dags/main.py for tasks to queue
[2025-12-14T11:58:13.831+0000] {logging_mixin.py:188} INFO - [2025-12-14T11:58:13.831+0000] {dagbag.py:545} INFO - Filling up the DagBag from /opt/airflow/dags/main.py
[2025-12-14T11:58:13.895+0000] {processor.py:840} INFO - DAG(s) 'youtube_video_stats' retrieved from /opt/airflow/dags/main.py
[2025-12-14T11:58:13.938+0000] {logging_mixin.py:188} INFO - [2025-12-14T11:58:13.938+0000] {dag.py:3096} INFO - Sync 1 DAGs
[2025-12-14T11:58:13.974+0000] {logging_mixin.py:188} INFO - [2025-12-14T11:58:13.973+0000] {dag.py:3954} INFO - Setting next_dagrun for youtube_video_stats to 2025-12-13 14:00:00+00:00, run_after=2025-12-14 14:00:00+00:00
[2025-12-14T11:58:14.036+0000] {processor.py:183} INFO - Processing /opt/airflow/dags/main.py took 0.249 seconds
[2025-12-14T11:58:44.227+0000] {processor.py:161} INFO - Started process (PID=1228) to work on /opt/airflow/dags/main.py
[2025-12-14T11:58:44.229+0000] {processor.py:830} INFO - Processing file /opt/airflow/dags/main.py for tasks to queue
[2025-12-14T11:58:44.231+0000] {logging_mixin.py:188} INFO - [2025-12-14T11:58:44.231+0000] {dagbag.py:545} INFO - Filling up the DagBag from /opt/airflow/dags/main.py
[2025-12-14T11:58:44.279+0000] {processor.py:840} INFO - DAG(s) 'youtube_video_stats' retrieved from /opt/airflow/dags/main.py
[2025-12-14T11:58:44.309+0000] {logging_mixin.py:188} INFO - [2025-12-14T11:58:44.309+0000] {dag.py:3096} INFO - Sync 1 DAGs
[2025-12-14T11:58:44.336+0000] {logging_mixin.py:188} INFO - [2025-12-14T11:58:44.336+0000] {dag.py:3954} INFO - Setting next_dagrun for youtube_video_stats to 2025-12-13 14:00:00+00:00, run_after=2025-12-14 14:00:00+00:00
[2025-12-14T11:58:44.371+0000] {processor.py:183} INFO - Processing /opt/airflow/dags/main.py took 0.151 seconds
[2025-12-14T11:59:14.498+0000] {processor.py:161} INFO - Started process (PID=1235) to work on /opt/airflow/dags/main.py
[2025-12-14T11:59:14.502+0000] {processor.py:830} INFO - Processing file /opt/airflow/dags/main.py for tasks to queue
[2025-12-14T11:59:14.507+0000] {logging_mixin.py:188} INFO - [2025-12-14T11:59:14.506+0000] {dagbag.py:545} INFO - Filling up the DagBag from /opt/airflow/dags/main.py
[2025-12-14T11:59:14.581+0000] {processor.py:840} INFO - DAG(s) 'youtube_video_stats' retrieved from /opt/airflow/dags/main.py
[2025-12-14T11:59:14.621+0000] {logging_mixin.py:188} INFO - [2025-12-14T11:59:14.621+0000] {dag.py:3096} INFO - Sync 1 DAGs
[2025-12-14T11:59:14.650+0000] {logging_mixin.py:188} INFO - [2025-12-14T11:59:14.650+0000] {dag.py:3954} INFO - Setting next_dagrun for youtube_video_stats to 2025-12-13 14:00:00+00:00, run_after=2025-12-14 14:00:00+00:00
[2025-12-14T11:59:14.688+0000] {processor.py:183} INFO - Processing /opt/airflow/dags/main.py took 0.199 seconds
[2025-12-14T11:59:44.731+0000] {processor.py:161} INFO - Started process (PID=1242) to work on /opt/airflow/dags/main.py
[2025-12-14T11:59:44.732+0000] {processor.py:830} INFO - Processing file /opt/airflow/dags/main.py for tasks to queue
[2025-12-14T11:59:44.734+0000] {logging_mixin.py:188} INFO - [2025-12-14T11:59:44.733+0000] {dagbag.py:545} INFO - Filling up the DagBag from /opt/airflow/dags/main.py
[2025-12-14T11:59:44.766+0000] {processor.py:840} INFO - DAG(s) 'youtube_video_stats' retrieved from /opt/airflow/dags/main.py
[2025-12-14T11:59:44.790+0000] {logging_mixin.py:188} INFO - [2025-12-14T11:59:44.790+0000] {dag.py:3096} INFO - Sync 1 DAGs
[2025-12-14T11:59:44.809+0000] {logging_mixin.py:188} INFO - [2025-12-14T11:59:44.809+0000] {dag.py:3954} INFO - Setting next_dagrun for youtube_video_stats to 2025-12-13 14:00:00+00:00, run_after=2025-12-14 14:00:00+00:00
[2025-12-14T11:59:44.830+0000] {processor.py:183} INFO - Processing /opt/airflow/dags/main.py took 0.104 seconds
[2025-12-14T12:00:14.924+0000] {processor.py:161} INFO - Started process (PID=1249) to work on /opt/airflow/dags/main.py
[2025-12-14T12:00:14.925+0000] {processor.py:830} INFO - Processing file /opt/airflow/dags/main.py for tasks to queue
[2025-12-14T12:00:14.927+0000] {logging_mixin.py:188} INFO - [2025-12-14T12:00:14.926+0000] {dagbag.py:545} INFO - Filling up the DagBag from /opt/airflow/dags/main.py
[2025-12-14T12:00:14.964+0000] {processor.py:840} INFO - DAG(s) 'youtube_video_stats' retrieved from /opt/airflow/dags/main.py
[2025-12-14T12:00:14.989+0000] {logging_mixin.py:188} INFO - [2025-12-14T12:00:14.989+0000] {dag.py:3096} INFO - Sync 1 DAGs
[2025-12-14T12:00:15.008+0000] {logging_mixin.py:188} INFO - [2025-12-14T12:00:15.008+0000] {dag.py:3954} INFO - Setting next_dagrun for youtube_video_stats to 2025-12-13 14:00:00+00:00, run_after=2025-12-14 14:00:00+00:00
[2025-12-14T12:00:15.025+0000] {processor.py:183} INFO - Processing /opt/airflow/dags/main.py took 0.107 seconds
[2025-12-14T12:00:45.139+0000] {processor.py:161} INFO - Started process (PID=1257) to work on /opt/airflow/dags/main.py
[2025-12-14T12:00:45.140+0000] {processor.py:830} INFO - Processing file /opt/airflow/dags/main.py for tasks to queue
[2025-12-14T12:00:45.142+0000] {logging_mixin.py:188} INFO - [2025-12-14T12:00:45.142+0000] {dagbag.py:545} INFO - Filling up the DagBag from /opt/airflow/dags/main.py
[2025-12-14T12:00:45.184+0000] {processor.py:840} INFO - DAG(s) 'youtube_video_stats' retrieved from /opt/airflow/dags/main.py
[2025-12-14T12:00:45.209+0000] {logging_mixin.py:188} INFO - [2025-12-14T12:00:45.209+0000] {dag.py:3096} INFO - Sync 1 DAGs
[2025-12-14T12:00:45.229+0000] {logging_mixin.py:188} INFO - [2025-12-14T12:00:45.229+0000] {dag.py:3954} INFO - Setting next_dagrun for youtube_video_stats to 2025-12-13 14:00:00+00:00, run_after=2025-12-14 14:00:00+00:00
[2025-12-14T12:00:45.248+0000] {processor.py:183} INFO - Processing /opt/airflow/dags/main.py took 0.114 seconds
[2025-12-14T12:01:15.457+0000] {processor.py:161} INFO - Started process (PID=1264) to work on /opt/airflow/dags/main.py
[2025-12-14T12:01:15.458+0000] {processor.py:830} INFO - Processing file /opt/airflow/dags/main.py for tasks to queue
[2025-12-14T12:01:15.460+0000] {logging_mixin.py:188} INFO - [2025-12-14T12:01:15.460+0000] {dagbag.py:545} INFO - Filling up the DagBag from /opt/airflow/dags/main.py
[2025-12-14T12:01:15.495+0000] {processor.py:840} INFO - DAG(s) 'youtube_video_stats' retrieved from /opt/airflow/dags/main.py
[2025-12-14T12:01:15.521+0000] {logging_mixin.py:188} INFO - [2025-12-14T12:01:15.521+0000] {dag.py:3096} INFO - Sync 1 DAGs
[2025-12-14T12:01:15.540+0000] {logging_mixin.py:188} INFO - [2025-12-14T12:01:15.540+0000] {dag.py:3954} INFO - Setting next_dagrun for youtube_video_stats to 2025-12-13 14:00:00+00:00, run_after=2025-12-14 14:00:00+00:00
[2025-12-14T12:01:15.556+0000] {processor.py:183} INFO - Processing /opt/airflow/dags/main.py took 0.104 seconds
[2025-12-14T12:01:45.680+0000] {processor.py:161} INFO - Started process (PID=1271) to work on /opt/airflow/dags/main.py
[2025-12-14T12:01:45.682+0000] {processor.py:830} INFO - Processing file /opt/airflow/dags/main.py for tasks to queue
[2025-12-14T12:01:45.685+0000] {logging_mixin.py:188} INFO - [2025-12-14T12:01:45.685+0000] {dagbag.py:545} INFO - Filling up the DagBag from /opt/airflow/dags/main.py
[2025-12-14T12:01:45.738+0000] {processor.py:840} INFO - DAG(s) 'youtube_video_stats' retrieved from /opt/airflow/dags/main.py
[2025-12-14T12:01:45.772+0000] {logging_mixin.py:188} INFO - [2025-12-14T12:01:45.772+0000] {dag.py:3096} INFO - Sync 1 DAGs
[2025-12-14T12:01:45.800+0000] {logging_mixin.py:188} INFO - [2025-12-14T12:01:45.800+0000] {dag.py:3954} INFO - Setting next_dagrun for youtube_video_stats to 2025-12-13 14:00:00+00:00, run_after=2025-12-14 14:00:00+00:00
[2025-12-14T12:01:45.828+0000] {processor.py:183} INFO - Processing /opt/airflow/dags/main.py took 0.156 seconds
[2025-12-14T12:02:15.893+0000] {processor.py:161} INFO - Started process (PID=1278) to work on /opt/airflow/dags/main.py
[2025-12-14T12:02:15.894+0000] {processor.py:830} INFO - Processing file /opt/airflow/dags/main.py for tasks to queue
[2025-12-14T12:02:15.895+0000] {logging_mixin.py:188} INFO - [2025-12-14T12:02:15.895+0000] {dagbag.py:545} INFO - Filling up the DagBag from /opt/airflow/dags/main.py
[2025-12-14T12:02:15.933+0000] {processor.py:840} INFO - DAG(s) 'youtube_video_stats' retrieved from /opt/airflow/dags/main.py
[2025-12-14T12:02:15.956+0000] {logging_mixin.py:188} INFO - [2025-12-14T12:02:15.956+0000] {dag.py:3096} INFO - Sync 1 DAGs
[2025-12-14T12:02:15.977+0000] {logging_mixin.py:188} INFO - [2025-12-14T12:02:15.977+0000] {dag.py:3954} INFO - Setting next_dagrun for youtube_video_stats to 2025-12-13 14:00:00+00:00, run_after=2025-12-14 14:00:00+00:00
[2025-12-14T12:02:15.996+0000] {processor.py:183} INFO - Processing /opt/airflow/dags/main.py took 0.109 seconds
[2025-12-14T12:02:46.096+0000] {processor.py:161} INFO - Started process (PID=1285) to work on /opt/airflow/dags/main.py
[2025-12-14T12:02:46.097+0000] {processor.py:830} INFO - Processing file /opt/airflow/dags/main.py for tasks to queue
[2025-12-14T12:02:46.099+0000] {logging_mixin.py:188} INFO - [2025-12-14T12:02:46.099+0000] {dagbag.py:545} INFO - Filling up the DagBag from /opt/airflow/dags/main.py
[2025-12-14T12:02:46.133+0000] {processor.py:840} INFO - DAG(s) 'youtube_video_stats' retrieved from /opt/airflow/dags/main.py
[2025-12-14T12:02:46.156+0000] {logging_mixin.py:188} INFO - [2025-12-14T12:02:46.156+0000] {dag.py:3096} INFO - Sync 1 DAGs
[2025-12-14T12:02:46.175+0000] {logging_mixin.py:188} INFO - [2025-12-14T12:02:46.175+0000] {dag.py:3954} INFO - Setting next_dagrun for youtube_video_stats to 2025-12-13 14:00:00+00:00, run_after=2025-12-14 14:00:00+00:00
[2025-12-14T12:02:46.198+0000] {processor.py:183} INFO - Processing /opt/airflow/dags/main.py took 0.107 seconds
[2025-12-14T12:03:16.438+0000] {processor.py:161} INFO - Started process (PID=1292) to work on /opt/airflow/dags/main.py
[2025-12-14T12:03:16.440+0000] {processor.py:830} INFO - Processing file /opt/airflow/dags/main.py for tasks to queue
[2025-12-14T12:03:16.441+0000] {logging_mixin.py:188} INFO - [2025-12-14T12:03:16.441+0000] {dagbag.py:545} INFO - Filling up the DagBag from /opt/airflow/dags/main.py
[2025-12-14T12:03:16.482+0000] {processor.py:840} INFO - DAG(s) 'youtube_video_stats' retrieved from /opt/airflow/dags/main.py
[2025-12-14T12:03:16.506+0000] {logging_mixin.py:188} INFO - [2025-12-14T12:03:16.506+0000] {dag.py:3096} INFO - Sync 1 DAGs
[2025-12-14T12:03:16.525+0000] {logging_mixin.py:188} INFO - [2025-12-14T12:03:16.524+0000] {dag.py:3954} INFO - Setting next_dagrun for youtube_video_stats to 2025-12-13 14:00:00+00:00, run_after=2025-12-14 14:00:00+00:00
[2025-12-14T12:03:16.547+0000] {processor.py:183} INFO - Processing /opt/airflow/dags/main.py took 0.113 seconds
[2025-12-14T12:03:46.679+0000] {processor.py:161} INFO - Started process (PID=1299) to work on /opt/airflow/dags/main.py
[2025-12-14T12:03:46.680+0000] {processor.py:830} INFO - Processing file /opt/airflow/dags/main.py for tasks to queue
[2025-12-14T12:03:46.681+0000] {logging_mixin.py:188} INFO - [2025-12-14T12:03:46.681+0000] {dagbag.py:545} INFO - Filling up the DagBag from /opt/airflow/dags/main.py
[2025-12-14T12:03:46.714+0000] {processor.py:840} INFO - DAG(s) 'youtube_video_stats' retrieved from /opt/airflow/dags/main.py
[2025-12-14T12:03:46.736+0000] {logging_mixin.py:188} INFO - [2025-12-14T12:03:46.736+0000] {dag.py:3096} INFO - Sync 1 DAGs
[2025-12-14T12:03:46.754+0000] {logging_mixin.py:188} INFO - [2025-12-14T12:03:46.753+0000] {dag.py:3954} INFO - Setting next_dagrun for youtube_video_stats to 2025-12-13 14:00:00+00:00, run_after=2025-12-14 14:00:00+00:00
[2025-12-14T12:03:46.770+0000] {processor.py:183} INFO - Processing /opt/airflow/dags/main.py took 0.096 seconds
[2025-12-14T12:04:17.015+0000] {processor.py:161} INFO - Started process (PID=1306) to work on /opt/airflow/dags/main.py
[2025-12-14T12:04:17.016+0000] {processor.py:830} INFO - Processing file /opt/airflow/dags/main.py for tasks to queue
[2025-12-14T12:04:17.018+0000] {logging_mixin.py:188} INFO - [2025-12-14T12:04:17.018+0000] {dagbag.py:545} INFO - Filling up the DagBag from /opt/airflow/dags/main.py
[2025-12-14T12:04:17.059+0000] {processor.py:840} INFO - DAG(s) 'youtube_video_stats' retrieved from /opt/airflow/dags/main.py
[2025-12-14T12:04:17.083+0000] {logging_mixin.py:188} INFO - [2025-12-14T12:04:17.082+0000] {dag.py:3096} INFO - Sync 1 DAGs
[2025-12-14T12:04:17.101+0000] {logging_mixin.py:188} INFO - [2025-12-14T12:04:17.101+0000] {dag.py:3954} INFO - Setting next_dagrun for youtube_video_stats to 2025-12-13 14:00:00+00:00, run_after=2025-12-14 14:00:00+00:00
[2025-12-14T12:04:17.122+0000] {processor.py:183} INFO - Processing /opt/airflow/dags/main.py took 0.112 seconds
[2025-12-14T12:04:47.212+0000] {processor.py:161} INFO - Started process (PID=1313) to work on /opt/airflow/dags/main.py
[2025-12-14T12:04:47.213+0000] {processor.py:830} INFO - Processing file /opt/airflow/dags/main.py for tasks to queue
[2025-12-14T12:04:47.215+0000] {logging_mixin.py:188} INFO - [2025-12-14T12:04:47.215+0000] {dagbag.py:545} INFO - Filling up the DagBag from /opt/airflow/dags/main.py
[2025-12-14T12:04:47.252+0000] {processor.py:840} INFO - DAG(s) 'youtube_video_stats' retrieved from /opt/airflow/dags/main.py
[2025-12-14T12:04:47.275+0000] {logging_mixin.py:188} INFO - [2025-12-14T12:04:47.275+0000] {dag.py:3096} INFO - Sync 1 DAGs
[2025-12-14T12:04:47.294+0000] {logging_mixin.py:188} INFO - [2025-12-14T12:04:47.294+0000] {dag.py:3954} INFO - Setting next_dagrun for youtube_video_stats to 2025-12-13 14:00:00+00:00, run_after=2025-12-14 14:00:00+00:00
[2025-12-14T12:04:47.313+0000] {processor.py:183} INFO - Processing /opt/airflow/dags/main.py took 0.107 seconds
[2025-12-14T12:05:17.514+0000] {processor.py:161} INFO - Started process (PID=1320) to work on /opt/airflow/dags/main.py
[2025-12-14T12:05:17.516+0000] {processor.py:830} INFO - Processing file /opt/airflow/dags/main.py for tasks to queue
[2025-12-14T12:05:17.519+0000] {logging_mixin.py:188} INFO - [2025-12-14T12:05:17.518+0000] {dagbag.py:545} INFO - Filling up the DagBag from /opt/airflow/dags/main.py
[2025-12-14T12:05:17.606+0000] {processor.py:840} INFO - DAG(s) 'youtube_video_stats' retrieved from /opt/airflow/dags/main.py
[2025-12-14T12:05:17.639+0000] {logging_mixin.py:188} INFO - [2025-12-14T12:05:17.638+0000] {dag.py:3096} INFO - Sync 1 DAGs
[2025-12-14T12:05:17.666+0000] {logging_mixin.py:188} INFO - [2025-12-14T12:05:17.665+0000] {dag.py:3954} INFO - Setting next_dagrun for youtube_video_stats to 2025-12-13 14:00:00+00:00, run_after=2025-12-14 14:00:00+00:00
[2025-12-14T12:05:17.687+0000] {processor.py:183} INFO - Processing /opt/airflow/dags/main.py took 0.178 seconds
[2025-12-14T12:05:47.898+0000] {processor.py:161} INFO - Started process (PID=1327) to work on /opt/airflow/dags/main.py
[2025-12-14T12:05:47.905+0000] {processor.py:830} INFO - Processing file /opt/airflow/dags/main.py for tasks to queue
[2025-12-14T12:05:47.910+0000] {logging_mixin.py:188} INFO - [2025-12-14T12:05:47.910+0000] {dagbag.py:545} INFO - Filling up the DagBag from /opt/airflow/dags/main.py
[2025-12-14T12:05:47.962+0000] {processor.py:840} INFO - DAG(s) 'youtube_video_stats' retrieved from /opt/airflow/dags/main.py
[2025-12-14T12:05:47.990+0000] {logging_mixin.py:188} INFO - [2025-12-14T12:05:47.990+0000] {dag.py:3096} INFO - Sync 1 DAGs
[2025-12-14T12:05:48.014+0000] {logging_mixin.py:188} INFO - [2025-12-14T12:05:48.014+0000] {dag.py:3954} INFO - Setting next_dagrun for youtube_video_stats to 2025-12-13 14:00:00+00:00, run_after=2025-12-14 14:00:00+00:00
[2025-12-14T12:05:48.040+0000] {processor.py:183} INFO - Processing /opt/airflow/dags/main.py took 0.158 seconds
[2025-12-14T12:06:18.142+0000] {processor.py:161} INFO - Started process (PID=1334) to work on /opt/airflow/dags/main.py
[2025-12-14T12:06:18.143+0000] {processor.py:830} INFO - Processing file /opt/airflow/dags/main.py for tasks to queue
[2025-12-14T12:06:18.145+0000] {logging_mixin.py:188} INFO - [2025-12-14T12:06:18.145+0000] {dagbag.py:545} INFO - Filling up the DagBag from /opt/airflow/dags/main.py
[2025-12-14T12:06:18.203+0000] {processor.py:840} INFO - DAG(s) 'youtube_video_stats' retrieved from /opt/airflow/dags/main.py
[2025-12-14T12:06:18.238+0000] {logging_mixin.py:188} INFO - [2025-12-14T12:06:18.238+0000] {dag.py:3096} INFO - Sync 1 DAGs
[2025-12-14T12:06:18.262+0000] {logging_mixin.py:188} INFO - [2025-12-14T12:06:18.262+0000] {dag.py:3954} INFO - Setting next_dagrun for youtube_video_stats to 2025-12-13 14:00:00+00:00, run_after=2025-12-14 14:00:00+00:00
[2025-12-14T12:06:18.283+0000] {processor.py:183} INFO - Processing /opt/airflow/dags/main.py took 0.149 seconds
[2025-12-14T12:06:48.461+0000] {processor.py:161} INFO - Started process (PID=1341) to work on /opt/airflow/dags/main.py
[2025-12-14T12:06:48.462+0000] {processor.py:830} INFO - Processing file /opt/airflow/dags/main.py for tasks to queue
[2025-12-14T12:06:48.463+0000] {logging_mixin.py:188} INFO - [2025-12-14T12:06:48.463+0000] {dagbag.py:545} INFO - Filling up the DagBag from /opt/airflow/dags/main.py
[2025-12-14T12:06:48.499+0000] {processor.py:840} INFO - DAG(s) 'youtube_video_stats' retrieved from /opt/airflow/dags/main.py
[2025-12-14T12:06:48.521+0000] {logging_mixin.py:188} INFO - [2025-12-14T12:06:48.521+0000] {dag.py:3096} INFO - Sync 1 DAGs
[2025-12-14T12:06:48.539+0000] {logging_mixin.py:188} INFO - [2025-12-14T12:06:48.539+0000] {dag.py:3954} INFO - Setting next_dagrun for youtube_video_stats to 2025-12-13 14:00:00+00:00, run_after=2025-12-14 14:00:00+00:00
[2025-12-14T12:06:48.560+0000] {processor.py:183} INFO - Processing /opt/airflow/dags/main.py took 0.104 seconds
[2025-12-14T12:07:18.726+0000] {processor.py:161} INFO - Started process (PID=1348) to work on /opt/airflow/dags/main.py
[2025-12-14T12:07:18.727+0000] {processor.py:830} INFO - Processing file /opt/airflow/dags/main.py for tasks to queue
[2025-12-14T12:07:18.729+0000] {logging_mixin.py:188} INFO - [2025-12-14T12:07:18.729+0000] {dagbag.py:545} INFO - Filling up the DagBag from /opt/airflow/dags/main.py
[2025-12-14T12:07:18.765+0000] {processor.py:840} INFO - DAG(s) 'youtube_video_stats' retrieved from /opt/airflow/dags/main.py
[2025-12-14T12:07:18.787+0000] {logging_mixin.py:188} INFO - [2025-12-14T12:07:18.787+0000] {dag.py:3096} INFO - Sync 1 DAGs
[2025-12-14T12:07:18.807+0000] {logging_mixin.py:188} INFO - [2025-12-14T12:07:18.807+0000] {dag.py:3954} INFO - Setting next_dagrun for youtube_video_stats to 2025-12-13 14:00:00+00:00, run_after=2025-12-14 14:00:00+00:00
[2025-12-14T12:07:18.825+0000] {processor.py:183} INFO - Processing /opt/airflow/dags/main.py took 0.103 seconds
[2025-12-14T12:07:49.050+0000] {processor.py:161} INFO - Started process (PID=1355) to work on /opt/airflow/dags/main.py
[2025-12-14T12:07:49.051+0000] {processor.py:830} INFO - Processing file /opt/airflow/dags/main.py for tasks to queue
[2025-12-14T12:07:49.053+0000] {logging_mixin.py:188} INFO - [2025-12-14T12:07:49.053+0000] {dagbag.py:545} INFO - Filling up the DagBag from /opt/airflow/dags/main.py
[2025-12-14T12:07:49.092+0000] {processor.py:840} INFO - DAG(s) 'youtube_video_stats' retrieved from /opt/airflow/dags/main.py
[2025-12-14T12:07:49.122+0000] {logging_mixin.py:188} INFO - [2025-12-14T12:07:49.121+0000] {dag.py:3096} INFO - Sync 1 DAGs
[2025-12-14T12:07:49.145+0000] {logging_mixin.py:188} INFO - [2025-12-14T12:07:49.145+0000] {dag.py:3954} INFO - Setting next_dagrun for youtube_video_stats to 2025-12-13 14:00:00+00:00, run_after=2025-12-14 14:00:00+00:00
[2025-12-14T12:07:49.171+0000] {processor.py:183} INFO - Processing /opt/airflow/dags/main.py took 0.128 seconds
[2025-12-14T12:08:19.216+0000] {processor.py:161} INFO - Started process (PID=1362) to work on /opt/airflow/dags/main.py
[2025-12-14T12:08:19.217+0000] {processor.py:830} INFO - Processing file /opt/airflow/dags/main.py for tasks to queue
[2025-12-14T12:08:19.219+0000] {logging_mixin.py:188} INFO - [2025-12-14T12:08:19.218+0000] {dagbag.py:545} INFO - Filling up the DagBag from /opt/airflow/dags/main.py
[2025-12-14T12:08:19.259+0000] {processor.py:840} INFO - DAG(s) 'youtube_video_stats' retrieved from /opt/airflow/dags/main.py
[2025-12-14T12:08:19.285+0000] {logging_mixin.py:188} INFO - [2025-12-14T12:08:19.285+0000] {dag.py:3096} INFO - Sync 1 DAGs
[2025-12-14T12:08:19.305+0000] {logging_mixin.py:188} INFO - [2025-12-14T12:08:19.305+0000] {dag.py:3954} INFO - Setting next_dagrun for youtube_video_stats to 2025-12-13 14:00:00+00:00, run_after=2025-12-14 14:00:00+00:00
[2025-12-14T12:08:19.329+0000] {processor.py:183} INFO - Processing /opt/airflow/dags/main.py took 0.119 seconds
[2025-12-14T12:08:49.506+0000] {processor.py:161} INFO - Started process (PID=1369) to work on /opt/airflow/dags/main.py
[2025-12-14T12:08:49.507+0000] {processor.py:830} INFO - Processing file /opt/airflow/dags/main.py for tasks to queue
[2025-12-14T12:08:49.508+0000] {logging_mixin.py:188} INFO - [2025-12-14T12:08:49.508+0000] {dagbag.py:545} INFO - Filling up the DagBag from /opt/airflow/dags/main.py
[2025-12-14T12:08:49.548+0000] {processor.py:840} INFO - DAG(s) 'youtube_video_stats' retrieved from /opt/airflow/dags/main.py
[2025-12-14T12:08:49.573+0000] {logging_mixin.py:188} INFO - [2025-12-14T12:08:49.572+0000] {dag.py:3096} INFO - Sync 1 DAGs
[2025-12-14T12:08:49.591+0000] {logging_mixin.py:188} INFO - [2025-12-14T12:08:49.591+0000] {dag.py:3954} INFO - Setting next_dagrun for youtube_video_stats to 2025-12-13 14:00:00+00:00, run_after=2025-12-14 14:00:00+00:00
[2025-12-14T12:08:49.608+0000] {processor.py:183} INFO - Processing /opt/airflow/dags/main.py took 0.107 seconds
[2025-12-14T12:09:19.743+0000] {processor.py:161} INFO - Started process (PID=1376) to work on /opt/airflow/dags/main.py
[2025-12-14T12:09:19.745+0000] {processor.py:830} INFO - Processing file /opt/airflow/dags/main.py for tasks to queue
[2025-12-14T12:09:19.746+0000] {logging_mixin.py:188} INFO - [2025-12-14T12:09:19.746+0000] {dagbag.py:545} INFO - Filling up the DagBag from /opt/airflow/dags/main.py
[2025-12-14T12:09:19.784+0000] {processor.py:840} INFO - DAG(s) 'youtube_video_stats' retrieved from /opt/airflow/dags/main.py
[2025-12-14T12:09:19.808+0000] {logging_mixin.py:188} INFO - [2025-12-14T12:09:19.808+0000] {dag.py:3096} INFO - Sync 1 DAGs
[2025-12-14T12:09:19.829+0000] {logging_mixin.py:188} INFO - [2025-12-14T12:09:19.829+0000] {dag.py:3954} INFO - Setting next_dagrun for youtube_video_stats to 2025-12-13 14:00:00+00:00, run_after=2025-12-14 14:00:00+00:00
[2025-12-14T12:09:19.849+0000] {processor.py:183} INFO - Processing /opt/airflow/dags/main.py took 0.112 seconds
[2025-12-14T12:09:49.967+0000] {processor.py:161} INFO - Started process (PID=1383) to work on /opt/airflow/dags/main.py
[2025-12-14T12:09:49.968+0000] {processor.py:830} INFO - Processing file /opt/airflow/dags/main.py for tasks to queue
[2025-12-14T12:09:49.971+0000] {logging_mixin.py:188} INFO - [2025-12-14T12:09:49.971+0000] {dagbag.py:545} INFO - Filling up the DagBag from /opt/airflow/dags/main.py
[2025-12-14T12:09:50.022+0000] {processor.py:840} INFO - DAG(s) 'youtube_video_stats' retrieved from /opt/airflow/dags/main.py
[2025-12-14T12:09:50.056+0000] {logging_mixin.py:188} INFO - [2025-12-14T12:09:50.055+0000] {dag.py:3096} INFO - Sync 1 DAGs
[2025-12-14T12:09:50.096+0000] {logging_mixin.py:188} INFO - [2025-12-14T12:09:50.096+0000] {dag.py:3954} INFO - Setting next_dagrun for youtube_video_stats to 2025-12-13 14:00:00+00:00, run_after=2025-12-14 14:00:00+00:00
[2025-12-14T12:09:50.127+0000] {processor.py:183} INFO - Processing /opt/airflow/dags/main.py took 0.168 seconds
[2025-12-14T12:10:20.223+0000] {processor.py:161} INFO - Started process (PID=1390) to work on /opt/airflow/dags/main.py
[2025-12-14T12:10:20.224+0000] {processor.py:830} INFO - Processing file /opt/airflow/dags/main.py for tasks to queue
[2025-12-14T12:10:20.226+0000] {logging_mixin.py:188} INFO - [2025-12-14T12:10:20.226+0000] {dagbag.py:545} INFO - Filling up the DagBag from /opt/airflow/dags/main.py
[2025-12-14T12:10:20.265+0000] {processor.py:840} INFO - DAG(s) 'youtube_video_stats' retrieved from /opt/airflow/dags/main.py
[2025-12-14T12:10:20.290+0000] {logging_mixin.py:188} INFO - [2025-12-14T12:10:20.290+0000] {dag.py:3096} INFO - Sync 1 DAGs
[2025-12-14T12:10:20.313+0000] {logging_mixin.py:188} INFO - [2025-12-14T12:10:20.313+0000] {dag.py:3954} INFO - Setting next_dagrun for youtube_video_stats to 2025-12-13 14:00:00+00:00, run_after=2025-12-14 14:00:00+00:00
[2025-12-14T12:10:20.331+0000] {processor.py:183} INFO - Processing /opt/airflow/dags/main.py took 0.116 seconds
[2025-12-14T12:10:50.504+0000] {processor.py:161} INFO - Started process (PID=1397) to work on /opt/airflow/dags/main.py
[2025-12-14T12:10:50.506+0000] {processor.py:830} INFO - Processing file /opt/airflow/dags/main.py for tasks to queue
[2025-12-14T12:10:50.507+0000] {logging_mixin.py:188} INFO - [2025-12-14T12:10:50.507+0000] {dagbag.py:545} INFO - Filling up the DagBag from /opt/airflow/dags/main.py
[2025-12-14T12:10:50.553+0000] {processor.py:840} INFO - DAG(s) 'youtube_video_stats' retrieved from /opt/airflow/dags/main.py
[2025-12-14T12:10:50.579+0000] {logging_mixin.py:188} INFO - [2025-12-14T12:10:50.579+0000] {dag.py:3096} INFO - Sync 1 DAGs
[2025-12-14T12:10:50.599+0000] {logging_mixin.py:188} INFO - [2025-12-14T12:10:50.599+0000] {dag.py:3954} INFO - Setting next_dagrun for youtube_video_stats to 2025-12-13 14:00:00+00:00, run_after=2025-12-14 14:00:00+00:00
[2025-12-14T12:10:50.620+0000] {processor.py:183} INFO - Processing /opt/airflow/dags/main.py took 0.121 seconds
[2025-12-14T12:11:20.732+0000] {processor.py:161} INFO - Started process (PID=1404) to work on /opt/airflow/dags/main.py
[2025-12-14T12:11:20.733+0000] {processor.py:830} INFO - Processing file /opt/airflow/dags/main.py for tasks to queue
[2025-12-14T12:11:20.735+0000] {logging_mixin.py:188} INFO - [2025-12-14T12:11:20.735+0000] {dagbag.py:545} INFO - Filling up the DagBag from /opt/airflow/dags/main.py
[2025-12-14T12:11:20.776+0000] {processor.py:840} INFO - DAG(s) 'youtube_video_stats' retrieved from /opt/airflow/dags/main.py
[2025-12-14T12:11:20.804+0000] {logging_mixin.py:188} INFO - [2025-12-14T12:11:20.804+0000] {dag.py:3096} INFO - Sync 1 DAGs
[2025-12-14T12:11:20.826+0000] {logging_mixin.py:188} INFO - [2025-12-14T12:11:20.826+0000] {dag.py:3954} INFO - Setting next_dagrun for youtube_video_stats to 2025-12-13 14:00:00+00:00, run_after=2025-12-14 14:00:00+00:00
[2025-12-14T12:11:20.844+0000] {processor.py:183} INFO - Processing /opt/airflow/dags/main.py took 0.118 seconds
[2025-12-14T12:11:50.993+0000] {processor.py:161} INFO - Started process (PID=1411) to work on /opt/airflow/dags/main.py
[2025-12-14T12:11:50.995+0000] {processor.py:830} INFO - Processing file /opt/airflow/dags/main.py for tasks to queue
[2025-12-14T12:11:51.004+0000] {logging_mixin.py:188} INFO - [2025-12-14T12:11:50.998+0000] {dagbag.py:545} INFO - Filling up the DagBag from /opt/airflow/dags/main.py
[2025-12-14T12:11:51.088+0000] {processor.py:840} INFO - DAG(s) 'youtube_video_stats' retrieved from /opt/airflow/dags/main.py
[2025-12-14T12:11:51.139+0000] {logging_mixin.py:188} INFO - [2025-12-14T12:11:51.139+0000] {dag.py:3096} INFO - Sync 1 DAGs
[2025-12-14T12:11:51.171+0000] {logging_mixin.py:188} INFO - [2025-12-14T12:11:51.170+0000] {dag.py:3954} INFO - Setting next_dagrun for youtube_video_stats to 2025-12-13 14:00:00+00:00, run_after=2025-12-14 14:00:00+00:00
[2025-12-14T12:11:51.194+0000] {processor.py:183} INFO - Processing /opt/airflow/dags/main.py took 0.209 seconds
[2025-12-14T12:12:21.271+0000] {processor.py:161} INFO - Started process (PID=1418) to work on /opt/airflow/dags/main.py
[2025-12-14T12:12:21.273+0000] {processor.py:830} INFO - Processing file /opt/airflow/dags/main.py for tasks to queue
[2025-12-14T12:12:21.277+0000] {logging_mixin.py:188} INFO - [2025-12-14T12:12:21.276+0000] {dagbag.py:545} INFO - Filling up the DagBag from /opt/airflow/dags/main.py
[2025-12-14T12:12:21.426+0000] {processor.py:840} INFO - DAG(s) 'youtube_video_stats' retrieved from /opt/airflow/dags/main.py
[2025-12-14T12:12:21.521+0000] {logging_mixin.py:188} INFO - [2025-12-14T12:12:21.521+0000] {dag.py:3096} INFO - Sync 1 DAGs
[2025-12-14T12:12:21.614+0000] {logging_mixin.py:188} INFO - [2025-12-14T12:12:21.614+0000] {dag.py:3954} INFO - Setting next_dagrun for youtube_video_stats to 2025-12-13 14:00:00+00:00, run_after=2025-12-14 14:00:00+00:00
[2025-12-14T12:12:21.733+0000] {processor.py:183} INFO - Processing /opt/airflow/dags/main.py took 0.480 seconds
[2025-12-14T12:12:52.453+0000] {processor.py:161} INFO - Started process (PID=1425) to work on /opt/airflow/dags/main.py
[2025-12-14T12:12:52.454+0000] {processor.py:830} INFO - Processing file /opt/airflow/dags/main.py for tasks to queue
[2025-12-14T12:12:52.457+0000] {logging_mixin.py:188} INFO - [2025-12-14T12:12:52.456+0000] {dagbag.py:545} INFO - Filling up the DagBag from /opt/airflow/dags/main.py
[2025-12-14T12:12:52.516+0000] {processor.py:840} INFO - DAG(s) 'youtube_video_stats' retrieved from /opt/airflow/dags/main.py
[2025-12-14T12:12:52.551+0000] {logging_mixin.py:188} INFO - [2025-12-14T12:12:52.550+0000] {dag.py:3096} INFO - Sync 1 DAGs
[2025-12-14T12:12:52.592+0000] {logging_mixin.py:188} INFO - [2025-12-14T12:12:52.592+0000] {dag.py:3954} INFO - Setting next_dagrun for youtube_video_stats to 2025-12-13 14:00:00+00:00, run_after=2025-12-14 14:00:00+00:00
[2025-12-14T12:12:52.633+0000] {processor.py:183} INFO - Processing /opt/airflow/dags/main.py took 0.193 seconds
[2025-12-14T12:13:22.834+0000] {processor.py:161} INFO - Started process (PID=1432) to work on /opt/airflow/dags/main.py
[2025-12-14T12:13:22.835+0000] {processor.py:830} INFO - Processing file /opt/airflow/dags/main.py for tasks to queue
[2025-12-14T12:13:22.845+0000] {logging_mixin.py:188} INFO - [2025-12-14T12:13:22.844+0000] {dagbag.py:545} INFO - Filling up the DagBag from /opt/airflow/dags/main.py
[2025-12-14T12:13:22.908+0000] {processor.py:840} INFO - DAG(s) 'youtube_video_stats' retrieved from /opt/airflow/dags/main.py
[2025-12-14T12:13:22.949+0000] {logging_mixin.py:188} INFO - [2025-12-14T12:13:22.949+0000] {dag.py:3096} INFO - Sync 1 DAGs
[2025-12-14T12:13:22.986+0000] {logging_mixin.py:188} INFO - [2025-12-14T12:13:22.985+0000] {dag.py:3954} INFO - Setting next_dagrun for youtube_video_stats to 2025-12-13 14:00:00+00:00, run_after=2025-12-14 14:00:00+00:00
[2025-12-14T12:13:23.014+0000] {processor.py:183} INFO - Processing /opt/airflow/dags/main.py took 0.189 seconds
[2025-12-14T12:13:53.202+0000] {processor.py:161} INFO - Started process (PID=1439) to work on /opt/airflow/dags/main.py
[2025-12-14T12:13:53.203+0000] {processor.py:830} INFO - Processing file /opt/airflow/dags/main.py for tasks to queue
[2025-12-14T12:13:53.205+0000] {logging_mixin.py:188} INFO - [2025-12-14T12:13:53.204+0000] {dagbag.py:545} INFO - Filling up the DagBag from /opt/airflow/dags/main.py
[2025-12-14T12:13:53.249+0000] {processor.py:840} INFO - DAG(s) 'youtube_video_stats' retrieved from /opt/airflow/dags/main.py
[2025-12-14T12:13:53.279+0000] {logging_mixin.py:188} INFO - [2025-12-14T12:13:53.279+0000] {dag.py:3096} INFO - Sync 1 DAGs
[2025-12-14T12:13:53.302+0000] {logging_mixin.py:188} INFO - [2025-12-14T12:13:53.302+0000] {dag.py:3954} INFO - Setting next_dagrun for youtube_video_stats to 2025-12-13 14:00:00+00:00, run_after=2025-12-14 14:00:00+00:00
[2025-12-14T12:13:53.325+0000] {processor.py:183} INFO - Processing /opt/airflow/dags/main.py took 0.130 seconds
[2025-12-14T12:14:23.393+0000] {processor.py:161} INFO - Started process (PID=1446) to work on /opt/airflow/dags/main.py
[2025-12-14T12:14:23.394+0000] {processor.py:830} INFO - Processing file /opt/airflow/dags/main.py for tasks to queue
[2025-12-14T12:14:23.395+0000] {logging_mixin.py:188} INFO - [2025-12-14T12:14:23.395+0000] {dagbag.py:545} INFO - Filling up the DagBag from /opt/airflow/dags/main.py
[2025-12-14T12:14:23.432+0000] {processor.py:840} INFO - DAG(s) 'youtube_video_stats' retrieved from /opt/airflow/dags/main.py
[2025-12-14T12:14:23.457+0000] {logging_mixin.py:188} INFO - [2025-12-14T12:14:23.457+0000] {dag.py:3096} INFO - Sync 1 DAGs
[2025-12-14T12:14:23.477+0000] {logging_mixin.py:188} INFO - [2025-12-14T12:14:23.477+0000] {dag.py:3954} INFO - Setting next_dagrun for youtube_video_stats to 2025-12-13 14:00:00+00:00, run_after=2025-12-14 14:00:00+00:00
[2025-12-14T12:14:23.496+0000] {processor.py:183} INFO - Processing /opt/airflow/dags/main.py took 0.108 seconds
[2025-12-14T12:14:53.716+0000] {processor.py:161} INFO - Started process (PID=1453) to work on /opt/airflow/dags/main.py
[2025-12-14T12:14:53.717+0000] {processor.py:830} INFO - Processing file /opt/airflow/dags/main.py for tasks to queue
[2025-12-14T12:14:53.719+0000] {logging_mixin.py:188} INFO - [2025-12-14T12:14:53.719+0000] {dagbag.py:545} INFO - Filling up the DagBag from /opt/airflow/dags/main.py
[2025-12-14T12:14:53.757+0000] {processor.py:840} INFO - DAG(s) 'youtube_video_stats' retrieved from /opt/airflow/dags/main.py
[2025-12-14T12:14:53.780+0000] {logging_mixin.py:188} INFO - [2025-12-14T12:14:53.780+0000] {dag.py:3096} INFO - Sync 1 DAGs
[2025-12-14T12:14:53.800+0000] {logging_mixin.py:188} INFO - [2025-12-14T12:14:53.800+0000] {dag.py:3954} INFO - Setting next_dagrun for youtube_video_stats to 2025-12-13 14:00:00+00:00, run_after=2025-12-14 14:00:00+00:00
[2025-12-14T12:14:53.821+0000] {processor.py:183} INFO - Processing /opt/airflow/dags/main.py took 0.110 seconds
[2025-12-14T12:15:23.961+0000] {processor.py:161} INFO - Started process (PID=1460) to work on /opt/airflow/dags/main.py
[2025-12-14T12:15:23.962+0000] {processor.py:830} INFO - Processing file /opt/airflow/dags/main.py for tasks to queue
[2025-12-14T12:15:23.966+0000] {logging_mixin.py:188} INFO - [2025-12-14T12:15:23.965+0000] {dagbag.py:545} INFO - Filling up the DagBag from /opt/airflow/dags/main.py
[2025-12-14T12:15:24.001+0000] {processor.py:840} INFO - DAG(s) 'youtube_video_stats' retrieved from /opt/airflow/dags/main.py
[2025-12-14T12:15:24.022+0000] {logging_mixin.py:188} INFO - [2025-12-14T12:15:24.022+0000] {dag.py:3096} INFO - Sync 1 DAGs
[2025-12-14T12:15:24.040+0000] {logging_mixin.py:188} INFO - [2025-12-14T12:15:24.040+0000] {dag.py:3954} INFO - Setting next_dagrun for youtube_video_stats to 2025-12-13 14:00:00+00:00, run_after=2025-12-14 14:00:00+00:00
[2025-12-14T12:15:24.060+0000] {processor.py:183} INFO - Processing /opt/airflow/dags/main.py took 0.106 seconds
[2025-12-14T12:15:54.179+0000] {processor.py:161} INFO - Started process (PID=1467) to work on /opt/airflow/dags/main.py
[2025-12-14T12:15:54.180+0000] {processor.py:830} INFO - Processing file /opt/airflow/dags/main.py for tasks to queue
[2025-12-14T12:15:54.181+0000] {logging_mixin.py:188} INFO - [2025-12-14T12:15:54.181+0000] {dagbag.py:545} INFO - Filling up the DagBag from /opt/airflow/dags/main.py
[2025-12-14T12:15:54.215+0000] {processor.py:840} INFO - DAG(s) 'youtube_video_stats' retrieved from /opt/airflow/dags/main.py
[2025-12-14T12:15:54.245+0000] {logging_mixin.py:188} INFO - [2025-12-14T12:15:54.244+0000] {dag.py:3096} INFO - Sync 1 DAGs
[2025-12-14T12:15:54.266+0000] {logging_mixin.py:188} INFO - [2025-12-14T12:15:54.266+0000] {dag.py:3954} INFO - Setting next_dagrun for youtube_video_stats to 2025-12-13 14:00:00+00:00, run_after=2025-12-14 14:00:00+00:00
[2025-12-14T12:15:54.286+0000] {processor.py:183} INFO - Processing /opt/airflow/dags/main.py took 0.116 seconds
[2025-12-14T12:16:24.509+0000] {processor.py:161} INFO - Started process (PID=1474) to work on /opt/airflow/dags/main.py
[2025-12-14T12:16:24.510+0000] {processor.py:830} INFO - Processing file /opt/airflow/dags/main.py for tasks to queue
[2025-12-14T12:16:24.512+0000] {logging_mixin.py:188} INFO - [2025-12-14T12:16:24.512+0000] {dagbag.py:545} INFO - Filling up the DagBag from /opt/airflow/dags/main.py
[2025-12-14T12:16:24.554+0000] {processor.py:840} INFO - DAG(s) 'youtube_video_stats' retrieved from /opt/airflow/dags/main.py
[2025-12-14T12:16:24.578+0000] {logging_mixin.py:188} INFO - [2025-12-14T12:16:24.578+0000] {dag.py:3096} INFO - Sync 1 DAGs
[2025-12-14T12:16:24.598+0000] {logging_mixin.py:188} INFO - [2025-12-14T12:16:24.597+0000] {dag.py:3954} INFO - Setting next_dagrun for youtube_video_stats to 2025-12-13 14:00:00+00:00, run_after=2025-12-14 14:00:00+00:00
[2025-12-14T12:16:24.626+0000] {processor.py:183} INFO - Processing /opt/airflow/dags/main.py took 0.122 seconds
[2025-12-14T12:16:54.734+0000] {processor.py:161} INFO - Started process (PID=1481) to work on /opt/airflow/dags/main.py
[2025-12-14T12:16:54.735+0000] {processor.py:830} INFO - Processing file /opt/airflow/dags/main.py for tasks to queue
[2025-12-14T12:16:54.737+0000] {logging_mixin.py:188} INFO - [2025-12-14T12:16:54.737+0000] {dagbag.py:545} INFO - Filling up the DagBag from /opt/airflow/dags/main.py
[2025-12-14T12:16:54.781+0000] {processor.py:840} INFO - DAG(s) 'youtube_video_stats' retrieved from /opt/airflow/dags/main.py
[2025-12-14T12:16:54.805+0000] {logging_mixin.py:188} INFO - [2025-12-14T12:16:54.804+0000] {dag.py:3096} INFO - Sync 1 DAGs
[2025-12-14T12:16:54.824+0000] {logging_mixin.py:188} INFO - [2025-12-14T12:16:54.823+0000] {dag.py:3954} INFO - Setting next_dagrun for youtube_video_stats to 2025-12-13 14:00:00+00:00, run_after=2025-12-14 14:00:00+00:00
[2025-12-14T12:16:54.842+0000] {processor.py:183} INFO - Processing /opt/airflow/dags/main.py took 0.115 seconds
[2025-12-14T12:17:25.064+0000] {processor.py:161} INFO - Started process (PID=1488) to work on /opt/airflow/dags/main.py
[2025-12-14T12:17:25.065+0000] {processor.py:830} INFO - Processing file /opt/airflow/dags/main.py for tasks to queue
[2025-12-14T12:17:25.067+0000] {logging_mixin.py:188} INFO - [2025-12-14T12:17:25.067+0000] {dagbag.py:545} INFO - Filling up the DagBag from /opt/airflow/dags/main.py
[2025-12-14T12:17:25.106+0000] {processor.py:840} INFO - DAG(s) 'youtube_video_stats' retrieved from /opt/airflow/dags/main.py
[2025-12-14T12:17:25.129+0000] {logging_mixin.py:188} INFO - [2025-12-14T12:17:25.129+0000] {dag.py:3096} INFO - Sync 1 DAGs
[2025-12-14T12:17:25.147+0000] {logging_mixin.py:188} INFO - [2025-12-14T12:17:25.147+0000] {dag.py:3954} INFO - Setting next_dagrun for youtube_video_stats to 2025-12-13 14:00:00+00:00, run_after=2025-12-14 14:00:00+00:00
[2025-12-14T12:17:25.170+0000] {processor.py:183} INFO - Processing /opt/airflow/dags/main.py took 0.111 seconds
[2025-12-14T12:17:55.294+0000] {processor.py:161} INFO - Started process (PID=1495) to work on /opt/airflow/dags/main.py
[2025-12-14T12:17:55.296+0000] {processor.py:830} INFO - Processing file /opt/airflow/dags/main.py for tasks to queue
[2025-12-14T12:17:55.297+0000] {logging_mixin.py:188} INFO - [2025-12-14T12:17:55.297+0000] {dagbag.py:545} INFO - Filling up the DagBag from /opt/airflow/dags/main.py
[2025-12-14T12:17:55.332+0000] {processor.py:840} INFO - DAG(s) 'youtube_video_stats' retrieved from /opt/airflow/dags/main.py
[2025-12-14T12:17:55.360+0000] {logging_mixin.py:188} INFO - [2025-12-14T12:17:55.359+0000] {dag.py:3096} INFO - Sync 1 DAGs
[2025-12-14T12:17:55.379+0000] {logging_mixin.py:188} INFO - [2025-12-14T12:17:55.379+0000] {dag.py:3954} INFO - Setting next_dagrun for youtube_video_stats to 2025-12-13 14:00:00+00:00, run_after=2025-12-14 14:00:00+00:00
[2025-12-14T12:17:55.395+0000] {processor.py:183} INFO - Processing /opt/airflow/dags/main.py took 0.106 seconds
[2025-12-14T12:18:25.628+0000] {processor.py:161} INFO - Started process (PID=1502) to work on /opt/airflow/dags/main.py
[2025-12-14T12:18:25.629+0000] {processor.py:830} INFO - Processing file /opt/airflow/dags/main.py for tasks to queue
[2025-12-14T12:18:25.631+0000] {logging_mixin.py:188} INFO - [2025-12-14T12:18:25.631+0000] {dagbag.py:545} INFO - Filling up the DagBag from /opt/airflow/dags/main.py
[2025-12-14T12:18:25.662+0000] {processor.py:840} INFO - DAG(s) 'youtube_video_stats' retrieved from /opt/airflow/dags/main.py
[2025-12-14T12:18:25.684+0000] {logging_mixin.py:188} INFO - [2025-12-14T12:18:25.684+0000] {dag.py:3096} INFO - Sync 1 DAGs
[2025-12-14T12:18:25.702+0000] {logging_mixin.py:188} INFO - [2025-12-14T12:18:25.701+0000] {dag.py:3954} INFO - Setting next_dagrun for youtube_video_stats to 2025-12-13 14:00:00+00:00, run_after=2025-12-14 14:00:00+00:00
[2025-12-14T12:18:25.720+0000] {processor.py:183} INFO - Processing /opt/airflow/dags/main.py took 0.097 seconds
[2025-12-14T12:18:55.861+0000] {processor.py:161} INFO - Started process (PID=1510) to work on /opt/airflow/dags/main.py
[2025-12-14T12:18:55.862+0000] {processor.py:830} INFO - Processing file /opt/airflow/dags/main.py for tasks to queue
[2025-12-14T12:18:55.864+0000] {logging_mixin.py:188} INFO - [2025-12-14T12:18:55.864+0000] {dagbag.py:545} INFO - Filling up the DagBag from /opt/airflow/dags/main.py
[2025-12-14T12:18:55.898+0000] {processor.py:840} INFO - DAG(s) 'youtube_video_stats' retrieved from /opt/airflow/dags/main.py
[2025-12-14T12:18:55.920+0000] {logging_mixin.py:188} INFO - [2025-12-14T12:18:55.920+0000] {dag.py:3096} INFO - Sync 1 DAGs
[2025-12-14T12:18:55.939+0000] {logging_mixin.py:188} INFO - [2025-12-14T12:18:55.938+0000] {dag.py:3954} INFO - Setting next_dagrun for youtube_video_stats to 2025-12-13 14:00:00+00:00, run_after=2025-12-14 14:00:00+00:00
[2025-12-14T12:18:55.960+0000] {processor.py:183} INFO - Processing /opt/airflow/dags/main.py took 0.104 seconds
[2025-12-14T12:19:26.133+0000] {processor.py:161} INFO - Started process (PID=1517) to work on /opt/airflow/dags/main.py
[2025-12-14T12:19:26.135+0000] {processor.py:830} INFO - Processing file /opt/airflow/dags/main.py for tasks to queue
[2025-12-14T12:19:26.136+0000] {logging_mixin.py:188} INFO - [2025-12-14T12:19:26.136+0000] {dagbag.py:545} INFO - Filling up the DagBag from /opt/airflow/dags/main.py
[2025-12-14T12:19:26.172+0000] {processor.py:840} INFO - DAG(s) 'youtube_video_stats' retrieved from /opt/airflow/dags/main.py
[2025-12-14T12:19:26.194+0000] {logging_mixin.py:188} INFO - [2025-12-14T12:19:26.193+0000] {dag.py:3096} INFO - Sync 1 DAGs
[2025-12-14T12:19:26.213+0000] {logging_mixin.py:188} INFO - [2025-12-14T12:19:26.213+0000] {dag.py:3954} INFO - Setting next_dagrun for youtube_video_stats to 2025-12-13 14:00:00+00:00, run_after=2025-12-14 14:00:00+00:00
[2025-12-14T12:19:26.229+0000] {processor.py:183} INFO - Processing /opt/airflow/dags/main.py took 0.101 seconds
[2025-12-14T12:19:56.315+0000] {processor.py:161} INFO - Started process (PID=1524) to work on /opt/airflow/dags/main.py
[2025-12-14T12:19:56.316+0000] {processor.py:830} INFO - Processing file /opt/airflow/dags/main.py for tasks to queue
[2025-12-14T12:19:56.318+0000] {logging_mixin.py:188} INFO - [2025-12-14T12:19:56.318+0000] {dagbag.py:545} INFO - Filling up the DagBag from /opt/airflow/dags/main.py
[2025-12-14T12:19:56.352+0000] {processor.py:840} INFO - DAG(s) 'youtube_video_stats' retrieved from /opt/airflow/dags/main.py
[2025-12-14T12:19:56.375+0000] {logging_mixin.py:188} INFO - [2025-12-14T12:19:56.375+0000] {dag.py:3096} INFO - Sync 1 DAGs
[2025-12-14T12:19:56.393+0000] {logging_mixin.py:188} INFO - [2025-12-14T12:19:56.393+0000] {dag.py:3954} INFO - Setting next_dagrun for youtube_video_stats to 2025-12-13 14:00:00+00:00, run_after=2025-12-14 14:00:00+00:00
[2025-12-14T12:19:56.408+0000] {processor.py:183} INFO - Processing /opt/airflow/dags/main.py took 0.097 seconds
[2025-12-14T12:20:26.672+0000] {processor.py:161} INFO - Started process (PID=1531) to work on /opt/airflow/dags/main.py
[2025-12-14T12:20:26.673+0000] {processor.py:830} INFO - Processing file /opt/airflow/dags/main.py for tasks to queue
[2025-12-14T12:20:26.675+0000] {logging_mixin.py:188} INFO - [2025-12-14T12:20:26.674+0000] {dagbag.py:545} INFO - Filling up the DagBag from /opt/airflow/dags/main.py
[2025-12-14T12:20:26.711+0000] {processor.py:840} INFO - DAG(s) 'youtube_video_stats' retrieved from /opt/airflow/dags/main.py
[2025-12-14T12:20:26.734+0000] {logging_mixin.py:188} INFO - [2025-12-14T12:20:26.734+0000] {dag.py:3096} INFO - Sync 1 DAGs
[2025-12-14T12:20:26.752+0000] {logging_mixin.py:188} INFO - [2025-12-14T12:20:26.752+0000] {dag.py:3954} INFO - Setting next_dagrun for youtube_video_stats to 2025-12-13 14:00:00+00:00, run_after=2025-12-14 14:00:00+00:00
[2025-12-14T12:20:26.766+0000] {processor.py:183} INFO - Processing /opt/airflow/dags/main.py took 0.100 seconds
[2025-12-14T12:20:56.896+0000] {processor.py:161} INFO - Started process (PID=1538) to work on /opt/airflow/dags/main.py
[2025-12-14T12:20:56.897+0000] {processor.py:830} INFO - Processing file /opt/airflow/dags/main.py for tasks to queue
[2025-12-14T12:20:56.899+0000] {logging_mixin.py:188} INFO - [2025-12-14T12:20:56.899+0000] {dagbag.py:545} INFO - Filling up the DagBag from /opt/airflow/dags/main.py
[2025-12-14T12:20:56.937+0000] {processor.py:840} INFO - DAG(s) 'youtube_video_stats' retrieved from /opt/airflow/dags/main.py
[2025-12-14T12:20:56.963+0000] {logging_mixin.py:188} INFO - [2025-12-14T12:20:56.962+0000] {dag.py:3096} INFO - Sync 1 DAGs
[2025-12-14T12:20:56.981+0000] {logging_mixin.py:188} INFO - [2025-12-14T12:20:56.981+0000] {dag.py:3954} INFO - Setting next_dagrun for youtube_video_stats to 2025-12-13 14:00:00+00:00, run_after=2025-12-14 14:00:00+00:00
[2025-12-14T12:20:56.996+0000] {processor.py:183} INFO - Processing /opt/airflow/dags/main.py took 0.105 seconds
[2025-12-14T12:21:27.143+0000] {processor.py:161} INFO - Started process (PID=1545) to work on /opt/airflow/dags/main.py
[2025-12-14T12:21:27.144+0000] {processor.py:830} INFO - Processing file /opt/airflow/dags/main.py for tasks to queue
[2025-12-14T12:21:27.146+0000] {logging_mixin.py:188} INFO - [2025-12-14T12:21:27.146+0000] {dagbag.py:545} INFO - Filling up the DagBag from /opt/airflow/dags/main.py
[2025-12-14T12:21:27.196+0000] {processor.py:840} INFO - DAG(s) 'youtube_video_stats' retrieved from /opt/airflow/dags/main.py
[2025-12-14T12:21:27.226+0000] {logging_mixin.py:188} INFO - [2025-12-14T12:21:27.226+0000] {dag.py:3096} INFO - Sync 1 DAGs
[2025-12-14T12:21:27.252+0000] {logging_mixin.py:188} INFO - [2025-12-14T12:21:27.252+0000] {dag.py:3954} INFO - Setting next_dagrun for youtube_video_stats to 2025-12-13 14:00:00+00:00, run_after=2025-12-14 14:00:00+00:00
[2025-12-14T12:21:27.275+0000] {processor.py:183} INFO - Processing /opt/airflow/dags/main.py took 0.138 seconds
[2025-12-14T12:21:57.342+0000] {processor.py:161} INFO - Started process (PID=1552) to work on /opt/airflow/dags/main.py
[2025-12-14T12:21:57.344+0000] {processor.py:830} INFO - Processing file /opt/airflow/dags/main.py for tasks to queue
[2025-12-14T12:21:57.346+0000] {logging_mixin.py:188} INFO - [2025-12-14T12:21:57.345+0000] {dagbag.py:545} INFO - Filling up the DagBag from /opt/airflow/dags/main.py
[2025-12-14T12:21:57.400+0000] {processor.py:840} INFO - DAG(s) 'youtube_video_stats' retrieved from /opt/airflow/dags/main.py
[2025-12-14T12:21:57.437+0000] {logging_mixin.py:188} INFO - [2025-12-14T12:21:57.436+0000] {dag.py:3096} INFO - Sync 1 DAGs
[2025-12-14T12:21:57.463+0000] {logging_mixin.py:188} INFO - [2025-12-14T12:21:57.463+0000] {dag.py:3954} INFO - Setting next_dagrun for youtube_video_stats to 2025-12-13 14:00:00+00:00, run_after=2025-12-14 14:00:00+00:00
[2025-12-14T12:21:57.486+0000] {processor.py:183} INFO - Processing /opt/airflow/dags/main.py took 0.152 seconds
[2025-12-14T12:22:27.615+0000] {processor.py:161} INFO - Started process (PID=1559) to work on /opt/airflow/dags/main.py
[2025-12-14T12:22:27.617+0000] {processor.py:830} INFO - Processing file /opt/airflow/dags/main.py for tasks to queue
[2025-12-14T12:22:27.623+0000] {logging_mixin.py:188} INFO - [2025-12-14T12:22:27.623+0000] {dagbag.py:545} INFO - Filling up the DagBag from /opt/airflow/dags/main.py
[2025-12-14T12:22:27.677+0000] {processor.py:840} INFO - DAG(s) 'youtube_video_stats' retrieved from /opt/airflow/dags/main.py
[2025-12-14T12:22:27.712+0000] {logging_mixin.py:188} INFO - [2025-12-14T12:22:27.711+0000] {dag.py:3096} INFO - Sync 1 DAGs
[2025-12-14T12:22:27.737+0000] {logging_mixin.py:188} INFO - [2025-12-14T12:22:27.736+0000] {dag.py:3954} INFO - Setting next_dagrun for youtube_video_stats to 2025-12-13 14:00:00+00:00, run_after=2025-12-14 14:00:00+00:00
[2025-12-14T12:22:27.753+0000] {processor.py:183} INFO - Processing /opt/airflow/dags/main.py took 0.145 seconds
[2025-12-14T12:22:57.858+0000] {processor.py:161} INFO - Started process (PID=1566) to work on /opt/airflow/dags/main.py
[2025-12-14T12:22:57.859+0000] {processor.py:830} INFO - Processing file /opt/airflow/dags/main.py for tasks to queue
[2025-12-14T12:22:57.861+0000] {logging_mixin.py:188} INFO - [2025-12-14T12:22:57.861+0000] {dagbag.py:545} INFO - Filling up the DagBag from /opt/airflow/dags/main.py
[2025-12-14T12:22:57.904+0000] {processor.py:840} INFO - DAG(s) 'youtube_video_stats' retrieved from /opt/airflow/dags/main.py
[2025-12-14T12:22:57.926+0000] {logging_mixin.py:188} INFO - [2025-12-14T12:22:57.926+0000] {dag.py:3096} INFO - Sync 1 DAGs
[2025-12-14T12:22:57.944+0000] {logging_mixin.py:188} INFO - [2025-12-14T12:22:57.944+0000] {dag.py:3954} INFO - Setting next_dagrun for youtube_video_stats to 2025-12-13 14:00:00+00:00, run_after=2025-12-14 14:00:00+00:00
[2025-12-14T12:22:57.962+0000] {processor.py:183} INFO - Processing /opt/airflow/dags/main.py took 0.109 seconds
[2025-12-14T12:23:28.076+0000] {processor.py:161} INFO - Started process (PID=1573) to work on /opt/airflow/dags/main.py
[2025-12-14T12:23:28.077+0000] {processor.py:830} INFO - Processing file /opt/airflow/dags/main.py for tasks to queue
[2025-12-14T12:23:28.079+0000] {logging_mixin.py:188} INFO - [2025-12-14T12:23:28.079+0000] {dagbag.py:545} INFO - Filling up the DagBag from /opt/airflow/dags/main.py
[2025-12-14T12:23:28.118+0000] {processor.py:840} INFO - DAG(s) 'youtube_video_stats' retrieved from /opt/airflow/dags/main.py
[2025-12-14T12:23:28.143+0000] {logging_mixin.py:188} INFO - [2025-12-14T12:23:28.143+0000] {dag.py:3096} INFO - Sync 1 DAGs
[2025-12-14T12:23:28.162+0000] {logging_mixin.py:188} INFO - [2025-12-14T12:23:28.162+0000] {dag.py:3954} INFO - Setting next_dagrun for youtube_video_stats to 2025-12-13 14:00:00+00:00, run_after=2025-12-14 14:00:00+00:00
[2025-12-14T12:23:28.181+0000] {processor.py:183} INFO - Processing /opt/airflow/dags/main.py took 0.111 seconds
[2025-12-14T12:23:58.308+0000] {processor.py:161} INFO - Started process (PID=1580) to work on /opt/airflow/dags/main.py
[2025-12-14T12:23:58.309+0000] {processor.py:830} INFO - Processing file /opt/airflow/dags/main.py for tasks to queue
[2025-12-14T12:23:58.311+0000] {logging_mixin.py:188} INFO - [2025-12-14T12:23:58.311+0000] {dagbag.py:545} INFO - Filling up the DagBag from /opt/airflow/dags/main.py
[2025-12-14T12:23:58.346+0000] {processor.py:840} INFO - DAG(s) 'youtube_video_stats' retrieved from /opt/airflow/dags/main.py
[2025-12-14T12:23:58.369+0000] {logging_mixin.py:188} INFO - [2025-12-14T12:23:58.369+0000] {dag.py:3096} INFO - Sync 1 DAGs
[2025-12-14T12:23:58.389+0000] {logging_mixin.py:188} INFO - [2025-12-14T12:23:58.389+0000] {dag.py:3954} INFO - Setting next_dagrun for youtube_video_stats to 2025-12-13 14:00:00+00:00, run_after=2025-12-14 14:00:00+00:00
[2025-12-14T12:23:58.407+0000] {processor.py:183} INFO - Processing /opt/airflow/dags/main.py took 0.105 seconds
[2025-12-14T12:24:28.523+0000] {processor.py:161} INFO - Started process (PID=1587) to work on /opt/airflow/dags/main.py
[2025-12-14T12:24:28.524+0000] {processor.py:830} INFO - Processing file /opt/airflow/dags/main.py for tasks to queue
[2025-12-14T12:24:28.526+0000] {logging_mixin.py:188} INFO - [2025-12-14T12:24:28.526+0000] {dagbag.py:545} INFO - Filling up the DagBag from /opt/airflow/dags/main.py
[2025-12-14T12:24:28.560+0000] {processor.py:840} INFO - DAG(s) 'youtube_video_stats' retrieved from /opt/airflow/dags/main.py
[2025-12-14T12:24:28.582+0000] {logging_mixin.py:188} INFO - [2025-12-14T12:24:28.582+0000] {dag.py:3096} INFO - Sync 1 DAGs
[2025-12-14T12:24:28.601+0000] {logging_mixin.py:188} INFO - [2025-12-14T12:24:28.601+0000] {dag.py:3954} INFO - Setting next_dagrun for youtube_video_stats to 2025-12-13 14:00:00+00:00, run_after=2025-12-14 14:00:00+00:00
[2025-12-14T12:24:28.616+0000] {processor.py:183} INFO - Processing /opt/airflow/dags/main.py took 0.098 seconds
[2025-12-14T12:24:58.766+0000] {processor.py:161} INFO - Started process (PID=1594) to work on /opt/airflow/dags/main.py
[2025-12-14T12:24:58.767+0000] {processor.py:830} INFO - Processing file /opt/airflow/dags/main.py for tasks to queue
[2025-12-14T12:24:58.768+0000] {logging_mixin.py:188} INFO - [2025-12-14T12:24:58.768+0000] {dagbag.py:545} INFO - Filling up the DagBag from /opt/airflow/dags/main.py
[2025-12-14T12:24:58.804+0000] {processor.py:840} INFO - DAG(s) 'youtube_video_stats' retrieved from /opt/airflow/dags/main.py
[2025-12-14T12:24:58.828+0000] {logging_mixin.py:188} INFO - [2025-12-14T12:24:58.827+0000] {dag.py:3096} INFO - Sync 1 DAGs
[2025-12-14T12:24:58.847+0000] {logging_mixin.py:188} INFO - [2025-12-14T12:24:58.847+0000] {dag.py:3954} INFO - Setting next_dagrun for youtube_video_stats to 2025-12-13 14:00:00+00:00, run_after=2025-12-14 14:00:00+00:00
[2025-12-14T12:24:58.865+0000] {processor.py:183} INFO - Processing /opt/airflow/dags/main.py took 0.106 seconds
[2025-12-14T12:25:29.041+0000] {processor.py:161} INFO - Started process (PID=1601) to work on /opt/airflow/dags/main.py
[2025-12-14T12:25:29.042+0000] {processor.py:830} INFO - Processing file /opt/airflow/dags/main.py for tasks to queue
[2025-12-14T12:25:29.044+0000] {logging_mixin.py:188} INFO - [2025-12-14T12:25:29.043+0000] {dagbag.py:545} INFO - Filling up the DagBag from /opt/airflow/dags/main.py
[2025-12-14T12:25:29.075+0000] {processor.py:840} INFO - DAG(s) 'youtube_video_stats' retrieved from /opt/airflow/dags/main.py
[2025-12-14T12:25:29.098+0000] {logging_mixin.py:188} INFO - [2025-12-14T12:25:29.098+0000] {dag.py:3096} INFO - Sync 1 DAGs
[2025-12-14T12:25:29.116+0000] {logging_mixin.py:188} INFO - [2025-12-14T12:25:29.116+0000] {dag.py:3954} INFO - Setting next_dagrun for youtube_video_stats to 2025-12-13 14:00:00+00:00, run_after=2025-12-14 14:00:00+00:00
[2025-12-14T12:25:29.133+0000] {processor.py:183} INFO - Processing /opt/airflow/dags/main.py took 0.097 seconds
[2025-12-14T12:25:59.301+0000] {processor.py:161} INFO - Started process (PID=1608) to work on /opt/airflow/dags/main.py
[2025-12-14T12:25:59.303+0000] {processor.py:830} INFO - Processing file /opt/airflow/dags/main.py for tasks to queue
[2025-12-14T12:25:59.315+0000] {logging_mixin.py:188} INFO - [2025-12-14T12:25:59.314+0000] {dagbag.py:545} INFO - Filling up the DagBag from /opt/airflow/dags/main.py
[2025-12-14T12:25:59.418+0000] {processor.py:840} INFO - DAG(s) 'youtube_video_stats' retrieved from /opt/airflow/dags/main.py
[2025-12-14T12:25:59.475+0000] {logging_mixin.py:188} INFO - [2025-12-14T12:25:59.475+0000] {dag.py:3096} INFO - Sync 1 DAGs
[2025-12-14T12:25:59.521+0000] {logging_mixin.py:188} INFO - [2025-12-14T12:25:59.520+0000] {dag.py:3954} INFO - Setting next_dagrun for youtube_video_stats to 2025-12-13 14:00:00+00:00, run_after=2025-12-14 14:00:00+00:00
[2025-12-14T12:25:59.555+0000] {processor.py:183} INFO - Processing /opt/airflow/dags/main.py took 0.261 seconds
[2025-12-14T12:26:29.741+0000] {processor.py:161} INFO - Started process (PID=1615) to work on /opt/airflow/dags/main.py
[2025-12-14T12:26:29.742+0000] {processor.py:830} INFO - Processing file /opt/airflow/dags/main.py for tasks to queue
[2025-12-14T12:26:29.743+0000] {logging_mixin.py:188} INFO - [2025-12-14T12:26:29.743+0000] {dagbag.py:545} INFO - Filling up the DagBag from /opt/airflow/dags/main.py
[2025-12-14T12:26:29.776+0000] {processor.py:840} INFO - DAG(s) 'youtube_video_stats' retrieved from /opt/airflow/dags/main.py
[2025-12-14T12:26:29.799+0000] {logging_mixin.py:188} INFO - [2025-12-14T12:26:29.798+0000] {dag.py:3096} INFO - Sync 1 DAGs
[2025-12-14T12:26:29.818+0000] {logging_mixin.py:188} INFO - [2025-12-14T12:26:29.818+0000] {dag.py:3954} INFO - Setting next_dagrun for youtube_video_stats to 2025-12-13 14:00:00+00:00, run_after=2025-12-14 14:00:00+00:00
[2025-12-14T12:26:29.839+0000] {processor.py:183} INFO - Processing /opt/airflow/dags/main.py took 0.103 seconds
[2025-12-14T12:26:59.932+0000] {processor.py:161} INFO - Started process (PID=1622) to work on /opt/airflow/dags/main.py
[2025-12-14T12:26:59.933+0000] {processor.py:830} INFO - Processing file /opt/airflow/dags/main.py for tasks to queue
[2025-12-14T12:26:59.934+0000] {logging_mixin.py:188} INFO - [2025-12-14T12:26:59.934+0000] {dagbag.py:545} INFO - Filling up the DagBag from /opt/airflow/dags/main.py
[2025-12-14T12:26:59.979+0000] {processor.py:840} INFO - DAG(s) 'youtube_video_stats' retrieved from /opt/airflow/dags/main.py
[2025-12-14T12:27:00.006+0000] {logging_mixin.py:188} INFO - [2025-12-14T12:27:00.006+0000] {dag.py:3096} INFO - Sync 1 DAGs
[2025-12-14T12:27:00.032+0000] {logging_mixin.py:188} INFO - [2025-12-14T12:27:00.032+0000] {dag.py:3954} INFO - Setting next_dagrun for youtube_video_stats to 2025-12-13 14:00:00+00:00, run_after=2025-12-14 14:00:00+00:00
[2025-12-14T12:27:00.054+0000] {processor.py:183} INFO - Processing /opt/airflow/dags/main.py took 0.127 seconds
[2025-12-14T12:27:30.207+0000] {processor.py:161} INFO - Started process (PID=1629) to work on /opt/airflow/dags/main.py
[2025-12-14T12:27:30.208+0000] {processor.py:830} INFO - Processing file /opt/airflow/dags/main.py for tasks to queue
[2025-12-14T12:27:30.210+0000] {logging_mixin.py:188} INFO - [2025-12-14T12:27:30.210+0000] {dagbag.py:545} INFO - Filling up the DagBag from /opt/airflow/dags/main.py
[2025-12-14T12:27:30.248+0000] {processor.py:840} INFO - DAG(s) 'youtube_video_stats' retrieved from /opt/airflow/dags/main.py
[2025-12-14T12:27:30.271+0000] {logging_mixin.py:188} INFO - [2025-12-14T12:27:30.271+0000] {dag.py:3096} INFO - Sync 1 DAGs
[2025-12-14T12:27:30.292+0000] {logging_mixin.py:188} INFO - [2025-12-14T12:27:30.292+0000] {dag.py:3954} INFO - Setting next_dagrun for youtube_video_stats to 2025-12-13 14:00:00+00:00, run_after=2025-12-14 14:00:00+00:00
[2025-12-14T12:27:30.313+0000] {processor.py:183} INFO - Processing /opt/airflow/dags/main.py took 0.111 seconds
[2025-12-14T12:28:00.483+0000] {processor.py:161} INFO - Started process (PID=1636) to work on /opt/airflow/dags/main.py
[2025-12-14T12:28:00.484+0000] {processor.py:830} INFO - Processing file /opt/airflow/dags/main.py for tasks to queue
[2025-12-14T12:28:00.486+0000] {logging_mixin.py:188} INFO - [2025-12-14T12:28:00.485+0000] {dagbag.py:545} INFO - Filling up the DagBag from /opt/airflow/dags/main.py
[2025-12-14T12:28:00.520+0000] {processor.py:840} INFO - DAG(s) 'youtube_video_stats' retrieved from /opt/airflow/dags/main.py
[2025-12-14T12:28:00.542+0000] {logging_mixin.py:188} INFO - [2025-12-14T12:28:00.542+0000] {dag.py:3096} INFO - Sync 1 DAGs
[2025-12-14T12:28:00.560+0000] {logging_mixin.py:188} INFO - [2025-12-14T12:28:00.560+0000] {dag.py:3954} INFO - Setting next_dagrun for youtube_video_stats to 2025-12-13 14:00:00+00:00, run_after=2025-12-14 14:00:00+00:00
[2025-12-14T12:28:00.581+0000] {processor.py:183} INFO - Processing /opt/airflow/dags/main.py took 0.106 seconds
[2025-12-14T12:28:30.737+0000] {processor.py:161} INFO - Started process (PID=1643) to work on /opt/airflow/dags/main.py
[2025-12-14T12:28:30.738+0000] {processor.py:830} INFO - Processing file /opt/airflow/dags/main.py for tasks to queue
[2025-12-14T12:28:30.739+0000] {logging_mixin.py:188} INFO - [2025-12-14T12:28:30.739+0000] {dagbag.py:545} INFO - Filling up the DagBag from /opt/airflow/dags/main.py
[2025-12-14T12:28:30.772+0000] {processor.py:840} INFO - DAG(s) 'youtube_video_stats' retrieved from /opt/airflow/dags/main.py
[2025-12-14T12:28:30.795+0000] {logging_mixin.py:188} INFO - [2025-12-14T12:28:30.795+0000] {dag.py:3096} INFO - Sync 1 DAGs
[2025-12-14T12:28:30.814+0000] {logging_mixin.py:188} INFO - [2025-12-14T12:28:30.814+0000] {dag.py:3954} INFO - Setting next_dagrun for youtube_video_stats to 2025-12-13 14:00:00+00:00, run_after=2025-12-14 14:00:00+00:00
[2025-12-14T12:28:30.829+0000] {processor.py:183} INFO - Processing /opt/airflow/dags/main.py took 0.097 seconds
[2025-12-14T12:29:01.029+0000] {processor.py:161} INFO - Started process (PID=1650) to work on /opt/airflow/dags/main.py
[2025-12-14T12:29:01.030+0000] {processor.py:830} INFO - Processing file /opt/airflow/dags/main.py for tasks to queue
[2025-12-14T12:29:01.032+0000] {logging_mixin.py:188} INFO - [2025-12-14T12:29:01.032+0000] {dagbag.py:545} INFO - Filling up the DagBag from /opt/airflow/dags/main.py
[2025-12-14T12:29:01.065+0000] {processor.py:840} INFO - DAG(s) 'youtube_video_stats' retrieved from /opt/airflow/dags/main.py
[2025-12-14T12:29:01.089+0000] {logging_mixin.py:188} INFO - [2025-12-14T12:29:01.089+0000] {dag.py:3096} INFO - Sync 1 DAGs
[2025-12-14T12:29:01.109+0000] {logging_mixin.py:188} INFO - [2025-12-14T12:29:01.108+0000] {dag.py:3954} INFO - Setting next_dagrun for youtube_video_stats to 2025-12-13 14:00:00+00:00, run_after=2025-12-14 14:00:00+00:00
[2025-12-14T12:29:01.135+0000] {processor.py:183} INFO - Processing /opt/airflow/dags/main.py took 0.111 seconds
[2025-12-14T12:29:31.259+0000] {processor.py:161} INFO - Started process (PID=1657) to work on /opt/airflow/dags/main.py
[2025-12-14T12:29:31.260+0000] {processor.py:830} INFO - Processing file /opt/airflow/dags/main.py for tasks to queue
[2025-12-14T12:29:31.262+0000] {logging_mixin.py:188} INFO - [2025-12-14T12:29:31.261+0000] {dagbag.py:545} INFO - Filling up the DagBag from /opt/airflow/dags/main.py
[2025-12-14T12:29:31.297+0000] {processor.py:840} INFO - DAG(s) 'youtube_video_stats' retrieved from /opt/airflow/dags/main.py
[2025-12-14T12:29:31.319+0000] {logging_mixin.py:188} INFO - [2025-12-14T12:29:31.319+0000] {dag.py:3096} INFO - Sync 1 DAGs
[2025-12-14T12:29:31.337+0000] {logging_mixin.py:188} INFO - [2025-12-14T12:29:31.337+0000] {dag.py:3954} INFO - Setting next_dagrun for youtube_video_stats to 2025-12-13 14:00:00+00:00, run_after=2025-12-14 14:00:00+00:00
[2025-12-14T12:29:31.405+0000] {processor.py:183} INFO - Processing /opt/airflow/dags/main.py took 0.152 seconds
[2025-12-14T12:30:01.544+0000] {processor.py:161} INFO - Started process (PID=1664) to work on /opt/airflow/dags/main.py
[2025-12-14T12:30:01.545+0000] {processor.py:830} INFO - Processing file /opt/airflow/dags/main.py for tasks to queue
[2025-12-14T12:30:01.547+0000] {logging_mixin.py:188} INFO - [2025-12-14T12:30:01.547+0000] {dagbag.py:545} INFO - Filling up the DagBag from /opt/airflow/dags/main.py
[2025-12-14T12:30:01.585+0000] {processor.py:840} INFO - DAG(s) 'youtube_video_stats' retrieved from /opt/airflow/dags/main.py
[2025-12-14T12:30:01.607+0000] {logging_mixin.py:188} INFO - [2025-12-14T12:30:01.607+0000] {dag.py:3096} INFO - Sync 1 DAGs
[2025-12-14T12:30:01.625+0000] {logging_mixin.py:188} INFO - [2025-12-14T12:30:01.624+0000] {dag.py:3954} INFO - Setting next_dagrun for youtube_video_stats to 2025-12-13 14:00:00+00:00, run_after=2025-12-14 14:00:00+00:00
[2025-12-14T12:30:01.646+0000] {processor.py:183} INFO - Processing /opt/airflow/dags/main.py took 0.107 seconds
[2025-12-14T12:30:31.828+0000] {processor.py:161} INFO - Started process (PID=1671) to work on /opt/airflow/dags/main.py
[2025-12-14T12:30:31.829+0000] {processor.py:830} INFO - Processing file /opt/airflow/dags/main.py for tasks to queue
[2025-12-14T12:30:31.830+0000] {logging_mixin.py:188} INFO - [2025-12-14T12:30:31.830+0000] {dagbag.py:545} INFO - Filling up the DagBag from /opt/airflow/dags/main.py
[2025-12-14T12:30:31.864+0000] {processor.py:840} INFO - DAG(s) 'youtube_video_stats' retrieved from /opt/airflow/dags/main.py
[2025-12-14T12:30:31.886+0000] {logging_mixin.py:188} INFO - [2025-12-14T12:30:31.886+0000] {dag.py:3096} INFO - Sync 1 DAGs
[2025-12-14T12:30:31.904+0000] {logging_mixin.py:188} INFO - [2025-12-14T12:30:31.904+0000] {dag.py:3954} INFO - Setting next_dagrun for youtube_video_stats to 2025-12-13 14:00:00+00:00, run_after=2025-12-14 14:00:00+00:00
[2025-12-14T12:30:31.924+0000] {processor.py:183} INFO - Processing /opt/airflow/dags/main.py took 0.104 seconds
[2025-12-14T12:31:02.130+0000] {processor.py:161} INFO - Started process (PID=1678) to work on /opt/airflow/dags/main.py
[2025-12-14T12:31:02.131+0000] {processor.py:830} INFO - Processing file /opt/airflow/dags/main.py for tasks to queue
[2025-12-14T12:31:02.133+0000] {logging_mixin.py:188} INFO - [2025-12-14T12:31:02.133+0000] {dagbag.py:545} INFO - Filling up the DagBag from /opt/airflow/dags/main.py
[2025-12-14T12:31:02.169+0000] {processor.py:840} INFO - DAG(s) 'youtube_video_stats' retrieved from /opt/airflow/dags/main.py
[2025-12-14T12:31:02.193+0000] {logging_mixin.py:188} INFO - [2025-12-14T12:31:02.193+0000] {dag.py:3096} INFO - Sync 1 DAGs
[2025-12-14T12:31:02.212+0000] {logging_mixin.py:188} INFO - [2025-12-14T12:31:02.212+0000] {dag.py:3954} INFO - Setting next_dagrun for youtube_video_stats to 2025-12-13 14:00:00+00:00, run_after=2025-12-14 14:00:00+00:00
[2025-12-14T12:31:02.230+0000] {processor.py:183} INFO - Processing /opt/airflow/dags/main.py took 0.105 seconds
[2025-12-14T12:31:32.387+0000] {processor.py:161} INFO - Started process (PID=1685) to work on /opt/airflow/dags/main.py
[2025-12-14T12:31:32.388+0000] {processor.py:830} INFO - Processing file /opt/airflow/dags/main.py for tasks to queue
[2025-12-14T12:31:32.390+0000] {logging_mixin.py:188} INFO - [2025-12-14T12:31:32.390+0000] {dagbag.py:545} INFO - Filling up the DagBag from /opt/airflow/dags/main.py
[2025-12-14T12:31:32.427+0000] {processor.py:840} INFO - DAG(s) 'youtube_video_stats' retrieved from /opt/airflow/dags/main.py
[2025-12-14T12:31:32.456+0000] {logging_mixin.py:188} INFO - [2025-12-14T12:31:32.455+0000] {dag.py:3096} INFO - Sync 1 DAGs
[2025-12-14T12:31:32.476+0000] {logging_mixin.py:188} INFO - [2025-12-14T12:31:32.476+0000] {dag.py:3954} INFO - Setting next_dagrun for youtube_video_stats to 2025-12-13 14:00:00+00:00, run_after=2025-12-14 14:00:00+00:00
[2025-12-14T12:31:32.499+0000] {processor.py:183} INFO - Processing /opt/airflow/dags/main.py took 0.119 seconds
[2025-12-14T12:32:02.723+0000] {processor.py:161} INFO - Started process (PID=1692) to work on /opt/airflow/dags/main.py
[2025-12-14T12:32:02.724+0000] {processor.py:830} INFO - Processing file /opt/airflow/dags/main.py for tasks to queue
[2025-12-14T12:32:02.728+0000] {logging_mixin.py:188} INFO - [2025-12-14T12:32:02.727+0000] {dagbag.py:545} INFO - Filling up the DagBag from /opt/airflow/dags/main.py
[2025-12-14T12:32:02.774+0000] {processor.py:840} INFO - DAG(s) 'youtube_video_stats' retrieved from /opt/airflow/dags/main.py
[2025-12-14T12:32:02.810+0000] {logging_mixin.py:188} INFO - [2025-12-14T12:32:02.809+0000] {dag.py:3096} INFO - Sync 1 DAGs
[2025-12-14T12:32:02.834+0000] {logging_mixin.py:188} INFO - [2025-12-14T12:32:02.834+0000] {dag.py:3954} INFO - Setting next_dagrun for youtube_video_stats to 2025-12-13 14:00:00+00:00, run_after=2025-12-14 14:00:00+00:00
[2025-12-14T12:32:02.855+0000] {processor.py:183} INFO - Processing /opt/airflow/dags/main.py took 0.145 seconds
[2025-12-14T12:32:32.937+0000] {processor.py:161} INFO - Started process (PID=1699) to work on /opt/airflow/dags/main.py
[2025-12-14T12:32:32.938+0000] {processor.py:830} INFO - Processing file /opt/airflow/dags/main.py for tasks to queue
[2025-12-14T12:32:32.940+0000] {logging_mixin.py:188} INFO - [2025-12-14T12:32:32.940+0000] {dagbag.py:545} INFO - Filling up the DagBag from /opt/airflow/dags/main.py
[2025-12-14T12:32:32.977+0000] {processor.py:840} INFO - DAG(s) 'youtube_video_stats' retrieved from /opt/airflow/dags/main.py
[2025-12-14T12:32:33.000+0000] {logging_mixin.py:188} INFO - [2025-12-14T12:32:33.000+0000] {dag.py:3096} INFO - Sync 1 DAGs
[2025-12-14T12:32:33.018+0000] {logging_mixin.py:188} INFO - [2025-12-14T12:32:33.018+0000] {dag.py:3954} INFO - Setting next_dagrun for youtube_video_stats to 2025-12-13 14:00:00+00:00, run_after=2025-12-14 14:00:00+00:00
[2025-12-14T12:32:33.037+0000] {processor.py:183} INFO - Processing /opt/airflow/dags/main.py took 0.106 seconds
[2025-12-14T12:33:03.262+0000] {processor.py:161} INFO - Started process (PID=1706) to work on /opt/airflow/dags/main.py
[2025-12-14T12:33:03.263+0000] {processor.py:830} INFO - Processing file /opt/airflow/dags/main.py for tasks to queue
[2025-12-14T12:33:03.265+0000] {logging_mixin.py:188} INFO - [2025-12-14T12:33:03.264+0000] {dagbag.py:545} INFO - Filling up the DagBag from /opt/airflow/dags/main.py
[2025-12-14T12:33:03.299+0000] {processor.py:840} INFO - DAG(s) 'youtube_video_stats' retrieved from /opt/airflow/dags/main.py
[2025-12-14T12:33:03.321+0000] {logging_mixin.py:188} INFO - [2025-12-14T12:33:03.321+0000] {dag.py:3096} INFO - Sync 1 DAGs
[2025-12-14T12:33:03.340+0000] {logging_mixin.py:188} INFO - [2025-12-14T12:33:03.340+0000] {dag.py:3954} INFO - Setting next_dagrun for youtube_video_stats to 2025-12-13 14:00:00+00:00, run_after=2025-12-14 14:00:00+00:00
[2025-12-14T12:33:03.357+0000] {processor.py:183} INFO - Processing /opt/airflow/dags/main.py took 0.100 seconds
[2025-12-14T12:33:33.509+0000] {processor.py:161} INFO - Started process (PID=1713) to work on /opt/airflow/dags/main.py
[2025-12-14T12:33:33.510+0000] {processor.py:830} INFO - Processing file /opt/airflow/dags/main.py for tasks to queue
[2025-12-14T12:33:33.511+0000] {logging_mixin.py:188} INFO - [2025-12-14T12:33:33.511+0000] {dagbag.py:545} INFO - Filling up the DagBag from /opt/airflow/dags/main.py
[2025-12-14T12:33:33.545+0000] {processor.py:840} INFO - DAG(s) 'youtube_video_stats' retrieved from /opt/airflow/dags/main.py
[2025-12-14T12:33:33.568+0000] {logging_mixin.py:188} INFO - [2025-12-14T12:33:33.567+0000] {dag.py:3096} INFO - Sync 1 DAGs
[2025-12-14T12:33:33.587+0000] {logging_mixin.py:188} INFO - [2025-12-14T12:33:33.586+0000] {dag.py:3954} INFO - Setting next_dagrun for youtube_video_stats to 2025-12-13 14:00:00+00:00, run_after=2025-12-14 14:00:00+00:00
[2025-12-14T12:33:33.604+0000] {processor.py:183} INFO - Processing /opt/airflow/dags/main.py took 0.101 seconds
[2025-12-14T12:34:03.796+0000] {processor.py:161} INFO - Started process (PID=1720) to work on /opt/airflow/dags/main.py
[2025-12-14T12:34:03.797+0000] {processor.py:830} INFO - Processing file /opt/airflow/dags/main.py for tasks to queue
[2025-12-14T12:34:03.798+0000] {logging_mixin.py:188} INFO - [2025-12-14T12:34:03.798+0000] {dagbag.py:545} INFO - Filling up the DagBag from /opt/airflow/dags/main.py
[2025-12-14T12:34:03.830+0000] {processor.py:840} INFO - DAG(s) 'youtube_video_stats' retrieved from /opt/airflow/dags/main.py
[2025-12-14T12:34:03.868+0000] {logging_mixin.py:188} INFO - [2025-12-14T12:34:03.868+0000] {dag.py:3096} INFO - Sync 1 DAGs
[2025-12-14T12:34:03.885+0000] {logging_mixin.py:188} INFO - [2025-12-14T12:34:03.885+0000] {dag.py:3954} INFO - Setting next_dagrun for youtube_video_stats to 2025-12-13 14:00:00+00:00, run_after=2025-12-14 14:00:00+00:00
[2025-12-14T12:34:03.906+0000] {processor.py:183} INFO - Processing /opt/airflow/dags/main.py took 0.114 seconds
[2025-12-14T12:34:34.094+0000] {processor.py:161} INFO - Started process (PID=1733) to work on /opt/airflow/dags/main.py
[2025-12-14T12:34:34.096+0000] {processor.py:830} INFO - Processing file /opt/airflow/dags/main.py for tasks to queue
[2025-12-14T12:34:34.098+0000] {logging_mixin.py:188} INFO - [2025-12-14T12:34:34.097+0000] {dagbag.py:545} INFO - Filling up the DagBag from /opt/airflow/dags/main.py
[2025-12-14T12:34:34.137+0000] {processor.py:840} INFO - DAG(s) 'youtube_video_stats' retrieved from /opt/airflow/dags/main.py
[2025-12-14T12:34:34.164+0000] {logging_mixin.py:188} INFO - [2025-12-14T12:34:34.163+0000] {dag.py:3096} INFO - Sync 1 DAGs
[2025-12-14T12:34:34.184+0000] {logging_mixin.py:188} INFO - [2025-12-14T12:34:34.183+0000] {dag.py:3954} INFO - Setting next_dagrun for youtube_video_stats to 2025-12-13 14:00:00+00:00, run_after=2025-12-14 14:00:00+00:00
[2025-12-14T12:34:34.205+0000] {processor.py:183} INFO - Processing /opt/airflow/dags/main.py took 0.116 seconds
[2025-12-14T12:35:04.329+0000] {processor.py:161} INFO - Started process (PID=1740) to work on /opt/airflow/dags/main.py
[2025-12-14T12:35:04.331+0000] {processor.py:830} INFO - Processing file /opt/airflow/dags/main.py for tasks to queue
[2025-12-14T12:35:04.332+0000] {logging_mixin.py:188} INFO - [2025-12-14T12:35:04.332+0000] {dagbag.py:545} INFO - Filling up the DagBag from /opt/airflow/dags/main.py
[2025-12-14T12:35:04.373+0000] {processor.py:840} INFO - DAG(s) 'youtube_video_stats' retrieved from /opt/airflow/dags/main.py
[2025-12-14T12:35:04.397+0000] {logging_mixin.py:188} INFO - [2025-12-14T12:35:04.397+0000] {dag.py:3096} INFO - Sync 1 DAGs
[2025-12-14T12:35:04.415+0000] {logging_mixin.py:188} INFO - [2025-12-14T12:35:04.415+0000] {dag.py:3954} INFO - Setting next_dagrun for youtube_video_stats to 2025-12-13 14:00:00+00:00, run_after=2025-12-14 14:00:00+00:00
[2025-12-14T12:35:04.555+0000] {processor.py:183} INFO - Processing /opt/airflow/dags/main.py took 0.233 seconds
[2025-12-14T12:35:34.742+0000] {processor.py:161} INFO - Started process (PID=1747) to work on /opt/airflow/dags/main.py
[2025-12-14T12:35:34.743+0000] {processor.py:830} INFO - Processing file /opt/airflow/dags/main.py for tasks to queue
[2025-12-14T12:35:34.745+0000] {logging_mixin.py:188} INFO - [2025-12-14T12:35:34.745+0000] {dagbag.py:545} INFO - Filling up the DagBag from /opt/airflow/dags/main.py
[2025-12-14T12:35:34.807+0000] {processor.py:840} INFO - DAG(s) 'youtube_video_stats' retrieved from /opt/airflow/dags/main.py
[2025-12-14T12:35:34.838+0000] {logging_mixin.py:188} INFO - [2025-12-14T12:35:34.838+0000] {dag.py:3096} INFO - Sync 1 DAGs
[2025-12-14T12:35:34.859+0000] {logging_mixin.py:188} INFO - [2025-12-14T12:35:34.859+0000] {dag.py:3954} INFO - Setting next_dagrun for youtube_video_stats to 2025-12-13 14:00:00+00:00, run_after=2025-12-14 14:00:00+00:00
[2025-12-14T12:35:34.895+0000] {processor.py:183} INFO - Processing /opt/airflow/dags/main.py took 0.159 seconds
[2025-12-14T12:36:04.989+0000] {processor.py:161} INFO - Started process (PID=1754) to work on /opt/airflow/dags/main.py
[2025-12-14T12:36:04.990+0000] {processor.py:830} INFO - Processing file /opt/airflow/dags/main.py for tasks to queue
[2025-12-14T12:36:04.992+0000] {logging_mixin.py:188} INFO - [2025-12-14T12:36:04.991+0000] {dagbag.py:545} INFO - Filling up the DagBag from /opt/airflow/dags/main.py
[2025-12-14T12:36:05.029+0000] {processor.py:840} INFO - DAG(s) 'youtube_video_stats' retrieved from /opt/airflow/dags/main.py
[2025-12-14T12:36:05.051+0000] {logging_mixin.py:188} INFO - [2025-12-14T12:36:05.051+0000] {dag.py:3096} INFO - Sync 1 DAGs
[2025-12-14T12:36:05.072+0000] {logging_mixin.py:188} INFO - [2025-12-14T12:36:05.072+0000] {dag.py:3954} INFO - Setting next_dagrun for youtube_video_stats to 2025-12-13 14:00:00+00:00, run_after=2025-12-14 14:00:00+00:00
[2025-12-14T12:36:05.090+0000] {processor.py:183} INFO - Processing /opt/airflow/dags/main.py took 0.106 seconds
[2025-12-14T12:36:35.316+0000] {processor.py:161} INFO - Started process (PID=1761) to work on /opt/airflow/dags/main.py
[2025-12-14T12:36:35.317+0000] {processor.py:830} INFO - Processing file /opt/airflow/dags/main.py for tasks to queue
[2025-12-14T12:36:35.319+0000] {logging_mixin.py:188} INFO - [2025-12-14T12:36:35.318+0000] {dagbag.py:545} INFO - Filling up the DagBag from /opt/airflow/dags/main.py
[2025-12-14T12:36:35.352+0000] {processor.py:840} INFO - DAG(s) 'youtube_video_stats' retrieved from /opt/airflow/dags/main.py
[2025-12-14T12:36:35.374+0000] {logging_mixin.py:188} INFO - [2025-12-14T12:36:35.373+0000] {dag.py:3096} INFO - Sync 1 DAGs
[2025-12-14T12:36:35.391+0000] {logging_mixin.py:188} INFO - [2025-12-14T12:36:35.391+0000] {dag.py:3954} INFO - Setting next_dagrun for youtube_video_stats to 2025-12-13 14:00:00+00:00, run_after=2025-12-14 14:00:00+00:00
[2025-12-14T12:36:35.411+0000] {processor.py:183} INFO - Processing /opt/airflow/dags/main.py took 0.100 seconds
[2025-12-14T12:37:05.525+0000] {processor.py:161} INFO - Started process (PID=1768) to work on /opt/airflow/dags/main.py
[2025-12-14T12:37:05.527+0000] {processor.py:830} INFO - Processing file /opt/airflow/dags/main.py for tasks to queue
[2025-12-14T12:37:05.529+0000] {logging_mixin.py:188} INFO - [2025-12-14T12:37:05.529+0000] {dagbag.py:545} INFO - Filling up the DagBag from /opt/airflow/dags/main.py
[2025-12-14T12:37:05.573+0000] {processor.py:840} INFO - DAG(s) 'youtube_video_stats' retrieved from /opt/airflow/dags/main.py
[2025-12-14T12:37:05.599+0000] {logging_mixin.py:188} INFO - [2025-12-14T12:37:05.599+0000] {dag.py:3096} INFO - Sync 1 DAGs
[2025-12-14T12:37:05.620+0000] {logging_mixin.py:188} INFO - [2025-12-14T12:37:05.620+0000] {dag.py:3954} INFO - Setting next_dagrun for youtube_video_stats to 2025-12-13 14:00:00+00:00, run_after=2025-12-14 14:00:00+00:00
[2025-12-14T12:37:05.642+0000] {processor.py:183} INFO - Processing /opt/airflow/dags/main.py took 0.122 seconds
[2025-12-14T12:37:35.868+0000] {processor.py:161} INFO - Started process (PID=1775) to work on /opt/airflow/dags/main.py
[2025-12-14T12:37:35.869+0000] {processor.py:830} INFO - Processing file /opt/airflow/dags/main.py for tasks to queue
[2025-12-14T12:37:35.871+0000] {logging_mixin.py:188} INFO - [2025-12-14T12:37:35.870+0000] {dagbag.py:545} INFO - Filling up the DagBag from /opt/airflow/dags/main.py
[2025-12-14T12:37:35.909+0000] {processor.py:840} INFO - DAG(s) 'youtube_video_stats' retrieved from /opt/airflow/dags/main.py
[2025-12-14T12:37:35.934+0000] {logging_mixin.py:188} INFO - [2025-12-14T12:37:35.934+0000] {dag.py:3096} INFO - Sync 1 DAGs
[2025-12-14T12:37:35.953+0000] {logging_mixin.py:188} INFO - [2025-12-14T12:37:35.953+0000] {dag.py:3954} INFO - Setting next_dagrun for youtube_video_stats to 2025-12-13 14:00:00+00:00, run_after=2025-12-14 14:00:00+00:00
[2025-12-14T12:37:35.971+0000] {processor.py:183} INFO - Processing /opt/airflow/dags/main.py took 0.107 seconds
[2025-12-14T12:38:06.096+0000] {processor.py:161} INFO - Started process (PID=1782) to work on /opt/airflow/dags/main.py
[2025-12-14T12:38:06.097+0000] {processor.py:830} INFO - Processing file /opt/airflow/dags/main.py for tasks to queue
[2025-12-14T12:38:06.098+0000] {logging_mixin.py:188} INFO - [2025-12-14T12:38:06.098+0000] {dagbag.py:545} INFO - Filling up the DagBag from /opt/airflow/dags/main.py
[2025-12-14T12:38:06.134+0000] {processor.py:840} INFO - DAG(s) 'youtube_video_stats' retrieved from /opt/airflow/dags/main.py
[2025-12-14T12:38:06.156+0000] {logging_mixin.py:188} INFO - [2025-12-14T12:38:06.156+0000] {dag.py:3096} INFO - Sync 1 DAGs
[2025-12-14T12:38:06.174+0000] {logging_mixin.py:188} INFO - [2025-12-14T12:38:06.174+0000] {dag.py:3954} INFO - Setting next_dagrun for youtube_video_stats to 2025-12-13 14:00:00+00:00, run_after=2025-12-14 14:00:00+00:00
[2025-12-14T12:38:06.189+0000] {processor.py:183} INFO - Processing /opt/airflow/dags/main.py took 0.098 seconds
[2025-12-14T12:38:36.297+0000] {processor.py:161} INFO - Started process (PID=1789) to work on /opt/airflow/dags/main.py
[2025-12-14T12:38:36.298+0000] {processor.py:830} INFO - Processing file /opt/airflow/dags/main.py for tasks to queue
[2025-12-14T12:38:36.300+0000] {logging_mixin.py:188} INFO - [2025-12-14T12:38:36.300+0000] {dagbag.py:545} INFO - Filling up the DagBag from /opt/airflow/dags/main.py
[2025-12-14T12:38:36.337+0000] {processor.py:840} INFO - DAG(s) 'youtube_video_stats' retrieved from /opt/airflow/dags/main.py
[2025-12-14T12:38:36.363+0000] {logging_mixin.py:188} INFO - [2025-12-14T12:38:36.363+0000] {dag.py:3096} INFO - Sync 1 DAGs
[2025-12-14T12:38:36.384+0000] {logging_mixin.py:188} INFO - [2025-12-14T12:38:36.384+0000] {dag.py:3954} INFO - Setting next_dagrun for youtube_video_stats to 2025-12-13 14:00:00+00:00, run_after=2025-12-14 14:00:00+00:00
[2025-12-14T12:38:36.403+0000] {processor.py:183} INFO - Processing /opt/airflow/dags/main.py took 0.112 seconds
[2025-12-14T12:39:06.558+0000] {processor.py:161} INFO - Started process (PID=1796) to work on /opt/airflow/dags/main.py
[2025-12-14T12:39:06.560+0000] {processor.py:830} INFO - Processing file /opt/airflow/dags/main.py for tasks to queue
[2025-12-14T12:39:06.561+0000] {logging_mixin.py:188} INFO - [2025-12-14T12:39:06.561+0000] {dagbag.py:545} INFO - Filling up the DagBag from /opt/airflow/dags/main.py
[2025-12-14T12:39:06.594+0000] {processor.py:840} INFO - DAG(s) 'youtube_video_stats' retrieved from /opt/airflow/dags/main.py
[2025-12-14T12:39:06.616+0000] {logging_mixin.py:188} INFO - [2025-12-14T12:39:06.616+0000] {dag.py:3096} INFO - Sync 1 DAGs
[2025-12-14T12:39:06.635+0000] {logging_mixin.py:188} INFO - [2025-12-14T12:39:06.634+0000] {dag.py:3954} INFO - Setting next_dagrun for youtube_video_stats to 2025-12-13 14:00:00+00:00, run_after=2025-12-14 14:00:00+00:00
[2025-12-14T12:39:06.657+0000] {processor.py:183} INFO - Processing /opt/airflow/dags/main.py took 0.104 seconds
[2025-12-14T12:39:36.809+0000] {processor.py:161} INFO - Started process (PID=1803) to work on /opt/airflow/dags/main.py
[2025-12-14T12:39:36.810+0000] {processor.py:830} INFO - Processing file /opt/airflow/dags/main.py for tasks to queue
[2025-12-14T12:39:36.812+0000] {logging_mixin.py:188} INFO - [2025-12-14T12:39:36.812+0000] {dagbag.py:545} INFO - Filling up the DagBag from /opt/airflow/dags/main.py
[2025-12-14T12:39:36.846+0000] {processor.py:840} INFO - DAG(s) 'youtube_video_stats' retrieved from /opt/airflow/dags/main.py
[2025-12-14T12:39:36.869+0000] {logging_mixin.py:188} INFO - [2025-12-14T12:39:36.868+0000] {dag.py:3096} INFO - Sync 1 DAGs
[2025-12-14T12:39:36.887+0000] {logging_mixin.py:188} INFO - [2025-12-14T12:39:36.887+0000] {dag.py:3954} INFO - Setting next_dagrun for youtube_video_stats to 2025-12-13 14:00:00+00:00, run_after=2025-12-14 14:00:00+00:00
[2025-12-14T12:39:36.903+0000] {processor.py:183} INFO - Processing /opt/airflow/dags/main.py took 0.099 seconds
[2025-12-14T12:40:07.143+0000] {processor.py:161} INFO - Started process (PID=1810) to work on /opt/airflow/dags/main.py
[2025-12-14T12:40:07.144+0000] {processor.py:830} INFO - Processing file /opt/airflow/dags/main.py for tasks to queue
[2025-12-14T12:40:07.145+0000] {logging_mixin.py:188} INFO - [2025-12-14T12:40:07.145+0000] {dagbag.py:545} INFO - Filling up the DagBag from /opt/airflow/dags/main.py
[2025-12-14T12:40:07.183+0000] {processor.py:840} INFO - DAG(s) 'youtube_video_stats' retrieved from /opt/airflow/dags/main.py
[2025-12-14T12:40:07.209+0000] {logging_mixin.py:188} INFO - [2025-12-14T12:40:07.208+0000] {dag.py:3096} INFO - Sync 1 DAGs
[2025-12-14T12:40:07.229+0000] {logging_mixin.py:188} INFO - [2025-12-14T12:40:07.228+0000] {dag.py:3954} INFO - Setting next_dagrun for youtube_video_stats to 2025-12-13 14:00:00+00:00, run_after=2025-12-14 14:00:00+00:00
[2025-12-14T12:40:07.254+0000] {processor.py:183} INFO - Processing /opt/airflow/dags/main.py took 0.116 seconds
[2025-12-14T12:40:37.388+0000] {processor.py:161} INFO - Started process (PID=1817) to work on /opt/airflow/dags/main.py
[2025-12-14T12:40:37.389+0000] {processor.py:830} INFO - Processing file /opt/airflow/dags/main.py for tasks to queue
[2025-12-14T12:40:37.391+0000] {logging_mixin.py:188} INFO - [2025-12-14T12:40:37.390+0000] {dagbag.py:545} INFO - Filling up the DagBag from /opt/airflow/dags/main.py
[2025-12-14T12:40:37.424+0000] {processor.py:840} INFO - DAG(s) 'youtube_video_stats' retrieved from /opt/airflow/dags/main.py
[2025-12-14T12:40:37.445+0000] {logging_mixin.py:188} INFO - [2025-12-14T12:40:37.445+0000] {dag.py:3096} INFO - Sync 1 DAGs
[2025-12-14T12:40:37.464+0000] {logging_mixin.py:188} INFO - [2025-12-14T12:40:37.464+0000] {dag.py:3954} INFO - Setting next_dagrun for youtube_video_stats to 2025-12-13 14:00:00+00:00, run_after=2025-12-14 14:00:00+00:00
[2025-12-14T12:40:37.484+0000] {processor.py:183} INFO - Processing /opt/airflow/dags/main.py took 0.101 seconds
[2025-12-14T12:41:07.791+0000] {processor.py:161} INFO - Started process (PID=1824) to work on /opt/airflow/dags/main.py
[2025-12-14T12:41:07.792+0000] {processor.py:830} INFO - Processing file /opt/airflow/dags/main.py for tasks to queue
[2025-12-14T12:41:07.794+0000] {logging_mixin.py:188} INFO - [2025-12-14T12:41:07.793+0000] {dagbag.py:545} INFO - Filling up the DagBag from /opt/airflow/dags/main.py
[2025-12-14T12:41:07.832+0000] {processor.py:840} INFO - DAG(s) 'youtube_video_stats' retrieved from /opt/airflow/dags/main.py
[2025-12-14T12:41:07.859+0000] {logging_mixin.py:188} INFO - [2025-12-14T12:41:07.858+0000] {dag.py:3096} INFO - Sync 1 DAGs
[2025-12-14T12:41:07.878+0000] {logging_mixin.py:188} INFO - [2025-12-14T12:41:07.878+0000] {dag.py:3954} INFO - Setting next_dagrun for youtube_video_stats to 2025-12-13 14:00:00+00:00, run_after=2025-12-14 14:00:00+00:00
[2025-12-14T12:41:07.899+0000] {processor.py:183} INFO - Processing /opt/airflow/dags/main.py took 0.115 seconds
[2025-12-14T12:41:38.001+0000] {processor.py:161} INFO - Started process (PID=1832) to work on /opt/airflow/dags/main.py
[2025-12-14T12:41:38.002+0000] {processor.py:830} INFO - Processing file /opt/airflow/dags/main.py for tasks to queue
[2025-12-14T12:41:38.004+0000] {logging_mixin.py:188} INFO - [2025-12-14T12:41:38.004+0000] {dagbag.py:545} INFO - Filling up the DagBag from /opt/airflow/dags/main.py
[2025-12-14T12:41:38.045+0000] {processor.py:840} INFO - DAG(s) 'youtube_video_stats' retrieved from /opt/airflow/dags/main.py
[2025-12-14T12:41:38.070+0000] {logging_mixin.py:188} INFO - [2025-12-14T12:41:38.069+0000] {dag.py:3096} INFO - Sync 1 DAGs
[2025-12-14T12:41:38.092+0000] {logging_mixin.py:188} INFO - [2025-12-14T12:41:38.092+0000] {dag.py:3954} INFO - Setting next_dagrun for youtube_video_stats to 2025-12-13 14:00:00+00:00, run_after=2025-12-14 14:00:00+00:00
[2025-12-14T12:41:38.112+0000] {processor.py:183} INFO - Processing /opt/airflow/dags/main.py took 0.118 seconds
[2025-12-14T12:42:08.329+0000] {processor.py:161} INFO - Started process (PID=1839) to work on /opt/airflow/dags/main.py
[2025-12-14T12:42:08.330+0000] {processor.py:830} INFO - Processing file /opt/airflow/dags/main.py for tasks to queue
[2025-12-14T12:42:08.331+0000] {logging_mixin.py:188} INFO - [2025-12-14T12:42:08.331+0000] {dagbag.py:545} INFO - Filling up the DagBag from /opt/airflow/dags/main.py
[2025-12-14T12:42:08.365+0000] {processor.py:840} INFO - DAG(s) 'youtube_video_stats' retrieved from /opt/airflow/dags/main.py
[2025-12-14T12:42:08.387+0000] {logging_mixin.py:188} INFO - [2025-12-14T12:42:08.387+0000] {dag.py:3096} INFO - Sync 1 DAGs
[2025-12-14T12:42:08.406+0000] {logging_mixin.py:188} INFO - [2025-12-14T12:42:08.406+0000] {dag.py:3954} INFO - Setting next_dagrun for youtube_video_stats to 2025-12-13 14:00:00+00:00, run_after=2025-12-14 14:00:00+00:00
[2025-12-14T12:42:08.427+0000] {processor.py:183} INFO - Processing /opt/airflow/dags/main.py took 0.103 seconds
[2025-12-14T12:42:38.643+0000] {processor.py:161} INFO - Started process (PID=1846) to work on /opt/airflow/dags/main.py
[2025-12-14T12:42:38.645+0000] {processor.py:830} INFO - Processing file /opt/airflow/dags/main.py for tasks to queue
[2025-12-14T12:42:38.653+0000] {logging_mixin.py:188} INFO - [2025-12-14T12:42:38.652+0000] {dagbag.py:545} INFO - Filling up the DagBag from /opt/airflow/dags/main.py
[2025-12-14T12:42:38.731+0000] {processor.py:840} INFO - DAG(s) 'youtube_video_stats' retrieved from /opt/airflow/dags/main.py
[2025-12-14T12:42:38.775+0000] {logging_mixin.py:188} INFO - [2025-12-14T12:42:38.774+0000] {dag.py:3096} INFO - Sync 1 DAGs
[2025-12-14T12:42:38.793+0000] {logging_mixin.py:188} INFO - [2025-12-14T12:42:38.792+0000] {dag.py:3954} INFO - Setting next_dagrun for youtube_video_stats to 2025-12-13 14:00:00+00:00, run_after=2025-12-14 14:00:00+00:00
[2025-12-14T12:42:38.812+0000] {processor.py:183} INFO - Processing /opt/airflow/dags/main.py took 0.182 seconds
[2025-12-14T12:43:08.909+0000] {processor.py:161} INFO - Started process (PID=1853) to work on /opt/airflow/dags/main.py
[2025-12-14T12:43:08.911+0000] {processor.py:830} INFO - Processing file /opt/airflow/dags/main.py for tasks to queue
[2025-12-14T12:43:08.914+0000] {logging_mixin.py:188} INFO - [2025-12-14T12:43:08.913+0000] {dagbag.py:545} INFO - Filling up the DagBag from /opt/airflow/dags/main.py
[2025-12-14T12:43:08.958+0000] {processor.py:840} INFO - DAG(s) 'youtube_video_stats' retrieved from /opt/airflow/dags/main.py
[2025-12-14T12:43:08.994+0000] {logging_mixin.py:188} INFO - [2025-12-14T12:43:08.994+0000] {dag.py:3096} INFO - Sync 1 DAGs
[2025-12-14T12:43:09.035+0000] {logging_mixin.py:188} INFO - [2025-12-14T12:43:09.035+0000] {dag.py:3954} INFO - Setting next_dagrun for youtube_video_stats to 2025-12-13 14:00:00+00:00, run_after=2025-12-14 14:00:00+00:00
[2025-12-14T12:43:09.058+0000] {processor.py:183} INFO - Processing /opt/airflow/dags/main.py took 0.160 seconds
[2025-12-14T12:43:39.288+0000] {processor.py:161} INFO - Started process (PID=1860) to work on /opt/airflow/dags/main.py
[2025-12-14T12:43:39.289+0000] {processor.py:830} INFO - Processing file /opt/airflow/dags/main.py for tasks to queue
[2025-12-14T12:43:39.291+0000] {logging_mixin.py:188} INFO - [2025-12-14T12:43:39.291+0000] {dagbag.py:545} INFO - Filling up the DagBag from /opt/airflow/dags/main.py
[2025-12-14T12:43:39.333+0000] {processor.py:840} INFO - DAG(s) 'youtube_video_stats' retrieved from /opt/airflow/dags/main.py
[2025-12-14T12:43:39.363+0000] {logging_mixin.py:188} INFO - [2025-12-14T12:43:39.363+0000] {dag.py:3096} INFO - Sync 1 DAGs
[2025-12-14T12:43:39.389+0000] {logging_mixin.py:188} INFO - [2025-12-14T12:43:39.389+0000] {dag.py:3954} INFO - Setting next_dagrun for youtube_video_stats to 2025-12-13 14:00:00+00:00, run_after=2025-12-14 14:00:00+00:00
[2025-12-14T12:43:39.408+0000] {processor.py:183} INFO - Processing /opt/airflow/dags/main.py took 0.135 seconds
[2025-12-14T12:44:09.494+0000] {processor.py:161} INFO - Started process (PID=1867) to work on /opt/airflow/dags/main.py
[2025-12-14T12:44:09.495+0000] {processor.py:830} INFO - Processing file /opt/airflow/dags/main.py for tasks to queue
[2025-12-14T12:44:09.498+0000] {logging_mixin.py:188} INFO - [2025-12-14T12:44:09.498+0000] {dagbag.py:545} INFO - Filling up the DagBag from /opt/airflow/dags/main.py
[2025-12-14T12:44:09.539+0000] {processor.py:840} INFO - DAG(s) 'youtube_video_stats' retrieved from /opt/airflow/dags/main.py
[2025-12-14T12:44:09.592+0000] {logging_mixin.py:188} INFO - [2025-12-14T12:44:09.592+0000] {dag.py:3096} INFO - Sync 1 DAGs
[2025-12-14T12:44:09.614+0000] {logging_mixin.py:188} INFO - [2025-12-14T12:44:09.614+0000] {dag.py:3954} INFO - Setting next_dagrun for youtube_video_stats to 2025-12-13 14:00:00+00:00, run_after=2025-12-14 14:00:00+00:00
[2025-12-14T12:44:09.632+0000] {processor.py:183} INFO - Processing /opt/airflow/dags/main.py took 0.145 seconds
[2025-12-14T12:44:39.802+0000] {processor.py:161} INFO - Started process (PID=1874) to work on /opt/airflow/dags/main.py
[2025-12-14T12:44:39.802+0000] {processor.py:830} INFO - Processing file /opt/airflow/dags/main.py for tasks to queue
[2025-12-14T12:44:39.804+0000] {logging_mixin.py:188} INFO - [2025-12-14T12:44:39.804+0000] {dagbag.py:545} INFO - Filling up the DagBag from /opt/airflow/dags/main.py
[2025-12-14T12:44:39.839+0000] {processor.py:840} INFO - DAG(s) 'youtube_video_stats' retrieved from /opt/airflow/dags/main.py
[2025-12-14T12:44:39.860+0000] {logging_mixin.py:188} INFO - [2025-12-14T12:44:39.860+0000] {dag.py:3096} INFO - Sync 1 DAGs
[2025-12-14T12:44:39.880+0000] {logging_mixin.py:188} INFO - [2025-12-14T12:44:39.880+0000] {dag.py:3954} INFO - Setting next_dagrun for youtube_video_stats to 2025-12-13 14:00:00+00:00, run_after=2025-12-14 14:00:00+00:00
[2025-12-14T12:44:39.898+0000] {processor.py:183} INFO - Processing /opt/airflow/dags/main.py took 0.102 seconds
[2025-12-14T12:45:10.042+0000] {processor.py:161} INFO - Started process (PID=1881) to work on /opt/airflow/dags/main.py
[2025-12-14T12:45:10.043+0000] {processor.py:830} INFO - Processing file /opt/airflow/dags/main.py for tasks to queue
[2025-12-14T12:45:10.045+0000] {logging_mixin.py:188} INFO - [2025-12-14T12:45:10.044+0000] {dagbag.py:545} INFO - Filling up the DagBag from /opt/airflow/dags/main.py
[2025-12-14T12:45:10.085+0000] {processor.py:840} INFO - DAG(s) 'youtube_video_stats' retrieved from /opt/airflow/dags/main.py
[2025-12-14T12:45:10.110+0000] {logging_mixin.py:188} INFO - [2025-12-14T12:45:10.109+0000] {dag.py:3096} INFO - Sync 1 DAGs
[2025-12-14T12:45:10.131+0000] {logging_mixin.py:188} INFO - [2025-12-14T12:45:10.130+0000] {dag.py:3954} INFO - Setting next_dagrun for youtube_video_stats to 2025-12-13 14:00:00+00:00, run_after=2025-12-14 14:00:00+00:00
[2025-12-14T12:45:10.150+0000] {processor.py:183} INFO - Processing /opt/airflow/dags/main.py took 0.115 seconds
[2025-12-14T12:45:40.339+0000] {processor.py:161} INFO - Started process (PID=1888) to work on /opt/airflow/dags/main.py
[2025-12-14T12:45:40.341+0000] {processor.py:830} INFO - Processing file /opt/airflow/dags/main.py for tasks to queue
[2025-12-14T12:45:40.343+0000] {logging_mixin.py:188} INFO - [2025-12-14T12:45:40.343+0000] {dagbag.py:545} INFO - Filling up the DagBag from /opt/airflow/dags/main.py
[2025-12-14T12:45:40.396+0000] {processor.py:840} INFO - DAG(s) 'youtube_video_stats' retrieved from /opt/airflow/dags/main.py
[2025-12-14T12:45:40.422+0000] {logging_mixin.py:188} INFO - [2025-12-14T12:45:40.422+0000] {dag.py:3096} INFO - Sync 1 DAGs
[2025-12-14T12:45:40.446+0000] {logging_mixin.py:188} INFO - [2025-12-14T12:45:40.446+0000] {dag.py:3954} INFO - Setting next_dagrun for youtube_video_stats to 2025-12-13 14:00:00+00:00, run_after=2025-12-14 14:00:00+00:00
[2025-12-14T12:45:40.468+0000] {processor.py:183} INFO - Processing /opt/airflow/dags/main.py took 0.142 seconds
[2025-12-14T12:46:10.671+0000] {processor.py:161} INFO - Started process (PID=1895) to work on /opt/airflow/dags/main.py
[2025-12-14T12:46:10.672+0000] {processor.py:830} INFO - Processing file /opt/airflow/dags/main.py for tasks to queue
[2025-12-14T12:46:10.674+0000] {logging_mixin.py:188} INFO - [2025-12-14T12:46:10.674+0000] {dagbag.py:545} INFO - Filling up the DagBag from /opt/airflow/dags/main.py
[2025-12-14T12:46:10.715+0000] {processor.py:840} INFO - DAG(s) 'youtube_video_stats' retrieved from /opt/airflow/dags/main.py
[2025-12-14T12:46:10.743+0000] {logging_mixin.py:188} INFO - [2025-12-14T12:46:10.743+0000] {dag.py:3096} INFO - Sync 1 DAGs
[2025-12-14T12:46:10.763+0000] {logging_mixin.py:188} INFO - [2025-12-14T12:46:10.763+0000] {dag.py:3954} INFO - Setting next_dagrun for youtube_video_stats to 2025-12-13 14:00:00+00:00, run_after=2025-12-14 14:00:00+00:00
[2025-12-14T12:46:10.785+0000] {processor.py:183} INFO - Processing /opt/airflow/dags/main.py took 0.121 seconds
[2025-12-14T12:46:40.984+0000] {processor.py:161} INFO - Started process (PID=1902) to work on /opt/airflow/dags/main.py
[2025-12-14T12:46:40.985+0000] {processor.py:830} INFO - Processing file /opt/airflow/dags/main.py for tasks to queue
[2025-12-14T12:46:40.987+0000] {logging_mixin.py:188} INFO - [2025-12-14T12:46:40.987+0000] {dagbag.py:545} INFO - Filling up the DagBag from /opt/airflow/dags/main.py
[2025-12-14T12:46:41.035+0000] {processor.py:840} INFO - DAG(s) 'youtube_video_stats' retrieved from /opt/airflow/dags/main.py
[2025-12-14T12:46:41.059+0000] {logging_mixin.py:188} INFO - [2025-12-14T12:46:41.059+0000] {dag.py:3096} INFO - Sync 1 DAGs
[2025-12-14T12:46:41.082+0000] {logging_mixin.py:188} INFO - [2025-12-14T12:46:41.082+0000] {dag.py:3954} INFO - Setting next_dagrun for youtube_video_stats to 2025-12-13 14:00:00+00:00, run_after=2025-12-14 14:00:00+00:00
[2025-12-14T12:46:41.104+0000] {processor.py:183} INFO - Processing /opt/airflow/dags/main.py took 0.129 seconds
[2025-12-14T12:47:11.286+0000] {processor.py:161} INFO - Started process (PID=1909) to work on /opt/airflow/dags/main.py
[2025-12-14T12:47:11.287+0000] {processor.py:830} INFO - Processing file /opt/airflow/dags/main.py for tasks to queue
[2025-12-14T12:47:11.289+0000] {logging_mixin.py:188} INFO - [2025-12-14T12:47:11.289+0000] {dagbag.py:545} INFO - Filling up the DagBag from /opt/airflow/dags/main.py
[2025-12-14T12:47:11.325+0000] {processor.py:840} INFO - DAG(s) 'youtube_video_stats' retrieved from /opt/airflow/dags/main.py
[2025-12-14T12:47:11.347+0000] {logging_mixin.py:188} INFO - [2025-12-14T12:47:11.347+0000] {dag.py:3096} INFO - Sync 1 DAGs
[2025-12-14T12:47:11.364+0000] {logging_mixin.py:188} INFO - [2025-12-14T12:47:11.364+0000] {dag.py:3954} INFO - Setting next_dagrun for youtube_video_stats to 2025-12-13 14:00:00+00:00, run_after=2025-12-14 14:00:00+00:00
[2025-12-14T12:47:11.387+0000] {processor.py:183} INFO - Processing /opt/airflow/dags/main.py took 0.106 seconds
[2025-12-14T12:47:41.549+0000] {processor.py:161} INFO - Started process (PID=1916) to work on /opt/airflow/dags/main.py
[2025-12-14T12:47:41.550+0000] {processor.py:830} INFO - Processing file /opt/airflow/dags/main.py for tasks to queue
[2025-12-14T12:47:41.551+0000] {logging_mixin.py:188} INFO - [2025-12-14T12:47:41.551+0000] {dagbag.py:545} INFO - Filling up the DagBag from /opt/airflow/dags/main.py
[2025-12-14T12:47:41.585+0000] {processor.py:840} INFO - DAG(s) 'youtube_video_stats' retrieved from /opt/airflow/dags/main.py
[2025-12-14T12:47:41.607+0000] {logging_mixin.py:188} INFO - [2025-12-14T12:47:41.607+0000] {dag.py:3096} INFO - Sync 1 DAGs
[2025-12-14T12:47:41.627+0000] {logging_mixin.py:188} INFO - [2025-12-14T12:47:41.627+0000] {dag.py:3954} INFO - Setting next_dagrun for youtube_video_stats to 2025-12-13 14:00:00+00:00, run_after=2025-12-14 14:00:00+00:00
[2025-12-14T12:47:41.643+0000] {processor.py:183} INFO - Processing /opt/airflow/dags/main.py took 0.101 seconds
[2025-12-14T12:48:11.834+0000] {processor.py:161} INFO - Started process (PID=1924) to work on /opt/airflow/dags/main.py
[2025-12-14T12:48:11.835+0000] {processor.py:830} INFO - Processing file /opt/airflow/dags/main.py for tasks to queue
[2025-12-14T12:48:11.837+0000] {logging_mixin.py:188} INFO - [2025-12-14T12:48:11.836+0000] {dagbag.py:545} INFO - Filling up the DagBag from /opt/airflow/dags/main.py
[2025-12-14T12:48:11.873+0000] {processor.py:840} INFO - DAG(s) 'youtube_video_stats' retrieved from /opt/airflow/dags/main.py
[2025-12-14T12:48:11.896+0000] {logging_mixin.py:188} INFO - [2025-12-14T12:48:11.895+0000] {dag.py:3096} INFO - Sync 1 DAGs
[2025-12-14T12:48:11.914+0000] {logging_mixin.py:188} INFO - [2025-12-14T12:48:11.914+0000] {dag.py:3954} INFO - Setting next_dagrun for youtube_video_stats to 2025-12-13 14:00:00+00:00, run_after=2025-12-14 14:00:00+00:00
[2025-12-14T12:48:11.931+0000] {processor.py:183} INFO - Processing /opt/airflow/dags/main.py took 0.102 seconds
[2025-12-14T12:48:42.109+0000] {processor.py:161} INFO - Started process (PID=1931) to work on /opt/airflow/dags/main.py
[2025-12-14T12:48:42.110+0000] {processor.py:830} INFO - Processing file /opt/airflow/dags/main.py for tasks to queue
[2025-12-14T12:48:42.112+0000] {logging_mixin.py:188} INFO - [2025-12-14T12:48:42.112+0000] {dagbag.py:545} INFO - Filling up the DagBag from /opt/airflow/dags/main.py
[2025-12-14T12:48:42.145+0000] {processor.py:840} INFO - DAG(s) 'youtube_video_stats' retrieved from /opt/airflow/dags/main.py
[2025-12-14T12:48:42.167+0000] {logging_mixin.py:188} INFO - [2025-12-14T12:48:42.167+0000] {dag.py:3096} INFO - Sync 1 DAGs
[2025-12-14T12:48:42.185+0000] {logging_mixin.py:188} INFO - [2025-12-14T12:48:42.185+0000] {dag.py:3954} INFO - Setting next_dagrun for youtube_video_stats to 2025-12-13 14:00:00+00:00, run_after=2025-12-14 14:00:00+00:00
[2025-12-14T12:48:42.201+0000] {processor.py:183} INFO - Processing /opt/airflow/dags/main.py took 0.097 seconds
[2025-12-14T12:49:12.394+0000] {processor.py:161} INFO - Started process (PID=1938) to work on /opt/airflow/dags/main.py
[2025-12-14T12:49:12.395+0000] {processor.py:830} INFO - Processing file /opt/airflow/dags/main.py for tasks to queue
[2025-12-14T12:49:12.397+0000] {logging_mixin.py:188} INFO - [2025-12-14T12:49:12.397+0000] {dagbag.py:545} INFO - Filling up the DagBag from /opt/airflow/dags/main.py
[2025-12-14T12:49:12.431+0000] {processor.py:840} INFO - DAG(s) 'youtube_video_stats' retrieved from /opt/airflow/dags/main.py
[2025-12-14T12:49:12.455+0000] {logging_mixin.py:188} INFO - [2025-12-14T12:49:12.454+0000] {dag.py:3096} INFO - Sync 1 DAGs
[2025-12-14T12:49:12.474+0000] {logging_mixin.py:188} INFO - [2025-12-14T12:49:12.473+0000] {dag.py:3954} INFO - Setting next_dagrun for youtube_video_stats to 2025-12-13 14:00:00+00:00, run_after=2025-12-14 14:00:00+00:00
[2025-12-14T12:49:12.493+0000] {processor.py:183} INFO - Processing /opt/airflow/dags/main.py took 0.104 seconds
[2025-12-14T12:49:42.708+0000] {processor.py:161} INFO - Started process (PID=1945) to work on /opt/airflow/dags/main.py
[2025-12-14T12:49:42.709+0000] {processor.py:830} INFO - Processing file /opt/airflow/dags/main.py for tasks to queue
[2025-12-14T12:49:42.715+0000] {logging_mixin.py:188} INFO - [2025-12-14T12:49:42.714+0000] {dagbag.py:545} INFO - Filling up the DagBag from /opt/airflow/dags/main.py
[2025-12-14T12:49:42.744+0000] {processor.py:840} INFO - DAG(s) 'youtube_video_stats' retrieved from /opt/airflow/dags/main.py
[2025-12-14T12:49:42.765+0000] {logging_mixin.py:188} INFO - [2025-12-14T12:49:42.765+0000] {dag.py:3096} INFO - Sync 1 DAGs
[2025-12-14T12:49:42.783+0000] {logging_mixin.py:188} INFO - [2025-12-14T12:49:42.783+0000] {dag.py:3954} INFO - Setting next_dagrun for youtube_video_stats to 2025-12-13 14:00:00+00:00, run_after=2025-12-14 14:00:00+00:00
[2025-12-14T12:49:42.800+0000] {processor.py:183} INFO - Processing /opt/airflow/dags/main.py took 0.098 seconds
[2025-12-14T12:50:12.960+0000] {processor.py:161} INFO - Started process (PID=1952) to work on /opt/airflow/dags/main.py
[2025-12-14T12:50:12.961+0000] {processor.py:830} INFO - Processing file /opt/airflow/dags/main.py for tasks to queue
[2025-12-14T12:50:12.963+0000] {logging_mixin.py:188} INFO - [2025-12-14T12:50:12.962+0000] {dagbag.py:545} INFO - Filling up the DagBag from /opt/airflow/dags/main.py
[2025-12-14T12:50:12.996+0000] {processor.py:840} INFO - DAG(s) 'youtube_video_stats' retrieved from /opt/airflow/dags/main.py
[2025-12-14T12:50:13.020+0000] {logging_mixin.py:188} INFO - [2025-12-14T12:50:13.020+0000] {dag.py:3096} INFO - Sync 1 DAGs
[2025-12-14T12:50:13.039+0000] {logging_mixin.py:188} INFO - [2025-12-14T12:50:13.039+0000] {dag.py:3954} INFO - Setting next_dagrun for youtube_video_stats to 2025-12-13 14:00:00+00:00, run_after=2025-12-14 14:00:00+00:00
[2025-12-14T12:50:13.057+0000] {processor.py:183} INFO - Processing /opt/airflow/dags/main.py took 0.102 seconds
[2025-12-14T12:50:43.268+0000] {processor.py:161} INFO - Started process (PID=1959) to work on /opt/airflow/dags/main.py
[2025-12-14T12:50:43.269+0000] {processor.py:830} INFO - Processing file /opt/airflow/dags/main.py for tasks to queue
[2025-12-14T12:50:43.271+0000] {logging_mixin.py:188} INFO - [2025-12-14T12:50:43.270+0000] {dagbag.py:545} INFO - Filling up the DagBag from /opt/airflow/dags/main.py
[2025-12-14T12:50:43.304+0000] {processor.py:840} INFO - DAG(s) 'youtube_video_stats' retrieved from /opt/airflow/dags/main.py
[2025-12-14T12:50:43.326+0000] {logging_mixin.py:188} INFO - [2025-12-14T12:50:43.326+0000] {dag.py:3096} INFO - Sync 1 DAGs
[2025-12-14T12:50:43.344+0000] {logging_mixin.py:188} INFO - [2025-12-14T12:50:43.344+0000] {dag.py:3954} INFO - Setting next_dagrun for youtube_video_stats to 2025-12-13 14:00:00+00:00, run_after=2025-12-14 14:00:00+00:00
[2025-12-14T12:50:43.369+0000] {processor.py:183} INFO - Processing /opt/airflow/dags/main.py took 0.106 seconds
[2025-12-14T12:51:13.501+0000] {processor.py:161} INFO - Started process (PID=1966) to work on /opt/airflow/dags/main.py
[2025-12-14T12:51:13.503+0000] {processor.py:830} INFO - Processing file /opt/airflow/dags/main.py for tasks to queue
[2025-12-14T12:51:13.505+0000] {logging_mixin.py:188} INFO - [2025-12-14T12:51:13.505+0000] {dagbag.py:545} INFO - Filling up the DagBag from /opt/airflow/dags/main.py
[2025-12-14T12:51:13.551+0000] {processor.py:840} INFO - DAG(s) 'youtube_video_stats' retrieved from /opt/airflow/dags/main.py
[2025-12-14T12:51:13.582+0000] {logging_mixin.py:188} INFO - [2025-12-14T12:51:13.582+0000] {dag.py:3096} INFO - Sync 1 DAGs
[2025-12-14T12:51:13.605+0000] {logging_mixin.py:188} INFO - [2025-12-14T12:51:13.604+0000] {dag.py:3954} INFO - Setting next_dagrun for youtube_video_stats to 2025-12-13 14:00:00+00:00, run_after=2025-12-14 14:00:00+00:00
[2025-12-14T12:51:13.626+0000] {processor.py:183} INFO - Processing /opt/airflow/dags/main.py took 0.131 seconds
[2025-12-14T12:51:43.859+0000] {processor.py:161} INFO - Started process (PID=1973) to work on /opt/airflow/dags/main.py
[2025-12-14T12:51:43.860+0000] {processor.py:830} INFO - Processing file /opt/airflow/dags/main.py for tasks to queue
[2025-12-14T12:51:43.862+0000] {logging_mixin.py:188} INFO - [2025-12-14T12:51:43.861+0000] {dagbag.py:545} INFO - Filling up the DagBag from /opt/airflow/dags/main.py
[2025-12-14T12:51:43.908+0000] {processor.py:840} INFO - DAG(s) 'youtube_video_stats' retrieved from /opt/airflow/dags/main.py
[2025-12-14T12:51:43.945+0000] {logging_mixin.py:188} INFO - [2025-12-14T12:51:43.945+0000] {dag.py:3096} INFO - Sync 1 DAGs
[2025-12-14T12:51:43.972+0000] {logging_mixin.py:188} INFO - [2025-12-14T12:51:43.972+0000] {dag.py:3954} INFO - Setting next_dagrun for youtube_video_stats to 2025-12-13 14:00:00+00:00, run_after=2025-12-14 14:00:00+00:00
[2025-12-14T12:51:43.999+0000] {processor.py:183} INFO - Processing /opt/airflow/dags/main.py took 0.147 seconds
[2025-12-14T12:52:14.089+0000] {processor.py:161} INFO - Started process (PID=1980) to work on /opt/airflow/dags/main.py
[2025-12-14T12:52:14.090+0000] {processor.py:830} INFO - Processing file /opt/airflow/dags/main.py for tasks to queue
[2025-12-14T12:52:14.092+0000] {logging_mixin.py:188} INFO - [2025-12-14T12:52:14.092+0000] {dagbag.py:545} INFO - Filling up the DagBag from /opt/airflow/dags/main.py
[2025-12-14T12:52:14.131+0000] {processor.py:840} INFO - DAG(s) 'youtube_video_stats' retrieved from /opt/airflow/dags/main.py
[2025-12-14T12:52:14.160+0000] {logging_mixin.py:188} INFO - [2025-12-14T12:52:14.160+0000] {dag.py:3096} INFO - Sync 1 DAGs
[2025-12-14T12:52:14.182+0000] {logging_mixin.py:188} INFO - [2025-12-14T12:52:14.182+0000] {dag.py:3954} INFO - Setting next_dagrun for youtube_video_stats to 2025-12-13 14:00:00+00:00, run_after=2025-12-14 14:00:00+00:00
[2025-12-14T12:52:14.207+0000] {processor.py:183} INFO - Processing /opt/airflow/dags/main.py took 0.124 seconds
[2025-12-14T12:52:44.446+0000] {processor.py:161} INFO - Started process (PID=1987) to work on /opt/airflow/dags/main.py
[2025-12-14T12:52:44.447+0000] {processor.py:830} INFO - Processing file /opt/airflow/dags/main.py for tasks to queue
[2025-12-14T12:52:44.461+0000] {logging_mixin.py:188} INFO - [2025-12-14T12:52:44.460+0000] {dagbag.py:545} INFO - Filling up the DagBag from /opt/airflow/dags/main.py
[2025-12-14T12:52:44.500+0000] {processor.py:840} INFO - DAG(s) 'youtube_video_stats' retrieved from /opt/airflow/dags/main.py
[2025-12-14T12:52:44.523+0000] {logging_mixin.py:188} INFO - [2025-12-14T12:52:44.523+0000] {dag.py:3096} INFO - Sync 1 DAGs
[2025-12-14T12:52:44.543+0000] {logging_mixin.py:188} INFO - [2025-12-14T12:52:44.542+0000] {dag.py:3954} INFO - Setting next_dagrun for youtube_video_stats to 2025-12-13 14:00:00+00:00, run_after=2025-12-14 14:00:00+00:00
[2025-12-14T12:52:44.562+0000] {processor.py:183} INFO - Processing /opt/airflow/dags/main.py took 0.123 seconds
[2025-12-14T12:53:14.644+0000] {processor.py:161} INFO - Started process (PID=1994) to work on /opt/airflow/dags/main.py
[2025-12-14T12:53:14.645+0000] {processor.py:830} INFO - Processing file /opt/airflow/dags/main.py for tasks to queue
[2025-12-14T12:53:14.647+0000] {logging_mixin.py:188} INFO - [2025-12-14T12:53:14.646+0000] {dagbag.py:545} INFO - Filling up the DagBag from /opt/airflow/dags/main.py
[2025-12-14T12:53:14.679+0000] {processor.py:840} INFO - DAG(s) 'youtube_video_stats' retrieved from /opt/airflow/dags/main.py
[2025-12-14T12:53:14.704+0000] {logging_mixin.py:188} INFO - [2025-12-14T12:53:14.704+0000] {dag.py:3096} INFO - Sync 1 DAGs
[2025-12-14T12:53:14.723+0000] {logging_mixin.py:188} INFO - [2025-12-14T12:53:14.723+0000] {dag.py:3954} INFO - Setting next_dagrun for youtube_video_stats to 2025-12-13 14:00:00+00:00, run_after=2025-12-14 14:00:00+00:00
[2025-12-14T12:53:14.739+0000] {processor.py:183} INFO - Processing /opt/airflow/dags/main.py took 0.101 seconds
[2025-12-14T12:53:44.957+0000] {processor.py:161} INFO - Started process (PID=2001) to work on /opt/airflow/dags/main.py
[2025-12-14T12:53:44.959+0000] {processor.py:830} INFO - Processing file /opt/airflow/dags/main.py for tasks to queue
[2025-12-14T12:53:44.961+0000] {logging_mixin.py:188} INFO - [2025-12-14T12:53:44.960+0000] {dagbag.py:545} INFO - Filling up the DagBag from /opt/airflow/dags/main.py
[2025-12-14T12:53:44.997+0000] {processor.py:840} INFO - DAG(s) 'youtube_video_stats' retrieved from /opt/airflow/dags/main.py
[2025-12-14T12:53:45.020+0000] {logging_mixin.py:188} INFO - [2025-12-14T12:53:45.020+0000] {dag.py:3096} INFO - Sync 1 DAGs
[2025-12-14T12:53:45.039+0000] {logging_mixin.py:188} INFO - [2025-12-14T12:53:45.039+0000] {dag.py:3954} INFO - Setting next_dagrun for youtube_video_stats to 2025-12-13 14:00:00+00:00, run_after=2025-12-14 14:00:00+00:00
[2025-12-14T12:53:45.057+0000] {processor.py:183} INFO - Processing /opt/airflow/dags/main.py took 0.105 seconds
[2025-12-14T12:54:15.159+0000] {processor.py:161} INFO - Started process (PID=2008) to work on /opt/airflow/dags/main.py
[2025-12-14T12:54:15.161+0000] {processor.py:830} INFO - Processing file /opt/airflow/dags/main.py for tasks to queue
[2025-12-14T12:54:15.163+0000] {logging_mixin.py:188} INFO - [2025-12-14T12:54:15.162+0000] {dagbag.py:545} INFO - Filling up the DagBag from /opt/airflow/dags/main.py
[2025-12-14T12:54:15.197+0000] {processor.py:840} INFO - DAG(s) 'youtube_video_stats' retrieved from /opt/airflow/dags/main.py
[2025-12-14T12:54:15.221+0000] {logging_mixin.py:188} INFO - [2025-12-14T12:54:15.220+0000] {dag.py:3096} INFO - Sync 1 DAGs
[2025-12-14T12:54:15.240+0000] {logging_mixin.py:188} INFO - [2025-12-14T12:54:15.239+0000] {dag.py:3954} INFO - Setting next_dagrun for youtube_video_stats to 2025-12-13 14:00:00+00:00, run_after=2025-12-14 14:00:00+00:00
[2025-12-14T12:54:15.259+0000] {processor.py:183} INFO - Processing /opt/airflow/dags/main.py took 0.105 seconds
[2025-12-14T12:54:45.451+0000] {processor.py:161} INFO - Started process (PID=2015) to work on /opt/airflow/dags/main.py
[2025-12-14T12:54:45.453+0000] {processor.py:830} INFO - Processing file /opt/airflow/dags/main.py for tasks to queue
[2025-12-14T12:54:45.454+0000] {logging_mixin.py:188} INFO - [2025-12-14T12:54:45.454+0000] {dagbag.py:545} INFO - Filling up the DagBag from /opt/airflow/dags/main.py
[2025-12-14T12:54:45.492+0000] {processor.py:840} INFO - DAG(s) 'youtube_video_stats' retrieved from /opt/airflow/dags/main.py
[2025-12-14T12:54:45.515+0000] {logging_mixin.py:188} INFO - [2025-12-14T12:54:45.515+0000] {dag.py:3096} INFO - Sync 1 DAGs
[2025-12-14T12:54:45.533+0000] {logging_mixin.py:188} INFO - [2025-12-14T12:54:45.533+0000] {dag.py:3954} INFO - Setting next_dagrun for youtube_video_stats to 2025-12-13 14:00:00+00:00, run_after=2025-12-14 14:00:00+00:00
[2025-12-14T12:54:45.553+0000] {processor.py:183} INFO - Processing /opt/airflow/dags/main.py took 0.110 seconds
[2025-12-14T12:55:15.698+0000] {processor.py:161} INFO - Started process (PID=2022) to work on /opt/airflow/dags/main.py
[2025-12-14T12:55:15.699+0000] {processor.py:830} INFO - Processing file /opt/airflow/dags/main.py for tasks to queue
[2025-12-14T12:55:15.701+0000] {logging_mixin.py:188} INFO - [2025-12-14T12:55:15.700+0000] {dagbag.py:545} INFO - Filling up the DagBag from /opt/airflow/dags/main.py
[2025-12-14T12:55:15.744+0000] {processor.py:840} INFO - DAG(s) 'youtube_video_stats' retrieved from /opt/airflow/dags/main.py
[2025-12-14T12:55:15.767+0000] {logging_mixin.py:188} INFO - [2025-12-14T12:55:15.767+0000] {dag.py:3096} INFO - Sync 1 DAGs
[2025-12-14T12:55:15.784+0000] {logging_mixin.py:188} INFO - [2025-12-14T12:55:15.784+0000] {dag.py:3954} INFO - Setting next_dagrun for youtube_video_stats to 2025-12-13 14:00:00+00:00, run_after=2025-12-14 14:00:00+00:00
[2025-12-14T12:55:15.802+0000] {processor.py:183} INFO - Processing /opt/airflow/dags/main.py took 0.109 seconds
[2025-12-14T12:55:46.049+0000] {processor.py:161} INFO - Started process (PID=2029) to work on /opt/airflow/dags/main.py
[2025-12-14T12:55:46.050+0000] {processor.py:830} INFO - Processing file /opt/airflow/dags/main.py for tasks to queue
[2025-12-14T12:55:46.052+0000] {logging_mixin.py:188} INFO - [2025-12-14T12:55:46.051+0000] {dagbag.py:545} INFO - Filling up the DagBag from /opt/airflow/dags/main.py
[2025-12-14T12:55:46.085+0000] {processor.py:840} INFO - DAG(s) 'youtube_video_stats' retrieved from /opt/airflow/dags/main.py
[2025-12-14T12:55:46.107+0000] {logging_mixin.py:188} INFO - [2025-12-14T12:55:46.106+0000] {dag.py:3096} INFO - Sync 1 DAGs
[2025-12-14T12:55:46.124+0000] {logging_mixin.py:188} INFO - [2025-12-14T12:55:46.123+0000] {dag.py:3954} INFO - Setting next_dagrun for youtube_video_stats to 2025-12-13 14:00:00+00:00, run_after=2025-12-14 14:00:00+00:00
[2025-12-14T12:55:46.139+0000] {processor.py:183} INFO - Processing /opt/airflow/dags/main.py took 0.095 seconds
[2025-12-14T12:56:16.363+0000] {processor.py:161} INFO - Started process (PID=2036) to work on /opt/airflow/dags/main.py
[2025-12-14T12:56:16.364+0000] {processor.py:830} INFO - Processing file /opt/airflow/dags/main.py for tasks to queue
[2025-12-14T12:56:16.365+0000] {logging_mixin.py:188} INFO - [2025-12-14T12:56:16.365+0000] {dagbag.py:545} INFO - Filling up the DagBag from /opt/airflow/dags/main.py
[2025-12-14T12:56:16.399+0000] {processor.py:840} INFO - DAG(s) 'youtube_video_stats' retrieved from /opt/airflow/dags/main.py
[2025-12-14T12:56:16.421+0000] {logging_mixin.py:188} INFO - [2025-12-14T12:56:16.421+0000] {dag.py:3096} INFO - Sync 1 DAGs
[2025-12-14T12:56:16.439+0000] {logging_mixin.py:188} INFO - [2025-12-14T12:56:16.439+0000] {dag.py:3954} INFO - Setting next_dagrun for youtube_video_stats to 2025-12-13 14:00:00+00:00, run_after=2025-12-14 14:00:00+00:00
[2025-12-14T12:56:16.458+0000] {processor.py:183} INFO - Processing /opt/airflow/dags/main.py took 0.100 seconds
[2025-12-14T12:56:46.596+0000] {processor.py:161} INFO - Started process (PID=2044) to work on /opt/airflow/dags/main.py
[2025-12-14T12:56:46.598+0000] {processor.py:830} INFO - Processing file /opt/airflow/dags/main.py for tasks to queue
[2025-12-14T12:56:46.600+0000] {logging_mixin.py:188} INFO - [2025-12-14T12:56:46.600+0000] {dagbag.py:545} INFO - Filling up the DagBag from /opt/airflow/dags/main.py
[2025-12-14T12:56:46.653+0000] {processor.py:840} INFO - DAG(s) 'youtube_video_stats' retrieved from /opt/airflow/dags/main.py
[2025-12-14T12:56:46.678+0000] {logging_mixin.py:188} INFO - [2025-12-14T12:56:46.678+0000] {dag.py:3096} INFO - Sync 1 DAGs
[2025-12-14T12:56:46.703+0000] {logging_mixin.py:188} INFO - [2025-12-14T12:56:46.703+0000] {dag.py:3954} INFO - Setting next_dagrun for youtube_video_stats to 2025-12-13 14:00:00+00:00, run_after=2025-12-14 14:00:00+00:00
[2025-12-14T12:56:46.724+0000] {processor.py:183} INFO - Processing /opt/airflow/dags/main.py took 0.136 seconds
[2025-12-14T12:57:16.909+0000] {processor.py:161} INFO - Started process (PID=2051) to work on /opt/airflow/dags/main.py
[2025-12-14T12:57:16.910+0000] {processor.py:830} INFO - Processing file /opt/airflow/dags/main.py for tasks to queue
[2025-12-14T12:57:16.912+0000] {logging_mixin.py:188} INFO - [2025-12-14T12:57:16.912+0000] {dagbag.py:545} INFO - Filling up the DagBag from /opt/airflow/dags/main.py
[2025-12-14T12:57:16.956+0000] {processor.py:840} INFO - DAG(s) 'youtube_video_stats' retrieved from /opt/airflow/dags/main.py
[2025-12-14T12:57:16.984+0000] {logging_mixin.py:188} INFO - [2025-12-14T12:57:16.984+0000] {dag.py:3096} INFO - Sync 1 DAGs
[2025-12-14T12:57:17.004+0000] {logging_mixin.py:188} INFO - [2025-12-14T12:57:17.003+0000] {dag.py:3954} INFO - Setting next_dagrun for youtube_video_stats to 2025-12-13 14:00:00+00:00, run_after=2025-12-14 14:00:00+00:00
[2025-12-14T12:57:17.023+0000] {processor.py:183} INFO - Processing /opt/airflow/dags/main.py took 0.122 seconds
[2025-12-14T12:57:47.146+0000] {processor.py:161} INFO - Started process (PID=2058) to work on /opt/airflow/dags/main.py
[2025-12-14T12:57:47.147+0000] {processor.py:830} INFO - Processing file /opt/airflow/dags/main.py for tasks to queue
[2025-12-14T12:57:47.149+0000] {logging_mixin.py:188} INFO - [2025-12-14T12:57:47.149+0000] {dagbag.py:545} INFO - Filling up the DagBag from /opt/airflow/dags/main.py
[2025-12-14T12:57:47.190+0000] {processor.py:840} INFO - DAG(s) 'youtube_video_stats' retrieved from /opt/airflow/dags/main.py
[2025-12-14T12:57:47.225+0000] {logging_mixin.py:188} INFO - [2025-12-14T12:57:47.225+0000] {dag.py:3096} INFO - Sync 1 DAGs
[2025-12-14T12:57:47.248+0000] {logging_mixin.py:188} INFO - [2025-12-14T12:57:47.247+0000] {dag.py:3954} INFO - Setting next_dagrun for youtube_video_stats to 2025-12-13 14:00:00+00:00, run_after=2025-12-14 14:00:00+00:00
[2025-12-14T12:57:47.295+0000] {processor.py:183} INFO - Processing /opt/airflow/dags/main.py took 0.156 seconds
[2025-12-14T12:58:17.394+0000] {processor.py:161} INFO - Started process (PID=2065) to work on /opt/airflow/dags/main.py
[2025-12-14T12:58:17.395+0000] {processor.py:830} INFO - Processing file /opt/airflow/dags/main.py for tasks to queue
[2025-12-14T12:58:17.397+0000] {logging_mixin.py:188} INFO - [2025-12-14T12:58:17.396+0000] {dagbag.py:545} INFO - Filling up the DagBag from /opt/airflow/dags/main.py
[2025-12-14T12:58:17.426+0000] {processor.py:840} INFO - DAG(s) 'youtube_video_stats' retrieved from /opt/airflow/dags/main.py
[2025-12-14T12:58:17.450+0000] {logging_mixin.py:188} INFO - [2025-12-14T12:58:17.449+0000] {dag.py:3096} INFO - Sync 1 DAGs
[2025-12-14T12:58:17.469+0000] {logging_mixin.py:188} INFO - [2025-12-14T12:58:17.468+0000] {dag.py:3954} INFO - Setting next_dagrun for youtube_video_stats to 2025-12-13 14:00:00+00:00, run_after=2025-12-14 14:00:00+00:00
[2025-12-14T12:58:17.485+0000] {processor.py:183} INFO - Processing /opt/airflow/dags/main.py took 0.099 seconds
[2025-12-14T12:58:47.585+0000] {processor.py:161} INFO - Started process (PID=2072) to work on /opt/airflow/dags/main.py
[2025-12-14T12:58:47.586+0000] {processor.py:830} INFO - Processing file /opt/airflow/dags/main.py for tasks to queue
[2025-12-14T12:58:47.587+0000] {logging_mixin.py:188} INFO - [2025-12-14T12:58:47.587+0000] {dagbag.py:545} INFO - Filling up the DagBag from /opt/airflow/dags/main.py
[2025-12-14T12:58:47.624+0000] {processor.py:840} INFO - DAG(s) 'youtube_video_stats' retrieved from /opt/airflow/dags/main.py
[2025-12-14T12:58:47.647+0000] {logging_mixin.py:188} INFO - [2025-12-14T12:58:47.647+0000] {dag.py:3096} INFO - Sync 1 DAGs
[2025-12-14T12:58:47.668+0000] {logging_mixin.py:188} INFO - [2025-12-14T12:58:47.667+0000] {dag.py:3954} INFO - Setting next_dagrun for youtube_video_stats to 2025-12-13 14:00:00+00:00, run_after=2025-12-14 14:00:00+00:00
[2025-12-14T12:58:47.685+0000] {processor.py:183} INFO - Processing /opt/airflow/dags/main.py took 0.105 seconds
[2025-12-14T12:59:17.878+0000] {processor.py:161} INFO - Started process (PID=2079) to work on /opt/airflow/dags/main.py
[2025-12-14T12:59:17.879+0000] {processor.py:830} INFO - Processing file /opt/airflow/dags/main.py for tasks to queue
[2025-12-14T12:59:17.881+0000] {logging_mixin.py:188} INFO - [2025-12-14T12:59:17.880+0000] {dagbag.py:545} INFO - Filling up the DagBag from /opt/airflow/dags/main.py
[2025-12-14T12:59:17.922+0000] {processor.py:840} INFO - DAG(s) 'youtube_video_stats' retrieved from /opt/airflow/dags/main.py
[2025-12-14T12:59:17.952+0000] {logging_mixin.py:188} INFO - [2025-12-14T12:59:17.952+0000] {dag.py:3096} INFO - Sync 1 DAGs
[2025-12-14T12:59:17.976+0000] {logging_mixin.py:188} INFO - [2025-12-14T12:59:17.976+0000] {dag.py:3954} INFO - Setting next_dagrun for youtube_video_stats to 2025-12-13 14:00:00+00:00, run_after=2025-12-14 14:00:00+00:00
[2025-12-14T12:59:17.993+0000] {processor.py:183} INFO - Processing /opt/airflow/dags/main.py took 0.121 seconds
[2025-12-14T12:59:48.104+0000] {processor.py:161} INFO - Started process (PID=2086) to work on /opt/airflow/dags/main.py
[2025-12-14T12:59:48.105+0000] {processor.py:830} INFO - Processing file /opt/airflow/dags/main.py for tasks to queue
[2025-12-14T12:59:48.107+0000] {logging_mixin.py:188} INFO - [2025-12-14T12:59:48.106+0000] {dagbag.py:545} INFO - Filling up the DagBag from /opt/airflow/dags/main.py
[2025-12-14T12:59:48.196+0000] {processor.py:840} INFO - DAG(s) 'youtube_video_stats' retrieved from /opt/airflow/dags/main.py
[2025-12-14T12:59:48.220+0000] {logging_mixin.py:188} INFO - [2025-12-14T12:59:48.220+0000] {dag.py:3096} INFO - Sync 1 DAGs
[2025-12-14T12:59:48.238+0000] {logging_mixin.py:188} INFO - [2025-12-14T12:59:48.238+0000] {dag.py:3954} INFO - Setting next_dagrun for youtube_video_stats to 2025-12-13 14:00:00+00:00, run_after=2025-12-14 14:00:00+00:00
[2025-12-14T12:59:48.257+0000] {processor.py:183} INFO - Processing /opt/airflow/dags/main.py took 0.159 seconds
[2025-12-14T13:00:18.403+0000] {processor.py:161} INFO - Started process (PID=2093) to work on /opt/airflow/dags/main.py
[2025-12-14T13:00:18.404+0000] {processor.py:830} INFO - Processing file /opt/airflow/dags/main.py for tasks to queue
[2025-12-14T13:00:18.406+0000] {logging_mixin.py:188} INFO - [2025-12-14T13:00:18.406+0000] {dagbag.py:545} INFO - Filling up the DagBag from /opt/airflow/dags/main.py
[2025-12-14T13:00:18.448+0000] {processor.py:840} INFO - DAG(s) 'youtube_video_stats' retrieved from /opt/airflow/dags/main.py
[2025-12-14T13:00:18.473+0000] {logging_mixin.py:188} INFO - [2025-12-14T13:00:18.473+0000] {dag.py:3096} INFO - Sync 1 DAGs
[2025-12-14T13:00:18.499+0000] {logging_mixin.py:188} INFO - [2025-12-14T13:00:18.498+0000] {dag.py:3954} INFO - Setting next_dagrun for youtube_video_stats to 2025-12-13 14:00:00+00:00, run_after=2025-12-14 14:00:00+00:00
[2025-12-14T13:00:18.520+0000] {processor.py:183} INFO - Processing /opt/airflow/dags/main.py took 0.123 seconds
[2025-12-14T13:00:48.657+0000] {processor.py:161} INFO - Started process (PID=2100) to work on /opt/airflow/dags/main.py
[2025-12-14T13:00:48.658+0000] {processor.py:830} INFO - Processing file /opt/airflow/dags/main.py for tasks to queue
[2025-12-14T13:00:48.659+0000] {logging_mixin.py:188} INFO - [2025-12-14T13:00:48.659+0000] {dagbag.py:545} INFO - Filling up the DagBag from /opt/airflow/dags/main.py
[2025-12-14T13:00:48.698+0000] {processor.py:840} INFO - DAG(s) 'youtube_video_stats' retrieved from /opt/airflow/dags/main.py
[2025-12-14T13:00:48.727+0000] {logging_mixin.py:188} INFO - [2025-12-14T13:00:48.726+0000] {dag.py:3096} INFO - Sync 1 DAGs
[2025-12-14T13:00:48.748+0000] {logging_mixin.py:188} INFO - [2025-12-14T13:00:48.747+0000] {dag.py:3954} INFO - Setting next_dagrun for youtube_video_stats to 2025-12-13 14:00:00+00:00, run_after=2025-12-14 14:00:00+00:00
[2025-12-14T13:00:48.768+0000] {processor.py:183} INFO - Processing /opt/airflow/dags/main.py took 0.117 seconds
[2025-12-14T13:01:18.993+0000] {processor.py:161} INFO - Started process (PID=2107) to work on /opt/airflow/dags/main.py
[2025-12-14T13:01:18.994+0000] {processor.py:830} INFO - Processing file /opt/airflow/dags/main.py for tasks to queue
[2025-12-14T13:01:18.996+0000] {logging_mixin.py:188} INFO - [2025-12-14T13:01:18.996+0000] {dagbag.py:545} INFO - Filling up the DagBag from /opt/airflow/dags/main.py
[2025-12-14T13:01:19.044+0000] {processor.py:840} INFO - DAG(s) 'youtube_video_stats' retrieved from /opt/airflow/dags/main.py
[2025-12-14T13:01:19.074+0000] {logging_mixin.py:188} INFO - [2025-12-14T13:01:19.074+0000] {dag.py:3096} INFO - Sync 1 DAGs
[2025-12-14T13:01:19.099+0000] {logging_mixin.py:188} INFO - [2025-12-14T13:01:19.099+0000] {dag.py:3954} INFO - Setting next_dagrun for youtube_video_stats to 2025-12-13 14:00:00+00:00, run_after=2025-12-14 14:00:00+00:00
[2025-12-14T13:01:19.125+0000] {processor.py:183} INFO - Processing /opt/airflow/dags/main.py took 0.138 seconds
[2025-12-14T13:01:49.192+0000] {processor.py:161} INFO - Started process (PID=2114) to work on /opt/airflow/dags/main.py
[2025-12-14T13:01:49.193+0000] {processor.py:830} INFO - Processing file /opt/airflow/dags/main.py for tasks to queue
[2025-12-14T13:01:49.195+0000] {logging_mixin.py:188} INFO - [2025-12-14T13:01:49.195+0000] {dagbag.py:545} INFO - Filling up the DagBag from /opt/airflow/dags/main.py
[2025-12-14T13:01:49.245+0000] {processor.py:840} INFO - DAG(s) 'youtube_video_stats' retrieved from /opt/airflow/dags/main.py
[2025-12-14T13:01:49.273+0000] {logging_mixin.py:188} INFO - [2025-12-14T13:01:49.273+0000] {dag.py:3096} INFO - Sync 1 DAGs
[2025-12-14T13:01:49.295+0000] {logging_mixin.py:188} INFO - [2025-12-14T13:01:49.295+0000] {dag.py:3954} INFO - Setting next_dagrun for youtube_video_stats to 2025-12-13 14:00:00+00:00, run_after=2025-12-14 14:00:00+00:00
[2025-12-14T13:01:49.318+0000] {processor.py:183} INFO - Processing /opt/airflow/dags/main.py took 0.132 seconds
[2025-12-14T13:02:19.527+0000] {processor.py:161} INFO - Started process (PID=2121) to work on /opt/airflow/dags/main.py
[2025-12-14T13:02:19.528+0000] {processor.py:830} INFO - Processing file /opt/airflow/dags/main.py for tasks to queue
[2025-12-14T13:02:19.530+0000] {logging_mixin.py:188} INFO - [2025-12-14T13:02:19.530+0000] {dagbag.py:545} INFO - Filling up the DagBag from /opt/airflow/dags/main.py
[2025-12-14T13:02:19.564+0000] {processor.py:840} INFO - DAG(s) 'youtube_video_stats' retrieved from /opt/airflow/dags/main.py
[2025-12-14T13:02:19.586+0000] {logging_mixin.py:188} INFO - [2025-12-14T13:02:19.586+0000] {dag.py:3096} INFO - Sync 1 DAGs
[2025-12-14T13:02:19.608+0000] {logging_mixin.py:188} INFO - [2025-12-14T13:02:19.608+0000] {dag.py:3954} INFO - Setting next_dagrun for youtube_video_stats to 2025-12-13 14:00:00+00:00, run_after=2025-12-14 14:00:00+00:00
[2025-12-14T13:02:19.626+0000] {processor.py:183} INFO - Processing /opt/airflow/dags/main.py took 0.104 seconds
[2025-12-14T13:02:49.762+0000] {processor.py:161} INFO - Started process (PID=2128) to work on /opt/airflow/dags/main.py
[2025-12-14T13:02:49.763+0000] {processor.py:830} INFO - Processing file /opt/airflow/dags/main.py for tasks to queue
[2025-12-14T13:02:49.765+0000] {logging_mixin.py:188} INFO - [2025-12-14T13:02:49.765+0000] {dagbag.py:545} INFO - Filling up the DagBag from /opt/airflow/dags/main.py
[2025-12-14T13:02:49.798+0000] {processor.py:840} INFO - DAG(s) 'youtube_video_stats' retrieved from /opt/airflow/dags/main.py
[2025-12-14T13:02:49.822+0000] {logging_mixin.py:188} INFO - [2025-12-14T13:02:49.821+0000] {dag.py:3096} INFO - Sync 1 DAGs
[2025-12-14T13:02:49.839+0000] {logging_mixin.py:188} INFO - [2025-12-14T13:02:49.839+0000] {dag.py:3954} INFO - Setting next_dagrun for youtube_video_stats to 2025-12-13 14:00:00+00:00, run_after=2025-12-14 14:00:00+00:00
[2025-12-14T13:02:49.863+0000] {processor.py:183} INFO - Processing /opt/airflow/dags/main.py took 0.107 seconds
[2025-12-14T13:03:20.098+0000] {processor.py:161} INFO - Started process (PID=2136) to work on /opt/airflow/dags/main.py
[2025-12-14T13:03:20.099+0000] {processor.py:830} INFO - Processing file /opt/airflow/dags/main.py for tasks to queue
[2025-12-14T13:03:20.100+0000] {logging_mixin.py:188} INFO - [2025-12-14T13:03:20.100+0000] {dagbag.py:545} INFO - Filling up the DagBag from /opt/airflow/dags/main.py
[2025-12-14T13:03:20.146+0000] {processor.py:840} INFO - DAG(s) 'youtube_video_stats' retrieved from /opt/airflow/dags/main.py
[2025-12-14T13:03:20.174+0000] {logging_mixin.py:188} INFO - [2025-12-14T13:03:20.174+0000] {dag.py:3096} INFO - Sync 1 DAGs
[2025-12-14T13:03:20.193+0000] {logging_mixin.py:188} INFO - [2025-12-14T13:03:20.193+0000] {dag.py:3954} INFO - Setting next_dagrun for youtube_video_stats to 2025-12-13 14:00:00+00:00, run_after=2025-12-14 14:00:00+00:00
[2025-12-14T13:03:20.212+0000] {processor.py:183} INFO - Processing /opt/airflow/dags/main.py took 0.120 seconds
[2025-12-14T13:03:50.308+0000] {processor.py:161} INFO - Started process (PID=2143) to work on /opt/airflow/dags/main.py
[2025-12-14T13:03:50.310+0000] {processor.py:830} INFO - Processing file /opt/airflow/dags/main.py for tasks to queue
[2025-12-14T13:03:50.311+0000] {logging_mixin.py:188} INFO - [2025-12-14T13:03:50.311+0000] {dagbag.py:545} INFO - Filling up the DagBag from /opt/airflow/dags/main.py
[2025-12-14T13:03:50.349+0000] {processor.py:840} INFO - DAG(s) 'youtube_video_stats' retrieved from /opt/airflow/dags/main.py
[2025-12-14T13:03:50.378+0000] {logging_mixin.py:188} INFO - [2025-12-14T13:03:50.378+0000] {dag.py:3096} INFO - Sync 1 DAGs
[2025-12-14T13:03:50.408+0000] {logging_mixin.py:188} INFO - [2025-12-14T13:03:50.407+0000] {dag.py:3954} INFO - Setting next_dagrun for youtube_video_stats to 2025-12-13 14:00:00+00:00, run_after=2025-12-14 14:00:00+00:00
[2025-12-14T13:03:50.441+0000] {processor.py:183} INFO - Processing /opt/airflow/dags/main.py took 0.138 seconds
[2025-12-14T13:04:20.613+0000] {processor.py:161} INFO - Started process (PID=2150) to work on /opt/airflow/dags/main.py
[2025-12-14T13:04:20.614+0000] {processor.py:830} INFO - Processing file /opt/airflow/dags/main.py for tasks to queue
[2025-12-14T13:04:20.615+0000] {logging_mixin.py:188} INFO - [2025-12-14T13:04:20.615+0000] {dagbag.py:545} INFO - Filling up the DagBag from /opt/airflow/dags/main.py
[2025-12-14T13:04:20.650+0000] {processor.py:840} INFO - DAG(s) 'youtube_video_stats' retrieved from /opt/airflow/dags/main.py
[2025-12-14T13:04:20.672+0000] {logging_mixin.py:188} INFO - [2025-12-14T13:04:20.672+0000] {dag.py:3096} INFO - Sync 1 DAGs
[2025-12-14T13:04:20.692+0000] {logging_mixin.py:188} INFO - [2025-12-14T13:04:20.692+0000] {dag.py:3954} INFO - Setting next_dagrun for youtube_video_stats to 2025-12-13 14:00:00+00:00, run_after=2025-12-14 14:00:00+00:00
[2025-12-14T13:04:20.716+0000] {processor.py:183} INFO - Processing /opt/airflow/dags/main.py took 0.108 seconds
[2025-12-14T13:04:50.806+0000] {processor.py:161} INFO - Started process (PID=2157) to work on /opt/airflow/dags/main.py
[2025-12-14T13:04:50.807+0000] {processor.py:830} INFO - Processing file /opt/airflow/dags/main.py for tasks to queue
[2025-12-14T13:04:50.809+0000] {logging_mixin.py:188} INFO - [2025-12-14T13:04:50.808+0000] {dagbag.py:545} INFO - Filling up the DagBag from /opt/airflow/dags/main.py
[2025-12-14T13:04:50.867+0000] {processor.py:840} INFO - DAG(s) 'youtube_video_stats' retrieved from /opt/airflow/dags/main.py
[2025-12-14T13:04:50.894+0000] {logging_mixin.py:188} INFO - [2025-12-14T13:04:50.894+0000] {dag.py:3096} INFO - Sync 1 DAGs
[2025-12-14T13:04:50.915+0000] {logging_mixin.py:188} INFO - [2025-12-14T13:04:50.915+0000] {dag.py:3954} INFO - Setting next_dagrun for youtube_video_stats to 2025-12-13 14:00:00+00:00, run_after=2025-12-14 14:00:00+00:00
[2025-12-14T13:04:50.934+0000] {processor.py:183} INFO - Processing /opt/airflow/dags/main.py took 0.133 seconds
[2025-12-14T13:05:21.179+0000] {processor.py:161} INFO - Started process (PID=2164) to work on /opt/airflow/dags/main.py
[2025-12-14T13:05:21.180+0000] {processor.py:830} INFO - Processing file /opt/airflow/dags/main.py for tasks to queue
[2025-12-14T13:05:21.181+0000] {logging_mixin.py:188} INFO - [2025-12-14T13:05:21.181+0000] {dagbag.py:545} INFO - Filling up the DagBag from /opt/airflow/dags/main.py
[2025-12-14T13:05:21.215+0000] {processor.py:840} INFO - DAG(s) 'youtube_video_stats' retrieved from /opt/airflow/dags/main.py
[2025-12-14T13:05:21.237+0000] {logging_mixin.py:188} INFO - [2025-12-14T13:05:21.237+0000] {dag.py:3096} INFO - Sync 1 DAGs
[2025-12-14T13:05:21.257+0000] {logging_mixin.py:188} INFO - [2025-12-14T13:05:21.256+0000] {dag.py:3954} INFO - Setting next_dagrun for youtube_video_stats to 2025-12-13 14:00:00+00:00, run_after=2025-12-14 14:00:00+00:00
[2025-12-14T13:05:21.278+0000] {processor.py:183} INFO - Processing /opt/airflow/dags/main.py took 0.104 seconds
[2025-12-14T13:05:51.422+0000] {processor.py:161} INFO - Started process (PID=2171) to work on /opt/airflow/dags/main.py
[2025-12-14T13:05:51.423+0000] {processor.py:830} INFO - Processing file /opt/airflow/dags/main.py for tasks to queue
[2025-12-14T13:05:51.425+0000] {logging_mixin.py:188} INFO - [2025-12-14T13:05:51.424+0000] {dagbag.py:545} INFO - Filling up the DagBag from /opt/airflow/dags/main.py
[2025-12-14T13:05:51.458+0000] {processor.py:840} INFO - DAG(s) 'youtube_video_stats' retrieved from /opt/airflow/dags/main.py
[2025-12-14T13:05:51.480+0000] {logging_mixin.py:188} INFO - [2025-12-14T13:05:51.480+0000] {dag.py:3096} INFO - Sync 1 DAGs
[2025-12-14T13:05:51.502+0000] {logging_mixin.py:188} INFO - [2025-12-14T13:05:51.502+0000] {dag.py:3954} INFO - Setting next_dagrun for youtube_video_stats to 2025-12-13 14:00:00+00:00, run_after=2025-12-14 14:00:00+00:00
[2025-12-14T13:05:51.522+0000] {processor.py:183} INFO - Processing /opt/airflow/dags/main.py took 0.106 seconds
[2025-12-14T13:06:21.772+0000] {processor.py:161} INFO - Started process (PID=2178) to work on /opt/airflow/dags/main.py
[2025-12-14T13:06:21.773+0000] {processor.py:830} INFO - Processing file /opt/airflow/dags/main.py for tasks to queue
[2025-12-14T13:06:21.775+0000] {logging_mixin.py:188} INFO - [2025-12-14T13:06:21.775+0000] {dagbag.py:545} INFO - Filling up the DagBag from /opt/airflow/dags/main.py
[2025-12-14T13:06:21.809+0000] {processor.py:840} INFO - DAG(s) 'youtube_video_stats' retrieved from /opt/airflow/dags/main.py
[2025-12-14T13:06:21.830+0000] {logging_mixin.py:188} INFO - [2025-12-14T13:06:21.829+0000] {dag.py:3096} INFO - Sync 1 DAGs
[2025-12-14T13:06:21.847+0000] {logging_mixin.py:188} INFO - [2025-12-14T13:06:21.847+0000] {dag.py:3954} INFO - Setting next_dagrun for youtube_video_stats to 2025-12-13 14:00:00+00:00, run_after=2025-12-14 14:00:00+00:00
[2025-12-14T13:06:21.870+0000] {processor.py:183} INFO - Processing /opt/airflow/dags/main.py took 0.103 seconds
[2025-12-14T13:06:52.047+0000] {processor.py:161} INFO - Started process (PID=2185) to work on /opt/airflow/dags/main.py
[2025-12-14T13:06:52.048+0000] {processor.py:830} INFO - Processing file /opt/airflow/dags/main.py for tasks to queue
[2025-12-14T13:06:52.049+0000] {logging_mixin.py:188} INFO - [2025-12-14T13:06:52.049+0000] {dagbag.py:545} INFO - Filling up the DagBag from /opt/airflow/dags/main.py
[2025-12-14T13:06:52.083+0000] {processor.py:840} INFO - DAG(s) 'youtube_video_stats' retrieved from /opt/airflow/dags/main.py
[2025-12-14T13:06:52.113+0000] {logging_mixin.py:188} INFO - [2025-12-14T13:06:52.112+0000] {dag.py:3096} INFO - Sync 1 DAGs
[2025-12-14T13:06:52.133+0000] {logging_mixin.py:188} INFO - [2025-12-14T13:06:52.133+0000] {dag.py:3954} INFO - Setting next_dagrun for youtube_video_stats to 2025-12-13 14:00:00+00:00, run_after=2025-12-14 14:00:00+00:00
[2025-12-14T13:06:52.155+0000] {processor.py:183} INFO - Processing /opt/airflow/dags/main.py took 0.114 seconds
[2025-12-14T13:07:22.265+0000] {processor.py:161} INFO - Started process (PID=2192) to work on /opt/airflow/dags/main.py
[2025-12-14T13:07:22.266+0000] {processor.py:830} INFO - Processing file /opt/airflow/dags/main.py for tasks to queue
[2025-12-14T13:07:22.267+0000] {logging_mixin.py:188} INFO - [2025-12-14T13:07:22.267+0000] {dagbag.py:545} INFO - Filling up the DagBag from /opt/airflow/dags/main.py
[2025-12-14T13:07:22.329+0000] {processor.py:840} INFO - DAG(s) 'youtube_video_stats' retrieved from /opt/airflow/dags/main.py
[2025-12-14T13:07:22.352+0000] {logging_mixin.py:188} INFO - [2025-12-14T13:07:22.352+0000] {dag.py:3096} INFO - Sync 1 DAGs
[2025-12-14T13:07:22.371+0000] {logging_mixin.py:188} INFO - [2025-12-14T13:07:22.371+0000] {dag.py:3954} INFO - Setting next_dagrun for youtube_video_stats to 2025-12-13 14:00:00+00:00, run_after=2025-12-14 14:00:00+00:00
[2025-12-14T13:07:22.388+0000] {processor.py:183} INFO - Processing /opt/airflow/dags/main.py took 0.129 seconds
[2025-12-14T13:07:52.553+0000] {processor.py:161} INFO - Started process (PID=2199) to work on /opt/airflow/dags/main.py
[2025-12-14T13:07:52.554+0000] {processor.py:830} INFO - Processing file /opt/airflow/dags/main.py for tasks to queue
[2025-12-14T13:07:52.556+0000] {logging_mixin.py:188} INFO - [2025-12-14T13:07:52.556+0000] {dagbag.py:545} INFO - Filling up the DagBag from /opt/airflow/dags/main.py
[2025-12-14T13:07:52.592+0000] {processor.py:840} INFO - DAG(s) 'youtube_video_stats' retrieved from /opt/airflow/dags/main.py
[2025-12-14T13:07:52.613+0000] {logging_mixin.py:188} INFO - [2025-12-14T13:07:52.612+0000] {dag.py:3096} INFO - Sync 1 DAGs
[2025-12-14T13:07:52.632+0000] {logging_mixin.py:188} INFO - [2025-12-14T13:07:52.632+0000] {dag.py:3954} INFO - Setting next_dagrun for youtube_video_stats to 2025-12-13 14:00:00+00:00, run_after=2025-12-14 14:00:00+00:00
[2025-12-14T13:07:52.653+0000] {processor.py:183} INFO - Processing /opt/airflow/dags/main.py took 0.106 seconds
[2025-12-14T13:08:22.782+0000] {processor.py:161} INFO - Started process (PID=2206) to work on /opt/airflow/dags/main.py
[2025-12-14T13:08:22.783+0000] {processor.py:830} INFO - Processing file /opt/airflow/dags/main.py for tasks to queue
[2025-12-14T13:08:22.784+0000] {logging_mixin.py:188} INFO - [2025-12-14T13:08:22.784+0000] {dagbag.py:545} INFO - Filling up the DagBag from /opt/airflow/dags/main.py
[2025-12-14T13:08:22.821+0000] {processor.py:840} INFO - DAG(s) 'youtube_video_stats' retrieved from /opt/airflow/dags/main.py
[2025-12-14T13:08:22.846+0000] {logging_mixin.py:188} INFO - [2025-12-14T13:08:22.845+0000] {dag.py:3096} INFO - Sync 1 DAGs
[2025-12-14T13:08:22.864+0000] {logging_mixin.py:188} INFO - [2025-12-14T13:08:22.864+0000] {dag.py:3954} INFO - Setting next_dagrun for youtube_video_stats to 2025-12-13 14:00:00+00:00, run_after=2025-12-14 14:00:00+00:00
[2025-12-14T13:08:22.889+0000] {processor.py:183} INFO - Processing /opt/airflow/dags/main.py took 0.112 seconds
[2025-12-14T13:08:53.117+0000] {processor.py:161} INFO - Started process (PID=2213) to work on /opt/airflow/dags/main.py
[2025-12-14T13:08:53.118+0000] {processor.py:830} INFO - Processing file /opt/airflow/dags/main.py for tasks to queue
[2025-12-14T13:08:53.119+0000] {logging_mixin.py:188} INFO - [2025-12-14T13:08:53.119+0000] {dagbag.py:545} INFO - Filling up the DagBag from /opt/airflow/dags/main.py
[2025-12-14T13:08:53.155+0000] {processor.py:840} INFO - DAG(s) 'youtube_video_stats' retrieved from /opt/airflow/dags/main.py
[2025-12-14T13:08:53.176+0000] {logging_mixin.py:188} INFO - [2025-12-14T13:08:53.176+0000] {dag.py:3096} INFO - Sync 1 DAGs
[2025-12-14T13:08:53.194+0000] {logging_mixin.py:188} INFO - [2025-12-14T13:08:53.194+0000] {dag.py:3954} INFO - Setting next_dagrun for youtube_video_stats to 2025-12-13 14:00:00+00:00, run_after=2025-12-14 14:00:00+00:00
[2025-12-14T13:08:53.211+0000] {processor.py:183} INFO - Processing /opt/airflow/dags/main.py took 0.099 seconds
[2025-12-14T13:09:23.333+0000] {processor.py:161} INFO - Started process (PID=2220) to work on /opt/airflow/dags/main.py
[2025-12-14T13:09:23.334+0000] {processor.py:830} INFO - Processing file /opt/airflow/dags/main.py for tasks to queue
[2025-12-14T13:09:23.335+0000] {logging_mixin.py:188} INFO - [2025-12-14T13:09:23.335+0000] {dagbag.py:545} INFO - Filling up the DagBag from /opt/airflow/dags/main.py
[2025-12-14T13:09:23.370+0000] {processor.py:840} INFO - DAG(s) 'youtube_video_stats' retrieved from /opt/airflow/dags/main.py
[2025-12-14T13:09:23.393+0000] {logging_mixin.py:188} INFO - [2025-12-14T13:09:23.392+0000] {dag.py:3096} INFO - Sync 1 DAGs
[2025-12-14T13:09:23.409+0000] {logging_mixin.py:188} INFO - [2025-12-14T13:09:23.409+0000] {dag.py:3954} INFO - Setting next_dagrun for youtube_video_stats to 2025-12-13 14:00:00+00:00, run_after=2025-12-14 14:00:00+00:00
[2025-12-14T13:09:23.428+0000] {processor.py:183} INFO - Processing /opt/airflow/dags/main.py took 0.101 seconds
[2025-12-14T13:09:53.659+0000] {processor.py:161} INFO - Started process (PID=2227) to work on /opt/airflow/dags/main.py
[2025-12-14T13:09:53.660+0000] {processor.py:830} INFO - Processing file /opt/airflow/dags/main.py for tasks to queue
[2025-12-14T13:09:53.662+0000] {logging_mixin.py:188} INFO - [2025-12-14T13:09:53.662+0000] {dagbag.py:545} INFO - Filling up the DagBag from /opt/airflow/dags/main.py
[2025-12-14T13:09:53.705+0000] {processor.py:840} INFO - DAG(s) 'youtube_video_stats' retrieved from /opt/airflow/dags/main.py
[2025-12-14T13:09:53.729+0000] {logging_mixin.py:188} INFO - [2025-12-14T13:09:53.729+0000] {dag.py:3096} INFO - Sync 1 DAGs
[2025-12-14T13:09:53.747+0000] {logging_mixin.py:188} INFO - [2025-12-14T13:09:53.746+0000] {dag.py:3954} INFO - Setting next_dagrun for youtube_video_stats to 2025-12-13 14:00:00+00:00, run_after=2025-12-14 14:00:00+00:00
[2025-12-14T13:09:53.768+0000] {processor.py:183} INFO - Processing /opt/airflow/dags/main.py took 0.113 seconds
[2025-12-14T13:10:23.875+0000] {processor.py:161} INFO - Started process (PID=2234) to work on /opt/airflow/dags/main.py
[2025-12-14T13:10:23.876+0000] {processor.py:830} INFO - Processing file /opt/airflow/dags/main.py for tasks to queue
[2025-12-14T13:10:23.878+0000] {logging_mixin.py:188} INFO - [2025-12-14T13:10:23.878+0000] {dagbag.py:545} INFO - Filling up the DagBag from /opt/airflow/dags/main.py
[2025-12-14T13:10:23.916+0000] {processor.py:840} INFO - DAG(s) 'youtube_video_stats' retrieved from /opt/airflow/dags/main.py
[2025-12-14T13:10:23.938+0000] {logging_mixin.py:188} INFO - [2025-12-14T13:10:23.938+0000] {dag.py:3096} INFO - Sync 1 DAGs
[2025-12-14T13:10:23.959+0000] {logging_mixin.py:188} INFO - [2025-12-14T13:10:23.959+0000] {dag.py:3954} INFO - Setting next_dagrun for youtube_video_stats to 2025-12-13 14:00:00+00:00, run_after=2025-12-14 14:00:00+00:00
[2025-12-14T13:10:23.984+0000] {processor.py:183} INFO - Processing /opt/airflow/dags/main.py took 0.114 seconds
[2025-12-14T13:10:54.232+0000] {processor.py:161} INFO - Started process (PID=2241) to work on /opt/airflow/dags/main.py
[2025-12-14T13:10:54.233+0000] {processor.py:830} INFO - Processing file /opt/airflow/dags/main.py for tasks to queue
[2025-12-14T13:10:54.236+0000] {logging_mixin.py:188} INFO - [2025-12-14T13:10:54.236+0000] {dagbag.py:545} INFO - Filling up the DagBag from /opt/airflow/dags/main.py
[2025-12-14T13:10:54.283+0000] {processor.py:840} INFO - DAG(s) 'youtube_video_stats' retrieved from /opt/airflow/dags/main.py
[2025-12-14T13:10:54.314+0000] {logging_mixin.py:188} INFO - [2025-12-14T13:10:54.313+0000] {dag.py:3096} INFO - Sync 1 DAGs
[2025-12-14T13:10:54.338+0000] {logging_mixin.py:188} INFO - [2025-12-14T13:10:54.338+0000] {dag.py:3954} INFO - Setting next_dagrun for youtube_video_stats to 2025-12-13 14:00:00+00:00, run_after=2025-12-14 14:00:00+00:00
[2025-12-14T13:10:54.365+0000] {processor.py:183} INFO - Processing /opt/airflow/dags/main.py took 0.141 seconds
[2025-12-14T13:11:24.529+0000] {processor.py:161} INFO - Started process (PID=2248) to work on /opt/airflow/dags/main.py
[2025-12-14T13:11:24.531+0000] {processor.py:830} INFO - Processing file /opt/airflow/dags/main.py for tasks to queue
[2025-12-14T13:11:24.534+0000] {logging_mixin.py:188} INFO - [2025-12-14T13:11:24.534+0000] {dagbag.py:545} INFO - Filling up the DagBag from /opt/airflow/dags/main.py
[2025-12-14T13:11:24.579+0000] {processor.py:840} INFO - DAG(s) 'youtube_video_stats' retrieved from /opt/airflow/dags/main.py
[2025-12-14T13:11:24.601+0000] {logging_mixin.py:188} INFO - [2025-12-14T13:11:24.601+0000] {dag.py:3096} INFO - Sync 1 DAGs
[2025-12-14T13:11:24.620+0000] {logging_mixin.py:188} INFO - [2025-12-14T13:11:24.620+0000] {dag.py:3954} INFO - Setting next_dagrun for youtube_video_stats to 2025-12-13 14:00:00+00:00, run_after=2025-12-14 14:00:00+00:00
[2025-12-14T13:11:24.649+0000] {processor.py:183} INFO - Processing /opt/airflow/dags/main.py took 0.128 seconds
[2025-12-14T13:11:54.850+0000] {processor.py:161} INFO - Started process (PID=2255) to work on /opt/airflow/dags/main.py
[2025-12-14T13:11:54.851+0000] {processor.py:830} INFO - Processing file /opt/airflow/dags/main.py for tasks to queue
[2025-12-14T13:11:54.852+0000] {logging_mixin.py:188} INFO - [2025-12-14T13:11:54.852+0000] {dagbag.py:545} INFO - Filling up the DagBag from /opt/airflow/dags/main.py
[2025-12-14T13:11:54.887+0000] {processor.py:840} INFO - DAG(s) 'youtube_video_stats' retrieved from /opt/airflow/dags/main.py
[2025-12-14T13:11:54.909+0000] {logging_mixin.py:188} INFO - [2025-12-14T13:11:54.909+0000] {dag.py:3096} INFO - Sync 1 DAGs
[2025-12-14T13:11:54.928+0000] {logging_mixin.py:188} INFO - [2025-12-14T13:11:54.928+0000] {dag.py:3954} INFO - Setting next_dagrun for youtube_video_stats to 2025-12-13 14:00:00+00:00, run_after=2025-12-14 14:00:00+00:00
[2025-12-14T13:11:54.949+0000] {processor.py:183} INFO - Processing /opt/airflow/dags/main.py took 0.104 seconds
[2025-12-14T13:12:25.115+0000] {processor.py:161} INFO - Started process (PID=2262) to work on /opt/airflow/dags/main.py
[2025-12-14T13:12:25.117+0000] {processor.py:830} INFO - Processing file /opt/airflow/dags/main.py for tasks to queue
[2025-12-14T13:12:25.119+0000] {logging_mixin.py:188} INFO - [2025-12-14T13:12:25.119+0000] {dagbag.py:545} INFO - Filling up the DagBag from /opt/airflow/dags/main.py
[2025-12-14T13:12:25.185+0000] {processor.py:840} INFO - DAG(s) 'youtube_video_stats' retrieved from /opt/airflow/dags/main.py
[2025-12-14T13:12:25.230+0000] {logging_mixin.py:188} INFO - [2025-12-14T13:12:25.229+0000] {dag.py:3096} INFO - Sync 1 DAGs
[2025-12-14T13:12:25.254+0000] {logging_mixin.py:188} INFO - [2025-12-14T13:12:25.254+0000] {dag.py:3954} INFO - Setting next_dagrun for youtube_video_stats to 2025-12-13 14:00:00+00:00, run_after=2025-12-14 14:00:00+00:00
[2025-12-14T13:12:25.275+0000] {processor.py:183} INFO - Processing /opt/airflow/dags/main.py took 0.167 seconds
[2025-12-14T13:12:55.365+0000] {processor.py:161} INFO - Started process (PID=2269) to work on /opt/airflow/dags/main.py
[2025-12-14T13:12:55.367+0000] {processor.py:830} INFO - Processing file /opt/airflow/dags/main.py for tasks to queue
[2025-12-14T13:12:55.368+0000] {logging_mixin.py:188} INFO - [2025-12-14T13:12:55.368+0000] {dagbag.py:545} INFO - Filling up the DagBag from /opt/airflow/dags/main.py
[2025-12-14T13:12:55.406+0000] {processor.py:840} INFO - DAG(s) 'youtube_video_stats' retrieved from /opt/airflow/dags/main.py
[2025-12-14T13:12:55.430+0000] {logging_mixin.py:188} INFO - [2025-12-14T13:12:55.430+0000] {dag.py:3096} INFO - Sync 1 DAGs
[2025-12-14T13:12:55.447+0000] {logging_mixin.py:188} INFO - [2025-12-14T13:12:55.447+0000] {dag.py:3954} INFO - Setting next_dagrun for youtube_video_stats to 2025-12-13 14:00:00+00:00, run_after=2025-12-14 14:00:00+00:00
[2025-12-14T13:12:55.467+0000] {processor.py:183} INFO - Processing /opt/airflow/dags/main.py took 0.107 seconds
[2025-12-14T13:13:25.656+0000] {processor.py:161} INFO - Started process (PID=2276) to work on /opt/airflow/dags/main.py
[2025-12-14T13:13:25.657+0000] {processor.py:830} INFO - Processing file /opt/airflow/dags/main.py for tasks to queue
[2025-12-14T13:13:25.659+0000] {logging_mixin.py:188} INFO - [2025-12-14T13:13:25.658+0000] {dagbag.py:545} INFO - Filling up the DagBag from /opt/airflow/dags/main.py
[2025-12-14T13:13:25.693+0000] {processor.py:840} INFO - DAG(s) 'youtube_video_stats' retrieved from /opt/airflow/dags/main.py
[2025-12-14T13:13:25.716+0000] {logging_mixin.py:188} INFO - [2025-12-14T13:13:25.715+0000] {dag.py:3096} INFO - Sync 1 DAGs
[2025-12-14T13:13:25.735+0000] {logging_mixin.py:188} INFO - [2025-12-14T13:13:25.735+0000] {dag.py:3954} INFO - Setting next_dagrun for youtube_video_stats to 2025-12-13 14:00:00+00:00, run_after=2025-12-14 14:00:00+00:00
[2025-12-14T13:13:25.760+0000] {processor.py:183} INFO - Processing /opt/airflow/dags/main.py took 0.109 seconds
[2025-12-14T13:13:55.881+0000] {processor.py:161} INFO - Started process (PID=2283) to work on /opt/airflow/dags/main.py
[2025-12-14T13:13:55.882+0000] {processor.py:830} INFO - Processing file /opt/airflow/dags/main.py for tasks to queue
[2025-12-14T13:13:55.884+0000] {logging_mixin.py:188} INFO - [2025-12-14T13:13:55.884+0000] {dagbag.py:545} INFO - Filling up the DagBag from /opt/airflow/dags/main.py
[2025-12-14T13:13:55.924+0000] {processor.py:840} INFO - DAG(s) 'youtube_video_stats' retrieved from /opt/airflow/dags/main.py
[2025-12-14T13:13:56.000+0000] {logging_mixin.py:188} INFO - [2025-12-14T13:13:55.999+0000] {dag.py:3096} INFO - Sync 1 DAGs
[2025-12-14T13:13:56.027+0000] {logging_mixin.py:188} INFO - [2025-12-14T13:13:56.026+0000] {dag.py:3954} INFO - Setting next_dagrun for youtube_video_stats to 2025-12-13 14:00:00+00:00, run_after=2025-12-14 14:00:00+00:00
[2025-12-14T13:13:56.045+0000] {processor.py:183} INFO - Processing /opt/airflow/dags/main.py took 0.170 seconds
[2025-12-14T13:14:26.196+0000] {processor.py:161} INFO - Started process (PID=2290) to work on /opt/airflow/dags/main.py
[2025-12-14T13:14:26.386+0000] {processor.py:830} INFO - Processing file /opt/airflow/dags/main.py for tasks to queue
[2025-12-14T13:14:26.389+0000] {logging_mixin.py:188} INFO - [2025-12-14T13:14:26.389+0000] {dagbag.py:545} INFO - Filling up the DagBag from /opt/airflow/dags/main.py
[2025-12-14T13:14:26.976+0000] {processor.py:840} INFO - DAG(s) 'youtube_video_stats' retrieved from /opt/airflow/dags/main.py
[2025-12-14T13:14:27.039+0000] {logging_mixin.py:188} INFO - [2025-12-14T13:14:27.039+0000] {dag.py:3096} INFO - Sync 1 DAGs
[2025-12-14T13:14:27.145+0000] {logging_mixin.py:188} INFO - [2025-12-14T13:14:27.145+0000] {dag.py:3954} INFO - Setting next_dagrun for youtube_video_stats to 2025-12-13 14:00:00+00:00, run_after=2025-12-14 14:00:00+00:00
[2025-12-14T13:14:28.057+0000] {processor.py:183} INFO - Processing /opt/airflow/dags/main.py took 1.884 seconds
[2025-12-14T13:14:58.310+0000] {processor.py:161} INFO - Started process (PID=2297) to work on /opt/airflow/dags/main.py
[2025-12-14T13:14:58.312+0000] {processor.py:830} INFO - Processing file /opt/airflow/dags/main.py for tasks to queue
[2025-12-14T13:14:58.316+0000] {logging_mixin.py:188} INFO - [2025-12-14T13:14:58.315+0000] {dagbag.py:545} INFO - Filling up the DagBag from /opt/airflow/dags/main.py
[2025-12-14T13:14:58.392+0000] {processor.py:840} INFO - DAG(s) 'youtube_video_stats' retrieved from /opt/airflow/dags/main.py
[2025-12-14T13:14:58.434+0000] {logging_mixin.py:188} INFO - [2025-12-14T13:14:58.433+0000] {dag.py:3096} INFO - Sync 1 DAGs
[2025-12-14T13:14:58.466+0000] {logging_mixin.py:188} INFO - [2025-12-14T13:14:58.465+0000] {dag.py:3954} INFO - Setting next_dagrun for youtube_video_stats to 2025-12-13 14:00:00+00:00, run_after=2025-12-14 14:00:00+00:00
[2025-12-14T13:14:58.494+0000] {processor.py:183} INFO - Processing /opt/airflow/dags/main.py took 0.197 seconds
[2025-12-14T13:15:28.601+0000] {processor.py:161} INFO - Started process (PID=2304) to work on /opt/airflow/dags/main.py
[2025-12-14T13:15:28.603+0000] {processor.py:830} INFO - Processing file /opt/airflow/dags/main.py for tasks to queue
[2025-12-14T13:15:28.606+0000] {logging_mixin.py:188} INFO - [2025-12-14T13:15:28.606+0000] {dagbag.py:545} INFO - Filling up the DagBag from /opt/airflow/dags/main.py
[2025-12-14T13:15:28.676+0000] {processor.py:840} INFO - DAG(s) 'youtube_video_stats' retrieved from /opt/airflow/dags/main.py
[2025-12-14T13:15:28.711+0000] {logging_mixin.py:188} INFO - [2025-12-14T13:15:28.710+0000] {dag.py:3096} INFO - Sync 1 DAGs
[2025-12-14T13:15:28.741+0000] {logging_mixin.py:188} INFO - [2025-12-14T13:15:28.741+0000] {dag.py:3954} INFO - Setting next_dagrun for youtube_video_stats to 2025-12-13 14:00:00+00:00, run_after=2025-12-14 14:00:00+00:00
[2025-12-14T13:15:28.768+0000] {processor.py:183} INFO - Processing /opt/airflow/dags/main.py took 0.174 seconds
[2025-12-14T13:15:58.955+0000] {processor.py:161} INFO - Started process (PID=2311) to work on /opt/airflow/dags/main.py
[2025-12-14T13:15:58.956+0000] {processor.py:830} INFO - Processing file /opt/airflow/dags/main.py for tasks to queue
[2025-12-14T13:15:58.958+0000] {logging_mixin.py:188} INFO - [2025-12-14T13:15:58.958+0000] {dagbag.py:545} INFO - Filling up the DagBag from /opt/airflow/dags/main.py
[2025-12-14T13:15:59.000+0000] {processor.py:840} INFO - DAG(s) 'youtube_video_stats' retrieved from /opt/airflow/dags/main.py
[2025-12-14T13:15:59.022+0000] {logging_mixin.py:188} INFO - [2025-12-14T13:15:59.022+0000] {dag.py:3096} INFO - Sync 1 DAGs
[2025-12-14T13:15:59.044+0000] {logging_mixin.py:188} INFO - [2025-12-14T13:15:59.043+0000] {dag.py:3954} INFO - Setting next_dagrun for youtube_video_stats to 2025-12-13 14:00:00+00:00, run_after=2025-12-14 14:00:00+00:00
[2025-12-14T13:15:59.067+0000] {processor.py:183} INFO - Processing /opt/airflow/dags/main.py took 0.119 seconds
[2025-12-14T13:16:29.366+0000] {processor.py:161} INFO - Started process (PID=2318) to work on /opt/airflow/dags/main.py
[2025-12-14T13:16:29.367+0000] {processor.py:830} INFO - Processing file /opt/airflow/dags/main.py for tasks to queue
[2025-12-14T13:16:29.370+0000] {logging_mixin.py:188} INFO - [2025-12-14T13:16:29.369+0000] {dagbag.py:545} INFO - Filling up the DagBag from /opt/airflow/dags/main.py
[2025-12-14T13:16:29.419+0000] {processor.py:840} INFO - DAG(s) 'youtube_video_stats' retrieved from /opt/airflow/dags/main.py
[2025-12-14T13:16:29.455+0000] {logging_mixin.py:188} INFO - [2025-12-14T13:16:29.455+0000] {dag.py:3096} INFO - Sync 1 DAGs
[2025-12-14T13:16:29.480+0000] {logging_mixin.py:188} INFO - [2025-12-14T13:16:29.480+0000] {dag.py:3954} INFO - Setting next_dagrun for youtube_video_stats to 2025-12-13 14:00:00+00:00, run_after=2025-12-14 14:00:00+00:00
[2025-12-14T13:16:29.501+0000] {processor.py:183} INFO - Processing /opt/airflow/dags/main.py took 0.143 seconds
[2025-12-14T13:16:59.588+0000] {processor.py:161} INFO - Started process (PID=2325) to work on /opt/airflow/dags/main.py
[2025-12-14T13:16:59.590+0000] {processor.py:830} INFO - Processing file /opt/airflow/dags/main.py for tasks to queue
[2025-12-14T13:16:59.592+0000] {logging_mixin.py:188} INFO - [2025-12-14T13:16:59.591+0000] {dagbag.py:545} INFO - Filling up the DagBag from /opt/airflow/dags/main.py
[2025-12-14T13:16:59.637+0000] {processor.py:840} INFO - DAG(s) 'youtube_video_stats' retrieved from /opt/airflow/dags/main.py
[2025-12-14T13:16:59.667+0000] {logging_mixin.py:188} INFO - [2025-12-14T13:16:59.666+0000] {dag.py:3096} INFO - Sync 1 DAGs
[2025-12-14T13:16:59.687+0000] {logging_mixin.py:188} INFO - [2025-12-14T13:16:59.687+0000] {dag.py:3954} INFO - Setting next_dagrun for youtube_video_stats to 2025-12-13 14:00:00+00:00, run_after=2025-12-14 14:00:00+00:00
[2025-12-14T13:16:59.707+0000] {processor.py:183} INFO - Processing /opt/airflow/dags/main.py took 0.126 seconds
[2025-12-14T13:17:29.850+0000] {processor.py:161} INFO - Started process (PID=2332) to work on /opt/airflow/dags/main.py
[2025-12-14T13:17:29.852+0000] {processor.py:830} INFO - Processing file /opt/airflow/dags/main.py for tasks to queue
[2025-12-14T13:17:29.853+0000] {logging_mixin.py:188} INFO - [2025-12-14T13:17:29.853+0000] {dagbag.py:545} INFO - Filling up the DagBag from /opt/airflow/dags/main.py
[2025-12-14T13:17:29.887+0000] {processor.py:840} INFO - DAG(s) 'youtube_video_stats' retrieved from /opt/airflow/dags/main.py
[2025-12-14T13:17:29.911+0000] {logging_mixin.py:188} INFO - [2025-12-14T13:17:29.910+0000] {dag.py:3096} INFO - Sync 1 DAGs
[2025-12-14T13:17:29.929+0000] {logging_mixin.py:188} INFO - [2025-12-14T13:17:29.929+0000] {dag.py:3954} INFO - Setting next_dagrun for youtube_video_stats to 2025-12-13 14:00:00+00:00, run_after=2025-12-14 14:00:00+00:00
[2025-12-14T13:17:29.947+0000] {processor.py:183} INFO - Processing /opt/airflow/dags/main.py took 0.102 seconds
[2025-12-14T13:18:00.155+0000] {processor.py:161} INFO - Started process (PID=2339) to work on /opt/airflow/dags/main.py
[2025-12-14T13:18:00.156+0000] {processor.py:830} INFO - Processing file /opt/airflow/dags/main.py for tasks to queue
[2025-12-14T13:18:00.158+0000] {logging_mixin.py:188} INFO - [2025-12-14T13:18:00.158+0000] {dagbag.py:545} INFO - Filling up the DagBag from /opt/airflow/dags/main.py
[2025-12-14T13:18:00.191+0000] {processor.py:840} INFO - DAG(s) 'youtube_video_stats' retrieved from /opt/airflow/dags/main.py
[2025-12-14T13:18:00.212+0000] {logging_mixin.py:188} INFO - [2025-12-14T13:18:00.212+0000] {dag.py:3096} INFO - Sync 1 DAGs
[2025-12-14T13:18:00.235+0000] {logging_mixin.py:188} INFO - [2025-12-14T13:18:00.235+0000] {dag.py:3954} INFO - Setting next_dagrun for youtube_video_stats to 2025-12-13 14:00:00+00:00, run_after=2025-12-14 14:00:00+00:00
[2025-12-14T13:18:00.255+0000] {processor.py:183} INFO - Processing /opt/airflow/dags/main.py took 0.106 seconds
[2025-12-14T13:18:30.362+0000] {processor.py:161} INFO - Started process (PID=2346) to work on /opt/airflow/dags/main.py
[2025-12-14T13:18:30.363+0000] {processor.py:830} INFO - Processing file /opt/airflow/dags/main.py for tasks to queue
[2025-12-14T13:18:30.365+0000] {logging_mixin.py:188} INFO - [2025-12-14T13:18:30.365+0000] {dagbag.py:545} INFO - Filling up the DagBag from /opt/airflow/dags/main.py
[2025-12-14T13:18:30.400+0000] {processor.py:840} INFO - DAG(s) 'youtube_video_stats' retrieved from /opt/airflow/dags/main.py
[2025-12-14T13:18:30.425+0000] {logging_mixin.py:188} INFO - [2025-12-14T13:18:30.425+0000] {dag.py:3096} INFO - Sync 1 DAGs
[2025-12-14T13:18:30.445+0000] {logging_mixin.py:188} INFO - [2025-12-14T13:18:30.445+0000] {dag.py:3954} INFO - Setting next_dagrun for youtube_video_stats to 2025-12-13 14:00:00+00:00, run_after=2025-12-14 14:00:00+00:00
[2025-12-14T13:18:30.464+0000] {processor.py:183} INFO - Processing /opt/airflow/dags/main.py took 0.108 seconds
[2025-12-14T13:19:00.660+0000] {processor.py:161} INFO - Started process (PID=2353) to work on /opt/airflow/dags/main.py
[2025-12-14T13:19:00.661+0000] {processor.py:830} INFO - Processing file /opt/airflow/dags/main.py for tasks to queue
[2025-12-14T13:19:00.663+0000] {logging_mixin.py:188} INFO - [2025-12-14T13:19:00.663+0000] {dagbag.py:545} INFO - Filling up the DagBag from /opt/airflow/dags/main.py
[2025-12-14T13:19:00.698+0000] {processor.py:840} INFO - DAG(s) 'youtube_video_stats' retrieved from /opt/airflow/dags/main.py
[2025-12-14T13:19:00.722+0000] {logging_mixin.py:188} INFO - [2025-12-14T13:19:00.721+0000] {dag.py:3096} INFO - Sync 1 DAGs
[2025-12-14T13:19:00.741+0000] {logging_mixin.py:188} INFO - [2025-12-14T13:19:00.741+0000] {dag.py:3954} INFO - Setting next_dagrun for youtube_video_stats to 2025-12-13 14:00:00+00:00, run_after=2025-12-14 14:00:00+00:00
[2025-12-14T13:19:00.760+0000] {processor.py:183} INFO - Processing /opt/airflow/dags/main.py took 0.104 seconds
[2025-12-14T13:19:30.912+0000] {processor.py:161} INFO - Started process (PID=2360) to work on /opt/airflow/dags/main.py
[2025-12-14T13:19:30.914+0000] {processor.py:830} INFO - Processing file /opt/airflow/dags/main.py for tasks to queue
[2025-12-14T13:19:30.926+0000] {logging_mixin.py:188} INFO - [2025-12-14T13:19:30.925+0000] {dagbag.py:545} INFO - Filling up the DagBag from /opt/airflow/dags/main.py
[2025-12-14T13:19:31.048+0000] {processor.py:840} INFO - DAG(s) 'youtube_video_stats' retrieved from /opt/airflow/dags/main.py
[2025-12-14T13:19:31.190+0000] {logging_mixin.py:188} INFO - [2025-12-14T13:19:31.189+0000] {dag.py:3096} INFO - Sync 1 DAGs
[2025-12-14T13:19:31.281+0000] {logging_mixin.py:188} INFO - [2025-12-14T13:19:31.281+0000] {dag.py:3954} INFO - Setting next_dagrun for youtube_video_stats to 2025-12-13 14:00:00+00:00, run_after=2025-12-14 14:00:00+00:00
[2025-12-14T13:19:31.357+0000] {processor.py:183} INFO - Processing /opt/airflow/dags/main.py took 0.463 seconds
[2025-12-14T13:20:01.575+0000] {processor.py:161} INFO - Started process (PID=2367) to work on /opt/airflow/dags/main.py
[2025-12-14T13:20:01.576+0000] {processor.py:830} INFO - Processing file /opt/airflow/dags/main.py for tasks to queue
[2025-12-14T13:20:01.577+0000] {logging_mixin.py:188} INFO - [2025-12-14T13:20:01.577+0000] {dagbag.py:545} INFO - Filling up the DagBag from /opt/airflow/dags/main.py
[2025-12-14T13:20:01.612+0000] {processor.py:840} INFO - DAG(s) 'youtube_video_stats' retrieved from /opt/airflow/dags/main.py
[2025-12-14T13:20:01.636+0000] {logging_mixin.py:188} INFO - [2025-12-14T13:20:01.636+0000] {dag.py:3096} INFO - Sync 1 DAGs
[2025-12-14T13:20:01.654+0000] {logging_mixin.py:188} INFO - [2025-12-14T13:20:01.654+0000] {dag.py:3954} INFO - Setting next_dagrun for youtube_video_stats to 2025-12-13 14:00:00+00:00, run_after=2025-12-14 14:00:00+00:00
[2025-12-14T13:20:01.673+0000] {processor.py:183} INFO - Processing /opt/airflow/dags/main.py took 0.104 seconds
[2025-12-14T13:20:31.762+0000] {processor.py:161} INFO - Started process (PID=2374) to work on /opt/airflow/dags/main.py
[2025-12-14T13:20:31.763+0000] {processor.py:830} INFO - Processing file /opt/airflow/dags/main.py for tasks to queue
[2025-12-14T13:20:31.764+0000] {logging_mixin.py:188} INFO - [2025-12-14T13:20:31.764+0000] {dagbag.py:545} INFO - Filling up the DagBag from /opt/airflow/dags/main.py
[2025-12-14T13:20:31.799+0000] {processor.py:840} INFO - DAG(s) 'youtube_video_stats' retrieved from /opt/airflow/dags/main.py
[2025-12-14T13:20:31.822+0000] {logging_mixin.py:188} INFO - [2025-12-14T13:20:31.822+0000] {dag.py:3096} INFO - Sync 1 DAGs
[2025-12-14T13:20:31.840+0000] {logging_mixin.py:188} INFO - [2025-12-14T13:20:31.840+0000] {dag.py:3954} INFO - Setting next_dagrun for youtube_video_stats to 2025-12-13 14:00:00+00:00, run_after=2025-12-14 14:00:00+00:00
[2025-12-14T13:20:31.858+0000] {processor.py:183} INFO - Processing /opt/airflow/dags/main.py took 0.102 seconds
[2025-12-14T13:21:02.057+0000] {processor.py:161} INFO - Started process (PID=2382) to work on /opt/airflow/dags/main.py
[2025-12-14T13:21:02.058+0000] {processor.py:830} INFO - Processing file /opt/airflow/dags/main.py for tasks to queue
[2025-12-14T13:21:02.060+0000] {logging_mixin.py:188} INFO - [2025-12-14T13:21:02.059+0000] {dagbag.py:545} INFO - Filling up the DagBag from /opt/airflow/dags/main.py
[2025-12-14T13:21:02.101+0000] {processor.py:840} INFO - DAG(s) 'youtube_video_stats' retrieved from /opt/airflow/dags/main.py
[2025-12-14T13:21:02.126+0000] {logging_mixin.py:188} INFO - [2025-12-14T13:21:02.126+0000] {dag.py:3096} INFO - Sync 1 DAGs
[2025-12-14T13:21:02.145+0000] {logging_mixin.py:188} INFO - [2025-12-14T13:21:02.144+0000] {dag.py:3954} INFO - Setting next_dagrun for youtube_video_stats to 2025-12-13 14:00:00+00:00, run_after=2025-12-14 14:00:00+00:00
[2025-12-14T13:21:02.163+0000] {processor.py:183} INFO - Processing /opt/airflow/dags/main.py took 0.111 seconds
[2025-12-14T13:21:32.437+0000] {processor.py:161} INFO - Started process (PID=2389) to work on /opt/airflow/dags/main.py
[2025-12-14T13:21:32.438+0000] {processor.py:830} INFO - Processing file /opt/airflow/dags/main.py for tasks to queue
[2025-12-14T13:21:32.440+0000] {logging_mixin.py:188} INFO - [2025-12-14T13:21:32.439+0000] {dagbag.py:545} INFO - Filling up the DagBag from /opt/airflow/dags/main.py
[2025-12-14T13:21:32.477+0000] {processor.py:840} INFO - DAG(s) 'youtube_video_stats' retrieved from /opt/airflow/dags/main.py
[2025-12-14T13:21:32.499+0000] {logging_mixin.py:188} INFO - [2025-12-14T13:21:32.499+0000] {dag.py:3096} INFO - Sync 1 DAGs
[2025-12-14T13:21:32.518+0000] {logging_mixin.py:188} INFO - [2025-12-14T13:21:32.517+0000] {dag.py:3954} INFO - Setting next_dagrun for youtube_video_stats to 2025-12-13 14:00:00+00:00, run_after=2025-12-14 14:00:00+00:00
[2025-12-14T13:21:32.538+0000] {processor.py:183} INFO - Processing /opt/airflow/dags/main.py took 0.105 seconds
[2025-12-14T13:22:02.626+0000] {processor.py:161} INFO - Started process (PID=2396) to work on /opt/airflow/dags/main.py
[2025-12-14T13:22:02.627+0000] {processor.py:830} INFO - Processing file /opt/airflow/dags/main.py for tasks to queue
[2025-12-14T13:22:02.628+0000] {logging_mixin.py:188} INFO - [2025-12-14T13:22:02.628+0000] {dagbag.py:545} INFO - Filling up the DagBag from /opt/airflow/dags/main.py
[2025-12-14T13:22:02.666+0000] {processor.py:840} INFO - DAG(s) 'youtube_video_stats' retrieved from /opt/airflow/dags/main.py
[2025-12-14T13:22:02.688+0000] {logging_mixin.py:188} INFO - [2025-12-14T13:22:02.688+0000] {dag.py:3096} INFO - Sync 1 DAGs
[2025-12-14T13:22:02.707+0000] {logging_mixin.py:188} INFO - [2025-12-14T13:22:02.707+0000] {dag.py:3954} INFO - Setting next_dagrun for youtube_video_stats to 2025-12-13 14:00:00+00:00, run_after=2025-12-14 14:00:00+00:00
[2025-12-14T13:22:02.727+0000] {processor.py:183} INFO - Processing /opt/airflow/dags/main.py took 0.107 seconds
[2025-12-14T13:22:32.943+0000] {processor.py:161} INFO - Started process (PID=2403) to work on /opt/airflow/dags/main.py
[2025-12-14T13:22:32.944+0000] {processor.py:830} INFO - Processing file /opt/airflow/dags/main.py for tasks to queue
[2025-12-14T13:22:32.946+0000] {logging_mixin.py:188} INFO - [2025-12-14T13:22:32.946+0000] {dagbag.py:545} INFO - Filling up the DagBag from /opt/airflow/dags/main.py
[2025-12-14T13:22:32.982+0000] {processor.py:840} INFO - DAG(s) 'youtube_video_stats' retrieved from /opt/airflow/dags/main.py
[2025-12-14T13:22:33.005+0000] {logging_mixin.py:188} INFO - [2025-12-14T13:22:33.004+0000] {dag.py:3096} INFO - Sync 1 DAGs
[2025-12-14T13:22:33.024+0000] {logging_mixin.py:188} INFO - [2025-12-14T13:22:33.024+0000] {dag.py:3954} INFO - Setting next_dagrun for youtube_video_stats to 2025-12-13 14:00:00+00:00, run_after=2025-12-14 14:00:00+00:00
[2025-12-14T13:22:33.046+0000] {processor.py:183} INFO - Processing /opt/airflow/dags/main.py took 0.108 seconds
[2025-12-14T13:23:03.181+0000] {processor.py:161} INFO - Started process (PID=2410) to work on /opt/airflow/dags/main.py
[2025-12-14T13:23:03.182+0000] {processor.py:830} INFO - Processing file /opt/airflow/dags/main.py for tasks to queue
[2025-12-14T13:23:03.184+0000] {logging_mixin.py:188} INFO - [2025-12-14T13:23:03.183+0000] {dagbag.py:545} INFO - Filling up the DagBag from /opt/airflow/dags/main.py
[2025-12-14T13:23:03.221+0000] {processor.py:840} INFO - DAG(s) 'youtube_video_stats' retrieved from /opt/airflow/dags/main.py
[2025-12-14T13:23:03.249+0000] {logging_mixin.py:188} INFO - [2025-12-14T13:23:03.248+0000] {dag.py:3096} INFO - Sync 1 DAGs
[2025-12-14T13:23:03.267+0000] {logging_mixin.py:188} INFO - [2025-12-14T13:23:03.267+0000] {dag.py:3954} INFO - Setting next_dagrun for youtube_video_stats to 2025-12-13 14:00:00+00:00, run_after=2025-12-14 14:00:00+00:00
[2025-12-14T13:23:03.287+0000] {processor.py:183} INFO - Processing /opt/airflow/dags/main.py took 0.112 seconds
[2025-12-14T13:23:33.414+0000] {processor.py:161} INFO - Started process (PID=2417) to work on /opt/airflow/dags/main.py
[2025-12-14T13:23:33.415+0000] {processor.py:830} INFO - Processing file /opt/airflow/dags/main.py for tasks to queue
[2025-12-14T13:23:33.417+0000] {logging_mixin.py:188} INFO - [2025-12-14T13:23:33.417+0000] {dagbag.py:545} INFO - Filling up the DagBag from /opt/airflow/dags/main.py
[2025-12-14T13:23:33.461+0000] {processor.py:840} INFO - DAG(s) 'youtube_video_stats' retrieved from /opt/airflow/dags/main.py
[2025-12-14T13:23:33.486+0000] {logging_mixin.py:188} INFO - [2025-12-14T13:23:33.485+0000] {dag.py:3096} INFO - Sync 1 DAGs
[2025-12-14T13:23:33.505+0000] {logging_mixin.py:188} INFO - [2025-12-14T13:23:33.505+0000] {dag.py:3954} INFO - Setting next_dagrun for youtube_video_stats to 2025-12-13 14:00:00+00:00, run_after=2025-12-14 14:00:00+00:00
[2025-12-14T13:23:33.526+0000] {processor.py:183} INFO - Processing /opt/airflow/dags/main.py took 0.118 seconds
[2025-12-14T13:24:03.704+0000] {processor.py:161} INFO - Started process (PID=2424) to work on /opt/airflow/dags/main.py
[2025-12-14T13:24:03.705+0000] {processor.py:830} INFO - Processing file /opt/airflow/dags/main.py for tasks to queue
[2025-12-14T13:24:03.707+0000] {logging_mixin.py:188} INFO - [2025-12-14T13:24:03.706+0000] {dagbag.py:545} INFO - Filling up the DagBag from /opt/airflow/dags/main.py
[2025-12-14T13:24:03.740+0000] {processor.py:840} INFO - DAG(s) 'youtube_video_stats' retrieved from /opt/airflow/dags/main.py
[2025-12-14T13:24:03.762+0000] {logging_mixin.py:188} INFO - [2025-12-14T13:24:03.761+0000] {dag.py:3096} INFO - Sync 1 DAGs
[2025-12-14T13:24:03.783+0000] {logging_mixin.py:188} INFO - [2025-12-14T13:24:03.782+0000] {dag.py:3954} INFO - Setting next_dagrun for youtube_video_stats to 2025-12-13 14:00:00+00:00, run_after=2025-12-14 14:00:00+00:00
[2025-12-14T13:24:03.806+0000] {processor.py:183} INFO - Processing /opt/airflow/dags/main.py took 0.107 seconds
[2025-12-14T13:24:33.937+0000] {processor.py:161} INFO - Started process (PID=2431) to work on /opt/airflow/dags/main.py
[2025-12-14T13:24:33.938+0000] {processor.py:830} INFO - Processing file /opt/airflow/dags/main.py for tasks to queue
[2025-12-14T13:24:33.940+0000] {logging_mixin.py:188} INFO - [2025-12-14T13:24:33.939+0000] {dagbag.py:545} INFO - Filling up the DagBag from /opt/airflow/dags/main.py
[2025-12-14T13:24:33.986+0000] {processor.py:840} INFO - DAG(s) 'youtube_video_stats' retrieved from /opt/airflow/dags/main.py
[2025-12-14T13:24:34.012+0000] {logging_mixin.py:188} INFO - [2025-12-14T13:24:34.012+0000] {dag.py:3096} INFO - Sync 1 DAGs
[2025-12-14T13:24:34.035+0000] {logging_mixin.py:188} INFO - [2025-12-14T13:24:34.035+0000] {dag.py:3954} INFO - Setting next_dagrun for youtube_video_stats to 2025-12-13 14:00:00+00:00, run_after=2025-12-14 14:00:00+00:00
[2025-12-14T13:24:34.055+0000] {processor.py:183} INFO - Processing /opt/airflow/dags/main.py took 0.124 seconds
[2025-12-14T13:25:04.190+0000] {processor.py:161} INFO - Started process (PID=2438) to work on /opt/airflow/dags/main.py
[2025-12-14T13:25:04.191+0000] {processor.py:830} INFO - Processing file /opt/airflow/dags/main.py for tasks to queue
[2025-12-14T13:25:04.192+0000] {logging_mixin.py:188} INFO - [2025-12-14T13:25:04.192+0000] {dagbag.py:545} INFO - Filling up the DagBag from /opt/airflow/dags/main.py
[2025-12-14T13:25:04.227+0000] {processor.py:840} INFO - DAG(s) 'youtube_video_stats' retrieved from /opt/airflow/dags/main.py
[2025-12-14T13:25:04.248+0000] {logging_mixin.py:188} INFO - [2025-12-14T13:25:04.248+0000] {dag.py:3096} INFO - Sync 1 DAGs
[2025-12-14T13:25:04.267+0000] {logging_mixin.py:188} INFO - [2025-12-14T13:25:04.266+0000] {dag.py:3954} INFO - Setting next_dagrun for youtube_video_stats to 2025-12-13 14:00:00+00:00, run_after=2025-12-14 14:00:00+00:00
[2025-12-14T13:25:04.287+0000] {processor.py:183} INFO - Processing /opt/airflow/dags/main.py took 0.103 seconds
[2025-12-14T13:25:34.449+0000] {processor.py:161} INFO - Started process (PID=2445) to work on /opt/airflow/dags/main.py
[2025-12-14T13:25:34.450+0000] {processor.py:830} INFO - Processing file /opt/airflow/dags/main.py for tasks to queue
[2025-12-14T13:25:34.451+0000] {logging_mixin.py:188} INFO - [2025-12-14T13:25:34.451+0000] {dagbag.py:545} INFO - Filling up the DagBag from /opt/airflow/dags/main.py
[2025-12-14T13:25:34.491+0000] {processor.py:840} INFO - DAG(s) 'youtube_video_stats' retrieved from /opt/airflow/dags/main.py
[2025-12-14T13:25:34.515+0000] {logging_mixin.py:188} INFO - [2025-12-14T13:25:34.515+0000] {dag.py:3096} INFO - Sync 1 DAGs
[2025-12-14T13:25:34.540+0000] {logging_mixin.py:188} INFO - [2025-12-14T13:25:34.540+0000] {dag.py:3954} INFO - Setting next_dagrun for youtube_video_stats to 2025-12-13 14:00:00+00:00, run_after=2025-12-14 14:00:00+00:00
[2025-12-14T13:25:34.557+0000] {processor.py:183} INFO - Processing /opt/airflow/dags/main.py took 0.114 seconds
[2025-12-14T13:26:05.235+0000] {processor.py:161} INFO - Started process (PID=2453) to work on /opt/airflow/dags/main.py
[2025-12-14T13:26:05.237+0000] {processor.py:830} INFO - Processing file /opt/airflow/dags/main.py for tasks to queue
[2025-12-14T13:26:05.250+0000] {logging_mixin.py:188} INFO - [2025-12-14T13:26:05.249+0000] {dagbag.py:545} INFO - Filling up the DagBag from /opt/airflow/dags/main.py
[2025-12-14T13:26:05.314+0000] {processor.py:840} INFO - DAG(s) 'youtube_video_stats' retrieved from /opt/airflow/dags/main.py
[2025-12-14T13:26:05.360+0000] {logging_mixin.py:188} INFO - [2025-12-14T13:26:05.359+0000] {dag.py:3096} INFO - Sync 1 DAGs
[2025-12-14T13:26:05.392+0000] {logging_mixin.py:188} INFO - [2025-12-14T13:26:05.392+0000] {dag.py:3954} INFO - Setting next_dagrun for youtube_video_stats to 2025-12-13 14:00:00+00:00, run_after=2025-12-14 14:00:00+00:00
[2025-12-14T13:26:05.867+0000] {processor.py:183} INFO - Processing /opt/airflow/dags/main.py took 0.641 seconds
[2025-12-14T13:26:36.097+0000] {processor.py:161} INFO - Started process (PID=2460) to work on /opt/airflow/dags/main.py
[2025-12-14T13:26:36.098+0000] {processor.py:830} INFO - Processing file /opt/airflow/dags/main.py for tasks to queue
[2025-12-14T13:26:36.100+0000] {logging_mixin.py:188} INFO - [2025-12-14T13:26:36.100+0000] {dagbag.py:545} INFO - Filling up the DagBag from /opt/airflow/dags/main.py
[2025-12-14T13:26:36.135+0000] {processor.py:840} INFO - DAG(s) 'youtube_video_stats' retrieved from /opt/airflow/dags/main.py
[2025-12-14T13:26:36.158+0000] {logging_mixin.py:188} INFO - [2025-12-14T13:26:36.157+0000] {dag.py:3096} INFO - Sync 1 DAGs
[2025-12-14T13:26:36.176+0000] {logging_mixin.py:188} INFO - [2025-12-14T13:26:36.175+0000] {dag.py:3954} INFO - Setting next_dagrun for youtube_video_stats to 2025-12-13 14:00:00+00:00, run_after=2025-12-14 14:00:00+00:00
[2025-12-14T13:26:36.198+0000] {processor.py:183} INFO - Processing /opt/airflow/dags/main.py took 0.106 seconds
[2025-12-14T13:27:06.387+0000] {processor.py:161} INFO - Started process (PID=2467) to work on /opt/airflow/dags/main.py
[2025-12-14T13:27:06.388+0000] {processor.py:830} INFO - Processing file /opt/airflow/dags/main.py for tasks to queue
[2025-12-14T13:27:06.390+0000] {logging_mixin.py:188} INFO - [2025-12-14T13:27:06.390+0000] {dagbag.py:545} INFO - Filling up the DagBag from /opt/airflow/dags/main.py
[2025-12-14T13:27:06.427+0000] {processor.py:840} INFO - DAG(s) 'youtube_video_stats' retrieved from /opt/airflow/dags/main.py
[2025-12-14T13:27:06.450+0000] {logging_mixin.py:188} INFO - [2025-12-14T13:27:06.450+0000] {dag.py:3096} INFO - Sync 1 DAGs
[2025-12-14T13:27:06.468+0000] {logging_mixin.py:188} INFO - [2025-12-14T13:27:06.468+0000] {dag.py:3954} INFO - Setting next_dagrun for youtube_video_stats to 2025-12-13 14:00:00+00:00, run_after=2025-12-14 14:00:00+00:00
[2025-12-14T13:27:06.487+0000] {processor.py:183} INFO - Processing /opt/airflow/dags/main.py took 0.105 seconds
[2025-12-14T13:27:36.577+0000] {processor.py:161} INFO - Started process (PID=2474) to work on /opt/airflow/dags/main.py
[2025-12-14T13:27:36.578+0000] {processor.py:830} INFO - Processing file /opt/airflow/dags/main.py for tasks to queue
[2025-12-14T13:27:36.580+0000] {logging_mixin.py:188} INFO - [2025-12-14T13:27:36.579+0000] {dagbag.py:545} INFO - Filling up the DagBag from /opt/airflow/dags/main.py
[2025-12-14T13:27:36.620+0000] {processor.py:840} INFO - DAG(s) 'youtube_video_stats' retrieved from /opt/airflow/dags/main.py
[2025-12-14T13:27:36.645+0000] {logging_mixin.py:188} INFO - [2025-12-14T13:27:36.645+0000] {dag.py:3096} INFO - Sync 1 DAGs
[2025-12-14T13:27:36.667+0000] {logging_mixin.py:188} INFO - [2025-12-14T13:27:36.667+0000] {dag.py:3954} INFO - Setting next_dagrun for youtube_video_stats to 2025-12-13 14:00:00+00:00, run_after=2025-12-14 14:00:00+00:00
[2025-12-14T13:27:36.689+0000] {processor.py:183} INFO - Processing /opt/airflow/dags/main.py took 0.119 seconds
[2025-12-14T13:28:06.865+0000] {processor.py:161} INFO - Started process (PID=2481) to work on /opt/airflow/dags/main.py
[2025-12-14T13:28:06.866+0000] {processor.py:830} INFO - Processing file /opt/airflow/dags/main.py for tasks to queue
[2025-12-14T13:28:06.868+0000] {logging_mixin.py:188} INFO - [2025-12-14T13:28:06.868+0000] {dagbag.py:545} INFO - Filling up the DagBag from /opt/airflow/dags/main.py
[2025-12-14T13:28:06.903+0000] {processor.py:840} INFO - DAG(s) 'youtube_video_stats' retrieved from /opt/airflow/dags/main.py
[2025-12-14T13:28:06.937+0000] {logging_mixin.py:188} INFO - [2025-12-14T13:28:06.937+0000] {dag.py:3096} INFO - Sync 1 DAGs
[2025-12-14T13:28:06.962+0000] {logging_mixin.py:188} INFO - [2025-12-14T13:28:06.962+0000] {dag.py:3954} INFO - Setting next_dagrun for youtube_video_stats to 2025-12-13 14:00:00+00:00, run_after=2025-12-14 14:00:00+00:00
[2025-12-14T13:28:06.983+0000] {processor.py:183} INFO - Processing /opt/airflow/dags/main.py took 0.124 seconds
[2025-12-14T13:28:37.146+0000] {processor.py:161} INFO - Started process (PID=2488) to work on /opt/airflow/dags/main.py
[2025-12-14T13:28:37.147+0000] {processor.py:830} INFO - Processing file /opt/airflow/dags/main.py for tasks to queue
[2025-12-14T13:28:37.149+0000] {logging_mixin.py:188} INFO - [2025-12-14T13:28:37.149+0000] {dagbag.py:545} INFO - Filling up the DagBag from /opt/airflow/dags/main.py
[2025-12-14T13:28:37.199+0000] {processor.py:840} INFO - DAG(s) 'youtube_video_stats' retrieved from /opt/airflow/dags/main.py
[2025-12-14T13:28:37.224+0000] {logging_mixin.py:188} INFO - [2025-12-14T13:28:37.224+0000] {dag.py:3096} INFO - Sync 1 DAGs
[2025-12-14T13:28:37.242+0000] {logging_mixin.py:188} INFO - [2025-12-14T13:28:37.242+0000] {dag.py:3954} INFO - Setting next_dagrun for youtube_video_stats to 2025-12-13 14:00:00+00:00, run_after=2025-12-14 14:00:00+00:00
[2025-12-14T13:28:37.263+0000] {processor.py:183} INFO - Processing /opt/airflow/dags/main.py took 0.122 seconds
[2025-12-14T13:29:07.385+0000] {processor.py:161} INFO - Started process (PID=2495) to work on /opt/airflow/dags/main.py
[2025-12-14T13:29:07.386+0000] {processor.py:830} INFO - Processing file /opt/airflow/dags/main.py for tasks to queue
[2025-12-14T13:29:07.388+0000] {logging_mixin.py:188} INFO - [2025-12-14T13:29:07.388+0000] {dagbag.py:545} INFO - Filling up the DagBag from /opt/airflow/dags/main.py
[2025-12-14T13:29:07.423+0000] {processor.py:840} INFO - DAG(s) 'youtube_video_stats' retrieved from /opt/airflow/dags/main.py
[2025-12-14T13:29:07.446+0000] {logging_mixin.py:188} INFO - [2025-12-14T13:29:07.446+0000] {dag.py:3096} INFO - Sync 1 DAGs
[2025-12-14T13:29:07.464+0000] {logging_mixin.py:188} INFO - [2025-12-14T13:29:07.464+0000] {dag.py:3954} INFO - Setting next_dagrun for youtube_video_stats to 2025-12-13 14:00:00+00:00, run_after=2025-12-14 14:00:00+00:00
[2025-12-14T13:29:07.480+0000] {processor.py:183} INFO - Processing /opt/airflow/dags/main.py took 0.100 seconds
[2025-12-14T13:29:37.728+0000] {processor.py:161} INFO - Started process (PID=2502) to work on /opt/airflow/dags/main.py
[2025-12-14T13:29:37.729+0000] {processor.py:830} INFO - Processing file /opt/airflow/dags/main.py for tasks to queue
[2025-12-14T13:29:37.731+0000] {logging_mixin.py:188} INFO - [2025-12-14T13:29:37.730+0000] {dagbag.py:545} INFO - Filling up the DagBag from /opt/airflow/dags/main.py
[2025-12-14T13:29:37.765+0000] {processor.py:840} INFO - DAG(s) 'youtube_video_stats' retrieved from /opt/airflow/dags/main.py
[2025-12-14T13:29:37.792+0000] {logging_mixin.py:188} INFO - [2025-12-14T13:29:37.792+0000] {dag.py:3096} INFO - Sync 1 DAGs
[2025-12-14T13:29:37.813+0000] {logging_mixin.py:188} INFO - [2025-12-14T13:29:37.812+0000] {dag.py:3954} INFO - Setting next_dagrun for youtube_video_stats to 2025-12-13 14:00:00+00:00, run_after=2025-12-14 14:00:00+00:00
[2025-12-14T13:29:37.831+0000] {processor.py:183} INFO - Processing /opt/airflow/dags/main.py took 0.108 seconds
[2025-12-14T13:30:07.960+0000] {processor.py:161} INFO - Started process (PID=2509) to work on /opt/airflow/dags/main.py
[2025-12-14T13:30:07.962+0000] {processor.py:830} INFO - Processing file /opt/airflow/dags/main.py for tasks to queue
[2025-12-14T13:30:07.963+0000] {logging_mixin.py:188} INFO - [2025-12-14T13:30:07.963+0000] {dagbag.py:545} INFO - Filling up the DagBag from /opt/airflow/dags/main.py
[2025-12-14T13:30:08.018+0000] {processor.py:840} INFO - DAG(s) 'youtube_video_stats' retrieved from /opt/airflow/dags/main.py
[2025-12-14T13:30:08.045+0000] {logging_mixin.py:188} INFO - [2025-12-14T13:30:08.045+0000] {dag.py:3096} INFO - Sync 1 DAGs
[2025-12-14T13:30:08.067+0000] {logging_mixin.py:188} INFO - [2025-12-14T13:30:08.067+0000] {dag.py:3954} INFO - Setting next_dagrun for youtube_video_stats to 2025-12-13 14:00:00+00:00, run_after=2025-12-14 14:00:00+00:00
[2025-12-14T13:30:08.089+0000] {processor.py:183} INFO - Processing /opt/airflow/dags/main.py took 0.137 seconds
[2025-12-14T13:30:38.218+0000] {processor.py:161} INFO - Started process (PID=2522) to work on /opt/airflow/dags/main.py
[2025-12-14T13:30:38.220+0000] {processor.py:830} INFO - Processing file /opt/airflow/dags/main.py for tasks to queue
[2025-12-14T13:30:38.222+0000] {logging_mixin.py:188} INFO - [2025-12-14T13:30:38.221+0000] {dagbag.py:545} INFO - Filling up the DagBag from /opt/airflow/dags/main.py
[2025-12-14T13:30:38.265+0000] {processor.py:840} INFO - DAG(s) 'youtube_video_stats' retrieved from /opt/airflow/dags/main.py
[2025-12-14T13:30:38.294+0000] {logging_mixin.py:188} INFO - [2025-12-14T13:30:38.293+0000] {dag.py:3096} INFO - Sync 1 DAGs
[2025-12-14T13:30:38.316+0000] {logging_mixin.py:188} INFO - [2025-12-14T13:30:38.315+0000] {dag.py:3954} INFO - Setting next_dagrun for youtube_video_stats to 2025-12-13 14:00:00+00:00, run_after=2025-12-14 14:00:00+00:00
[2025-12-14T13:30:38.335+0000] {processor.py:183} INFO - Processing /opt/airflow/dags/main.py took 0.123 seconds
[2025-12-14T13:31:08.556+0000] {processor.py:161} INFO - Started process (PID=2529) to work on /opt/airflow/dags/main.py
[2025-12-14T13:31:08.557+0000] {processor.py:830} INFO - Processing file /opt/airflow/dags/main.py for tasks to queue
[2025-12-14T13:31:08.560+0000] {logging_mixin.py:188} INFO - [2025-12-14T13:31:08.559+0000] {dagbag.py:545} INFO - Filling up the DagBag from /opt/airflow/dags/main.py
[2025-12-14T13:31:08.610+0000] {processor.py:840} INFO - DAG(s) 'youtube_video_stats' retrieved from /opt/airflow/dags/main.py
[2025-12-14T13:31:08.640+0000] {logging_mixin.py:188} INFO - [2025-12-14T13:31:08.640+0000] {dag.py:3096} INFO - Sync 1 DAGs
[2025-12-14T13:31:08.661+0000] {logging_mixin.py:188} INFO - [2025-12-14T13:31:08.661+0000] {dag.py:3954} INFO - Setting next_dagrun for youtube_video_stats to 2025-12-13 14:00:00+00:00, run_after=2025-12-14 14:00:00+00:00
[2025-12-14T13:31:08.685+0000] {processor.py:183} INFO - Processing /opt/airflow/dags/main.py took 0.137 seconds
[2025-12-14T13:31:38.789+0000] {processor.py:161} INFO - Started process (PID=2536) to work on /opt/airflow/dags/main.py
[2025-12-14T13:31:38.790+0000] {processor.py:830} INFO - Processing file /opt/airflow/dags/main.py for tasks to queue
[2025-12-14T13:31:38.792+0000] {logging_mixin.py:188} INFO - [2025-12-14T13:31:38.792+0000] {dagbag.py:545} INFO - Filling up the DagBag from /opt/airflow/dags/main.py
[2025-12-14T13:31:38.828+0000] {processor.py:840} INFO - DAG(s) 'youtube_video_stats' retrieved from /opt/airflow/dags/main.py
[2025-12-14T13:31:38.852+0000] {logging_mixin.py:188} INFO - [2025-12-14T13:31:38.852+0000] {dag.py:3096} INFO - Sync 1 DAGs
[2025-12-14T13:31:38.871+0000] {logging_mixin.py:188} INFO - [2025-12-14T13:31:38.871+0000] {dag.py:3954} INFO - Setting next_dagrun for youtube_video_stats to 2025-12-13 14:00:00+00:00, run_after=2025-12-14 14:00:00+00:00
[2025-12-14T13:31:38.891+0000] {processor.py:183} INFO - Processing /opt/airflow/dags/main.py took 0.108 seconds
[2025-12-14T13:32:09.088+0000] {processor.py:161} INFO - Started process (PID=2543) to work on /opt/airflow/dags/main.py
[2025-12-14T13:32:09.089+0000] {processor.py:830} INFO - Processing file /opt/airflow/dags/main.py for tasks to queue
[2025-12-14T13:32:09.091+0000] {logging_mixin.py:188} INFO - [2025-12-14T13:32:09.090+0000] {dagbag.py:545} INFO - Filling up the DagBag from /opt/airflow/dags/main.py
[2025-12-14T13:32:09.127+0000] {processor.py:840} INFO - DAG(s) 'youtube_video_stats' retrieved from /opt/airflow/dags/main.py
[2025-12-14T13:32:09.149+0000] {logging_mixin.py:188} INFO - [2025-12-14T13:32:09.149+0000] {dag.py:3096} INFO - Sync 1 DAGs
[2025-12-14T13:32:09.167+0000] {logging_mixin.py:188} INFO - [2025-12-14T13:32:09.167+0000] {dag.py:3954} INFO - Setting next_dagrun for youtube_video_stats to 2025-12-13 14:00:00+00:00, run_after=2025-12-14 14:00:00+00:00
[2025-12-14T13:32:09.186+0000] {processor.py:183} INFO - Processing /opt/airflow/dags/main.py took 0.102 seconds
[2025-12-14T13:32:39.282+0000] {processor.py:161} INFO - Started process (PID=2550) to work on /opt/airflow/dags/main.py
[2025-12-14T13:32:39.283+0000] {processor.py:830} INFO - Processing file /opt/airflow/dags/main.py for tasks to queue
[2025-12-14T13:32:39.285+0000] {logging_mixin.py:188} INFO - [2025-12-14T13:32:39.285+0000] {dagbag.py:545} INFO - Filling up the DagBag from /opt/airflow/dags/main.py
[2025-12-14T13:32:39.327+0000] {processor.py:840} INFO - DAG(s) 'youtube_video_stats' retrieved from /opt/airflow/dags/main.py
[2025-12-14T13:32:39.351+0000] {logging_mixin.py:188} INFO - [2025-12-14T13:32:39.350+0000] {dag.py:3096} INFO - Sync 1 DAGs
[2025-12-14T13:32:39.369+0000] {logging_mixin.py:188} INFO - [2025-12-14T13:32:39.369+0000] {dag.py:3954} INFO - Setting next_dagrun for youtube_video_stats to 2025-12-13 14:00:00+00:00, run_after=2025-12-14 14:00:00+00:00
[2025-12-14T13:32:39.387+0000] {processor.py:183} INFO - Processing /opt/airflow/dags/main.py took 0.111 seconds
[2025-12-14T13:33:09.570+0000] {processor.py:161} INFO - Started process (PID=2558) to work on /opt/airflow/dags/main.py
[2025-12-14T13:33:09.570+0000] {processor.py:830} INFO - Processing file /opt/airflow/dags/main.py for tasks to queue
[2025-12-14T13:33:09.572+0000] {logging_mixin.py:188} INFO - [2025-12-14T13:33:09.572+0000] {dagbag.py:545} INFO - Filling up the DagBag from /opt/airflow/dags/main.py
[2025-12-14T13:33:09.604+0000] {processor.py:840} INFO - DAG(s) 'youtube_video_stats' retrieved from /opt/airflow/dags/main.py
[2025-12-14T13:33:09.627+0000] {logging_mixin.py:188} INFO - [2025-12-14T13:33:09.626+0000] {dag.py:3096} INFO - Sync 1 DAGs
[2025-12-14T13:33:09.646+0000] {logging_mixin.py:188} INFO - [2025-12-14T13:33:09.646+0000] {dag.py:3954} INFO - Setting next_dagrun for youtube_video_stats to 2025-12-13 14:00:00+00:00, run_after=2025-12-14 14:00:00+00:00
[2025-12-14T13:33:09.671+0000] {processor.py:183} INFO - Processing /opt/airflow/dags/main.py took 0.106 seconds
[2025-12-14T13:33:39.811+0000] {processor.py:161} INFO - Started process (PID=2565) to work on /opt/airflow/dags/main.py
[2025-12-14T13:33:39.812+0000] {processor.py:830} INFO - Processing file /opt/airflow/dags/main.py for tasks to queue
[2025-12-14T13:33:39.814+0000] {logging_mixin.py:188} INFO - [2025-12-14T13:33:39.814+0000] {dagbag.py:545} INFO - Filling up the DagBag from /opt/airflow/dags/main.py
[2025-12-14T13:33:39.849+0000] {processor.py:840} INFO - DAG(s) 'youtube_video_stats' retrieved from /opt/airflow/dags/main.py
[2025-12-14T13:33:39.871+0000] {logging_mixin.py:188} INFO - [2025-12-14T13:33:39.871+0000] {dag.py:3096} INFO - Sync 1 DAGs
[2025-12-14T13:33:39.891+0000] {logging_mixin.py:188} INFO - [2025-12-14T13:33:39.891+0000] {dag.py:3954} INFO - Setting next_dagrun for youtube_video_stats to 2025-12-13 14:00:00+00:00, run_after=2025-12-14 14:00:00+00:00
[2025-12-14T13:33:39.910+0000] {processor.py:183} INFO - Processing /opt/airflow/dags/main.py took 0.105 seconds
[2025-12-14T13:34:10.063+0000] {processor.py:161} INFO - Started process (PID=2572) to work on /opt/airflow/dags/main.py
[2025-12-14T13:34:10.064+0000] {processor.py:830} INFO - Processing file /opt/airflow/dags/main.py for tasks to queue
[2025-12-14T13:34:10.066+0000] {logging_mixin.py:188} INFO - [2025-12-14T13:34:10.066+0000] {dagbag.py:545} INFO - Filling up the DagBag from /opt/airflow/dags/main.py
[2025-12-14T13:34:10.106+0000] {processor.py:840} INFO - DAG(s) 'youtube_video_stats' retrieved from /opt/airflow/dags/main.py
[2025-12-14T13:34:10.133+0000] {logging_mixin.py:188} INFO - [2025-12-14T13:34:10.132+0000] {dag.py:3096} INFO - Sync 1 DAGs
[2025-12-14T13:34:10.153+0000] {logging_mixin.py:188} INFO - [2025-12-14T13:34:10.153+0000] {dag.py:3954} INFO - Setting next_dagrun for youtube_video_stats to 2025-12-13 14:00:00+00:00, run_after=2025-12-14 14:00:00+00:00
[2025-12-14T13:34:10.171+0000] {processor.py:183} INFO - Processing /opt/airflow/dags/main.py took 0.114 seconds
[2025-12-14T13:34:40.352+0000] {processor.py:161} INFO - Started process (PID=2579) to work on /opt/airflow/dags/main.py
[2025-12-14T13:34:40.353+0000] {processor.py:830} INFO - Processing file /opt/airflow/dags/main.py for tasks to queue
[2025-12-14T13:34:40.354+0000] {logging_mixin.py:188} INFO - [2025-12-14T13:34:40.354+0000] {dagbag.py:545} INFO - Filling up the DagBag from /opt/airflow/dags/main.py
[2025-12-14T13:34:40.389+0000] {processor.py:840} INFO - DAG(s) 'youtube_video_stats' retrieved from /opt/airflow/dags/main.py
[2025-12-14T13:34:40.411+0000] {logging_mixin.py:188} INFO - [2025-12-14T13:34:40.410+0000] {dag.py:3096} INFO - Sync 1 DAGs
[2025-12-14T13:34:40.428+0000] {logging_mixin.py:188} INFO - [2025-12-14T13:34:40.427+0000] {dag.py:3954} INFO - Setting next_dagrun for youtube_video_stats to 2025-12-13 14:00:00+00:00, run_after=2025-12-14 14:00:00+00:00
[2025-12-14T13:34:40.449+0000] {processor.py:183} INFO - Processing /opt/airflow/dags/main.py took 0.102 seconds
[2025-12-14T13:35:10.562+0000] {processor.py:161} INFO - Started process (PID=2586) to work on /opt/airflow/dags/main.py
[2025-12-14T13:35:10.563+0000] {processor.py:830} INFO - Processing file /opt/airflow/dags/main.py for tasks to queue
[2025-12-14T13:35:10.565+0000] {logging_mixin.py:188} INFO - [2025-12-14T13:35:10.564+0000] {dagbag.py:545} INFO - Filling up the DagBag from /opt/airflow/dags/main.py
[2025-12-14T13:35:10.599+0000] {processor.py:840} INFO - DAG(s) 'youtube_video_stats' retrieved from /opt/airflow/dags/main.py
[2025-12-14T13:35:10.621+0000] {logging_mixin.py:188} INFO - [2025-12-14T13:35:10.621+0000] {dag.py:3096} INFO - Sync 1 DAGs
[2025-12-14T13:35:10.640+0000] {logging_mixin.py:188} INFO - [2025-12-14T13:35:10.640+0000] {dag.py:3954} INFO - Setting next_dagrun for youtube_video_stats to 2025-12-13 14:00:00+00:00, run_after=2025-12-14 14:00:00+00:00
[2025-12-14T13:35:10.661+0000] {processor.py:183} INFO - Processing /opt/airflow/dags/main.py took 0.104 seconds
[2025-12-14T13:35:40.871+0000] {processor.py:161} INFO - Started process (PID=2593) to work on /opt/airflow/dags/main.py
[2025-12-14T13:35:40.872+0000] {processor.py:830} INFO - Processing file /opt/airflow/dags/main.py for tasks to queue
[2025-12-14T13:35:40.875+0000] {logging_mixin.py:188} INFO - [2025-12-14T13:35:40.875+0000] {dagbag.py:545} INFO - Filling up the DagBag from /opt/airflow/dags/main.py
[2025-12-14T13:35:40.910+0000] {processor.py:840} INFO - DAG(s) 'youtube_video_stats' retrieved from /opt/airflow/dags/main.py
[2025-12-14T13:35:40.932+0000] {logging_mixin.py:188} INFO - [2025-12-14T13:35:40.932+0000] {dag.py:3096} INFO - Sync 1 DAGs
[2025-12-14T13:35:40.949+0000] {logging_mixin.py:188} INFO - [2025-12-14T13:35:40.949+0000] {dag.py:3954} INFO - Setting next_dagrun for youtube_video_stats to 2025-12-13 14:00:00+00:00, run_after=2025-12-14 14:00:00+00:00
[2025-12-14T13:35:40.973+0000] {processor.py:183} INFO - Processing /opt/airflow/dags/main.py took 0.109 seconds
[2025-12-14T13:36:11.218+0000] {processor.py:161} INFO - Started process (PID=2600) to work on /opt/airflow/dags/main.py
[2025-12-14T13:36:11.219+0000] {processor.py:830} INFO - Processing file /opt/airflow/dags/main.py for tasks to queue
[2025-12-14T13:36:11.221+0000] {logging_mixin.py:188} INFO - [2025-12-14T13:36:11.221+0000] {dagbag.py:545} INFO - Filling up the DagBag from /opt/airflow/dags/main.py
[2025-12-14T13:36:11.268+0000] {processor.py:840} INFO - DAG(s) 'youtube_video_stats' retrieved from /opt/airflow/dags/main.py
[2025-12-14T13:36:11.293+0000] {logging_mixin.py:188} INFO - [2025-12-14T13:36:11.293+0000] {dag.py:3096} INFO - Sync 1 DAGs
[2025-12-14T13:36:11.316+0000] {logging_mixin.py:188} INFO - [2025-12-14T13:36:11.316+0000] {dag.py:3954} INFO - Setting next_dagrun for youtube_video_stats to 2025-12-13 14:00:00+00:00, run_after=2025-12-14 14:00:00+00:00
[2025-12-14T13:36:11.331+0000] {processor.py:183} INFO - Processing /opt/airflow/dags/main.py took 0.118 seconds
[2025-12-14T13:36:41.437+0000] {processor.py:161} INFO - Started process (PID=2607) to work on /opt/airflow/dags/main.py
[2025-12-14T13:36:41.438+0000] {processor.py:830} INFO - Processing file /opt/airflow/dags/main.py for tasks to queue
[2025-12-14T13:36:41.440+0000] {logging_mixin.py:188} INFO - [2025-12-14T13:36:41.439+0000] {dagbag.py:545} INFO - Filling up the DagBag from /opt/airflow/dags/main.py
[2025-12-14T13:36:41.478+0000] {processor.py:840} INFO - DAG(s) 'youtube_video_stats' retrieved from /opt/airflow/dags/main.py
[2025-12-14T13:36:41.511+0000] {logging_mixin.py:188} INFO - [2025-12-14T13:36:41.510+0000] {dag.py:3096} INFO - Sync 1 DAGs
[2025-12-14T13:36:41.529+0000] {logging_mixin.py:188} INFO - [2025-12-14T13:36:41.529+0000] {dag.py:3954} INFO - Setting next_dagrun for youtube_video_stats to 2025-12-13 14:00:00+00:00, run_after=2025-12-14 14:00:00+00:00
[2025-12-14T13:36:41.545+0000] {processor.py:183} INFO - Processing /opt/airflow/dags/main.py took 0.114 seconds
[2025-12-14T13:37:11.729+0000] {processor.py:161} INFO - Started process (PID=2614) to work on /opt/airflow/dags/main.py
[2025-12-14T13:37:11.730+0000] {processor.py:830} INFO - Processing file /opt/airflow/dags/main.py for tasks to queue
[2025-12-14T13:37:11.732+0000] {logging_mixin.py:188} INFO - [2025-12-14T13:37:11.732+0000] {dagbag.py:545} INFO - Filling up the DagBag from /opt/airflow/dags/main.py
[2025-12-14T13:37:11.775+0000] {processor.py:840} INFO - DAG(s) 'youtube_video_stats' retrieved from /opt/airflow/dags/main.py
[2025-12-14T13:37:11.804+0000] {logging_mixin.py:188} INFO - [2025-12-14T13:37:11.804+0000] {dag.py:3096} INFO - Sync 1 DAGs
[2025-12-14T13:37:11.829+0000] {logging_mixin.py:188} INFO - [2025-12-14T13:37:11.829+0000] {dag.py:3954} INFO - Setting next_dagrun for youtube_video_stats to 2025-12-13 14:00:00+00:00, run_after=2025-12-14 14:00:00+00:00
[2025-12-14T13:37:11.852+0000] {processor.py:183} INFO - Processing /opt/airflow/dags/main.py took 0.130 seconds
[2025-12-14T13:37:41.962+0000] {processor.py:161} INFO - Started process (PID=2621) to work on /opt/airflow/dags/main.py
[2025-12-14T13:37:41.963+0000] {processor.py:830} INFO - Processing file /opt/airflow/dags/main.py for tasks to queue
[2025-12-14T13:37:41.965+0000] {logging_mixin.py:188} INFO - [2025-12-14T13:37:41.965+0000] {dagbag.py:545} INFO - Filling up the DagBag from /opt/airflow/dags/main.py
[2025-12-14T13:37:42.015+0000] {processor.py:840} INFO - DAG(s) 'youtube_video_stats' retrieved from /opt/airflow/dags/main.py
[2025-12-14T13:37:42.049+0000] {logging_mixin.py:188} INFO - [2025-12-14T13:37:42.048+0000] {dag.py:3096} INFO - Sync 1 DAGs
[2025-12-14T13:37:42.070+0000] {logging_mixin.py:188} INFO - [2025-12-14T13:37:42.070+0000] {dag.py:3954} INFO - Setting next_dagrun for youtube_video_stats to 2025-12-13 14:00:00+00:00, run_after=2025-12-14 14:00:00+00:00
[2025-12-14T13:37:42.095+0000] {processor.py:183} INFO - Processing /opt/airflow/dags/main.py took 0.141 seconds
[2025-12-14T13:38:12.237+0000] {processor.py:161} INFO - Started process (PID=2628) to work on /opt/airflow/dags/main.py
[2025-12-14T13:38:12.238+0000] {processor.py:830} INFO - Processing file /opt/airflow/dags/main.py for tasks to queue
[2025-12-14T13:38:12.240+0000] {logging_mixin.py:188} INFO - [2025-12-14T13:38:12.240+0000] {dagbag.py:545} INFO - Filling up the DagBag from /opt/airflow/dags/main.py
[2025-12-14T13:38:12.274+0000] {processor.py:840} INFO - DAG(s) 'youtube_video_stats' retrieved from /opt/airflow/dags/main.py
[2025-12-14T13:38:12.297+0000] {logging_mixin.py:188} INFO - [2025-12-14T13:38:12.297+0000] {dag.py:3096} INFO - Sync 1 DAGs
[2025-12-14T13:38:12.316+0000] {logging_mixin.py:188} INFO - [2025-12-14T13:38:12.316+0000] {dag.py:3954} INFO - Setting next_dagrun for youtube_video_stats to 2025-12-13 14:00:00+00:00, run_after=2025-12-14 14:00:00+00:00
[2025-12-14T13:38:12.333+0000] {processor.py:183} INFO - Processing /opt/airflow/dags/main.py took 0.101 seconds
[2025-12-14T13:38:42.500+0000] {processor.py:161} INFO - Started process (PID=2635) to work on /opt/airflow/dags/main.py
[2025-12-14T13:38:42.501+0000] {processor.py:830} INFO - Processing file /opt/airflow/dags/main.py for tasks to queue
[2025-12-14T13:38:42.504+0000] {logging_mixin.py:188} INFO - [2025-12-14T13:38:42.503+0000] {dagbag.py:545} INFO - Filling up the DagBag from /opt/airflow/dags/main.py
[2025-12-14T13:38:42.547+0000] {processor.py:840} INFO - DAG(s) 'youtube_video_stats' retrieved from /opt/airflow/dags/main.py
[2025-12-14T13:38:42.571+0000] {logging_mixin.py:188} INFO - [2025-12-14T13:38:42.571+0000] {dag.py:3096} INFO - Sync 1 DAGs
[2025-12-14T13:38:42.590+0000] {logging_mixin.py:188} INFO - [2025-12-14T13:38:42.590+0000] {dag.py:3954} INFO - Setting next_dagrun for youtube_video_stats to 2025-12-13 14:00:00+00:00, run_after=2025-12-14 14:00:00+00:00
[2025-12-14T13:38:42.615+0000] {processor.py:183} INFO - Processing /opt/airflow/dags/main.py took 0.121 seconds
[2025-12-14T13:39:12.703+0000] {processor.py:161} INFO - Started process (PID=2643) to work on /opt/airflow/dags/main.py
[2025-12-14T13:39:12.704+0000] {processor.py:830} INFO - Processing file /opt/airflow/dags/main.py for tasks to queue
[2025-12-14T13:39:12.706+0000] {logging_mixin.py:188} INFO - [2025-12-14T13:39:12.705+0000] {dagbag.py:545} INFO - Filling up the DagBag from /opt/airflow/dags/main.py
[2025-12-14T13:39:12.742+0000] {processor.py:840} INFO - DAG(s) 'youtube_video_stats' retrieved from /opt/airflow/dags/main.py
[2025-12-14T13:39:12.768+0000] {logging_mixin.py:188} INFO - [2025-12-14T13:39:12.768+0000] {dag.py:3096} INFO - Sync 1 DAGs
[2025-12-14T13:39:12.788+0000] {logging_mixin.py:188} INFO - [2025-12-14T13:39:12.788+0000] {dag.py:3954} INFO - Setting next_dagrun for youtube_video_stats to 2025-12-13 14:00:00+00:00, run_after=2025-12-14 14:00:00+00:00
[2025-12-14T13:39:12.807+0000] {processor.py:183} INFO - Processing /opt/airflow/dags/main.py took 0.110 seconds
[2025-12-14T13:39:42.969+0000] {processor.py:161} INFO - Started process (PID=2650) to work on /opt/airflow/dags/main.py
[2025-12-14T13:39:42.970+0000] {processor.py:830} INFO - Processing file /opt/airflow/dags/main.py for tasks to queue
[2025-12-14T13:39:42.972+0000] {logging_mixin.py:188} INFO - [2025-12-14T13:39:42.971+0000] {dagbag.py:545} INFO - Filling up the DagBag from /opt/airflow/dags/main.py
[2025-12-14T13:39:43.008+0000] {processor.py:840} INFO - DAG(s) 'youtube_video_stats' retrieved from /opt/airflow/dags/main.py
[2025-12-14T13:39:43.032+0000] {logging_mixin.py:188} INFO - [2025-12-14T13:39:43.032+0000] {dag.py:3096} INFO - Sync 1 DAGs
[2025-12-14T13:39:43.054+0000] {logging_mixin.py:188} INFO - [2025-12-14T13:39:43.054+0000] {dag.py:3954} INFO - Setting next_dagrun for youtube_video_stats to 2025-12-13 14:00:00+00:00, run_after=2025-12-14 14:00:00+00:00
[2025-12-14T13:39:43.073+0000] {processor.py:183} INFO - Processing /opt/airflow/dags/main.py took 0.110 seconds
[2025-12-14T13:40:13.161+0000] {processor.py:161} INFO - Started process (PID=2657) to work on /opt/airflow/dags/main.py
[2025-12-14T13:40:13.162+0000] {processor.py:830} INFO - Processing file /opt/airflow/dags/main.py for tasks to queue
[2025-12-14T13:40:13.165+0000] {logging_mixin.py:188} INFO - [2025-12-14T13:40:13.164+0000] {dagbag.py:545} INFO - Filling up the DagBag from /opt/airflow/dags/main.py
[2025-12-14T13:40:13.204+0000] {processor.py:840} INFO - DAG(s) 'youtube_video_stats' retrieved from /opt/airflow/dags/main.py
[2025-12-14T13:40:13.227+0000] {logging_mixin.py:188} INFO - [2025-12-14T13:40:13.227+0000] {dag.py:3096} INFO - Sync 1 DAGs
[2025-12-14T13:40:13.244+0000] {logging_mixin.py:188} INFO - [2025-12-14T13:40:13.243+0000] {dag.py:3954} INFO - Setting next_dagrun for youtube_video_stats to 2025-12-13 14:00:00+00:00, run_after=2025-12-14 14:00:00+00:00
[2025-12-14T13:40:13.267+0000] {processor.py:183} INFO - Processing /opt/airflow/dags/main.py took 0.112 seconds
[2025-12-14T13:40:43.413+0000] {processor.py:161} INFO - Started process (PID=2664) to work on /opt/airflow/dags/main.py
[2025-12-14T13:40:43.414+0000] {processor.py:830} INFO - Processing file /opt/airflow/dags/main.py for tasks to queue
[2025-12-14T13:40:43.416+0000] {logging_mixin.py:188} INFO - [2025-12-14T13:40:43.416+0000] {dagbag.py:545} INFO - Filling up the DagBag from /opt/airflow/dags/main.py
[2025-12-14T13:40:43.455+0000] {processor.py:840} INFO - DAG(s) 'youtube_video_stats' retrieved from /opt/airflow/dags/main.py
[2025-12-14T13:40:43.478+0000] {logging_mixin.py:188} INFO - [2025-12-14T13:40:43.477+0000] {dag.py:3096} INFO - Sync 1 DAGs
[2025-12-14T13:40:43.496+0000] {logging_mixin.py:188} INFO - [2025-12-14T13:40:43.495+0000] {dag.py:3954} INFO - Setting next_dagrun for youtube_video_stats to 2025-12-13 14:00:00+00:00, run_after=2025-12-14 14:00:00+00:00
[2025-12-14T13:40:43.513+0000] {processor.py:183} INFO - Processing /opt/airflow/dags/main.py took 0.105 seconds
[2025-12-14T13:41:13.705+0000] {processor.py:161} INFO - Started process (PID=2671) to work on /opt/airflow/dags/main.py
[2025-12-14T13:41:13.706+0000] {processor.py:830} INFO - Processing file /opt/airflow/dags/main.py for tasks to queue
[2025-12-14T13:41:13.708+0000] {logging_mixin.py:188} INFO - [2025-12-14T13:41:13.707+0000] {dagbag.py:545} INFO - Filling up the DagBag from /opt/airflow/dags/main.py
[2025-12-14T13:41:13.746+0000] {processor.py:840} INFO - DAG(s) 'youtube_video_stats' retrieved from /opt/airflow/dags/main.py
[2025-12-14T13:41:13.771+0000] {logging_mixin.py:188} INFO - [2025-12-14T13:41:13.771+0000] {dag.py:3096} INFO - Sync 1 DAGs
[2025-12-14T13:41:13.792+0000] {logging_mixin.py:188} INFO - [2025-12-14T13:41:13.791+0000] {dag.py:3954} INFO - Setting next_dagrun for youtube_video_stats to 2025-12-13 14:00:00+00:00, run_after=2025-12-14 14:00:00+00:00
[2025-12-14T13:41:13.808+0000] {processor.py:183} INFO - Processing /opt/airflow/dags/main.py took 0.108 seconds
[2025-12-14T13:41:43.897+0000] {processor.py:161} INFO - Started process (PID=2678) to work on /opt/airflow/dags/main.py
[2025-12-14T13:41:43.898+0000] {processor.py:830} INFO - Processing file /opt/airflow/dags/main.py for tasks to queue
[2025-12-14T13:41:43.899+0000] {logging_mixin.py:188} INFO - [2025-12-14T13:41:43.899+0000] {dagbag.py:545} INFO - Filling up the DagBag from /opt/airflow/dags/main.py
[2025-12-14T13:41:43.935+0000] {processor.py:840} INFO - DAG(s) 'youtube_video_stats' retrieved from /opt/airflow/dags/main.py
[2025-12-14T13:41:43.965+0000] {logging_mixin.py:188} INFO - [2025-12-14T13:41:43.964+0000] {dag.py:3096} INFO - Sync 1 DAGs
[2025-12-14T13:41:43.985+0000] {logging_mixin.py:188} INFO - [2025-12-14T13:41:43.985+0000] {dag.py:3954} INFO - Setting next_dagrun for youtube_video_stats to 2025-12-13 14:00:00+00:00, run_after=2025-12-14 14:00:00+00:00
[2025-12-14T13:41:44.004+0000] {processor.py:183} INFO - Processing /opt/airflow/dags/main.py took 0.113 seconds
[2025-12-14T13:42:14.146+0000] {processor.py:161} INFO - Started process (PID=2685) to work on /opt/airflow/dags/main.py
[2025-12-14T13:42:14.147+0000] {processor.py:830} INFO - Processing file /opt/airflow/dags/main.py for tasks to queue
[2025-12-14T13:42:14.148+0000] {logging_mixin.py:188} INFO - [2025-12-14T13:42:14.148+0000] {dagbag.py:545} INFO - Filling up the DagBag from /opt/airflow/dags/main.py
[2025-12-14T13:42:14.182+0000] {processor.py:840} INFO - DAG(s) 'youtube_video_stats' retrieved from /opt/airflow/dags/main.py
[2025-12-14T13:42:14.204+0000] {logging_mixin.py:188} INFO - [2025-12-14T13:42:14.203+0000] {dag.py:3096} INFO - Sync 1 DAGs
[2025-12-14T13:42:14.222+0000] {logging_mixin.py:188} INFO - [2025-12-14T13:42:14.221+0000] {dag.py:3954} INFO - Setting next_dagrun for youtube_video_stats to 2025-12-13 14:00:00+00:00, run_after=2025-12-14 14:00:00+00:00
[2025-12-14T13:42:14.243+0000] {processor.py:183} INFO - Processing /opt/airflow/dags/main.py took 0.103 seconds
[2025-12-14T13:42:44.372+0000] {processor.py:161} INFO - Started process (PID=2692) to work on /opt/airflow/dags/main.py
[2025-12-14T13:42:44.373+0000] {processor.py:830} INFO - Processing file /opt/airflow/dags/main.py for tasks to queue
[2025-12-14T13:42:44.374+0000] {logging_mixin.py:188} INFO - [2025-12-14T13:42:44.374+0000] {dagbag.py:545} INFO - Filling up the DagBag from /opt/airflow/dags/main.py
[2025-12-14T13:42:44.409+0000] {processor.py:840} INFO - DAG(s) 'youtube_video_stats' retrieved from /opt/airflow/dags/main.py
[2025-12-14T13:42:44.433+0000] {logging_mixin.py:188} INFO - [2025-12-14T13:42:44.432+0000] {dag.py:3096} INFO - Sync 1 DAGs
[2025-12-14T13:42:44.451+0000] {logging_mixin.py:188} INFO - [2025-12-14T13:42:44.451+0000] {dag.py:3954} INFO - Setting next_dagrun for youtube_video_stats to 2025-12-13 14:00:00+00:00, run_after=2025-12-14 14:00:00+00:00
[2025-12-14T13:42:44.474+0000] {processor.py:183} INFO - Processing /opt/airflow/dags/main.py took 0.110 seconds
[2025-12-14T13:43:14.627+0000] {processor.py:161} INFO - Started process (PID=2699) to work on /opt/airflow/dags/main.py
[2025-12-14T13:43:14.628+0000] {processor.py:830} INFO - Processing file /opt/airflow/dags/main.py for tasks to queue
[2025-12-14T13:43:14.630+0000] {logging_mixin.py:188} INFO - [2025-12-14T13:43:14.630+0000] {dagbag.py:545} INFO - Filling up the DagBag from /opt/airflow/dags/main.py
[2025-12-14T13:43:14.667+0000] {processor.py:840} INFO - DAG(s) 'youtube_video_stats' retrieved from /opt/airflow/dags/main.py
[2025-12-14T13:43:14.692+0000] {logging_mixin.py:188} INFO - [2025-12-14T13:43:14.691+0000] {dag.py:3096} INFO - Sync 1 DAGs
[2025-12-14T13:43:14.710+0000] {logging_mixin.py:188} INFO - [2025-12-14T13:43:14.710+0000] {dag.py:3954} INFO - Setting next_dagrun for youtube_video_stats to 2025-12-13 14:00:00+00:00, run_after=2025-12-14 14:00:00+00:00
[2025-12-14T13:43:14.729+0000] {processor.py:183} INFO - Processing /opt/airflow/dags/main.py took 0.108 seconds
[2025-12-14T13:43:44.873+0000] {processor.py:161} INFO - Started process (PID=2706) to work on /opt/airflow/dags/main.py
[2025-12-14T13:43:44.874+0000] {processor.py:830} INFO - Processing file /opt/airflow/dags/main.py for tasks to queue
[2025-12-14T13:43:44.876+0000] {logging_mixin.py:188} INFO - [2025-12-14T13:43:44.876+0000] {dagbag.py:545} INFO - Filling up the DagBag from /opt/airflow/dags/main.py
[2025-12-14T13:43:44.936+0000] {processor.py:840} INFO - DAG(s) 'youtube_video_stats' retrieved from /opt/airflow/dags/main.py
[2025-12-14T13:43:44.962+0000] {logging_mixin.py:188} INFO - [2025-12-14T13:43:44.962+0000] {dag.py:3096} INFO - Sync 1 DAGs
[2025-12-14T13:43:44.989+0000] {logging_mixin.py:188} INFO - [2025-12-14T13:43:44.989+0000] {dag.py:3954} INFO - Setting next_dagrun for youtube_video_stats to 2025-12-13 14:00:00+00:00, run_after=2025-12-14 14:00:00+00:00
[2025-12-14T13:43:45.008+0000] {processor.py:183} INFO - Processing /opt/airflow/dags/main.py took 0.142 seconds
[2025-12-14T13:44:15.129+0000] {processor.py:161} INFO - Started process (PID=2713) to work on /opt/airflow/dags/main.py
[2025-12-14T13:44:15.130+0000] {processor.py:830} INFO - Processing file /opt/airflow/dags/main.py for tasks to queue
[2025-12-14T13:44:15.132+0000] {logging_mixin.py:188} INFO - [2025-12-14T13:44:15.132+0000] {dagbag.py:545} INFO - Filling up the DagBag from /opt/airflow/dags/main.py
[2025-12-14T13:44:15.177+0000] {processor.py:840} INFO - DAG(s) 'youtube_video_stats' retrieved from /opt/airflow/dags/main.py
[2025-12-14T13:44:15.200+0000] {logging_mixin.py:188} INFO - [2025-12-14T13:44:15.200+0000] {dag.py:3096} INFO - Sync 1 DAGs
[2025-12-14T13:44:15.218+0000] {logging_mixin.py:188} INFO - [2025-12-14T13:44:15.218+0000] {dag.py:3954} INFO - Setting next_dagrun for youtube_video_stats to 2025-12-13 14:00:00+00:00, run_after=2025-12-14 14:00:00+00:00
[2025-12-14T13:44:15.238+0000] {processor.py:183} INFO - Processing /opt/airflow/dags/main.py took 0.116 seconds
[2025-12-14T13:44:45.365+0000] {processor.py:161} INFO - Started process (PID=2720) to work on /opt/airflow/dags/main.py
[2025-12-14T13:44:45.366+0000] {processor.py:830} INFO - Processing file /opt/airflow/dags/main.py for tasks to queue
[2025-12-14T13:44:45.368+0000] {logging_mixin.py:188} INFO - [2025-12-14T13:44:45.368+0000] {dagbag.py:545} INFO - Filling up the DagBag from /opt/airflow/dags/main.py
[2025-12-14T13:44:45.404+0000] {processor.py:840} INFO - DAG(s) 'youtube_video_stats' retrieved from /opt/airflow/dags/main.py
[2025-12-14T13:44:45.426+0000] {logging_mixin.py:188} INFO - [2025-12-14T13:44:45.425+0000] {dag.py:3096} INFO - Sync 1 DAGs
[2025-12-14T13:44:45.446+0000] {logging_mixin.py:188} INFO - [2025-12-14T13:44:45.446+0000] {dag.py:3954} INFO - Setting next_dagrun for youtube_video_stats to 2025-12-13 14:00:00+00:00, run_after=2025-12-14 14:00:00+00:00
[2025-12-14T13:44:45.461+0000] {processor.py:183} INFO - Processing /opt/airflow/dags/main.py took 0.102 seconds
[2025-12-14T13:45:15.619+0000] {processor.py:161} INFO - Started process (PID=2727) to work on /opt/airflow/dags/main.py
[2025-12-14T13:45:15.620+0000] {processor.py:830} INFO - Processing file /opt/airflow/dags/main.py for tasks to queue
[2025-12-14T13:45:15.622+0000] {logging_mixin.py:188} INFO - [2025-12-14T13:45:15.622+0000] {dagbag.py:545} INFO - Filling up the DagBag from /opt/airflow/dags/main.py
[2025-12-14T13:45:15.654+0000] {processor.py:840} INFO - DAG(s) 'youtube_video_stats' retrieved from /opt/airflow/dags/main.py
[2025-12-14T13:45:15.676+0000] {logging_mixin.py:188} INFO - [2025-12-14T13:45:15.676+0000] {dag.py:3096} INFO - Sync 1 DAGs
[2025-12-14T13:45:15.694+0000] {logging_mixin.py:188} INFO - [2025-12-14T13:45:15.694+0000] {dag.py:3954} INFO - Setting next_dagrun for youtube_video_stats to 2025-12-13 14:00:00+00:00, run_after=2025-12-14 14:00:00+00:00
[2025-12-14T13:45:15.710+0000] {processor.py:183} INFO - Processing /opt/airflow/dags/main.py took 0.096 seconds
[2025-12-14T13:45:45.856+0000] {processor.py:161} INFO - Started process (PID=2734) to work on /opt/airflow/dags/main.py
[2025-12-14T13:45:45.857+0000] {processor.py:830} INFO - Processing file /opt/airflow/dags/main.py for tasks to queue
[2025-12-14T13:45:45.859+0000] {logging_mixin.py:188} INFO - [2025-12-14T13:45:45.859+0000] {dagbag.py:545} INFO - Filling up the DagBag from /opt/airflow/dags/main.py
[2025-12-14T13:45:45.896+0000] {processor.py:840} INFO - DAG(s) 'youtube_video_stats' retrieved from /opt/airflow/dags/main.py
[2025-12-14T13:45:45.919+0000] {logging_mixin.py:188} INFO - [2025-12-14T13:45:45.919+0000] {dag.py:3096} INFO - Sync 1 DAGs
[2025-12-14T13:45:45.937+0000] {logging_mixin.py:188} INFO - [2025-12-14T13:45:45.936+0000] {dag.py:3954} INFO - Setting next_dagrun for youtube_video_stats to 2025-12-13 14:00:00+00:00, run_after=2025-12-14 14:00:00+00:00
[2025-12-14T13:45:45.955+0000] {processor.py:183} INFO - Processing /opt/airflow/dags/main.py took 0.104 seconds
[2025-12-14T13:46:16.240+0000] {processor.py:161} INFO - Started process (PID=2741) to work on /opt/airflow/dags/main.py
[2025-12-14T13:46:16.243+0000] {processor.py:830} INFO - Processing file /opt/airflow/dags/main.py for tasks to queue
[2025-12-14T13:46:16.251+0000] {logging_mixin.py:188} INFO - [2025-12-14T13:46:16.250+0000] {dagbag.py:545} INFO - Filling up the DagBag from /opt/airflow/dags/main.py
[2025-12-14T13:46:16.320+0000] {processor.py:840} INFO - DAG(s) 'youtube_video_stats' retrieved from /opt/airflow/dags/main.py
[2025-12-14T13:46:16.357+0000] {logging_mixin.py:188} INFO - [2025-12-14T13:46:16.356+0000] {dag.py:3096} INFO - Sync 1 DAGs
[2025-12-14T13:46:16.395+0000] {logging_mixin.py:188} INFO - [2025-12-14T13:46:16.395+0000] {dag.py:3954} INFO - Setting next_dagrun for youtube_video_stats to 2025-12-13 14:00:00+00:00, run_after=2025-12-14 14:00:00+00:00
[2025-12-14T13:46:16.423+0000] {processor.py:183} INFO - Processing /opt/airflow/dags/main.py took 0.200 seconds
[2025-12-14T13:46:46.678+0000] {processor.py:161} INFO - Started process (PID=2748) to work on /opt/airflow/dags/main.py
[2025-12-14T13:46:46.680+0000] {processor.py:830} INFO - Processing file /opt/airflow/dags/main.py for tasks to queue
[2025-12-14T13:46:46.683+0000] {logging_mixin.py:188} INFO - [2025-12-14T13:46:46.683+0000] {dagbag.py:545} INFO - Filling up the DagBag from /opt/airflow/dags/main.py
[2025-12-14T13:46:46.729+0000] {processor.py:840} INFO - DAG(s) 'youtube_video_stats' retrieved from /opt/airflow/dags/main.py
[2025-12-14T13:46:46.757+0000] {logging_mixin.py:188} INFO - [2025-12-14T13:46:46.757+0000] {dag.py:3096} INFO - Sync 1 DAGs
[2025-12-14T13:46:46.780+0000] {logging_mixin.py:188} INFO - [2025-12-14T13:46:46.779+0000] {dag.py:3954} INFO - Setting next_dagrun for youtube_video_stats to 2025-12-13 14:00:00+00:00, run_after=2025-12-14 14:00:00+00:00
[2025-12-14T13:46:46.809+0000] {processor.py:183} INFO - Processing /opt/airflow/dags/main.py took 0.143 seconds
[2025-12-14T13:47:16.852+0000] {processor.py:161} INFO - Started process (PID=2755) to work on /opt/airflow/dags/main.py
[2025-12-14T13:47:16.853+0000] {processor.py:830} INFO - Processing file /opt/airflow/dags/main.py for tasks to queue
[2025-12-14T13:47:16.856+0000] {logging_mixin.py:188} INFO - [2025-12-14T13:47:16.856+0000] {dagbag.py:545} INFO - Filling up the DagBag from /opt/airflow/dags/main.py
[2025-12-14T13:47:16.893+0000] {processor.py:840} INFO - DAG(s) 'youtube_video_stats' retrieved from /opt/airflow/dags/main.py
[2025-12-14T13:47:16.918+0000] {logging_mixin.py:188} INFO - [2025-12-14T13:47:16.918+0000] {dag.py:3096} INFO - Sync 1 DAGs
[2025-12-14T13:47:16.937+0000] {logging_mixin.py:188} INFO - [2025-12-14T13:47:16.937+0000] {dag.py:3954} INFO - Setting next_dagrun for youtube_video_stats to 2025-12-13 14:00:00+00:00, run_after=2025-12-14 14:00:00+00:00
[2025-12-14T13:47:16.959+0000] {processor.py:183} INFO - Processing /opt/airflow/dags/main.py took 0.114 seconds
[2025-12-14T13:47:47.019+0000] {processor.py:161} INFO - Started process (PID=2762) to work on /opt/airflow/dags/main.py
[2025-12-14T13:47:47.020+0000] {processor.py:830} INFO - Processing file /opt/airflow/dags/main.py for tasks to queue
[2025-12-14T13:47:47.023+0000] {logging_mixin.py:188} INFO - [2025-12-14T13:47:47.022+0000] {dagbag.py:545} INFO - Filling up the DagBag from /opt/airflow/dags/main.py
[2025-12-14T13:47:47.063+0000] {processor.py:840} INFO - DAG(s) 'youtube_video_stats' retrieved from /opt/airflow/dags/main.py
[2025-12-14T13:47:47.089+0000] {logging_mixin.py:188} INFO - [2025-12-14T13:47:47.089+0000] {dag.py:3096} INFO - Sync 1 DAGs
[2025-12-14T13:47:47.109+0000] {logging_mixin.py:188} INFO - [2025-12-14T13:47:47.109+0000] {dag.py:3954} INFO - Setting next_dagrun for youtube_video_stats to 2025-12-13 14:00:00+00:00, run_after=2025-12-14 14:00:00+00:00
[2025-12-14T13:47:47.126+0000] {processor.py:183} INFO - Processing /opt/airflow/dags/main.py took 0.114 seconds
[2025-12-14T13:48:17.328+0000] {processor.py:161} INFO - Started process (PID=2769) to work on /opt/airflow/dags/main.py
[2025-12-14T13:48:17.329+0000] {processor.py:830} INFO - Processing file /opt/airflow/dags/main.py for tasks to queue
[2025-12-14T13:48:17.331+0000] {logging_mixin.py:188} INFO - [2025-12-14T13:48:17.331+0000] {dagbag.py:545} INFO - Filling up the DagBag from /opt/airflow/dags/main.py
[2025-12-14T13:48:17.366+0000] {processor.py:840} INFO - DAG(s) 'youtube_video_stats' retrieved from /opt/airflow/dags/main.py
[2025-12-14T13:48:17.389+0000] {logging_mixin.py:188} INFO - [2025-12-14T13:48:17.389+0000] {dag.py:3096} INFO - Sync 1 DAGs
[2025-12-14T13:48:17.406+0000] {logging_mixin.py:188} INFO - [2025-12-14T13:48:17.406+0000] {dag.py:3954} INFO - Setting next_dagrun for youtube_video_stats to 2025-12-13 14:00:00+00:00, run_after=2025-12-14 14:00:00+00:00
[2025-12-14T13:48:17.427+0000] {processor.py:183} INFO - Processing /opt/airflow/dags/main.py took 0.105 seconds
[2025-12-14T13:48:47.542+0000] {processor.py:161} INFO - Started process (PID=2776) to work on /opt/airflow/dags/main.py
[2025-12-14T13:48:47.543+0000] {processor.py:830} INFO - Processing file /opt/airflow/dags/main.py for tasks to queue
[2025-12-14T13:48:47.544+0000] {logging_mixin.py:188} INFO - [2025-12-14T13:48:47.544+0000] {dagbag.py:545} INFO - Filling up the DagBag from /opt/airflow/dags/main.py
[2025-12-14T13:48:47.587+0000] {processor.py:840} INFO - DAG(s) 'youtube_video_stats' retrieved from /opt/airflow/dags/main.py
[2025-12-14T13:48:47.612+0000] {logging_mixin.py:188} INFO - [2025-12-14T13:48:47.611+0000] {dag.py:3096} INFO - Sync 1 DAGs
[2025-12-14T13:48:47.629+0000] {logging_mixin.py:188} INFO - [2025-12-14T13:48:47.629+0000] {dag.py:3954} INFO - Setting next_dagrun for youtube_video_stats to 2025-12-13 14:00:00+00:00, run_after=2025-12-14 14:00:00+00:00
[2025-12-14T13:48:47.645+0000] {processor.py:183} INFO - Processing /opt/airflow/dags/main.py took 0.109 seconds
[2025-12-14T13:49:17.845+0000] {processor.py:161} INFO - Started process (PID=2783) to work on /opt/airflow/dags/main.py
[2025-12-14T13:49:17.846+0000] {processor.py:830} INFO - Processing file /opt/airflow/dags/main.py for tasks to queue
[2025-12-14T13:49:17.848+0000] {logging_mixin.py:188} INFO - [2025-12-14T13:49:17.848+0000] {dagbag.py:545} INFO - Filling up the DagBag from /opt/airflow/dags/main.py
[2025-12-14T13:49:17.886+0000] {processor.py:840} INFO - DAG(s) 'youtube_video_stats' retrieved from /opt/airflow/dags/main.py
[2025-12-14T13:49:17.909+0000] {logging_mixin.py:188} INFO - [2025-12-14T13:49:17.908+0000] {dag.py:3096} INFO - Sync 1 DAGs
[2025-12-14T13:49:17.932+0000] {logging_mixin.py:188} INFO - [2025-12-14T13:49:17.932+0000] {dag.py:3954} INFO - Setting next_dagrun for youtube_video_stats to 2025-12-13 14:00:00+00:00, run_after=2025-12-14 14:00:00+00:00
[2025-12-14T13:49:17.955+0000] {processor.py:183} INFO - Processing /opt/airflow/dags/main.py took 0.114 seconds
[2025-12-14T13:49:48.072+0000] {processor.py:161} INFO - Started process (PID=2790) to work on /opt/airflow/dags/main.py
[2025-12-14T13:49:48.073+0000] {processor.py:830} INFO - Processing file /opt/airflow/dags/main.py for tasks to queue
[2025-12-14T13:49:48.074+0000] {logging_mixin.py:188} INFO - [2025-12-14T13:49:48.074+0000] {dagbag.py:545} INFO - Filling up the DagBag from /opt/airflow/dags/main.py
[2025-12-14T13:49:48.120+0000] {processor.py:840} INFO - DAG(s) 'youtube_video_stats' retrieved from /opt/airflow/dags/main.py
[2025-12-14T13:49:48.144+0000] {logging_mixin.py:188} INFO - [2025-12-14T13:49:48.144+0000] {dag.py:3096} INFO - Sync 1 DAGs
[2025-12-14T13:49:48.163+0000] {logging_mixin.py:188} INFO - [2025-12-14T13:49:48.163+0000] {dag.py:3954} INFO - Setting next_dagrun for youtube_video_stats to 2025-12-13 14:00:00+00:00, run_after=2025-12-14 14:00:00+00:00
[2025-12-14T13:49:48.185+0000] {processor.py:183} INFO - Processing /opt/airflow/dags/main.py took 0.119 seconds
[2025-12-14T13:50:18.362+0000] {processor.py:161} INFO - Started process (PID=2797) to work on /opt/airflow/dags/main.py
[2025-12-14T13:50:18.363+0000] {processor.py:830} INFO - Processing file /opt/airflow/dags/main.py for tasks to queue
[2025-12-14T13:50:18.365+0000] {logging_mixin.py:188} INFO - [2025-12-14T13:50:18.365+0000] {dagbag.py:545} INFO - Filling up the DagBag from /opt/airflow/dags/main.py
[2025-12-14T13:50:18.402+0000] {processor.py:840} INFO - DAG(s) 'youtube_video_stats' retrieved from /opt/airflow/dags/main.py
[2025-12-14T13:50:18.425+0000] {logging_mixin.py:188} INFO - [2025-12-14T13:50:18.424+0000] {dag.py:3096} INFO - Sync 1 DAGs
[2025-12-14T13:50:18.446+0000] {logging_mixin.py:188} INFO - [2025-12-14T13:50:18.445+0000] {dag.py:3954} INFO - Setting next_dagrun for youtube_video_stats to 2025-12-13 14:00:00+00:00, run_after=2025-12-14 14:00:00+00:00
[2025-12-14T13:50:18.470+0000] {processor.py:183} INFO - Processing /opt/airflow/dags/main.py took 0.115 seconds
[2025-12-14T13:50:48.584+0000] {processor.py:161} INFO - Started process (PID=2804) to work on /opt/airflow/dags/main.py
[2025-12-14T13:50:48.586+0000] {processor.py:830} INFO - Processing file /opt/airflow/dags/main.py for tasks to queue
[2025-12-14T13:50:48.587+0000] {logging_mixin.py:188} INFO - [2025-12-14T13:50:48.587+0000] {dagbag.py:545} INFO - Filling up the DagBag from /opt/airflow/dags/main.py
[2025-12-14T13:50:48.629+0000] {processor.py:840} INFO - DAG(s) 'youtube_video_stats' retrieved from /opt/airflow/dags/main.py
[2025-12-14T13:50:48.652+0000] {logging_mixin.py:188} INFO - [2025-12-14T13:50:48.651+0000] {dag.py:3096} INFO - Sync 1 DAGs
[2025-12-14T13:50:48.672+0000] {logging_mixin.py:188} INFO - [2025-12-14T13:50:48.672+0000] {dag.py:3954} INFO - Setting next_dagrun for youtube_video_stats to 2025-12-13 14:00:00+00:00, run_after=2025-12-14 14:00:00+00:00
[2025-12-14T13:50:48.715+0000] {processor.py:183} INFO - Processing /opt/airflow/dags/main.py took 0.136 seconds
[2025-12-14T13:51:18.884+0000] {processor.py:161} INFO - Started process (PID=2811) to work on /opt/airflow/dags/main.py
[2025-12-14T13:51:18.885+0000] {processor.py:830} INFO - Processing file /opt/airflow/dags/main.py for tasks to queue
[2025-12-14T13:51:18.887+0000] {logging_mixin.py:188} INFO - [2025-12-14T13:51:18.887+0000] {dagbag.py:545} INFO - Filling up the DagBag from /opt/airflow/dags/main.py
[2025-12-14T13:51:18.921+0000] {processor.py:840} INFO - DAG(s) 'youtube_video_stats' retrieved from /opt/airflow/dags/main.py
[2025-12-14T13:51:18.958+0000] {logging_mixin.py:188} INFO - [2025-12-14T13:51:18.958+0000] {dag.py:3096} INFO - Sync 1 DAGs
[2025-12-14T13:51:18.982+0000] {logging_mixin.py:188} INFO - [2025-12-14T13:51:18.982+0000] {dag.py:3954} INFO - Setting next_dagrun for youtube_video_stats to 2025-12-13 14:00:00+00:00, run_after=2025-12-14 14:00:00+00:00
[2025-12-14T13:51:19.002+0000] {processor.py:183} INFO - Processing /opt/airflow/dags/main.py took 0.122 seconds
[2025-12-14T13:51:49.115+0000] {processor.py:161} INFO - Started process (PID=2818) to work on /opt/airflow/dags/main.py
[2025-12-14T13:51:49.116+0000] {processor.py:830} INFO - Processing file /opt/airflow/dags/main.py for tasks to queue
[2025-12-14T13:51:49.118+0000] {logging_mixin.py:188} INFO - [2025-12-14T13:51:49.118+0000] {dagbag.py:545} INFO - Filling up the DagBag from /opt/airflow/dags/main.py
[2025-12-14T13:51:49.154+0000] {processor.py:840} INFO - DAG(s) 'youtube_video_stats' retrieved from /opt/airflow/dags/main.py
[2025-12-14T13:51:49.182+0000] {logging_mixin.py:188} INFO - [2025-12-14T13:51:49.182+0000] {dag.py:3096} INFO - Sync 1 DAGs
[2025-12-14T13:51:49.200+0000] {logging_mixin.py:188} INFO - [2025-12-14T13:51:49.200+0000] {dag.py:3954} INFO - Setting next_dagrun for youtube_video_stats to 2025-12-13 14:00:00+00:00, run_after=2025-12-14 14:00:00+00:00
[2025-12-14T13:51:49.215+0000] {processor.py:183} INFO - Processing /opt/airflow/dags/main.py took 0.109 seconds
[2025-12-14T13:52:19.415+0000] {processor.py:161} INFO - Started process (PID=2825) to work on /opt/airflow/dags/main.py
[2025-12-14T13:52:19.416+0000] {processor.py:830} INFO - Processing file /opt/airflow/dags/main.py for tasks to queue
[2025-12-14T13:52:19.418+0000] {logging_mixin.py:188} INFO - [2025-12-14T13:52:19.417+0000] {dagbag.py:545} INFO - Filling up the DagBag from /opt/airflow/dags/main.py
[2025-12-14T13:52:19.464+0000] {processor.py:840} INFO - DAG(s) 'youtube_video_stats' retrieved from /opt/airflow/dags/main.py
[2025-12-14T13:52:19.491+0000] {logging_mixin.py:188} INFO - [2025-12-14T13:52:19.491+0000] {dag.py:3096} INFO - Sync 1 DAGs
[2025-12-14T13:52:19.509+0000] {logging_mixin.py:188} INFO - [2025-12-14T13:52:19.509+0000] {dag.py:3954} INFO - Setting next_dagrun for youtube_video_stats to 2025-12-13 14:00:00+00:00, run_after=2025-12-14 14:00:00+00:00
[2025-12-14T13:52:19.528+0000] {processor.py:183} INFO - Processing /opt/airflow/dags/main.py took 0.118 seconds
[2025-12-14T13:52:49.674+0000] {processor.py:161} INFO - Started process (PID=2833) to work on /opt/airflow/dags/main.py
[2025-12-14T13:52:49.675+0000] {processor.py:830} INFO - Processing file /opt/airflow/dags/main.py for tasks to queue
[2025-12-14T13:52:49.676+0000] {logging_mixin.py:188} INFO - [2025-12-14T13:52:49.676+0000] {dagbag.py:545} INFO - Filling up the DagBag from /opt/airflow/dags/main.py
[2025-12-14T13:52:49.711+0000] {processor.py:840} INFO - DAG(s) 'youtube_video_stats' retrieved from /opt/airflow/dags/main.py
[2025-12-14T13:52:49.737+0000] {logging_mixin.py:188} INFO - [2025-12-14T13:52:49.736+0000] {dag.py:3096} INFO - Sync 1 DAGs
[2025-12-14T13:52:49.756+0000] {logging_mixin.py:188} INFO - [2025-12-14T13:52:49.755+0000] {dag.py:3954} INFO - Setting next_dagrun for youtube_video_stats to 2025-12-13 14:00:00+00:00, run_after=2025-12-14 14:00:00+00:00
[2025-12-14T13:52:49.779+0000] {processor.py:183} INFO - Processing /opt/airflow/dags/main.py took 0.111 seconds
[2025-12-14T13:53:19.954+0000] {processor.py:161} INFO - Started process (PID=2840) to work on /opt/airflow/dags/main.py
[2025-12-14T13:53:19.955+0000] {processor.py:830} INFO - Processing file /opt/airflow/dags/main.py for tasks to queue
[2025-12-14T13:53:19.956+0000] {logging_mixin.py:188} INFO - [2025-12-14T13:53:19.956+0000] {dagbag.py:545} INFO - Filling up the DagBag from /opt/airflow/dags/main.py
[2025-12-14T13:53:19.993+0000] {processor.py:840} INFO - DAG(s) 'youtube_video_stats' retrieved from /opt/airflow/dags/main.py
[2025-12-14T13:53:20.018+0000] {logging_mixin.py:188} INFO - [2025-12-14T13:53:20.017+0000] {dag.py:3096} INFO - Sync 1 DAGs
[2025-12-14T13:53:20.036+0000] {logging_mixin.py:188} INFO - [2025-12-14T13:53:20.036+0000] {dag.py:3954} INFO - Setting next_dagrun for youtube_video_stats to 2025-12-13 14:00:00+00:00, run_after=2025-12-14 14:00:00+00:00
[2025-12-14T13:53:20.058+0000] {processor.py:183} INFO - Processing /opt/airflow/dags/main.py took 0.110 seconds
[2025-12-14T13:53:50.147+0000] {processor.py:161} INFO - Started process (PID=2847) to work on /opt/airflow/dags/main.py
[2025-12-14T13:53:50.148+0000] {processor.py:830} INFO - Processing file /opt/airflow/dags/main.py for tasks to queue
[2025-12-14T13:53:50.149+0000] {logging_mixin.py:188} INFO - [2025-12-14T13:53:50.149+0000] {dagbag.py:545} INFO - Filling up the DagBag from /opt/airflow/dags/main.py
[2025-12-14T13:53:50.186+0000] {processor.py:840} INFO - DAG(s) 'youtube_video_stats' retrieved from /opt/airflow/dags/main.py
[2025-12-14T13:53:50.211+0000] {logging_mixin.py:188} INFO - [2025-12-14T13:53:50.211+0000] {dag.py:3096} INFO - Sync 1 DAGs
[2025-12-14T13:53:50.238+0000] {logging_mixin.py:188} INFO - [2025-12-14T13:53:50.238+0000] {dag.py:3954} INFO - Setting next_dagrun for youtube_video_stats to 2025-12-13 14:00:00+00:00, run_after=2025-12-14 14:00:00+00:00
[2025-12-14T13:53:50.258+0000] {processor.py:183} INFO - Processing /opt/airflow/dags/main.py took 0.116 seconds
[2025-12-14T13:54:20.462+0000] {processor.py:161} INFO - Started process (PID=2854) to work on /opt/airflow/dags/main.py
[2025-12-14T13:54:20.463+0000] {processor.py:830} INFO - Processing file /opt/airflow/dags/main.py for tasks to queue
[2025-12-14T13:54:20.465+0000] {logging_mixin.py:188} INFO - [2025-12-14T13:54:20.465+0000] {dagbag.py:545} INFO - Filling up the DagBag from /opt/airflow/dags/main.py
[2025-12-14T13:54:20.501+0000] {processor.py:840} INFO - DAG(s) 'youtube_video_stats' retrieved from /opt/airflow/dags/main.py
[2025-12-14T13:54:20.527+0000] {logging_mixin.py:188} INFO - [2025-12-14T13:54:20.527+0000] {dag.py:3096} INFO - Sync 1 DAGs
[2025-12-14T13:54:20.546+0000] {logging_mixin.py:188} INFO - [2025-12-14T13:54:20.546+0000] {dag.py:3954} INFO - Setting next_dagrun for youtube_video_stats to 2025-12-13 14:00:00+00:00, run_after=2025-12-14 14:00:00+00:00
[2025-12-14T13:54:20.570+0000] {processor.py:183} INFO - Processing /opt/airflow/dags/main.py took 0.113 seconds
[2025-12-14T13:54:50.678+0000] {processor.py:161} INFO - Started process (PID=2861) to work on /opt/airflow/dags/main.py
[2025-12-14T13:54:50.679+0000] {processor.py:830} INFO - Processing file /opt/airflow/dags/main.py for tasks to queue
[2025-12-14T13:54:50.680+0000] {logging_mixin.py:188} INFO - [2025-12-14T13:54:50.680+0000] {dagbag.py:545} INFO - Filling up the DagBag from /opt/airflow/dags/main.py
[2025-12-14T13:54:50.711+0000] {processor.py:840} INFO - DAG(s) 'youtube_video_stats' retrieved from /opt/airflow/dags/main.py
[2025-12-14T13:54:50.736+0000] {logging_mixin.py:188} INFO - [2025-12-14T13:54:50.736+0000] {dag.py:3096} INFO - Sync 1 DAGs
[2025-12-14T13:54:50.755+0000] {logging_mixin.py:188} INFO - [2025-12-14T13:54:50.754+0000] {dag.py:3954} INFO - Setting next_dagrun for youtube_video_stats to 2025-12-13 14:00:00+00:00, run_after=2025-12-14 14:00:00+00:00
[2025-12-14T13:54:50.776+0000] {processor.py:183} INFO - Processing /opt/airflow/dags/main.py took 0.103 seconds
[2025-12-14T13:55:20.923+0000] {processor.py:161} INFO - Started process (PID=2868) to work on /opt/airflow/dags/main.py
[2025-12-14T13:55:20.924+0000] {processor.py:830} INFO - Processing file /opt/airflow/dags/main.py for tasks to queue
[2025-12-14T13:55:20.925+0000] {logging_mixin.py:188} INFO - [2025-12-14T13:55:20.925+0000] {dagbag.py:545} INFO - Filling up the DagBag from /opt/airflow/dags/main.py
[2025-12-14T13:55:20.962+0000] {processor.py:840} INFO - DAG(s) 'youtube_video_stats' retrieved from /opt/airflow/dags/main.py
[2025-12-14T13:55:20.988+0000] {logging_mixin.py:188} INFO - [2025-12-14T13:55:20.987+0000] {dag.py:3096} INFO - Sync 1 DAGs
[2025-12-14T13:55:21.008+0000] {logging_mixin.py:188} INFO - [2025-12-14T13:55:21.007+0000] {dag.py:3954} INFO - Setting next_dagrun for youtube_video_stats to 2025-12-13 14:00:00+00:00, run_after=2025-12-14 14:00:00+00:00
[2025-12-14T13:55:21.041+0000] {processor.py:183} INFO - Processing /opt/airflow/dags/main.py took 0.124 seconds
[2025-12-14T13:55:51.186+0000] {processor.py:161} INFO - Started process (PID=2875) to work on /opt/airflow/dags/main.py
[2025-12-14T13:55:51.187+0000] {processor.py:830} INFO - Processing file /opt/airflow/dags/main.py for tasks to queue
[2025-12-14T13:55:51.189+0000] {logging_mixin.py:188} INFO - [2025-12-14T13:55:51.189+0000] {dagbag.py:545} INFO - Filling up the DagBag from /opt/airflow/dags/main.py
[2025-12-14T13:55:51.231+0000] {processor.py:840} INFO - DAG(s) 'youtube_video_stats' retrieved from /opt/airflow/dags/main.py
[2025-12-14T13:55:51.284+0000] {logging_mixin.py:188} INFO - [2025-12-14T13:55:51.284+0000] {dag.py:3096} INFO - Sync 1 DAGs
[2025-12-14T13:55:51.316+0000] {logging_mixin.py:188} INFO - [2025-12-14T13:55:51.315+0000] {dag.py:3954} INFO - Setting next_dagrun for youtube_video_stats to 2025-12-13 14:00:00+00:00, run_after=2025-12-14 14:00:00+00:00
[2025-12-14T13:55:51.349+0000] {processor.py:183} INFO - Processing /opt/airflow/dags/main.py took 0.168 seconds
[2025-12-14T13:56:21.628+0000] {processor.py:161} INFO - Started process (PID=2882) to work on /opt/airflow/dags/main.py
[2025-12-14T13:56:21.629+0000] {processor.py:830} INFO - Processing file /opt/airflow/dags/main.py for tasks to queue
[2025-12-14T13:56:21.632+0000] {logging_mixin.py:188} INFO - [2025-12-14T13:56:21.632+0000] {dagbag.py:545} INFO - Filling up the DagBag from /opt/airflow/dags/main.py
[2025-12-14T13:56:21.885+0000] {processor.py:840} INFO - DAG(s) 'youtube_video_stats' retrieved from /opt/airflow/dags/main.py
[2025-12-14T13:56:21.985+0000] {logging_mixin.py:188} INFO - [2025-12-14T13:56:21.985+0000] {dag.py:3096} INFO - Sync 1 DAGs
[2025-12-14T13:56:22.040+0000] {logging_mixin.py:188} INFO - [2025-12-14T13:56:22.039+0000] {dag.py:3954} INFO - Setting next_dagrun for youtube_video_stats to 2025-12-13 14:00:00+00:00, run_after=2025-12-14 14:00:00+00:00
[2025-12-14T13:56:22.077+0000] {processor.py:183} INFO - Processing /opt/airflow/dags/main.py took 0.457 seconds
[2025-12-14T13:56:52.291+0000] {processor.py:161} INFO - Started process (PID=2889) to work on /opt/airflow/dags/main.py
[2025-12-14T13:56:52.292+0000] {processor.py:830} INFO - Processing file /opt/airflow/dags/main.py for tasks to queue
[2025-12-14T13:56:52.293+0000] {logging_mixin.py:188} INFO - [2025-12-14T13:56:52.293+0000] {dagbag.py:545} INFO - Filling up the DagBag from /opt/airflow/dags/main.py
[2025-12-14T13:56:52.337+0000] {processor.py:840} INFO - DAG(s) 'youtube_video_stats' retrieved from /opt/airflow/dags/main.py
[2025-12-14T13:56:52.361+0000] {logging_mixin.py:188} INFO - [2025-12-14T13:56:52.361+0000] {dag.py:3096} INFO - Sync 1 DAGs
[2025-12-14T13:56:52.380+0000] {logging_mixin.py:188} INFO - [2025-12-14T13:56:52.380+0000] {dag.py:3954} INFO - Setting next_dagrun for youtube_video_stats to 2025-12-13 14:00:00+00:00, run_after=2025-12-14 14:00:00+00:00
[2025-12-14T13:56:52.397+0000] {processor.py:183} INFO - Processing /opt/airflow/dags/main.py took 0.112 seconds
[2025-12-14T13:57:22.509+0000] {processor.py:161} INFO - Started process (PID=2897) to work on /opt/airflow/dags/main.py
[2025-12-14T13:57:22.510+0000] {processor.py:830} INFO - Processing file /opt/airflow/dags/main.py for tasks to queue
[2025-12-14T13:57:22.512+0000] {logging_mixin.py:188} INFO - [2025-12-14T13:57:22.511+0000] {dagbag.py:545} INFO - Filling up the DagBag from /opt/airflow/dags/main.py
[2025-12-14T13:57:22.553+0000] {processor.py:840} INFO - DAG(s) 'youtube_video_stats' retrieved from /opt/airflow/dags/main.py
[2025-12-14T13:57:22.581+0000] {logging_mixin.py:188} INFO - [2025-12-14T13:57:22.581+0000] {dag.py:3096} INFO - Sync 1 DAGs
[2025-12-14T13:57:22.600+0000] {logging_mixin.py:188} INFO - [2025-12-14T13:57:22.600+0000] {dag.py:3954} INFO - Setting next_dagrun for youtube_video_stats to 2025-12-13 14:00:00+00:00, run_after=2025-12-14 14:00:00+00:00
[2025-12-14T13:57:22.617+0000] {processor.py:183} INFO - Processing /opt/airflow/dags/main.py took 0.115 seconds
[2025-12-14T13:57:52.763+0000] {processor.py:161} INFO - Started process (PID=2904) to work on /opt/airflow/dags/main.py
[2025-12-14T13:57:52.764+0000] {processor.py:830} INFO - Processing file /opt/airflow/dags/main.py for tasks to queue
[2025-12-14T13:57:52.766+0000] {logging_mixin.py:188} INFO - [2025-12-14T13:57:52.765+0000] {dagbag.py:545} INFO - Filling up the DagBag from /opt/airflow/dags/main.py
[2025-12-14T13:57:52.808+0000] {processor.py:840} INFO - DAG(s) 'youtube_video_stats' retrieved from /opt/airflow/dags/main.py
[2025-12-14T13:57:52.831+0000] {logging_mixin.py:188} INFO - [2025-12-14T13:57:52.831+0000] {dag.py:3096} INFO - Sync 1 DAGs
[2025-12-14T13:57:52.850+0000] {logging_mixin.py:188} INFO - [2025-12-14T13:57:52.850+0000] {dag.py:3954} INFO - Setting next_dagrun for youtube_video_stats to 2025-12-13 14:00:00+00:00, run_after=2025-12-14 14:00:00+00:00
[2025-12-14T13:57:52.866+0000] {processor.py:183} INFO - Processing /opt/airflow/dags/main.py took 0.109 seconds
[2025-12-14T13:58:23.064+0000] {processor.py:161} INFO - Started process (PID=2911) to work on /opt/airflow/dags/main.py
[2025-12-14T13:58:23.066+0000] {processor.py:830} INFO - Processing file /opt/airflow/dags/main.py for tasks to queue
[2025-12-14T13:58:23.070+0000] {logging_mixin.py:188} INFO - [2025-12-14T13:58:23.069+0000] {dagbag.py:545} INFO - Filling up the DagBag from /opt/airflow/dags/main.py
[2025-12-14T13:58:23.178+0000] {processor.py:840} INFO - DAG(s) 'youtube_video_stats' retrieved from /opt/airflow/dags/main.py
[2025-12-14T13:58:23.247+0000] {logging_mixin.py:188} INFO - [2025-12-14T13:58:23.246+0000] {dag.py:3096} INFO - Sync 1 DAGs
[2025-12-14T13:58:23.275+0000] {logging_mixin.py:188} INFO - [2025-12-14T13:58:23.275+0000] {dag.py:3954} INFO - Setting next_dagrun for youtube_video_stats to 2025-12-13 14:00:00+00:00, run_after=2025-12-14 14:00:00+00:00
[2025-12-14T13:58:23.298+0000] {processor.py:183} INFO - Processing /opt/airflow/dags/main.py took 0.245 seconds
[2025-12-14T13:58:53.345+0000] {processor.py:161} INFO - Started process (PID=2919) to work on /opt/airflow/dags/main.py
[2025-12-14T13:58:53.346+0000] {processor.py:830} INFO - Processing file /opt/airflow/dags/main.py for tasks to queue
[2025-12-14T13:58:53.347+0000] {logging_mixin.py:188} INFO - [2025-12-14T13:58:53.347+0000] {dagbag.py:545} INFO - Filling up the DagBag from /opt/airflow/dags/main.py
[2025-12-14T13:58:53.386+0000] {processor.py:840} INFO - DAG(s) 'youtube_video_stats' retrieved from /opt/airflow/dags/main.py
[2025-12-14T13:58:53.410+0000] {logging_mixin.py:188} INFO - [2025-12-14T13:58:53.410+0000] {dag.py:3096} INFO - Sync 1 DAGs
[2025-12-14T13:58:53.429+0000] {logging_mixin.py:188} INFO - [2025-12-14T13:58:53.429+0000] {dag.py:3954} INFO - Setting next_dagrun for youtube_video_stats to 2025-12-13 14:00:00+00:00, run_after=2025-12-14 14:00:00+00:00
[2025-12-14T13:58:53.447+0000] {processor.py:183} INFO - Processing /opt/airflow/dags/main.py took 0.108 seconds
[2025-12-14T13:59:23.578+0000] {processor.py:161} INFO - Started process (PID=2926) to work on /opt/airflow/dags/main.py
[2025-12-14T13:59:23.579+0000] {processor.py:830} INFO - Processing file /opt/airflow/dags/main.py for tasks to queue
[2025-12-14T13:59:23.581+0000] {logging_mixin.py:188} INFO - [2025-12-14T13:59:23.580+0000] {dagbag.py:545} INFO - Filling up the DagBag from /opt/airflow/dags/main.py
[2025-12-14T13:59:23.625+0000] {processor.py:840} INFO - DAG(s) 'youtube_video_stats' retrieved from /opt/airflow/dags/main.py
[2025-12-14T13:59:23.654+0000] {logging_mixin.py:188} INFO - [2025-12-14T13:59:23.654+0000] {dag.py:3096} INFO - Sync 1 DAGs
[2025-12-14T13:59:23.674+0000] {logging_mixin.py:188} INFO - [2025-12-14T13:59:23.674+0000] {dag.py:3954} INFO - Setting next_dagrun for youtube_video_stats to 2025-12-13 14:00:00+00:00, run_after=2025-12-14 14:00:00+00:00
[2025-12-14T13:59:23.689+0000] {processor.py:183} INFO - Processing /opt/airflow/dags/main.py took 0.119 seconds
[2025-12-14T13:59:53.870+0000] {processor.py:161} INFO - Started process (PID=2934) to work on /opt/airflow/dags/main.py
[2025-12-14T13:59:53.871+0000] {processor.py:830} INFO - Processing file /opt/airflow/dags/main.py for tasks to queue
[2025-12-14T13:59:53.873+0000] {logging_mixin.py:188} INFO - [2025-12-14T13:59:53.873+0000] {dagbag.py:545} INFO - Filling up the DagBag from /opt/airflow/dags/main.py
[2025-12-14T13:59:53.914+0000] {processor.py:840} INFO - DAG(s) 'youtube_video_stats' retrieved from /opt/airflow/dags/main.py
[2025-12-14T13:59:53.938+0000] {logging_mixin.py:188} INFO - [2025-12-14T13:59:53.938+0000] {dag.py:3096} INFO - Sync 1 DAGs
[2025-12-14T13:59:53.958+0000] {logging_mixin.py:188} INFO - [2025-12-14T13:59:53.958+0000] {dag.py:3954} INFO - Setting next_dagrun for youtube_video_stats to 2025-12-13 14:00:00+00:00, run_after=2025-12-14 14:00:00+00:00
[2025-12-14T13:59:53.975+0000] {processor.py:183} INFO - Processing /opt/airflow/dags/main.py took 0.110 seconds
[2025-12-14T14:00:24.072+0000] {processor.py:161} INFO - Started process (PID=2941) to work on /opt/airflow/dags/main.py
[2025-12-14T14:00:24.073+0000] {processor.py:830} INFO - Processing file /opt/airflow/dags/main.py for tasks to queue
[2025-12-14T14:00:24.075+0000] {logging_mixin.py:188} INFO - [2025-12-14T14:00:24.075+0000] {dagbag.py:545} INFO - Filling up the DagBag from /opt/airflow/dags/main.py
[2025-12-14T14:00:24.114+0000] {processor.py:840} INFO - DAG(s) 'youtube_video_stats' retrieved from /opt/airflow/dags/main.py
[2025-12-14T14:00:24.138+0000] {logging_mixin.py:188} INFO - [2025-12-14T14:00:24.138+0000] {dag.py:3096} INFO - Sync 1 DAGs
[2025-12-14T14:00:24.164+0000] {logging_mixin.py:188} INFO - [2025-12-14T14:00:24.164+0000] {dag.py:3954} INFO - Setting next_dagrun for youtube_video_stats to 2025-12-14 14:00:00+00:00, run_after=2025-12-15 14:00:00+00:00
[2025-12-14T14:00:24.181+0000] {processor.py:183} INFO - Processing /opt/airflow/dags/main.py took 0.115 seconds
[2025-12-14T14:00:54.343+0000] {processor.py:161} INFO - Started process (PID=2948) to work on /opt/airflow/dags/main.py
[2025-12-14T14:00:54.344+0000] {processor.py:830} INFO - Processing file /opt/airflow/dags/main.py for tasks to queue
[2025-12-14T14:00:54.346+0000] {logging_mixin.py:188} INFO - [2025-12-14T14:00:54.346+0000] {dagbag.py:545} INFO - Filling up the DagBag from /opt/airflow/dags/main.py
[2025-12-14T14:00:54.384+0000] {processor.py:840} INFO - DAG(s) 'youtube_video_stats' retrieved from /opt/airflow/dags/main.py
[2025-12-14T14:00:54.407+0000] {logging_mixin.py:188} INFO - [2025-12-14T14:00:54.407+0000] {dag.py:3096} INFO - Sync 1 DAGs
[2025-12-14T14:00:54.426+0000] {logging_mixin.py:188} INFO - [2025-12-14T14:00:54.426+0000] {dag.py:3954} INFO - Setting next_dagrun for youtube_video_stats to 2025-12-14 14:00:00+00:00, run_after=2025-12-15 14:00:00+00:00
[2025-12-14T14:00:54.445+0000] {processor.py:183} INFO - Processing /opt/airflow/dags/main.py took 0.107 seconds
[2025-12-14T14:01:24.604+0000] {processor.py:161} INFO - Started process (PID=2955) to work on /opt/airflow/dags/main.py
[2025-12-14T14:01:24.605+0000] {processor.py:830} INFO - Processing file /opt/airflow/dags/main.py for tasks to queue
[2025-12-14T14:01:24.607+0000] {logging_mixin.py:188} INFO - [2025-12-14T14:01:24.607+0000] {dagbag.py:545} INFO - Filling up the DagBag from /opt/airflow/dags/main.py
[2025-12-14T14:01:24.645+0000] {processor.py:840} INFO - DAG(s) 'youtube_video_stats' retrieved from /opt/airflow/dags/main.py
[2025-12-14T14:01:24.670+0000] {logging_mixin.py:188} INFO - [2025-12-14T14:01:24.669+0000] {dag.py:3096} INFO - Sync 1 DAGs
[2025-12-14T14:01:24.689+0000] {logging_mixin.py:188} INFO - [2025-12-14T14:01:24.688+0000] {dag.py:3954} INFO - Setting next_dagrun for youtube_video_stats to 2025-12-14 14:00:00+00:00, run_after=2025-12-15 14:00:00+00:00
[2025-12-14T14:01:24.714+0000] {processor.py:183} INFO - Processing /opt/airflow/dags/main.py took 0.116 seconds
[2025-12-14T14:01:54.811+0000] {processor.py:161} INFO - Started process (PID=2962) to work on /opt/airflow/dags/main.py
[2025-12-14T14:01:54.813+0000] {processor.py:830} INFO - Processing file /opt/airflow/dags/main.py for tasks to queue
[2025-12-14T14:01:54.814+0000] {logging_mixin.py:188} INFO - [2025-12-14T14:01:54.814+0000] {dagbag.py:545} INFO - Filling up the DagBag from /opt/airflow/dags/main.py
[2025-12-14T14:01:54.850+0000] {processor.py:840} INFO - DAG(s) 'youtube_video_stats' retrieved from /opt/airflow/dags/main.py
[2025-12-14T14:01:54.873+0000] {logging_mixin.py:188} INFO - [2025-12-14T14:01:54.873+0000] {dag.py:3096} INFO - Sync 1 DAGs
[2025-12-14T14:01:54.892+0000] {logging_mixin.py:188} INFO - [2025-12-14T14:01:54.892+0000] {dag.py:3954} INFO - Setting next_dagrun for youtube_video_stats to 2025-12-14 14:00:00+00:00, run_after=2025-12-15 14:00:00+00:00
[2025-12-14T14:01:54.912+0000] {processor.py:183} INFO - Processing /opt/airflow/dags/main.py took 0.106 seconds
[2025-12-14T14:02:25.106+0000] {processor.py:161} INFO - Started process (PID=2969) to work on /opt/airflow/dags/main.py
[2025-12-14T14:02:25.108+0000] {processor.py:830} INFO - Processing file /opt/airflow/dags/main.py for tasks to queue
[2025-12-14T14:02:25.110+0000] {logging_mixin.py:188} INFO - [2025-12-14T14:02:25.110+0000] {dagbag.py:545} INFO - Filling up the DagBag from /opt/airflow/dags/main.py
[2025-12-14T14:02:25.153+0000] {processor.py:840} INFO - DAG(s) 'youtube_video_stats' retrieved from /opt/airflow/dags/main.py
[2025-12-14T14:02:25.180+0000] {logging_mixin.py:188} INFO - [2025-12-14T14:02:25.180+0000] {dag.py:3096} INFO - Sync 1 DAGs
[2025-12-14T14:02:25.200+0000] {logging_mixin.py:188} INFO - [2025-12-14T14:02:25.200+0000] {dag.py:3954} INFO - Setting next_dagrun for youtube_video_stats to 2025-12-14 14:00:00+00:00, run_after=2025-12-15 14:00:00+00:00
[2025-12-14T14:02:25.226+0000] {processor.py:183} INFO - Processing /opt/airflow/dags/main.py took 0.126 seconds
[2025-12-14T14:02:55.324+0000] {processor.py:161} INFO - Started process (PID=2976) to work on /opt/airflow/dags/main.py
[2025-12-14T14:02:55.325+0000] {processor.py:830} INFO - Processing file /opt/airflow/dags/main.py for tasks to queue
[2025-12-14T14:02:55.329+0000] {logging_mixin.py:188} INFO - [2025-12-14T14:02:55.328+0000] {dagbag.py:545} INFO - Filling up the DagBag from /opt/airflow/dags/main.py
[2025-12-14T14:02:55.368+0000] {processor.py:840} INFO - DAG(s) 'youtube_video_stats' retrieved from /opt/airflow/dags/main.py
[2025-12-14T14:02:55.393+0000] {logging_mixin.py:188} INFO - [2025-12-14T14:02:55.392+0000] {dag.py:3096} INFO - Sync 1 DAGs
[2025-12-14T14:02:55.411+0000] {logging_mixin.py:188} INFO - [2025-12-14T14:02:55.411+0000] {dag.py:3954} INFO - Setting next_dagrun for youtube_video_stats to 2025-12-14 14:00:00+00:00, run_after=2025-12-15 14:00:00+00:00
[2025-12-14T14:02:55.429+0000] {processor.py:183} INFO - Processing /opt/airflow/dags/main.py took 0.110 seconds
[2025-12-14T14:03:25.694+0000] {processor.py:161} INFO - Started process (PID=2983) to work on /opt/airflow/dags/main.py
[2025-12-14T14:03:25.695+0000] {processor.py:830} INFO - Processing file /opt/airflow/dags/main.py for tasks to queue
[2025-12-14T14:03:25.696+0000] {logging_mixin.py:188} INFO - [2025-12-14T14:03:25.696+0000] {dagbag.py:545} INFO - Filling up the DagBag from /opt/airflow/dags/main.py
[2025-12-14T14:03:25.732+0000] {processor.py:840} INFO - DAG(s) 'youtube_video_stats' retrieved from /opt/airflow/dags/main.py
[2025-12-14T14:03:25.755+0000] {logging_mixin.py:188} INFO - [2025-12-14T14:03:25.754+0000] {dag.py:3096} INFO - Sync 1 DAGs
[2025-12-14T14:03:25.773+0000] {logging_mixin.py:188} INFO - [2025-12-14T14:03:25.772+0000] {dag.py:3954} INFO - Setting next_dagrun for youtube_video_stats to 2025-12-14 14:00:00+00:00, run_after=2025-12-15 14:00:00+00:00
[2025-12-14T14:03:25.789+0000] {processor.py:183} INFO - Processing /opt/airflow/dags/main.py took 0.100 seconds
[2025-12-14T14:03:55.914+0000] {processor.py:161} INFO - Started process (PID=2990) to work on /opt/airflow/dags/main.py
[2025-12-14T14:03:55.921+0000] {processor.py:830} INFO - Processing file /opt/airflow/dags/main.py for tasks to queue
[2025-12-14T14:03:55.936+0000] {logging_mixin.py:188} INFO - [2025-12-14T14:03:55.935+0000] {dagbag.py:545} INFO - Filling up the DagBag from /opt/airflow/dags/main.py
[2025-12-14T14:03:55.990+0000] {processor.py:840} INFO - DAG(s) 'youtube_video_stats' retrieved from /opt/airflow/dags/main.py
[2025-12-14T14:03:56.014+0000] {logging_mixin.py:188} INFO - [2025-12-14T14:03:56.014+0000] {dag.py:3096} INFO - Sync 1 DAGs
[2025-12-14T14:03:56.034+0000] {logging_mixin.py:188} INFO - [2025-12-14T14:03:56.034+0000] {dag.py:3954} INFO - Setting next_dagrun for youtube_video_stats to 2025-12-14 14:00:00+00:00, run_after=2025-12-15 14:00:00+00:00
[2025-12-14T14:03:56.060+0000] {processor.py:183} INFO - Processing /opt/airflow/dags/main.py took 0.151 seconds
[2025-12-14T14:04:26.199+0000] {processor.py:161} INFO - Started process (PID=2997) to work on /opt/airflow/dags/main.py
[2025-12-14T14:04:26.200+0000] {processor.py:830} INFO - Processing file /opt/airflow/dags/main.py for tasks to queue
[2025-12-14T14:04:26.202+0000] {logging_mixin.py:188} INFO - [2025-12-14T14:04:26.202+0000] {dagbag.py:545} INFO - Filling up the DagBag from /opt/airflow/dags/main.py
[2025-12-14T14:04:26.239+0000] {processor.py:840} INFO - DAG(s) 'youtube_video_stats' retrieved from /opt/airflow/dags/main.py
[2025-12-14T14:04:26.261+0000] {logging_mixin.py:188} INFO - [2025-12-14T14:04:26.260+0000] {dag.py:3096} INFO - Sync 1 DAGs
[2025-12-14T14:04:26.279+0000] {logging_mixin.py:188} INFO - [2025-12-14T14:04:26.279+0000] {dag.py:3954} INFO - Setting next_dagrun for youtube_video_stats to 2025-12-14 14:00:00+00:00, run_after=2025-12-15 14:00:00+00:00
[2025-12-14T14:04:26.296+0000] {processor.py:183} INFO - Processing /opt/airflow/dags/main.py took 0.103 seconds
[2025-12-14T14:04:56.475+0000] {processor.py:161} INFO - Started process (PID=3004) to work on /opt/airflow/dags/main.py
[2025-12-14T14:04:56.476+0000] {processor.py:830} INFO - Processing file /opt/airflow/dags/main.py for tasks to queue
[2025-12-14T14:04:56.479+0000] {logging_mixin.py:188} INFO - [2025-12-14T14:04:56.479+0000] {dagbag.py:545} INFO - Filling up the DagBag from /opt/airflow/dags/main.py
[2025-12-14T14:04:56.524+0000] {processor.py:840} INFO - DAG(s) 'youtube_video_stats' retrieved from /opt/airflow/dags/main.py
[2025-12-14T14:04:56.548+0000] {logging_mixin.py:188} INFO - [2025-12-14T14:04:56.548+0000] {dag.py:3096} INFO - Sync 1 DAGs
[2025-12-14T14:04:56.569+0000] {logging_mixin.py:188} INFO - [2025-12-14T14:04:56.569+0000] {dag.py:3954} INFO - Setting next_dagrun for youtube_video_stats to 2025-12-14 14:00:00+00:00, run_after=2025-12-15 14:00:00+00:00
[2025-12-14T14:04:56.596+0000] {processor.py:183} INFO - Processing /opt/airflow/dags/main.py took 0.128 seconds
[2025-12-14T14:05:26.741+0000] {processor.py:161} INFO - Started process (PID=3011) to work on /opt/airflow/dags/main.py
[2025-12-14T14:05:26.742+0000] {processor.py:830} INFO - Processing file /opt/airflow/dags/main.py for tasks to queue
[2025-12-14T14:05:26.745+0000] {logging_mixin.py:188} INFO - [2025-12-14T14:05:26.744+0000] {dagbag.py:545} INFO - Filling up the DagBag from /opt/airflow/dags/main.py
[2025-12-14T14:05:26.800+0000] {processor.py:840} INFO - DAG(s) 'youtube_video_stats' retrieved from /opt/airflow/dags/main.py
[2025-12-14T14:05:26.882+0000] {logging_mixin.py:188} INFO - [2025-12-14T14:05:26.882+0000] {dag.py:3096} INFO - Sync 1 DAGs
[2025-12-14T14:05:26.920+0000] {logging_mixin.py:188} INFO - [2025-12-14T14:05:26.920+0000] {dag.py:3954} INFO - Setting next_dagrun for youtube_video_stats to 2025-12-14 14:00:00+00:00, run_after=2025-12-15 14:00:00+00:00
[2025-12-14T14:05:26.952+0000] {processor.py:183} INFO - Processing /opt/airflow/dags/main.py took 0.219 seconds
[2025-12-14T14:05:57.023+0000] {processor.py:161} INFO - Started process (PID=3018) to work on /opt/airflow/dags/main.py
[2025-12-14T14:05:57.024+0000] {processor.py:830} INFO - Processing file /opt/airflow/dags/main.py for tasks to queue
[2025-12-14T14:05:57.026+0000] {logging_mixin.py:188} INFO - [2025-12-14T14:05:57.026+0000] {dagbag.py:545} INFO - Filling up the DagBag from /opt/airflow/dags/main.py
[2025-12-14T14:05:57.063+0000] {processor.py:840} INFO - DAG(s) 'youtube_video_stats' retrieved from /opt/airflow/dags/main.py
[2025-12-14T14:05:57.090+0000] {logging_mixin.py:188} INFO - [2025-12-14T14:05:57.089+0000] {dag.py:3096} INFO - Sync 1 DAGs
[2025-12-14T14:05:57.109+0000] {logging_mixin.py:188} INFO - [2025-12-14T14:05:57.109+0000] {dag.py:3954} INFO - Setting next_dagrun for youtube_video_stats to 2025-12-14 14:00:00+00:00, run_after=2025-12-15 14:00:00+00:00
[2025-12-14T14:05:57.131+0000] {processor.py:183} INFO - Processing /opt/airflow/dags/main.py took 0.113 seconds
[2025-12-14T14:06:27.343+0000] {processor.py:161} INFO - Started process (PID=3025) to work on /opt/airflow/dags/main.py
[2025-12-14T14:06:27.344+0000] {processor.py:830} INFO - Processing file /opt/airflow/dags/main.py for tasks to queue
[2025-12-14T14:06:27.346+0000] {logging_mixin.py:188} INFO - [2025-12-14T14:06:27.346+0000] {dagbag.py:545} INFO - Filling up the DagBag from /opt/airflow/dags/main.py
[2025-12-14T14:06:27.388+0000] {processor.py:840} INFO - DAG(s) 'youtube_video_stats' retrieved from /opt/airflow/dags/main.py
[2025-12-14T14:06:27.412+0000] {logging_mixin.py:188} INFO - [2025-12-14T14:06:27.412+0000] {dag.py:3096} INFO - Sync 1 DAGs
[2025-12-14T14:06:27.431+0000] {logging_mixin.py:188} INFO - [2025-12-14T14:06:27.431+0000] {dag.py:3954} INFO - Setting next_dagrun for youtube_video_stats to 2025-12-14 14:00:00+00:00, run_after=2025-12-15 14:00:00+00:00
[2025-12-14T14:06:27.452+0000] {processor.py:183} INFO - Processing /opt/airflow/dags/main.py took 0.114 seconds
[2025-12-14T14:06:57.615+0000] {processor.py:161} INFO - Started process (PID=3032) to work on /opt/airflow/dags/main.py
[2025-12-14T14:06:57.616+0000] {processor.py:830} INFO - Processing file /opt/airflow/dags/main.py for tasks to queue
[2025-12-14T14:06:57.617+0000] {logging_mixin.py:188} INFO - [2025-12-14T14:06:57.617+0000] {dagbag.py:545} INFO - Filling up the DagBag from /opt/airflow/dags/main.py
[2025-12-14T14:06:57.653+0000] {processor.py:840} INFO - DAG(s) 'youtube_video_stats' retrieved from /opt/airflow/dags/main.py
[2025-12-14T14:06:57.674+0000] {logging_mixin.py:188} INFO - [2025-12-14T14:06:57.674+0000] {dag.py:3096} INFO - Sync 1 DAGs
[2025-12-14T14:06:57.692+0000] {logging_mixin.py:188} INFO - [2025-12-14T14:06:57.691+0000] {dag.py:3954} INFO - Setting next_dagrun for youtube_video_stats to 2025-12-14 14:00:00+00:00, run_after=2025-12-15 14:00:00+00:00
[2025-12-14T14:06:57.716+0000] {processor.py:183} INFO - Processing /opt/airflow/dags/main.py took 0.107 seconds
[2025-12-14T14:07:27.832+0000] {processor.py:161} INFO - Started process (PID=3039) to work on /opt/airflow/dags/main.py
[2025-12-14T14:07:27.833+0000] {processor.py:830} INFO - Processing file /opt/airflow/dags/main.py for tasks to queue
[2025-12-14T14:07:27.834+0000] {logging_mixin.py:188} INFO - [2025-12-14T14:07:27.834+0000] {dagbag.py:545} INFO - Filling up the DagBag from /opt/airflow/dags/main.py
[2025-12-14T14:07:27.875+0000] {processor.py:840} INFO - DAG(s) 'youtube_video_stats' retrieved from /opt/airflow/dags/main.py
[2025-12-14T14:07:27.898+0000] {logging_mixin.py:188} INFO - [2025-12-14T14:07:27.898+0000] {dag.py:3096} INFO - Sync 1 DAGs
[2025-12-14T14:07:27.917+0000] {logging_mixin.py:188} INFO - [2025-12-14T14:07:27.917+0000] {dag.py:3954} INFO - Setting next_dagrun for youtube_video_stats to 2025-12-14 14:00:00+00:00, run_after=2025-12-15 14:00:00+00:00
[2025-12-14T14:07:27.935+0000] {processor.py:183} INFO - Processing /opt/airflow/dags/main.py took 0.108 seconds
[2025-12-14T14:07:58.102+0000] {processor.py:161} INFO - Started process (PID=3046) to work on /opt/airflow/dags/main.py
[2025-12-14T14:07:58.103+0000] {processor.py:830} INFO - Processing file /opt/airflow/dags/main.py for tasks to queue
[2025-12-14T14:07:58.105+0000] {logging_mixin.py:188} INFO - [2025-12-14T14:07:58.105+0000] {dagbag.py:545} INFO - Filling up the DagBag from /opt/airflow/dags/main.py
[2025-12-14T14:07:58.142+0000] {processor.py:840} INFO - DAG(s) 'youtube_video_stats' retrieved from /opt/airflow/dags/main.py
[2025-12-14T14:07:58.163+0000] {logging_mixin.py:188} INFO - [2025-12-14T14:07:58.163+0000] {dag.py:3096} INFO - Sync 1 DAGs
[2025-12-14T14:07:58.184+0000] {logging_mixin.py:188} INFO - [2025-12-14T14:07:58.184+0000] {dag.py:3954} INFO - Setting next_dagrun for youtube_video_stats to 2025-12-14 14:00:00+00:00, run_after=2025-12-15 14:00:00+00:00
[2025-12-14T14:07:58.206+0000] {processor.py:183} INFO - Processing /opt/airflow/dags/main.py took 0.108 seconds
[2025-12-14T14:08:28.333+0000] {processor.py:161} INFO - Started process (PID=3053) to work on /opt/airflow/dags/main.py
[2025-12-14T14:08:28.334+0000] {processor.py:830} INFO - Processing file /opt/airflow/dags/main.py for tasks to queue
[2025-12-14T14:08:28.336+0000] {logging_mixin.py:188} INFO - [2025-12-14T14:08:28.336+0000] {dagbag.py:545} INFO - Filling up the DagBag from /opt/airflow/dags/main.py
[2025-12-14T14:08:28.370+0000] {processor.py:840} INFO - DAG(s) 'youtube_video_stats' retrieved from /opt/airflow/dags/main.py
[2025-12-14T14:08:28.393+0000] {logging_mixin.py:188} INFO - [2025-12-14T14:08:28.392+0000] {dag.py:3096} INFO - Sync 1 DAGs
[2025-12-14T14:08:28.414+0000] {logging_mixin.py:188} INFO - [2025-12-14T14:08:28.414+0000] {dag.py:3954} INFO - Setting next_dagrun for youtube_video_stats to 2025-12-14 14:00:00+00:00, run_after=2025-12-15 14:00:00+00:00
[2025-12-14T14:08:28.434+0000] {processor.py:183} INFO - Processing /opt/airflow/dags/main.py took 0.106 seconds
[2025-12-14T14:08:58.639+0000] {processor.py:161} INFO - Started process (PID=3060) to work on /opt/airflow/dags/main.py
[2025-12-14T14:08:58.640+0000] {processor.py:830} INFO - Processing file /opt/airflow/dags/main.py for tasks to queue
[2025-12-14T14:08:58.641+0000] {logging_mixin.py:188} INFO - [2025-12-14T14:08:58.641+0000] {dagbag.py:545} INFO - Filling up the DagBag from /opt/airflow/dags/main.py
[2025-12-14T14:08:58.673+0000] {processor.py:840} INFO - DAG(s) 'youtube_video_stats' retrieved from /opt/airflow/dags/main.py
[2025-12-14T14:08:58.695+0000] {logging_mixin.py:188} INFO - [2025-12-14T14:08:58.695+0000] {dag.py:3096} INFO - Sync 1 DAGs
[2025-12-14T14:08:58.713+0000] {logging_mixin.py:188} INFO - [2025-12-14T14:08:58.713+0000] {dag.py:3954} INFO - Setting next_dagrun for youtube_video_stats to 2025-12-14 14:00:00+00:00, run_after=2025-12-15 14:00:00+00:00
[2025-12-14T14:08:58.732+0000] {processor.py:183} INFO - Processing /opt/airflow/dags/main.py took 0.098 seconds
[2025-12-14T14:09:28.844+0000] {processor.py:161} INFO - Started process (PID=3068) to work on /opt/airflow/dags/main.py
[2025-12-14T14:09:28.845+0000] {processor.py:830} INFO - Processing file /opt/airflow/dags/main.py for tasks to queue
[2025-12-14T14:09:28.847+0000] {logging_mixin.py:188} INFO - [2025-12-14T14:09:28.847+0000] {dagbag.py:545} INFO - Filling up the DagBag from /opt/airflow/dags/main.py
[2025-12-14T14:09:28.882+0000] {processor.py:840} INFO - DAG(s) 'youtube_video_stats' retrieved from /opt/airflow/dags/main.py
[2025-12-14T14:09:28.906+0000] {logging_mixin.py:188} INFO - [2025-12-14T14:09:28.906+0000] {dag.py:3096} INFO - Sync 1 DAGs
[2025-12-14T14:09:28.927+0000] {logging_mixin.py:188} INFO - [2025-12-14T14:09:28.926+0000] {dag.py:3954} INFO - Setting next_dagrun for youtube_video_stats to 2025-12-14 14:00:00+00:00, run_after=2025-12-15 14:00:00+00:00
[2025-12-14T14:09:28.946+0000] {processor.py:183} INFO - Processing /opt/airflow/dags/main.py took 0.107 seconds
[2025-12-14T14:09:59.144+0000] {processor.py:161} INFO - Started process (PID=3075) to work on /opt/airflow/dags/main.py
[2025-12-14T14:09:59.145+0000] {processor.py:830} INFO - Processing file /opt/airflow/dags/main.py for tasks to queue
[2025-12-14T14:09:59.146+0000] {logging_mixin.py:188} INFO - [2025-12-14T14:09:59.146+0000] {dagbag.py:545} INFO - Filling up the DagBag from /opt/airflow/dags/main.py
[2025-12-14T14:09:59.179+0000] {processor.py:840} INFO - DAG(s) 'youtube_video_stats' retrieved from /opt/airflow/dags/main.py
[2025-12-14T14:09:59.201+0000] {logging_mixin.py:188} INFO - [2025-12-14T14:09:59.201+0000] {dag.py:3096} INFO - Sync 1 DAGs
[2025-12-14T14:09:59.219+0000] {logging_mixin.py:188} INFO - [2025-12-14T14:09:59.218+0000] {dag.py:3954} INFO - Setting next_dagrun for youtube_video_stats to 2025-12-14 14:00:00+00:00, run_after=2025-12-15 14:00:00+00:00
[2025-12-14T14:09:59.237+0000] {processor.py:183} INFO - Processing /opt/airflow/dags/main.py took 0.099 seconds
[2025-12-14T14:10:29.367+0000] {processor.py:161} INFO - Started process (PID=3082) to work on /opt/airflow/dags/main.py
[2025-12-14T14:10:29.368+0000] {processor.py:830} INFO - Processing file /opt/airflow/dags/main.py for tasks to queue
[2025-12-14T14:10:29.370+0000] {logging_mixin.py:188} INFO - [2025-12-14T14:10:29.369+0000] {dagbag.py:545} INFO - Filling up the DagBag from /opt/airflow/dags/main.py
[2025-12-14T14:10:29.408+0000] {processor.py:840} INFO - DAG(s) 'youtube_video_stats' retrieved from /opt/airflow/dags/main.py
[2025-12-14T14:10:29.431+0000] {logging_mixin.py:188} INFO - [2025-12-14T14:10:29.431+0000] {dag.py:3096} INFO - Sync 1 DAGs
[2025-12-14T14:10:29.451+0000] {logging_mixin.py:188} INFO - [2025-12-14T14:10:29.450+0000] {dag.py:3954} INFO - Setting next_dagrun for youtube_video_stats to 2025-12-14 14:00:00+00:00, run_after=2025-12-15 14:00:00+00:00
[2025-12-14T14:10:29.471+0000] {processor.py:183} INFO - Processing /opt/airflow/dags/main.py took 0.109 seconds
[2025-12-14T14:10:59.701+0000] {processor.py:161} INFO - Started process (PID=3089) to work on /opt/airflow/dags/main.py
[2025-12-14T14:10:59.702+0000] {processor.py:830} INFO - Processing file /opt/airflow/dags/main.py for tasks to queue
[2025-12-14T14:10:59.704+0000] {logging_mixin.py:188} INFO - [2025-12-14T14:10:59.704+0000] {dagbag.py:545} INFO - Filling up the DagBag from /opt/airflow/dags/main.py
[2025-12-14T14:10:59.746+0000] {processor.py:840} INFO - DAG(s) 'youtube_video_stats' retrieved from /opt/airflow/dags/main.py
[2025-12-14T14:10:59.771+0000] {logging_mixin.py:188} INFO - [2025-12-14T14:10:59.771+0000] {dag.py:3096} INFO - Sync 1 DAGs
[2025-12-14T14:10:59.792+0000] {logging_mixin.py:188} INFO - [2025-12-14T14:10:59.792+0000] {dag.py:3954} INFO - Setting next_dagrun for youtube_video_stats to 2025-12-14 14:00:00+00:00, run_after=2025-12-15 14:00:00+00:00
[2025-12-14T14:10:59.811+0000] {processor.py:183} INFO - Processing /opt/airflow/dags/main.py took 0.118 seconds
[2025-12-14T14:11:30.001+0000] {processor.py:161} INFO - Started process (PID=3096) to work on /opt/airflow/dags/main.py
[2025-12-14T14:11:30.002+0000] {processor.py:830} INFO - Processing file /opt/airflow/dags/main.py for tasks to queue
[2025-12-14T14:11:30.004+0000] {logging_mixin.py:188} INFO - [2025-12-14T14:11:30.003+0000] {dagbag.py:545} INFO - Filling up the DagBag from /opt/airflow/dags/main.py
[2025-12-14T14:11:30.039+0000] {processor.py:840} INFO - DAG(s) 'youtube_video_stats' retrieved from /opt/airflow/dags/main.py
[2025-12-14T14:11:30.061+0000] {logging_mixin.py:188} INFO - [2025-12-14T14:11:30.060+0000] {dag.py:3096} INFO - Sync 1 DAGs
[2025-12-14T14:11:30.079+0000] {logging_mixin.py:188} INFO - [2025-12-14T14:11:30.078+0000] {dag.py:3954} INFO - Setting next_dagrun for youtube_video_stats to 2025-12-14 14:00:00+00:00, run_after=2025-12-15 14:00:00+00:00
[2025-12-14T14:11:30.100+0000] {processor.py:183} INFO - Processing /opt/airflow/dags/main.py took 0.104 seconds
[2025-12-14T14:12:00.193+0000] {processor.py:161} INFO - Started process (PID=3103) to work on /opt/airflow/dags/main.py
[2025-12-14T14:12:00.194+0000] {processor.py:830} INFO - Processing file /opt/airflow/dags/main.py for tasks to queue
[2025-12-14T14:12:00.196+0000] {logging_mixin.py:188} INFO - [2025-12-14T14:12:00.196+0000] {dagbag.py:545} INFO - Filling up the DagBag from /opt/airflow/dags/main.py
[2025-12-14T14:12:00.230+0000] {processor.py:840} INFO - DAG(s) 'youtube_video_stats' retrieved from /opt/airflow/dags/main.py
[2025-12-14T14:12:00.264+0000] {logging_mixin.py:188} INFO - [2025-12-14T14:12:00.264+0000] {dag.py:3096} INFO - Sync 1 DAGs
[2025-12-14T14:12:00.284+0000] {logging_mixin.py:188} INFO - [2025-12-14T14:12:00.283+0000] {dag.py:3954} INFO - Setting next_dagrun for youtube_video_stats to 2025-12-14 14:00:00+00:00, run_after=2025-12-15 14:00:00+00:00
[2025-12-14T14:12:00.302+0000] {processor.py:183} INFO - Processing /opt/airflow/dags/main.py took 0.116 seconds
[2025-12-14T14:12:30.463+0000] {processor.py:161} INFO - Started process (PID=3110) to work on /opt/airflow/dags/main.py
[2025-12-14T14:12:30.464+0000] {processor.py:830} INFO - Processing file /opt/airflow/dags/main.py for tasks to queue
[2025-12-14T14:12:30.466+0000] {logging_mixin.py:188} INFO - [2025-12-14T14:12:30.465+0000] {dagbag.py:545} INFO - Filling up the DagBag from /opt/airflow/dags/main.py
[2025-12-14T14:12:30.503+0000] {processor.py:840} INFO - DAG(s) 'youtube_video_stats' retrieved from /opt/airflow/dags/main.py
[2025-12-14T14:12:30.525+0000] {logging_mixin.py:188} INFO - [2025-12-14T14:12:30.525+0000] {dag.py:3096} INFO - Sync 1 DAGs
[2025-12-14T14:12:30.567+0000] {logging_mixin.py:188} INFO - [2025-12-14T14:12:30.566+0000] {dag.py:3954} INFO - Setting next_dagrun for youtube_video_stats to 2025-12-14 14:00:00+00:00, run_after=2025-12-15 14:00:00+00:00
[2025-12-14T14:12:30.608+0000] {processor.py:183} INFO - Processing /opt/airflow/dags/main.py took 0.151 seconds
[2025-12-14T14:13:00.686+0000] {processor.py:161} INFO - Started process (PID=3117) to work on /opt/airflow/dags/main.py
[2025-12-14T14:13:00.687+0000] {processor.py:830} INFO - Processing file /opt/airflow/dags/main.py for tasks to queue
[2025-12-14T14:13:00.689+0000] {logging_mixin.py:188} INFO - [2025-12-14T14:13:00.689+0000] {dagbag.py:545} INFO - Filling up the DagBag from /opt/airflow/dags/main.py
[2025-12-14T14:13:00.724+0000] {processor.py:840} INFO - DAG(s) 'youtube_video_stats' retrieved from /opt/airflow/dags/main.py
[2025-12-14T14:13:00.747+0000] {logging_mixin.py:188} INFO - [2025-12-14T14:13:00.747+0000] {dag.py:3096} INFO - Sync 1 DAGs
[2025-12-14T14:13:00.765+0000] {logging_mixin.py:188} INFO - [2025-12-14T14:13:00.764+0000] {dag.py:3954} INFO - Setting next_dagrun for youtube_video_stats to 2025-12-14 14:00:00+00:00, run_after=2025-12-15 14:00:00+00:00
[2025-12-14T14:13:00.786+0000] {processor.py:183} INFO - Processing /opt/airflow/dags/main.py took 0.105 seconds
[2025-12-14T14:13:30.890+0000] {processor.py:161} INFO - Started process (PID=3124) to work on /opt/airflow/dags/main.py
[2025-12-14T14:13:30.891+0000] {processor.py:830} INFO - Processing file /opt/airflow/dags/main.py for tasks to queue
[2025-12-14T14:13:30.893+0000] {logging_mixin.py:188} INFO - [2025-12-14T14:13:30.892+0000] {dagbag.py:545} INFO - Filling up the DagBag from /opt/airflow/dags/main.py
[2025-12-14T14:13:30.934+0000] {processor.py:840} INFO - DAG(s) 'youtube_video_stats' retrieved from /opt/airflow/dags/main.py
[2025-12-14T14:13:30.959+0000] {logging_mixin.py:188} INFO - [2025-12-14T14:13:30.959+0000] {dag.py:3096} INFO - Sync 1 DAGs
[2025-12-14T14:13:30.979+0000] {logging_mixin.py:188} INFO - [2025-12-14T14:13:30.979+0000] {dag.py:3954} INFO - Setting next_dagrun for youtube_video_stats to 2025-12-14 14:00:00+00:00, run_after=2025-12-15 14:00:00+00:00
[2025-12-14T14:13:31.000+0000] {processor.py:183} INFO - Processing /opt/airflow/dags/main.py took 0.116 seconds
[2025-12-14T14:14:01.219+0000] {processor.py:161} INFO - Started process (PID=3131) to work on /opt/airflow/dags/main.py
[2025-12-14T14:14:01.221+0000] {processor.py:830} INFO - Processing file /opt/airflow/dags/main.py for tasks to queue
[2025-12-14T14:14:01.225+0000] {logging_mixin.py:188} INFO - [2025-12-14T14:14:01.225+0000] {dagbag.py:545} INFO - Filling up the DagBag from /opt/airflow/dags/main.py
[2025-12-14T14:14:01.261+0000] {processor.py:840} INFO - DAG(s) 'youtube_video_stats' retrieved from /opt/airflow/dags/main.py
[2025-12-14T14:14:01.285+0000] {logging_mixin.py:188} INFO - [2025-12-14T14:14:01.285+0000] {dag.py:3096} INFO - Sync 1 DAGs
[2025-12-14T14:14:01.310+0000] {logging_mixin.py:188} INFO - [2025-12-14T14:14:01.310+0000] {dag.py:3954} INFO - Setting next_dagrun for youtube_video_stats to 2025-12-14 14:00:00+00:00, run_after=2025-12-15 14:00:00+00:00
[2025-12-14T14:14:01.330+0000] {processor.py:183} INFO - Processing /opt/airflow/dags/main.py took 0.120 seconds
[2025-12-14T14:14:31.418+0000] {processor.py:161} INFO - Started process (PID=3139) to work on /opt/airflow/dags/main.py
[2025-12-14T14:14:31.419+0000] {processor.py:830} INFO - Processing file /opt/airflow/dags/main.py for tasks to queue
[2025-12-14T14:14:31.421+0000] {logging_mixin.py:188} INFO - [2025-12-14T14:14:31.421+0000] {dagbag.py:545} INFO - Filling up the DagBag from /opt/airflow/dags/main.py
[2025-12-14T14:14:31.456+0000] {processor.py:840} INFO - DAG(s) 'youtube_video_stats' retrieved from /opt/airflow/dags/main.py
[2025-12-14T14:14:31.482+0000] {logging_mixin.py:188} INFO - [2025-12-14T14:14:31.482+0000] {dag.py:3096} INFO - Sync 1 DAGs
[2025-12-14T14:14:31.505+0000] {logging_mixin.py:188} INFO - [2025-12-14T14:14:31.504+0000] {dag.py:3954} INFO - Setting next_dagrun for youtube_video_stats to 2025-12-14 14:00:00+00:00, run_after=2025-12-15 14:00:00+00:00
[2025-12-14T14:14:31.522+0000] {processor.py:183} INFO - Processing /opt/airflow/dags/main.py took 0.109 seconds
[2025-12-14T14:15:01.747+0000] {processor.py:161} INFO - Started process (PID=3146) to work on /opt/airflow/dags/main.py
[2025-12-14T14:15:01.748+0000] {processor.py:830} INFO - Processing file /opt/airflow/dags/main.py for tasks to queue
[2025-12-14T14:15:01.749+0000] {logging_mixin.py:188} INFO - [2025-12-14T14:15:01.749+0000] {dagbag.py:545} INFO - Filling up the DagBag from /opt/airflow/dags/main.py
[2025-12-14T14:15:01.785+0000] {processor.py:840} INFO - DAG(s) 'youtube_video_stats' retrieved from /opt/airflow/dags/main.py
[2025-12-14T14:15:01.812+0000] {logging_mixin.py:188} INFO - [2025-12-14T14:15:01.812+0000] {dag.py:3096} INFO - Sync 1 DAGs
[2025-12-14T14:15:01.838+0000] {logging_mixin.py:188} INFO - [2025-12-14T14:15:01.837+0000] {dag.py:3954} INFO - Setting next_dagrun for youtube_video_stats to 2025-12-14 14:00:00+00:00, run_after=2025-12-15 14:00:00+00:00
[2025-12-14T14:15:01.865+0000] {processor.py:183} INFO - Processing /opt/airflow/dags/main.py took 0.124 seconds
[2025-12-14T14:15:31.973+0000] {processor.py:161} INFO - Started process (PID=3153) to work on /opt/airflow/dags/main.py
[2025-12-14T14:15:31.974+0000] {processor.py:830} INFO - Processing file /opt/airflow/dags/main.py for tasks to queue
[2025-12-14T14:15:31.976+0000] {logging_mixin.py:188} INFO - [2025-12-14T14:15:31.975+0000] {dagbag.py:545} INFO - Filling up the DagBag from /opt/airflow/dags/main.py
[2025-12-14T14:15:32.014+0000] {processor.py:840} INFO - DAG(s) 'youtube_video_stats' retrieved from /opt/airflow/dags/main.py
[2025-12-14T14:15:32.037+0000] {logging_mixin.py:188} INFO - [2025-12-14T14:15:32.037+0000] {dag.py:3096} INFO - Sync 1 DAGs
[2025-12-14T14:15:32.055+0000] {logging_mixin.py:188} INFO - [2025-12-14T14:15:32.054+0000] {dag.py:3954} INFO - Setting next_dagrun for youtube_video_stats to 2025-12-14 14:00:00+00:00, run_after=2025-12-15 14:00:00+00:00
[2025-12-14T14:15:32.075+0000] {processor.py:183} INFO - Processing /opt/airflow/dags/main.py took 0.107 seconds
[2025-12-14T14:16:02.269+0000] {processor.py:161} INFO - Started process (PID=3160) to work on /opt/airflow/dags/main.py
[2025-12-14T14:16:02.270+0000] {processor.py:830} INFO - Processing file /opt/airflow/dags/main.py for tasks to queue
[2025-12-14T14:16:02.273+0000] {logging_mixin.py:188} INFO - [2025-12-14T14:16:02.272+0000] {dagbag.py:545} INFO - Filling up the DagBag from /opt/airflow/dags/main.py
[2025-12-14T14:16:02.316+0000] {processor.py:840} INFO - DAG(s) 'youtube_video_stats' retrieved from /opt/airflow/dags/main.py
[2025-12-14T14:16:02.345+0000] {logging_mixin.py:188} INFO - [2025-12-14T14:16:02.345+0000] {dag.py:3096} INFO - Sync 1 DAGs
[2025-12-14T14:16:02.368+0000] {logging_mixin.py:188} INFO - [2025-12-14T14:16:02.367+0000] {dag.py:3954} INFO - Setting next_dagrun for youtube_video_stats to 2025-12-14 14:00:00+00:00, run_after=2025-12-15 14:00:00+00:00
[2025-12-14T14:16:02.393+0000] {processor.py:183} INFO - Processing /opt/airflow/dags/main.py took 0.130 seconds
[2025-12-14T14:16:32.527+0000] {processor.py:161} INFO - Started process (PID=3167) to work on /opt/airflow/dags/main.py
[2025-12-14T14:16:32.528+0000] {processor.py:830} INFO - Processing file /opt/airflow/dags/main.py for tasks to queue
[2025-12-14T14:16:32.530+0000] {logging_mixin.py:188} INFO - [2025-12-14T14:16:32.529+0000] {dagbag.py:545} INFO - Filling up the DagBag from /opt/airflow/dags/main.py
[2025-12-14T14:16:32.566+0000] {processor.py:840} INFO - DAG(s) 'youtube_video_stats' retrieved from /opt/airflow/dags/main.py
[2025-12-14T14:16:32.591+0000] {logging_mixin.py:188} INFO - [2025-12-14T14:16:32.590+0000] {dag.py:3096} INFO - Sync 1 DAGs
[2025-12-14T14:16:32.611+0000] {logging_mixin.py:188} INFO - [2025-12-14T14:16:32.611+0000] {dag.py:3954} INFO - Setting next_dagrun for youtube_video_stats to 2025-12-14 14:00:00+00:00, run_after=2025-12-15 14:00:00+00:00
[2025-12-14T14:16:32.690+0000] {processor.py:183} INFO - Processing /opt/airflow/dags/main.py took 0.169 seconds
[2025-12-14T14:17:02.773+0000] {processor.py:161} INFO - Started process (PID=3174) to work on /opt/airflow/dags/main.py
[2025-12-14T14:17:02.775+0000] {processor.py:830} INFO - Processing file /opt/airflow/dags/main.py for tasks to queue
[2025-12-14T14:17:02.776+0000] {logging_mixin.py:188} INFO - [2025-12-14T14:17:02.776+0000] {dagbag.py:545} INFO - Filling up the DagBag from /opt/airflow/dags/main.py
[2025-12-14T14:17:02.815+0000] {processor.py:840} INFO - DAG(s) 'youtube_video_stats' retrieved from /opt/airflow/dags/main.py
[2025-12-14T14:17:02.839+0000] {logging_mixin.py:188} INFO - [2025-12-14T14:17:02.839+0000] {dag.py:3096} INFO - Sync 1 DAGs
[2025-12-14T14:17:02.858+0000] {logging_mixin.py:188} INFO - [2025-12-14T14:17:02.858+0000] {dag.py:3954} INFO - Setting next_dagrun for youtube_video_stats to 2025-12-14 14:00:00+00:00, run_after=2025-12-15 14:00:00+00:00
[2025-12-14T14:17:02.877+0000] {processor.py:183} INFO - Processing /opt/airflow/dags/main.py took 0.109 seconds
[2025-12-14T14:17:33.074+0000] {processor.py:161} INFO - Started process (PID=3181) to work on /opt/airflow/dags/main.py
[2025-12-14T14:17:33.075+0000] {processor.py:830} INFO - Processing file /opt/airflow/dags/main.py for tasks to queue
[2025-12-14T14:17:33.077+0000] {logging_mixin.py:188} INFO - [2025-12-14T14:17:33.077+0000] {dagbag.py:545} INFO - Filling up the DagBag from /opt/airflow/dags/main.py
[2025-12-14T14:17:33.118+0000] {processor.py:840} INFO - DAG(s) 'youtube_video_stats' retrieved from /opt/airflow/dags/main.py
[2025-12-14T14:17:33.145+0000] {logging_mixin.py:188} INFO - [2025-12-14T14:17:33.144+0000] {dag.py:3096} INFO - Sync 1 DAGs
[2025-12-14T14:17:33.164+0000] {logging_mixin.py:188} INFO - [2025-12-14T14:17:33.164+0000] {dag.py:3954} INFO - Setting next_dagrun for youtube_video_stats to 2025-12-14 14:00:00+00:00, run_after=2025-12-15 14:00:00+00:00
[2025-12-14T14:17:33.184+0000] {processor.py:183} INFO - Processing /opt/airflow/dags/main.py took 0.115 seconds
[2025-12-14T14:18:03.258+0000] {processor.py:161} INFO - Started process (PID=3188) to work on /opt/airflow/dags/main.py
[2025-12-14T14:18:03.259+0000] {processor.py:830} INFO - Processing file /opt/airflow/dags/main.py for tasks to queue
[2025-12-14T14:18:03.261+0000] {logging_mixin.py:188} INFO - [2025-12-14T14:18:03.261+0000] {dagbag.py:545} INFO - Filling up the DagBag from /opt/airflow/dags/main.py
[2025-12-14T14:18:03.295+0000] {processor.py:840} INFO - DAG(s) 'youtube_video_stats' retrieved from /opt/airflow/dags/main.py
[2025-12-14T14:18:03.319+0000] {logging_mixin.py:188} INFO - [2025-12-14T14:18:03.319+0000] {dag.py:3096} INFO - Sync 1 DAGs
[2025-12-14T14:18:03.339+0000] {logging_mixin.py:188} INFO - [2025-12-14T14:18:03.338+0000] {dag.py:3954} INFO - Setting next_dagrun for youtube_video_stats to 2025-12-14 14:00:00+00:00, run_after=2025-12-15 14:00:00+00:00
[2025-12-14T14:18:03.358+0000] {processor.py:183} INFO - Processing /opt/airflow/dags/main.py took 0.105 seconds
[2025-12-14T14:18:33.564+0000] {processor.py:161} INFO - Started process (PID=3195) to work on /opt/airflow/dags/main.py
[2025-12-14T14:18:33.565+0000] {processor.py:830} INFO - Processing file /opt/airflow/dags/main.py for tasks to queue
[2025-12-14T14:18:33.567+0000] {logging_mixin.py:188} INFO - [2025-12-14T14:18:33.567+0000] {dagbag.py:545} INFO - Filling up the DagBag from /opt/airflow/dags/main.py
[2025-12-14T14:18:33.606+0000] {processor.py:840} INFO - DAG(s) 'youtube_video_stats' retrieved from /opt/airflow/dags/main.py
[2025-12-14T14:18:33.629+0000] {logging_mixin.py:188} INFO - [2025-12-14T14:18:33.629+0000] {dag.py:3096} INFO - Sync 1 DAGs
[2025-12-14T14:18:33.648+0000] {logging_mixin.py:188} INFO - [2025-12-14T14:18:33.648+0000] {dag.py:3954} INFO - Setting next_dagrun for youtube_video_stats to 2025-12-14 14:00:00+00:00, run_after=2025-12-15 14:00:00+00:00
[2025-12-14T14:18:33.672+0000] {processor.py:183} INFO - Processing /opt/airflow/dags/main.py took 0.113 seconds
[2025-12-14T14:19:03.786+0000] {processor.py:161} INFO - Started process (PID=3202) to work on /opt/airflow/dags/main.py
[2025-12-14T14:19:03.787+0000] {processor.py:830} INFO - Processing file /opt/airflow/dags/main.py for tasks to queue
[2025-12-14T14:19:03.788+0000] {logging_mixin.py:188} INFO - [2025-12-14T14:19:03.788+0000] {dagbag.py:545} INFO - Filling up the DagBag from /opt/airflow/dags/main.py
[2025-12-14T14:19:03.824+0000] {processor.py:840} INFO - DAG(s) 'youtube_video_stats' retrieved from /opt/airflow/dags/main.py
[2025-12-14T14:19:03.854+0000] {logging_mixin.py:188} INFO - [2025-12-14T14:19:03.854+0000] {dag.py:3096} INFO - Sync 1 DAGs
[2025-12-14T14:19:03.876+0000] {logging_mixin.py:188} INFO - [2025-12-14T14:19:03.876+0000] {dag.py:3954} INFO - Setting next_dagrun for youtube_video_stats to 2025-12-14 14:00:00+00:00, run_after=2025-12-15 14:00:00+00:00
[2025-12-14T14:19:03.892+0000] {processor.py:183} INFO - Processing /opt/airflow/dags/main.py took 0.112 seconds
[2025-12-14T14:19:34.102+0000] {processor.py:161} INFO - Started process (PID=3209) to work on /opt/airflow/dags/main.py
[2025-12-14T14:19:34.103+0000] {processor.py:830} INFO - Processing file /opt/airflow/dags/main.py for tasks to queue
[2025-12-14T14:19:34.105+0000] {logging_mixin.py:188} INFO - [2025-12-14T14:19:34.105+0000] {dagbag.py:545} INFO - Filling up the DagBag from /opt/airflow/dags/main.py
[2025-12-14T14:19:34.151+0000] {processor.py:840} INFO - DAG(s) 'youtube_video_stats' retrieved from /opt/airflow/dags/main.py
[2025-12-14T14:19:34.173+0000] {logging_mixin.py:188} INFO - [2025-12-14T14:19:34.173+0000] {dag.py:3096} INFO - Sync 1 DAGs
[2025-12-14T14:19:34.192+0000] {logging_mixin.py:188} INFO - [2025-12-14T14:19:34.192+0000] {dag.py:3954} INFO - Setting next_dagrun for youtube_video_stats to 2025-12-14 14:00:00+00:00, run_after=2025-12-15 14:00:00+00:00
[2025-12-14T14:19:34.211+0000] {processor.py:183} INFO - Processing /opt/airflow/dags/main.py took 0.114 seconds
[2025-12-14T14:20:04.336+0000] {processor.py:161} INFO - Started process (PID=3216) to work on /opt/airflow/dags/main.py
[2025-12-14T14:20:04.337+0000] {processor.py:830} INFO - Processing file /opt/airflow/dags/main.py for tasks to queue
[2025-12-14T14:20:04.339+0000] {logging_mixin.py:188} INFO - [2025-12-14T14:20:04.338+0000] {dagbag.py:545} INFO - Filling up the DagBag from /opt/airflow/dags/main.py
[2025-12-14T14:20:04.380+0000] {processor.py:840} INFO - DAG(s) 'youtube_video_stats' retrieved from /opt/airflow/dags/main.py
[2025-12-14T14:20:04.402+0000] {logging_mixin.py:188} INFO - [2025-12-14T14:20:04.402+0000] {dag.py:3096} INFO - Sync 1 DAGs
[2025-12-14T14:20:04.421+0000] {logging_mixin.py:188} INFO - [2025-12-14T14:20:04.421+0000] {dag.py:3954} INFO - Setting next_dagrun for youtube_video_stats to 2025-12-14 14:00:00+00:00, run_after=2025-12-15 14:00:00+00:00
[2025-12-14T14:20:04.440+0000] {processor.py:183} INFO - Processing /opt/airflow/dags/main.py took 0.111 seconds
[2025-12-14T14:20:34.649+0000] {processor.py:161} INFO - Started process (PID=3223) to work on /opt/airflow/dags/main.py
[2025-12-14T14:20:34.650+0000] {processor.py:830} INFO - Processing file /opt/airflow/dags/main.py for tasks to queue
[2025-12-14T14:20:34.652+0000] {logging_mixin.py:188} INFO - [2025-12-14T14:20:34.651+0000] {dagbag.py:545} INFO - Filling up the DagBag from /opt/airflow/dags/main.py
[2025-12-14T14:20:34.687+0000] {processor.py:840} INFO - DAG(s) 'youtube_video_stats' retrieved from /opt/airflow/dags/main.py
[2025-12-14T14:20:34.713+0000] {logging_mixin.py:188} INFO - [2025-12-14T14:20:34.712+0000] {dag.py:3096} INFO - Sync 1 DAGs
[2025-12-14T14:20:34.733+0000] {logging_mixin.py:188} INFO - [2025-12-14T14:20:34.733+0000] {dag.py:3954} INFO - Setting next_dagrun for youtube_video_stats to 2025-12-14 14:00:00+00:00, run_after=2025-12-15 14:00:00+00:00
[2025-12-14T14:20:34.751+0000] {processor.py:183} INFO - Processing /opt/airflow/dags/main.py took 0.108 seconds
[2025-12-14T14:21:04.870+0000] {processor.py:161} INFO - Started process (PID=3230) to work on /opt/airflow/dags/main.py
[2025-12-14T14:21:04.871+0000] {processor.py:830} INFO - Processing file /opt/airflow/dags/main.py for tasks to queue
[2025-12-14T14:21:04.873+0000] {logging_mixin.py:188} INFO - [2025-12-14T14:21:04.873+0000] {dagbag.py:545} INFO - Filling up the DagBag from /opt/airflow/dags/main.py
[2025-12-14T14:21:04.912+0000] {processor.py:840} INFO - DAG(s) 'youtube_video_stats' retrieved from /opt/airflow/dags/main.py
[2025-12-14T14:21:04.937+0000] {logging_mixin.py:188} INFO - [2025-12-14T14:21:04.937+0000] {dag.py:3096} INFO - Sync 1 DAGs
[2025-12-14T14:21:04.966+0000] {logging_mixin.py:188} INFO - [2025-12-14T14:21:04.965+0000] {dag.py:3954} INFO - Setting next_dagrun for youtube_video_stats to 2025-12-14 14:00:00+00:00, run_after=2025-12-15 14:00:00+00:00
[2025-12-14T14:21:04.990+0000] {processor.py:183} INFO - Processing /opt/airflow/dags/main.py took 0.125 seconds
[2025-12-14T14:21:35.212+0000] {processor.py:161} INFO - Started process (PID=3237) to work on /opt/airflow/dags/main.py
[2025-12-14T14:21:35.213+0000] {processor.py:830} INFO - Processing file /opt/airflow/dags/main.py for tasks to queue
[2025-12-14T14:21:35.215+0000] {logging_mixin.py:188} INFO - [2025-12-14T14:21:35.215+0000] {dagbag.py:545} INFO - Filling up the DagBag from /opt/airflow/dags/main.py
[2025-12-14T14:21:35.274+0000] {processor.py:840} INFO - DAG(s) 'youtube_video_stats' retrieved from /opt/airflow/dags/main.py
[2025-12-14T14:21:35.298+0000] {logging_mixin.py:188} INFO - [2025-12-14T14:21:35.298+0000] {dag.py:3096} INFO - Sync 1 DAGs
[2025-12-14T14:21:35.317+0000] {logging_mixin.py:188} INFO - [2025-12-14T14:21:35.317+0000] {dag.py:3954} INFO - Setting next_dagrun for youtube_video_stats to 2025-12-14 14:00:00+00:00, run_after=2025-12-15 14:00:00+00:00
[2025-12-14T14:21:35.341+0000] {processor.py:183} INFO - Processing /opt/airflow/dags/main.py took 0.134 seconds
[2025-12-14T14:22:05.407+0000] {processor.py:161} INFO - Started process (PID=3244) to work on /opt/airflow/dags/main.py
[2025-12-14T14:22:05.408+0000] {processor.py:830} INFO - Processing file /opt/airflow/dags/main.py for tasks to queue
[2025-12-14T14:22:05.410+0000] {logging_mixin.py:188} INFO - [2025-12-14T14:22:05.410+0000] {dagbag.py:545} INFO - Filling up the DagBag from /opt/airflow/dags/main.py
[2025-12-14T14:22:05.442+0000] {processor.py:840} INFO - DAG(s) 'youtube_video_stats' retrieved from /opt/airflow/dags/main.py
[2025-12-14T14:22:05.465+0000] {logging_mixin.py:188} INFO - [2025-12-14T14:22:05.465+0000] {dag.py:3096} INFO - Sync 1 DAGs
[2025-12-14T14:22:05.488+0000] {logging_mixin.py:188} INFO - [2025-12-14T14:22:05.487+0000] {dag.py:3954} INFO - Setting next_dagrun for youtube_video_stats to 2025-12-14 14:00:00+00:00, run_after=2025-12-15 14:00:00+00:00
[2025-12-14T14:22:05.507+0000] {processor.py:183} INFO - Processing /opt/airflow/dags/main.py took 0.105 seconds
[2025-12-14T14:22:35.733+0000] {processor.py:161} INFO - Started process (PID=3251) to work on /opt/airflow/dags/main.py
[2025-12-14T14:22:35.734+0000] {processor.py:830} INFO - Processing file /opt/airflow/dags/main.py for tasks to queue
[2025-12-14T14:22:35.736+0000] {logging_mixin.py:188} INFO - [2025-12-14T14:22:35.736+0000] {dagbag.py:545} INFO - Filling up the DagBag from /opt/airflow/dags/main.py
[2025-12-14T14:22:35.795+0000] {processor.py:840} INFO - DAG(s) 'youtube_video_stats' retrieved from /opt/airflow/dags/main.py
[2025-12-14T14:22:35.820+0000] {logging_mixin.py:188} INFO - [2025-12-14T14:22:35.820+0000] {dag.py:3096} INFO - Sync 1 DAGs
[2025-12-14T14:22:35.838+0000] {logging_mixin.py:188} INFO - [2025-12-14T14:22:35.838+0000] {dag.py:3954} INFO - Setting next_dagrun for youtube_video_stats to 2025-12-14 14:00:00+00:00, run_after=2025-12-15 14:00:00+00:00
[2025-12-14T14:22:35.855+0000] {processor.py:183} INFO - Processing /opt/airflow/dags/main.py took 0.128 seconds
[2025-12-14T14:23:05.920+0000] {processor.py:161} INFO - Started process (PID=3259) to work on /opt/airflow/dags/main.py
[2025-12-14T14:23:05.922+0000] {processor.py:830} INFO - Processing file /opt/airflow/dags/main.py for tasks to queue
[2025-12-14T14:23:05.923+0000] {logging_mixin.py:188} INFO - [2025-12-14T14:23:05.923+0000] {dagbag.py:545} INFO - Filling up the DagBag from /opt/airflow/dags/main.py
[2025-12-14T14:23:05.963+0000] {processor.py:840} INFO - DAG(s) 'youtube_video_stats' retrieved from /opt/airflow/dags/main.py
[2025-12-14T14:23:05.987+0000] {logging_mixin.py:188} INFO - [2025-12-14T14:23:05.987+0000] {dag.py:3096} INFO - Sync 1 DAGs
[2025-12-14T14:23:06.006+0000] {logging_mixin.py:188} INFO - [2025-12-14T14:23:06.006+0000] {dag.py:3954} INFO - Setting next_dagrun for youtube_video_stats to 2025-12-14 14:00:00+00:00, run_after=2025-12-15 14:00:00+00:00
[2025-12-14T14:23:06.031+0000] {processor.py:183} INFO - Processing /opt/airflow/dags/main.py took 0.116 seconds
[2025-12-14T14:23:36.117+0000] {processor.py:161} INFO - Started process (PID=3266) to work on /opt/airflow/dags/main.py
[2025-12-14T14:23:36.118+0000] {processor.py:830} INFO - Processing file /opt/airflow/dags/main.py for tasks to queue
[2025-12-14T14:23:36.120+0000] {logging_mixin.py:188} INFO - [2025-12-14T14:23:36.119+0000] {dagbag.py:545} INFO - Filling up the DagBag from /opt/airflow/dags/main.py
[2025-12-14T14:23:36.152+0000] {processor.py:840} INFO - DAG(s) 'youtube_video_stats' retrieved from /opt/airflow/dags/main.py
[2025-12-14T14:23:36.175+0000] {logging_mixin.py:188} INFO - [2025-12-14T14:23:36.174+0000] {dag.py:3096} INFO - Sync 1 DAGs
[2025-12-14T14:23:36.193+0000] {logging_mixin.py:188} INFO - [2025-12-14T14:23:36.192+0000] {dag.py:3954} INFO - Setting next_dagrun for youtube_video_stats to 2025-12-14 14:00:00+00:00, run_after=2025-12-15 14:00:00+00:00
[2025-12-14T14:23:36.212+0000] {processor.py:183} INFO - Processing /opt/airflow/dags/main.py took 0.101 seconds
[2025-12-14T14:24:06.429+0000] {processor.py:161} INFO - Started process (PID=3273) to work on /opt/airflow/dags/main.py
[2025-12-14T14:24:06.430+0000] {processor.py:830} INFO - Processing file /opt/airflow/dags/main.py for tasks to queue
[2025-12-14T14:24:06.431+0000] {logging_mixin.py:188} INFO - [2025-12-14T14:24:06.431+0000] {dagbag.py:545} INFO - Filling up the DagBag from /opt/airflow/dags/main.py
[2025-12-14T14:24:06.468+0000] {processor.py:840} INFO - DAG(s) 'youtube_video_stats' retrieved from /opt/airflow/dags/main.py
[2025-12-14T14:24:06.491+0000] {logging_mixin.py:188} INFO - [2025-12-14T14:24:06.491+0000] {dag.py:3096} INFO - Sync 1 DAGs
[2025-12-14T14:24:06.508+0000] {logging_mixin.py:188} INFO - [2025-12-14T14:24:06.508+0000] {dag.py:3954} INFO - Setting next_dagrun for youtube_video_stats to 2025-12-14 14:00:00+00:00, run_after=2025-12-15 14:00:00+00:00
[2025-12-14T14:24:06.534+0000] {processor.py:183} INFO - Processing /opt/airflow/dags/main.py took 0.110 seconds
[2025-12-14T14:24:36.660+0000] {processor.py:161} INFO - Started process (PID=3280) to work on /opt/airflow/dags/main.py
[2025-12-14T14:24:36.661+0000] {processor.py:830} INFO - Processing file /opt/airflow/dags/main.py for tasks to queue
[2025-12-14T14:24:36.663+0000] {logging_mixin.py:188} INFO - [2025-12-14T14:24:36.663+0000] {dagbag.py:545} INFO - Filling up the DagBag from /opt/airflow/dags/main.py
[2025-12-14T14:24:36.709+0000] {processor.py:840} INFO - DAG(s) 'youtube_video_stats' retrieved from /opt/airflow/dags/main.py
[2025-12-14T14:24:36.736+0000] {logging_mixin.py:188} INFO - [2025-12-14T14:24:36.736+0000] {dag.py:3096} INFO - Sync 1 DAGs
[2025-12-14T14:24:36.758+0000] {logging_mixin.py:188} INFO - [2025-12-14T14:24:36.758+0000] {dag.py:3954} INFO - Setting next_dagrun for youtube_video_stats to 2025-12-14 14:00:00+00:00, run_after=2025-12-15 14:00:00+00:00
[2025-12-14T14:24:36.782+0000] {processor.py:183} INFO - Processing /opt/airflow/dags/main.py took 0.130 seconds
[2025-12-14T14:25:06.920+0000] {processor.py:161} INFO - Started process (PID=3288) to work on /opt/airflow/dags/main.py
[2025-12-14T14:25:06.921+0000] {processor.py:830} INFO - Processing file /opt/airflow/dags/main.py for tasks to queue
[2025-12-14T14:25:06.923+0000] {logging_mixin.py:188} INFO - [2025-12-14T14:25:06.922+0000] {dagbag.py:545} INFO - Filling up the DagBag from /opt/airflow/dags/main.py
[2025-12-14T14:25:06.965+0000] {processor.py:840} INFO - DAG(s) 'youtube_video_stats' retrieved from /opt/airflow/dags/main.py
[2025-12-14T14:25:06.989+0000] {logging_mixin.py:188} INFO - [2025-12-14T14:25:06.988+0000] {dag.py:3096} INFO - Sync 1 DAGs
[2025-12-14T14:25:07.009+0000] {logging_mixin.py:188} INFO - [2025-12-14T14:25:07.009+0000] {dag.py:3954} INFO - Setting next_dagrun for youtube_video_stats to 2025-12-14 14:00:00+00:00, run_after=2025-12-15 14:00:00+00:00
[2025-12-14T14:25:07.036+0000] {processor.py:183} INFO - Processing /opt/airflow/dags/main.py took 0.121 seconds
[2025-12-14T14:25:37.177+0000] {processor.py:161} INFO - Started process (PID=3295) to work on /opt/airflow/dags/main.py
[2025-12-14T14:25:37.179+0000] {processor.py:830} INFO - Processing file /opt/airflow/dags/main.py for tasks to queue
[2025-12-14T14:25:37.181+0000] {logging_mixin.py:188} INFO - [2025-12-14T14:25:37.181+0000] {dagbag.py:545} INFO - Filling up the DagBag from /opt/airflow/dags/main.py
[2025-12-14T14:25:37.224+0000] {processor.py:840} INFO - DAG(s) 'youtube_video_stats' retrieved from /opt/airflow/dags/main.py
[2025-12-14T14:25:37.250+0000] {logging_mixin.py:188} INFO - [2025-12-14T14:25:37.250+0000] {dag.py:3096} INFO - Sync 1 DAGs
[2025-12-14T14:25:37.271+0000] {logging_mixin.py:188} INFO - [2025-12-14T14:25:37.271+0000] {dag.py:3954} INFO - Setting next_dagrun for youtube_video_stats to 2025-12-14 14:00:00+00:00, run_after=2025-12-15 14:00:00+00:00
[2025-12-14T14:25:37.294+0000] {processor.py:183} INFO - Processing /opt/airflow/dags/main.py took 0.127 seconds
[2025-12-14T14:26:07.457+0000] {processor.py:161} INFO - Started process (PID=3302) to work on /opt/airflow/dags/main.py
[2025-12-14T14:26:07.458+0000] {processor.py:830} INFO - Processing file /opt/airflow/dags/main.py for tasks to queue
[2025-12-14T14:26:07.459+0000] {logging_mixin.py:188} INFO - [2025-12-14T14:26:07.459+0000] {dagbag.py:545} INFO - Filling up the DagBag from /opt/airflow/dags/main.py
[2025-12-14T14:26:07.499+0000] {processor.py:840} INFO - DAG(s) 'youtube_video_stats' retrieved from /opt/airflow/dags/main.py
[2025-12-14T14:26:07.534+0000] {logging_mixin.py:188} INFO - [2025-12-14T14:26:07.533+0000] {dag.py:3096} INFO - Sync 1 DAGs
[2025-12-14T14:26:07.552+0000] {logging_mixin.py:188} INFO - [2025-12-14T14:26:07.552+0000] {dag.py:3954} INFO - Setting next_dagrun for youtube_video_stats to 2025-12-14 14:00:00+00:00, run_after=2025-12-15 14:00:00+00:00
[2025-12-14T14:26:07.569+0000] {processor.py:183} INFO - Processing /opt/airflow/dags/main.py took 0.118 seconds
[2025-12-14T14:26:37.731+0000] {processor.py:161} INFO - Started process (PID=3309) to work on /opt/airflow/dags/main.py
[2025-12-14T14:26:37.732+0000] {processor.py:830} INFO - Processing file /opt/airflow/dags/main.py for tasks to queue
[2025-12-14T14:26:37.734+0000] {logging_mixin.py:188} INFO - [2025-12-14T14:26:37.734+0000] {dagbag.py:545} INFO - Filling up the DagBag from /opt/airflow/dags/main.py
[2025-12-14T14:26:37.772+0000] {processor.py:840} INFO - DAG(s) 'youtube_video_stats' retrieved from /opt/airflow/dags/main.py
[2025-12-14T14:26:37.799+0000] {logging_mixin.py:188} INFO - [2025-12-14T14:26:37.799+0000] {dag.py:3096} INFO - Sync 1 DAGs
[2025-12-14T14:26:37.820+0000] {logging_mixin.py:188} INFO - [2025-12-14T14:26:37.820+0000] {dag.py:3954} INFO - Setting next_dagrun for youtube_video_stats to 2025-12-14 14:00:00+00:00, run_after=2025-12-15 14:00:00+00:00
[2025-12-14T14:26:37.840+0000] {processor.py:183} INFO - Processing /opt/airflow/dags/main.py took 0.116 seconds
[2025-12-14T14:27:07.967+0000] {processor.py:161} INFO - Started process (PID=3316) to work on /opt/airflow/dags/main.py
[2025-12-14T14:27:07.968+0000] {processor.py:830} INFO - Processing file /opt/airflow/dags/main.py for tasks to queue
[2025-12-14T14:27:07.969+0000] {logging_mixin.py:188} INFO - [2025-12-14T14:27:07.969+0000] {dagbag.py:545} INFO - Filling up the DagBag from /opt/airflow/dags/main.py
[2025-12-14T14:27:08.008+0000] {processor.py:840} INFO - DAG(s) 'youtube_video_stats' retrieved from /opt/airflow/dags/main.py
[2025-12-14T14:27:08.033+0000] {logging_mixin.py:188} INFO - [2025-12-14T14:27:08.032+0000] {dag.py:3096} INFO - Sync 1 DAGs
[2025-12-14T14:27:08.064+0000] {logging_mixin.py:188} INFO - [2025-12-14T14:27:08.064+0000] {dag.py:3954} INFO - Setting next_dagrun for youtube_video_stats to 2025-12-14 14:00:00+00:00, run_after=2025-12-15 14:00:00+00:00
[2025-12-14T14:27:08.093+0000] {processor.py:183} INFO - Processing /opt/airflow/dags/main.py took 0.133 seconds
[2025-12-14T14:27:38.246+0000] {processor.py:161} INFO - Started process (PID=3323) to work on /opt/airflow/dags/main.py
[2025-12-14T14:27:38.248+0000] {processor.py:830} INFO - Processing file /opt/airflow/dags/main.py for tasks to queue
[2025-12-14T14:27:38.252+0000] {logging_mixin.py:188} INFO - [2025-12-14T14:27:38.252+0000] {dagbag.py:545} INFO - Filling up the DagBag from /opt/airflow/dags/main.py
[2025-12-14T14:27:38.308+0000] {processor.py:840} INFO - DAG(s) 'youtube_video_stats' retrieved from /opt/airflow/dags/main.py
[2025-12-14T14:27:38.334+0000] {logging_mixin.py:188} INFO - [2025-12-14T14:27:38.334+0000] {dag.py:3096} INFO - Sync 1 DAGs
[2025-12-14T14:27:38.355+0000] {logging_mixin.py:188} INFO - [2025-12-14T14:27:38.355+0000] {dag.py:3954} INFO - Setting next_dagrun for youtube_video_stats to 2025-12-14 14:00:00+00:00, run_after=2025-12-15 14:00:00+00:00
[2025-12-14T14:27:38.376+0000] {processor.py:183} INFO - Processing /opt/airflow/dags/main.py took 0.135 seconds
[2025-12-14T14:28:08.501+0000] {processor.py:161} INFO - Started process (PID=3330) to work on /opt/airflow/dags/main.py
[2025-12-14T14:28:08.502+0000] {processor.py:830} INFO - Processing file /opt/airflow/dags/main.py for tasks to queue
[2025-12-14T14:28:08.504+0000] {logging_mixin.py:188} INFO - [2025-12-14T14:28:08.504+0000] {dagbag.py:545} INFO - Filling up the DagBag from /opt/airflow/dags/main.py
[2025-12-14T14:28:08.538+0000] {processor.py:840} INFO - DAG(s) 'youtube_video_stats' retrieved from /opt/airflow/dags/main.py
[2025-12-14T14:28:08.562+0000] {logging_mixin.py:188} INFO - [2025-12-14T14:28:08.562+0000] {dag.py:3096} INFO - Sync 1 DAGs
[2025-12-14T14:28:08.580+0000] {logging_mixin.py:188} INFO - [2025-12-14T14:28:08.580+0000] {dag.py:3954} INFO - Setting next_dagrun for youtube_video_stats to 2025-12-14 14:00:00+00:00, run_after=2025-12-15 14:00:00+00:00
[2025-12-14T14:28:08.602+0000] {processor.py:183} INFO - Processing /opt/airflow/dags/main.py took 0.106 seconds
[2025-12-14T14:28:38.768+0000] {processor.py:161} INFO - Started process (PID=3337) to work on /opt/airflow/dags/main.py
[2025-12-14T14:28:38.769+0000] {processor.py:830} INFO - Processing file /opt/airflow/dags/main.py for tasks to queue
[2025-12-14T14:28:38.771+0000] {logging_mixin.py:188} INFO - [2025-12-14T14:28:38.770+0000] {dagbag.py:545} INFO - Filling up the DagBag from /opt/airflow/dags/main.py
[2025-12-14T14:28:38.816+0000] {processor.py:840} INFO - DAG(s) 'youtube_video_stats' retrieved from /opt/airflow/dags/main.py
[2025-12-14T14:28:38.843+0000] {logging_mixin.py:188} INFO - [2025-12-14T14:28:38.843+0000] {dag.py:3096} INFO - Sync 1 DAGs
[2025-12-14T14:28:38.862+0000] {logging_mixin.py:188} INFO - [2025-12-14T14:28:38.862+0000] {dag.py:3954} INFO - Setting next_dagrun for youtube_video_stats to 2025-12-14 14:00:00+00:00, run_after=2025-12-15 14:00:00+00:00
[2025-12-14T14:28:38.886+0000] {processor.py:183} INFO - Processing /opt/airflow/dags/main.py took 0.123 seconds
[2025-12-14T14:29:08.992+0000] {processor.py:161} INFO - Started process (PID=3344) to work on /opt/airflow/dags/main.py
[2025-12-14T14:29:08.994+0000] {processor.py:830} INFO - Processing file /opt/airflow/dags/main.py for tasks to queue
[2025-12-14T14:29:08.995+0000] {logging_mixin.py:188} INFO - [2025-12-14T14:29:08.995+0000] {dagbag.py:545} INFO - Filling up the DagBag from /opt/airflow/dags/main.py
[2025-12-14T14:29:09.030+0000] {processor.py:840} INFO - DAG(s) 'youtube_video_stats' retrieved from /opt/airflow/dags/main.py
[2025-12-14T14:29:09.056+0000] {logging_mixin.py:188} INFO - [2025-12-14T14:29:09.056+0000] {dag.py:3096} INFO - Sync 1 DAGs
[2025-12-14T14:29:09.074+0000] {logging_mixin.py:188} INFO - [2025-12-14T14:29:09.074+0000] {dag.py:3954} INFO - Setting next_dagrun for youtube_video_stats to 2025-12-14 14:00:00+00:00, run_after=2025-12-15 14:00:00+00:00
[2025-12-14T14:29:09.094+0000] {processor.py:183} INFO - Processing /opt/airflow/dags/main.py took 0.107 seconds
[2025-12-14T14:29:39.304+0000] {processor.py:161} INFO - Started process (PID=3351) to work on /opt/airflow/dags/main.py
[2025-12-14T14:29:39.305+0000] {processor.py:830} INFO - Processing file /opt/airflow/dags/main.py for tasks to queue
[2025-12-14T14:29:39.307+0000] {logging_mixin.py:188} INFO - [2025-12-14T14:29:39.306+0000] {dagbag.py:545} INFO - Filling up the DagBag from /opt/airflow/dags/main.py
[2025-12-14T14:29:39.340+0000] {processor.py:840} INFO - DAG(s) 'youtube_video_stats' retrieved from /opt/airflow/dags/main.py
[2025-12-14T14:29:39.361+0000] {logging_mixin.py:188} INFO - [2025-12-14T14:29:39.361+0000] {dag.py:3096} INFO - Sync 1 DAGs
[2025-12-14T14:29:39.379+0000] {logging_mixin.py:188} INFO - [2025-12-14T14:29:39.378+0000] {dag.py:3954} INFO - Setting next_dagrun for youtube_video_stats to 2025-12-14 14:00:00+00:00, run_after=2025-12-15 14:00:00+00:00
[2025-12-14T14:29:39.400+0000] {processor.py:183} INFO - Processing /opt/airflow/dags/main.py took 0.101 seconds
[2025-12-14T14:30:09.529+0000] {processor.py:161} INFO - Started process (PID=3358) to work on /opt/airflow/dags/main.py
[2025-12-14T14:30:09.530+0000] {processor.py:830} INFO - Processing file /opt/airflow/dags/main.py for tasks to queue
[2025-12-14T14:30:09.532+0000] {logging_mixin.py:188} INFO - [2025-12-14T14:30:09.531+0000] {dagbag.py:545} INFO - Filling up the DagBag from /opt/airflow/dags/main.py
[2025-12-14T14:30:09.565+0000] {processor.py:840} INFO - DAG(s) 'youtube_video_stats' retrieved from /opt/airflow/dags/main.py
[2025-12-14T14:30:09.585+0000] {logging_mixin.py:188} INFO - [2025-12-14T14:30:09.585+0000] {dag.py:3096} INFO - Sync 1 DAGs
[2025-12-14T14:30:09.603+0000] {logging_mixin.py:188} INFO - [2025-12-14T14:30:09.603+0000] {dag.py:3954} INFO - Setting next_dagrun for youtube_video_stats to 2025-12-14 14:00:00+00:00, run_after=2025-12-15 14:00:00+00:00
[2025-12-14T14:30:09.621+0000] {processor.py:183} INFO - Processing /opt/airflow/dags/main.py took 0.097 seconds
[2025-12-14T14:30:39.794+0000] {processor.py:161} INFO - Started process (PID=3365) to work on /opt/airflow/dags/main.py
[2025-12-14T14:30:39.795+0000] {processor.py:830} INFO - Processing file /opt/airflow/dags/main.py for tasks to queue
[2025-12-14T14:30:39.797+0000] {logging_mixin.py:188} INFO - [2025-12-14T14:30:39.797+0000] {dagbag.py:545} INFO - Filling up the DagBag from /opt/airflow/dags/main.py
[2025-12-14T14:30:39.832+0000] {processor.py:840} INFO - DAG(s) 'youtube_video_stats' retrieved from /opt/airflow/dags/main.py
[2025-12-14T14:30:39.855+0000] {logging_mixin.py:188} INFO - [2025-12-14T14:30:39.855+0000] {dag.py:3096} INFO - Sync 1 DAGs
[2025-12-14T14:30:39.876+0000] {logging_mixin.py:188} INFO - [2025-12-14T14:30:39.876+0000] {dag.py:3954} INFO - Setting next_dagrun for youtube_video_stats to 2025-12-14 14:00:00+00:00, run_after=2025-12-15 14:00:00+00:00
[2025-12-14T14:30:39.890+0000] {processor.py:183} INFO - Processing /opt/airflow/dags/main.py took 0.101 seconds
[2025-12-14T14:31:10.025+0000] {processor.py:161} INFO - Started process (PID=3372) to work on /opt/airflow/dags/main.py
[2025-12-14T14:31:10.027+0000] {processor.py:830} INFO - Processing file /opt/airflow/dags/main.py for tasks to queue
[2025-12-14T14:31:10.029+0000] {logging_mixin.py:188} INFO - [2025-12-14T14:31:10.029+0000] {dagbag.py:545} INFO - Filling up the DagBag from /opt/airflow/dags/main.py
[2025-12-14T14:31:10.075+0000] {processor.py:840} INFO - DAG(s) 'youtube_video_stats' retrieved from /opt/airflow/dags/main.py
[2025-12-14T14:31:10.100+0000] {logging_mixin.py:188} INFO - [2025-12-14T14:31:10.100+0000] {dag.py:3096} INFO - Sync 1 DAGs
[2025-12-14T14:31:10.121+0000] {logging_mixin.py:188} INFO - [2025-12-14T14:31:10.121+0000] {dag.py:3954} INFO - Setting next_dagrun for youtube_video_stats to 2025-12-14 14:00:00+00:00, run_after=2025-12-15 14:00:00+00:00
[2025-12-14T14:31:10.137+0000] {processor.py:183} INFO - Processing /opt/airflow/dags/main.py took 0.118 seconds
[2025-12-14T14:31:40.450+0000] {processor.py:161} INFO - Started process (PID=3379) to work on /opt/airflow/dags/main.py
[2025-12-14T14:31:40.453+0000] {processor.py:830} INFO - Processing file /opt/airflow/dags/main.py for tasks to queue
[2025-12-14T14:31:40.455+0000] {logging_mixin.py:188} INFO - [2025-12-14T14:31:40.455+0000] {dagbag.py:545} INFO - Filling up the DagBag from /opt/airflow/dags/main.py
[2025-12-14T14:31:40.509+0000] {processor.py:840} INFO - DAG(s) 'youtube_video_stats' retrieved from /opt/airflow/dags/main.py
[2025-12-14T14:31:40.538+0000] {logging_mixin.py:188} INFO - [2025-12-14T14:31:40.538+0000] {dag.py:3096} INFO - Sync 1 DAGs
[2025-12-14T14:31:40.559+0000] {logging_mixin.py:188} INFO - [2025-12-14T14:31:40.559+0000] {dag.py:3954} INFO - Setting next_dagrun for youtube_video_stats to 2025-12-14 14:00:00+00:00, run_after=2025-12-15 14:00:00+00:00
[2025-12-14T14:31:40.582+0000] {processor.py:183} INFO - Processing /opt/airflow/dags/main.py took 0.146 seconds
[2025-12-14T14:32:10.676+0000] {processor.py:161} INFO - Started process (PID=3386) to work on /opt/airflow/dags/main.py
[2025-12-14T14:32:10.677+0000] {processor.py:830} INFO - Processing file /opt/airflow/dags/main.py for tasks to queue
[2025-12-14T14:32:10.679+0000] {logging_mixin.py:188} INFO - [2025-12-14T14:32:10.679+0000] {dagbag.py:545} INFO - Filling up the DagBag from /opt/airflow/dags/main.py
[2025-12-14T14:32:10.711+0000] {processor.py:840} INFO - DAG(s) 'youtube_video_stats' retrieved from /opt/airflow/dags/main.py
[2025-12-14T14:32:10.735+0000] {logging_mixin.py:188} INFO - [2025-12-14T14:32:10.734+0000] {dag.py:3096} INFO - Sync 1 DAGs
[2025-12-14T14:32:10.753+0000] {logging_mixin.py:188} INFO - [2025-12-14T14:32:10.753+0000] {dag.py:3954} INFO - Setting next_dagrun for youtube_video_stats to 2025-12-14 14:00:00+00:00, run_after=2025-12-15 14:00:00+00:00
[2025-12-14T14:32:10.770+0000] {processor.py:183} INFO - Processing /opt/airflow/dags/main.py took 0.100 seconds
[2025-12-14T14:32:40.953+0000] {processor.py:161} INFO - Started process (PID=3393) to work on /opt/airflow/dags/main.py
[2025-12-14T14:32:40.954+0000] {processor.py:830} INFO - Processing file /opt/airflow/dags/main.py for tasks to queue
[2025-12-14T14:32:40.956+0000] {logging_mixin.py:188} INFO - [2025-12-14T14:32:40.956+0000] {dagbag.py:545} INFO - Filling up the DagBag from /opt/airflow/dags/main.py
[2025-12-14T14:32:40.995+0000] {processor.py:840} INFO - DAG(s) 'youtube_video_stats' retrieved from /opt/airflow/dags/main.py
[2025-12-14T14:32:41.018+0000] {logging_mixin.py:188} INFO - [2025-12-14T14:32:41.018+0000] {dag.py:3096} INFO - Sync 1 DAGs
[2025-12-14T14:32:41.036+0000] {logging_mixin.py:188} INFO - [2025-12-14T14:32:41.036+0000] {dag.py:3954} INFO - Setting next_dagrun for youtube_video_stats to 2025-12-14 14:00:00+00:00, run_after=2025-12-15 14:00:00+00:00
[2025-12-14T14:32:41.062+0000] {processor.py:183} INFO - Processing /opt/airflow/dags/main.py took 0.114 seconds
[2025-12-14T14:33:11.151+0000] {processor.py:161} INFO - Started process (PID=3400) to work on /opt/airflow/dags/main.py
[2025-12-14T14:33:11.152+0000] {processor.py:830} INFO - Processing file /opt/airflow/dags/main.py for tasks to queue
[2025-12-14T14:33:11.154+0000] {logging_mixin.py:188} INFO - [2025-12-14T14:33:11.154+0000] {dagbag.py:545} INFO - Filling up the DagBag from /opt/airflow/dags/main.py
[2025-12-14T14:33:11.200+0000] {processor.py:840} INFO - DAG(s) 'youtube_video_stats' retrieved from /opt/airflow/dags/main.py
[2025-12-14T14:33:11.225+0000] {logging_mixin.py:188} INFO - [2025-12-14T14:33:11.225+0000] {dag.py:3096} INFO - Sync 1 DAGs
[2025-12-14T14:33:11.246+0000] {logging_mixin.py:188} INFO - [2025-12-14T14:33:11.246+0000] {dag.py:3954} INFO - Setting next_dagrun for youtube_video_stats to 2025-12-14 14:00:00+00:00, run_after=2025-12-15 14:00:00+00:00
[2025-12-14T14:33:11.264+0000] {processor.py:183} INFO - Processing /opt/airflow/dags/main.py took 0.119 seconds
[2025-12-14T14:33:41.477+0000] {processor.py:161} INFO - Started process (PID=3407) to work on /opt/airflow/dags/main.py
[2025-12-14T14:33:41.478+0000] {processor.py:830} INFO - Processing file /opt/airflow/dags/main.py for tasks to queue
[2025-12-14T14:33:41.480+0000] {logging_mixin.py:188} INFO - [2025-12-14T14:33:41.480+0000] {dagbag.py:545} INFO - Filling up the DagBag from /opt/airflow/dags/main.py
[2025-12-14T14:33:41.523+0000] {processor.py:840} INFO - DAG(s) 'youtube_video_stats' retrieved from /opt/airflow/dags/main.py
[2025-12-14T14:33:41.555+0000] {logging_mixin.py:188} INFO - [2025-12-14T14:33:41.554+0000] {dag.py:3096} INFO - Sync 1 DAGs
[2025-12-14T14:33:41.577+0000] {logging_mixin.py:188} INFO - [2025-12-14T14:33:41.577+0000] {dag.py:3954} INFO - Setting next_dagrun for youtube_video_stats to 2025-12-14 14:00:00+00:00, run_after=2025-12-15 14:00:00+00:00
[2025-12-14T14:33:41.600+0000] {processor.py:183} INFO - Processing /opt/airflow/dags/main.py took 0.129 seconds
[2025-12-14T14:34:11.687+0000] {processor.py:161} INFO - Started process (PID=3414) to work on /opt/airflow/dags/main.py
[2025-12-14T14:34:11.688+0000] {processor.py:830} INFO - Processing file /opt/airflow/dags/main.py for tasks to queue
[2025-12-14T14:34:11.689+0000] {logging_mixin.py:188} INFO - [2025-12-14T14:34:11.689+0000] {dagbag.py:545} INFO - Filling up the DagBag from /opt/airflow/dags/main.py
[2025-12-14T14:34:11.737+0000] {processor.py:840} INFO - DAG(s) 'youtube_video_stats' retrieved from /opt/airflow/dags/main.py
[2025-12-14T14:34:11.762+0000] {logging_mixin.py:188} INFO - [2025-12-14T14:34:11.762+0000] {dag.py:3096} INFO - Sync 1 DAGs
[2025-12-14T14:34:11.779+0000] {logging_mixin.py:188} INFO - [2025-12-14T14:34:11.779+0000] {dag.py:3954} INFO - Setting next_dagrun for youtube_video_stats to 2025-12-14 14:00:00+00:00, run_after=2025-12-15 14:00:00+00:00
[2025-12-14T14:34:11.801+0000] {processor.py:183} INFO - Processing /opt/airflow/dags/main.py took 0.119 seconds
[2025-12-14T14:34:41.905+0000] {processor.py:161} INFO - Started process (PID=3421) to work on /opt/airflow/dags/main.py
[2025-12-14T14:34:41.906+0000] {processor.py:830} INFO - Processing file /opt/airflow/dags/main.py for tasks to queue
[2025-12-14T14:34:41.908+0000] {logging_mixin.py:188} INFO - [2025-12-14T14:34:41.908+0000] {dagbag.py:545} INFO - Filling up the DagBag from /opt/airflow/dags/main.py
[2025-12-14T14:34:41.947+0000] {processor.py:840} INFO - DAG(s) 'youtube_video_stats' retrieved from /opt/airflow/dags/main.py
[2025-12-14T14:34:41.973+0000] {logging_mixin.py:188} INFO - [2025-12-14T14:34:41.973+0000] {dag.py:3096} INFO - Sync 1 DAGs
[2025-12-14T14:34:41.992+0000] {logging_mixin.py:188} INFO - [2025-12-14T14:34:41.992+0000] {dag.py:3954} INFO - Setting next_dagrun for youtube_video_stats to 2025-12-14 14:00:00+00:00, run_after=2025-12-15 14:00:00+00:00
[2025-12-14T14:34:42.014+0000] {processor.py:183} INFO - Processing /opt/airflow/dags/main.py took 0.114 seconds
[2025-12-14T14:35:12.249+0000] {processor.py:161} INFO - Started process (PID=3428) to work on /opt/airflow/dags/main.py
[2025-12-14T14:35:12.250+0000] {processor.py:830} INFO - Processing file /opt/airflow/dags/main.py for tasks to queue
[2025-12-14T14:35:12.252+0000] {logging_mixin.py:188} INFO - [2025-12-14T14:35:12.251+0000] {dagbag.py:545} INFO - Filling up the DagBag from /opt/airflow/dags/main.py
[2025-12-14T14:35:12.284+0000] {processor.py:840} INFO - DAG(s) 'youtube_video_stats' retrieved from /opt/airflow/dags/main.py
[2025-12-14T14:35:12.306+0000] {logging_mixin.py:188} INFO - [2025-12-14T14:35:12.306+0000] {dag.py:3096} INFO - Sync 1 DAGs
[2025-12-14T14:35:12.325+0000] {logging_mixin.py:188} INFO - [2025-12-14T14:35:12.325+0000] {dag.py:3954} INFO - Setting next_dagrun for youtube_video_stats to 2025-12-14 14:00:00+00:00, run_after=2025-12-15 14:00:00+00:00
[2025-12-14T14:35:12.350+0000] {processor.py:183} INFO - Processing /opt/airflow/dags/main.py took 0.106 seconds
[2025-12-14T14:35:42.448+0000] {processor.py:161} INFO - Started process (PID=3435) to work on /opt/airflow/dags/main.py
[2025-12-14T14:35:42.449+0000] {processor.py:830} INFO - Processing file /opt/airflow/dags/main.py for tasks to queue
[2025-12-14T14:35:42.451+0000] {logging_mixin.py:188} INFO - [2025-12-14T14:35:42.450+0000] {dagbag.py:545} INFO - Filling up the DagBag from /opt/airflow/dags/main.py
[2025-12-14T14:35:42.490+0000] {processor.py:840} INFO - DAG(s) 'youtube_video_stats' retrieved from /opt/airflow/dags/main.py
[2025-12-14T14:35:42.514+0000] {logging_mixin.py:188} INFO - [2025-12-14T14:35:42.514+0000] {dag.py:3096} INFO - Sync 1 DAGs
[2025-12-14T14:35:42.532+0000] {logging_mixin.py:188} INFO - [2025-12-14T14:35:42.532+0000] {dag.py:3954} INFO - Setting next_dagrun for youtube_video_stats to 2025-12-14 14:00:00+00:00, run_after=2025-12-15 14:00:00+00:00
[2025-12-14T14:35:42.552+0000] {processor.py:183} INFO - Processing /opt/airflow/dags/main.py took 0.110 seconds
[2025-12-14T14:36:12.829+0000] {processor.py:161} INFO - Started process (PID=3448) to work on /opt/airflow/dags/main.py
[2025-12-14T14:36:12.830+0000] {processor.py:830} INFO - Processing file /opt/airflow/dags/main.py for tasks to queue
[2025-12-14T14:36:12.831+0000] {logging_mixin.py:188} INFO - [2025-12-14T14:36:12.831+0000] {dagbag.py:545} INFO - Filling up the DagBag from /opt/airflow/dags/main.py
[2025-12-14T14:36:12.867+0000] {processor.py:840} INFO - DAG(s) 'youtube_video_stats' retrieved from /opt/airflow/dags/main.py
[2025-12-14T14:36:12.890+0000] {logging_mixin.py:188} INFO - [2025-12-14T14:36:12.890+0000] {dag.py:3096} INFO - Sync 1 DAGs
[2025-12-14T14:36:12.909+0000] {logging_mixin.py:188} INFO - [2025-12-14T14:36:12.909+0000] {dag.py:3954} INFO - Setting next_dagrun for youtube_video_stats to 2025-12-14 14:00:00+00:00, run_after=2025-12-15 14:00:00+00:00
[2025-12-14T14:36:12.933+0000] {processor.py:183} INFO - Processing /opt/airflow/dags/main.py took 0.109 seconds
[2025-12-14T14:36:43.014+0000] {processor.py:161} INFO - Started process (PID=3455) to work on /opt/airflow/dags/main.py
[2025-12-14T14:36:43.015+0000] {processor.py:830} INFO - Processing file /opt/airflow/dags/main.py for tasks to queue
[2025-12-14T14:36:43.017+0000] {logging_mixin.py:188} INFO - [2025-12-14T14:36:43.017+0000] {dagbag.py:545} INFO - Filling up the DagBag from /opt/airflow/dags/main.py
[2025-12-14T14:36:43.062+0000] {processor.py:840} INFO - DAG(s) 'youtube_video_stats' retrieved from /opt/airflow/dags/main.py
[2025-12-14T14:36:43.090+0000] {logging_mixin.py:188} INFO - [2025-12-14T14:36:43.089+0000] {dag.py:3096} INFO - Sync 1 DAGs
[2025-12-14T14:36:43.110+0000] {logging_mixin.py:188} INFO - [2025-12-14T14:36:43.109+0000] {dag.py:3954} INFO - Setting next_dagrun for youtube_video_stats to 2025-12-14 14:00:00+00:00, run_after=2025-12-15 14:00:00+00:00
[2025-12-14T14:36:43.130+0000] {processor.py:183} INFO - Processing /opt/airflow/dags/main.py took 0.122 seconds
[2025-12-14T14:37:13.299+0000] {processor.py:161} INFO - Started process (PID=3462) to work on /opt/airflow/dags/main.py
[2025-12-14T14:37:13.300+0000] {processor.py:830} INFO - Processing file /opt/airflow/dags/main.py for tasks to queue
[2025-12-14T14:37:13.302+0000] {logging_mixin.py:188} INFO - [2025-12-14T14:37:13.301+0000] {dagbag.py:545} INFO - Filling up the DagBag from /opt/airflow/dags/main.py
[2025-12-14T14:37:13.341+0000] {processor.py:840} INFO - DAG(s) 'youtube_video_stats' retrieved from /opt/airflow/dags/main.py
[2025-12-14T14:37:13.367+0000] {logging_mixin.py:188} INFO - [2025-12-14T14:37:13.366+0000] {dag.py:3096} INFO - Sync 1 DAGs
[2025-12-14T14:37:13.386+0000] {logging_mixin.py:188} INFO - [2025-12-14T14:37:13.386+0000] {dag.py:3954} INFO - Setting next_dagrun for youtube_video_stats to 2025-12-14 14:00:00+00:00, run_after=2025-12-15 14:00:00+00:00
[2025-12-14T14:37:13.407+0000] {processor.py:183} INFO - Processing /opt/airflow/dags/main.py took 0.113 seconds
[2025-12-14T14:37:43.518+0000] {processor.py:161} INFO - Started process (PID=3470) to work on /opt/airflow/dags/main.py
[2025-12-14T14:37:43.519+0000] {processor.py:830} INFO - Processing file /opt/airflow/dags/main.py for tasks to queue
[2025-12-14T14:37:43.521+0000] {logging_mixin.py:188} INFO - [2025-12-14T14:37:43.521+0000] {dagbag.py:545} INFO - Filling up the DagBag from /opt/airflow/dags/main.py
[2025-12-14T14:37:43.555+0000] {processor.py:840} INFO - DAG(s) 'youtube_video_stats' retrieved from /opt/airflow/dags/main.py
[2025-12-14T14:37:43.579+0000] {logging_mixin.py:188} INFO - [2025-12-14T14:37:43.579+0000] {dag.py:3096} INFO - Sync 1 DAGs
[2025-12-14T14:37:43.598+0000] {logging_mixin.py:188} INFO - [2025-12-14T14:37:43.598+0000] {dag.py:3954} INFO - Setting next_dagrun for youtube_video_stats to 2025-12-14 14:00:00+00:00, run_after=2025-12-15 14:00:00+00:00
[2025-12-14T14:37:43.615+0000] {processor.py:183} INFO - Processing /opt/airflow/dags/main.py took 0.102 seconds
[2025-12-14T14:38:13.856+0000] {processor.py:161} INFO - Started process (PID=3477) to work on /opt/airflow/dags/main.py
[2025-12-14T14:38:13.857+0000] {processor.py:830} INFO - Processing file /opt/airflow/dags/main.py for tasks to queue
[2025-12-14T14:38:13.858+0000] {logging_mixin.py:188} INFO - [2025-12-14T14:38:13.858+0000] {dagbag.py:545} INFO - Filling up the DagBag from /opt/airflow/dags/main.py
[2025-12-14T14:38:13.893+0000] {processor.py:840} INFO - DAG(s) 'youtube_video_stats' retrieved from /opt/airflow/dags/main.py
[2025-12-14T14:38:13.915+0000] {logging_mixin.py:188} INFO - [2025-12-14T14:38:13.914+0000] {dag.py:3096} INFO - Sync 1 DAGs
[2025-12-14T14:38:13.933+0000] {logging_mixin.py:188} INFO - [2025-12-14T14:38:13.933+0000] {dag.py:3954} INFO - Setting next_dagrun for youtube_video_stats to 2025-12-14 14:00:00+00:00, run_after=2025-12-15 14:00:00+00:00
[2025-12-14T14:38:13.953+0000] {processor.py:183} INFO - Processing /opt/airflow/dags/main.py took 0.101 seconds
[2025-12-14T14:38:44.091+0000] {processor.py:161} INFO - Started process (PID=3484) to work on /opt/airflow/dags/main.py
[2025-12-14T14:38:44.092+0000] {processor.py:830} INFO - Processing file /opt/airflow/dags/main.py for tasks to queue
[2025-12-14T14:38:44.095+0000] {logging_mixin.py:188} INFO - [2025-12-14T14:38:44.094+0000] {dagbag.py:545} INFO - Filling up the DagBag from /opt/airflow/dags/main.py
[2025-12-14T14:38:44.128+0000] {processor.py:840} INFO - DAG(s) 'youtube_video_stats' retrieved from /opt/airflow/dags/main.py
[2025-12-14T14:38:44.154+0000] {logging_mixin.py:188} INFO - [2025-12-14T14:38:44.153+0000] {dag.py:3096} INFO - Sync 1 DAGs
[2025-12-14T14:38:44.172+0000] {logging_mixin.py:188} INFO - [2025-12-14T14:38:44.172+0000] {dag.py:3954} INFO - Setting next_dagrun for youtube_video_stats to 2025-12-14 14:00:00+00:00, run_after=2025-12-15 14:00:00+00:00
[2025-12-14T14:38:44.198+0000] {processor.py:183} INFO - Processing /opt/airflow/dags/main.py took 0.112 seconds
[2025-12-14T14:39:14.395+0000] {processor.py:161} INFO - Started process (PID=3491) to work on /opt/airflow/dags/main.py
[2025-12-14T14:39:14.396+0000] {processor.py:830} INFO - Processing file /opt/airflow/dags/main.py for tasks to queue
[2025-12-14T14:39:14.398+0000] {logging_mixin.py:188} INFO - [2025-12-14T14:39:14.398+0000] {dagbag.py:545} INFO - Filling up the DagBag from /opt/airflow/dags/main.py
[2025-12-14T14:39:14.440+0000] {processor.py:840} INFO - DAG(s) 'youtube_video_stats' retrieved from /opt/airflow/dags/main.py
[2025-12-14T14:39:14.464+0000] {logging_mixin.py:188} INFO - [2025-12-14T14:39:14.463+0000] {dag.py:3096} INFO - Sync 1 DAGs
[2025-12-14T14:39:14.483+0000] {logging_mixin.py:188} INFO - [2025-12-14T14:39:14.483+0000] {dag.py:3954} INFO - Setting next_dagrun for youtube_video_stats to 2025-12-14 14:00:00+00:00, run_after=2025-12-15 14:00:00+00:00
[2025-12-14T14:39:14.502+0000] {processor.py:183} INFO - Processing /opt/airflow/dags/main.py took 0.112 seconds
[2025-12-14T14:39:44.579+0000] {processor.py:161} INFO - Started process (PID=3498) to work on /opt/airflow/dags/main.py
[2025-12-14T14:39:44.580+0000] {processor.py:830} INFO - Processing file /opt/airflow/dags/main.py for tasks to queue
[2025-12-14T14:39:44.582+0000] {logging_mixin.py:188} INFO - [2025-12-14T14:39:44.582+0000] {dagbag.py:545} INFO - Filling up the DagBag from /opt/airflow/dags/main.py
[2025-12-14T14:39:44.644+0000] {processor.py:840} INFO - DAG(s) 'youtube_video_stats' retrieved from /opt/airflow/dags/main.py
[2025-12-14T14:39:44.669+0000] {logging_mixin.py:188} INFO - [2025-12-14T14:39:44.669+0000] {dag.py:3096} INFO - Sync 1 DAGs
[2025-12-14T14:39:44.688+0000] {logging_mixin.py:188} INFO - [2025-12-14T14:39:44.688+0000] {dag.py:3954} INFO - Setting next_dagrun for youtube_video_stats to 2025-12-14 14:00:00+00:00, run_after=2025-12-15 14:00:00+00:00
[2025-12-14T14:39:44.705+0000] {processor.py:183} INFO - Processing /opt/airflow/dags/main.py took 0.133 seconds
[2025-12-14T14:40:14.903+0000] {processor.py:161} INFO - Started process (PID=3505) to work on /opt/airflow/dags/main.py
[2025-12-14T14:40:14.904+0000] {processor.py:830} INFO - Processing file /opt/airflow/dags/main.py for tasks to queue
[2025-12-14T14:40:14.906+0000] {logging_mixin.py:188} INFO - [2025-12-14T14:40:14.906+0000] {dagbag.py:545} INFO - Filling up the DagBag from /opt/airflow/dags/main.py
[2025-12-14T14:40:14.943+0000] {processor.py:840} INFO - DAG(s) 'youtube_video_stats' retrieved from /opt/airflow/dags/main.py
[2025-12-14T14:40:14.967+0000] {logging_mixin.py:188} INFO - [2025-12-14T14:40:14.966+0000] {dag.py:3096} INFO - Sync 1 DAGs
[2025-12-14T14:40:14.985+0000] {logging_mixin.py:188} INFO - [2025-12-14T14:40:14.984+0000] {dag.py:3954} INFO - Setting next_dagrun for youtube_video_stats to 2025-12-14 14:00:00+00:00, run_after=2025-12-15 14:00:00+00:00
[2025-12-14T14:40:15.003+0000] {processor.py:183} INFO - Processing /opt/airflow/dags/main.py took 0.105 seconds
[2025-12-14T14:40:45.151+0000] {processor.py:161} INFO - Started process (PID=3512) to work on /opt/airflow/dags/main.py
[2025-12-14T14:40:45.152+0000] {processor.py:830} INFO - Processing file /opt/airflow/dags/main.py for tasks to queue
[2025-12-14T14:40:45.155+0000] {logging_mixin.py:188} INFO - [2025-12-14T14:40:45.154+0000] {dagbag.py:545} INFO - Filling up the DagBag from /opt/airflow/dags/main.py
[2025-12-14T14:40:45.220+0000] {processor.py:840} INFO - DAG(s) 'youtube_video_stats' retrieved from /opt/airflow/dags/main.py
[2025-12-14T14:40:45.264+0000] {logging_mixin.py:188} INFO - [2025-12-14T14:40:45.264+0000] {dag.py:3096} INFO - Sync 1 DAGs
[2025-12-14T14:40:45.294+0000] {logging_mixin.py:188} INFO - [2025-12-14T14:40:45.294+0000] {dag.py:3954} INFO - Setting next_dagrun for youtube_video_stats to 2025-12-14 14:00:00+00:00, run_after=2025-12-15 14:00:00+00:00
[2025-12-14T14:40:45.319+0000] {processor.py:183} INFO - Processing /opt/airflow/dags/main.py took 0.176 seconds
[2025-12-14T14:41:15.444+0000] {processor.py:161} INFO - Started process (PID=3519) to work on /opt/airflow/dags/main.py
[2025-12-14T14:41:15.445+0000] {processor.py:830} INFO - Processing file /opt/airflow/dags/main.py for tasks to queue
[2025-12-14T14:41:15.447+0000] {logging_mixin.py:188} INFO - [2025-12-14T14:41:15.447+0000] {dagbag.py:545} INFO - Filling up the DagBag from /opt/airflow/dags/main.py
[2025-12-14T14:41:15.485+0000] {processor.py:840} INFO - DAG(s) 'youtube_video_stats' retrieved from /opt/airflow/dags/main.py
[2025-12-14T14:41:15.506+0000] {logging_mixin.py:188} INFO - [2025-12-14T14:41:15.506+0000] {dag.py:3096} INFO - Sync 1 DAGs
[2025-12-14T14:41:15.524+0000] {logging_mixin.py:188} INFO - [2025-12-14T14:41:15.524+0000] {dag.py:3954} INFO - Setting next_dagrun for youtube_video_stats to 2025-12-14 14:00:00+00:00, run_after=2025-12-15 14:00:00+00:00
[2025-12-14T14:41:15.546+0000] {processor.py:183} INFO - Processing /opt/airflow/dags/main.py took 0.107 seconds
[2025-12-14T14:41:45.750+0000] {processor.py:161} INFO - Started process (PID=3526) to work on /opt/airflow/dags/main.py
[2025-12-14T14:41:45.751+0000] {processor.py:830} INFO - Processing file /opt/airflow/dags/main.py for tasks to queue
[2025-12-14T14:41:45.753+0000] {logging_mixin.py:188} INFO - [2025-12-14T14:41:45.753+0000] {dagbag.py:545} INFO - Filling up the DagBag from /opt/airflow/dags/main.py
[2025-12-14T14:41:45.786+0000] {processor.py:840} INFO - DAG(s) 'youtube_video_stats' retrieved from /opt/airflow/dags/main.py
[2025-12-14T14:41:45.813+0000] {logging_mixin.py:188} INFO - [2025-12-14T14:41:45.813+0000] {dag.py:3096} INFO - Sync 1 DAGs
[2025-12-14T14:41:45.834+0000] {logging_mixin.py:188} INFO - [2025-12-14T14:41:45.834+0000] {dag.py:3954} INFO - Setting next_dagrun for youtube_video_stats to 2025-12-14 14:00:00+00:00, run_after=2025-12-15 14:00:00+00:00
[2025-12-14T14:41:45.854+0000] {processor.py:183} INFO - Processing /opt/airflow/dags/main.py took 0.109 seconds
[2025-12-14T14:42:15.936+0000] {processor.py:161} INFO - Started process (PID=3533) to work on /opt/airflow/dags/main.py
[2025-12-14T14:42:15.937+0000] {processor.py:830} INFO - Processing file /opt/airflow/dags/main.py for tasks to queue
[2025-12-14T14:42:15.939+0000] {logging_mixin.py:188} INFO - [2025-12-14T14:42:15.939+0000] {dagbag.py:545} INFO - Filling up the DagBag from /opt/airflow/dags/main.py
[2025-12-14T14:42:15.973+0000] {processor.py:840} INFO - DAG(s) 'youtube_video_stats' retrieved from /opt/airflow/dags/main.py
[2025-12-14T14:42:15.996+0000] {logging_mixin.py:188} INFO - [2025-12-14T14:42:15.996+0000] {dag.py:3096} INFO - Sync 1 DAGs
[2025-12-14T14:42:16.015+0000] {logging_mixin.py:188} INFO - [2025-12-14T14:42:16.015+0000] {dag.py:3954} INFO - Setting next_dagrun for youtube_video_stats to 2025-12-14 14:00:00+00:00, run_after=2025-12-15 14:00:00+00:00
[2025-12-14T14:42:16.032+0000] {processor.py:183} INFO - Processing /opt/airflow/dags/main.py took 0.101 seconds
[2025-12-14T14:42:46.257+0000] {processor.py:161} INFO - Started process (PID=3540) to work on /opt/airflow/dags/main.py
[2025-12-14T14:42:46.258+0000] {processor.py:830} INFO - Processing file /opt/airflow/dags/main.py for tasks to queue
[2025-12-14T14:42:46.260+0000] {logging_mixin.py:188} INFO - [2025-12-14T14:42:46.259+0000] {dagbag.py:545} INFO - Filling up the DagBag from /opt/airflow/dags/main.py
[2025-12-14T14:42:46.302+0000] {processor.py:840} INFO - DAG(s) 'youtube_video_stats' retrieved from /opt/airflow/dags/main.py
[2025-12-14T14:42:46.329+0000] {logging_mixin.py:188} INFO - [2025-12-14T14:42:46.329+0000] {dag.py:3096} INFO - Sync 1 DAGs
[2025-12-14T14:42:46.348+0000] {logging_mixin.py:188} INFO - [2025-12-14T14:42:46.348+0000] {dag.py:3954} INFO - Setting next_dagrun for youtube_video_stats to 2025-12-14 14:00:00+00:00, run_after=2025-12-15 14:00:00+00:00
[2025-12-14T14:42:46.368+0000] {processor.py:183} INFO - Processing /opt/airflow/dags/main.py took 0.116 seconds
[2025-12-14T14:43:16.454+0000] {processor.py:161} INFO - Started process (PID=3547) to work on /opt/airflow/dags/main.py
[2025-12-14T14:43:16.456+0000] {processor.py:830} INFO - Processing file /opt/airflow/dags/main.py for tasks to queue
[2025-12-14T14:43:16.459+0000] {logging_mixin.py:188} INFO - [2025-12-14T14:43:16.458+0000] {dagbag.py:545} INFO - Filling up the DagBag from /opt/airflow/dags/main.py
[2025-12-14T14:43:16.505+0000] {processor.py:840} INFO - DAG(s) 'youtube_video_stats' retrieved from /opt/airflow/dags/main.py
[2025-12-14T14:43:16.544+0000] {logging_mixin.py:188} INFO - [2025-12-14T14:43:16.544+0000] {dag.py:3096} INFO - Sync 1 DAGs
[2025-12-14T14:43:16.567+0000] {logging_mixin.py:188} INFO - [2025-12-14T14:43:16.566+0000] {dag.py:3954} INFO - Setting next_dagrun for youtube_video_stats to 2025-12-14 14:00:00+00:00, run_after=2025-12-15 14:00:00+00:00
[2025-12-14T14:43:16.592+0000] {processor.py:183} INFO - Processing /opt/airflow/dags/main.py took 0.144 seconds
[2025-12-14T14:43:46.755+0000] {processor.py:161} INFO - Started process (PID=3554) to work on /opt/airflow/dags/main.py
[2025-12-14T14:43:46.757+0000] {processor.py:830} INFO - Processing file /opt/airflow/dags/main.py for tasks to queue
[2025-12-14T14:43:46.762+0000] {logging_mixin.py:188} INFO - [2025-12-14T14:43:46.762+0000] {dagbag.py:545} INFO - Filling up the DagBag from /opt/airflow/dags/main.py
[2025-12-14T14:43:46.812+0000] {processor.py:840} INFO - DAG(s) 'youtube_video_stats' retrieved from /opt/airflow/dags/main.py
[2025-12-14T14:43:46.840+0000] {logging_mixin.py:188} INFO - [2025-12-14T14:43:46.840+0000] {dag.py:3096} INFO - Sync 1 DAGs
[2025-12-14T14:43:46.870+0000] {logging_mixin.py:188} INFO - [2025-12-14T14:43:46.870+0000] {dag.py:3954} INFO - Setting next_dagrun for youtube_video_stats to 2025-12-14 14:00:00+00:00, run_after=2025-12-15 14:00:00+00:00
[2025-12-14T14:43:46.894+0000] {processor.py:183} INFO - Processing /opt/airflow/dags/main.py took 0.152 seconds
[2025-12-14T14:44:16.973+0000] {processor.py:161} INFO - Started process (PID=3562) to work on /opt/airflow/dags/main.py
[2025-12-14T14:44:16.974+0000] {processor.py:830} INFO - Processing file /opt/airflow/dags/main.py for tasks to queue
[2025-12-14T14:44:16.976+0000] {logging_mixin.py:188} INFO - [2025-12-14T14:44:16.976+0000] {dagbag.py:545} INFO - Filling up the DagBag from /opt/airflow/dags/main.py
[2025-12-14T14:44:17.013+0000] {processor.py:840} INFO - DAG(s) 'youtube_video_stats' retrieved from /opt/airflow/dags/main.py
[2025-12-14T14:44:17.038+0000] {logging_mixin.py:188} INFO - [2025-12-14T14:44:17.038+0000] {dag.py:3096} INFO - Sync 1 DAGs
[2025-12-14T14:44:17.057+0000] {logging_mixin.py:188} INFO - [2025-12-14T14:44:17.057+0000] {dag.py:3954} INFO - Setting next_dagrun for youtube_video_stats to 2025-12-14 14:00:00+00:00, run_after=2025-12-15 14:00:00+00:00
[2025-12-14T14:44:17.075+0000] {processor.py:183} INFO - Processing /opt/airflow/dags/main.py took 0.109 seconds
[2025-12-14T14:44:47.252+0000] {processor.py:161} INFO - Started process (PID=3569) to work on /opt/airflow/dags/main.py
[2025-12-14T14:44:47.253+0000] {processor.py:830} INFO - Processing file /opt/airflow/dags/main.py for tasks to queue
[2025-12-14T14:44:47.254+0000] {logging_mixin.py:188} INFO - [2025-12-14T14:44:47.254+0000] {dagbag.py:545} INFO - Filling up the DagBag from /opt/airflow/dags/main.py
[2025-12-14T14:44:47.293+0000] {processor.py:840} INFO - DAG(s) 'youtube_video_stats' retrieved from /opt/airflow/dags/main.py
[2025-12-14T14:44:47.317+0000] {logging_mixin.py:188} INFO - [2025-12-14T14:44:47.317+0000] {dag.py:3096} INFO - Sync 1 DAGs
[2025-12-14T14:44:47.336+0000] {logging_mixin.py:188} INFO - [2025-12-14T14:44:47.336+0000] {dag.py:3954} INFO - Setting next_dagrun for youtube_video_stats to 2025-12-14 14:00:00+00:00, run_after=2025-12-15 14:00:00+00:00
[2025-12-14T14:44:47.365+0000] {processor.py:183} INFO - Processing /opt/airflow/dags/main.py took 0.119 seconds
[2025-12-14T14:45:17.435+0000] {processor.py:161} INFO - Started process (PID=3576) to work on /opt/airflow/dags/main.py
[2025-12-14T14:45:17.437+0000] {processor.py:830} INFO - Processing file /opt/airflow/dags/main.py for tasks to queue
[2025-12-14T14:45:17.438+0000] {logging_mixin.py:188} INFO - [2025-12-14T14:45:17.438+0000] {dagbag.py:545} INFO - Filling up the DagBag from /opt/airflow/dags/main.py
[2025-12-14T14:45:17.475+0000] {processor.py:840} INFO - DAG(s) 'youtube_video_stats' retrieved from /opt/airflow/dags/main.py
[2025-12-14T14:45:17.506+0000] {logging_mixin.py:188} INFO - [2025-12-14T14:45:17.506+0000] {dag.py:3096} INFO - Sync 1 DAGs
[2025-12-14T14:45:17.527+0000] {logging_mixin.py:188} INFO - [2025-12-14T14:45:17.527+0000] {dag.py:3954} INFO - Setting next_dagrun for youtube_video_stats to 2025-12-14 14:00:00+00:00, run_after=2025-12-15 14:00:00+00:00
[2025-12-14T14:45:17.543+0000] {processor.py:183} INFO - Processing /opt/airflow/dags/main.py took 0.113 seconds
[2025-12-14T14:45:47.719+0000] {processor.py:161} INFO - Started process (PID=3583) to work on /opt/airflow/dags/main.py
[2025-12-14T14:45:47.720+0000] {processor.py:830} INFO - Processing file /opt/airflow/dags/main.py for tasks to queue
[2025-12-14T14:45:47.721+0000] {logging_mixin.py:188} INFO - [2025-12-14T14:45:47.721+0000] {dagbag.py:545} INFO - Filling up the DagBag from /opt/airflow/dags/main.py
[2025-12-14T14:45:47.756+0000] {processor.py:840} INFO - DAG(s) 'youtube_video_stats' retrieved from /opt/airflow/dags/main.py
[2025-12-14T14:45:47.779+0000] {logging_mixin.py:188} INFO - [2025-12-14T14:45:47.779+0000] {dag.py:3096} INFO - Sync 1 DAGs
[2025-12-14T14:45:47.797+0000] {logging_mixin.py:188} INFO - [2025-12-14T14:45:47.797+0000] {dag.py:3954} INFO - Setting next_dagrun for youtube_video_stats to 2025-12-14 14:00:00+00:00, run_after=2025-12-15 14:00:00+00:00
[2025-12-14T14:45:47.817+0000] {processor.py:183} INFO - Processing /opt/airflow/dags/main.py took 0.104 seconds
[2025-12-14T14:46:17.992+0000] {processor.py:161} INFO - Started process (PID=3590) to work on /opt/airflow/dags/main.py
[2025-12-14T14:46:17.993+0000] {processor.py:830} INFO - Processing file /opt/airflow/dags/main.py for tasks to queue
[2025-12-14T14:46:17.994+0000] {logging_mixin.py:188} INFO - [2025-12-14T14:46:17.994+0000] {dagbag.py:545} INFO - Filling up the DagBag from /opt/airflow/dags/main.py
[2025-12-14T14:46:18.031+0000] {processor.py:840} INFO - DAG(s) 'youtube_video_stats' retrieved from /opt/airflow/dags/main.py
[2025-12-14T14:46:18.055+0000] {logging_mixin.py:188} INFO - [2025-12-14T14:46:18.055+0000] {dag.py:3096} INFO - Sync 1 DAGs
[2025-12-14T14:46:18.078+0000] {logging_mixin.py:188} INFO - [2025-12-14T14:46:18.078+0000] {dag.py:3954} INFO - Setting next_dagrun for youtube_video_stats to 2025-12-14 14:00:00+00:00, run_after=2025-12-15 14:00:00+00:00
[2025-12-14T14:46:18.103+0000] {processor.py:183} INFO - Processing /opt/airflow/dags/main.py took 0.117 seconds
[2025-12-14T14:46:48.224+0000] {processor.py:161} INFO - Started process (PID=3598) to work on /opt/airflow/dags/main.py
[2025-12-14T14:46:48.225+0000] {processor.py:830} INFO - Processing file /opt/airflow/dags/main.py for tasks to queue
[2025-12-14T14:46:48.227+0000] {logging_mixin.py:188} INFO - [2025-12-14T14:46:48.227+0000] {dagbag.py:545} INFO - Filling up the DagBag from /opt/airflow/dags/main.py
[2025-12-14T14:46:48.267+0000] {processor.py:840} INFO - DAG(s) 'youtube_video_stats' retrieved from /opt/airflow/dags/main.py
[2025-12-14T14:46:48.291+0000] {logging_mixin.py:188} INFO - [2025-12-14T14:46:48.291+0000] {dag.py:3096} INFO - Sync 1 DAGs
[2025-12-14T14:46:48.310+0000] {logging_mixin.py:188} INFO - [2025-12-14T14:46:48.309+0000] {dag.py:3954} INFO - Setting next_dagrun for youtube_video_stats to 2025-12-14 14:00:00+00:00, run_after=2025-12-15 14:00:00+00:00
[2025-12-14T14:46:48.328+0000] {processor.py:183} INFO - Processing /opt/airflow/dags/main.py took 0.111 seconds
[2025-12-14T14:47:18.568+0000] {processor.py:161} INFO - Started process (PID=3605) to work on /opt/airflow/dags/main.py
[2025-12-14T14:47:18.569+0000] {processor.py:830} INFO - Processing file /opt/airflow/dags/main.py for tasks to queue
[2025-12-14T14:47:18.570+0000] {logging_mixin.py:188} INFO - [2025-12-14T14:47:18.570+0000] {dagbag.py:545} INFO - Filling up the DagBag from /opt/airflow/dags/main.py
[2025-12-14T14:47:18.604+0000] {processor.py:840} INFO - DAG(s) 'youtube_video_stats' retrieved from /opt/airflow/dags/main.py
[2025-12-14T14:47:18.626+0000] {logging_mixin.py:188} INFO - [2025-12-14T14:47:18.625+0000] {dag.py:3096} INFO - Sync 1 DAGs
[2025-12-14T14:47:18.644+0000] {logging_mixin.py:188} INFO - [2025-12-14T14:47:18.643+0000] {dag.py:3954} INFO - Setting next_dagrun for youtube_video_stats to 2025-12-14 14:00:00+00:00, run_after=2025-12-15 14:00:00+00:00
[2025-12-14T14:47:18.663+0000] {processor.py:183} INFO - Processing /opt/airflow/dags/main.py took 0.100 seconds
[2025-12-14T14:47:48.789+0000] {processor.py:161} INFO - Started process (PID=3612) to work on /opt/airflow/dags/main.py
[2025-12-14T14:47:48.790+0000] {processor.py:830} INFO - Processing file /opt/airflow/dags/main.py for tasks to queue
[2025-12-14T14:47:48.792+0000] {logging_mixin.py:188} INFO - [2025-12-14T14:47:48.792+0000] {dagbag.py:545} INFO - Filling up the DagBag from /opt/airflow/dags/main.py
[2025-12-14T14:47:48.851+0000] {processor.py:840} INFO - DAG(s) 'youtube_video_stats' retrieved from /opt/airflow/dags/main.py
[2025-12-14T14:47:48.874+0000] {logging_mixin.py:188} INFO - [2025-12-14T14:47:48.873+0000] {dag.py:3096} INFO - Sync 1 DAGs
[2025-12-14T14:47:48.894+0000] {logging_mixin.py:188} INFO - [2025-12-14T14:47:48.893+0000] {dag.py:3954} INFO - Setting next_dagrun for youtube_video_stats to 2025-12-14 14:00:00+00:00, run_after=2025-12-15 14:00:00+00:00
[2025-12-14T14:47:48.913+0000] {processor.py:183} INFO - Processing /opt/airflow/dags/main.py took 0.129 seconds
[2025-12-14T14:48:19.084+0000] {processor.py:161} INFO - Started process (PID=3619) to work on /opt/airflow/dags/main.py
[2025-12-14T14:48:19.085+0000] {processor.py:830} INFO - Processing file /opt/airflow/dags/main.py for tasks to queue
[2025-12-14T14:48:19.087+0000] {logging_mixin.py:188} INFO - [2025-12-14T14:48:19.087+0000] {dagbag.py:545} INFO - Filling up the DagBag from /opt/airflow/dags/main.py
[2025-12-14T14:48:19.127+0000] {processor.py:840} INFO - DAG(s) 'youtube_video_stats' retrieved from /opt/airflow/dags/main.py
[2025-12-14T14:48:19.150+0000] {logging_mixin.py:188} INFO - [2025-12-14T14:48:19.149+0000] {dag.py:3096} INFO - Sync 1 DAGs
[2025-12-14T14:48:19.168+0000] {logging_mixin.py:188} INFO - [2025-12-14T14:48:19.168+0000] {dag.py:3954} INFO - Setting next_dagrun for youtube_video_stats to 2025-12-14 14:00:00+00:00, run_after=2025-12-15 14:00:00+00:00
[2025-12-14T14:48:19.185+0000] {processor.py:183} INFO - Processing /opt/airflow/dags/main.py took 0.107 seconds
[2025-12-14T14:48:49.301+0000] {processor.py:161} INFO - Started process (PID=3626) to work on /opt/airflow/dags/main.py
[2025-12-14T14:48:49.302+0000] {processor.py:830} INFO - Processing file /opt/airflow/dags/main.py for tasks to queue
[2025-12-14T14:48:49.304+0000] {logging_mixin.py:188} INFO - [2025-12-14T14:48:49.303+0000] {dagbag.py:545} INFO - Filling up the DagBag from /opt/airflow/dags/main.py
[2025-12-14T14:48:49.341+0000] {processor.py:840} INFO - DAG(s) 'youtube_video_stats' retrieved from /opt/airflow/dags/main.py
[2025-12-14T14:48:49.364+0000] {logging_mixin.py:188} INFO - [2025-12-14T14:48:49.364+0000] {dag.py:3096} INFO - Sync 1 DAGs
[2025-12-14T14:48:49.382+0000] {logging_mixin.py:188} INFO - [2025-12-14T14:48:49.381+0000] {dag.py:3954} INFO - Setting next_dagrun for youtube_video_stats to 2025-12-14 14:00:00+00:00, run_after=2025-12-15 14:00:00+00:00
[2025-12-14T14:48:49.403+0000] {processor.py:183} INFO - Processing /opt/airflow/dags/main.py took 0.108 seconds
[2025-12-14T14:49:19.585+0000] {processor.py:161} INFO - Started process (PID=3633) to work on /opt/airflow/dags/main.py
[2025-12-14T14:49:19.586+0000] {processor.py:830} INFO - Processing file /opt/airflow/dags/main.py for tasks to queue
[2025-12-14T14:49:19.588+0000] {logging_mixin.py:188} INFO - [2025-12-14T14:49:19.588+0000] {dagbag.py:545} INFO - Filling up the DagBag from /opt/airflow/dags/main.py
[2025-12-14T14:49:19.630+0000] {processor.py:840} INFO - DAG(s) 'youtube_video_stats' retrieved from /opt/airflow/dags/main.py
[2025-12-14T14:49:19.654+0000] {logging_mixin.py:188} INFO - [2025-12-14T14:49:19.653+0000] {dag.py:3096} INFO - Sync 1 DAGs
[2025-12-14T14:49:19.671+0000] {logging_mixin.py:188} INFO - [2025-12-14T14:49:19.671+0000] {dag.py:3954} INFO - Setting next_dagrun for youtube_video_stats to 2025-12-14 14:00:00+00:00, run_after=2025-12-15 14:00:00+00:00
[2025-12-14T14:49:19.692+0000] {processor.py:183} INFO - Processing /opt/airflow/dags/main.py took 0.112 seconds
[2025-12-14T14:49:49.790+0000] {processor.py:161} INFO - Started process (PID=3640) to work on /opt/airflow/dags/main.py
[2025-12-14T14:49:49.791+0000] {processor.py:830} INFO - Processing file /opt/airflow/dags/main.py for tasks to queue
[2025-12-14T14:49:49.793+0000] {logging_mixin.py:188} INFO - [2025-12-14T14:49:49.792+0000] {dagbag.py:545} INFO - Filling up the DagBag from /opt/airflow/dags/main.py
[2025-12-14T14:49:49.840+0000] {processor.py:840} INFO - DAG(s) 'youtube_video_stats' retrieved from /opt/airflow/dags/main.py
[2025-12-14T14:49:49.867+0000] {logging_mixin.py:188} INFO - [2025-12-14T14:49:49.867+0000] {dag.py:3096} INFO - Sync 1 DAGs
[2025-12-14T14:49:49.886+0000] {logging_mixin.py:188} INFO - [2025-12-14T14:49:49.886+0000] {dag.py:3954} INFO - Setting next_dagrun for youtube_video_stats to 2025-12-14 14:00:00+00:00, run_after=2025-12-15 14:00:00+00:00
[2025-12-14T14:49:49.902+0000] {processor.py:183} INFO - Processing /opt/airflow/dags/main.py took 0.117 seconds
[2025-12-14T14:50:20.089+0000] {processor.py:161} INFO - Started process (PID=3647) to work on /opt/airflow/dags/main.py
[2025-12-14T14:50:20.090+0000] {processor.py:830} INFO - Processing file /opt/airflow/dags/main.py for tasks to queue
[2025-12-14T14:50:20.092+0000] {logging_mixin.py:188} INFO - [2025-12-14T14:50:20.092+0000] {dagbag.py:545} INFO - Filling up the DagBag from /opt/airflow/dags/main.py
[2025-12-14T14:50:20.124+0000] {processor.py:840} INFO - DAG(s) 'youtube_video_stats' retrieved from /opt/airflow/dags/main.py
[2025-12-14T14:50:20.146+0000] {logging_mixin.py:188} INFO - [2025-12-14T14:50:20.145+0000] {dag.py:3096} INFO - Sync 1 DAGs
[2025-12-14T14:50:20.164+0000] {logging_mixin.py:188} INFO - [2025-12-14T14:50:20.164+0000] {dag.py:3954} INFO - Setting next_dagrun for youtube_video_stats to 2025-12-14 14:00:00+00:00, run_after=2025-12-15 14:00:00+00:00
[2025-12-14T14:50:20.185+0000] {processor.py:183} INFO - Processing /opt/airflow/dags/main.py took 0.101 seconds
[2025-12-14T14:50:50.273+0000] {processor.py:161} INFO - Started process (PID=3654) to work on /opt/airflow/dags/main.py
[2025-12-14T14:50:50.274+0000] {processor.py:830} INFO - Processing file /opt/airflow/dags/main.py for tasks to queue
[2025-12-14T14:50:50.275+0000] {logging_mixin.py:188} INFO - [2025-12-14T14:50:50.275+0000] {dagbag.py:545} INFO - Filling up the DagBag from /opt/airflow/dags/main.py
[2025-12-14T14:50:50.313+0000] {processor.py:840} INFO - DAG(s) 'youtube_video_stats' retrieved from /opt/airflow/dags/main.py
[2025-12-14T14:50:50.336+0000] {logging_mixin.py:188} INFO - [2025-12-14T14:50:50.335+0000] {dag.py:3096} INFO - Sync 1 DAGs
[2025-12-14T14:50:50.354+0000] {logging_mixin.py:188} INFO - [2025-12-14T14:50:50.354+0000] {dag.py:3954} INFO - Setting next_dagrun for youtube_video_stats to 2025-12-14 14:00:00+00:00, run_after=2025-12-15 14:00:00+00:00
[2025-12-14T14:50:50.373+0000] {processor.py:183} INFO - Processing /opt/airflow/dags/main.py took 0.105 seconds
[2025-12-14T14:51:20.613+0000] {processor.py:161} INFO - Started process (PID=3661) to work on /opt/airflow/dags/main.py
[2025-12-14T14:51:20.614+0000] {processor.py:830} INFO - Processing file /opt/airflow/dags/main.py for tasks to queue
[2025-12-14T14:51:20.615+0000] {logging_mixin.py:188} INFO - [2025-12-14T14:51:20.615+0000] {dagbag.py:545} INFO - Filling up the DagBag from /opt/airflow/dags/main.py
[2025-12-14T14:51:20.650+0000] {processor.py:840} INFO - DAG(s) 'youtube_video_stats' retrieved from /opt/airflow/dags/main.py
[2025-12-14T14:51:20.673+0000] {logging_mixin.py:188} INFO - [2025-12-14T14:51:20.673+0000] {dag.py:3096} INFO - Sync 1 DAGs
[2025-12-14T14:51:20.691+0000] {logging_mixin.py:188} INFO - [2025-12-14T14:51:20.691+0000] {dag.py:3954} INFO - Setting next_dagrun for youtube_video_stats to 2025-12-14 14:00:00+00:00, run_after=2025-12-15 14:00:00+00:00
[2025-12-14T14:51:20.709+0000] {processor.py:183} INFO - Processing /opt/airflow/dags/main.py took 0.102 seconds
[2025-12-14T14:51:50.818+0000] {processor.py:161} INFO - Started process (PID=3668) to work on /opt/airflow/dags/main.py
[2025-12-14T14:51:50.819+0000] {processor.py:830} INFO - Processing file /opt/airflow/dags/main.py for tasks to queue
[2025-12-14T14:51:50.821+0000] {logging_mixin.py:188} INFO - [2025-12-14T14:51:50.821+0000] {dagbag.py:545} INFO - Filling up the DagBag from /opt/airflow/dags/main.py
[2025-12-14T14:51:50.860+0000] {processor.py:840} INFO - DAG(s) 'youtube_video_stats' retrieved from /opt/airflow/dags/main.py
[2025-12-14T14:51:50.891+0000] {logging_mixin.py:188} INFO - [2025-12-14T14:51:50.891+0000] {dag.py:3096} INFO - Sync 1 DAGs
[2025-12-14T14:51:50.917+0000] {logging_mixin.py:188} INFO - [2025-12-14T14:51:50.916+0000] {dag.py:3954} INFO - Setting next_dagrun for youtube_video_stats to 2025-12-14 14:00:00+00:00, run_after=2025-12-15 14:00:00+00:00
[2025-12-14T14:51:50.944+0000] {processor.py:183} INFO - Processing /opt/airflow/dags/main.py took 0.133 seconds
[2025-12-14T14:52:21.034+0000] {processor.py:161} INFO - Started process (PID=3675) to work on /opt/airflow/dags/main.py
[2025-12-14T14:52:21.035+0000] {processor.py:830} INFO - Processing file /opt/airflow/dags/main.py for tasks to queue
[2025-12-14T14:52:21.037+0000] {logging_mixin.py:188} INFO - [2025-12-14T14:52:21.037+0000] {dagbag.py:545} INFO - Filling up the DagBag from /opt/airflow/dags/main.py
[2025-12-14T14:52:21.086+0000] {processor.py:840} INFO - DAG(s) 'youtube_video_stats' retrieved from /opt/airflow/dags/main.py
[2025-12-14T14:52:21.118+0000] {logging_mixin.py:188} INFO - [2025-12-14T14:52:21.118+0000] {dag.py:3096} INFO - Sync 1 DAGs
[2025-12-14T14:52:21.140+0000] {logging_mixin.py:188} INFO - [2025-12-14T14:52:21.140+0000] {dag.py:3954} INFO - Setting next_dagrun for youtube_video_stats to 2025-12-14 14:00:00+00:00, run_after=2025-12-15 14:00:00+00:00
[2025-12-14T14:52:21.163+0000] {processor.py:183} INFO - Processing /opt/airflow/dags/main.py took 0.138 seconds
[2025-12-14T14:52:51.352+0000] {processor.py:161} INFO - Started process (PID=3682) to work on /opt/airflow/dags/main.py
[2025-12-14T14:52:51.353+0000] {processor.py:830} INFO - Processing file /opt/airflow/dags/main.py for tasks to queue
[2025-12-14T14:52:51.354+0000] {logging_mixin.py:188} INFO - [2025-12-14T14:52:51.354+0000] {dagbag.py:545} INFO - Filling up the DagBag from /opt/airflow/dags/main.py
[2025-12-14T14:52:51.393+0000] {processor.py:840} INFO - DAG(s) 'youtube_video_stats' retrieved from /opt/airflow/dags/main.py
[2025-12-14T14:52:51.415+0000] {logging_mixin.py:188} INFO - [2025-12-14T14:52:51.415+0000] {dag.py:3096} INFO - Sync 1 DAGs
[2025-12-14T14:52:51.433+0000] {logging_mixin.py:188} INFO - [2025-12-14T14:52:51.432+0000] {dag.py:3954} INFO - Setting next_dagrun for youtube_video_stats to 2025-12-14 14:00:00+00:00, run_after=2025-12-15 14:00:00+00:00
[2025-12-14T14:52:51.455+0000] {processor.py:183} INFO - Processing /opt/airflow/dags/main.py took 0.109 seconds
[2025-12-14T14:53:21.545+0000] {processor.py:161} INFO - Started process (PID=3689) to work on /opt/airflow/dags/main.py
[2025-12-14T14:53:21.546+0000] {processor.py:830} INFO - Processing file /opt/airflow/dags/main.py for tasks to queue
[2025-12-14T14:53:21.548+0000] {logging_mixin.py:188} INFO - [2025-12-14T14:53:21.548+0000] {dagbag.py:545} INFO - Filling up the DagBag from /opt/airflow/dags/main.py
[2025-12-14T14:53:21.583+0000] {processor.py:840} INFO - DAG(s) 'youtube_video_stats' retrieved from /opt/airflow/dags/main.py
[2025-12-14T14:53:21.606+0000] {logging_mixin.py:188} INFO - [2025-12-14T14:53:21.606+0000] {dag.py:3096} INFO - Sync 1 DAGs
[2025-12-14T14:53:21.626+0000] {logging_mixin.py:188} INFO - [2025-12-14T14:53:21.626+0000] {dag.py:3954} INFO - Setting next_dagrun for youtube_video_stats to 2025-12-14 14:00:00+00:00, run_after=2025-12-15 14:00:00+00:00
[2025-12-14T14:53:21.643+0000] {processor.py:183} INFO - Processing /opt/airflow/dags/main.py took 0.103 seconds
[2025-12-14T14:53:51.846+0000] {processor.py:161} INFO - Started process (PID=3696) to work on /opt/airflow/dags/main.py
[2025-12-14T14:53:51.847+0000] {processor.py:830} INFO - Processing file /opt/airflow/dags/main.py for tasks to queue
[2025-12-14T14:53:51.849+0000] {logging_mixin.py:188} INFO - [2025-12-14T14:53:51.848+0000] {dagbag.py:545} INFO - Filling up the DagBag from /opt/airflow/dags/main.py
[2025-12-14T14:53:51.882+0000] {processor.py:840} INFO - DAG(s) 'youtube_video_stats' retrieved from /opt/airflow/dags/main.py
[2025-12-14T14:53:51.904+0000] {logging_mixin.py:188} INFO - [2025-12-14T14:53:51.904+0000] {dag.py:3096} INFO - Sync 1 DAGs
[2025-12-14T14:53:51.922+0000] {logging_mixin.py:188} INFO - [2025-12-14T14:53:51.922+0000] {dag.py:3954} INFO - Setting next_dagrun for youtube_video_stats to 2025-12-14 14:00:00+00:00, run_after=2025-12-15 14:00:00+00:00
[2025-12-14T14:53:51.943+0000] {processor.py:183} INFO - Processing /opt/airflow/dags/main.py took 0.101 seconds
[2025-12-14T14:54:22.057+0000] {processor.py:161} INFO - Started process (PID=3703) to work on /opt/airflow/dags/main.py
[2025-12-14T14:54:22.058+0000] {processor.py:830} INFO - Processing file /opt/airflow/dags/main.py for tasks to queue
[2025-12-14T14:54:22.059+0000] {logging_mixin.py:188} INFO - [2025-12-14T14:54:22.059+0000] {dagbag.py:545} INFO - Filling up the DagBag from /opt/airflow/dags/main.py
[2025-12-14T14:54:22.098+0000] {processor.py:840} INFO - DAG(s) 'youtube_video_stats' retrieved from /opt/airflow/dags/main.py
[2025-12-14T14:54:22.121+0000] {logging_mixin.py:188} INFO - [2025-12-14T14:54:22.120+0000] {dag.py:3096} INFO - Sync 1 DAGs
[2025-12-14T14:54:22.140+0000] {logging_mixin.py:188} INFO - [2025-12-14T14:54:22.140+0000] {dag.py:3954} INFO - Setting next_dagrun for youtube_video_stats to 2025-12-14 14:00:00+00:00, run_after=2025-12-15 14:00:00+00:00
[2025-12-14T14:54:22.156+0000] {processor.py:183} INFO - Processing /opt/airflow/dags/main.py took 0.105 seconds
[2025-12-14T14:54:52.334+0000] {processor.py:161} INFO - Started process (PID=3710) to work on /opt/airflow/dags/main.py
[2025-12-14T14:54:52.336+0000] {processor.py:830} INFO - Processing file /opt/airflow/dags/main.py for tasks to queue
[2025-12-14T14:54:52.339+0000] {logging_mixin.py:188} INFO - [2025-12-14T14:54:52.338+0000] {dagbag.py:545} INFO - Filling up the DagBag from /opt/airflow/dags/main.py
[2025-12-14T14:54:52.382+0000] {processor.py:840} INFO - DAG(s) 'youtube_video_stats' retrieved from /opt/airflow/dags/main.py
[2025-12-14T14:54:52.404+0000] {logging_mixin.py:188} INFO - [2025-12-14T14:54:52.404+0000] {dag.py:3096} INFO - Sync 1 DAGs
[2025-12-14T14:54:52.422+0000] {logging_mixin.py:188} INFO - [2025-12-14T14:54:52.422+0000] {dag.py:3954} INFO - Setting next_dagrun for youtube_video_stats to 2025-12-14 14:00:00+00:00, run_after=2025-12-15 14:00:00+00:00
[2025-12-14T14:54:52.446+0000] {processor.py:183} INFO - Processing /opt/airflow/dags/main.py took 0.118 seconds
[2025-12-14T14:55:22.561+0000] {processor.py:161} INFO - Started process (PID=3717) to work on /opt/airflow/dags/main.py
[2025-12-14T14:55:22.563+0000] {processor.py:830} INFO - Processing file /opt/airflow/dags/main.py for tasks to queue
[2025-12-14T14:55:22.565+0000] {logging_mixin.py:188} INFO - [2025-12-14T14:55:22.565+0000] {dagbag.py:545} INFO - Filling up the DagBag from /opt/airflow/dags/main.py
[2025-12-14T14:55:22.615+0000] {processor.py:840} INFO - DAG(s) 'youtube_video_stats' retrieved from /opt/airflow/dags/main.py
[2025-12-14T14:55:22.644+0000] {logging_mixin.py:188} INFO - [2025-12-14T14:55:22.643+0000] {dag.py:3096} INFO - Sync 1 DAGs
[2025-12-14T14:55:22.663+0000] {logging_mixin.py:188} INFO - [2025-12-14T14:55:22.663+0000] {dag.py:3954} INFO - Setting next_dagrun for youtube_video_stats to 2025-12-14 14:00:00+00:00, run_after=2025-12-15 14:00:00+00:00
[2025-12-14T14:55:22.681+0000] {processor.py:183} INFO - Processing /opt/airflow/dags/main.py took 0.126 seconds
[2025-12-14T14:55:52.878+0000] {processor.py:161} INFO - Started process (PID=3724) to work on /opt/airflow/dags/main.py
[2025-12-14T14:55:52.879+0000] {processor.py:830} INFO - Processing file /opt/airflow/dags/main.py for tasks to queue
[2025-12-14T14:55:52.881+0000] {logging_mixin.py:188} INFO - [2025-12-14T14:55:52.881+0000] {dagbag.py:545} INFO - Filling up the DagBag from /opt/airflow/dags/main.py
[2025-12-14T14:55:52.921+0000] {processor.py:840} INFO - DAG(s) 'youtube_video_stats' retrieved from /opt/airflow/dags/main.py
[2025-12-14T14:55:52.947+0000] {logging_mixin.py:188} INFO - [2025-12-14T14:55:52.947+0000] {dag.py:3096} INFO - Sync 1 DAGs
[2025-12-14T14:55:52.967+0000] {logging_mixin.py:188} INFO - [2025-12-14T14:55:52.967+0000] {dag.py:3954} INFO - Setting next_dagrun for youtube_video_stats to 2025-12-14 14:00:00+00:00, run_after=2025-12-15 14:00:00+00:00
[2025-12-14T14:55:52.991+0000] {processor.py:183} INFO - Processing /opt/airflow/dags/main.py took 0.118 seconds
[2025-12-14T14:56:23.249+0000] {processor.py:161} INFO - Started process (PID=3731) to work on /opt/airflow/dags/main.py
[2025-12-14T14:56:23.250+0000] {processor.py:830} INFO - Processing file /opt/airflow/dags/main.py for tasks to queue
[2025-12-14T14:56:23.256+0000] {logging_mixin.py:188} INFO - [2025-12-14T14:56:23.256+0000] {dagbag.py:545} INFO - Filling up the DagBag from /opt/airflow/dags/main.py
[2025-12-14T14:56:23.287+0000] {processor.py:840} INFO - DAG(s) 'youtube_video_stats' retrieved from /opt/airflow/dags/main.py
[2025-12-14T14:56:23.310+0000] {logging_mixin.py:188} INFO - [2025-12-14T14:56:23.309+0000] {dag.py:3096} INFO - Sync 1 DAGs
[2025-12-14T14:56:23.329+0000] {logging_mixin.py:188} INFO - [2025-12-14T14:56:23.329+0000] {dag.py:3954} INFO - Setting next_dagrun for youtube_video_stats to 2025-12-14 14:00:00+00:00, run_after=2025-12-15 14:00:00+00:00
[2025-12-14T14:56:23.347+0000] {processor.py:183} INFO - Processing /opt/airflow/dags/main.py took 0.103 seconds
[2025-12-14T14:56:53.447+0000] {processor.py:161} INFO - Started process (PID=3738) to work on /opt/airflow/dags/main.py
[2025-12-14T14:56:53.448+0000] {processor.py:830} INFO - Processing file /opt/airflow/dags/main.py for tasks to queue
[2025-12-14T14:56:53.450+0000] {logging_mixin.py:188} INFO - [2025-12-14T14:56:53.449+0000] {dagbag.py:545} INFO - Filling up the DagBag from /opt/airflow/dags/main.py
[2025-12-14T14:56:53.486+0000] {processor.py:840} INFO - DAG(s) 'youtube_video_stats' retrieved from /opt/airflow/dags/main.py
[2025-12-14T14:56:53.510+0000] {logging_mixin.py:188} INFO - [2025-12-14T14:56:53.510+0000] {dag.py:3096} INFO - Sync 1 DAGs
[2025-12-14T14:56:53.529+0000] {logging_mixin.py:188} INFO - [2025-12-14T14:56:53.528+0000] {dag.py:3954} INFO - Setting next_dagrun for youtube_video_stats to 2025-12-14 14:00:00+00:00, run_after=2025-12-15 14:00:00+00:00
[2025-12-14T14:56:53.550+0000] {processor.py:183} INFO - Processing /opt/airflow/dags/main.py took 0.110 seconds
[2025-12-14T14:57:23.724+0000] {processor.py:161} INFO - Started process (PID=3745) to work on /opt/airflow/dags/main.py
[2025-12-14T14:57:23.725+0000] {processor.py:830} INFO - Processing file /opt/airflow/dags/main.py for tasks to queue
[2025-12-14T14:57:23.726+0000] {logging_mixin.py:188} INFO - [2025-12-14T14:57:23.726+0000] {dagbag.py:545} INFO - Filling up the DagBag from /opt/airflow/dags/main.py
[2025-12-14T14:57:23.761+0000] {processor.py:840} INFO - DAG(s) 'youtube_video_stats' retrieved from /opt/airflow/dags/main.py
[2025-12-14T14:57:23.784+0000] {logging_mixin.py:188} INFO - [2025-12-14T14:57:23.784+0000] {dag.py:3096} INFO - Sync 1 DAGs
[2025-12-14T14:57:23.807+0000] {logging_mixin.py:188} INFO - [2025-12-14T14:57:23.807+0000] {dag.py:3954} INFO - Setting next_dagrun for youtube_video_stats to 2025-12-14 14:00:00+00:00, run_after=2025-12-15 14:00:00+00:00
[2025-12-14T14:57:23.826+0000] {processor.py:183} INFO - Processing /opt/airflow/dags/main.py took 0.107 seconds
[2025-12-14T14:57:53.957+0000] {processor.py:161} INFO - Started process (PID=3752) to work on /opt/airflow/dags/main.py
[2025-12-14T14:57:53.958+0000] {processor.py:830} INFO - Processing file /opt/airflow/dags/main.py for tasks to queue
[2025-12-14T14:57:53.960+0000] {logging_mixin.py:188} INFO - [2025-12-14T14:57:53.959+0000] {dagbag.py:545} INFO - Filling up the DagBag from /opt/airflow/dags/main.py
[2025-12-14T14:57:54.001+0000] {processor.py:840} INFO - DAG(s) 'youtube_video_stats' retrieved from /opt/airflow/dags/main.py
[2025-12-14T14:57:54.023+0000] {logging_mixin.py:188} INFO - [2025-12-14T14:57:54.023+0000] {dag.py:3096} INFO - Sync 1 DAGs
[2025-12-14T14:57:54.042+0000] {logging_mixin.py:188} INFO - [2025-12-14T14:57:54.042+0000] {dag.py:3954} INFO - Setting next_dagrun for youtube_video_stats to 2025-12-14 14:00:00+00:00, run_after=2025-12-15 14:00:00+00:00
[2025-12-14T14:57:54.057+0000] {processor.py:183} INFO - Processing /opt/airflow/dags/main.py took 0.105 seconds
[2025-12-14T14:58:24.201+0000] {processor.py:161} INFO - Started process (PID=3760) to work on /opt/airflow/dags/main.py
[2025-12-14T14:58:24.203+0000] {processor.py:830} INFO - Processing file /opt/airflow/dags/main.py for tasks to queue
[2025-12-14T14:58:24.205+0000] {logging_mixin.py:188} INFO - [2025-12-14T14:58:24.204+0000] {dagbag.py:545} INFO - Filling up the DagBag from /opt/airflow/dags/main.py
[2025-12-14T14:58:24.248+0000] {processor.py:840} INFO - DAG(s) 'youtube_video_stats' retrieved from /opt/airflow/dags/main.py
[2025-12-14T14:58:24.277+0000] {logging_mixin.py:188} INFO - [2025-12-14T14:58:24.277+0000] {dag.py:3096} INFO - Sync 1 DAGs
[2025-12-14T14:58:24.311+0000] {logging_mixin.py:188} INFO - [2025-12-14T14:58:24.311+0000] {dag.py:3954} INFO - Setting next_dagrun for youtube_video_stats to 2025-12-14 14:00:00+00:00, run_after=2025-12-15 14:00:00+00:00
[2025-12-14T14:58:24.335+0000] {processor.py:183} INFO - Processing /opt/airflow/dags/main.py took 0.144 seconds
[2025-12-14T14:58:54.410+0000] {processor.py:161} INFO - Started process (PID=3767) to work on /opt/airflow/dags/main.py
[2025-12-14T14:58:54.412+0000] {processor.py:830} INFO - Processing file /opt/airflow/dags/main.py for tasks to queue
[2025-12-14T14:58:54.413+0000] {logging_mixin.py:188} INFO - [2025-12-14T14:58:54.413+0000] {dagbag.py:545} INFO - Filling up the DagBag from /opt/airflow/dags/main.py
[2025-12-14T14:58:54.457+0000] {processor.py:840} INFO - DAG(s) 'youtube_video_stats' retrieved from /opt/airflow/dags/main.py
[2025-12-14T14:58:54.485+0000] {logging_mixin.py:188} INFO - [2025-12-14T14:58:54.485+0000] {dag.py:3096} INFO - Sync 1 DAGs
[2025-12-14T14:58:54.509+0000] {logging_mixin.py:188} INFO - [2025-12-14T14:58:54.509+0000] {dag.py:3954} INFO - Setting next_dagrun for youtube_video_stats to 2025-12-14 14:00:00+00:00, run_after=2025-12-15 14:00:00+00:00
[2025-12-14T14:58:54.525+0000] {processor.py:183} INFO - Processing /opt/airflow/dags/main.py took 0.120 seconds
[2025-12-14T14:59:24.755+0000] {processor.py:161} INFO - Started process (PID=3774) to work on /opt/airflow/dags/main.py
[2025-12-14T14:59:24.756+0000] {processor.py:830} INFO - Processing file /opt/airflow/dags/main.py for tasks to queue
[2025-12-14T14:59:24.757+0000] {logging_mixin.py:188} INFO - [2025-12-14T14:59:24.757+0000] {dagbag.py:545} INFO - Filling up the DagBag from /opt/airflow/dags/main.py
[2025-12-14T14:59:24.795+0000] {processor.py:840} INFO - DAG(s) 'youtube_video_stats' retrieved from /opt/airflow/dags/main.py
[2025-12-14T14:59:24.817+0000] {logging_mixin.py:188} INFO - [2025-12-14T14:59:24.817+0000] {dag.py:3096} INFO - Sync 1 DAGs
[2025-12-14T14:59:24.836+0000] {logging_mixin.py:188} INFO - [2025-12-14T14:59:24.836+0000] {dag.py:3954} INFO - Setting next_dagrun for youtube_video_stats to 2025-12-14 14:00:00+00:00, run_after=2025-12-15 14:00:00+00:00
[2025-12-14T14:59:24.855+0000] {processor.py:183} INFO - Processing /opt/airflow/dags/main.py took 0.105 seconds
[2025-12-14T14:59:55.016+0000] {processor.py:161} INFO - Started process (PID=3781) to work on /opt/airflow/dags/main.py
[2025-12-14T14:59:55.017+0000] {processor.py:830} INFO - Processing file /opt/airflow/dags/main.py for tasks to queue
[2025-12-14T14:59:55.019+0000] {logging_mixin.py:188} INFO - [2025-12-14T14:59:55.019+0000] {dagbag.py:545} INFO - Filling up the DagBag from /opt/airflow/dags/main.py
[2025-12-14T14:59:55.053+0000] {processor.py:840} INFO - DAG(s) 'youtube_video_stats' retrieved from /opt/airflow/dags/main.py
[2025-12-14T14:59:55.075+0000] {logging_mixin.py:188} INFO - [2025-12-14T14:59:55.075+0000] {dag.py:3096} INFO - Sync 1 DAGs
[2025-12-14T14:59:55.093+0000] {logging_mixin.py:188} INFO - [2025-12-14T14:59:55.092+0000] {dag.py:3954} INFO - Setting next_dagrun for youtube_video_stats to 2025-12-14 14:00:00+00:00, run_after=2025-12-15 14:00:00+00:00
[2025-12-14T14:59:55.110+0000] {processor.py:183} INFO - Processing /opt/airflow/dags/main.py took 0.099 seconds
[2025-12-14T15:00:25.333+0000] {processor.py:161} INFO - Started process (PID=3788) to work on /opt/airflow/dags/main.py
[2025-12-14T15:00:25.334+0000] {processor.py:830} INFO - Processing file /opt/airflow/dags/main.py for tasks to queue
[2025-12-14T15:00:25.336+0000] {logging_mixin.py:188} INFO - [2025-12-14T15:00:25.336+0000] {dagbag.py:545} INFO - Filling up the DagBag from /opt/airflow/dags/main.py
[2025-12-14T15:00:25.371+0000] {processor.py:840} INFO - DAG(s) 'youtube_video_stats' retrieved from /opt/airflow/dags/main.py
[2025-12-14T15:00:25.393+0000] {logging_mixin.py:188} INFO - [2025-12-14T15:00:25.393+0000] {dag.py:3096} INFO - Sync 1 DAGs
[2025-12-14T15:00:25.411+0000] {logging_mixin.py:188} INFO - [2025-12-14T15:00:25.411+0000] {dag.py:3954} INFO - Setting next_dagrun for youtube_video_stats to 2025-12-14 14:00:00+00:00, run_after=2025-12-15 14:00:00+00:00
[2025-12-14T15:00:25.426+0000] {processor.py:183} INFO - Processing /opt/airflow/dags/main.py took 0.100 seconds
[2025-12-14T15:00:55.544+0000] {processor.py:161} INFO - Started process (PID=3795) to work on /opt/airflow/dags/main.py
[2025-12-14T15:00:55.545+0000] {processor.py:830} INFO - Processing file /opt/airflow/dags/main.py for tasks to queue
[2025-12-14T15:00:55.547+0000] {logging_mixin.py:188} INFO - [2025-12-14T15:00:55.546+0000] {dagbag.py:545} INFO - Filling up the DagBag from /opt/airflow/dags/main.py
[2025-12-14T15:00:55.579+0000] {processor.py:840} INFO - DAG(s) 'youtube_video_stats' retrieved from /opt/airflow/dags/main.py
[2025-12-14T15:00:55.601+0000] {logging_mixin.py:188} INFO - [2025-12-14T15:00:55.601+0000] {dag.py:3096} INFO - Sync 1 DAGs
[2025-12-14T15:00:55.619+0000] {logging_mixin.py:188} INFO - [2025-12-14T15:00:55.619+0000] {dag.py:3954} INFO - Setting next_dagrun for youtube_video_stats to 2025-12-14 14:00:00+00:00, run_after=2025-12-15 14:00:00+00:00
[2025-12-14T15:00:55.637+0000] {processor.py:183} INFO - Processing /opt/airflow/dags/main.py took 0.098 seconds
[2025-12-14T15:01:25.998+0000] {processor.py:161} INFO - Started process (PID=3802) to work on /opt/airflow/dags/main.py
[2025-12-14T15:01:25.999+0000] {processor.py:830} INFO - Processing file /opt/airflow/dags/main.py for tasks to queue
[2025-12-14T15:01:26.001+0000] {logging_mixin.py:188} INFO - [2025-12-14T15:01:26.001+0000] {dagbag.py:545} INFO - Filling up the DagBag from /opt/airflow/dags/main.py
[2025-12-14T15:01:26.047+0000] {processor.py:840} INFO - DAG(s) 'youtube_video_stats' retrieved from /opt/airflow/dags/main.py
[2025-12-14T15:01:26.075+0000] {logging_mixin.py:188} INFO - [2025-12-14T15:01:26.074+0000] {dag.py:3096} INFO - Sync 1 DAGs
[2025-12-14T15:01:26.098+0000] {logging_mixin.py:188} INFO - [2025-12-14T15:01:26.098+0000] {dag.py:3954} INFO - Setting next_dagrun for youtube_video_stats to 2025-12-14 14:00:00+00:00, run_after=2025-12-15 14:00:00+00:00
[2025-12-14T15:01:26.120+0000] {processor.py:183} INFO - Processing /opt/airflow/dags/main.py took 0.127 seconds
[2025-12-14T15:01:56.176+0000] {processor.py:161} INFO - Started process (PID=3809) to work on /opt/airflow/dags/main.py
[2025-12-14T15:01:56.178+0000] {processor.py:830} INFO - Processing file /opt/airflow/dags/main.py for tasks to queue
[2025-12-14T15:01:56.180+0000] {logging_mixin.py:188} INFO - [2025-12-14T15:01:56.180+0000] {dagbag.py:545} INFO - Filling up the DagBag from /opt/airflow/dags/main.py
[2025-12-14T15:01:56.229+0000] {processor.py:840} INFO - DAG(s) 'youtube_video_stats' retrieved from /opt/airflow/dags/main.py
[2025-12-14T15:01:56.276+0000] {logging_mixin.py:188} INFO - [2025-12-14T15:01:56.275+0000] {dag.py:3096} INFO - Sync 1 DAGs
[2025-12-14T15:01:56.325+0000] {logging_mixin.py:188} INFO - [2025-12-14T15:01:56.324+0000] {dag.py:3954} INFO - Setting next_dagrun for youtube_video_stats to 2025-12-14 14:00:00+00:00, run_after=2025-12-15 14:00:00+00:00
[2025-12-14T15:01:56.359+0000] {processor.py:183} INFO - Processing /opt/airflow/dags/main.py took 0.190 seconds
[2025-12-14T15:02:26.515+0000] {processor.py:161} INFO - Started process (PID=3816) to work on /opt/airflow/dags/main.py
[2025-12-14T15:02:26.516+0000] {processor.py:830} INFO - Processing file /opt/airflow/dags/main.py for tasks to queue
[2025-12-14T15:02:26.517+0000] {logging_mixin.py:188} INFO - [2025-12-14T15:02:26.517+0000] {dagbag.py:545} INFO - Filling up the DagBag from /opt/airflow/dags/main.py
[2025-12-14T15:02:26.553+0000] {processor.py:840} INFO - DAG(s) 'youtube_video_stats' retrieved from /opt/airflow/dags/main.py
[2025-12-14T15:02:26.575+0000] {logging_mixin.py:188} INFO - [2025-12-14T15:02:26.575+0000] {dag.py:3096} INFO - Sync 1 DAGs
[2025-12-14T15:02:26.594+0000] {logging_mixin.py:188} INFO - [2025-12-14T15:02:26.594+0000] {dag.py:3954} INFO - Setting next_dagrun for youtube_video_stats to 2025-12-14 14:00:00+00:00, run_after=2025-12-15 14:00:00+00:00
[2025-12-14T15:02:26.616+0000] {processor.py:183} INFO - Processing /opt/airflow/dags/main.py took 0.107 seconds
[2025-12-14T15:02:56.826+0000] {processor.py:161} INFO - Started process (PID=3823) to work on /opt/airflow/dags/main.py
[2025-12-14T15:02:56.827+0000] {processor.py:830} INFO - Processing file /opt/airflow/dags/main.py for tasks to queue
[2025-12-14T15:02:56.828+0000] {logging_mixin.py:188} INFO - [2025-12-14T15:02:56.828+0000] {dagbag.py:545} INFO - Filling up the DagBag from /opt/airflow/dags/main.py
[2025-12-14T15:02:56.865+0000] {processor.py:840} INFO - DAG(s) 'youtube_video_stats' retrieved from /opt/airflow/dags/main.py
[2025-12-14T15:02:56.888+0000] {logging_mixin.py:188} INFO - [2025-12-14T15:02:56.888+0000] {dag.py:3096} INFO - Sync 1 DAGs
[2025-12-14T15:02:56.906+0000] {logging_mixin.py:188} INFO - [2025-12-14T15:02:56.906+0000] {dag.py:3954} INFO - Setting next_dagrun for youtube_video_stats to 2025-12-14 14:00:00+00:00, run_after=2025-12-15 14:00:00+00:00
[2025-12-14T15:02:56.922+0000] {processor.py:183} INFO - Processing /opt/airflow/dags/main.py took 0.101 seconds
[2025-12-14T15:03:27.059+0000] {processor.py:161} INFO - Started process (PID=3830) to work on /opt/airflow/dags/main.py
[2025-12-14T15:03:27.061+0000] {processor.py:830} INFO - Processing file /opt/airflow/dags/main.py for tasks to queue
[2025-12-14T15:03:27.062+0000] {logging_mixin.py:188} INFO - [2025-12-14T15:03:27.062+0000] {dagbag.py:545} INFO - Filling up the DagBag from /opt/airflow/dags/main.py
[2025-12-14T15:03:27.100+0000] {processor.py:840} INFO - DAG(s) 'youtube_video_stats' retrieved from /opt/airflow/dags/main.py
[2025-12-14T15:03:27.123+0000] {logging_mixin.py:188} INFO - [2025-12-14T15:03:27.123+0000] {dag.py:3096} INFO - Sync 1 DAGs
[2025-12-14T15:03:27.142+0000] {logging_mixin.py:188} INFO - [2025-12-14T15:03:27.142+0000] {dag.py:3954} INFO - Setting next_dagrun for youtube_video_stats to 2025-12-14 14:00:00+00:00, run_after=2025-12-15 14:00:00+00:00
[2025-12-14T15:03:27.160+0000] {processor.py:183} INFO - Processing /opt/airflow/dags/main.py took 0.107 seconds
[2025-12-14T15:03:57.301+0000] {processor.py:161} INFO - Started process (PID=3837) to work on /opt/airflow/dags/main.py
[2025-12-14T15:03:57.302+0000] {processor.py:830} INFO - Processing file /opt/airflow/dags/main.py for tasks to queue
[2025-12-14T15:03:57.304+0000] {logging_mixin.py:188} INFO - [2025-12-14T15:03:57.303+0000] {dagbag.py:545} INFO - Filling up the DagBag from /opt/airflow/dags/main.py
[2025-12-14T15:03:57.340+0000] {processor.py:840} INFO - DAG(s) 'youtube_video_stats' retrieved from /opt/airflow/dags/main.py
[2025-12-14T15:03:57.363+0000] {logging_mixin.py:188} INFO - [2025-12-14T15:03:57.363+0000] {dag.py:3096} INFO - Sync 1 DAGs
[2025-12-14T15:03:57.382+0000] {logging_mixin.py:188} INFO - [2025-12-14T15:03:57.382+0000] {dag.py:3954} INFO - Setting next_dagrun for youtube_video_stats to 2025-12-14 14:00:00+00:00, run_after=2025-12-15 14:00:00+00:00
[2025-12-14T15:03:57.401+0000] {processor.py:183} INFO - Processing /opt/airflow/dags/main.py took 0.105 seconds
[2025-12-14T15:04:27.561+0000] {processor.py:161} INFO - Started process (PID=3844) to work on /opt/airflow/dags/main.py
[2025-12-14T15:04:27.562+0000] {processor.py:830} INFO - Processing file /opt/airflow/dags/main.py for tasks to queue
[2025-12-14T15:04:27.564+0000] {logging_mixin.py:188} INFO - [2025-12-14T15:04:27.564+0000] {dagbag.py:545} INFO - Filling up the DagBag from /opt/airflow/dags/main.py
[2025-12-14T15:04:27.603+0000] {processor.py:840} INFO - DAG(s) 'youtube_video_stats' retrieved from /opt/airflow/dags/main.py
[2025-12-14T15:04:27.625+0000] {logging_mixin.py:188} INFO - [2025-12-14T15:04:27.625+0000] {dag.py:3096} INFO - Sync 1 DAGs
[2025-12-14T15:04:27.643+0000] {logging_mixin.py:188} INFO - [2025-12-14T15:04:27.643+0000] {dag.py:3954} INFO - Setting next_dagrun for youtube_video_stats to 2025-12-14 14:00:00+00:00, run_after=2025-12-15 14:00:00+00:00
[2025-12-14T15:04:27.662+0000] {processor.py:183} INFO - Processing /opt/airflow/dags/main.py took 0.106 seconds
[2025-12-14T15:04:57.792+0000] {processor.py:161} INFO - Started process (PID=3851) to work on /opt/airflow/dags/main.py
[2025-12-14T15:04:57.793+0000] {processor.py:830} INFO - Processing file /opt/airflow/dags/main.py for tasks to queue
[2025-12-14T15:04:57.796+0000] {logging_mixin.py:188} INFO - [2025-12-14T15:04:57.795+0000] {dagbag.py:545} INFO - Filling up the DagBag from /opt/airflow/dags/main.py
[2025-12-14T15:04:57.834+0000] {processor.py:840} INFO - DAG(s) 'youtube_video_stats' retrieved from /opt/airflow/dags/main.py
[2025-12-14T15:04:57.863+0000] {logging_mixin.py:188} INFO - [2025-12-14T15:04:57.863+0000] {dag.py:3096} INFO - Sync 1 DAGs
[2025-12-14T15:04:57.887+0000] {logging_mixin.py:188} INFO - [2025-12-14T15:04:57.887+0000] {dag.py:3954} INFO - Setting next_dagrun for youtube_video_stats to 2025-12-14 14:00:00+00:00, run_after=2025-12-15 14:00:00+00:00
[2025-12-14T15:04:57.912+0000] {processor.py:183} INFO - Processing /opt/airflow/dags/main.py took 0.126 seconds
[2025-12-14T15:05:28.093+0000] {processor.py:161} INFO - Started process (PID=3858) to work on /opt/airflow/dags/main.py
[2025-12-14T15:05:28.095+0000] {processor.py:830} INFO - Processing file /opt/airflow/dags/main.py for tasks to queue
[2025-12-14T15:05:28.097+0000] {logging_mixin.py:188} INFO - [2025-12-14T15:05:28.097+0000] {dagbag.py:545} INFO - Filling up the DagBag from /opt/airflow/dags/main.py
[2025-12-14T15:05:28.132+0000] {processor.py:840} INFO - DAG(s) 'youtube_video_stats' retrieved from /opt/airflow/dags/main.py
[2025-12-14T15:05:28.155+0000] {logging_mixin.py:188} INFO - [2025-12-14T15:05:28.154+0000] {dag.py:3096} INFO - Sync 1 DAGs
[2025-12-14T15:05:28.176+0000] {logging_mixin.py:188} INFO - [2025-12-14T15:05:28.175+0000] {dag.py:3954} INFO - Setting next_dagrun for youtube_video_stats to 2025-12-14 14:00:00+00:00, run_after=2025-12-15 14:00:00+00:00
[2025-12-14T15:05:28.192+0000] {processor.py:183} INFO - Processing /opt/airflow/dags/main.py took 0.105 seconds
[2025-12-14T15:05:58.394+0000] {processor.py:161} INFO - Started process (PID=3865) to work on /opt/airflow/dags/main.py
[2025-12-14T15:05:58.395+0000] {processor.py:830} INFO - Processing file /opt/airflow/dags/main.py for tasks to queue
[2025-12-14T15:05:58.397+0000] {logging_mixin.py:188} INFO - [2025-12-14T15:05:58.397+0000] {dagbag.py:545} INFO - Filling up the DagBag from /opt/airflow/dags/main.py
[2025-12-14T15:05:58.431+0000] {processor.py:840} INFO - DAG(s) 'youtube_video_stats' retrieved from /opt/airflow/dags/main.py
[2025-12-14T15:05:58.456+0000] {logging_mixin.py:188} INFO - [2025-12-14T15:05:58.456+0000] {dag.py:3096} INFO - Sync 1 DAGs
[2025-12-14T15:05:58.475+0000] {logging_mixin.py:188} INFO - [2025-12-14T15:05:58.475+0000] {dag.py:3954} INFO - Setting next_dagrun for youtube_video_stats to 2025-12-14 14:00:00+00:00, run_after=2025-12-15 14:00:00+00:00
[2025-12-14T15:05:58.497+0000] {processor.py:183} INFO - Processing /opt/airflow/dags/main.py took 0.110 seconds
[2025-12-14T15:06:28.685+0000] {processor.py:161} INFO - Started process (PID=3872) to work on /opt/airflow/dags/main.py
[2025-12-14T15:06:28.686+0000] {processor.py:830} INFO - Processing file /opt/airflow/dags/main.py for tasks to queue
[2025-12-14T15:06:28.687+0000] {logging_mixin.py:188} INFO - [2025-12-14T15:06:28.687+0000] {dagbag.py:545} INFO - Filling up the DagBag from /opt/airflow/dags/main.py
[2025-12-14T15:06:28.726+0000] {processor.py:840} INFO - DAG(s) 'youtube_video_stats' retrieved from /opt/airflow/dags/main.py
[2025-12-14T15:06:28.752+0000] {logging_mixin.py:188} INFO - [2025-12-14T15:06:28.752+0000] {dag.py:3096} INFO - Sync 1 DAGs
[2025-12-14T15:06:28.773+0000] {logging_mixin.py:188} INFO - [2025-12-14T15:06:28.773+0000] {dag.py:3954} INFO - Setting next_dagrun for youtube_video_stats to 2025-12-14 14:00:00+00:00, run_after=2025-12-15 14:00:00+00:00
[2025-12-14T15:06:28.800+0000] {processor.py:183} INFO - Processing /opt/airflow/dags/main.py took 0.121 seconds
[2025-12-14T15:06:58.899+0000] {processor.py:161} INFO - Started process (PID=3879) to work on /opt/airflow/dags/main.py
[2025-12-14T15:06:58.901+0000] {processor.py:830} INFO - Processing file /opt/airflow/dags/main.py for tasks to queue
[2025-12-14T15:06:58.904+0000] {logging_mixin.py:188} INFO - [2025-12-14T15:06:58.903+0000] {dagbag.py:545} INFO - Filling up the DagBag from /opt/airflow/dags/main.py
[2025-12-14T15:06:58.957+0000] {processor.py:840} INFO - DAG(s) 'youtube_video_stats' retrieved from /opt/airflow/dags/main.py
[2025-12-14T15:06:58.985+0000] {logging_mixin.py:188} INFO - [2025-12-14T15:06:58.985+0000] {dag.py:3096} INFO - Sync 1 DAGs
[2025-12-14T15:06:59.007+0000] {logging_mixin.py:188} INFO - [2025-12-14T15:06:59.007+0000] {dag.py:3954} INFO - Setting next_dagrun for youtube_video_stats to 2025-12-14 14:00:00+00:00, run_after=2025-12-15 14:00:00+00:00
[2025-12-14T15:06:59.031+0000] {processor.py:183} INFO - Processing /opt/airflow/dags/main.py took 0.137 seconds
[2025-12-14T15:07:29.215+0000] {processor.py:161} INFO - Started process (PID=3886) to work on /opt/airflow/dags/main.py
[2025-12-14T15:07:29.216+0000] {processor.py:830} INFO - Processing file /opt/airflow/dags/main.py for tasks to queue
[2025-12-14T15:07:29.218+0000] {logging_mixin.py:188} INFO - [2025-12-14T15:07:29.218+0000] {dagbag.py:545} INFO - Filling up the DagBag from /opt/airflow/dags/main.py
[2025-12-14T15:07:29.279+0000] {processor.py:840} INFO - DAG(s) 'youtube_video_stats' retrieved from /opt/airflow/dags/main.py
[2025-12-14T15:07:29.302+0000] {logging_mixin.py:188} INFO - [2025-12-14T15:07:29.302+0000] {dag.py:3096} INFO - Sync 1 DAGs
[2025-12-14T15:07:29.323+0000] {logging_mixin.py:188} INFO - [2025-12-14T15:07:29.323+0000] {dag.py:3954} INFO - Setting next_dagrun for youtube_video_stats to 2025-12-14 14:00:00+00:00, run_after=2025-12-15 14:00:00+00:00
[2025-12-14T15:07:29.338+0000] {processor.py:183} INFO - Processing /opt/airflow/dags/main.py took 0.129 seconds
[2025-12-14T15:07:59.434+0000] {processor.py:161} INFO - Started process (PID=3893) to work on /opt/airflow/dags/main.py
[2025-12-14T15:07:59.435+0000] {processor.py:830} INFO - Processing file /opt/airflow/dags/main.py for tasks to queue
[2025-12-14T15:07:59.437+0000] {logging_mixin.py:188} INFO - [2025-12-14T15:07:59.437+0000] {dagbag.py:545} INFO - Filling up the DagBag from /opt/airflow/dags/main.py
[2025-12-14T15:07:59.478+0000] {processor.py:840} INFO - DAG(s) 'youtube_video_stats' retrieved from /opt/airflow/dags/main.py
[2025-12-14T15:07:59.501+0000] {logging_mixin.py:188} INFO - [2025-12-14T15:07:59.501+0000] {dag.py:3096} INFO - Sync 1 DAGs
[2025-12-14T15:07:59.521+0000] {logging_mixin.py:188} INFO - [2025-12-14T15:07:59.521+0000] {dag.py:3954} INFO - Setting next_dagrun for youtube_video_stats to 2025-12-14 14:00:00+00:00, run_after=2025-12-15 14:00:00+00:00
[2025-12-14T15:07:59.543+0000] {processor.py:183} INFO - Processing /opt/airflow/dags/main.py took 0.116 seconds
[2025-12-14T15:08:29.744+0000] {processor.py:161} INFO - Started process (PID=3900) to work on /opt/airflow/dags/main.py
[2025-12-14T15:08:29.745+0000] {processor.py:830} INFO - Processing file /opt/airflow/dags/main.py for tasks to queue
[2025-12-14T15:08:29.747+0000] {logging_mixin.py:188} INFO - [2025-12-14T15:08:29.747+0000] {dagbag.py:545} INFO - Filling up the DagBag from /opt/airflow/dags/main.py
[2025-12-14T15:08:29.780+0000] {processor.py:840} INFO - DAG(s) 'youtube_video_stats' retrieved from /opt/airflow/dags/main.py
[2025-12-14T15:08:29.803+0000] {logging_mixin.py:188} INFO - [2025-12-14T15:08:29.803+0000] {dag.py:3096} INFO - Sync 1 DAGs
[2025-12-14T15:08:29.822+0000] {logging_mixin.py:188} INFO - [2025-12-14T15:08:29.822+0000] {dag.py:3954} INFO - Setting next_dagrun for youtube_video_stats to 2025-12-14 14:00:00+00:00, run_after=2025-12-15 14:00:00+00:00
[2025-12-14T15:08:29.843+0000] {processor.py:183} INFO - Processing /opt/airflow/dags/main.py took 0.103 seconds
[2025-12-14T15:08:59.945+0000] {processor.py:161} INFO - Started process (PID=3907) to work on /opt/airflow/dags/main.py
[2025-12-14T15:08:59.946+0000] {processor.py:830} INFO - Processing file /opt/airflow/dags/main.py for tasks to queue
[2025-12-14T15:08:59.948+0000] {logging_mixin.py:188} INFO - [2025-12-14T15:08:59.948+0000] {dagbag.py:545} INFO - Filling up the DagBag from /opt/airflow/dags/main.py
[2025-12-14T15:08:59.986+0000] {processor.py:840} INFO - DAG(s) 'youtube_video_stats' retrieved from /opt/airflow/dags/main.py
[2025-12-14T15:09:00.011+0000] {logging_mixin.py:188} INFO - [2025-12-14T15:09:00.011+0000] {dag.py:3096} INFO - Sync 1 DAGs
[2025-12-14T15:09:00.034+0000] {logging_mixin.py:188} INFO - [2025-12-14T15:09:00.034+0000] {dag.py:3954} INFO - Setting next_dagrun for youtube_video_stats to 2025-12-14 14:00:00+00:00, run_after=2025-12-15 14:00:00+00:00
[2025-12-14T15:09:00.052+0000] {processor.py:183} INFO - Processing /opt/airflow/dags/main.py took 0.115 seconds
[2025-12-14T15:09:30.223+0000] {processor.py:161} INFO - Started process (PID=3914) to work on /opt/airflow/dags/main.py
[2025-12-14T15:09:30.224+0000] {processor.py:830} INFO - Processing file /opt/airflow/dags/main.py for tasks to queue
[2025-12-14T15:09:30.226+0000] {logging_mixin.py:188} INFO - [2025-12-14T15:09:30.225+0000] {dagbag.py:545} INFO - Filling up the DagBag from /opt/airflow/dags/main.py
[2025-12-14T15:09:30.283+0000] {processor.py:840} INFO - DAG(s) 'youtube_video_stats' retrieved from /opt/airflow/dags/main.py
[2025-12-14T15:09:30.308+0000] {logging_mixin.py:188} INFO - [2025-12-14T15:09:30.308+0000] {dag.py:3096} INFO - Sync 1 DAGs
[2025-12-14T15:09:30.327+0000] {logging_mixin.py:188} INFO - [2025-12-14T15:09:30.327+0000] {dag.py:3954} INFO - Setting next_dagrun for youtube_video_stats to 2025-12-14 14:00:00+00:00, run_after=2025-12-15 14:00:00+00:00
[2025-12-14T15:09:30.345+0000] {processor.py:183} INFO - Processing /opt/airflow/dags/main.py took 0.127 seconds
[2025-12-14T15:10:00.441+0000] {processor.py:161} INFO - Started process (PID=3921) to work on /opt/airflow/dags/main.py
[2025-12-14T15:10:00.442+0000] {processor.py:830} INFO - Processing file /opt/airflow/dags/main.py for tasks to queue
[2025-12-14T15:10:00.444+0000] {logging_mixin.py:188} INFO - [2025-12-14T15:10:00.444+0000] {dagbag.py:545} INFO - Filling up the DagBag from /opt/airflow/dags/main.py
[2025-12-14T15:10:00.482+0000] {processor.py:840} INFO - DAG(s) 'youtube_video_stats' retrieved from /opt/airflow/dags/main.py
[2025-12-14T15:10:00.512+0000] {logging_mixin.py:188} INFO - [2025-12-14T15:10:00.512+0000] {dag.py:3096} INFO - Sync 1 DAGs
[2025-12-14T15:10:00.532+0000] {logging_mixin.py:188} INFO - [2025-12-14T15:10:00.532+0000] {dag.py:3954} INFO - Setting next_dagrun for youtube_video_stats to 2025-12-14 14:00:00+00:00, run_after=2025-12-15 14:00:00+00:00
[2025-12-14T15:10:00.555+0000] {processor.py:183} INFO - Processing /opt/airflow/dags/main.py took 0.124 seconds
[2025-12-14T15:10:30.755+0000] {processor.py:161} INFO - Started process (PID=3928) to work on /opt/airflow/dags/main.py
[2025-12-14T15:10:30.756+0000] {processor.py:830} INFO - Processing file /opt/airflow/dags/main.py for tasks to queue
[2025-12-14T15:10:30.758+0000] {logging_mixin.py:188} INFO - [2025-12-14T15:10:30.757+0000] {dagbag.py:545} INFO - Filling up the DagBag from /opt/airflow/dags/main.py
[2025-12-14T15:10:30.789+0000] {processor.py:840} INFO - DAG(s) 'youtube_video_stats' retrieved from /opt/airflow/dags/main.py
[2025-12-14T15:10:30.812+0000] {logging_mixin.py:188} INFO - [2025-12-14T15:10:30.812+0000] {dag.py:3096} INFO - Sync 1 DAGs
[2025-12-14T15:10:30.840+0000] {logging_mixin.py:188} INFO - [2025-12-14T15:10:30.840+0000] {dag.py:3954} INFO - Setting next_dagrun for youtube_video_stats to 2025-12-14 14:00:00+00:00, run_after=2025-12-15 14:00:00+00:00
[2025-12-14T15:10:30.882+0000] {processor.py:183} INFO - Processing /opt/airflow/dags/main.py took 0.132 seconds
[2025-12-14T15:11:00.992+0000] {processor.py:161} INFO - Started process (PID=3935) to work on /opt/airflow/dags/main.py
[2025-12-14T15:11:00.993+0000] {processor.py:830} INFO - Processing file /opt/airflow/dags/main.py for tasks to queue
[2025-12-14T15:11:00.995+0000] {logging_mixin.py:188} INFO - [2025-12-14T15:11:00.995+0000] {dagbag.py:545} INFO - Filling up the DagBag from /opt/airflow/dags/main.py
[2025-12-14T15:11:01.032+0000] {processor.py:840} INFO - DAG(s) 'youtube_video_stats' retrieved from /opt/airflow/dags/main.py
[2025-12-14T15:11:01.061+0000] {logging_mixin.py:188} INFO - [2025-12-14T15:11:01.061+0000] {dag.py:3096} INFO - Sync 1 DAGs
[2025-12-14T15:11:01.080+0000] {logging_mixin.py:188} INFO - [2025-12-14T15:11:01.080+0000] {dag.py:3954} INFO - Setting next_dagrun for youtube_video_stats to 2025-12-14 14:00:00+00:00, run_after=2025-12-15 14:00:00+00:00
[2025-12-14T15:11:01.097+0000] {processor.py:183} INFO - Processing /opt/airflow/dags/main.py took 0.113 seconds
[2025-12-14T15:11:31.579+0000] {processor.py:161} INFO - Started process (PID=3942) to work on /opt/airflow/dags/main.py
[2025-12-14T15:11:31.580+0000] {processor.py:830} INFO - Processing file /opt/airflow/dags/main.py for tasks to queue
[2025-12-14T15:11:31.582+0000] {logging_mixin.py:188} INFO - [2025-12-14T15:11:31.582+0000] {dagbag.py:545} INFO - Filling up the DagBag from /opt/airflow/dags/main.py
[2025-12-14T15:11:31.619+0000] {processor.py:840} INFO - DAG(s) 'youtube_video_stats' retrieved from /opt/airflow/dags/main.py
[2025-12-14T15:11:31.648+0000] {logging_mixin.py:188} INFO - [2025-12-14T15:11:31.647+0000] {dag.py:3096} INFO - Sync 1 DAGs
[2025-12-14T15:11:31.671+0000] {logging_mixin.py:188} INFO - [2025-12-14T15:11:31.670+0000] {dag.py:3954} INFO - Setting next_dagrun for youtube_video_stats to 2025-12-14 14:00:00+00:00, run_after=2025-12-15 14:00:00+00:00
[2025-12-14T15:11:31.694+0000] {processor.py:183} INFO - Processing /opt/airflow/dags/main.py took 0.120 seconds
[2025-12-14T15:12:01.758+0000] {processor.py:161} INFO - Started process (PID=3949) to work on /opt/airflow/dags/main.py
[2025-12-14T15:12:01.759+0000] {processor.py:830} INFO - Processing file /opt/airflow/dags/main.py for tasks to queue
[2025-12-14T15:12:01.761+0000] {logging_mixin.py:188} INFO - [2025-12-14T15:12:01.760+0000] {dagbag.py:545} INFO - Filling up the DagBag from /opt/airflow/dags/main.py
[2025-12-14T15:12:01.799+0000] {processor.py:840} INFO - DAG(s) 'youtube_video_stats' retrieved from /opt/airflow/dags/main.py
[2025-12-14T15:12:01.824+0000] {logging_mixin.py:188} INFO - [2025-12-14T15:12:01.824+0000] {dag.py:3096} INFO - Sync 1 DAGs
[2025-12-14T15:12:01.843+0000] {logging_mixin.py:188} INFO - [2025-12-14T15:12:01.842+0000] {dag.py:3954} INFO - Setting next_dagrun for youtube_video_stats to 2025-12-14 14:00:00+00:00, run_after=2025-12-15 14:00:00+00:00
[2025-12-14T15:12:01.862+0000] {processor.py:183} INFO - Processing /opt/airflow/dags/main.py took 0.110 seconds
[2025-12-14T15:12:32.031+0000] {processor.py:161} INFO - Started process (PID=3956) to work on /opt/airflow/dags/main.py
[2025-12-14T15:12:32.032+0000] {processor.py:830} INFO - Processing file /opt/airflow/dags/main.py for tasks to queue
[2025-12-14T15:12:32.034+0000] {logging_mixin.py:188} INFO - [2025-12-14T15:12:32.034+0000] {dagbag.py:545} INFO - Filling up the DagBag from /opt/airflow/dags/main.py
[2025-12-14T15:12:32.070+0000] {processor.py:840} INFO - DAG(s) 'youtube_video_stats' retrieved from /opt/airflow/dags/main.py
[2025-12-14T15:12:32.094+0000] {logging_mixin.py:188} INFO - [2025-12-14T15:12:32.094+0000] {dag.py:3096} INFO - Sync 1 DAGs
[2025-12-14T15:12:32.114+0000] {logging_mixin.py:188} INFO - [2025-12-14T15:12:32.114+0000] {dag.py:3954} INFO - Setting next_dagrun for youtube_video_stats to 2025-12-14 14:00:00+00:00, run_after=2025-12-15 14:00:00+00:00
[2025-12-14T15:12:32.134+0000] {processor.py:183} INFO - Processing /opt/airflow/dags/main.py took 0.109 seconds
[2025-12-14T15:13:02.224+0000] {processor.py:161} INFO - Started process (PID=3963) to work on /opt/airflow/dags/main.py
[2025-12-14T15:13:02.225+0000] {processor.py:830} INFO - Processing file /opt/airflow/dags/main.py for tasks to queue
[2025-12-14T15:13:02.227+0000] {logging_mixin.py:188} INFO - [2025-12-14T15:13:02.227+0000] {dagbag.py:545} INFO - Filling up the DagBag from /opt/airflow/dags/main.py
[2025-12-14T15:13:02.265+0000] {processor.py:840} INFO - DAG(s) 'youtube_video_stats' retrieved from /opt/airflow/dags/main.py
[2025-12-14T15:13:02.295+0000] {logging_mixin.py:188} INFO - [2025-12-14T15:13:02.295+0000] {dag.py:3096} INFO - Sync 1 DAGs
[2025-12-14T15:13:02.318+0000] {logging_mixin.py:188} INFO - [2025-12-14T15:13:02.317+0000] {dag.py:3954} INFO - Setting next_dagrun for youtube_video_stats to 2025-12-14 14:00:00+00:00, run_after=2025-12-15 14:00:00+00:00
[2025-12-14T15:13:02.337+0000] {processor.py:183} INFO - Processing /opt/airflow/dags/main.py took 0.123 seconds
[2025-12-14T15:13:32.522+0000] {processor.py:161} INFO - Started process (PID=3970) to work on /opt/airflow/dags/main.py
[2025-12-14T15:13:32.523+0000] {processor.py:830} INFO - Processing file /opt/airflow/dags/main.py for tasks to queue
[2025-12-14T15:13:32.525+0000] {logging_mixin.py:188} INFO - [2025-12-14T15:13:32.525+0000] {dagbag.py:545} INFO - Filling up the DagBag from /opt/airflow/dags/main.py
[2025-12-14T15:13:32.562+0000] {processor.py:840} INFO - DAG(s) 'youtube_video_stats' retrieved from /opt/airflow/dags/main.py
[2025-12-14T15:13:32.586+0000] {logging_mixin.py:188} INFO - [2025-12-14T15:13:32.586+0000] {dag.py:3096} INFO - Sync 1 DAGs
[2025-12-14T15:13:32.608+0000] {logging_mixin.py:188} INFO - [2025-12-14T15:13:32.608+0000] {dag.py:3954} INFO - Setting next_dagrun for youtube_video_stats to 2025-12-14 14:00:00+00:00, run_after=2025-12-15 14:00:00+00:00
[2025-12-14T15:13:32.628+0000] {processor.py:183} INFO - Processing /opt/airflow/dags/main.py took 0.116 seconds
[2025-12-14T15:14:02.757+0000] {processor.py:161} INFO - Started process (PID=3977) to work on /opt/airflow/dags/main.py
[2025-12-14T15:14:02.759+0000] {processor.py:830} INFO - Processing file /opt/airflow/dags/main.py for tasks to queue
[2025-12-14T15:14:02.761+0000] {logging_mixin.py:188} INFO - [2025-12-14T15:14:02.760+0000] {dagbag.py:545} INFO - Filling up the DagBag from /opt/airflow/dags/main.py
[2025-12-14T15:14:02.797+0000] {processor.py:840} INFO - DAG(s) 'youtube_video_stats' retrieved from /opt/airflow/dags/main.py
[2025-12-14T15:14:02.820+0000] {logging_mixin.py:188} INFO - [2025-12-14T15:14:02.820+0000] {dag.py:3096} INFO - Sync 1 DAGs
[2025-12-14T15:14:02.839+0000] {logging_mixin.py:188} INFO - [2025-12-14T15:14:02.839+0000] {dag.py:3954} INFO - Setting next_dagrun for youtube_video_stats to 2025-12-14 14:00:00+00:00, run_after=2025-12-15 14:00:00+00:00
[2025-12-14T15:14:02.857+0000] {processor.py:183} INFO - Processing /opt/airflow/dags/main.py took 0.105 seconds
[2025-12-14T15:14:33.027+0000] {processor.py:161} INFO - Started process (PID=3984) to work on /opt/airflow/dags/main.py
[2025-12-14T15:14:33.029+0000] {processor.py:830} INFO - Processing file /opt/airflow/dags/main.py for tasks to queue
[2025-12-14T15:14:33.030+0000] {logging_mixin.py:188} INFO - [2025-12-14T15:14:33.030+0000] {dagbag.py:545} INFO - Filling up the DagBag from /opt/airflow/dags/main.py
[2025-12-14T15:14:33.071+0000] {processor.py:840} INFO - DAG(s) 'youtube_video_stats' retrieved from /opt/airflow/dags/main.py
[2025-12-14T15:14:33.097+0000] {logging_mixin.py:188} INFO - [2025-12-14T15:14:33.097+0000] {dag.py:3096} INFO - Sync 1 DAGs
[2025-12-14T15:14:33.116+0000] {logging_mixin.py:188} INFO - [2025-12-14T15:14:33.116+0000] {dag.py:3954} INFO - Setting next_dagrun for youtube_video_stats to 2025-12-14 14:00:00+00:00, run_after=2025-12-15 14:00:00+00:00
[2025-12-14T15:14:33.137+0000] {processor.py:183} INFO - Processing /opt/airflow/dags/main.py took 0.116 seconds
[2025-12-14T15:15:03.286+0000] {processor.py:161} INFO - Started process (PID=3992) to work on /opt/airflow/dags/main.py
[2025-12-14T15:15:03.287+0000] {processor.py:830} INFO - Processing file /opt/airflow/dags/main.py for tasks to queue
[2025-12-14T15:15:03.289+0000] {logging_mixin.py:188} INFO - [2025-12-14T15:15:03.289+0000] {dagbag.py:545} INFO - Filling up the DagBag from /opt/airflow/dags/main.py
[2025-12-14T15:15:03.325+0000] {processor.py:840} INFO - DAG(s) 'youtube_video_stats' retrieved from /opt/airflow/dags/main.py
[2025-12-14T15:15:03.348+0000] {logging_mixin.py:188} INFO - [2025-12-14T15:15:03.347+0000] {dag.py:3096} INFO - Sync 1 DAGs
[2025-12-14T15:15:03.366+0000] {logging_mixin.py:188} INFO - [2025-12-14T15:15:03.366+0000] {dag.py:3954} INFO - Setting next_dagrun for youtube_video_stats to 2025-12-14 14:00:00+00:00, run_after=2025-12-15 14:00:00+00:00
[2025-12-14T15:15:03.389+0000] {processor.py:183} INFO - Processing /opt/airflow/dags/main.py took 0.107 seconds
[2025-12-14T15:15:33.602+0000] {processor.py:161} INFO - Started process (PID=3999) to work on /opt/airflow/dags/main.py
[2025-12-14T15:15:33.603+0000] {processor.py:830} INFO - Processing file /opt/airflow/dags/main.py for tasks to queue
[2025-12-14T15:15:33.605+0000] {logging_mixin.py:188} INFO - [2025-12-14T15:15:33.604+0000] {dagbag.py:545} INFO - Filling up the DagBag from /opt/airflow/dags/main.py
[2025-12-14T15:15:33.638+0000] {processor.py:840} INFO - DAG(s) 'youtube_video_stats' retrieved from /opt/airflow/dags/main.py
[2025-12-14T15:15:33.663+0000] {logging_mixin.py:188} INFO - [2025-12-14T15:15:33.663+0000] {dag.py:3096} INFO - Sync 1 DAGs
[2025-12-14T15:15:33.682+0000] {logging_mixin.py:188} INFO - [2025-12-14T15:15:33.682+0000] {dag.py:3954} INFO - Setting next_dagrun for youtube_video_stats to 2025-12-14 14:00:00+00:00, run_after=2025-12-15 14:00:00+00:00
[2025-12-14T15:15:33.704+0000] {processor.py:183} INFO - Processing /opt/airflow/dags/main.py took 0.107 seconds
[2025-12-14T15:16:03.872+0000] {processor.py:161} INFO - Started process (PID=4006) to work on /opt/airflow/dags/main.py
[2025-12-14T15:16:03.873+0000] {processor.py:830} INFO - Processing file /opt/airflow/dags/main.py for tasks to queue
[2025-12-14T15:16:03.875+0000] {logging_mixin.py:188} INFO - [2025-12-14T15:16:03.875+0000] {dagbag.py:545} INFO - Filling up the DagBag from /opt/airflow/dags/main.py
[2025-12-14T15:16:03.909+0000] {processor.py:840} INFO - DAG(s) 'youtube_video_stats' retrieved from /opt/airflow/dags/main.py
[2025-12-14T15:16:03.932+0000] {logging_mixin.py:188} INFO - [2025-12-14T15:16:03.932+0000] {dag.py:3096} INFO - Sync 1 DAGs
[2025-12-14T15:16:03.951+0000] {logging_mixin.py:188} INFO - [2025-12-14T15:16:03.951+0000] {dag.py:3954} INFO - Setting next_dagrun for youtube_video_stats to 2025-12-14 14:00:00+00:00, run_after=2025-12-15 14:00:00+00:00
[2025-12-14T15:16:03.973+0000] {processor.py:183} INFO - Processing /opt/airflow/dags/main.py took 0.106 seconds
[2025-12-14T15:16:34.257+0000] {processor.py:161} INFO - Started process (PID=4013) to work on /opt/airflow/dags/main.py
[2025-12-14T15:16:34.258+0000] {processor.py:830} INFO - Processing file /opt/airflow/dags/main.py for tasks to queue
[2025-12-14T15:16:34.260+0000] {logging_mixin.py:188} INFO - [2025-12-14T15:16:34.260+0000] {dagbag.py:545} INFO - Filling up the DagBag from /opt/airflow/dags/main.py
[2025-12-14T15:16:34.302+0000] {processor.py:840} INFO - DAG(s) 'youtube_video_stats' retrieved from /opt/airflow/dags/main.py
[2025-12-14T15:16:34.327+0000] {logging_mixin.py:188} INFO - [2025-12-14T15:16:34.327+0000] {dag.py:3096} INFO - Sync 1 DAGs
[2025-12-14T15:16:34.347+0000] {logging_mixin.py:188} INFO - [2025-12-14T15:16:34.347+0000] {dag.py:3954} INFO - Setting next_dagrun for youtube_video_stats to 2025-12-14 14:00:00+00:00, run_after=2025-12-15 14:00:00+00:00
[2025-12-14T15:16:34.371+0000] {processor.py:183} INFO - Processing /opt/airflow/dags/main.py took 0.120 seconds
[2025-12-14T15:17:04.547+0000] {processor.py:161} INFO - Started process (PID=4020) to work on /opt/airflow/dags/main.py
[2025-12-14T15:17:04.548+0000] {processor.py:830} INFO - Processing file /opt/airflow/dags/main.py for tasks to queue
[2025-12-14T15:17:04.551+0000] {logging_mixin.py:188} INFO - [2025-12-14T15:17:04.550+0000] {dagbag.py:545} INFO - Filling up the DagBag from /opt/airflow/dags/main.py
[2025-12-14T15:17:04.587+0000] {processor.py:840} INFO - DAG(s) 'youtube_video_stats' retrieved from /opt/airflow/dags/main.py
[2025-12-14T15:17:04.610+0000] {logging_mixin.py:188} INFO - [2025-12-14T15:17:04.610+0000] {dag.py:3096} INFO - Sync 1 DAGs
[2025-12-14T15:17:04.628+0000] {logging_mixin.py:188} INFO - [2025-12-14T15:17:04.628+0000] {dag.py:3954} INFO - Setting next_dagrun for youtube_video_stats to 2025-12-14 14:00:00+00:00, run_after=2025-12-15 14:00:00+00:00
[2025-12-14T15:17:04.646+0000] {processor.py:183} INFO - Processing /opt/airflow/dags/main.py took 0.106 seconds
[2025-12-14T15:17:34.856+0000] {processor.py:161} INFO - Started process (PID=4028) to work on /opt/airflow/dags/main.py
[2025-12-14T15:17:34.857+0000] {processor.py:830} INFO - Processing file /opt/airflow/dags/main.py for tasks to queue
[2025-12-14T15:17:34.859+0000] {logging_mixin.py:188} INFO - [2025-12-14T15:17:34.859+0000] {dagbag.py:545} INFO - Filling up the DagBag from /opt/airflow/dags/main.py
[2025-12-14T15:17:34.892+0000] {processor.py:840} INFO - DAG(s) 'youtube_video_stats' retrieved from /opt/airflow/dags/main.py
[2025-12-14T15:17:34.913+0000] {logging_mixin.py:188} INFO - [2025-12-14T15:17:34.913+0000] {dag.py:3096} INFO - Sync 1 DAGs
[2025-12-14T15:17:34.931+0000] {logging_mixin.py:188} INFO - [2025-12-14T15:17:34.931+0000] {dag.py:3954} INFO - Setting next_dagrun for youtube_video_stats to 2025-12-14 14:00:00+00:00, run_after=2025-12-15 14:00:00+00:00
[2025-12-14T15:17:34.953+0000] {processor.py:183} INFO - Processing /opt/airflow/dags/main.py took 0.102 seconds
[2025-12-14T15:18:05.067+0000] {processor.py:161} INFO - Started process (PID=4035) to work on /opt/airflow/dags/main.py
[2025-12-14T15:18:05.068+0000] {processor.py:830} INFO - Processing file /opt/airflow/dags/main.py for tasks to queue
[2025-12-14T15:18:05.070+0000] {logging_mixin.py:188} INFO - [2025-12-14T15:18:05.069+0000] {dagbag.py:545} INFO - Filling up the DagBag from /opt/airflow/dags/main.py
[2025-12-14T15:18:05.103+0000] {processor.py:840} INFO - DAG(s) 'youtube_video_stats' retrieved from /opt/airflow/dags/main.py
[2025-12-14T15:18:05.125+0000] {logging_mixin.py:188} INFO - [2025-12-14T15:18:05.125+0000] {dag.py:3096} INFO - Sync 1 DAGs
[2025-12-14T15:18:05.143+0000] {logging_mixin.py:188} INFO - [2025-12-14T15:18:05.142+0000] {dag.py:3954} INFO - Setting next_dagrun for youtube_video_stats to 2025-12-14 14:00:00+00:00, run_after=2025-12-15 14:00:00+00:00
[2025-12-14T15:18:05.163+0000] {processor.py:183} INFO - Processing /opt/airflow/dags/main.py took 0.102 seconds
[2025-12-14T15:18:35.380+0000] {processor.py:161} INFO - Started process (PID=4042) to work on /opt/airflow/dags/main.py
[2025-12-14T15:18:35.381+0000] {processor.py:830} INFO - Processing file /opt/airflow/dags/main.py for tasks to queue
[2025-12-14T15:18:35.383+0000] {logging_mixin.py:188} INFO - [2025-12-14T15:18:35.382+0000] {dagbag.py:545} INFO - Filling up the DagBag from /opt/airflow/dags/main.py
[2025-12-14T15:18:35.415+0000] {processor.py:840} INFO - DAG(s) 'youtube_video_stats' retrieved from /opt/airflow/dags/main.py
[2025-12-14T15:18:35.438+0000] {logging_mixin.py:188} INFO - [2025-12-14T15:18:35.437+0000] {dag.py:3096} INFO - Sync 1 DAGs
[2025-12-14T15:18:35.456+0000] {logging_mixin.py:188} INFO - [2025-12-14T15:18:35.456+0000] {dag.py:3954} INFO - Setting next_dagrun for youtube_video_stats to 2025-12-14 14:00:00+00:00, run_after=2025-12-15 14:00:00+00:00
[2025-12-14T15:18:35.479+0000] {processor.py:183} INFO - Processing /opt/airflow/dags/main.py took 0.104 seconds
[2025-12-14T15:19:05.677+0000] {processor.py:161} INFO - Started process (PID=4050) to work on /opt/airflow/dags/main.py
[2025-12-14T15:19:05.678+0000] {processor.py:830} INFO - Processing file /opt/airflow/dags/main.py for tasks to queue
[2025-12-14T15:19:05.680+0000] {logging_mixin.py:188} INFO - [2025-12-14T15:19:05.680+0000] {dagbag.py:545} INFO - Filling up the DagBag from /opt/airflow/dags/main.py
[2025-12-14T15:19:05.721+0000] {processor.py:840} INFO - DAG(s) 'youtube_video_stats' retrieved from /opt/airflow/dags/main.py
[2025-12-14T15:19:05.750+0000] {logging_mixin.py:188} INFO - [2025-12-14T15:19:05.750+0000] {dag.py:3096} INFO - Sync 1 DAGs
[2025-12-14T15:19:05.769+0000] {logging_mixin.py:188} INFO - [2025-12-14T15:19:05.769+0000] {dag.py:3954} INFO - Setting next_dagrun for youtube_video_stats to 2025-12-14 14:00:00+00:00, run_after=2025-12-15 14:00:00+00:00
[2025-12-14T15:19:05.790+0000] {processor.py:183} INFO - Processing /opt/airflow/dags/main.py took 0.118 seconds
[2025-12-14T15:19:35.906+0000] {processor.py:161} INFO - Started process (PID=4057) to work on /opt/airflow/dags/main.py
[2025-12-14T15:19:35.907+0000] {processor.py:830} INFO - Processing file /opt/airflow/dags/main.py for tasks to queue
[2025-12-14T15:19:35.909+0000] {logging_mixin.py:188} INFO - [2025-12-14T15:19:35.909+0000] {dagbag.py:545} INFO - Filling up the DagBag from /opt/airflow/dags/main.py
[2025-12-14T15:19:35.944+0000] {processor.py:840} INFO - DAG(s) 'youtube_video_stats' retrieved from /opt/airflow/dags/main.py
[2025-12-14T15:19:35.966+0000] {logging_mixin.py:188} INFO - [2025-12-14T15:19:35.966+0000] {dag.py:3096} INFO - Sync 1 DAGs
[2025-12-14T15:19:35.985+0000] {logging_mixin.py:188} INFO - [2025-12-14T15:19:35.985+0000] {dag.py:3954} INFO - Setting next_dagrun for youtube_video_stats to 2025-12-14 14:00:00+00:00, run_after=2025-12-15 14:00:00+00:00
[2025-12-14T15:19:36.007+0000] {processor.py:183} INFO - Processing /opt/airflow/dags/main.py took 0.106 seconds
[2025-12-14T15:20:06.268+0000] {processor.py:161} INFO - Started process (PID=4064) to work on /opt/airflow/dags/main.py
[2025-12-14T15:20:06.269+0000] {processor.py:830} INFO - Processing file /opt/airflow/dags/main.py for tasks to queue
[2025-12-14T15:20:06.271+0000] {logging_mixin.py:188} INFO - [2025-12-14T15:20:06.270+0000] {dagbag.py:545} INFO - Filling up the DagBag from /opt/airflow/dags/main.py
[2025-12-14T15:20:06.305+0000] {processor.py:840} INFO - DAG(s) 'youtube_video_stats' retrieved from /opt/airflow/dags/main.py
[2025-12-14T15:20:06.327+0000] {logging_mixin.py:188} INFO - [2025-12-14T15:20:06.327+0000] {dag.py:3096} INFO - Sync 1 DAGs
[2025-12-14T15:20:06.345+0000] {logging_mixin.py:188} INFO - [2025-12-14T15:20:06.345+0000] {dag.py:3954} INFO - Setting next_dagrun for youtube_video_stats to 2025-12-14 14:00:00+00:00, run_after=2025-12-15 14:00:00+00:00
[2025-12-14T15:20:06.360+0000] {processor.py:183} INFO - Processing /opt/airflow/dags/main.py took 0.097 seconds
[2025-12-14T15:20:36.478+0000] {processor.py:161} INFO - Started process (PID=4071) to work on /opt/airflow/dags/main.py
[2025-12-14T15:20:36.479+0000] {processor.py:830} INFO - Processing file /opt/airflow/dags/main.py for tasks to queue
[2025-12-14T15:20:36.481+0000] {logging_mixin.py:188} INFO - [2025-12-14T15:20:36.481+0000] {dagbag.py:545} INFO - Filling up the DagBag from /opt/airflow/dags/main.py
[2025-12-14T15:20:36.516+0000] {processor.py:840} INFO - DAG(s) 'youtube_video_stats' retrieved from /opt/airflow/dags/main.py
[2025-12-14T15:20:36.539+0000] {logging_mixin.py:188} INFO - [2025-12-14T15:20:36.539+0000] {dag.py:3096} INFO - Sync 1 DAGs
[2025-12-14T15:20:36.557+0000] {logging_mixin.py:188} INFO - [2025-12-14T15:20:36.557+0000] {dag.py:3954} INFO - Setting next_dagrun for youtube_video_stats to 2025-12-14 14:00:00+00:00, run_after=2025-12-15 14:00:00+00:00
[2025-12-14T15:20:36.573+0000] {processor.py:183} INFO - Processing /opt/airflow/dags/main.py took 0.100 seconds
[2025-12-14T15:21:06.727+0000] {processor.py:161} INFO - Started process (PID=4078) to work on /opt/airflow/dags/main.py
[2025-12-14T15:21:06.729+0000] {processor.py:830} INFO - Processing file /opt/airflow/dags/main.py for tasks to queue
[2025-12-14T15:21:06.732+0000] {logging_mixin.py:188} INFO - [2025-12-14T15:21:06.731+0000] {dagbag.py:545} INFO - Filling up the DagBag from /opt/airflow/dags/main.py
[2025-12-14T15:21:06.784+0000] {processor.py:840} INFO - DAG(s) 'youtube_video_stats' retrieved from /opt/airflow/dags/main.py
[2025-12-14T15:21:06.813+0000] {logging_mixin.py:188} INFO - [2025-12-14T15:21:06.813+0000] {dag.py:3096} INFO - Sync 1 DAGs
[2025-12-14T15:21:06.836+0000] {logging_mixin.py:188} INFO - [2025-12-14T15:21:06.836+0000] {dag.py:3954} INFO - Setting next_dagrun for youtube_video_stats to 2025-12-14 14:00:00+00:00, run_after=2025-12-15 14:00:00+00:00
[2025-12-14T15:21:06.855+0000] {processor.py:183} INFO - Processing /opt/airflow/dags/main.py took 0.134 seconds
[2025-12-14T15:21:36.988+0000] {processor.py:161} INFO - Started process (PID=4085) to work on /opt/airflow/dags/main.py
[2025-12-14T15:21:36.989+0000] {processor.py:830} INFO - Processing file /opt/airflow/dags/main.py for tasks to queue
[2025-12-14T15:21:36.991+0000] {logging_mixin.py:188} INFO - [2025-12-14T15:21:36.991+0000] {dagbag.py:545} INFO - Filling up the DagBag from /opt/airflow/dags/main.py
[2025-12-14T15:21:37.034+0000] {processor.py:840} INFO - DAG(s) 'youtube_video_stats' retrieved from /opt/airflow/dags/main.py
[2025-12-14T15:21:37.058+0000] {logging_mixin.py:188} INFO - [2025-12-14T15:21:37.058+0000] {dag.py:3096} INFO - Sync 1 DAGs
[2025-12-14T15:21:37.080+0000] {logging_mixin.py:188} INFO - [2025-12-14T15:21:37.080+0000] {dag.py:3954} INFO - Setting next_dagrun for youtube_video_stats to 2025-12-14 14:00:00+00:00, run_after=2025-12-15 14:00:00+00:00
[2025-12-14T15:21:37.104+0000] {processor.py:183} INFO - Processing /opt/airflow/dags/main.py took 0.123 seconds
[2025-12-14T15:22:07.181+0000] {processor.py:161} INFO - Started process (PID=4092) to work on /opt/airflow/dags/main.py
[2025-12-14T15:22:07.182+0000] {processor.py:830} INFO - Processing file /opt/airflow/dags/main.py for tasks to queue
[2025-12-14T15:22:07.184+0000] {logging_mixin.py:188} INFO - [2025-12-14T15:22:07.184+0000] {dagbag.py:545} INFO - Filling up the DagBag from /opt/airflow/dags/main.py
[2025-12-14T15:22:07.223+0000] {processor.py:840} INFO - DAG(s) 'youtube_video_stats' retrieved from /opt/airflow/dags/main.py
[2025-12-14T15:22:07.250+0000] {logging_mixin.py:188} INFO - [2025-12-14T15:22:07.249+0000] {dag.py:3096} INFO - Sync 1 DAGs
[2025-12-14T15:22:07.276+0000] {logging_mixin.py:188} INFO - [2025-12-14T15:22:07.276+0000] {dag.py:3954} INFO - Setting next_dagrun for youtube_video_stats to 2025-12-14 14:00:00+00:00, run_after=2025-12-15 14:00:00+00:00
[2025-12-14T15:22:07.301+0000] {processor.py:183} INFO - Processing /opt/airflow/dags/main.py took 0.126 seconds
[2025-12-14T15:22:37.465+0000] {processor.py:161} INFO - Started process (PID=4099) to work on /opt/airflow/dags/main.py
[2025-12-14T15:22:37.466+0000] {processor.py:830} INFO - Processing file /opt/airflow/dags/main.py for tasks to queue
[2025-12-14T15:22:37.467+0000] {logging_mixin.py:188} INFO - [2025-12-14T15:22:37.467+0000] {dagbag.py:545} INFO - Filling up the DagBag from /opt/airflow/dags/main.py
[2025-12-14T15:22:37.513+0000] {processor.py:840} INFO - DAG(s) 'youtube_video_stats' retrieved from /opt/airflow/dags/main.py
[2025-12-14T15:22:37.543+0000] {logging_mixin.py:188} INFO - [2025-12-14T15:22:37.542+0000] {dag.py:3096} INFO - Sync 1 DAGs
[2025-12-14T15:22:37.563+0000] {logging_mixin.py:188} INFO - [2025-12-14T15:22:37.563+0000] {dag.py:3954} INFO - Setting next_dagrun for youtube_video_stats to 2025-12-14 14:00:00+00:00, run_after=2025-12-15 14:00:00+00:00
[2025-12-14T15:22:37.594+0000] {processor.py:183} INFO - Processing /opt/airflow/dags/main.py took 0.136 seconds
[2025-12-14T15:23:07.662+0000] {processor.py:161} INFO - Started process (PID=4106) to work on /opt/airflow/dags/main.py
[2025-12-14T15:23:07.664+0000] {processor.py:830} INFO - Processing file /opt/airflow/dags/main.py for tasks to queue
[2025-12-14T15:23:07.666+0000] {logging_mixin.py:188} INFO - [2025-12-14T15:23:07.665+0000] {dagbag.py:545} INFO - Filling up the DagBag from /opt/airflow/dags/main.py
[2025-12-14T15:23:07.708+0000] {processor.py:840} INFO - DAG(s) 'youtube_video_stats' retrieved from /opt/airflow/dags/main.py
[2025-12-14T15:23:07.734+0000] {logging_mixin.py:188} INFO - [2025-12-14T15:23:07.734+0000] {dag.py:3096} INFO - Sync 1 DAGs
[2025-12-14T15:23:07.757+0000] {logging_mixin.py:188} INFO - [2025-12-14T15:23:07.757+0000] {dag.py:3954} INFO - Setting next_dagrun for youtube_video_stats to 2025-12-14 14:00:00+00:00, run_after=2025-12-15 14:00:00+00:00
[2025-12-14T15:23:07.778+0000] {processor.py:183} INFO - Processing /opt/airflow/dags/main.py took 0.123 seconds
[2025-12-14T15:23:37.968+0000] {processor.py:161} INFO - Started process (PID=4113) to work on /opt/airflow/dags/main.py
[2025-12-14T15:23:37.969+0000] {processor.py:830} INFO - Processing file /opt/airflow/dags/main.py for tasks to queue
[2025-12-14T15:23:37.970+0000] {logging_mixin.py:188} INFO - [2025-12-14T15:23:37.970+0000] {dagbag.py:545} INFO - Filling up the DagBag from /opt/airflow/dags/main.py
[2025-12-14T15:23:38.004+0000] {processor.py:840} INFO - DAG(s) 'youtube_video_stats' retrieved from /opt/airflow/dags/main.py
[2025-12-14T15:23:38.026+0000] {logging_mixin.py:188} INFO - [2025-12-14T15:23:38.026+0000] {dag.py:3096} INFO - Sync 1 DAGs
[2025-12-14T15:23:38.044+0000] {logging_mixin.py:188} INFO - [2025-12-14T15:23:38.044+0000] {dag.py:3954} INFO - Setting next_dagrun for youtube_video_stats to 2025-12-14 14:00:00+00:00, run_after=2025-12-15 14:00:00+00:00
[2025-12-14T15:23:38.065+0000] {processor.py:183} INFO - Processing /opt/airflow/dags/main.py took 0.101 seconds
[2025-12-14T15:24:08.213+0000] {processor.py:161} INFO - Started process (PID=4120) to work on /opt/airflow/dags/main.py
[2025-12-14T15:24:08.214+0000] {processor.py:830} INFO - Processing file /opt/airflow/dags/main.py for tasks to queue
[2025-12-14T15:24:08.216+0000] {logging_mixin.py:188} INFO - [2025-12-14T15:24:08.215+0000] {dagbag.py:545} INFO - Filling up the DagBag from /opt/airflow/dags/main.py
[2025-12-14T15:24:08.251+0000] {processor.py:840} INFO - DAG(s) 'youtube_video_stats' retrieved from /opt/airflow/dags/main.py
[2025-12-14T15:24:08.273+0000] {logging_mixin.py:188} INFO - [2025-12-14T15:24:08.273+0000] {dag.py:3096} INFO - Sync 1 DAGs
[2025-12-14T15:24:08.291+0000] {logging_mixin.py:188} INFO - [2025-12-14T15:24:08.291+0000] {dag.py:3954} INFO - Setting next_dagrun for youtube_video_stats to 2025-12-14 14:00:00+00:00, run_after=2025-12-15 14:00:00+00:00
[2025-12-14T15:24:08.319+0000] {processor.py:183} INFO - Processing /opt/airflow/dags/main.py took 0.112 seconds
[2025-12-14T15:24:38.456+0000] {processor.py:161} INFO - Started process (PID=4128) to work on /opt/airflow/dags/main.py
[2025-12-14T15:24:38.458+0000] {processor.py:830} INFO - Processing file /opt/airflow/dags/main.py for tasks to queue
[2025-12-14T15:24:38.459+0000] {logging_mixin.py:188} INFO - [2025-12-14T15:24:38.459+0000] {dagbag.py:545} INFO - Filling up the DagBag from /opt/airflow/dags/main.py
[2025-12-14T15:24:38.496+0000] {processor.py:840} INFO - DAG(s) 'youtube_video_stats' retrieved from /opt/airflow/dags/main.py
[2025-12-14T15:24:38.565+0000] {logging_mixin.py:188} INFO - [2025-12-14T15:24:38.564+0000] {dag.py:3096} INFO - Sync 1 DAGs
[2025-12-14T15:24:38.607+0000] {logging_mixin.py:188} INFO - [2025-12-14T15:24:38.607+0000] {dag.py:3954} INFO - Setting next_dagrun for youtube_video_stats to 2025-12-14 14:00:00+00:00, run_after=2025-12-15 14:00:00+00:00
[2025-12-14T15:24:38.629+0000] {processor.py:183} INFO - Processing /opt/airflow/dags/main.py took 0.178 seconds
[2025-12-14T15:25:08.720+0000] {processor.py:161} INFO - Started process (PID=4135) to work on /opt/airflow/dags/main.py
[2025-12-14T15:25:08.721+0000] {processor.py:830} INFO - Processing file /opt/airflow/dags/main.py for tasks to queue
[2025-12-14T15:25:08.722+0000] {logging_mixin.py:188} INFO - [2025-12-14T15:25:08.722+0000] {dagbag.py:545} INFO - Filling up the DagBag from /opt/airflow/dags/main.py
[2025-12-14T15:25:08.757+0000] {processor.py:840} INFO - DAG(s) 'youtube_video_stats' retrieved from /opt/airflow/dags/main.py
[2025-12-14T15:25:08.780+0000] {logging_mixin.py:188} INFO - [2025-12-14T15:25:08.779+0000] {dag.py:3096} INFO - Sync 1 DAGs
[2025-12-14T15:25:08.800+0000] {logging_mixin.py:188} INFO - [2025-12-14T15:25:08.800+0000] {dag.py:3954} INFO - Setting next_dagrun for youtube_video_stats to 2025-12-14 14:00:00+00:00, run_after=2025-12-15 14:00:00+00:00
[2025-12-14T15:25:08.818+0000] {processor.py:183} INFO - Processing /opt/airflow/dags/main.py took 0.103 seconds
[2025-12-14T15:25:38.933+0000] {processor.py:161} INFO - Started process (PID=4142) to work on /opt/airflow/dags/main.py
[2025-12-14T15:25:38.935+0000] {processor.py:830} INFO - Processing file /opt/airflow/dags/main.py for tasks to queue
[2025-12-14T15:25:38.937+0000] {logging_mixin.py:188} INFO - [2025-12-14T15:25:38.937+0000] {dagbag.py:545} INFO - Filling up the DagBag from /opt/airflow/dags/main.py
[2025-12-14T15:25:38.996+0000] {processor.py:840} INFO - DAG(s) 'youtube_video_stats' retrieved from /opt/airflow/dags/main.py
[2025-12-14T15:25:39.035+0000] {logging_mixin.py:188} INFO - [2025-12-14T15:25:39.035+0000] {dag.py:3096} INFO - Sync 1 DAGs
[2025-12-14T15:25:39.072+0000] {logging_mixin.py:188} INFO - [2025-12-14T15:25:39.072+0000] {dag.py:3954} INFO - Setting next_dagrun for youtube_video_stats to 2025-12-14 14:00:00+00:00, run_after=2025-12-15 14:00:00+00:00
[2025-12-14T15:25:39.090+0000] {processor.py:183} INFO - Processing /opt/airflow/dags/main.py took 0.170 seconds
[2025-12-14T15:26:09.249+0000] {processor.py:161} INFO - Started process (PID=4149) to work on /opt/airflow/dags/main.py
[2025-12-14T15:26:09.250+0000] {processor.py:830} INFO - Processing file /opt/airflow/dags/main.py for tasks to queue
[2025-12-14T15:26:09.251+0000] {logging_mixin.py:188} INFO - [2025-12-14T15:26:09.251+0000] {dagbag.py:545} INFO - Filling up the DagBag from /opt/airflow/dags/main.py
[2025-12-14T15:26:09.289+0000] {processor.py:840} INFO - DAG(s) 'youtube_video_stats' retrieved from /opt/airflow/dags/main.py
[2025-12-14T15:26:09.314+0000] {logging_mixin.py:188} INFO - [2025-12-14T15:26:09.313+0000] {dag.py:3096} INFO - Sync 1 DAGs
[2025-12-14T15:26:09.332+0000] {logging_mixin.py:188} INFO - [2025-12-14T15:26:09.332+0000] {dag.py:3954} INFO - Setting next_dagrun for youtube_video_stats to 2025-12-14 14:00:00+00:00, run_after=2025-12-15 14:00:00+00:00
[2025-12-14T15:26:09.350+0000] {processor.py:183} INFO - Processing /opt/airflow/dags/main.py took 0.115 seconds
[2025-12-14T15:26:39.551+0000] {processor.py:161} INFO - Started process (PID=4156) to work on /opt/airflow/dags/main.py
[2025-12-14T15:26:39.553+0000] {processor.py:830} INFO - Processing file /opt/airflow/dags/main.py for tasks to queue
[2025-12-14T15:26:39.554+0000] {logging_mixin.py:188} INFO - [2025-12-14T15:26:39.554+0000] {dagbag.py:545} INFO - Filling up the DagBag from /opt/airflow/dags/main.py
[2025-12-14T15:26:39.591+0000] {processor.py:840} INFO - DAG(s) 'youtube_video_stats' retrieved from /opt/airflow/dags/main.py
[2025-12-14T15:26:39.615+0000] {logging_mixin.py:188} INFO - [2025-12-14T15:26:39.615+0000] {dag.py:3096} INFO - Sync 1 DAGs
[2025-12-14T15:26:39.638+0000] {logging_mixin.py:188} INFO - [2025-12-14T15:26:39.638+0000] {dag.py:3954} INFO - Setting next_dagrun for youtube_video_stats to 2025-12-14 14:00:00+00:00, run_after=2025-12-15 14:00:00+00:00
[2025-12-14T15:26:39.655+0000] {processor.py:183} INFO - Processing /opt/airflow/dags/main.py took 0.109 seconds
[2025-12-14T15:27:09.750+0000] {processor.py:161} INFO - Started process (PID=4163) to work on /opt/airflow/dags/main.py
[2025-12-14T15:27:09.751+0000] {processor.py:830} INFO - Processing file /opt/airflow/dags/main.py for tasks to queue
[2025-12-14T15:27:09.753+0000] {logging_mixin.py:188} INFO - [2025-12-14T15:27:09.753+0000] {dagbag.py:545} INFO - Filling up the DagBag from /opt/airflow/dags/main.py
[2025-12-14T15:27:09.787+0000] {processor.py:840} INFO - DAG(s) 'youtube_video_stats' retrieved from /opt/airflow/dags/main.py
[2025-12-14T15:27:09.810+0000] {logging_mixin.py:188} INFO - [2025-12-14T15:27:09.810+0000] {dag.py:3096} INFO - Sync 1 DAGs
[2025-12-14T15:27:09.829+0000] {logging_mixin.py:188} INFO - [2025-12-14T15:27:09.829+0000] {dag.py:3954} INFO - Setting next_dagrun for youtube_video_stats to 2025-12-14 14:00:00+00:00, run_after=2025-12-15 14:00:00+00:00
[2025-12-14T15:27:09.848+0000] {processor.py:183} INFO - Processing /opt/airflow/dags/main.py took 0.103 seconds
[2025-12-14T15:27:40.054+0000] {processor.py:161} INFO - Started process (PID=4170) to work on /opt/airflow/dags/main.py
[2025-12-14T15:27:40.055+0000] {processor.py:830} INFO - Processing file /opt/airflow/dags/main.py for tasks to queue
[2025-12-14T15:27:40.057+0000] {logging_mixin.py:188} INFO - [2025-12-14T15:27:40.056+0000] {dagbag.py:545} INFO - Filling up the DagBag from /opt/airflow/dags/main.py
[2025-12-14T15:27:40.097+0000] {processor.py:840} INFO - DAG(s) 'youtube_video_stats' retrieved from /opt/airflow/dags/main.py
[2025-12-14T15:27:40.121+0000] {logging_mixin.py:188} INFO - [2025-12-14T15:27:40.121+0000] {dag.py:3096} INFO - Sync 1 DAGs
[2025-12-14T15:27:40.142+0000] {logging_mixin.py:188} INFO - [2025-12-14T15:27:40.142+0000] {dag.py:3954} INFO - Setting next_dagrun for youtube_video_stats to 2025-12-14 14:00:00+00:00, run_after=2025-12-15 14:00:00+00:00
[2025-12-14T15:27:40.163+0000] {processor.py:183} INFO - Processing /opt/airflow/dags/main.py took 0.116 seconds
[2025-12-14T15:28:10.266+0000] {processor.py:161} INFO - Started process (PID=4177) to work on /opt/airflow/dags/main.py
[2025-12-14T15:28:10.268+0000] {processor.py:830} INFO - Processing file /opt/airflow/dags/main.py for tasks to queue
[2025-12-14T15:28:10.269+0000] {logging_mixin.py:188} INFO - [2025-12-14T15:28:10.269+0000] {dagbag.py:545} INFO - Filling up the DagBag from /opt/airflow/dags/main.py
[2025-12-14T15:28:10.312+0000] {processor.py:840} INFO - DAG(s) 'youtube_video_stats' retrieved from /opt/airflow/dags/main.py
[2025-12-14T15:28:10.340+0000] {logging_mixin.py:188} INFO - [2025-12-14T15:28:10.340+0000] {dag.py:3096} INFO - Sync 1 DAGs
[2025-12-14T15:28:10.361+0000] {logging_mixin.py:188} INFO - [2025-12-14T15:28:10.360+0000] {dag.py:3954} INFO - Setting next_dagrun for youtube_video_stats to 2025-12-14 14:00:00+00:00, run_after=2025-12-15 14:00:00+00:00
[2025-12-14T15:28:10.381+0000] {processor.py:183} INFO - Processing /opt/airflow/dags/main.py took 0.121 seconds
[2025-12-14T15:28:40.609+0000] {processor.py:161} INFO - Started process (PID=4184) to work on /opt/airflow/dags/main.py
[2025-12-14T15:28:40.610+0000] {processor.py:830} INFO - Processing file /opt/airflow/dags/main.py for tasks to queue
[2025-12-14T15:28:40.611+0000] {logging_mixin.py:188} INFO - [2025-12-14T15:28:40.611+0000] {dagbag.py:545} INFO - Filling up the DagBag from /opt/airflow/dags/main.py
[2025-12-14T15:28:40.646+0000] {processor.py:840} INFO - DAG(s) 'youtube_video_stats' retrieved from /opt/airflow/dags/main.py
[2025-12-14T15:28:40.669+0000] {logging_mixin.py:188} INFO - [2025-12-14T15:28:40.669+0000] {dag.py:3096} INFO - Sync 1 DAGs
[2025-12-14T15:28:40.688+0000] {logging_mixin.py:188} INFO - [2025-12-14T15:28:40.688+0000] {dag.py:3954} INFO - Setting next_dagrun for youtube_video_stats to 2025-12-14 14:00:00+00:00, run_after=2025-12-15 14:00:00+00:00
[2025-12-14T15:28:40.710+0000] {processor.py:183} INFO - Processing /opt/airflow/dags/main.py took 0.106 seconds
[2025-12-14T15:29:10.805+0000] {processor.py:161} INFO - Started process (PID=4191) to work on /opt/airflow/dags/main.py
[2025-12-14T15:29:10.806+0000] {processor.py:830} INFO - Processing file /opt/airflow/dags/main.py for tasks to queue
[2025-12-14T15:29:10.807+0000] {logging_mixin.py:188} INFO - [2025-12-14T15:29:10.807+0000] {dagbag.py:545} INFO - Filling up the DagBag from /opt/airflow/dags/main.py
[2025-12-14T15:29:10.842+0000] {processor.py:840} INFO - DAG(s) 'youtube_video_stats' retrieved from /opt/airflow/dags/main.py
[2025-12-14T15:29:10.866+0000] {logging_mixin.py:188} INFO - [2025-12-14T15:29:10.866+0000] {dag.py:3096} INFO - Sync 1 DAGs
[2025-12-14T15:29:10.884+0000] {logging_mixin.py:188} INFO - [2025-12-14T15:29:10.884+0000] {dag.py:3954} INFO - Setting next_dagrun for youtube_video_stats to 2025-12-14 14:00:00+00:00, run_after=2025-12-15 14:00:00+00:00
[2025-12-14T15:29:10.903+0000] {processor.py:183} INFO - Processing /opt/airflow/dags/main.py took 0.104 seconds
[2025-12-14T15:29:41.084+0000] {processor.py:161} INFO - Started process (PID=4198) to work on /opt/airflow/dags/main.py
[2025-12-14T15:29:41.085+0000] {processor.py:830} INFO - Processing file /opt/airflow/dags/main.py for tasks to queue
[2025-12-14T15:29:41.087+0000] {logging_mixin.py:188} INFO - [2025-12-14T15:29:41.087+0000] {dagbag.py:545} INFO - Filling up the DagBag from /opt/airflow/dags/main.py
[2025-12-14T15:29:41.127+0000] {processor.py:840} INFO - DAG(s) 'youtube_video_stats' retrieved from /opt/airflow/dags/main.py
[2025-12-14T15:29:41.154+0000] {logging_mixin.py:188} INFO - [2025-12-14T15:29:41.154+0000] {dag.py:3096} INFO - Sync 1 DAGs
[2025-12-14T15:29:41.174+0000] {logging_mixin.py:188} INFO - [2025-12-14T15:29:41.174+0000] {dag.py:3954} INFO - Setting next_dagrun for youtube_video_stats to 2025-12-14 14:00:00+00:00, run_after=2025-12-15 14:00:00+00:00
[2025-12-14T15:29:41.194+0000] {processor.py:183} INFO - Processing /opt/airflow/dags/main.py took 0.116 seconds
[2025-12-14T15:30:11.284+0000] {processor.py:161} INFO - Started process (PID=4205) to work on /opt/airflow/dags/main.py
[2025-12-14T15:30:11.285+0000] {processor.py:830} INFO - Processing file /opt/airflow/dags/main.py for tasks to queue
[2025-12-14T15:30:11.288+0000] {logging_mixin.py:188} INFO - [2025-12-14T15:30:11.287+0000] {dagbag.py:545} INFO - Filling up the DagBag from /opt/airflow/dags/main.py
[2025-12-14T15:30:11.324+0000] {processor.py:840} INFO - DAG(s) 'youtube_video_stats' retrieved from /opt/airflow/dags/main.py
[2025-12-14T15:30:11.348+0000] {logging_mixin.py:188} INFO - [2025-12-14T15:30:11.347+0000] {dag.py:3096} INFO - Sync 1 DAGs
[2025-12-14T15:30:11.366+0000] {logging_mixin.py:188} INFO - [2025-12-14T15:30:11.366+0000] {dag.py:3954} INFO - Setting next_dagrun for youtube_video_stats to 2025-12-14 14:00:00+00:00, run_after=2025-12-15 14:00:00+00:00
[2025-12-14T15:30:11.386+0000] {processor.py:183} INFO - Processing /opt/airflow/dags/main.py took 0.108 seconds
[2025-12-14T15:30:41.574+0000] {processor.py:161} INFO - Started process (PID=4212) to work on /opt/airflow/dags/main.py
[2025-12-14T15:30:41.576+0000] {processor.py:830} INFO - Processing file /opt/airflow/dags/main.py for tasks to queue
[2025-12-14T15:30:41.578+0000] {logging_mixin.py:188} INFO - [2025-12-14T15:30:41.578+0000] {dagbag.py:545} INFO - Filling up the DagBag from /opt/airflow/dags/main.py
[2025-12-14T15:30:41.659+0000] {processor.py:840} INFO - DAG(s) 'youtube_video_stats' retrieved from /opt/airflow/dags/main.py
[2025-12-14T15:30:41.700+0000] {logging_mixin.py:188} INFO - [2025-12-14T15:30:41.699+0000] {dag.py:3096} INFO - Sync 1 DAGs
[2025-12-14T15:30:41.727+0000] {logging_mixin.py:188} INFO - [2025-12-14T15:30:41.727+0000] {dag.py:3954} INFO - Setting next_dagrun for youtube_video_stats to 2025-12-14 14:00:00+00:00, run_after=2025-12-15 14:00:00+00:00
[2025-12-14T15:30:41.750+0000] {processor.py:183} INFO - Processing /opt/airflow/dags/main.py took 0.183 seconds
[2025-12-14T15:31:11.813+0000] {processor.py:161} INFO - Started process (PID=4219) to work on /opt/airflow/dags/main.py
[2025-12-14T15:31:11.815+0000] {processor.py:830} INFO - Processing file /opt/airflow/dags/main.py for tasks to queue
[2025-12-14T15:31:11.816+0000] {logging_mixin.py:188} INFO - [2025-12-14T15:31:11.816+0000] {dagbag.py:545} INFO - Filling up the DagBag from /opt/airflow/dags/main.py
[2025-12-14T15:31:11.854+0000] {processor.py:840} INFO - DAG(s) 'youtube_video_stats' retrieved from /opt/airflow/dags/main.py
[2025-12-14T15:31:11.881+0000] {logging_mixin.py:188} INFO - [2025-12-14T15:31:11.881+0000] {dag.py:3096} INFO - Sync 1 DAGs
[2025-12-14T15:31:11.900+0000] {logging_mixin.py:188} INFO - [2025-12-14T15:31:11.900+0000] {dag.py:3954} INFO - Setting next_dagrun for youtube_video_stats to 2025-12-14 14:00:00+00:00, run_after=2025-12-15 14:00:00+00:00
[2025-12-14T15:31:11.921+0000] {processor.py:183} INFO - Processing /opt/airflow/dags/main.py took 0.113 seconds
[2025-12-14T15:31:42.334+0000] {processor.py:161} INFO - Started process (PID=4226) to work on /opt/airflow/dags/main.py
[2025-12-14T15:31:42.335+0000] {processor.py:830} INFO - Processing file /opt/airflow/dags/main.py for tasks to queue
[2025-12-14T15:31:42.337+0000] {logging_mixin.py:188} INFO - [2025-12-14T15:31:42.336+0000] {dagbag.py:545} INFO - Filling up the DagBag from /opt/airflow/dags/main.py
[2025-12-14T15:31:42.381+0000] {processor.py:840} INFO - DAG(s) 'youtube_video_stats' retrieved from /opt/airflow/dags/main.py
[2025-12-14T15:31:42.409+0000] {logging_mixin.py:188} INFO - [2025-12-14T15:31:42.409+0000] {dag.py:3096} INFO - Sync 1 DAGs
[2025-12-14T15:31:42.428+0000] {logging_mixin.py:188} INFO - [2025-12-14T15:31:42.428+0000] {dag.py:3954} INFO - Setting next_dagrun for youtube_video_stats to 2025-12-14 14:00:00+00:00, run_after=2025-12-15 14:00:00+00:00
[2025-12-14T15:31:42.448+0000] {processor.py:183} INFO - Processing /opt/airflow/dags/main.py took 0.120 seconds
[2025-12-14T15:32:12.534+0000] {processor.py:161} INFO - Started process (PID=4233) to work on /opt/airflow/dags/main.py
[2025-12-14T15:32:12.535+0000] {processor.py:830} INFO - Processing file /opt/airflow/dags/main.py for tasks to queue
[2025-12-14T15:32:12.537+0000] {logging_mixin.py:188} INFO - [2025-12-14T15:32:12.537+0000] {dagbag.py:545} INFO - Filling up the DagBag from /opt/airflow/dags/main.py
[2025-12-14T15:32:12.585+0000] {processor.py:840} INFO - DAG(s) 'youtube_video_stats' retrieved from /opt/airflow/dags/main.py
[2025-12-14T15:32:12.613+0000] {logging_mixin.py:188} INFO - [2025-12-14T15:32:12.612+0000] {dag.py:3096} INFO - Sync 1 DAGs
[2025-12-14T15:32:12.633+0000] {logging_mixin.py:188} INFO - [2025-12-14T15:32:12.633+0000] {dag.py:3954} INFO - Setting next_dagrun for youtube_video_stats to 2025-12-14 14:00:00+00:00, run_after=2025-12-15 14:00:00+00:00
[2025-12-14T15:32:12.659+0000] {processor.py:183} INFO - Processing /opt/airflow/dags/main.py took 0.131 seconds
[2025-12-14T15:32:42.821+0000] {processor.py:161} INFO - Started process (PID=4240) to work on /opt/airflow/dags/main.py
[2025-12-14T15:32:42.822+0000] {processor.py:830} INFO - Processing file /opt/airflow/dags/main.py for tasks to queue
[2025-12-14T15:32:42.826+0000] {logging_mixin.py:188} INFO - [2025-12-14T15:32:42.826+0000] {dagbag.py:545} INFO - Filling up the DagBag from /opt/airflow/dags/main.py
[2025-12-14T15:32:42.881+0000] {processor.py:840} INFO - DAG(s) 'youtube_video_stats' retrieved from /opt/airflow/dags/main.py
[2025-12-14T15:32:42.906+0000] {logging_mixin.py:188} INFO - [2025-12-14T15:32:42.906+0000] {dag.py:3096} INFO - Sync 1 DAGs
[2025-12-14T15:32:42.927+0000] {logging_mixin.py:188} INFO - [2025-12-14T15:32:42.926+0000] {dag.py:3954} INFO - Setting next_dagrun for youtube_video_stats to 2025-12-14 14:00:00+00:00, run_after=2025-12-15 14:00:00+00:00
[2025-12-14T15:32:42.948+0000] {processor.py:183} INFO - Processing /opt/airflow/dags/main.py took 0.138 seconds
[2025-12-14T15:33:13.013+0000] {processor.py:161} INFO - Started process (PID=4247) to work on /opt/airflow/dags/main.py
[2025-12-14T15:33:13.014+0000] {processor.py:830} INFO - Processing file /opt/airflow/dags/main.py for tasks to queue
[2025-12-14T15:33:13.017+0000] {logging_mixin.py:188} INFO - [2025-12-14T15:33:13.017+0000] {dagbag.py:545} INFO - Filling up the DagBag from /opt/airflow/dags/main.py
[2025-12-14T15:33:13.070+0000] {processor.py:840} INFO - DAG(s) 'youtube_video_stats' retrieved from /opt/airflow/dags/main.py
[2025-12-14T15:33:13.096+0000] {logging_mixin.py:188} INFO - [2025-12-14T15:33:13.096+0000] {dag.py:3096} INFO - Sync 1 DAGs
[2025-12-14T15:33:13.119+0000] {logging_mixin.py:188} INFO - [2025-12-14T15:33:13.119+0000] {dag.py:3954} INFO - Setting next_dagrun for youtube_video_stats to 2025-12-14 14:00:00+00:00, run_after=2025-12-15 14:00:00+00:00
[2025-12-14T15:33:13.142+0000] {processor.py:183} INFO - Processing /opt/airflow/dags/main.py took 0.136 seconds
[2025-12-14T15:33:43.325+0000] {processor.py:161} INFO - Started process (PID=4254) to work on /opt/airflow/dags/main.py
[2025-12-14T15:33:43.326+0000] {processor.py:830} INFO - Processing file /opt/airflow/dags/main.py for tasks to queue
[2025-12-14T15:33:43.328+0000] {logging_mixin.py:188} INFO - [2025-12-14T15:33:43.327+0000] {dagbag.py:545} INFO - Filling up the DagBag from /opt/airflow/dags/main.py
[2025-12-14T15:33:43.368+0000] {processor.py:840} INFO - DAG(s) 'youtube_video_stats' retrieved from /opt/airflow/dags/main.py
[2025-12-14T15:33:43.392+0000] {logging_mixin.py:188} INFO - [2025-12-14T15:33:43.392+0000] {dag.py:3096} INFO - Sync 1 DAGs
[2025-12-14T15:33:43.412+0000] {logging_mixin.py:188} INFO - [2025-12-14T15:33:43.412+0000] {dag.py:3954} INFO - Setting next_dagrun for youtube_video_stats to 2025-12-14 14:00:00+00:00, run_after=2025-12-15 14:00:00+00:00
[2025-12-14T15:33:43.437+0000] {processor.py:183} INFO - Processing /opt/airflow/dags/main.py took 0.117 seconds
[2025-12-14T15:34:13.524+0000] {processor.py:161} INFO - Started process (PID=4261) to work on /opt/airflow/dags/main.py
[2025-12-14T15:34:13.525+0000] {processor.py:830} INFO - Processing file /opt/airflow/dags/main.py for tasks to queue
[2025-12-14T15:34:13.527+0000] {logging_mixin.py:188} INFO - [2025-12-14T15:34:13.527+0000] {dagbag.py:545} INFO - Filling up the DagBag from /opt/airflow/dags/main.py
[2025-12-14T15:34:13.572+0000] {processor.py:840} INFO - DAG(s) 'youtube_video_stats' retrieved from /opt/airflow/dags/main.py
[2025-12-14T15:34:13.601+0000] {logging_mixin.py:188} INFO - [2025-12-14T15:34:13.601+0000] {dag.py:3096} INFO - Sync 1 DAGs
[2025-12-14T15:34:13.622+0000] {logging_mixin.py:188} INFO - [2025-12-14T15:34:13.622+0000] {dag.py:3954} INFO - Setting next_dagrun for youtube_video_stats to 2025-12-14 14:00:00+00:00, run_after=2025-12-15 14:00:00+00:00
[2025-12-14T15:34:13.643+0000] {processor.py:183} INFO - Processing /opt/airflow/dags/main.py took 0.124 seconds
[2025-12-14T15:34:43.814+0000] {processor.py:161} INFO - Started process (PID=4268) to work on /opt/airflow/dags/main.py
[2025-12-14T15:34:43.815+0000] {processor.py:830} INFO - Processing file /opt/airflow/dags/main.py for tasks to queue
[2025-12-14T15:34:43.817+0000] {logging_mixin.py:188} INFO - [2025-12-14T15:34:43.816+0000] {dagbag.py:545} INFO - Filling up the DagBag from /opt/airflow/dags/main.py
[2025-12-14T15:34:43.854+0000] {processor.py:840} INFO - DAG(s) 'youtube_video_stats' retrieved from /opt/airflow/dags/main.py
[2025-12-14T15:34:43.880+0000] {logging_mixin.py:188} INFO - [2025-12-14T15:34:43.880+0000] {dag.py:3096} INFO - Sync 1 DAGs
[2025-12-14T15:34:43.898+0000] {logging_mixin.py:188} INFO - [2025-12-14T15:34:43.898+0000] {dag.py:3954} INFO - Setting next_dagrun for youtube_video_stats to 2025-12-14 14:00:00+00:00, run_after=2025-12-15 14:00:00+00:00
[2025-12-14T15:34:44.081+0000] {processor.py:183} INFO - Processing /opt/airflow/dags/main.py took 0.272 seconds
[2025-12-14T15:35:14.266+0000] {processor.py:161} INFO - Started process (PID=4276) to work on /opt/airflow/dags/main.py
[2025-12-14T15:35:14.267+0000] {processor.py:830} INFO - Processing file /opt/airflow/dags/main.py for tasks to queue
[2025-12-14T15:35:14.270+0000] {logging_mixin.py:188} INFO - [2025-12-14T15:35:14.270+0000] {dagbag.py:545} INFO - Filling up the DagBag from /opt/airflow/dags/main.py
[2025-12-14T15:35:14.324+0000] {processor.py:840} INFO - DAG(s) 'youtube_video_stats' retrieved from /opt/airflow/dags/main.py
[2025-12-14T15:35:14.353+0000] {logging_mixin.py:188} INFO - [2025-12-14T15:35:14.352+0000] {dag.py:3096} INFO - Sync 1 DAGs
[2025-12-14T15:35:14.376+0000] {logging_mixin.py:188} INFO - [2025-12-14T15:35:14.376+0000] {dag.py:3954} INFO - Setting next_dagrun for youtube_video_stats to 2025-12-14 14:00:00+00:00, run_after=2025-12-15 14:00:00+00:00
[2025-12-14T15:35:14.399+0000] {processor.py:183} INFO - Processing /opt/airflow/dags/main.py took 0.139 seconds
[2025-12-14T15:35:44.462+0000] {processor.py:161} INFO - Started process (PID=4283) to work on /opt/airflow/dags/main.py
[2025-12-14T15:35:44.463+0000] {processor.py:830} INFO - Processing file /opt/airflow/dags/main.py for tasks to queue
[2025-12-14T15:35:44.465+0000] {logging_mixin.py:188} INFO - [2025-12-14T15:35:44.465+0000] {dagbag.py:545} INFO - Filling up the DagBag from /opt/airflow/dags/main.py
[2025-12-14T15:35:44.522+0000] {processor.py:840} INFO - DAG(s) 'youtube_video_stats' retrieved from /opt/airflow/dags/main.py
[2025-12-14T15:35:44.555+0000] {logging_mixin.py:188} INFO - [2025-12-14T15:35:44.555+0000] {dag.py:3096} INFO - Sync 1 DAGs
[2025-12-14T15:35:44.579+0000] {logging_mixin.py:188} INFO - [2025-12-14T15:35:44.579+0000] {dag.py:3954} INFO - Setting next_dagrun for youtube_video_stats to 2025-12-14 14:00:00+00:00, run_after=2025-12-15 14:00:00+00:00
[2025-12-14T15:35:44.600+0000] {processor.py:183} INFO - Processing /opt/airflow/dags/main.py took 0.145 seconds
[2025-12-14T15:36:14.796+0000] {processor.py:161} INFO - Started process (PID=4290) to work on /opt/airflow/dags/main.py
[2025-12-14T15:36:14.797+0000] {processor.py:830} INFO - Processing file /opt/airflow/dags/main.py for tasks to queue
[2025-12-14T15:36:14.799+0000] {logging_mixin.py:188} INFO - [2025-12-14T15:36:14.799+0000] {dagbag.py:545} INFO - Filling up the DagBag from /opt/airflow/dags/main.py
[2025-12-14T15:36:14.843+0000] {processor.py:840} INFO - DAG(s) 'youtube_video_stats' retrieved from /opt/airflow/dags/main.py
[2025-12-14T15:36:14.870+0000] {logging_mixin.py:188} INFO - [2025-12-14T15:36:14.870+0000] {dag.py:3096} INFO - Sync 1 DAGs
[2025-12-14T15:36:14.929+0000] {logging_mixin.py:188} INFO - [2025-12-14T15:36:14.928+0000] {dag.py:3954} INFO - Setting next_dagrun for youtube_video_stats to 2025-12-14 14:00:00+00:00, run_after=2025-12-15 14:00:00+00:00
[2025-12-14T15:36:14.963+0000] {processor.py:183} INFO - Processing /opt/airflow/dags/main.py took 0.173 seconds
[2025-12-14T15:36:45.230+0000] {processor.py:161} INFO - Started process (PID=4297) to work on /opt/airflow/dags/main.py
[2025-12-14T15:36:45.231+0000] {processor.py:830} INFO - Processing file /opt/airflow/dags/main.py for tasks to queue
[2025-12-14T15:36:45.233+0000] {logging_mixin.py:188} INFO - [2025-12-14T15:36:45.232+0000] {dagbag.py:545} INFO - Filling up the DagBag from /opt/airflow/dags/main.py
[2025-12-14T15:36:45.267+0000] {processor.py:840} INFO - DAG(s) 'youtube_video_stats' retrieved from /opt/airflow/dags/main.py
[2025-12-14T15:36:45.290+0000] {logging_mixin.py:188} INFO - [2025-12-14T15:36:45.290+0000] {dag.py:3096} INFO - Sync 1 DAGs
[2025-12-14T15:36:45.311+0000] {logging_mixin.py:188} INFO - [2025-12-14T15:36:45.310+0000] {dag.py:3954} INFO - Setting next_dagrun for youtube_video_stats to 2025-12-14 14:00:00+00:00, run_after=2025-12-15 14:00:00+00:00
[2025-12-14T15:36:45.329+0000] {processor.py:183} INFO - Processing /opt/airflow/dags/main.py took 0.104 seconds
[2025-12-14T15:37:15.455+0000] {processor.py:161} INFO - Started process (PID=4304) to work on /opt/airflow/dags/main.py
[2025-12-14T15:37:15.456+0000] {processor.py:830} INFO - Processing file /opt/airflow/dags/main.py for tasks to queue
[2025-12-14T15:37:15.457+0000] {logging_mixin.py:188} INFO - [2025-12-14T15:37:15.457+0000] {dagbag.py:545} INFO - Filling up the DagBag from /opt/airflow/dags/main.py
[2025-12-14T15:37:15.493+0000] {processor.py:840} INFO - DAG(s) 'youtube_video_stats' retrieved from /opt/airflow/dags/main.py
[2025-12-14T15:37:15.517+0000] {logging_mixin.py:188} INFO - [2025-12-14T15:37:15.517+0000] {dag.py:3096} INFO - Sync 1 DAGs
[2025-12-14T15:37:15.534+0000] {logging_mixin.py:188} INFO - [2025-12-14T15:37:15.533+0000] {dag.py:3954} INFO - Setting next_dagrun for youtube_video_stats to 2025-12-14 14:00:00+00:00, run_after=2025-12-15 14:00:00+00:00
[2025-12-14T15:37:15.549+0000] {processor.py:183} INFO - Processing /opt/airflow/dags/main.py took 0.100 seconds
[2025-12-14T15:37:45.775+0000] {processor.py:161} INFO - Started process (PID=4311) to work on /opt/airflow/dags/main.py
[2025-12-14T15:37:45.776+0000] {processor.py:830} INFO - Processing file /opt/airflow/dags/main.py for tasks to queue
[2025-12-14T15:37:45.778+0000] {logging_mixin.py:188} INFO - [2025-12-14T15:37:45.778+0000] {dagbag.py:545} INFO - Filling up the DagBag from /opt/airflow/dags/main.py
[2025-12-14T15:37:45.825+0000] {processor.py:840} INFO - DAG(s) 'youtube_video_stats' retrieved from /opt/airflow/dags/main.py
[2025-12-14T15:37:45.853+0000] {logging_mixin.py:188} INFO - [2025-12-14T15:37:45.852+0000] {dag.py:3096} INFO - Sync 1 DAGs
[2025-12-14T15:37:45.872+0000] {logging_mixin.py:188} INFO - [2025-12-14T15:37:45.872+0000] {dag.py:3954} INFO - Setting next_dagrun for youtube_video_stats to 2025-12-14 14:00:00+00:00, run_after=2025-12-15 14:00:00+00:00
[2025-12-14T15:37:45.893+0000] {processor.py:183} INFO - Processing /opt/airflow/dags/main.py took 0.123 seconds
[2025-12-14T15:38:15.995+0000] {processor.py:161} INFO - Started process (PID=4318) to work on /opt/airflow/dags/main.py
[2025-12-14T15:38:15.996+0000] {processor.py:830} INFO - Processing file /opt/airflow/dags/main.py for tasks to queue
[2025-12-14T15:38:15.998+0000] {logging_mixin.py:188} INFO - [2025-12-14T15:38:15.998+0000] {dagbag.py:545} INFO - Filling up the DagBag from /opt/airflow/dags/main.py
[2025-12-14T15:38:16.034+0000] {processor.py:840} INFO - DAG(s) 'youtube_video_stats' retrieved from /opt/airflow/dags/main.py
[2025-12-14T15:38:16.056+0000] {logging_mixin.py:188} INFO - [2025-12-14T15:38:16.056+0000] {dag.py:3096} INFO - Sync 1 DAGs
[2025-12-14T15:38:16.073+0000] {logging_mixin.py:188} INFO - [2025-12-14T15:38:16.073+0000] {dag.py:3954} INFO - Setting next_dagrun for youtube_video_stats to 2025-12-14 14:00:00+00:00, run_after=2025-12-15 14:00:00+00:00
[2025-12-14T15:38:16.094+0000] {processor.py:183} INFO - Processing /opt/airflow/dags/main.py took 0.105 seconds
[2025-12-14T15:38:46.333+0000] {processor.py:161} INFO - Started process (PID=4326) to work on /opt/airflow/dags/main.py
[2025-12-14T15:38:46.334+0000] {processor.py:830} INFO - Processing file /opt/airflow/dags/main.py for tasks to queue
[2025-12-14T15:38:46.336+0000] {logging_mixin.py:188} INFO - [2025-12-14T15:38:46.336+0000] {dagbag.py:545} INFO - Filling up the DagBag from /opt/airflow/dags/main.py
[2025-12-14T15:38:46.368+0000] {processor.py:840} INFO - DAG(s) 'youtube_video_stats' retrieved from /opt/airflow/dags/main.py
[2025-12-14T15:38:46.396+0000] {logging_mixin.py:188} INFO - [2025-12-14T15:38:46.396+0000] {dag.py:3096} INFO - Sync 1 DAGs
[2025-12-14T15:38:46.424+0000] {logging_mixin.py:188} INFO - [2025-12-14T15:38:46.424+0000] {dag.py:3954} INFO - Setting next_dagrun for youtube_video_stats to 2025-12-14 14:00:00+00:00, run_after=2025-12-15 14:00:00+00:00
[2025-12-14T15:38:46.448+0000] {processor.py:183} INFO - Processing /opt/airflow/dags/main.py took 0.119 seconds
[2025-12-14T15:39:16.566+0000] {processor.py:161} INFO - Started process (PID=4333) to work on /opt/airflow/dags/main.py
[2025-12-14T15:39:16.568+0000] {processor.py:830} INFO - Processing file /opt/airflow/dags/main.py for tasks to queue
[2025-12-14T15:39:16.571+0000] {logging_mixin.py:188} INFO - [2025-12-14T15:39:16.570+0000] {dagbag.py:545} INFO - Filling up the DagBag from /opt/airflow/dags/main.py
[2025-12-14T15:39:16.615+0000] {processor.py:840} INFO - DAG(s) 'youtube_video_stats' retrieved from /opt/airflow/dags/main.py
[2025-12-14T15:39:16.642+0000] {logging_mixin.py:188} INFO - [2025-12-14T15:39:16.642+0000] {dag.py:3096} INFO - Sync 1 DAGs
[2025-12-14T15:39:16.669+0000] {logging_mixin.py:188} INFO - [2025-12-14T15:39:16.669+0000] {dag.py:3954} INFO - Setting next_dagrun for youtube_video_stats to 2025-12-14 14:00:00+00:00, run_after=2025-12-15 14:00:00+00:00
[2025-12-14T15:39:16.687+0000] {processor.py:183} INFO - Processing /opt/airflow/dags/main.py took 0.129 seconds
[2025-12-14T15:39:46.878+0000] {processor.py:161} INFO - Started process (PID=4340) to work on /opt/airflow/dags/main.py
[2025-12-14T15:39:46.879+0000] {processor.py:830} INFO - Processing file /opt/airflow/dags/main.py for tasks to queue
[2025-12-14T15:39:46.881+0000] {logging_mixin.py:188} INFO - [2025-12-14T15:39:46.881+0000] {dagbag.py:545} INFO - Filling up the DagBag from /opt/airflow/dags/main.py
[2025-12-14T15:39:46.922+0000] {processor.py:840} INFO - DAG(s) 'youtube_video_stats' retrieved from /opt/airflow/dags/main.py
[2025-12-14T15:39:46.947+0000] {logging_mixin.py:188} INFO - [2025-12-14T15:39:46.947+0000] {dag.py:3096} INFO - Sync 1 DAGs
[2025-12-14T15:39:46.968+0000] {logging_mixin.py:188} INFO - [2025-12-14T15:39:46.967+0000] {dag.py:3954} INFO - Setting next_dagrun for youtube_video_stats to 2025-12-14 14:00:00+00:00, run_after=2025-12-15 14:00:00+00:00
[2025-12-14T15:39:46.987+0000] {processor.py:183} INFO - Processing /opt/airflow/dags/main.py took 0.114 seconds
[2025-12-14T15:40:17.075+0000] {processor.py:161} INFO - Started process (PID=4347) to work on /opt/airflow/dags/main.py
[2025-12-14T15:40:17.076+0000] {processor.py:830} INFO - Processing file /opt/airflow/dags/main.py for tasks to queue
[2025-12-14T15:40:17.078+0000] {logging_mixin.py:188} INFO - [2025-12-14T15:40:17.078+0000] {dagbag.py:545} INFO - Filling up the DagBag from /opt/airflow/dags/main.py
[2025-12-14T15:40:17.113+0000] {processor.py:840} INFO - DAG(s) 'youtube_video_stats' retrieved from /opt/airflow/dags/main.py
[2025-12-14T15:40:17.137+0000] {logging_mixin.py:188} INFO - [2025-12-14T15:40:17.137+0000] {dag.py:3096} INFO - Sync 1 DAGs
[2025-12-14T15:40:17.158+0000] {logging_mixin.py:188} INFO - [2025-12-14T15:40:17.157+0000] {dag.py:3954} INFO - Setting next_dagrun for youtube_video_stats to 2025-12-14 14:00:00+00:00, run_after=2025-12-15 14:00:00+00:00
[2025-12-14T15:40:17.177+0000] {processor.py:183} INFO - Processing /opt/airflow/dags/main.py took 0.108 seconds
[2025-12-14T15:40:47.377+0000] {processor.py:161} INFO - Started process (PID=4354) to work on /opt/airflow/dags/main.py
[2025-12-14T15:40:47.378+0000] {processor.py:830} INFO - Processing file /opt/airflow/dags/main.py for tasks to queue
[2025-12-14T15:40:47.379+0000] {logging_mixin.py:188} INFO - [2025-12-14T15:40:47.379+0000] {dagbag.py:545} INFO - Filling up the DagBag from /opt/airflow/dags/main.py
[2025-12-14T15:40:47.413+0000] {processor.py:840} INFO - DAG(s) 'youtube_video_stats' retrieved from /opt/airflow/dags/main.py
[2025-12-14T15:40:47.436+0000] {logging_mixin.py:188} INFO - [2025-12-14T15:40:47.436+0000] {dag.py:3096} INFO - Sync 1 DAGs
[2025-12-14T15:40:47.455+0000] {logging_mixin.py:188} INFO - [2025-12-14T15:40:47.455+0000] {dag.py:3954} INFO - Setting next_dagrun for youtube_video_stats to 2025-12-14 14:00:00+00:00, run_after=2025-12-15 14:00:00+00:00
[2025-12-14T15:40:47.474+0000] {processor.py:183} INFO - Processing /opt/airflow/dags/main.py took 0.102 seconds
[2025-12-14T15:41:17.663+0000] {processor.py:161} INFO - Started process (PID=4367) to work on /opt/airflow/dags/main.py
[2025-12-14T15:41:17.665+0000] {processor.py:830} INFO - Processing file /opt/airflow/dags/main.py for tasks to queue
[2025-12-14T15:41:17.667+0000] {logging_mixin.py:188} INFO - [2025-12-14T15:41:17.666+0000] {dagbag.py:545} INFO - Filling up the DagBag from /opt/airflow/dags/main.py
[2025-12-14T15:41:17.816+0000] {processor.py:840} INFO - DAG(s) 'youtube_video_stats' retrieved from /opt/airflow/dags/main.py
[2025-12-14T15:41:17.876+0000] {logging_mixin.py:188} INFO - [2025-12-14T15:41:17.875+0000] {dag.py:3096} INFO - Sync 1 DAGs
[2025-12-14T15:41:17.901+0000] {logging_mixin.py:188} INFO - [2025-12-14T15:41:17.900+0000] {dag.py:3954} INFO - Setting next_dagrun for youtube_video_stats to 2025-12-14 14:00:00+00:00, run_after=2025-12-15 14:00:00+00:00
[2025-12-14T15:41:17.921+0000] {processor.py:183} INFO - Processing /opt/airflow/dags/main.py took 0.267 seconds
[2025-12-14T15:41:48.019+0000] {processor.py:161} INFO - Started process (PID=4374) to work on /opt/airflow/dags/main.py
[2025-12-14T15:41:48.020+0000] {processor.py:830} INFO - Processing file /opt/airflow/dags/main.py for tasks to queue
[2025-12-14T15:41:48.021+0000] {logging_mixin.py:188} INFO - [2025-12-14T15:41:48.021+0000] {dagbag.py:545} INFO - Filling up the DagBag from /opt/airflow/dags/main.py
[2025-12-14T15:41:48.060+0000] {processor.py:840} INFO - DAG(s) 'youtube_video_stats' retrieved from /opt/airflow/dags/main.py
[2025-12-14T15:41:48.086+0000] {logging_mixin.py:188} INFO - [2025-12-14T15:41:48.085+0000] {dag.py:3096} INFO - Sync 1 DAGs
[2025-12-14T15:41:48.105+0000] {logging_mixin.py:188} INFO - [2025-12-14T15:41:48.104+0000] {dag.py:3954} INFO - Setting next_dagrun for youtube_video_stats to 2025-12-14 14:00:00+00:00, run_after=2025-12-15 14:00:00+00:00
[2025-12-14T15:41:48.124+0000] {processor.py:183} INFO - Processing /opt/airflow/dags/main.py took 0.111 seconds
[2025-12-14T15:42:18.355+0000] {processor.py:161} INFO - Started process (PID=4381) to work on /opt/airflow/dags/main.py
[2025-12-14T15:42:18.356+0000] {processor.py:830} INFO - Processing file /opt/airflow/dags/main.py for tasks to queue
[2025-12-14T15:42:18.358+0000] {logging_mixin.py:188} INFO - [2025-12-14T15:42:18.358+0000] {dagbag.py:545} INFO - Filling up the DagBag from /opt/airflow/dags/main.py
[2025-12-14T15:42:18.398+0000] {processor.py:840} INFO - DAG(s) 'youtube_video_stats' retrieved from /opt/airflow/dags/main.py
[2025-12-14T15:42:18.427+0000] {logging_mixin.py:188} INFO - [2025-12-14T15:42:18.427+0000] {dag.py:3096} INFO - Sync 1 DAGs
[2025-12-14T15:42:18.451+0000] {logging_mixin.py:188} INFO - [2025-12-14T15:42:18.451+0000] {dag.py:3954} INFO - Setting next_dagrun for youtube_video_stats to 2025-12-14 14:00:00+00:00, run_after=2025-12-15 14:00:00+00:00
[2025-12-14T15:42:18.468+0000] {processor.py:183} INFO - Processing /opt/airflow/dags/main.py took 0.119 seconds
[2025-12-14T15:42:48.587+0000] {processor.py:161} INFO - Started process (PID=4388) to work on /opt/airflow/dags/main.py
[2025-12-14T15:42:48.588+0000] {processor.py:830} INFO - Processing file /opt/airflow/dags/main.py for tasks to queue
[2025-12-14T15:42:48.591+0000] {logging_mixin.py:188} INFO - [2025-12-14T15:42:48.590+0000] {dagbag.py:545} INFO - Filling up the DagBag from /opt/airflow/dags/main.py
[2025-12-14T15:42:48.627+0000] {processor.py:840} INFO - DAG(s) 'youtube_video_stats' retrieved from /opt/airflow/dags/main.py
[2025-12-14T15:42:48.653+0000] {logging_mixin.py:188} INFO - [2025-12-14T15:42:48.653+0000] {dag.py:3096} INFO - Sync 1 DAGs
[2025-12-14T15:42:48.673+0000] {logging_mixin.py:188} INFO - [2025-12-14T15:42:48.672+0000] {dag.py:3954} INFO - Setting next_dagrun for youtube_video_stats to 2025-12-14 14:00:00+00:00, run_after=2025-12-15 14:00:00+00:00
[2025-12-14T15:42:48.691+0000] {processor.py:183} INFO - Processing /opt/airflow/dags/main.py took 0.110 seconds
[2025-12-14T15:43:18.903+0000] {processor.py:161} INFO - Started process (PID=4395) to work on /opt/airflow/dags/main.py
[2025-12-14T15:43:18.904+0000] {processor.py:830} INFO - Processing file /opt/airflow/dags/main.py for tasks to queue
[2025-12-14T15:43:18.906+0000] {logging_mixin.py:188} INFO - [2025-12-14T15:43:18.906+0000] {dagbag.py:545} INFO - Filling up the DagBag from /opt/airflow/dags/main.py
[2025-12-14T15:43:18.946+0000] {processor.py:840} INFO - DAG(s) 'youtube_video_stats' retrieved from /opt/airflow/dags/main.py
[2025-12-14T15:43:18.972+0000] {logging_mixin.py:188} INFO - [2025-12-14T15:43:18.972+0000] {dag.py:3096} INFO - Sync 1 DAGs
[2025-12-14T15:43:18.992+0000] {logging_mixin.py:188} INFO - [2025-12-14T15:43:18.992+0000] {dag.py:3954} INFO - Setting next_dagrun for youtube_video_stats to 2025-12-14 14:00:00+00:00, run_after=2025-12-15 14:00:00+00:00
[2025-12-14T15:43:19.015+0000] {processor.py:183} INFO - Processing /opt/airflow/dags/main.py took 0.118 seconds
[2025-12-14T15:43:49.112+0000] {processor.py:161} INFO - Started process (PID=4402) to work on /opt/airflow/dags/main.py
[2025-12-14T15:43:49.113+0000] {processor.py:830} INFO - Processing file /opt/airflow/dags/main.py for tasks to queue
[2025-12-14T15:43:49.114+0000] {logging_mixin.py:188} INFO - [2025-12-14T15:43:49.114+0000] {dagbag.py:545} INFO - Filling up the DagBag from /opt/airflow/dags/main.py
[2025-12-14T15:43:49.150+0000] {processor.py:840} INFO - DAG(s) 'youtube_video_stats' retrieved from /opt/airflow/dags/main.py
[2025-12-14T15:43:49.174+0000] {logging_mixin.py:188} INFO - [2025-12-14T15:43:49.174+0000] {dag.py:3096} INFO - Sync 1 DAGs
[2025-12-14T15:43:49.193+0000] {logging_mixin.py:188} INFO - [2025-12-14T15:43:49.193+0000] {dag.py:3954} INFO - Setting next_dagrun for youtube_video_stats to 2025-12-14 14:00:00+00:00, run_after=2025-12-15 14:00:00+00:00
[2025-12-14T15:43:49.211+0000] {processor.py:183} INFO - Processing /opt/airflow/dags/main.py took 0.105 seconds
[2025-12-14T15:44:19.443+0000] {processor.py:161} INFO - Started process (PID=4409) to work on /opt/airflow/dags/main.py
[2025-12-14T15:44:19.444+0000] {processor.py:830} INFO - Processing file /opt/airflow/dags/main.py for tasks to queue
[2025-12-14T15:44:19.446+0000] {logging_mixin.py:188} INFO - [2025-12-14T15:44:19.446+0000] {dagbag.py:545} INFO - Filling up the DagBag from /opt/airflow/dags/main.py
[2025-12-14T15:44:19.479+0000] {processor.py:840} INFO - DAG(s) 'youtube_video_stats' retrieved from /opt/airflow/dags/main.py
[2025-12-14T15:44:19.506+0000] {logging_mixin.py:188} INFO - [2025-12-14T15:44:19.506+0000] {dag.py:3096} INFO - Sync 1 DAGs
[2025-12-14T15:44:19.527+0000] {logging_mixin.py:188} INFO - [2025-12-14T15:44:19.527+0000] {dag.py:3954} INFO - Setting next_dagrun for youtube_video_stats to 2025-12-14 14:00:00+00:00, run_after=2025-12-15 14:00:00+00:00
[2025-12-14T15:44:19.547+0000] {processor.py:183} INFO - Processing /opt/airflow/dags/main.py took 0.109 seconds
[2025-12-14T15:44:49.654+0000] {processor.py:161} INFO - Started process (PID=4416) to work on /opt/airflow/dags/main.py
[2025-12-14T15:44:49.656+0000] {processor.py:830} INFO - Processing file /opt/airflow/dags/main.py for tasks to queue
[2025-12-14T15:44:49.657+0000] {logging_mixin.py:188} INFO - [2025-12-14T15:44:49.657+0000] {dagbag.py:545} INFO - Filling up the DagBag from /opt/airflow/dags/main.py
[2025-12-14T15:44:49.690+0000] {processor.py:840} INFO - DAG(s) 'youtube_video_stats' retrieved from /opt/airflow/dags/main.py
[2025-12-14T15:44:49.713+0000] {logging_mixin.py:188} INFO - [2025-12-14T15:44:49.713+0000] {dag.py:3096} INFO - Sync 1 DAGs
[2025-12-14T15:44:49.732+0000] {logging_mixin.py:188} INFO - [2025-12-14T15:44:49.731+0000] {dag.py:3954} INFO - Setting next_dagrun for youtube_video_stats to 2025-12-14 14:00:00+00:00, run_after=2025-12-15 14:00:00+00:00
[2025-12-14T15:44:49.749+0000] {processor.py:183} INFO - Processing /opt/airflow/dags/main.py took 0.100 seconds
[2025-12-14T15:45:19.871+0000] {processor.py:161} INFO - Started process (PID=4423) to work on /opt/airflow/dags/main.py
[2025-12-14T15:45:19.872+0000] {processor.py:830} INFO - Processing file /opt/airflow/dags/main.py for tasks to queue
[2025-12-14T15:45:19.874+0000] {logging_mixin.py:188} INFO - [2025-12-14T15:45:19.873+0000] {dagbag.py:545} INFO - Filling up the DagBag from /opt/airflow/dags/main.py
[2025-12-14T15:45:19.906+0000] {processor.py:840} INFO - DAG(s) 'youtube_video_stats' retrieved from /opt/airflow/dags/main.py
[2025-12-14T15:45:19.929+0000] {logging_mixin.py:188} INFO - [2025-12-14T15:45:19.929+0000] {dag.py:3096} INFO - Sync 1 DAGs
[2025-12-14T15:45:19.949+0000] {logging_mixin.py:188} INFO - [2025-12-14T15:45:19.949+0000] {dag.py:3954} INFO - Setting next_dagrun for youtube_video_stats to 2025-12-14 14:00:00+00:00, run_after=2025-12-15 14:00:00+00:00
[2025-12-14T15:45:19.967+0000] {processor.py:183} INFO - Processing /opt/airflow/dags/main.py took 0.101 seconds
[2025-12-14T15:45:50.146+0000] {processor.py:161} INFO - Started process (PID=4430) to work on /opt/airflow/dags/main.py
[2025-12-14T15:45:50.147+0000] {processor.py:830} INFO - Processing file /opt/airflow/dags/main.py for tasks to queue
[2025-12-14T15:45:50.148+0000] {logging_mixin.py:188} INFO - [2025-12-14T15:45:50.148+0000] {dagbag.py:545} INFO - Filling up the DagBag from /opt/airflow/dags/main.py
[2025-12-14T15:45:50.182+0000] {processor.py:840} INFO - DAG(s) 'youtube_video_stats' retrieved from /opt/airflow/dags/main.py
[2025-12-14T15:45:50.206+0000] {logging_mixin.py:188} INFO - [2025-12-14T15:45:50.206+0000] {dag.py:3096} INFO - Sync 1 DAGs
[2025-12-14T15:45:50.233+0000] {logging_mixin.py:188} INFO - [2025-12-14T15:45:50.233+0000] {dag.py:3954} INFO - Setting next_dagrun for youtube_video_stats to 2025-12-14 14:00:00+00:00, run_after=2025-12-15 14:00:00+00:00
[2025-12-14T15:45:50.254+0000] {processor.py:183} INFO - Processing /opt/airflow/dags/main.py took 0.113 seconds
[2025-12-14T15:46:20.388+0000] {processor.py:161} INFO - Started process (PID=4437) to work on /opt/airflow/dags/main.py
[2025-12-14T15:46:20.389+0000] {processor.py:830} INFO - Processing file /opt/airflow/dags/main.py for tasks to queue
[2025-12-14T15:46:20.390+0000] {logging_mixin.py:188} INFO - [2025-12-14T15:46:20.390+0000] {dagbag.py:545} INFO - Filling up the DagBag from /opt/airflow/dags/main.py
[2025-12-14T15:46:20.428+0000] {processor.py:840} INFO - DAG(s) 'youtube_video_stats' retrieved from /opt/airflow/dags/main.py
[2025-12-14T15:46:20.451+0000] {logging_mixin.py:188} INFO - [2025-12-14T15:46:20.451+0000] {dag.py:3096} INFO - Sync 1 DAGs
[2025-12-14T15:46:20.468+0000] {logging_mixin.py:188} INFO - [2025-12-14T15:46:20.468+0000] {dag.py:3954} INFO - Setting next_dagrun for youtube_video_stats to 2025-12-14 14:00:00+00:00, run_after=2025-12-15 14:00:00+00:00
[2025-12-14T15:46:20.485+0000] {processor.py:183} INFO - Processing /opt/airflow/dags/main.py took 0.103 seconds
[2025-12-14T15:46:50.732+0000] {processor.py:161} INFO - Started process (PID=4444) to work on /opt/airflow/dags/main.py
[2025-12-14T15:46:50.733+0000] {processor.py:830} INFO - Processing file /opt/airflow/dags/main.py for tasks to queue
[2025-12-14T15:46:50.735+0000] {logging_mixin.py:188} INFO - [2025-12-14T15:46:50.735+0000] {dagbag.py:545} INFO - Filling up the DagBag from /opt/airflow/dags/main.py
[2025-12-14T15:46:50.769+0000] {processor.py:840} INFO - DAG(s) 'youtube_video_stats' retrieved from /opt/airflow/dags/main.py
[2025-12-14T15:46:50.790+0000] {logging_mixin.py:188} INFO - [2025-12-14T15:46:50.790+0000] {dag.py:3096} INFO - Sync 1 DAGs
[2025-12-14T15:46:50.808+0000] {logging_mixin.py:188} INFO - [2025-12-14T15:46:50.808+0000] {dag.py:3954} INFO - Setting next_dagrun for youtube_video_stats to 2025-12-14 14:00:00+00:00, run_after=2025-12-15 14:00:00+00:00
[2025-12-14T15:46:50.829+0000] {processor.py:183} INFO - Processing /opt/airflow/dags/main.py took 0.102 seconds
[2025-12-14T15:47:20.971+0000] {processor.py:161} INFO - Started process (PID=4451) to work on /opt/airflow/dags/main.py
[2025-12-14T15:47:20.972+0000] {processor.py:830} INFO - Processing file /opt/airflow/dags/main.py for tasks to queue
[2025-12-14T15:47:20.974+0000] {logging_mixin.py:188} INFO - [2025-12-14T15:47:20.974+0000] {dagbag.py:545} INFO - Filling up the DagBag from /opt/airflow/dags/main.py
[2025-12-14T15:47:21.009+0000] {processor.py:840} INFO - DAG(s) 'youtube_video_stats' retrieved from /opt/airflow/dags/main.py
[2025-12-14T15:47:21.030+0000] {logging_mixin.py:188} INFO - [2025-12-14T15:47:21.029+0000] {dag.py:3096} INFO - Sync 1 DAGs
[2025-12-14T15:47:21.047+0000] {logging_mixin.py:188} INFO - [2025-12-14T15:47:21.047+0000] {dag.py:3954} INFO - Setting next_dagrun for youtube_video_stats to 2025-12-14 14:00:00+00:00, run_after=2025-12-15 14:00:00+00:00
[2025-12-14T15:47:21.068+0000] {processor.py:183} INFO - Processing /opt/airflow/dags/main.py took 0.103 seconds
[2025-12-14T15:47:51.254+0000] {processor.py:161} INFO - Started process (PID=4458) to work on /opt/airflow/dags/main.py
[2025-12-14T15:47:51.255+0000] {processor.py:830} INFO - Processing file /opt/airflow/dags/main.py for tasks to queue
[2025-12-14T15:47:51.258+0000] {logging_mixin.py:188} INFO - [2025-12-14T15:47:51.257+0000] {dagbag.py:545} INFO - Filling up the DagBag from /opt/airflow/dags/main.py
[2025-12-14T15:47:51.310+0000] {processor.py:840} INFO - DAG(s) 'youtube_video_stats' retrieved from /opt/airflow/dags/main.py
[2025-12-14T15:47:51.334+0000] {logging_mixin.py:188} INFO - [2025-12-14T15:47:51.334+0000] {dag.py:3096} INFO - Sync 1 DAGs
[2025-12-14T15:47:51.354+0000] {logging_mixin.py:188} INFO - [2025-12-14T15:47:51.354+0000] {dag.py:3954} INFO - Setting next_dagrun for youtube_video_stats to 2025-12-14 14:00:00+00:00, run_after=2025-12-15 14:00:00+00:00
[2025-12-14T15:47:51.371+0000] {processor.py:183} INFO - Processing /opt/airflow/dags/main.py took 0.123 seconds
[2025-12-14T15:48:21.448+0000] {processor.py:161} INFO - Started process (PID=4465) to work on /opt/airflow/dags/main.py
[2025-12-14T15:48:21.449+0000] {processor.py:830} INFO - Processing file /opt/airflow/dags/main.py for tasks to queue
[2025-12-14T15:48:21.452+0000] {logging_mixin.py:188} INFO - [2025-12-14T15:48:21.452+0000] {dagbag.py:545} INFO - Filling up the DagBag from /opt/airflow/dags/main.py
[2025-12-14T15:48:21.506+0000] {processor.py:840} INFO - DAG(s) 'youtube_video_stats' retrieved from /opt/airflow/dags/main.py
[2025-12-14T15:48:21.538+0000] {logging_mixin.py:188} INFO - [2025-12-14T15:48:21.538+0000] {dag.py:3096} INFO - Sync 1 DAGs
[2025-12-14T15:48:21.565+0000] {logging_mixin.py:188} INFO - [2025-12-14T15:48:21.565+0000] {dag.py:3954} INFO - Setting next_dagrun for youtube_video_stats to 2025-12-14 14:00:00+00:00, run_after=2025-12-15 14:00:00+00:00
[2025-12-14T15:48:21.587+0000] {processor.py:183} INFO - Processing /opt/airflow/dags/main.py took 0.147 seconds
[2025-12-14T15:48:51.712+0000] {processor.py:161} INFO - Started process (PID=4472) to work on /opt/airflow/dags/main.py
[2025-12-14T15:48:51.713+0000] {processor.py:830} INFO - Processing file /opt/airflow/dags/main.py for tasks to queue
[2025-12-14T15:48:51.714+0000] {logging_mixin.py:188} INFO - [2025-12-14T15:48:51.714+0000] {dagbag.py:545} INFO - Filling up the DagBag from /opt/airflow/dags/main.py
[2025-12-14T15:48:51.751+0000] {processor.py:840} INFO - DAG(s) 'youtube_video_stats' retrieved from /opt/airflow/dags/main.py
[2025-12-14T15:48:51.778+0000] {logging_mixin.py:188} INFO - [2025-12-14T15:48:51.777+0000] {dag.py:3096} INFO - Sync 1 DAGs
[2025-12-14T15:48:51.798+0000] {logging_mixin.py:188} INFO - [2025-12-14T15:48:51.798+0000] {dag.py:3954} INFO - Setting next_dagrun for youtube_video_stats to 2025-12-14 14:00:00+00:00, run_after=2025-12-15 14:00:00+00:00
[2025-12-14T15:48:51.818+0000] {processor.py:183} INFO - Processing /opt/airflow/dags/main.py took 0.112 seconds
[2025-12-14T15:49:21.954+0000] {processor.py:161} INFO - Started process (PID=4479) to work on /opt/airflow/dags/main.py
[2025-12-14T15:49:21.955+0000] {processor.py:830} INFO - Processing file /opt/airflow/dags/main.py for tasks to queue
[2025-12-14T15:49:21.957+0000] {logging_mixin.py:188} INFO - [2025-12-14T15:49:21.956+0000] {dagbag.py:545} INFO - Filling up the DagBag from /opt/airflow/dags/main.py
[2025-12-14T15:49:21.993+0000] {processor.py:840} INFO - DAG(s) 'youtube_video_stats' retrieved from /opt/airflow/dags/main.py
[2025-12-14T15:49:22.021+0000] {logging_mixin.py:188} INFO - [2025-12-14T15:49:22.020+0000] {dag.py:3096} INFO - Sync 1 DAGs
[2025-12-14T15:49:22.038+0000] {logging_mixin.py:188} INFO - [2025-12-14T15:49:22.038+0000] {dag.py:3954} INFO - Setting next_dagrun for youtube_video_stats to 2025-12-14 14:00:00+00:00, run_after=2025-12-15 14:00:00+00:00
[2025-12-14T15:49:22.053+0000] {processor.py:183} INFO - Processing /opt/airflow/dags/main.py took 0.106 seconds
[2025-12-14T15:49:52.224+0000] {processor.py:161} INFO - Started process (PID=4486) to work on /opt/airflow/dags/main.py
[2025-12-14T15:49:52.225+0000] {processor.py:830} INFO - Processing file /opt/airflow/dags/main.py for tasks to queue
[2025-12-14T15:49:52.227+0000] {logging_mixin.py:188} INFO - [2025-12-14T15:49:52.227+0000] {dagbag.py:545} INFO - Filling up the DagBag from /opt/airflow/dags/main.py
[2025-12-14T15:49:52.268+0000] {processor.py:840} INFO - DAG(s) 'youtube_video_stats' retrieved from /opt/airflow/dags/main.py
[2025-12-14T15:49:52.293+0000] {logging_mixin.py:188} INFO - [2025-12-14T15:49:52.293+0000] {dag.py:3096} INFO - Sync 1 DAGs
[2025-12-14T15:49:52.315+0000] {logging_mixin.py:188} INFO - [2025-12-14T15:49:52.314+0000] {dag.py:3954} INFO - Setting next_dagrun for youtube_video_stats to 2025-12-14 14:00:00+00:00, run_after=2025-12-15 14:00:00+00:00
[2025-12-14T15:49:52.339+0000] {processor.py:183} INFO - Processing /opt/airflow/dags/main.py took 0.121 seconds
[2025-12-14T15:50:22.425+0000] {processor.py:161} INFO - Started process (PID=4493) to work on /opt/airflow/dags/main.py
[2025-12-14T15:50:22.426+0000] {processor.py:830} INFO - Processing file /opt/airflow/dags/main.py for tasks to queue
[2025-12-14T15:50:22.428+0000] {logging_mixin.py:188} INFO - [2025-12-14T15:50:22.427+0000] {dagbag.py:545} INFO - Filling up the DagBag from /opt/airflow/dags/main.py
[2025-12-14T15:50:22.463+0000] {processor.py:840} INFO - DAG(s) 'youtube_video_stats' retrieved from /opt/airflow/dags/main.py
[2025-12-14T15:50:22.488+0000] {logging_mixin.py:188} INFO - [2025-12-14T15:50:22.488+0000] {dag.py:3096} INFO - Sync 1 DAGs
[2025-12-14T15:50:22.508+0000] {logging_mixin.py:188} INFO - [2025-12-14T15:50:22.508+0000] {dag.py:3954} INFO - Setting next_dagrun for youtube_video_stats to 2025-12-14 14:00:00+00:00, run_after=2025-12-15 14:00:00+00:00
[2025-12-14T15:50:22.523+0000] {processor.py:183} INFO - Processing /opt/airflow/dags/main.py took 0.103 seconds
[2025-12-14T15:50:52.708+0000] {processor.py:161} INFO - Started process (PID=4500) to work on /opt/airflow/dags/main.py
[2025-12-14T15:50:52.709+0000] {processor.py:830} INFO - Processing file /opt/airflow/dags/main.py for tasks to queue
[2025-12-14T15:50:52.710+0000] {logging_mixin.py:188} INFO - [2025-12-14T15:50:52.710+0000] {dagbag.py:545} INFO - Filling up the DagBag from /opt/airflow/dags/main.py
[2025-12-14T15:50:52.753+0000] {processor.py:840} INFO - DAG(s) 'youtube_video_stats' retrieved from /opt/airflow/dags/main.py
[2025-12-14T15:50:52.778+0000] {logging_mixin.py:188} INFO - [2025-12-14T15:50:52.777+0000] {dag.py:3096} INFO - Sync 1 DAGs
[2025-12-14T15:50:52.799+0000] {logging_mixin.py:188} INFO - [2025-12-14T15:50:52.798+0000] {dag.py:3954} INFO - Setting next_dagrun for youtube_video_stats to 2025-12-14 14:00:00+00:00, run_after=2025-12-15 14:00:00+00:00
[2025-12-14T15:50:52.825+0000] {processor.py:183} INFO - Processing /opt/airflow/dags/main.py took 0.123 seconds
[2025-12-14T15:51:23.164+0000] {processor.py:161} INFO - Started process (PID=4507) to work on /opt/airflow/dags/main.py
[2025-12-14T15:51:23.167+0000] {processor.py:830} INFO - Processing file /opt/airflow/dags/main.py for tasks to queue
[2025-12-14T15:51:23.172+0000] {logging_mixin.py:188} INFO - [2025-12-14T15:51:23.172+0000] {dagbag.py:545} INFO - Filling up the DagBag from /opt/airflow/dags/main.py
[2025-12-14T15:51:23.238+0000] {processor.py:840} INFO - DAG(s) 'youtube_video_stats' retrieved from /opt/airflow/dags/main.py
[2025-12-14T15:51:23.276+0000] {logging_mixin.py:188} INFO - [2025-12-14T15:51:23.276+0000] {dag.py:3096} INFO - Sync 1 DAGs
[2025-12-14T15:51:23.312+0000] {logging_mixin.py:188} INFO - [2025-12-14T15:51:23.311+0000] {dag.py:3954} INFO - Setting next_dagrun for youtube_video_stats to 2025-12-14 14:00:00+00:00, run_after=2025-12-15 14:00:00+00:00
[2025-12-14T15:51:23.346+0000] {processor.py:183} INFO - Processing /opt/airflow/dags/main.py took 0.191 seconds
[2025-12-14T15:51:53.534+0000] {processor.py:161} INFO - Started process (PID=4514) to work on /opt/airflow/dags/main.py
[2025-12-14T15:51:53.535+0000] {processor.py:830} INFO - Processing file /opt/airflow/dags/main.py for tasks to queue
[2025-12-14T15:51:53.537+0000] {logging_mixin.py:188} INFO - [2025-12-14T15:51:53.537+0000] {dagbag.py:545} INFO - Filling up the DagBag from /opt/airflow/dags/main.py
[2025-12-14T15:51:53.579+0000] {processor.py:840} INFO - DAG(s) 'youtube_video_stats' retrieved from /opt/airflow/dags/main.py
[2025-12-14T15:51:53.605+0000] {logging_mixin.py:188} INFO - [2025-12-14T15:51:53.605+0000] {dag.py:3096} INFO - Sync 1 DAGs
[2025-12-14T15:51:53.624+0000] {logging_mixin.py:188} INFO - [2025-12-14T15:51:53.624+0000] {dag.py:3954} INFO - Setting next_dagrun for youtube_video_stats to 2025-12-14 14:00:00+00:00, run_after=2025-12-15 14:00:00+00:00
[2025-12-14T15:51:53.643+0000] {processor.py:183} INFO - Processing /opt/airflow/dags/main.py took 0.115 seconds
[2025-12-14T15:52:23.705+0000] {processor.py:161} INFO - Started process (PID=4522) to work on /opt/airflow/dags/main.py
[2025-12-14T15:52:23.706+0000] {processor.py:830} INFO - Processing file /opt/airflow/dags/main.py for tasks to queue
[2025-12-14T15:52:23.709+0000] {logging_mixin.py:188} INFO - [2025-12-14T15:52:23.708+0000] {dagbag.py:545} INFO - Filling up the DagBag from /opt/airflow/dags/main.py
[2025-12-14T15:52:23.754+0000] {processor.py:840} INFO - DAG(s) 'youtube_video_stats' retrieved from /opt/airflow/dags/main.py
[2025-12-14T15:52:23.780+0000] {logging_mixin.py:188} INFO - [2025-12-14T15:52:23.780+0000] {dag.py:3096} INFO - Sync 1 DAGs
[2025-12-14T15:52:23.801+0000] {logging_mixin.py:188} INFO - [2025-12-14T15:52:23.801+0000] {dag.py:3954} INFO - Setting next_dagrun for youtube_video_stats to 2025-12-14 14:00:00+00:00, run_after=2025-12-15 14:00:00+00:00
[2025-12-14T15:52:23.822+0000] {processor.py:183} INFO - Processing /opt/airflow/dags/main.py took 0.129 seconds
[2025-12-14T15:52:54.022+0000] {processor.py:161} INFO - Started process (PID=4529) to work on /opt/airflow/dags/main.py
[2025-12-14T15:52:54.023+0000] {processor.py:830} INFO - Processing file /opt/airflow/dags/main.py for tasks to queue
[2025-12-14T15:52:54.025+0000] {logging_mixin.py:188} INFO - [2025-12-14T15:52:54.024+0000] {dagbag.py:545} INFO - Filling up the DagBag from /opt/airflow/dags/main.py
[2025-12-14T15:52:54.060+0000] {processor.py:840} INFO - DAG(s) 'youtube_video_stats' retrieved from /opt/airflow/dags/main.py
[2025-12-14T15:52:54.082+0000] {logging_mixin.py:188} INFO - [2025-12-14T15:52:54.082+0000] {dag.py:3096} INFO - Sync 1 DAGs
[2025-12-14T15:52:54.099+0000] {logging_mixin.py:188} INFO - [2025-12-14T15:52:54.099+0000] {dag.py:3954} INFO - Setting next_dagrun for youtube_video_stats to 2025-12-14 14:00:00+00:00, run_after=2025-12-15 14:00:00+00:00
[2025-12-14T15:52:54.120+0000] {processor.py:183} INFO - Processing /opt/airflow/dags/main.py took 0.103 seconds
[2025-12-14T15:53:24.228+0000] {processor.py:161} INFO - Started process (PID=4536) to work on /opt/airflow/dags/main.py
[2025-12-14T15:53:24.229+0000] {processor.py:830} INFO - Processing file /opt/airflow/dags/main.py for tasks to queue
[2025-12-14T15:53:24.231+0000] {logging_mixin.py:188} INFO - [2025-12-14T15:53:24.231+0000] {dagbag.py:545} INFO - Filling up the DagBag from /opt/airflow/dags/main.py
[2025-12-14T15:53:24.264+0000] {processor.py:840} INFO - DAG(s) 'youtube_video_stats' retrieved from /opt/airflow/dags/main.py
[2025-12-14T15:53:24.288+0000] {logging_mixin.py:188} INFO - [2025-12-14T15:53:24.287+0000] {dag.py:3096} INFO - Sync 1 DAGs
[2025-12-14T15:53:24.305+0000] {logging_mixin.py:188} INFO - [2025-12-14T15:53:24.305+0000] {dag.py:3954} INFO - Setting next_dagrun for youtube_video_stats to 2025-12-14 14:00:00+00:00, run_after=2025-12-15 14:00:00+00:00
[2025-12-14T15:53:24.325+0000] {processor.py:183} INFO - Processing /opt/airflow/dags/main.py took 0.102 seconds
[2025-12-14T15:53:54.612+0000] {processor.py:161} INFO - Started process (PID=4544) to work on /opt/airflow/dags/main.py
[2025-12-14T15:53:54.613+0000] {processor.py:830} INFO - Processing file /opt/airflow/dags/main.py for tasks to queue
[2025-12-14T15:53:54.615+0000] {logging_mixin.py:188} INFO - [2025-12-14T15:53:54.615+0000] {dagbag.py:545} INFO - Filling up the DagBag from /opt/airflow/dags/main.py
[2025-12-14T15:53:54.650+0000] {processor.py:840} INFO - DAG(s) 'youtube_video_stats' retrieved from /opt/airflow/dags/main.py
[2025-12-14T15:53:54.672+0000] {logging_mixin.py:188} INFO - [2025-12-14T15:53:54.671+0000] {dag.py:3096} INFO - Sync 1 DAGs
[2025-12-14T15:53:54.690+0000] {logging_mixin.py:188} INFO - [2025-12-14T15:53:54.690+0000] {dag.py:3954} INFO - Setting next_dagrun for youtube_video_stats to 2025-12-14 14:00:00+00:00, run_after=2025-12-15 14:00:00+00:00
[2025-12-14T15:53:54.709+0000] {processor.py:183} INFO - Processing /opt/airflow/dags/main.py took 0.102 seconds
[2025-12-14T15:54:24.823+0000] {processor.py:161} INFO - Started process (PID=4551) to work on /opt/airflow/dags/main.py
[2025-12-14T15:54:24.824+0000] {processor.py:830} INFO - Processing file /opt/airflow/dags/main.py for tasks to queue
[2025-12-14T15:54:24.826+0000] {logging_mixin.py:188} INFO - [2025-12-14T15:54:24.826+0000] {dagbag.py:545} INFO - Filling up the DagBag from /opt/airflow/dags/main.py
[2025-12-14T15:54:24.862+0000] {processor.py:840} INFO - DAG(s) 'youtube_video_stats' retrieved from /opt/airflow/dags/main.py
[2025-12-14T15:54:24.887+0000] {logging_mixin.py:188} INFO - [2025-12-14T15:54:24.886+0000] {dag.py:3096} INFO - Sync 1 DAGs
[2025-12-14T15:54:24.904+0000] {logging_mixin.py:188} INFO - [2025-12-14T15:54:24.904+0000] {dag.py:3954} INFO - Setting next_dagrun for youtube_video_stats to 2025-12-14 14:00:00+00:00, run_after=2025-12-15 14:00:00+00:00
[2025-12-14T15:54:24.927+0000] {processor.py:183} INFO - Processing /opt/airflow/dags/main.py took 0.111 seconds
[2025-12-14T15:54:55.071+0000] {processor.py:161} INFO - Started process (PID=4559) to work on /opt/airflow/dags/main.py
[2025-12-14T15:54:55.073+0000] {processor.py:830} INFO - Processing file /opt/airflow/dags/main.py for tasks to queue
[2025-12-14T15:54:55.074+0000] {logging_mixin.py:188} INFO - [2025-12-14T15:54:55.074+0000] {dagbag.py:545} INFO - Filling up the DagBag from /opt/airflow/dags/main.py
[2025-12-14T15:54:55.109+0000] {processor.py:840} INFO - DAG(s) 'youtube_video_stats' retrieved from /opt/airflow/dags/main.py
[2025-12-14T15:54:55.132+0000] {logging_mixin.py:188} INFO - [2025-12-14T15:54:55.132+0000] {dag.py:3096} INFO - Sync 1 DAGs
[2025-12-14T15:54:55.152+0000] {logging_mixin.py:188} INFO - [2025-12-14T15:54:55.152+0000] {dag.py:3954} INFO - Setting next_dagrun for youtube_video_stats to 2025-12-14 14:00:00+00:00, run_after=2025-12-15 14:00:00+00:00
[2025-12-14T15:54:55.178+0000] {processor.py:183} INFO - Processing /opt/airflow/dags/main.py took 0.112 seconds
[2025-12-14T15:55:25.306+0000] {processor.py:161} INFO - Started process (PID=4566) to work on /opt/airflow/dags/main.py
[2025-12-14T15:55:25.307+0000] {processor.py:830} INFO - Processing file /opt/airflow/dags/main.py for tasks to queue
[2025-12-14T15:55:25.310+0000] {logging_mixin.py:188} INFO - [2025-12-14T15:55:25.310+0000] {dagbag.py:545} INFO - Filling up the DagBag from /opt/airflow/dags/main.py
[2025-12-14T15:55:25.380+0000] {processor.py:840} INFO - DAG(s) 'youtube_video_stats' retrieved from /opt/airflow/dags/main.py
[2025-12-14T15:55:25.442+0000] {logging_mixin.py:188} INFO - [2025-12-14T15:55:25.441+0000] {dag.py:3096} INFO - Sync 1 DAGs
[2025-12-14T15:55:25.487+0000] {logging_mixin.py:188} INFO - [2025-12-14T15:55:25.486+0000] {dag.py:3954} INFO - Setting next_dagrun for youtube_video_stats to 2025-12-14 14:00:00+00:00, run_after=2025-12-15 14:00:00+00:00
[2025-12-14T15:55:25.532+0000] {processor.py:183} INFO - Processing /opt/airflow/dags/main.py took 0.235 seconds
[2025-12-14T15:55:55.592+0000] {processor.py:161} INFO - Started process (PID=4573) to work on /opt/airflow/dags/main.py
[2025-12-14T15:55:55.594+0000] {processor.py:830} INFO - Processing file /opt/airflow/dags/main.py for tasks to queue
[2025-12-14T15:55:55.598+0000] {logging_mixin.py:188} INFO - [2025-12-14T15:55:55.598+0000] {dagbag.py:545} INFO - Filling up the DagBag from /opt/airflow/dags/main.py
[2025-12-14T15:55:55.670+0000] {processor.py:840} INFO - DAG(s) 'youtube_video_stats' retrieved from /opt/airflow/dags/main.py
[2025-12-14T15:55:55.714+0000] {logging_mixin.py:188} INFO - [2025-12-14T15:55:55.714+0000] {dag.py:3096} INFO - Sync 1 DAGs
[2025-12-14T15:55:55.749+0000] {logging_mixin.py:188} INFO - [2025-12-14T15:55:55.748+0000] {dag.py:3954} INFO - Setting next_dagrun for youtube_video_stats to 2025-12-14 14:00:00+00:00, run_after=2025-12-15 14:00:00+00:00
[2025-12-14T15:55:55.789+0000] {processor.py:183} INFO - Processing /opt/airflow/dags/main.py took 0.206 seconds
[2025-12-14T15:56:25.932+0000] {processor.py:161} INFO - Started process (PID=4580) to work on /opt/airflow/dags/main.py
[2025-12-14T15:56:25.933+0000] {processor.py:830} INFO - Processing file /opt/airflow/dags/main.py for tasks to queue
[2025-12-14T15:56:25.935+0000] {logging_mixin.py:188} INFO - [2025-12-14T15:56:25.935+0000] {dagbag.py:545} INFO - Filling up the DagBag from /opt/airflow/dags/main.py
[2025-12-14T15:56:25.982+0000] {processor.py:840} INFO - DAG(s) 'youtube_video_stats' retrieved from /opt/airflow/dags/main.py
[2025-12-14T15:56:26.009+0000] {logging_mixin.py:188} INFO - [2025-12-14T15:56:26.009+0000] {dag.py:3096} INFO - Sync 1 DAGs
[2025-12-14T15:56:26.032+0000] {logging_mixin.py:188} INFO - [2025-12-14T15:56:26.031+0000] {dag.py:3954} INFO - Setting next_dagrun for youtube_video_stats to 2025-12-14 14:00:00+00:00, run_after=2025-12-15 14:00:00+00:00
[2025-12-14T15:56:26.158+0000] {processor.py:183} INFO - Processing /opt/airflow/dags/main.py took 0.233 seconds
[2025-12-14T15:56:56.377+0000] {processor.py:161} INFO - Started process (PID=4587) to work on /opt/airflow/dags/main.py
[2025-12-14T15:56:56.379+0000] {processor.py:830} INFO - Processing file /opt/airflow/dags/main.py for tasks to queue
[2025-12-14T15:56:56.382+0000] {logging_mixin.py:188} INFO - [2025-12-14T15:56:56.382+0000] {dagbag.py:545} INFO - Filling up the DagBag from /opt/airflow/dags/main.py
[2025-12-14T15:56:56.438+0000] {processor.py:840} INFO - DAG(s) 'youtube_video_stats' retrieved from /opt/airflow/dags/main.py
[2025-12-14T15:56:56.476+0000] {logging_mixin.py:188} INFO - [2025-12-14T15:56:56.476+0000] {dag.py:3096} INFO - Sync 1 DAGs
[2025-12-14T15:56:56.505+0000] {logging_mixin.py:188} INFO - [2025-12-14T15:56:56.505+0000] {dag.py:3954} INFO - Setting next_dagrun for youtube_video_stats to 2025-12-14 14:00:00+00:00, run_after=2025-12-15 14:00:00+00:00
[2025-12-14T15:56:56.532+0000] {processor.py:183} INFO - Processing /opt/airflow/dags/main.py took 0.168 seconds
[2025-12-14T15:57:26.720+0000] {processor.py:161} INFO - Started process (PID=4594) to work on /opt/airflow/dags/main.py
[2025-12-14T15:57:26.721+0000] {processor.py:830} INFO - Processing file /opt/airflow/dags/main.py for tasks to queue
[2025-12-14T15:57:26.723+0000] {logging_mixin.py:188} INFO - [2025-12-14T15:57:26.722+0000] {dagbag.py:545} INFO - Filling up the DagBag from /opt/airflow/dags/main.py
[2025-12-14T15:57:26.764+0000] {processor.py:840} INFO - DAG(s) 'youtube_video_stats' retrieved from /opt/airflow/dags/main.py
[2025-12-14T15:57:26.809+0000] {logging_mixin.py:188} INFO - [2025-12-14T15:57:26.808+0000] {dag.py:3096} INFO - Sync 1 DAGs
[2025-12-14T15:57:26.841+0000] {logging_mixin.py:188} INFO - [2025-12-14T15:57:26.840+0000] {dag.py:3954} INFO - Setting next_dagrun for youtube_video_stats to 2025-12-14 14:00:00+00:00, run_after=2025-12-15 14:00:00+00:00
[2025-12-14T15:57:26.863+0000] {processor.py:183} INFO - Processing /opt/airflow/dags/main.py took 0.152 seconds
[2025-12-14T15:57:56.942+0000] {processor.py:161} INFO - Started process (PID=4601) to work on /opt/airflow/dags/main.py
[2025-12-14T15:57:56.944+0000] {processor.py:830} INFO - Processing file /opt/airflow/dags/main.py for tasks to queue
[2025-12-14T15:57:56.946+0000] {logging_mixin.py:188} INFO - [2025-12-14T15:57:56.945+0000] {dagbag.py:545} INFO - Filling up the DagBag from /opt/airflow/dags/main.py
[2025-12-14T15:57:57.010+0000] {processor.py:840} INFO - DAG(s) 'youtube_video_stats' retrieved from /opt/airflow/dags/main.py
[2025-12-14T15:57:57.049+0000] {logging_mixin.py:188} INFO - [2025-12-14T15:57:57.049+0000] {dag.py:3096} INFO - Sync 1 DAGs
[2025-12-14T15:57:57.070+0000] {logging_mixin.py:188} INFO - [2025-12-14T15:57:57.070+0000] {dag.py:3954} INFO - Setting next_dagrun for youtube_video_stats to 2025-12-14 14:00:00+00:00, run_after=2025-12-15 14:00:00+00:00
[2025-12-14T15:57:57.088+0000] {processor.py:183} INFO - Processing /opt/airflow/dags/main.py took 0.151 seconds
[2025-12-14T15:58:17.259+0000] {processor.py:161} INFO - Started process (PID=4602) to work on /opt/airflow/dags/main.py
[2025-12-14T15:58:17.260+0000] {processor.py:830} INFO - Processing file /opt/airflow/dags/main.py for tasks to queue
[2025-12-14T15:58:17.262+0000] {logging_mixin.py:188} INFO - [2025-12-14T15:58:17.262+0000] {dagbag.py:545} INFO - Filling up the DagBag from /opt/airflow/dags/main.py
[2025-12-14T15:58:17.555+0000] {processor.py:840} INFO - DAG(s) 'youtube_video_stats', 'update_db' retrieved from /opt/airflow/dags/main.py
[2025-12-14T15:58:17.790+0000] {logging_mixin.py:188} INFO - [2025-12-14T15:58:17.789+0000] {override.py:1829} INFO - Created Permission View: can edit on DAG:update_db
[2025-12-14T15:58:17.799+0000] {logging_mixin.py:188} INFO - [2025-12-14T15:58:17.798+0000] {override.py:1829} INFO - Created Permission View: can read on DAG:update_db
[2025-12-14T15:58:17.804+0000] {logging_mixin.py:188} INFO - [2025-12-14T15:58:17.804+0000] {override.py:1829} INFO - Created Permission View: can delete on DAG:update_db
[2025-12-14T15:58:17.805+0000] {logging_mixin.py:188} INFO - [2025-12-14T15:58:17.805+0000] {dag.py:3096} INFO - Sync 2 DAGs
[2025-12-14T15:58:17.816+0000] {logging_mixin.py:188} INFO - [2025-12-14T15:58:17.815+0000] {dag.py:3118} INFO - Creating ORM DAG for update_db
[2025-12-14T15:58:17.824+0000] {logging_mixin.py:188} INFO - [2025-12-14T15:58:17.824+0000] {dag.py:3954} INFO - Setting next_dagrun for update_db to 2025-12-13 15:00:00+00:00, run_after=2025-12-14 15:00:00+00:00
[2025-12-14T15:58:17.826+0000] {logging_mixin.py:188} INFO - [2025-12-14T15:58:17.826+0000] {dag.py:3954} INFO - Setting next_dagrun for youtube_video_stats to 2025-12-14 14:00:00+00:00, run_after=2025-12-15 14:00:00+00:00
[2025-12-14T15:58:17.852+0000] {processor.py:183} INFO - Processing /opt/airflow/dags/main.py took 0.598 seconds
[2025-12-14T15:58:48.079+0000] {processor.py:161} INFO - Started process (PID=4609) to work on /opt/airflow/dags/main.py
[2025-12-14T15:58:48.080+0000] {processor.py:830} INFO - Processing file /opt/airflow/dags/main.py for tasks to queue
[2025-12-14T15:58:48.083+0000] {logging_mixin.py:188} INFO - [2025-12-14T15:58:48.082+0000] {dagbag.py:545} INFO - Filling up the DagBag from /opt/airflow/dags/main.py
[2025-12-14T15:58:48.159+0000] {processor.py:840} INFO - DAG(s) 'youtube_video_stats', 'update_db' retrieved from /opt/airflow/dags/main.py
[2025-12-14T15:58:48.185+0000] {logging_mixin.py:188} INFO - [2025-12-14T15:58:48.185+0000] {dag.py:3096} INFO - Sync 2 DAGs
[2025-12-14T15:58:48.206+0000] {logging_mixin.py:188} INFO - [2025-12-14T15:58:48.205+0000] {dag.py:3954} INFO - Setting next_dagrun for update_db to 2025-12-13 15:00:00+00:00, run_after=2025-12-14 15:00:00+00:00
[2025-12-14T15:58:48.210+0000] {logging_mixin.py:188} INFO - [2025-12-14T15:58:48.210+0000] {dag.py:3954} INFO - Setting next_dagrun for youtube_video_stats to 2025-12-14 14:00:00+00:00, run_after=2025-12-15 14:00:00+00:00
[2025-12-14T15:58:48.229+0000] {processor.py:183} INFO - Processing /opt/airflow/dags/main.py took 0.155 seconds
[2025-12-14T15:59:03.205+0000] {processor.py:161} INFO - Started process (PID=4616) to work on /opt/airflow/dags/main.py
[2025-12-14T15:59:03.206+0000] {processor.py:830} INFO - Processing file /opt/airflow/dags/main.py for tasks to queue
[2025-12-14T15:59:03.208+0000] {logging_mixin.py:188} INFO - [2025-12-14T15:59:03.208+0000] {dagbag.py:545} INFO - Filling up the DagBag from /opt/airflow/dags/main.py
[2025-12-14T15:59:03.322+0000] {processor.py:840} INFO - DAG(s) 'update_db', 'youtube_video_stats' retrieved from /opt/airflow/dags/main.py
[2025-12-14T15:59:03.440+0000] {logging_mixin.py:188} INFO - [2025-12-14T15:59:03.439+0000] {dag.py:3096} INFO - Sync 2 DAGs
[2025-12-14T15:59:03.466+0000] {logging_mixin.py:188} INFO - [2025-12-14T15:59:03.466+0000] {dag.py:3954} INFO - Setting next_dagrun for update_db to 2025-12-13 15:00:00+00:00, run_after=2025-12-14 15:00:00+00:00
[2025-12-14T15:59:03.472+0000] {logging_mixin.py:188} INFO - [2025-12-14T15:59:03.472+0000] {dag.py:3954} INFO - Setting next_dagrun for youtube_video_stats to 2025-12-14 14:00:00+00:00, run_after=2025-12-15 14:00:00+00:00
[2025-12-14T15:59:03.499+0000] {processor.py:183} INFO - Processing /opt/airflow/dags/main.py took 0.300 seconds
[2025-12-14T15:59:33.869+0000] {processor.py:161} INFO - Started process (PID=4623) to work on /opt/airflow/dags/main.py
[2025-12-14T15:59:33.871+0000] {processor.py:830} INFO - Processing file /opt/airflow/dags/main.py for tasks to queue
[2025-12-14T15:59:33.875+0000] {logging_mixin.py:188} INFO - [2025-12-14T15:59:33.875+0000] {dagbag.py:545} INFO - Filling up the DagBag from /opt/airflow/dags/main.py
[2025-12-14T15:59:34.032+0000] {processor.py:840} INFO - DAG(s) 'youtube_video_stats', 'update_db' retrieved from /opt/airflow/dags/main.py
[2025-12-14T15:59:34.092+0000] {logging_mixin.py:188} INFO - [2025-12-14T15:59:34.092+0000] {dag.py:3096} INFO - Sync 2 DAGs
[2025-12-14T15:59:34.148+0000] {logging_mixin.py:188} INFO - [2025-12-14T15:59:34.147+0000] {dag.py:3954} INFO - Setting next_dagrun for update_db to 2025-12-13 15:00:00+00:00, run_after=2025-12-14 15:00:00+00:00
[2025-12-14T15:59:34.158+0000] {logging_mixin.py:188} INFO - [2025-12-14T15:59:34.158+0000] {dag.py:3954} INFO - Setting next_dagrun for youtube_video_stats to 2025-12-14 14:00:00+00:00, run_after=2025-12-15 14:00:00+00:00
[2025-12-14T15:59:34.195+0000] {processor.py:183} INFO - Processing /opt/airflow/dags/main.py took 0.334 seconds
[2025-12-14T16:00:04.488+0000] {processor.py:161} INFO - Started process (PID=4630) to work on /opt/airflow/dags/main.py
[2025-12-14T16:00:04.489+0000] {processor.py:830} INFO - Processing file /opt/airflow/dags/main.py for tasks to queue
[2025-12-14T16:00:04.491+0000] {logging_mixin.py:188} INFO - [2025-12-14T16:00:04.491+0000] {dagbag.py:545} INFO - Filling up the DagBag from /opt/airflow/dags/main.py
[2025-12-14T16:00:04.559+0000] {processor.py:840} INFO - DAG(s) 'update_db', 'youtube_video_stats' retrieved from /opt/airflow/dags/main.py
[2025-12-14T16:00:04.656+0000] {logging_mixin.py:188} INFO - [2025-12-14T16:00:04.656+0000] {dag.py:3096} INFO - Sync 2 DAGs
[2025-12-14T16:00:04.673+0000] {logging_mixin.py:188} INFO - [2025-12-14T16:00:04.673+0000] {dag.py:3954} INFO - Setting next_dagrun for update_db to 2025-12-13 15:00:00+00:00, run_after=2025-12-14 15:00:00+00:00
[2025-12-14T16:00:04.677+0000] {logging_mixin.py:188} INFO - [2025-12-14T16:00:04.677+0000] {dag.py:3954} INFO - Setting next_dagrun for youtube_video_stats to 2025-12-14 14:00:00+00:00, run_after=2025-12-15 14:00:00+00:00
[2025-12-14T16:00:04.699+0000] {processor.py:183} INFO - Processing /opt/airflow/dags/main.py took 0.216 seconds
[2025-12-14T16:00:34.897+0000] {processor.py:161} INFO - Started process (PID=4638) to work on /opt/airflow/dags/main.py
[2025-12-14T16:00:34.898+0000] {processor.py:830} INFO - Processing file /opt/airflow/dags/main.py for tasks to queue
[2025-12-14T16:00:34.901+0000] {logging_mixin.py:188} INFO - [2025-12-14T16:00:34.901+0000] {dagbag.py:545} INFO - Filling up the DagBag from /opt/airflow/dags/main.py
[2025-12-14T16:00:35.026+0000] {processor.py:840} INFO - DAG(s) 'youtube_video_stats', 'update_db' retrieved from /opt/airflow/dags/main.py
[2025-12-14T16:00:35.067+0000] {logging_mixin.py:188} INFO - [2025-12-14T16:00:35.066+0000] {dag.py:3096} INFO - Sync 2 DAGs
[2025-12-14T16:00:35.095+0000] {logging_mixin.py:188} INFO - [2025-12-14T16:00:35.095+0000] {dag.py:3954} INFO - Setting next_dagrun for update_db to 2025-12-13 15:00:00+00:00, run_after=2025-12-14 15:00:00+00:00
[2025-12-14T16:00:35.103+0000] {logging_mixin.py:188} INFO - [2025-12-14T16:00:35.103+0000] {dag.py:3954} INFO - Setting next_dagrun for youtube_video_stats to 2025-12-14 14:00:00+00:00, run_after=2025-12-15 14:00:00+00:00
[2025-12-14T16:00:35.128+0000] {processor.py:183} INFO - Processing /opt/airflow/dags/main.py took 0.238 seconds
[2025-12-14T16:01:05.394+0000] {processor.py:161} INFO - Started process (PID=4645) to work on /opt/airflow/dags/main.py
[2025-12-14T16:01:05.398+0000] {processor.py:830} INFO - Processing file /opt/airflow/dags/main.py for tasks to queue
[2025-12-14T16:01:05.401+0000] {logging_mixin.py:188} INFO - [2025-12-14T16:01:05.400+0000] {dagbag.py:545} INFO - Filling up the DagBag from /opt/airflow/dags/main.py
[2025-12-14T16:01:05.534+0000] {processor.py:840} INFO - DAG(s) 'update_db', 'youtube_video_stats' retrieved from /opt/airflow/dags/main.py
[2025-12-14T16:01:05.571+0000] {logging_mixin.py:188} INFO - [2025-12-14T16:01:05.571+0000] {dag.py:3096} INFO - Sync 2 DAGs
[2025-12-14T16:01:05.605+0000] {logging_mixin.py:188} INFO - [2025-12-14T16:01:05.604+0000] {dag.py:3954} INFO - Setting next_dagrun for update_db to 2025-12-13 15:00:00+00:00, run_after=2025-12-14 15:00:00+00:00
[2025-12-14T16:01:05.612+0000] {logging_mixin.py:188} INFO - [2025-12-14T16:01:05.612+0000] {dag.py:3954} INFO - Setting next_dagrun for youtube_video_stats to 2025-12-14 14:00:00+00:00, run_after=2025-12-15 14:00:00+00:00
[2025-12-14T16:01:05.635+0000] {processor.py:183} INFO - Processing /opt/airflow/dags/main.py took 0.252 seconds
[2025-12-14T16:01:35.893+0000] {processor.py:161} INFO - Started process (PID=4652) to work on /opt/airflow/dags/main.py
[2025-12-14T16:01:35.895+0000] {processor.py:830} INFO - Processing file /opt/airflow/dags/main.py for tasks to queue
[2025-12-14T16:01:35.898+0000] {logging_mixin.py:188} INFO - [2025-12-14T16:01:35.897+0000] {dagbag.py:545} INFO - Filling up the DagBag from /opt/airflow/dags/main.py
[2025-12-14T16:01:36.023+0000] {processor.py:840} INFO - DAG(s) 'update_db', 'youtube_video_stats' retrieved from /opt/airflow/dags/main.py
[2025-12-14T16:01:36.081+0000] {logging_mixin.py:188} INFO - [2025-12-14T16:01:36.081+0000] {dag.py:3096} INFO - Sync 2 DAGs
[2025-12-14T16:01:36.172+0000] {logging_mixin.py:188} INFO - [2025-12-14T16:01:36.171+0000] {dag.py:3954} INFO - Setting next_dagrun for update_db to 2025-12-13 15:00:00+00:00, run_after=2025-12-14 15:00:00+00:00
[2025-12-14T16:01:36.191+0000] {logging_mixin.py:188} INFO - [2025-12-14T16:01:36.191+0000] {dag.py:3954} INFO - Setting next_dagrun for youtube_video_stats to 2025-12-14 14:00:00+00:00, run_after=2025-12-15 14:00:00+00:00
[2025-12-14T16:01:36.256+0000] {processor.py:183} INFO - Processing /opt/airflow/dags/main.py took 0.370 seconds
[2025-12-14T16:02:06.459+0000] {processor.py:161} INFO - Started process (PID=4659) to work on /opt/airflow/dags/main.py
[2025-12-14T16:02:06.460+0000] {processor.py:830} INFO - Processing file /opt/airflow/dags/main.py for tasks to queue
[2025-12-14T16:02:06.462+0000] {logging_mixin.py:188} INFO - [2025-12-14T16:02:06.462+0000] {dagbag.py:545} INFO - Filling up the DagBag from /opt/airflow/dags/main.py
[2025-12-14T16:02:06.533+0000] {processor.py:840} INFO - DAG(s) 'update_db', 'youtube_video_stats' retrieved from /opt/airflow/dags/main.py
[2025-12-14T16:02:06.563+0000] {logging_mixin.py:188} INFO - [2025-12-14T16:02:06.562+0000] {dag.py:3096} INFO - Sync 2 DAGs
[2025-12-14T16:02:06.583+0000] {logging_mixin.py:188} INFO - [2025-12-14T16:02:06.583+0000] {dag.py:3954} INFO - Setting next_dagrun for update_db to 2025-12-13 15:00:00+00:00, run_after=2025-12-14 15:00:00+00:00
[2025-12-14T16:02:06.588+0000] {logging_mixin.py:188} INFO - [2025-12-14T16:02:06.588+0000] {dag.py:3954} INFO - Setting next_dagrun for youtube_video_stats to 2025-12-14 14:00:00+00:00, run_after=2025-12-15 14:00:00+00:00
[2025-12-14T16:02:06.606+0000] {processor.py:183} INFO - Processing /opt/airflow/dags/main.py took 0.152 seconds
[2025-12-14T16:02:36.728+0000] {processor.py:161} INFO - Started process (PID=4666) to work on /opt/airflow/dags/main.py
[2025-12-14T16:02:36.737+0000] {processor.py:830} INFO - Processing file /opt/airflow/dags/main.py for tasks to queue
[2025-12-14T16:02:36.743+0000] {logging_mixin.py:188} INFO - [2025-12-14T16:02:36.742+0000] {dagbag.py:545} INFO - Filling up the DagBag from /opt/airflow/dags/main.py
[2025-12-14T16:02:36.933+0000] {processor.py:840} INFO - DAG(s) 'update_db', 'youtube_video_stats' retrieved from /opt/airflow/dags/main.py
[2025-12-14T16:02:37.006+0000] {logging_mixin.py:188} INFO - [2025-12-14T16:02:37.006+0000] {dag.py:3096} INFO - Sync 2 DAGs
[2025-12-14T16:02:37.075+0000] {logging_mixin.py:188} INFO - [2025-12-14T16:02:37.075+0000] {dag.py:3954} INFO - Setting next_dagrun for update_db to 2025-12-14 15:00:00+00:00, run_after=2025-12-15 15:00:00+00:00
[2025-12-14T16:02:37.096+0000] {logging_mixin.py:188} INFO - [2025-12-14T16:02:37.095+0000] {dag.py:3954} INFO - Setting next_dagrun for youtube_video_stats to 2025-12-14 14:00:00+00:00, run_after=2025-12-15 14:00:00+00:00
[2025-12-14T16:02:37.148+0000] {processor.py:183} INFO - Processing /opt/airflow/dags/main.py took 0.452 seconds
[2025-12-14T16:03:07.350+0000] {processor.py:161} INFO - Started process (PID=4673) to work on /opt/airflow/dags/main.py
[2025-12-14T16:03:07.351+0000] {processor.py:830} INFO - Processing file /opt/airflow/dags/main.py for tasks to queue
[2025-12-14T16:03:07.352+0000] {logging_mixin.py:188} INFO - [2025-12-14T16:03:07.352+0000] {dagbag.py:545} INFO - Filling up the DagBag from /opt/airflow/dags/main.py
[2025-12-14T16:03:07.420+0000] {processor.py:840} INFO - DAG(s) 'youtube_video_stats', 'update_db' retrieved from /opt/airflow/dags/main.py
[2025-12-14T16:03:07.445+0000] {logging_mixin.py:188} INFO - [2025-12-14T16:03:07.445+0000] {dag.py:3096} INFO - Sync 2 DAGs
[2025-12-14T16:03:07.465+0000] {logging_mixin.py:188} INFO - [2025-12-14T16:03:07.465+0000] {dag.py:3954} INFO - Setting next_dagrun for update_db to 2025-12-14 15:00:00+00:00, run_after=2025-12-15 15:00:00+00:00
[2025-12-14T16:03:07.470+0000] {logging_mixin.py:188} INFO - [2025-12-14T16:03:07.469+0000] {dag.py:3954} INFO - Setting next_dagrun for youtube_video_stats to 2025-12-14 14:00:00+00:00, run_after=2025-12-15 14:00:00+00:00
[2025-12-14T16:03:07.490+0000] {processor.py:183} INFO - Processing /opt/airflow/dags/main.py took 0.147 seconds
[2025-12-14T16:03:37.678+0000] {processor.py:161} INFO - Started process (PID=4680) to work on /opt/airflow/dags/main.py
[2025-12-14T16:03:37.679+0000] {processor.py:830} INFO - Processing file /opt/airflow/dags/main.py for tasks to queue
[2025-12-14T16:03:37.680+0000] {logging_mixin.py:188} INFO - [2025-12-14T16:03:37.680+0000] {dagbag.py:545} INFO - Filling up the DagBag from /opt/airflow/dags/main.py
[2025-12-14T16:03:37.745+0000] {processor.py:840} INFO - DAG(s) 'youtube_video_stats', 'update_db' retrieved from /opt/airflow/dags/main.py
[2025-12-14T16:03:37.770+0000] {logging_mixin.py:188} INFO - [2025-12-14T16:03:37.770+0000] {dag.py:3096} INFO - Sync 2 DAGs
[2025-12-14T16:03:37.788+0000] {logging_mixin.py:188} INFO - [2025-12-14T16:03:37.788+0000] {dag.py:3954} INFO - Setting next_dagrun for update_db to 2025-12-14 15:00:00+00:00, run_after=2025-12-15 15:00:00+00:00
[2025-12-14T16:03:37.793+0000] {logging_mixin.py:188} INFO - [2025-12-14T16:03:37.793+0000] {dag.py:3954} INFO - Setting next_dagrun for youtube_video_stats to 2025-12-14 14:00:00+00:00, run_after=2025-12-15 14:00:00+00:00
[2025-12-14T16:03:37.807+0000] {processor.py:183} INFO - Processing /opt/airflow/dags/main.py took 0.135 seconds
[2025-12-14T16:04:07.871+0000] {processor.py:161} INFO - Started process (PID=4687) to work on /opt/airflow/dags/main.py
[2025-12-14T16:04:07.872+0000] {processor.py:830} INFO - Processing file /opt/airflow/dags/main.py for tasks to queue
[2025-12-14T16:04:07.874+0000] {logging_mixin.py:188} INFO - [2025-12-14T16:04:07.874+0000] {dagbag.py:545} INFO - Filling up the DagBag from /opt/airflow/dags/main.py
[2025-12-14T16:04:07.978+0000] {processor.py:840} INFO - DAG(s) 'update_db', 'youtube_video_stats' retrieved from /opt/airflow/dags/main.py
[2025-12-14T16:04:08.010+0000] {logging_mixin.py:188} INFO - [2025-12-14T16:04:08.009+0000] {dag.py:3096} INFO - Sync 2 DAGs
[2025-12-14T16:04:08.037+0000] {logging_mixin.py:188} INFO - [2025-12-14T16:04:08.037+0000] {dag.py:3954} INFO - Setting next_dagrun for update_db to 2025-12-14 15:00:00+00:00, run_after=2025-12-15 15:00:00+00:00
[2025-12-14T16:04:08.044+0000] {logging_mixin.py:188} INFO - [2025-12-14T16:04:08.044+0000] {dag.py:3954} INFO - Setting next_dagrun for youtube_video_stats to 2025-12-14 14:00:00+00:00, run_after=2025-12-15 14:00:00+00:00
[2025-12-14T16:04:08.067+0000] {processor.py:183} INFO - Processing /opt/airflow/dags/main.py took 0.202 seconds
[2025-12-14T16:04:38.196+0000] {processor.py:161} INFO - Started process (PID=4694) to work on /opt/airflow/dags/main.py
[2025-12-14T16:04:38.197+0000] {processor.py:830} INFO - Processing file /opt/airflow/dags/main.py for tasks to queue
[2025-12-14T16:04:38.198+0000] {logging_mixin.py:188} INFO - [2025-12-14T16:04:38.198+0000] {dagbag.py:545} INFO - Filling up the DagBag from /opt/airflow/dags/main.py
[2025-12-14T16:04:38.269+0000] {processor.py:840} INFO - DAG(s) 'update_db', 'youtube_video_stats' retrieved from /opt/airflow/dags/main.py
[2025-12-14T16:04:38.296+0000] {logging_mixin.py:188} INFO - [2025-12-14T16:04:38.296+0000] {dag.py:3096} INFO - Sync 2 DAGs
[2025-12-14T16:04:38.315+0000] {logging_mixin.py:188} INFO - [2025-12-14T16:04:38.314+0000] {dag.py:3954} INFO - Setting next_dagrun for update_db to 2025-12-14 15:00:00+00:00, run_after=2025-12-15 15:00:00+00:00
[2025-12-14T16:04:38.319+0000] {logging_mixin.py:188} INFO - [2025-12-14T16:04:38.319+0000] {dag.py:3954} INFO - Setting next_dagrun for youtube_video_stats to 2025-12-14 14:00:00+00:00, run_after=2025-12-15 14:00:00+00:00
[2025-12-14T16:04:38.333+0000] {processor.py:183} INFO - Processing /opt/airflow/dags/main.py took 0.142 seconds
[2025-12-14T16:05:08.493+0000] {processor.py:161} INFO - Started process (PID=4701) to work on /opt/airflow/dags/main.py
[2025-12-14T16:05:08.495+0000] {processor.py:830} INFO - Processing file /opt/airflow/dags/main.py for tasks to queue
[2025-12-14T16:05:08.499+0000] {logging_mixin.py:188} INFO - [2025-12-14T16:05:08.498+0000] {dagbag.py:545} INFO - Filling up the DagBag from /opt/airflow/dags/main.py
[2025-12-14T16:05:08.692+0000] {processor.py:840} INFO - DAG(s) 'update_db', 'youtube_video_stats' retrieved from /opt/airflow/dags/main.py
[2025-12-14T16:05:08.748+0000] {logging_mixin.py:188} INFO - [2025-12-14T16:05:08.747+0000] {dag.py:3096} INFO - Sync 2 DAGs
[2025-12-14T16:05:08.784+0000] {logging_mixin.py:188} INFO - [2025-12-14T16:05:08.784+0000] {dag.py:3954} INFO - Setting next_dagrun for update_db to 2025-12-14 15:00:00+00:00, run_after=2025-12-15 15:00:00+00:00
[2025-12-14T16:05:08.794+0000] {logging_mixin.py:188} INFO - [2025-12-14T16:05:08.793+0000] {dag.py:3954} INFO - Setting next_dagrun for youtube_video_stats to 2025-12-14 14:00:00+00:00, run_after=2025-12-15 14:00:00+00:00
[2025-12-14T16:05:08.825+0000] {processor.py:183} INFO - Processing /opt/airflow/dags/main.py took 0.359 seconds
[2025-12-14T16:05:39.022+0000] {processor.py:161} INFO - Started process (PID=4708) to work on /opt/airflow/dags/main.py
[2025-12-14T16:05:39.023+0000] {processor.py:830} INFO - Processing file /opt/airflow/dags/main.py for tasks to queue
[2025-12-14T16:05:39.026+0000] {logging_mixin.py:188} INFO - [2025-12-14T16:05:39.025+0000] {dagbag.py:545} INFO - Filling up the DagBag from /opt/airflow/dags/main.py
[2025-12-14T16:05:39.113+0000] {processor.py:840} INFO - DAG(s) 'update_db', 'youtube_video_stats' retrieved from /opt/airflow/dags/main.py
[2025-12-14T16:05:39.142+0000] {logging_mixin.py:188} INFO - [2025-12-14T16:05:39.142+0000] {dag.py:3096} INFO - Sync 2 DAGs
[2025-12-14T16:05:39.163+0000] {logging_mixin.py:188} INFO - [2025-12-14T16:05:39.162+0000] {dag.py:3954} INFO - Setting next_dagrun for update_db to 2025-12-14 15:00:00+00:00, run_after=2025-12-15 15:00:00+00:00
[2025-12-14T16:05:39.167+0000] {logging_mixin.py:188} INFO - [2025-12-14T16:05:39.167+0000] {dag.py:3954} INFO - Setting next_dagrun for youtube_video_stats to 2025-12-14 14:00:00+00:00, run_after=2025-12-15 14:00:00+00:00
[2025-12-14T16:05:39.188+0000] {processor.py:183} INFO - Processing /opt/airflow/dags/main.py took 0.172 seconds
[2025-12-14T16:06:09.267+0000] {processor.py:161} INFO - Started process (PID=4716) to work on /opt/airflow/dags/main.py
[2025-12-14T16:06:09.270+0000] {processor.py:830} INFO - Processing file /opt/airflow/dags/main.py for tasks to queue
[2025-12-14T16:06:09.273+0000] {logging_mixin.py:188} INFO - [2025-12-14T16:06:09.272+0000] {dagbag.py:545} INFO - Filling up the DagBag from /opt/airflow/dags/main.py
[2025-12-14T16:06:09.416+0000] {processor.py:840} INFO - DAG(s) 'youtube_video_stats', 'update_db' retrieved from /opt/airflow/dags/main.py
[2025-12-14T16:06:09.462+0000] {logging_mixin.py:188} INFO - [2025-12-14T16:06:09.461+0000] {dag.py:3096} INFO - Sync 2 DAGs
[2025-12-14T16:06:09.508+0000] {logging_mixin.py:188} INFO - [2025-12-14T16:06:09.507+0000] {dag.py:3954} INFO - Setting next_dagrun for update_db to 2025-12-14 15:00:00+00:00, run_after=2025-12-15 15:00:00+00:00
[2025-12-14T16:06:09.517+0000] {logging_mixin.py:188} INFO - [2025-12-14T16:06:09.516+0000] {dag.py:3954} INFO - Setting next_dagrun for youtube_video_stats to 2025-12-14 14:00:00+00:00, run_after=2025-12-15 14:00:00+00:00
[2025-12-14T16:06:09.549+0000] {processor.py:183} INFO - Processing /opt/airflow/dags/main.py took 0.296 seconds
[2025-12-14T16:06:39.982+0000] {processor.py:161} INFO - Started process (PID=4723) to work on /opt/airflow/dags/main.py
[2025-12-14T16:06:39.995+0000] {processor.py:830} INFO - Processing file /opt/airflow/dags/main.py for tasks to queue
[2025-12-14T16:06:39.999+0000] {logging_mixin.py:188} INFO - [2025-12-14T16:06:39.998+0000] {dagbag.py:545} INFO - Filling up the DagBag from /opt/airflow/dags/main.py
[2025-12-14T16:06:40.171+0000] {processor.py:840} INFO - DAG(s) 'update_db', 'youtube_video_stats' retrieved from /opt/airflow/dags/main.py
[2025-12-14T16:06:40.243+0000] {logging_mixin.py:188} INFO - [2025-12-14T16:06:40.243+0000] {dag.py:3096} INFO - Sync 2 DAGs
[2025-12-14T16:06:40.298+0000] {logging_mixin.py:188} INFO - [2025-12-14T16:06:40.298+0000] {dag.py:3954} INFO - Setting next_dagrun for update_db to 2025-12-14 15:00:00+00:00, run_after=2025-12-15 15:00:00+00:00
[2025-12-14T16:06:40.309+0000] {logging_mixin.py:188} INFO - [2025-12-14T16:06:40.309+0000] {dag.py:3954} INFO - Setting next_dagrun for youtube_video_stats to 2025-12-14 14:00:00+00:00, run_after=2025-12-15 14:00:00+00:00
[2025-12-14T16:06:40.366+0000] {processor.py:183} INFO - Processing /opt/airflow/dags/main.py took 0.395 seconds
[2025-12-14T16:07:10.755+0000] {processor.py:161} INFO - Started process (PID=4730) to work on /opt/airflow/dags/main.py
[2025-12-14T16:07:10.756+0000] {processor.py:830} INFO - Processing file /opt/airflow/dags/main.py for tasks to queue
[2025-12-14T16:07:10.759+0000] {logging_mixin.py:188} INFO - [2025-12-14T16:07:10.758+0000] {dagbag.py:545} INFO - Filling up the DagBag from /opt/airflow/dags/main.py
[2025-12-14T16:07:10.877+0000] {processor.py:840} INFO - DAG(s) 'update_db', 'youtube_video_stats' retrieved from /opt/airflow/dags/main.py
[2025-12-14T16:07:10.910+0000] {logging_mixin.py:188} INFO - [2025-12-14T16:07:10.910+0000] {dag.py:3096} INFO - Sync 2 DAGs
[2025-12-14T16:07:10.937+0000] {logging_mixin.py:188} INFO - [2025-12-14T16:07:10.937+0000] {dag.py:3954} INFO - Setting next_dagrun for update_db to 2025-12-14 15:00:00+00:00, run_after=2025-12-15 15:00:00+00:00
[2025-12-14T16:07:10.943+0000] {logging_mixin.py:188} INFO - [2025-12-14T16:07:10.943+0000] {dag.py:3954} INFO - Setting next_dagrun for youtube_video_stats to 2025-12-14 14:00:00+00:00, run_after=2025-12-15 14:00:00+00:00
[2025-12-14T16:07:10.971+0000] {processor.py:183} INFO - Processing /opt/airflow/dags/main.py took 0.224 seconds
[2025-12-14T16:07:41.567+0000] {processor.py:161} INFO - Started process (PID=4737) to work on /opt/airflow/dags/main.py
[2025-12-14T16:07:41.571+0000] {processor.py:830} INFO - Processing file /opt/airflow/dags/main.py for tasks to queue
[2025-12-14T16:07:41.578+0000] {logging_mixin.py:188} INFO - [2025-12-14T16:07:41.578+0000] {dagbag.py:545} INFO - Filling up the DagBag from /opt/airflow/dags/main.py
[2025-12-14T16:07:41.827+0000] {processor.py:840} INFO - DAG(s) 'youtube_video_stats', 'update_db' retrieved from /opt/airflow/dags/main.py
[2025-12-14T16:07:41.920+0000] {logging_mixin.py:188} INFO - [2025-12-14T16:07:41.920+0000] {dag.py:3096} INFO - Sync 2 DAGs
[2025-12-14T16:07:41.987+0000] {logging_mixin.py:188} INFO - [2025-12-14T16:07:41.987+0000] {dag.py:3954} INFO - Setting next_dagrun for update_db to 2025-12-14 15:00:00+00:00, run_after=2025-12-15 15:00:00+00:00
[2025-12-14T16:07:42.002+0000] {logging_mixin.py:188} INFO - [2025-12-14T16:07:41.999+0000] {dag.py:3954} INFO - Setting next_dagrun for youtube_video_stats to 2025-12-14 14:00:00+00:00, run_after=2025-12-15 14:00:00+00:00
[2025-12-14T16:07:42.055+0000] {processor.py:183} INFO - Processing /opt/airflow/dags/main.py took 0.518 seconds
[2025-12-14T16:08:12.325+0000] {processor.py:161} INFO - Started process (PID=4744) to work on /opt/airflow/dags/main.py
[2025-12-14T16:08:12.326+0000] {processor.py:830} INFO - Processing file /opt/airflow/dags/main.py for tasks to queue
[2025-12-14T16:08:12.328+0000] {logging_mixin.py:188} INFO - [2025-12-14T16:08:12.327+0000] {dagbag.py:545} INFO - Filling up the DagBag from /opt/airflow/dags/main.py
[2025-12-14T16:08:12.410+0000] {processor.py:840} INFO - DAG(s) 'youtube_video_stats', 'update_db' retrieved from /opt/airflow/dags/main.py
[2025-12-14T16:08:12.442+0000] {logging_mixin.py:188} INFO - [2025-12-14T16:08:12.442+0000] {dag.py:3096} INFO - Sync 2 DAGs
[2025-12-14T16:08:12.464+0000] {logging_mixin.py:188} INFO - [2025-12-14T16:08:12.464+0000] {dag.py:3954} INFO - Setting next_dagrun for update_db to 2025-12-14 15:00:00+00:00, run_after=2025-12-15 15:00:00+00:00
[2025-12-14T16:08:12.471+0000] {logging_mixin.py:188} INFO - [2025-12-14T16:08:12.471+0000] {dag.py:3954} INFO - Setting next_dagrun for youtube_video_stats to 2025-12-14 14:00:00+00:00, run_after=2025-12-15 14:00:00+00:00
[2025-12-14T16:08:12.493+0000] {processor.py:183} INFO - Processing /opt/airflow/dags/main.py took 0.175 seconds
[2025-12-14T16:08:42.585+0000] {processor.py:161} INFO - Started process (PID=4751) to work on /opt/airflow/dags/main.py
[2025-12-14T16:08:42.588+0000] {processor.py:830} INFO - Processing file /opt/airflow/dags/main.py for tasks to queue
[2025-12-14T16:08:42.591+0000] {logging_mixin.py:188} INFO - [2025-12-14T16:08:42.590+0000] {dagbag.py:545} INFO - Filling up the DagBag from /opt/airflow/dags/main.py
[2025-12-14T16:08:42.739+0000] {processor.py:840} INFO - DAG(s) 'update_db', 'youtube_video_stats' retrieved from /opt/airflow/dags/main.py
[2025-12-14T16:08:42.782+0000] {logging_mixin.py:188} INFO - [2025-12-14T16:08:42.782+0000] {dag.py:3096} INFO - Sync 2 DAGs
[2025-12-14T16:08:42.810+0000] {logging_mixin.py:188} INFO - [2025-12-14T16:08:42.810+0000] {dag.py:3954} INFO - Setting next_dagrun for update_db to 2025-12-14 15:00:00+00:00, run_after=2025-12-15 15:00:00+00:00
[2025-12-14T16:08:42.818+0000] {logging_mixin.py:188} INFO - [2025-12-14T16:08:42.818+0000] {dag.py:3954} INFO - Setting next_dagrun for youtube_video_stats to 2025-12-14 14:00:00+00:00, run_after=2025-12-15 14:00:00+00:00
[2025-12-14T16:08:42.841+0000] {processor.py:183} INFO - Processing /opt/airflow/dags/main.py took 0.276 seconds
[2025-12-14T16:09:12.897+0000] {processor.py:161} INFO - Started process (PID=4758) to work on /opt/airflow/dags/main.py
[2025-12-14T16:09:12.899+0000] {processor.py:830} INFO - Processing file /opt/airflow/dags/main.py for tasks to queue
[2025-12-14T16:09:12.901+0000] {logging_mixin.py:188} INFO - [2025-12-14T16:09:12.901+0000] {dagbag.py:545} INFO - Filling up the DagBag from /opt/airflow/dags/main.py
[2025-12-14T16:09:12.979+0000] {processor.py:840} INFO - DAG(s) 'youtube_video_stats', 'update_db' retrieved from /opt/airflow/dags/main.py
[2025-12-14T16:09:13.006+0000] {logging_mixin.py:188} INFO - [2025-12-14T16:09:13.006+0000] {dag.py:3096} INFO - Sync 2 DAGs
[2025-12-14T16:09:13.028+0000] {logging_mixin.py:188} INFO - [2025-12-14T16:09:13.028+0000] {dag.py:3954} INFO - Setting next_dagrun for update_db to 2025-12-14 15:00:00+00:00, run_after=2025-12-15 15:00:00+00:00
[2025-12-14T16:09:13.035+0000] {logging_mixin.py:188} INFO - [2025-12-14T16:09:13.034+0000] {dag.py:3954} INFO - Setting next_dagrun for youtube_video_stats to 2025-12-14 14:00:00+00:00, run_after=2025-12-15 14:00:00+00:00
[2025-12-14T16:09:13.054+0000] {processor.py:183} INFO - Processing /opt/airflow/dags/main.py took 0.163 seconds
[2025-12-14T16:09:43.265+0000] {processor.py:161} INFO - Started process (PID=4765) to work on /opt/airflow/dags/main.py
[2025-12-14T16:09:43.267+0000] {processor.py:830} INFO - Processing file /opt/airflow/dags/main.py for tasks to queue
[2025-12-14T16:09:43.268+0000] {logging_mixin.py:188} INFO - [2025-12-14T16:09:43.268+0000] {dagbag.py:545} INFO - Filling up the DagBag from /opt/airflow/dags/main.py
[2025-12-14T16:09:43.363+0000] {processor.py:840} INFO - DAG(s) 'youtube_video_stats', 'update_db' retrieved from /opt/airflow/dags/main.py
[2025-12-14T16:09:43.398+0000] {logging_mixin.py:188} INFO - [2025-12-14T16:09:43.397+0000] {dag.py:3096} INFO - Sync 2 DAGs
[2025-12-14T16:09:43.420+0000] {logging_mixin.py:188} INFO - [2025-12-14T16:09:43.420+0000] {dag.py:3954} INFO - Setting next_dagrun for update_db to 2025-12-14 15:00:00+00:00, run_after=2025-12-15 15:00:00+00:00
[2025-12-14T16:09:43.425+0000] {logging_mixin.py:188} INFO - [2025-12-14T16:09:43.425+0000] {dag.py:3954} INFO - Setting next_dagrun for youtube_video_stats to 2025-12-14 14:00:00+00:00, run_after=2025-12-15 14:00:00+00:00
[2025-12-14T16:09:43.441+0000] {processor.py:183} INFO - Processing /opt/airflow/dags/main.py took 0.182 seconds
[2025-12-14T16:10:13.513+0000] {processor.py:161} INFO - Started process (PID=4772) to work on /opt/airflow/dags/main.py
[2025-12-14T16:10:13.514+0000] {processor.py:830} INFO - Processing file /opt/airflow/dags/main.py for tasks to queue
[2025-12-14T16:10:13.516+0000] {logging_mixin.py:188} INFO - [2025-12-14T16:10:13.515+0000] {dagbag.py:545} INFO - Filling up the DagBag from /opt/airflow/dags/main.py
[2025-12-14T16:10:13.584+0000] {processor.py:840} INFO - DAG(s) 'update_db', 'youtube_video_stats' retrieved from /opt/airflow/dags/main.py
[2025-12-14T16:10:13.609+0000] {logging_mixin.py:188} INFO - [2025-12-14T16:10:13.609+0000] {dag.py:3096} INFO - Sync 2 DAGs
[2025-12-14T16:10:13.629+0000] {logging_mixin.py:188} INFO - [2025-12-14T16:10:13.629+0000] {dag.py:3954} INFO - Setting next_dagrun for update_db to 2025-12-14 15:00:00+00:00, run_after=2025-12-15 15:00:00+00:00
[2025-12-14T16:10:13.634+0000] {logging_mixin.py:188} INFO - [2025-12-14T16:10:13.634+0000] {dag.py:3954} INFO - Setting next_dagrun for youtube_video_stats to 2025-12-14 14:00:00+00:00, run_after=2025-12-15 14:00:00+00:00
[2025-12-14T16:10:13.648+0000] {processor.py:183} INFO - Processing /opt/airflow/dags/main.py took 0.140 seconds
[2025-12-14T16:10:43.827+0000] {processor.py:161} INFO - Started process (PID=4779) to work on /opt/airflow/dags/main.py
[2025-12-14T16:10:43.828+0000] {processor.py:830} INFO - Processing file /opt/airflow/dags/main.py for tasks to queue
[2025-12-14T16:10:43.830+0000] {logging_mixin.py:188} INFO - [2025-12-14T16:10:43.830+0000] {dagbag.py:545} INFO - Filling up the DagBag from /opt/airflow/dags/main.py
[2025-12-14T16:10:43.901+0000] {processor.py:840} INFO - DAG(s) 'youtube_video_stats', 'update_db' retrieved from /opt/airflow/dags/main.py
[2025-12-14T16:10:43.932+0000] {logging_mixin.py:188} INFO - [2025-12-14T16:10:43.932+0000] {dag.py:3096} INFO - Sync 2 DAGs
[2025-12-14T16:10:43.954+0000] {logging_mixin.py:188} INFO - [2025-12-14T16:10:43.953+0000] {dag.py:3954} INFO - Setting next_dagrun for update_db to 2025-12-14 15:00:00+00:00, run_after=2025-12-15 15:00:00+00:00
[2025-12-14T16:10:43.958+0000] {logging_mixin.py:188} INFO - [2025-12-14T16:10:43.958+0000] {dag.py:3954} INFO - Setting next_dagrun for youtube_video_stats to 2025-12-14 14:00:00+00:00, run_after=2025-12-15 14:00:00+00:00
[2025-12-14T16:10:43.977+0000] {processor.py:183} INFO - Processing /opt/airflow/dags/main.py took 0.155 seconds
[2025-12-14T16:11:14.013+0000] {processor.py:161} INFO - Started process (PID=4786) to work on /opt/airflow/dags/main.py
[2025-12-14T16:11:14.014+0000] {processor.py:830} INFO - Processing file /opt/airflow/dags/main.py for tasks to queue
[2025-12-14T16:11:14.016+0000] {logging_mixin.py:188} INFO - [2025-12-14T16:11:14.016+0000] {dagbag.py:545} INFO - Filling up the DagBag from /opt/airflow/dags/main.py
[2025-12-14T16:11:14.092+0000] {processor.py:840} INFO - DAG(s) 'youtube_video_stats', 'update_db' retrieved from /opt/airflow/dags/main.py
[2025-12-14T16:11:14.124+0000] {logging_mixin.py:188} INFO - [2025-12-14T16:11:14.123+0000] {dag.py:3096} INFO - Sync 2 DAGs
[2025-12-14T16:11:14.147+0000] {logging_mixin.py:188} INFO - [2025-12-14T16:11:14.147+0000] {dag.py:3954} INFO - Setting next_dagrun for update_db to 2025-12-14 15:00:00+00:00, run_after=2025-12-15 15:00:00+00:00
[2025-12-14T16:11:14.152+0000] {logging_mixin.py:188} INFO - [2025-12-14T16:11:14.152+0000] {dag.py:3954} INFO - Setting next_dagrun for youtube_video_stats to 2025-12-14 14:00:00+00:00, run_after=2025-12-15 14:00:00+00:00
[2025-12-14T16:11:14.173+0000] {processor.py:183} INFO - Processing /opt/airflow/dags/main.py took 0.166 seconds
[2025-12-14T16:11:44.538+0000] {processor.py:161} INFO - Started process (PID=4793) to work on /opt/airflow/dags/main.py
[2025-12-14T16:11:44.539+0000] {processor.py:830} INFO - Processing file /opt/airflow/dags/main.py for tasks to queue
[2025-12-14T16:11:44.542+0000] {logging_mixin.py:188} INFO - [2025-12-14T16:11:44.541+0000] {dagbag.py:545} INFO - Filling up the DagBag from /opt/airflow/dags/main.py
[2025-12-14T16:11:44.668+0000] {processor.py:840} INFO - DAG(s) 'update_db', 'youtube_video_stats' retrieved from /opt/airflow/dags/main.py
[2025-12-14T16:11:44.721+0000] {logging_mixin.py:188} INFO - [2025-12-14T16:11:44.721+0000] {dag.py:3096} INFO - Sync 2 DAGs
[2025-12-14T16:11:44.750+0000] {logging_mixin.py:188} INFO - [2025-12-14T16:11:44.750+0000] {dag.py:3954} INFO - Setting next_dagrun for update_db to 2025-12-14 15:00:00+00:00, run_after=2025-12-15 15:00:00+00:00
[2025-12-14T16:11:44.758+0000] {logging_mixin.py:188} INFO - [2025-12-14T16:11:44.758+0000] {dag.py:3954} INFO - Setting next_dagrun for youtube_video_stats to 2025-12-14 14:00:00+00:00, run_after=2025-12-15 14:00:00+00:00
[2025-12-14T16:11:44.787+0000] {processor.py:183} INFO - Processing /opt/airflow/dags/main.py took 0.256 seconds
[2025-12-14T16:12:14.990+0000] {processor.py:161} INFO - Started process (PID=4800) to work on /opt/airflow/dags/main.py
[2025-12-14T16:12:14.992+0000] {processor.py:830} INFO - Processing file /opt/airflow/dags/main.py for tasks to queue
[2025-12-14T16:12:14.993+0000] {logging_mixin.py:188} INFO - [2025-12-14T16:12:14.993+0000] {dagbag.py:545} INFO - Filling up the DagBag from /opt/airflow/dags/main.py
[2025-12-14T16:12:15.067+0000] {processor.py:840} INFO - DAG(s) 'youtube_video_stats', 'update_db' retrieved from /opt/airflow/dags/main.py
[2025-12-14T16:12:15.093+0000] {logging_mixin.py:188} INFO - [2025-12-14T16:12:15.093+0000] {dag.py:3096} INFO - Sync 2 DAGs
[2025-12-14T16:12:15.115+0000] {logging_mixin.py:188} INFO - [2025-12-14T16:12:15.115+0000] {dag.py:3954} INFO - Setting next_dagrun for update_db to 2025-12-14 15:00:00+00:00, run_after=2025-12-15 15:00:00+00:00
[2025-12-14T16:12:15.120+0000] {logging_mixin.py:188} INFO - [2025-12-14T16:12:15.120+0000] {dag.py:3954} INFO - Setting next_dagrun for youtube_video_stats to 2025-12-14 14:00:00+00:00, run_after=2025-12-15 14:00:00+00:00
[2025-12-14T16:12:15.135+0000] {processor.py:183} INFO - Processing /opt/airflow/dags/main.py took 0.156 seconds
[2025-12-14T16:12:45.207+0000] {processor.py:161} INFO - Started process (PID=4807) to work on /opt/airflow/dags/main.py
[2025-12-14T16:12:45.208+0000] {processor.py:830} INFO - Processing file /opt/airflow/dags/main.py for tasks to queue
[2025-12-14T16:12:45.211+0000] {logging_mixin.py:188} INFO - [2025-12-14T16:12:45.211+0000] {dagbag.py:545} INFO - Filling up the DagBag from /opt/airflow/dags/main.py
[2025-12-14T16:12:45.318+0000] {processor.py:840} INFO - DAG(s) 'update_db', 'youtube_video_stats' retrieved from /opt/airflow/dags/main.py
[2025-12-14T16:12:45.355+0000] {logging_mixin.py:188} INFO - [2025-12-14T16:12:45.355+0000] {dag.py:3096} INFO - Sync 2 DAGs
[2025-12-14T16:12:45.385+0000] {logging_mixin.py:188} INFO - [2025-12-14T16:12:45.385+0000] {dag.py:3954} INFO - Setting next_dagrun for update_db to 2025-12-14 15:00:00+00:00, run_after=2025-12-15 15:00:00+00:00
[2025-12-14T16:12:46.000+0000] {logging_mixin.py:188} INFO - [2025-12-14T16:12:46.000+0000] {dag.py:3954} INFO - Setting next_dagrun for youtube_video_stats to 2025-12-14 14:00:00+00:00, run_after=2025-12-15 14:00:00+00:00
[2025-12-14T16:12:46.219+0000] {processor.py:183} INFO - Processing /opt/airflow/dags/main.py took 1.022 seconds
[2025-12-14T16:13:16.411+0000] {processor.py:161} INFO - Started process (PID=4814) to work on /opt/airflow/dags/main.py
[2025-12-14T16:13:16.412+0000] {processor.py:830} INFO - Processing file /opt/airflow/dags/main.py for tasks to queue
[2025-12-14T16:13:16.414+0000] {logging_mixin.py:188} INFO - [2025-12-14T16:13:16.414+0000] {dagbag.py:545} INFO - Filling up the DagBag from /opt/airflow/dags/main.py
[2025-12-14T16:13:16.611+0000] {logging_mixin.py:188} INFO - [2025-12-14T16:13:16.555+0000] {dagbag.py:355} ERROR - Failed to import: /opt/airflow/dags/main.py
Traceback (most recent call last):
  File "/home/airflow/.local/lib/python3.10/site-packages/airflow/models/dagbag.py", line 351, in parse
    loader.exec_module(new_module)
  File "<frozen importlib._bootstrap_external>", line 883, in exec_module
  File "<frozen importlib._bootstrap>", line 241, in _call_with_frames_removed
  File "/opt/airflow/dags/main.py", line 11, in <module>
    from datawarehouse.dwh import staging_table, core_table
  File "/opt/airflow/dags/datawarehouse/dwh.py", line 3, in <module>
    from datawarehouse.data_modification import insert_rows, update_rows, delete_rows
ImportError: cannot import name 'insert_rows' from 'datawarehouse.data_modification' (/opt/airflow/dags/datawarehouse/data_modification.py)
[2025-12-14T16:13:16.613+0000] {processor.py:842} WARNING - No viable dags retrieved from /opt/airflow/dags/main.py
[2025-12-14T16:13:16.637+0000] {processor.py:183} INFO - Processing /opt/airflow/dags/main.py took 0.232 seconds
[2025-12-14T16:13:46.903+0000] {processor.py:161} INFO - Started process (PID=4822) to work on /opt/airflow/dags/main.py
[2025-12-14T16:13:46.904+0000] {processor.py:830} INFO - Processing file /opt/airflow/dags/main.py for tasks to queue
[2025-12-14T16:13:46.906+0000] {logging_mixin.py:188} INFO - [2025-12-14T16:13:46.906+0000] {dagbag.py:545} INFO - Filling up the DagBag from /opt/airflow/dags/main.py
[2025-12-14T16:13:46.971+0000] {logging_mixin.py:188} INFO - [2025-12-14T16:13:46.965+0000] {dagbag.py:355} ERROR - Failed to import: /opt/airflow/dags/main.py
Traceback (most recent call last):
  File "/home/airflow/.local/lib/python3.10/site-packages/airflow/models/dagbag.py", line 351, in parse
    loader.exec_module(new_module)
  File "<frozen importlib._bootstrap_external>", line 883, in exec_module
  File "<frozen importlib._bootstrap>", line 241, in _call_with_frames_removed
  File "/opt/airflow/dags/main.py", line 11, in <module>
    from datawarehouse.dwh import staging_table, core_table
  File "/opt/airflow/dags/datawarehouse/dwh.py", line 3, in <module>
    from datawarehouse.data_modification import insert_rows, update_rows, delete_rows
ImportError: cannot import name 'insert_rows' from 'datawarehouse.data_modification' (/opt/airflow/dags/datawarehouse/data_modification.py)
[2025-12-14T16:13:46.973+0000] {processor.py:842} WARNING - No viable dags retrieved from /opt/airflow/dags/main.py
[2025-12-14T16:13:46.989+0000] {processor.py:183} INFO - Processing /opt/airflow/dags/main.py took 0.091 seconds
[2025-12-14T16:14:17.077+0000] {processor.py:161} INFO - Started process (PID=4829) to work on /opt/airflow/dags/main.py
[2025-12-14T16:14:17.078+0000] {processor.py:830} INFO - Processing file /opt/airflow/dags/main.py for tasks to queue
[2025-12-14T16:14:17.079+0000] {logging_mixin.py:188} INFO - [2025-12-14T16:14:17.079+0000] {dagbag.py:545} INFO - Filling up the DagBag from /opt/airflow/dags/main.py
[2025-12-14T16:14:17.143+0000] {logging_mixin.py:188} INFO - [2025-12-14T16:14:17.139+0000] {dagbag.py:355} ERROR - Failed to import: /opt/airflow/dags/main.py
Traceback (most recent call last):
  File "/home/airflow/.local/lib/python3.10/site-packages/airflow/models/dagbag.py", line 351, in parse
    loader.exec_module(new_module)
  File "<frozen importlib._bootstrap_external>", line 883, in exec_module
  File "<frozen importlib._bootstrap>", line 241, in _call_with_frames_removed
  File "/opt/airflow/dags/main.py", line 11, in <module>
    from datawarehouse.dwh import staging_table, core_table
  File "/opt/airflow/dags/datawarehouse/dwh.py", line 3, in <module>
    from datawarehouse.data_modification import insert_rows, update_rows, delete_rows
ImportError: cannot import name 'insert_rows' from 'datawarehouse.data_modification' (/opt/airflow/dags/datawarehouse/data_modification.py)
[2025-12-14T16:14:17.145+0000] {processor.py:842} WARNING - No viable dags retrieved from /opt/airflow/dags/main.py
[2025-12-14T16:14:17.163+0000] {processor.py:183} INFO - Processing /opt/airflow/dags/main.py took 0.093 seconds
[2025-12-14T16:14:47.386+0000] {processor.py:161} INFO - Started process (PID=4836) to work on /opt/airflow/dags/main.py
[2025-12-14T16:14:47.387+0000] {processor.py:830} INFO - Processing file /opt/airflow/dags/main.py for tasks to queue
[2025-12-14T16:14:47.388+0000] {logging_mixin.py:188} INFO - [2025-12-14T16:14:47.388+0000] {dagbag.py:545} INFO - Filling up the DagBag from /opt/airflow/dags/main.py
[2025-12-14T16:14:47.449+0000] {logging_mixin.py:188} INFO - [2025-12-14T16:14:47.445+0000] {dagbag.py:355} ERROR - Failed to import: /opt/airflow/dags/main.py
Traceback (most recent call last):
  File "/home/airflow/.local/lib/python3.10/site-packages/airflow/models/dagbag.py", line 351, in parse
    loader.exec_module(new_module)
  File "<frozen importlib._bootstrap_external>", line 883, in exec_module
  File "<frozen importlib._bootstrap>", line 241, in _call_with_frames_removed
  File "/opt/airflow/dags/main.py", line 11, in <module>
    from datawarehouse.dwh import staging_table, core_table
  File "/opt/airflow/dags/datawarehouse/dwh.py", line 3, in <module>
    from datawarehouse.data_modification import insert_rows, update_rows, delete_rows
ImportError: cannot import name 'insert_rows' from 'datawarehouse.data_modification' (/opt/airflow/dags/datawarehouse/data_modification.py)
[2025-12-14T16:14:47.451+0000] {processor.py:842} WARNING - No viable dags retrieved from /opt/airflow/dags/main.py
[2025-12-14T16:14:47.468+0000] {processor.py:183} INFO - Processing /opt/airflow/dags/main.py took 0.087 seconds
[2025-12-14T16:15:17.650+0000] {processor.py:161} INFO - Started process (PID=4843) to work on /opt/airflow/dags/main.py
[2025-12-14T16:15:17.652+0000] {processor.py:830} INFO - Processing file /opt/airflow/dags/main.py for tasks to queue
[2025-12-14T16:15:17.652+0000] {logging_mixin.py:188} INFO - [2025-12-14T16:15:17.652+0000] {dagbag.py:545} INFO - Filling up the DagBag from /opt/airflow/dags/main.py
[2025-12-14T16:15:17.736+0000] {logging_mixin.py:188} INFO - [2025-12-14T16:15:17.731+0000] {dagbag.py:355} ERROR - Failed to import: /opt/airflow/dags/main.py
Traceback (most recent call last):
  File "/home/airflow/.local/lib/python3.10/site-packages/airflow/models/dagbag.py", line 351, in parse
    loader.exec_module(new_module)
  File "<frozen importlib._bootstrap_external>", line 883, in exec_module
  File "<frozen importlib._bootstrap>", line 241, in _call_with_frames_removed
  File "/opt/airflow/dags/main.py", line 11, in <module>
    from datawarehouse.dwh import staging_table, core_table
  File "/opt/airflow/dags/datawarehouse/dwh.py", line 3, in <module>
    from datawarehouse.data_modification import insert_rows, update_rows, delete_rows
ImportError: cannot import name 'insert_rows' from 'datawarehouse.data_modification' (/opt/airflow/dags/datawarehouse/data_modification.py)
[2025-12-14T16:15:17.738+0000] {processor.py:842} WARNING - No viable dags retrieved from /opt/airflow/dags/main.py
[2025-12-14T16:15:17.755+0000] {processor.py:183} INFO - Processing /opt/airflow/dags/main.py took 0.110 seconds
[2025-12-14T16:15:48.002+0000] {processor.py:161} INFO - Started process (PID=4850) to work on /opt/airflow/dags/main.py
[2025-12-14T16:15:48.003+0000] {processor.py:830} INFO - Processing file /opt/airflow/dags/main.py for tasks to queue
[2025-12-14T16:15:48.004+0000] {logging_mixin.py:188} INFO - [2025-12-14T16:15:48.003+0000] {dagbag.py:545} INFO - Filling up the DagBag from /opt/airflow/dags/main.py
[2025-12-14T16:15:48.094+0000] {logging_mixin.py:188} INFO - [2025-12-14T16:15:48.088+0000] {dagbag.py:355} ERROR - Failed to import: /opt/airflow/dags/main.py
Traceback (most recent call last):
  File "/home/airflow/.local/lib/python3.10/site-packages/airflow/models/dagbag.py", line 351, in parse
    loader.exec_module(new_module)
  File "<frozen importlib._bootstrap_external>", line 883, in exec_module
  File "<frozen importlib._bootstrap>", line 241, in _call_with_frames_removed
  File "/opt/airflow/dags/main.py", line 11, in <module>
    from datawarehouse.dwh import staging_table, core_table
  File "/opt/airflow/dags/datawarehouse/dwh.py", line 3, in <module>
    from datawarehouse.data_modification import insert_rows, update_rows, delete_rows
ImportError: cannot import name 'insert_rows' from 'datawarehouse.data_modification' (/opt/airflow/dags/datawarehouse/data_modification.py)
[2025-12-14T16:15:48.096+0000] {processor.py:842} WARNING - No viable dags retrieved from /opt/airflow/dags/main.py
[2025-12-14T16:15:48.113+0000] {processor.py:183} INFO - Processing /opt/airflow/dags/main.py took 0.117 seconds
[2025-12-14T16:16:18.171+0000] {processor.py:161} INFO - Started process (PID=4858) to work on /opt/airflow/dags/main.py
[2025-12-14T16:16:18.172+0000] {processor.py:830} INFO - Processing file /opt/airflow/dags/main.py for tasks to queue
[2025-12-14T16:16:18.173+0000] {logging_mixin.py:188} INFO - [2025-12-14T16:16:18.173+0000] {dagbag.py:545} INFO - Filling up the DagBag from /opt/airflow/dags/main.py
[2025-12-14T16:16:18.253+0000] {logging_mixin.py:188} INFO - [2025-12-14T16:16:18.248+0000] {dagbag.py:355} ERROR - Failed to import: /opt/airflow/dags/main.py
Traceback (most recent call last):
  File "/home/airflow/.local/lib/python3.10/site-packages/airflow/models/dagbag.py", line 351, in parse
    loader.exec_module(new_module)
  File "<frozen importlib._bootstrap_external>", line 883, in exec_module
  File "<frozen importlib._bootstrap>", line 241, in _call_with_frames_removed
  File "/opt/airflow/dags/main.py", line 11, in <module>
    from datawarehouse.dwh import staging_table, core_table
  File "/opt/airflow/dags/datawarehouse/dwh.py", line 3, in <module>
    from datawarehouse.data_modification import insert_rows, update_rows, delete_rows
ImportError: cannot import name 'insert_rows' from 'datawarehouse.data_modification' (/opt/airflow/dags/datawarehouse/data_modification.py)
[2025-12-14T16:16:18.255+0000] {processor.py:842} WARNING - No viable dags retrieved from /opt/airflow/dags/main.py
[2025-12-14T16:16:18.275+0000] {processor.py:183} INFO - Processing /opt/airflow/dags/main.py took 0.110 seconds
[2025-12-14T16:16:48.337+0000] {processor.py:161} INFO - Started process (PID=4865) to work on /opt/airflow/dags/main.py
[2025-12-14T16:16:48.338+0000] {processor.py:830} INFO - Processing file /opt/airflow/dags/main.py for tasks to queue
[2025-12-14T16:16:48.339+0000] {logging_mixin.py:188} INFO - [2025-12-14T16:16:48.339+0000] {dagbag.py:545} INFO - Filling up the DagBag from /opt/airflow/dags/main.py
[2025-12-14T16:16:48.459+0000] {processor.py:840} INFO - DAG(s) 'update_db', 'youtube_video_stats' retrieved from /opt/airflow/dags/main.py
[2025-12-14T16:16:48.664+0000] {logging_mixin.py:188} INFO - [2025-12-14T16:16:48.664+0000] {dag.py:3096} INFO - Sync 2 DAGs
[2025-12-14T16:16:48.690+0000] {logging_mixin.py:188} INFO - [2025-12-14T16:16:48.690+0000] {dag.py:3954} INFO - Setting next_dagrun for update_db to 2025-12-14 15:00:00+00:00, run_after=2025-12-15 15:00:00+00:00
[2025-12-14T16:16:48.695+0000] {logging_mixin.py:188} INFO - [2025-12-14T16:16:48.694+0000] {dag.py:3954} INFO - Setting next_dagrun for youtube_video_stats to 2025-12-14 14:00:00+00:00, run_after=2025-12-15 14:00:00+00:00
[2025-12-14T16:16:48.721+0000] {processor.py:183} INFO - Processing /opt/airflow/dags/main.py took 0.390 seconds
[2025-12-14T16:17:18.816+0000] {processor.py:161} INFO - Started process (PID=4872) to work on /opt/airflow/dags/main.py
[2025-12-14T16:17:18.818+0000] {processor.py:830} INFO - Processing file /opt/airflow/dags/main.py for tasks to queue
[2025-12-14T16:17:18.819+0000] {logging_mixin.py:188} INFO - [2025-12-14T16:17:18.819+0000] {dagbag.py:545} INFO - Filling up the DagBag from /opt/airflow/dags/main.py
[2025-12-14T16:17:18.905+0000] {processor.py:840} INFO - DAG(s) 'update_db', 'youtube_video_stats' retrieved from /opt/airflow/dags/main.py
[2025-12-14T16:17:18.934+0000] {logging_mixin.py:188} INFO - [2025-12-14T16:17:18.934+0000] {dag.py:3096} INFO - Sync 2 DAGs
[2025-12-14T16:17:18.955+0000] {logging_mixin.py:188} INFO - [2025-12-14T16:17:18.955+0000] {dag.py:3954} INFO - Setting next_dagrun for update_db to 2025-12-14 15:00:00+00:00, run_after=2025-12-15 15:00:00+00:00
[2025-12-14T16:17:18.960+0000] {logging_mixin.py:188} INFO - [2025-12-14T16:17:18.960+0000] {dag.py:3954} INFO - Setting next_dagrun for youtube_video_stats to 2025-12-14 14:00:00+00:00, run_after=2025-12-15 14:00:00+00:00
[2025-12-14T16:17:18.978+0000] {processor.py:183} INFO - Processing /opt/airflow/dags/main.py took 0.168 seconds
[2025-12-14T16:17:49.149+0000] {processor.py:161} INFO - Started process (PID=4879) to work on /opt/airflow/dags/main.py
[2025-12-14T16:17:49.150+0000] {processor.py:830} INFO - Processing file /opt/airflow/dags/main.py for tasks to queue
[2025-12-14T16:17:49.151+0000] {logging_mixin.py:188} INFO - [2025-12-14T16:17:49.151+0000] {dagbag.py:545} INFO - Filling up the DagBag from /opt/airflow/dags/main.py
[2025-12-14T16:17:49.224+0000] {processor.py:840} INFO - DAG(s) 'update_db', 'youtube_video_stats' retrieved from /opt/airflow/dags/main.py
[2025-12-14T16:17:49.247+0000] {logging_mixin.py:188} INFO - [2025-12-14T16:17:49.247+0000] {dag.py:3096} INFO - Sync 2 DAGs
[2025-12-14T16:17:49.265+0000] {logging_mixin.py:188} INFO - [2025-12-14T16:17:49.265+0000] {dag.py:3954} INFO - Setting next_dagrun for update_db to 2025-12-14 15:00:00+00:00, run_after=2025-12-15 15:00:00+00:00
[2025-12-14T16:17:49.271+0000] {logging_mixin.py:188} INFO - [2025-12-14T16:17:49.270+0000] {dag.py:3954} INFO - Setting next_dagrun for youtube_video_stats to 2025-12-14 14:00:00+00:00, run_after=2025-12-15 14:00:00+00:00
[2025-12-14T16:17:49.284+0000] {processor.py:183} INFO - Processing /opt/airflow/dags/main.py took 0.142 seconds
[2025-12-14T16:18:19.329+0000] {processor.py:161} INFO - Started process (PID=4886) to work on /opt/airflow/dags/main.py
[2025-12-14T16:18:19.330+0000] {processor.py:830} INFO - Processing file /opt/airflow/dags/main.py for tasks to queue
[2025-12-14T16:18:19.331+0000] {logging_mixin.py:188} INFO - [2025-12-14T16:18:19.331+0000] {dagbag.py:545} INFO - Filling up the DagBag from /opt/airflow/dags/main.py
[2025-12-14T16:18:19.419+0000] {processor.py:840} INFO - DAG(s) 'youtube_video_stats', 'update_db' retrieved from /opt/airflow/dags/main.py
[2025-12-14T16:18:19.449+0000] {logging_mixin.py:188} INFO - [2025-12-14T16:18:19.449+0000] {dag.py:3096} INFO - Sync 2 DAGs
[2025-12-14T16:18:19.472+0000] {logging_mixin.py:188} INFO - [2025-12-14T16:18:19.471+0000] {dag.py:3954} INFO - Setting next_dagrun for update_db to 2025-12-14 15:00:00+00:00, run_after=2025-12-15 15:00:00+00:00
[2025-12-14T16:18:19.477+0000] {logging_mixin.py:188} INFO - [2025-12-14T16:18:19.476+0000] {dag.py:3954} INFO - Setting next_dagrun for youtube_video_stats to 2025-12-14 14:00:00+00:00, run_after=2025-12-15 14:00:00+00:00
[2025-12-14T16:18:19.499+0000] {processor.py:183} INFO - Processing /opt/airflow/dags/main.py took 0.176 seconds
[2025-12-14T16:18:49.664+0000] {processor.py:161} INFO - Started process (PID=4893) to work on /opt/airflow/dags/main.py
[2025-12-14T16:18:49.666+0000] {processor.py:830} INFO - Processing file /opt/airflow/dags/main.py for tasks to queue
[2025-12-14T16:18:49.667+0000] {logging_mixin.py:188} INFO - [2025-12-14T16:18:49.667+0000] {dagbag.py:545} INFO - Filling up the DagBag from /opt/airflow/dags/main.py
[2025-12-14T16:18:49.798+0000] {processor.py:840} INFO - DAG(s) 'youtube_video_stats', 'update_db' retrieved from /opt/airflow/dags/main.py
[2025-12-14T16:18:50.046+0000] {logging_mixin.py:188} INFO - [2025-12-14T16:18:50.045+0000] {dag.py:3096} INFO - Sync 2 DAGs
[2025-12-14T16:18:50.098+0000] {logging_mixin.py:188} INFO - [2025-12-14T16:18:50.097+0000] {dag.py:3954} INFO - Setting next_dagrun for update_db to 2025-12-14 15:00:00+00:00, run_after=2025-12-15 15:00:00+00:00
[2025-12-14T16:18:50.113+0000] {logging_mixin.py:188} INFO - [2025-12-14T16:18:50.112+0000] {dag.py:3954} INFO - Setting next_dagrun for youtube_video_stats to 2025-12-14 14:00:00+00:00, run_after=2025-12-15 14:00:00+00:00
[2025-12-14T16:18:50.157+0000] {processor.py:183} INFO - Processing /opt/airflow/dags/main.py took 0.502 seconds
[2025-12-14T16:19:20.478+0000] {processor.py:161} INFO - Started process (PID=4900) to work on /opt/airflow/dags/main.py
[2025-12-14T16:19:20.481+0000] {processor.py:830} INFO - Processing file /opt/airflow/dags/main.py for tasks to queue
[2025-12-14T16:19:20.483+0000] {logging_mixin.py:188} INFO - [2025-12-14T16:19:20.482+0000] {dagbag.py:545} INFO - Filling up the DagBag from /opt/airflow/dags/main.py
[2025-12-14T16:19:20.675+0000] {processor.py:840} INFO - DAG(s) 'youtube_video_stats', 'update_db' retrieved from /opt/airflow/dags/main.py
[2025-12-14T16:19:20.729+0000] {logging_mixin.py:188} INFO - [2025-12-14T16:19:20.729+0000] {dag.py:3096} INFO - Sync 2 DAGs
[2025-12-14T16:19:20.763+0000] {logging_mixin.py:188} INFO - [2025-12-14T16:19:20.762+0000] {dag.py:3954} INFO - Setting next_dagrun for update_db to 2025-12-14 15:00:00+00:00, run_after=2025-12-15 15:00:00+00:00
[2025-12-14T16:19:20.773+0000] {logging_mixin.py:188} INFO - [2025-12-14T16:19:20.773+0000] {dag.py:3954} INFO - Setting next_dagrun for youtube_video_stats to 2025-12-14 14:00:00+00:00, run_after=2025-12-15 14:00:00+00:00
[2025-12-14T16:19:20.800+0000] {processor.py:183} INFO - Processing /opt/airflow/dags/main.py took 0.344 seconds
[2025-12-14T16:19:51.022+0000] {processor.py:161} INFO - Started process (PID=4907) to work on /opt/airflow/dags/main.py
[2025-12-14T16:19:51.023+0000] {processor.py:830} INFO - Processing file /opt/airflow/dags/main.py for tasks to queue
[2025-12-14T16:19:51.024+0000] {logging_mixin.py:188} INFO - [2025-12-14T16:19:51.024+0000] {dagbag.py:545} INFO - Filling up the DagBag from /opt/airflow/dags/main.py
[2025-12-14T16:19:51.110+0000] {processor.py:840} INFO - DAG(s) 'youtube_video_stats', 'update_db' retrieved from /opt/airflow/dags/main.py
[2025-12-14T16:19:51.205+0000] {logging_mixin.py:188} INFO - [2025-12-14T16:19:51.204+0000] {dag.py:3096} INFO - Sync 2 DAGs
[2025-12-14T16:19:51.221+0000] {logging_mixin.py:188} INFO - [2025-12-14T16:19:51.221+0000] {dag.py:3954} INFO - Setting next_dagrun for update_db to 2025-12-14 15:00:00+00:00, run_after=2025-12-15 15:00:00+00:00
[2025-12-14T16:19:51.225+0000] {logging_mixin.py:188} INFO - [2025-12-14T16:19:51.225+0000] {dag.py:3954} INFO - Setting next_dagrun for youtube_video_stats to 2025-12-14 14:00:00+00:00, run_after=2025-12-15 14:00:00+00:00
[2025-12-14T16:19:51.244+0000] {processor.py:183} INFO - Processing /opt/airflow/dags/main.py took 0.227 seconds
[2025-12-14T16:20:21.538+0000] {processor.py:161} INFO - Started process (PID=4914) to work on /opt/airflow/dags/main.py
[2025-12-14T16:20:21.543+0000] {processor.py:830} INFO - Processing file /opt/airflow/dags/main.py for tasks to queue
[2025-12-14T16:20:21.546+0000] {logging_mixin.py:188} INFO - [2025-12-14T16:20:21.545+0000] {dagbag.py:545} INFO - Filling up the DagBag from /opt/airflow/dags/main.py
[2025-12-14T16:20:23.095+0000] {processor.py:840} INFO - DAG(s) 'youtube_video_stats', 'update_db' retrieved from /opt/airflow/dags/main.py
[2025-12-14T16:20:23.810+0000] {logging_mixin.py:188} INFO - [2025-12-14T16:20:23.810+0000] {dag.py:3096} INFO - Sync 2 DAGs
[2025-12-14T16:20:23.853+0000] {logging_mixin.py:188} INFO - [2025-12-14T16:20:23.852+0000] {dag.py:3954} INFO - Setting next_dagrun for update_db to 2025-12-14 15:00:00+00:00, run_after=2025-12-15 15:00:00+00:00
[2025-12-14T16:20:23.863+0000] {logging_mixin.py:188} INFO - [2025-12-14T16:20:23.862+0000] {dag.py:3954} INFO - Setting next_dagrun for youtube_video_stats to 2025-12-14 14:00:00+00:00, run_after=2025-12-15 14:00:00+00:00
[2025-12-14T16:20:23.894+0000] {processor.py:183} INFO - Processing /opt/airflow/dags/main.py took 2.390 seconds
[2025-12-14T16:20:54.186+0000] {processor.py:161} INFO - Started process (PID=4928) to work on /opt/airflow/dags/main.py
[2025-12-14T16:20:54.188+0000] {processor.py:830} INFO - Processing file /opt/airflow/dags/main.py for tasks to queue
[2025-12-14T16:20:54.190+0000] {logging_mixin.py:188} INFO - [2025-12-14T16:20:54.190+0000] {dagbag.py:545} INFO - Filling up the DagBag from /opt/airflow/dags/main.py
[2025-12-14T16:20:54.569+0000] {processor.py:840} INFO - DAG(s) 'youtube_video_stats', 'update_db' retrieved from /opt/airflow/dags/main.py
[2025-12-14T16:20:54.706+0000] {logging_mixin.py:188} INFO - [2025-12-14T16:20:54.695+0000] {dag.py:3096} INFO - Sync 2 DAGs
[2025-12-14T16:20:54.796+0000] {logging_mixin.py:188} INFO - [2025-12-14T16:20:54.795+0000] {dag.py:3954} INFO - Setting next_dagrun for update_db to 2025-12-14 15:00:00+00:00, run_after=2025-12-15 15:00:00+00:00
[2025-12-14T16:20:54.815+0000] {logging_mixin.py:188} INFO - [2025-12-14T16:20:54.815+0000] {dag.py:3954} INFO - Setting next_dagrun for youtube_video_stats to 2025-12-14 14:00:00+00:00, run_after=2025-12-15 14:00:00+00:00
[2025-12-14T16:20:54.859+0000] {processor.py:183} INFO - Processing /opt/airflow/dags/main.py took 0.693 seconds
[2025-12-14T16:21:25.120+0000] {processor.py:161} INFO - Started process (PID=4935) to work on /opt/airflow/dags/main.py
[2025-12-14T16:21:25.124+0000] {processor.py:830} INFO - Processing file /opt/airflow/dags/main.py for tasks to queue
[2025-12-14T16:21:25.125+0000] {logging_mixin.py:188} INFO - [2025-12-14T16:21:25.125+0000] {dagbag.py:545} INFO - Filling up the DagBag from /opt/airflow/dags/main.py
[2025-12-14T16:21:25.231+0000] {processor.py:840} INFO - DAG(s) 'youtube_video_stats', 'update_db' retrieved from /opt/airflow/dags/main.py
[2025-12-14T16:21:25.267+0000] {logging_mixin.py:188} INFO - [2025-12-14T16:21:25.267+0000] {dag.py:3096} INFO - Sync 2 DAGs
[2025-12-14T16:21:25.290+0000] {logging_mixin.py:188} INFO - [2025-12-14T16:21:25.290+0000] {dag.py:3954} INFO - Setting next_dagrun for update_db to 2025-12-14 15:00:00+00:00, run_after=2025-12-15 15:00:00+00:00
[2025-12-14T16:21:25.296+0000] {logging_mixin.py:188} INFO - [2025-12-14T16:21:25.296+0000] {dag.py:3954} INFO - Setting next_dagrun for youtube_video_stats to 2025-12-14 14:00:00+00:00, run_after=2025-12-15 14:00:00+00:00
[2025-12-14T16:21:25.318+0000] {processor.py:183} INFO - Processing /opt/airflow/dags/main.py took 0.205 seconds
[2025-12-14T16:21:55.526+0000] {processor.py:161} INFO - Started process (PID=4942) to work on /opt/airflow/dags/main.py
[2025-12-14T16:21:55.527+0000] {processor.py:830} INFO - Processing file /opt/airflow/dags/main.py for tasks to queue
[2025-12-14T16:21:55.529+0000] {logging_mixin.py:188} INFO - [2025-12-14T16:21:55.528+0000] {dagbag.py:545} INFO - Filling up the DagBag from /opt/airflow/dags/main.py
[2025-12-14T16:21:55.614+0000] {processor.py:840} INFO - DAG(s) 'youtube_video_stats', 'update_db' retrieved from /opt/airflow/dags/main.py
[2025-12-14T16:21:55.647+0000] {logging_mixin.py:188} INFO - [2025-12-14T16:21:55.647+0000] {dag.py:3096} INFO - Sync 2 DAGs
[2025-12-14T16:21:55.671+0000] {logging_mixin.py:188} INFO - [2025-12-14T16:21:55.671+0000] {dag.py:3954} INFO - Setting next_dagrun for update_db to 2025-12-14 15:00:00+00:00, run_after=2025-12-15 15:00:00+00:00
[2025-12-14T16:21:55.676+0000] {logging_mixin.py:188} INFO - [2025-12-14T16:21:55.676+0000] {dag.py:3954} INFO - Setting next_dagrun for youtube_video_stats to 2025-12-14 14:00:00+00:00, run_after=2025-12-15 14:00:00+00:00
[2025-12-14T16:21:55.696+0000] {processor.py:183} INFO - Processing /opt/airflow/dags/main.py took 0.178 seconds
[2025-12-14T16:22:25.896+0000] {processor.py:161} INFO - Started process (PID=4949) to work on /opt/airflow/dags/main.py
[2025-12-14T16:22:25.897+0000] {processor.py:830} INFO - Processing file /opt/airflow/dags/main.py for tasks to queue
[2025-12-14T16:22:25.898+0000] {logging_mixin.py:188} INFO - [2025-12-14T16:22:25.898+0000] {dagbag.py:545} INFO - Filling up the DagBag from /opt/airflow/dags/main.py
[2025-12-14T16:22:25.996+0000] {processor.py:840} INFO - DAG(s) 'update_db', 'youtube_video_stats' retrieved from /opt/airflow/dags/main.py
[2025-12-14T16:22:26.036+0000] {logging_mixin.py:188} INFO - [2025-12-14T16:22:26.036+0000] {dag.py:3096} INFO - Sync 2 DAGs
[2025-12-14T16:22:26.057+0000] {logging_mixin.py:188} INFO - [2025-12-14T16:22:26.057+0000] {dag.py:3954} INFO - Setting next_dagrun for update_db to 2025-12-14 15:00:00+00:00, run_after=2025-12-15 15:00:00+00:00
[2025-12-14T16:22:26.062+0000] {logging_mixin.py:188} INFO - [2025-12-14T16:22:26.061+0000] {dag.py:3954} INFO - Setting next_dagrun for youtube_video_stats to 2025-12-14 14:00:00+00:00, run_after=2025-12-15 14:00:00+00:00
[2025-12-14T16:22:26.075+0000] {processor.py:183} INFO - Processing /opt/airflow/dags/main.py took 0.185 seconds
[2025-12-14T16:22:56.285+0000] {processor.py:161} INFO - Started process (PID=4956) to work on /opt/airflow/dags/main.py
[2025-12-14T16:22:56.286+0000] {processor.py:830} INFO - Processing file /opt/airflow/dags/main.py for tasks to queue
[2025-12-14T16:22:56.287+0000] {logging_mixin.py:188} INFO - [2025-12-14T16:22:56.287+0000] {dagbag.py:545} INFO - Filling up the DagBag from /opt/airflow/dags/main.py
[2025-12-14T16:22:56.358+0000] {processor.py:840} INFO - DAG(s) 'update_db', 'youtube_video_stats' retrieved from /opt/airflow/dags/main.py
[2025-12-14T16:22:56.383+0000] {logging_mixin.py:188} INFO - [2025-12-14T16:22:56.383+0000] {dag.py:3096} INFO - Sync 2 DAGs
[2025-12-14T16:22:56.402+0000] {logging_mixin.py:188} INFO - [2025-12-14T16:22:56.402+0000] {dag.py:3954} INFO - Setting next_dagrun for update_db to 2025-12-14 15:00:00+00:00, run_after=2025-12-15 15:00:00+00:00
[2025-12-14T16:22:56.406+0000] {logging_mixin.py:188} INFO - [2025-12-14T16:22:56.406+0000] {dag.py:3954} INFO - Setting next_dagrun for youtube_video_stats to 2025-12-14 14:00:00+00:00, run_after=2025-12-15 14:00:00+00:00
[2025-12-14T16:22:56.423+0000] {processor.py:183} INFO - Processing /opt/airflow/dags/main.py took 0.145 seconds
[2025-12-14T16:23:27.101+0000] {processor.py:161} INFO - Started process (PID=4963) to work on /opt/airflow/dags/main.py
[2025-12-14T16:23:27.103+0000] {processor.py:830} INFO - Processing file /opt/airflow/dags/main.py for tasks to queue
[2025-12-14T16:23:27.104+0000] {logging_mixin.py:188} INFO - [2025-12-14T16:23:27.103+0000] {dagbag.py:545} INFO - Filling up the DagBag from /opt/airflow/dags/main.py
[2025-12-14T16:23:27.215+0000] {processor.py:840} INFO - DAG(s) 'youtube_video_stats', 'update_db' retrieved from /opt/airflow/dags/main.py
[2025-12-14T16:23:27.245+0000] {logging_mixin.py:188} INFO - [2025-12-14T16:23:27.245+0000] {dag.py:3096} INFO - Sync 2 DAGs
[2025-12-14T16:23:27.264+0000] {logging_mixin.py:188} INFO - [2025-12-14T16:23:27.263+0000] {dag.py:3954} INFO - Setting next_dagrun for update_db to 2025-12-14 15:00:00+00:00, run_after=2025-12-15 15:00:00+00:00
[2025-12-14T16:23:27.269+0000] {logging_mixin.py:188} INFO - [2025-12-14T16:23:27.269+0000] {dag.py:3954} INFO - Setting next_dagrun for youtube_video_stats to 2025-12-14 14:00:00+00:00, run_after=2025-12-15 14:00:00+00:00
[2025-12-14T16:23:27.340+0000] {processor.py:183} INFO - Processing /opt/airflow/dags/main.py took 0.249 seconds
[2025-12-14T16:23:57.604+0000] {processor.py:161} INFO - Started process (PID=4970) to work on /opt/airflow/dags/main.py
[2025-12-14T16:23:57.606+0000] {processor.py:830} INFO - Processing file /opt/airflow/dags/main.py for tasks to queue
[2025-12-14T16:23:57.607+0000] {logging_mixin.py:188} INFO - [2025-12-14T16:23:57.606+0000] {dagbag.py:545} INFO - Filling up the DagBag from /opt/airflow/dags/main.py
[2025-12-14T16:23:57.674+0000] {processor.py:840} INFO - DAG(s) 'update_db', 'youtube_video_stats' retrieved from /opt/airflow/dags/main.py
[2025-12-14T16:23:57.701+0000] {logging_mixin.py:188} INFO - [2025-12-14T16:23:57.700+0000] {dag.py:3096} INFO - Sync 2 DAGs
[2025-12-14T16:23:57.721+0000] {logging_mixin.py:188} INFO - [2025-12-14T16:23:57.720+0000] {dag.py:3954} INFO - Setting next_dagrun for update_db to 2025-12-14 15:00:00+00:00, run_after=2025-12-15 15:00:00+00:00
[2025-12-14T16:23:57.726+0000] {logging_mixin.py:188} INFO - [2025-12-14T16:23:57.726+0000] {dag.py:3954} INFO - Setting next_dagrun for youtube_video_stats to 2025-12-14 14:00:00+00:00, run_after=2025-12-15 14:00:00+00:00
[2025-12-14T16:23:57.740+0000] {processor.py:183} INFO - Processing /opt/airflow/dags/main.py took 0.146 seconds
[2025-12-14T16:24:27.834+0000] {processor.py:161} INFO - Started process (PID=4977) to work on /opt/airflow/dags/main.py
[2025-12-14T16:24:27.835+0000] {processor.py:830} INFO - Processing file /opt/airflow/dags/main.py for tasks to queue
[2025-12-14T16:24:27.836+0000] {logging_mixin.py:188} INFO - [2025-12-14T16:24:27.836+0000] {dagbag.py:545} INFO - Filling up the DagBag from /opt/airflow/dags/main.py
[2025-12-14T16:24:27.900+0000] {processor.py:840} INFO - DAG(s) 'youtube_video_stats', 'update_db' retrieved from /opt/airflow/dags/main.py
[2025-12-14T16:24:27.925+0000] {logging_mixin.py:188} INFO - [2025-12-14T16:24:27.925+0000] {dag.py:3096} INFO - Sync 2 DAGs
[2025-12-14T16:24:27.944+0000] {logging_mixin.py:188} INFO - [2025-12-14T16:24:27.944+0000] {dag.py:3954} INFO - Setting next_dagrun for update_db to 2025-12-14 15:00:00+00:00, run_after=2025-12-15 15:00:00+00:00
[2025-12-14T16:24:27.950+0000] {logging_mixin.py:188} INFO - [2025-12-14T16:24:27.950+0000] {dag.py:3954} INFO - Setting next_dagrun for youtube_video_stats to 2025-12-14 14:00:00+00:00, run_after=2025-12-15 14:00:00+00:00
[2025-12-14T16:24:27.966+0000] {processor.py:183} INFO - Processing /opt/airflow/dags/main.py took 0.137 seconds
[2025-12-14T16:24:58.149+0000] {processor.py:161} INFO - Started process (PID=4984) to work on /opt/airflow/dags/main.py
[2025-12-14T16:24:58.150+0000] {processor.py:830} INFO - Processing file /opt/airflow/dags/main.py for tasks to queue
[2025-12-14T16:24:58.151+0000] {logging_mixin.py:188} INFO - [2025-12-14T16:24:58.151+0000] {dagbag.py:545} INFO - Filling up the DagBag from /opt/airflow/dags/main.py
[2025-12-14T16:24:58.260+0000] {processor.py:840} INFO - DAG(s) 'youtube_video_stats', 'update_db' retrieved from /opt/airflow/dags/main.py
[2025-12-14T16:24:58.291+0000] {logging_mixin.py:188} INFO - [2025-12-14T16:24:58.291+0000] {dag.py:3096} INFO - Sync 2 DAGs
[2025-12-14T16:24:58.310+0000] {logging_mixin.py:188} INFO - [2025-12-14T16:24:58.310+0000] {dag.py:3954} INFO - Setting next_dagrun for update_db to 2025-12-14 15:00:00+00:00, run_after=2025-12-15 15:00:00+00:00
[2025-12-14T16:24:58.315+0000] {logging_mixin.py:188} INFO - [2025-12-14T16:24:58.314+0000] {dag.py:3954} INFO - Setting next_dagrun for youtube_video_stats to 2025-12-14 14:00:00+00:00, run_after=2025-12-15 14:00:00+00:00
[2025-12-14T16:24:58.328+0000] {processor.py:183} INFO - Processing /opt/airflow/dags/main.py took 0.185 seconds
[2025-12-14T16:25:28.518+0000] {processor.py:161} INFO - Started process (PID=4991) to work on /opt/airflow/dags/main.py
[2025-12-14T16:25:28.519+0000] {processor.py:830} INFO - Processing file /opt/airflow/dags/main.py for tasks to queue
[2025-12-14T16:25:28.520+0000] {logging_mixin.py:188} INFO - [2025-12-14T16:25:28.520+0000] {dagbag.py:545} INFO - Filling up the DagBag from /opt/airflow/dags/main.py
[2025-12-14T16:25:28.587+0000] {processor.py:840} INFO - DAG(s) 'update_db', 'youtube_video_stats' retrieved from /opt/airflow/dags/main.py
[2025-12-14T16:25:28.614+0000] {logging_mixin.py:188} INFO - [2025-12-14T16:25:28.614+0000] {dag.py:3096} INFO - Sync 2 DAGs
[2025-12-14T16:25:28.634+0000] {logging_mixin.py:188} INFO - [2025-12-14T16:25:28.633+0000] {dag.py:3954} INFO - Setting next_dagrun for update_db to 2025-12-14 15:00:00+00:00, run_after=2025-12-15 15:00:00+00:00
[2025-12-14T16:25:28.638+0000] {logging_mixin.py:188} INFO - [2025-12-14T16:25:28.638+0000] {dag.py:3954} INFO - Setting next_dagrun for youtube_video_stats to 2025-12-14 14:00:00+00:00, run_after=2025-12-15 14:00:00+00:00
[2025-12-14T16:25:28.658+0000] {processor.py:183} INFO - Processing /opt/airflow/dags/main.py took 0.146 seconds
[2025-12-14T16:25:58.755+0000] {processor.py:161} INFO - Started process (PID=4998) to work on /opt/airflow/dags/main.py
[2025-12-14T16:25:58.756+0000] {processor.py:830} INFO - Processing file /opt/airflow/dags/main.py for tasks to queue
[2025-12-14T16:25:58.758+0000] {logging_mixin.py:188} INFO - [2025-12-14T16:25:58.757+0000] {dagbag.py:545} INFO - Filling up the DagBag from /opt/airflow/dags/main.py
[2025-12-14T16:25:58.874+0000] {processor.py:840} INFO - DAG(s) 'youtube_video_stats', 'update_db' retrieved from /opt/airflow/dags/main.py
[2025-12-14T16:25:58.905+0000] {logging_mixin.py:188} INFO - [2025-12-14T16:25:58.905+0000] {dag.py:3096} INFO - Sync 2 DAGs
[2025-12-14T16:25:58.927+0000] {logging_mixin.py:188} INFO - [2025-12-14T16:25:58.927+0000] {dag.py:3954} INFO - Setting next_dagrun for update_db to 2025-12-14 15:00:00+00:00, run_after=2025-12-15 15:00:00+00:00
[2025-12-14T16:25:58.932+0000] {logging_mixin.py:188} INFO - [2025-12-14T16:25:58.932+0000] {dag.py:3954} INFO - Setting next_dagrun for youtube_video_stats to 2025-12-14 14:00:00+00:00, run_after=2025-12-15 14:00:00+00:00
[2025-12-14T16:25:58.948+0000] {processor.py:183} INFO - Processing /opt/airflow/dags/main.py took 0.199 seconds
[2025-12-14T16:26:29.198+0000] {processor.py:161} INFO - Started process (PID=5005) to work on /opt/airflow/dags/main.py
[2025-12-14T16:26:29.201+0000] {processor.py:830} INFO - Processing file /opt/airflow/dags/main.py for tasks to queue
[2025-12-14T16:26:29.207+0000] {logging_mixin.py:188} INFO - [2025-12-14T16:26:29.205+0000] {dagbag.py:545} INFO - Filling up the DagBag from /opt/airflow/dags/main.py
[2025-12-14T16:26:29.420+0000] {processor.py:840} INFO - DAG(s) 'youtube_video_stats', 'update_db' retrieved from /opt/airflow/dags/main.py
[2025-12-14T16:26:29.483+0000] {logging_mixin.py:188} INFO - [2025-12-14T16:26:29.482+0000] {dag.py:3096} INFO - Sync 2 DAGs
[2025-12-14T16:26:29.519+0000] {logging_mixin.py:188} INFO - [2025-12-14T16:26:29.518+0000] {dag.py:3954} INFO - Setting next_dagrun for update_db to 2025-12-14 15:00:00+00:00, run_after=2025-12-15 15:00:00+00:00
[2025-12-14T16:26:29.528+0000] {logging_mixin.py:188} INFO - [2025-12-14T16:26:29.528+0000] {dag.py:3954} INFO - Setting next_dagrun for youtube_video_stats to 2025-12-14 14:00:00+00:00, run_after=2025-12-15 14:00:00+00:00
[2025-12-14T16:26:29.557+0000] {processor.py:183} INFO - Processing /opt/airflow/dags/main.py took 0.374 seconds
[2025-12-14T16:27:00.731+0000] {processor.py:161} INFO - Started process (PID=5012) to work on /opt/airflow/dags/main.py
[2025-12-14T16:27:00.762+0000] {processor.py:830} INFO - Processing file /opt/airflow/dags/main.py for tasks to queue
[2025-12-14T16:27:00.782+0000] {logging_mixin.py:188} INFO - [2025-12-14T16:27:00.778+0000] {dagbag.py:545} INFO - Filling up the DagBag from /opt/airflow/dags/main.py
[2025-12-14T16:27:01.927+0000] {processor.py:840} INFO - DAG(s) 'update_db', 'youtube_video_stats' retrieved from /opt/airflow/dags/main.py
[2025-12-14T16:27:02.424+0000] {logging_mixin.py:188} INFO - [2025-12-14T16:27:02.423+0000] {dag.py:3096} INFO - Sync 2 DAGs
[2025-12-14T16:27:02.561+0000] {logging_mixin.py:188} INFO - [2025-12-14T16:27:02.560+0000] {dag.py:3954} INFO - Setting next_dagrun for update_db to 2025-12-14 15:00:00+00:00, run_after=2025-12-15 15:00:00+00:00
[2025-12-14T16:27:02.590+0000] {logging_mixin.py:188} INFO - [2025-12-14T16:27:02.590+0000] {dag.py:3954} INFO - Setting next_dagrun for youtube_video_stats to 2025-12-14 14:00:00+00:00, run_after=2025-12-15 14:00:00+00:00
[2025-12-14T16:27:02.693+0000] {processor.py:183} INFO - Processing /opt/airflow/dags/main.py took 2.079 seconds
[2025-12-14T16:27:33.106+0000] {processor.py:161} INFO - Started process (PID=5019) to work on /opt/airflow/dags/main.py
[2025-12-14T16:27:33.109+0000] {processor.py:830} INFO - Processing file /opt/airflow/dags/main.py for tasks to queue
[2025-12-14T16:27:33.110+0000] {logging_mixin.py:188} INFO - [2025-12-14T16:27:33.110+0000] {dagbag.py:545} INFO - Filling up the DagBag from /opt/airflow/dags/main.py
[2025-12-14T16:27:33.289+0000] {processor.py:840} INFO - DAG(s) 'update_db', 'youtube_video_stats' retrieved from /opt/airflow/dags/main.py
[2025-12-14T16:27:33.368+0000] {logging_mixin.py:188} INFO - [2025-12-14T16:27:33.367+0000] {dag.py:3096} INFO - Sync 2 DAGs
[2025-12-14T16:27:33.399+0000] {logging_mixin.py:188} INFO - [2025-12-14T16:27:33.398+0000] {dag.py:3954} INFO - Setting next_dagrun for update_db to 2025-12-14 15:00:00+00:00, run_after=2025-12-15 15:00:00+00:00
[2025-12-14T16:27:33.406+0000] {logging_mixin.py:188} INFO - [2025-12-14T16:27:33.406+0000] {dag.py:3954} INFO - Setting next_dagrun for youtube_video_stats to 2025-12-14 14:00:00+00:00, run_after=2025-12-15 14:00:00+00:00
[2025-12-14T16:27:33.434+0000] {processor.py:183} INFO - Processing /opt/airflow/dags/main.py took 0.343 seconds
[2025-12-14T16:28:03.548+0000] {processor.py:161} INFO - Started process (PID=5026) to work on /opt/airflow/dags/main.py
[2025-12-14T16:28:03.565+0000] {processor.py:830} INFO - Processing file /opt/airflow/dags/main.py for tasks to queue
[2025-12-14T16:28:03.569+0000] {logging_mixin.py:188} INFO - [2025-12-14T16:28:03.567+0000] {dagbag.py:545} INFO - Filling up the DagBag from /opt/airflow/dags/main.py
[2025-12-14T16:28:03.756+0000] {processor.py:840} INFO - DAG(s) 'youtube_video_stats', 'update_db' retrieved from /opt/airflow/dags/main.py
[2025-12-14T16:28:03.823+0000] {logging_mixin.py:188} INFO - [2025-12-14T16:28:03.823+0000] {dag.py:3096} INFO - Sync 2 DAGs
[2025-12-14T16:28:03.859+0000] {logging_mixin.py:188} INFO - [2025-12-14T16:28:03.859+0000] {dag.py:3954} INFO - Setting next_dagrun for update_db to 2025-12-14 15:00:00+00:00, run_after=2025-12-15 15:00:00+00:00
[2025-12-14T16:28:03.866+0000] {logging_mixin.py:188} INFO - [2025-12-14T16:28:03.866+0000] {dag.py:3954} INFO - Setting next_dagrun for youtube_video_stats to 2025-12-14 14:00:00+00:00, run_after=2025-12-15 14:00:00+00:00
[2025-12-14T16:28:03.893+0000] {processor.py:183} INFO - Processing /opt/airflow/dags/main.py took 0.366 seconds
[2025-12-14T16:28:34.917+0000] {processor.py:161} INFO - Started process (PID=5033) to work on /opt/airflow/dags/main.py
[2025-12-14T16:28:34.919+0000] {processor.py:830} INFO - Processing file /opt/airflow/dags/main.py for tasks to queue
[2025-12-14T16:28:34.920+0000] {logging_mixin.py:188} INFO - [2025-12-14T16:28:34.920+0000] {dagbag.py:545} INFO - Filling up the DagBag from /opt/airflow/dags/main.py
[2025-12-14T16:28:35.109+0000] {processor.py:840} INFO - DAG(s) 'youtube_video_stats', 'update_db' retrieved from /opt/airflow/dags/main.py
[2025-12-14T16:28:35.154+0000] {logging_mixin.py:188} INFO - [2025-12-14T16:28:35.154+0000] {dag.py:3096} INFO - Sync 2 DAGs
[2025-12-14T16:28:35.186+0000] {logging_mixin.py:188} INFO - [2025-12-14T16:28:35.185+0000] {dag.py:3954} INFO - Setting next_dagrun for update_db to 2025-12-14 15:00:00+00:00, run_after=2025-12-15 15:00:00+00:00
[2025-12-14T16:28:35.195+0000] {logging_mixin.py:188} INFO - [2025-12-14T16:28:35.195+0000] {dag.py:3954} INFO - Setting next_dagrun for youtube_video_stats to 2025-12-14 14:00:00+00:00, run_after=2025-12-15 14:00:00+00:00
[2025-12-14T16:28:35.234+0000] {processor.py:183} INFO - Processing /opt/airflow/dags/main.py took 0.325 seconds
[2025-12-14T16:29:05.772+0000] {processor.py:161} INFO - Started process (PID=5040) to work on /opt/airflow/dags/main.py
[2025-12-14T16:29:05.954+0000] {processor.py:830} INFO - Processing file /opt/airflow/dags/main.py for tasks to queue
[2025-12-14T16:29:05.956+0000] {logging_mixin.py:188} INFO - [2025-12-14T16:29:05.955+0000] {dagbag.py:545} INFO - Filling up the DagBag from /opt/airflow/dags/main.py
[2025-12-14T16:29:06.065+0000] {processor.py:840} INFO - DAG(s) 'youtube_video_stats', 'update_db' retrieved from /opt/airflow/dags/main.py
[2025-12-14T16:29:06.098+0000] {logging_mixin.py:188} INFO - [2025-12-14T16:29:06.097+0000] {dag.py:3096} INFO - Sync 2 DAGs
[2025-12-14T16:29:06.120+0000] {logging_mixin.py:188} INFO - [2025-12-14T16:29:06.120+0000] {dag.py:3954} INFO - Setting next_dagrun for update_db to 2025-12-14 15:00:00+00:00, run_after=2025-12-15 15:00:00+00:00
[2025-12-14T16:29:06.126+0000] {logging_mixin.py:188} INFO - [2025-12-14T16:29:06.126+0000] {dag.py:3954} INFO - Setting next_dagrun for youtube_video_stats to 2025-12-14 14:00:00+00:00, run_after=2025-12-15 14:00:00+00:00
[2025-12-14T16:29:06.146+0000] {processor.py:183} INFO - Processing /opt/airflow/dags/main.py took 0.380 seconds
[2025-12-14T16:29:36.266+0000] {processor.py:161} INFO - Started process (PID=5047) to work on /opt/airflow/dags/main.py
[2025-12-14T16:29:36.267+0000] {processor.py:830} INFO - Processing file /opt/airflow/dags/main.py for tasks to queue
[2025-12-14T16:29:36.268+0000] {logging_mixin.py:188} INFO - [2025-12-14T16:29:36.268+0000] {dagbag.py:545} INFO - Filling up the DagBag from /opt/airflow/dags/main.py
[2025-12-14T16:29:36.366+0000] {processor.py:840} INFO - DAG(s) 'youtube_video_stats', 'update_db' retrieved from /opt/airflow/dags/main.py
[2025-12-14T16:29:36.410+0000] {logging_mixin.py:188} INFO - [2025-12-14T16:29:36.409+0000] {dag.py:3096} INFO - Sync 2 DAGs
[2025-12-14T16:29:36.439+0000] {logging_mixin.py:188} INFO - [2025-12-14T16:29:36.439+0000] {dag.py:3954} INFO - Setting next_dagrun for update_db to 2025-12-14 15:00:00+00:00, run_after=2025-12-15 15:00:00+00:00
[2025-12-14T16:29:36.445+0000] {logging_mixin.py:188} INFO - [2025-12-14T16:29:36.445+0000] {dag.py:3954} INFO - Setting next_dagrun for youtube_video_stats to 2025-12-14 14:00:00+00:00, run_after=2025-12-15 14:00:00+00:00
[2025-12-14T16:29:36.568+0000] {processor.py:183} INFO - Processing /opt/airflow/dags/main.py took 0.309 seconds
[2025-12-14T16:30:06.769+0000] {processor.py:161} INFO - Started process (PID=5055) to work on /opt/airflow/dags/main.py
[2025-12-14T16:30:06.772+0000] {processor.py:830} INFO - Processing file /opt/airflow/dags/main.py for tasks to queue
[2025-12-14T16:30:06.773+0000] {logging_mixin.py:188} INFO - [2025-12-14T16:30:06.773+0000] {dagbag.py:545} INFO - Filling up the DagBag from /opt/airflow/dags/main.py
[2025-12-14T16:30:06.868+0000] {processor.py:840} INFO - DAG(s) 'update_db', 'youtube_video_stats' retrieved from /opt/airflow/dags/main.py
[2025-12-14T16:30:06.898+0000] {logging_mixin.py:188} INFO - [2025-12-14T16:30:06.898+0000] {dag.py:3096} INFO - Sync 2 DAGs
[2025-12-14T16:30:06.918+0000] {logging_mixin.py:188} INFO - [2025-12-14T16:30:06.918+0000] {dag.py:3954} INFO - Setting next_dagrun for update_db to 2025-12-14 15:00:00+00:00, run_after=2025-12-15 15:00:00+00:00
[2025-12-14T16:30:06.922+0000] {logging_mixin.py:188} INFO - [2025-12-14T16:30:06.922+0000] {dag.py:3954} INFO - Setting next_dagrun for youtube_video_stats to 2025-12-14 14:00:00+00:00, run_after=2025-12-15 14:00:00+00:00
[2025-12-14T16:30:06.940+0000] {processor.py:183} INFO - Processing /opt/airflow/dags/main.py took 0.177 seconds
[2025-12-14T16:30:37.144+0000] {processor.py:161} INFO - Started process (PID=5063) to work on /opt/airflow/dags/main.py
[2025-12-14T16:30:37.151+0000] {processor.py:830} INFO - Processing file /opt/airflow/dags/main.py for tasks to queue
[2025-12-14T16:30:37.153+0000] {logging_mixin.py:188} INFO - [2025-12-14T16:30:37.152+0000] {dagbag.py:545} INFO - Filling up the DagBag from /opt/airflow/dags/main.py
[2025-12-14T16:30:37.289+0000] {processor.py:840} INFO - DAG(s) 'update_db', 'youtube_video_stats' retrieved from /opt/airflow/dags/main.py
[2025-12-14T16:30:37.337+0000] {logging_mixin.py:188} INFO - [2025-12-14T16:30:37.337+0000] {dag.py:3096} INFO - Sync 2 DAGs
[2025-12-14T16:30:37.363+0000] {logging_mixin.py:188} INFO - [2025-12-14T16:30:37.363+0000] {dag.py:3954} INFO - Setting next_dagrun for update_db to 2025-12-14 15:00:00+00:00, run_after=2025-12-15 15:00:00+00:00
[2025-12-14T16:30:37.369+0000] {logging_mixin.py:188} INFO - [2025-12-14T16:30:37.369+0000] {dag.py:3954} INFO - Setting next_dagrun for youtube_video_stats to 2025-12-14 14:00:00+00:00, run_after=2025-12-15 14:00:00+00:00
[2025-12-14T16:30:37.391+0000] {processor.py:183} INFO - Processing /opt/airflow/dags/main.py took 0.254 seconds
[2025-12-14T16:31:07.652+0000] {processor.py:161} INFO - Started process (PID=5070) to work on /opt/airflow/dags/main.py
[2025-12-14T16:31:07.654+0000] {processor.py:830} INFO - Processing file /opt/airflow/dags/main.py for tasks to queue
[2025-12-14T16:31:07.656+0000] {logging_mixin.py:188} INFO - [2025-12-14T16:31:07.656+0000] {dagbag.py:545} INFO - Filling up the DagBag from /opt/airflow/dags/main.py
[2025-12-14T16:31:07.875+0000] {processor.py:840} INFO - DAG(s) 'youtube_video_stats', 'update_db' retrieved from /opt/airflow/dags/main.py
[2025-12-14T16:31:07.986+0000] {logging_mixin.py:188} INFO - [2025-12-14T16:31:07.986+0000] {dag.py:3096} INFO - Sync 2 DAGs
[2025-12-14T16:31:08.099+0000] {logging_mixin.py:188} INFO - [2025-12-14T16:31:08.099+0000] {dag.py:3954} INFO - Setting next_dagrun for update_db to 2025-12-14 15:00:00+00:00, run_after=2025-12-15 15:00:00+00:00
[2025-12-14T16:31:08.129+0000] {logging_mixin.py:188} INFO - [2025-12-14T16:31:08.129+0000] {dag.py:3954} INFO - Setting next_dagrun for youtube_video_stats to 2025-12-14 14:00:00+00:00, run_after=2025-12-15 14:00:00+00:00
[2025-12-14T16:31:08.197+0000] {processor.py:183} INFO - Processing /opt/airflow/dags/main.py took 0.565 seconds
[2025-12-14T16:31:38.744+0000] {processor.py:161} INFO - Started process (PID=5076) to work on /opt/airflow/dags/main.py
[2025-12-14T16:31:38.748+0000] {processor.py:830} INFO - Processing file /opt/airflow/dags/main.py for tasks to queue
[2025-12-14T16:31:38.754+0000] {logging_mixin.py:188} INFO - [2025-12-14T16:31:38.752+0000] {dagbag.py:545} INFO - Filling up the DagBag from /opt/airflow/dags/main.py
[2025-12-14T16:31:39.089+0000] {processor.py:840} INFO - DAG(s) 'youtube_video_stats', 'update_db' retrieved from /opt/airflow/dags/main.py
[2025-12-14T16:31:39.232+0000] {logging_mixin.py:188} INFO - [2025-12-14T16:31:39.231+0000] {dag.py:3096} INFO - Sync 2 DAGs
[2025-12-14T16:31:39.332+0000] {logging_mixin.py:188} INFO - [2025-12-14T16:31:39.331+0000] {dag.py:3954} INFO - Setting next_dagrun for update_db to 2025-12-14 15:00:00+00:00, run_after=2025-12-15 15:00:00+00:00
[2025-12-14T16:31:39.349+0000] {logging_mixin.py:188} INFO - [2025-12-14T16:31:39.348+0000] {dag.py:3954} INFO - Setting next_dagrun for youtube_video_stats to 2025-12-14 14:00:00+00:00, run_after=2025-12-15 14:00:00+00:00
[2025-12-14T16:31:39.413+0000] {processor.py:183} INFO - Processing /opt/airflow/dags/main.py took 0.712 seconds
[2025-12-14T16:32:09.700+0000] {processor.py:161} INFO - Started process (PID=5083) to work on /opt/airflow/dags/main.py
[2025-12-14T16:32:09.710+0000] {processor.py:830} INFO - Processing file /opt/airflow/dags/main.py for tasks to queue
[2025-12-14T16:32:09.712+0000] {logging_mixin.py:188} INFO - [2025-12-14T16:32:09.711+0000] {dagbag.py:545} INFO - Filling up the DagBag from /opt/airflow/dags/main.py
[2025-12-14T16:32:09.955+0000] {processor.py:840} INFO - DAG(s) 'update_db', 'youtube_video_stats' retrieved from /opt/airflow/dags/main.py
[2025-12-14T16:32:10.036+0000] {logging_mixin.py:188} INFO - [2025-12-14T16:32:10.036+0000] {dag.py:3096} INFO - Sync 2 DAGs
[2025-12-14T16:32:10.093+0000] {logging_mixin.py:188} INFO - [2025-12-14T16:32:10.092+0000] {dag.py:3954} INFO - Setting next_dagrun for update_db to 2025-12-14 15:00:00+00:00, run_after=2025-12-15 15:00:00+00:00
[2025-12-14T16:32:10.110+0000] {logging_mixin.py:188} INFO - [2025-12-14T16:32:10.110+0000] {dag.py:3954} INFO - Setting next_dagrun for youtube_video_stats to 2025-12-14 14:00:00+00:00, run_after=2025-12-15 14:00:00+00:00
[2025-12-14T16:32:10.153+0000] {processor.py:183} INFO - Processing /opt/airflow/dags/main.py took 0.480 seconds
[2025-12-14T16:32:40.396+0000] {processor.py:161} INFO - Started process (PID=5090) to work on /opt/airflow/dags/main.py
[2025-12-14T16:32:40.397+0000] {processor.py:830} INFO - Processing file /opt/airflow/dags/main.py for tasks to queue
[2025-12-14T16:32:40.398+0000] {logging_mixin.py:188} INFO - [2025-12-14T16:32:40.398+0000] {dagbag.py:545} INFO - Filling up the DagBag from /opt/airflow/dags/main.py
[2025-12-14T16:32:40.489+0000] {processor.py:840} INFO - DAG(s) 'youtube_video_stats', 'update_db' retrieved from /opt/airflow/dags/main.py
[2025-12-14T16:32:40.521+0000] {logging_mixin.py:188} INFO - [2025-12-14T16:32:40.520+0000] {dag.py:3096} INFO - Sync 2 DAGs
[2025-12-14T16:32:40.543+0000] {logging_mixin.py:188} INFO - [2025-12-14T16:32:40.542+0000] {dag.py:3954} INFO - Setting next_dagrun for update_db to 2025-12-14 15:00:00+00:00, run_after=2025-12-15 15:00:00+00:00
[2025-12-14T16:32:40.548+0000] {logging_mixin.py:188} INFO - [2025-12-14T16:32:40.548+0000] {dag.py:3954} INFO - Setting next_dagrun for youtube_video_stats to 2025-12-14 14:00:00+00:00, run_after=2025-12-15 14:00:00+00:00
[2025-12-14T16:32:40.567+0000] {processor.py:183} INFO - Processing /opt/airflow/dags/main.py took 0.177 seconds
[2025-12-14T16:33:10.757+0000] {processor.py:161} INFO - Started process (PID=5097) to work on /opt/airflow/dags/main.py
[2025-12-14T16:33:10.758+0000] {processor.py:830} INFO - Processing file /opt/airflow/dags/main.py for tasks to queue
[2025-12-14T16:33:10.759+0000] {logging_mixin.py:188} INFO - [2025-12-14T16:33:10.759+0000] {dagbag.py:545} INFO - Filling up the DagBag from /opt/airflow/dags/main.py
[2025-12-14T16:33:10.855+0000] {processor.py:840} INFO - DAG(s) 'youtube_video_stats', 'update_db' retrieved from /opt/airflow/dags/main.py
[2025-12-14T16:33:10.887+0000] {logging_mixin.py:188} INFO - [2025-12-14T16:33:10.887+0000] {dag.py:3096} INFO - Sync 2 DAGs
[2025-12-14T16:33:10.911+0000] {logging_mixin.py:188} INFO - [2025-12-14T16:33:10.911+0000] {dag.py:3954} INFO - Setting next_dagrun for update_db to 2025-12-14 15:00:00+00:00, run_after=2025-12-15 15:00:00+00:00
[2025-12-14T16:33:10.916+0000] {logging_mixin.py:188} INFO - [2025-12-14T16:33:10.916+0000] {dag.py:3954} INFO - Setting next_dagrun for youtube_video_stats to 2025-12-14 14:00:00+00:00, run_after=2025-12-15 14:00:00+00:00
[2025-12-14T16:33:10.935+0000] {processor.py:183} INFO - Processing /opt/airflow/dags/main.py took 0.186 seconds
[2025-12-14T16:33:41.221+0000] {processor.py:161} INFO - Started process (PID=5104) to work on /opt/airflow/dags/main.py
[2025-12-14T16:33:41.223+0000] {processor.py:830} INFO - Processing file /opt/airflow/dags/main.py for tasks to queue
[2025-12-14T16:33:41.225+0000] {logging_mixin.py:188} INFO - [2025-12-14T16:33:41.224+0000] {dagbag.py:545} INFO - Filling up the DagBag from /opt/airflow/dags/main.py
[2025-12-14T16:33:41.400+0000] {processor.py:840} INFO - DAG(s) 'youtube_video_stats', 'update_db' retrieved from /opt/airflow/dags/main.py
[2025-12-14T16:33:41.447+0000] {logging_mixin.py:188} INFO - [2025-12-14T16:33:41.447+0000] {dag.py:3096} INFO - Sync 2 DAGs
[2025-12-14T16:33:41.483+0000] {logging_mixin.py:188} INFO - [2025-12-14T16:33:41.483+0000] {dag.py:3954} INFO - Setting next_dagrun for update_db to 2025-12-14 15:00:00+00:00, run_after=2025-12-15 15:00:00+00:00
[2025-12-14T16:33:41.491+0000] {logging_mixin.py:188} INFO - [2025-12-14T16:33:41.491+0000] {dag.py:3954} INFO - Setting next_dagrun for youtube_video_stats to 2025-12-14 14:00:00+00:00, run_after=2025-12-15 14:00:00+00:00
[2025-12-14T16:33:41.520+0000] {processor.py:183} INFO - Processing /opt/airflow/dags/main.py took 0.307 seconds
[2025-12-14T16:34:11.723+0000] {processor.py:161} INFO - Started process (PID=5111) to work on /opt/airflow/dags/main.py
[2025-12-14T16:34:11.724+0000] {processor.py:830} INFO - Processing file /opt/airflow/dags/main.py for tasks to queue
[2025-12-14T16:34:11.726+0000] {logging_mixin.py:188} INFO - [2025-12-14T16:34:11.725+0000] {dagbag.py:545} INFO - Filling up the DagBag from /opt/airflow/dags/main.py
[2025-12-14T16:34:11.967+0000] {processor.py:840} INFO - DAG(s) 'update_db', 'youtube_video_stats' retrieved from /opt/airflow/dags/main.py
[2025-12-14T16:34:12.010+0000] {logging_mixin.py:188} INFO - [2025-12-14T16:34:12.009+0000] {dag.py:3096} INFO - Sync 2 DAGs
[2025-12-14T16:34:12.038+0000] {logging_mixin.py:188} INFO - [2025-12-14T16:34:12.037+0000] {dag.py:3954} INFO - Setting next_dagrun for update_db to 2025-12-14 15:00:00+00:00, run_after=2025-12-15 15:00:00+00:00
[2025-12-14T16:34:12.045+0000] {logging_mixin.py:188} INFO - [2025-12-14T16:34:12.044+0000] {dag.py:3954} INFO - Setting next_dagrun for youtube_video_stats to 2025-12-14 14:00:00+00:00, run_after=2025-12-15 14:00:00+00:00
[2025-12-14T16:34:12.065+0000] {processor.py:183} INFO - Processing /opt/airflow/dags/main.py took 0.353 seconds
[2025-12-14T16:34:42.900+0000] {processor.py:161} INFO - Started process (PID=5118) to work on /opt/airflow/dags/main.py
[2025-12-14T16:34:42.976+0000] {processor.py:830} INFO - Processing file /opt/airflow/dags/main.py for tasks to queue
[2025-12-14T16:34:42.977+0000] {logging_mixin.py:188} INFO - [2025-12-14T16:34:42.977+0000] {dagbag.py:545} INFO - Filling up the DagBag from /opt/airflow/dags/main.py
[2025-12-14T16:34:43.133+0000] {processor.py:840} INFO - DAG(s) 'youtube_video_stats', 'update_db' retrieved from /opt/airflow/dags/main.py
[2025-12-14T16:34:43.174+0000] {logging_mixin.py:188} INFO - [2025-12-14T16:34:43.173+0000] {dag.py:3096} INFO - Sync 2 DAGs
[2025-12-14T16:34:43.202+0000] {logging_mixin.py:188} INFO - [2025-12-14T16:34:43.201+0000] {dag.py:3954} INFO - Setting next_dagrun for update_db to 2025-12-14 15:00:00+00:00, run_after=2025-12-15 15:00:00+00:00
[2025-12-14T16:34:43.210+0000] {logging_mixin.py:188} INFO - [2025-12-14T16:34:43.209+0000] {dag.py:3954} INFO - Setting next_dagrun for youtube_video_stats to 2025-12-14 14:00:00+00:00, run_after=2025-12-15 14:00:00+00:00
[2025-12-14T16:34:43.232+0000] {processor.py:183} INFO - Processing /opt/airflow/dags/main.py took 0.341 seconds
[2025-12-14T16:35:13.753+0000] {processor.py:161} INFO - Started process (PID=5125) to work on /opt/airflow/dags/main.py
[2025-12-14T16:35:13.799+0000] {processor.py:830} INFO - Processing file /opt/airflow/dags/main.py for tasks to queue
[2025-12-14T16:35:13.801+0000] {logging_mixin.py:188} INFO - [2025-12-14T16:35:13.801+0000] {dagbag.py:545} INFO - Filling up the DagBag from /opt/airflow/dags/main.py
[2025-12-14T16:35:14.065+0000] {processor.py:840} INFO - DAG(s) 'youtube_video_stats', 'update_db' retrieved from /opt/airflow/dags/main.py
[2025-12-14T16:35:14.179+0000] {logging_mixin.py:188} INFO - [2025-12-14T16:35:14.178+0000] {dag.py:3096} INFO - Sync 2 DAGs
[2025-12-14T16:35:14.253+0000] {logging_mixin.py:188} INFO - [2025-12-14T16:35:14.250+0000] {dag.py:3954} INFO - Setting next_dagrun for update_db to 2025-12-14 15:00:00+00:00, run_after=2025-12-15 15:00:00+00:00
[2025-12-14T16:35:14.280+0000] {logging_mixin.py:188} INFO - [2025-12-14T16:35:14.279+0000] {dag.py:3954} INFO - Setting next_dagrun for youtube_video_stats to 2025-12-14 14:00:00+00:00, run_after=2025-12-15 14:00:00+00:00
[2025-12-14T16:35:14.349+0000] {processor.py:183} INFO - Processing /opt/airflow/dags/main.py took 0.606 seconds
[2025-12-14T16:35:44.809+0000] {processor.py:161} INFO - Started process (PID=5132) to work on /opt/airflow/dags/main.py
[2025-12-14T16:35:44.811+0000] {processor.py:830} INFO - Processing file /opt/airflow/dags/main.py for tasks to queue
[2025-12-14T16:35:44.813+0000] {logging_mixin.py:188} INFO - [2025-12-14T16:35:44.812+0000] {dagbag.py:545} INFO - Filling up the DagBag from /opt/airflow/dags/main.py
[2025-12-14T16:35:44.946+0000] {processor.py:840} INFO - DAG(s) 'update_db', 'youtube_video_stats' retrieved from /opt/airflow/dags/main.py
[2025-12-14T16:35:44.997+0000] {logging_mixin.py:188} INFO - [2025-12-14T16:35:44.996+0000] {dag.py:3096} INFO - Sync 2 DAGs
[2025-12-14T16:35:45.031+0000] {logging_mixin.py:188} INFO - [2025-12-14T16:35:45.030+0000] {dag.py:3954} INFO - Setting next_dagrun for update_db to 2025-12-14 15:00:00+00:00, run_after=2025-12-15 15:00:00+00:00
[2025-12-14T16:35:45.038+0000] {logging_mixin.py:188} INFO - [2025-12-14T16:35:45.037+0000] {dag.py:3954} INFO - Setting next_dagrun for youtube_video_stats to 2025-12-14 14:00:00+00:00, run_after=2025-12-15 14:00:00+00:00
[2025-12-14T16:35:45.064+0000] {processor.py:183} INFO - Processing /opt/airflow/dags/main.py took 0.265 seconds
[2025-12-14T16:36:15.280+0000] {processor.py:161} INFO - Started process (PID=5139) to work on /opt/airflow/dags/main.py
[2025-12-14T16:36:15.281+0000] {processor.py:830} INFO - Processing file /opt/airflow/dags/main.py for tasks to queue
[2025-12-14T16:36:15.282+0000] {logging_mixin.py:188} INFO - [2025-12-14T16:36:15.282+0000] {dagbag.py:545} INFO - Filling up the DagBag from /opt/airflow/dags/main.py
[2025-12-14T16:36:15.354+0000] {processor.py:840} INFO - DAG(s) 'update_db', 'youtube_video_stats' retrieved from /opt/airflow/dags/main.py
[2025-12-14T16:36:15.381+0000] {logging_mixin.py:188} INFO - [2025-12-14T16:36:15.381+0000] {dag.py:3096} INFO - Sync 2 DAGs
[2025-12-14T16:36:15.400+0000] {logging_mixin.py:188} INFO - [2025-12-14T16:36:15.400+0000] {dag.py:3954} INFO - Setting next_dagrun for update_db to 2025-12-14 15:00:00+00:00, run_after=2025-12-15 15:00:00+00:00
[2025-12-14T16:36:15.404+0000] {logging_mixin.py:188} INFO - [2025-12-14T16:36:15.404+0000] {dag.py:3954} INFO - Setting next_dagrun for youtube_video_stats to 2025-12-14 14:00:00+00:00, run_after=2025-12-15 14:00:00+00:00
[2025-12-14T16:36:15.422+0000] {processor.py:183} INFO - Processing /opt/airflow/dags/main.py took 0.148 seconds
[2025-12-14T16:36:45.499+0000] {processor.py:161} INFO - Started process (PID=5147) to work on /opt/airflow/dags/main.py
[2025-12-14T16:36:45.500+0000] {processor.py:830} INFO - Processing file /opt/airflow/dags/main.py for tasks to queue
[2025-12-14T16:36:45.501+0000] {logging_mixin.py:188} INFO - [2025-12-14T16:36:45.501+0000] {dagbag.py:545} INFO - Filling up the DagBag from /opt/airflow/dags/main.py
[2025-12-14T16:36:45.572+0000] {processor.py:840} INFO - DAG(s) 'update_db', 'youtube_video_stats' retrieved from /opt/airflow/dags/main.py
[2025-12-14T16:36:45.598+0000] {logging_mixin.py:188} INFO - [2025-12-14T16:36:45.598+0000] {dag.py:3096} INFO - Sync 2 DAGs
[2025-12-14T16:36:45.616+0000] {logging_mixin.py:188} INFO - [2025-12-14T16:36:45.616+0000] {dag.py:3954} INFO - Setting next_dagrun for update_db to 2025-12-14 15:00:00+00:00, run_after=2025-12-15 15:00:00+00:00
[2025-12-14T16:36:45.621+0000] {logging_mixin.py:188} INFO - [2025-12-14T16:36:45.621+0000] {dag.py:3954} INFO - Setting next_dagrun for youtube_video_stats to 2025-12-14 14:00:00+00:00, run_after=2025-12-15 14:00:00+00:00
[2025-12-14T16:36:45.637+0000] {processor.py:183} INFO - Processing /opt/airflow/dags/main.py took 0.143 seconds
[2025-12-14T16:37:15.726+0000] {processor.py:161} INFO - Started process (PID=5154) to work on /opt/airflow/dags/main.py
[2025-12-14T16:37:15.728+0000] {processor.py:830} INFO - Processing file /opt/airflow/dags/main.py for tasks to queue
[2025-12-14T16:37:15.728+0000] {logging_mixin.py:188} INFO - [2025-12-14T16:37:15.728+0000] {dagbag.py:545} INFO - Filling up the DagBag from /opt/airflow/dags/main.py
[2025-12-14T16:37:15.811+0000] {processor.py:840} INFO - DAG(s) 'youtube_video_stats', 'update_db' retrieved from /opt/airflow/dags/main.py
[2025-12-14T16:37:15.839+0000] {logging_mixin.py:188} INFO - [2025-12-14T16:37:15.839+0000] {dag.py:3096} INFO - Sync 2 DAGs
[2025-12-14T16:37:15.859+0000] {logging_mixin.py:188} INFO - [2025-12-14T16:37:15.859+0000] {dag.py:3954} INFO - Setting next_dagrun for update_db to 2025-12-14 15:00:00+00:00, run_after=2025-12-15 15:00:00+00:00
[2025-12-14T16:37:15.864+0000] {logging_mixin.py:188} INFO - [2025-12-14T16:37:15.864+0000] {dag.py:3954} INFO - Setting next_dagrun for youtube_video_stats to 2025-12-14 14:00:00+00:00, run_after=2025-12-15 14:00:00+00:00
[2025-12-14T16:37:15.882+0000] {processor.py:183} INFO - Processing /opt/airflow/dags/main.py took 0.161 seconds
[2025-12-14T16:37:46.061+0000] {processor.py:161} INFO - Started process (PID=5161) to work on /opt/airflow/dags/main.py
[2025-12-14T16:37:46.062+0000] {processor.py:830} INFO - Processing file /opt/airflow/dags/main.py for tasks to queue
[2025-12-14T16:37:46.063+0000] {logging_mixin.py:188} INFO - [2025-12-14T16:37:46.063+0000] {dagbag.py:545} INFO - Filling up the DagBag from /opt/airflow/dags/main.py
[2025-12-14T16:37:46.132+0000] {processor.py:840} INFO - DAG(s) 'youtube_video_stats', 'update_db' retrieved from /opt/airflow/dags/main.py
[2025-12-14T16:37:46.157+0000] {logging_mixin.py:188} INFO - [2025-12-14T16:37:46.157+0000] {dag.py:3096} INFO - Sync 2 DAGs
[2025-12-14T16:37:46.175+0000] {logging_mixin.py:188} INFO - [2025-12-14T16:37:46.175+0000] {dag.py:3954} INFO - Setting next_dagrun for update_db to 2025-12-14 15:00:00+00:00, run_after=2025-12-15 15:00:00+00:00
[2025-12-14T16:37:46.179+0000] {logging_mixin.py:188} INFO - [2025-12-14T16:37:46.179+0000] {dag.py:3954} INFO - Setting next_dagrun for youtube_video_stats to 2025-12-14 14:00:00+00:00, run_after=2025-12-15 14:00:00+00:00
[2025-12-14T16:37:46.196+0000] {processor.py:183} INFO - Processing /opt/airflow/dags/main.py took 0.140 seconds
[2025-12-14T16:38:16.280+0000] {processor.py:161} INFO - Started process (PID=5168) to work on /opt/airflow/dags/main.py
[2025-12-14T16:38:16.281+0000] {processor.py:830} INFO - Processing file /opt/airflow/dags/main.py for tasks to queue
[2025-12-14T16:38:16.281+0000] {logging_mixin.py:188} INFO - [2025-12-14T16:38:16.281+0000] {dagbag.py:545} INFO - Filling up the DagBag from /opt/airflow/dags/main.py
[2025-12-14T16:38:16.355+0000] {processor.py:840} INFO - DAG(s) 'update_db', 'youtube_video_stats' retrieved from /opt/airflow/dags/main.py
[2025-12-14T16:38:16.380+0000] {logging_mixin.py:188} INFO - [2025-12-14T16:38:16.379+0000] {dag.py:3096} INFO - Sync 2 DAGs
[2025-12-14T16:38:16.397+0000] {logging_mixin.py:188} INFO - [2025-12-14T16:38:16.397+0000] {dag.py:3954} INFO - Setting next_dagrun for update_db to 2025-12-14 15:00:00+00:00, run_after=2025-12-15 15:00:00+00:00
[2025-12-14T16:38:16.402+0000] {logging_mixin.py:188} INFO - [2025-12-14T16:38:16.401+0000] {dag.py:3954} INFO - Setting next_dagrun for youtube_video_stats to 2025-12-14 14:00:00+00:00, run_after=2025-12-15 14:00:00+00:00
[2025-12-14T16:38:16.414+0000] {processor.py:183} INFO - Processing /opt/airflow/dags/main.py took 0.140 seconds
[2025-12-14T16:38:46.611+0000] {processor.py:161} INFO - Started process (PID=5175) to work on /opt/airflow/dags/main.py
[2025-12-14T16:38:46.612+0000] {processor.py:830} INFO - Processing file /opt/airflow/dags/main.py for tasks to queue
[2025-12-14T16:38:46.613+0000] {logging_mixin.py:188} INFO - [2025-12-14T16:38:46.612+0000] {dagbag.py:545} INFO - Filling up the DagBag from /opt/airflow/dags/main.py
[2025-12-14T16:38:46.681+0000] {processor.py:840} INFO - DAG(s) 'update_db', 'youtube_video_stats' retrieved from /opt/airflow/dags/main.py
[2025-12-14T16:38:46.706+0000] {logging_mixin.py:188} INFO - [2025-12-14T16:38:46.706+0000] {dag.py:3096} INFO - Sync 2 DAGs
[2025-12-14T16:38:46.725+0000] {logging_mixin.py:188} INFO - [2025-12-14T16:38:46.725+0000] {dag.py:3954} INFO - Setting next_dagrun for update_db to 2025-12-14 15:00:00+00:00, run_after=2025-12-15 15:00:00+00:00
[2025-12-14T16:38:46.729+0000] {logging_mixin.py:188} INFO - [2025-12-14T16:38:46.729+0000] {dag.py:3954} INFO - Setting next_dagrun for youtube_video_stats to 2025-12-14 14:00:00+00:00, run_after=2025-12-15 14:00:00+00:00
[2025-12-14T16:38:46.746+0000] {processor.py:183} INFO - Processing /opt/airflow/dags/main.py took 0.141 seconds
[2025-12-14T16:39:16.850+0000] {processor.py:161} INFO - Started process (PID=5182) to work on /opt/airflow/dags/main.py
[2025-12-14T16:39:16.851+0000] {processor.py:830} INFO - Processing file /opt/airflow/dags/main.py for tasks to queue
[2025-12-14T16:39:16.852+0000] {logging_mixin.py:188} INFO - [2025-12-14T16:39:16.852+0000] {dagbag.py:545} INFO - Filling up the DagBag from /opt/airflow/dags/main.py
[2025-12-14T16:39:16.918+0000] {processor.py:840} INFO - DAG(s) 'update_db', 'youtube_video_stats' retrieved from /opt/airflow/dags/main.py
[2025-12-14T16:39:16.942+0000] {logging_mixin.py:188} INFO - [2025-12-14T16:39:16.942+0000] {dag.py:3096} INFO - Sync 2 DAGs
[2025-12-14T16:39:16.960+0000] {logging_mixin.py:188} INFO - [2025-12-14T16:39:16.960+0000] {dag.py:3954} INFO - Setting next_dagrun for update_db to 2025-12-14 15:00:00+00:00, run_after=2025-12-15 15:00:00+00:00
[2025-12-14T16:39:16.965+0000] {logging_mixin.py:188} INFO - [2025-12-14T16:39:16.964+0000] {dag.py:3954} INFO - Setting next_dagrun for youtube_video_stats to 2025-12-14 14:00:00+00:00, run_after=2025-12-15 14:00:00+00:00
[2025-12-14T16:39:16.982+0000] {processor.py:183} INFO - Processing /opt/airflow/dags/main.py took 0.138 seconds
[2025-12-14T16:39:47.171+0000] {processor.py:161} INFO - Started process (PID=5189) to work on /opt/airflow/dags/main.py
[2025-12-14T16:39:47.172+0000] {processor.py:830} INFO - Processing file /opt/airflow/dags/main.py for tasks to queue
[2025-12-14T16:39:47.173+0000] {logging_mixin.py:188} INFO - [2025-12-14T16:39:47.173+0000] {dagbag.py:545} INFO - Filling up the DagBag from /opt/airflow/dags/main.py
[2025-12-14T16:39:47.255+0000] {processor.py:840} INFO - DAG(s) 'youtube_video_stats', 'update_db' retrieved from /opt/airflow/dags/main.py
[2025-12-14T16:39:47.280+0000] {logging_mixin.py:188} INFO - [2025-12-14T16:39:47.280+0000] {dag.py:3096} INFO - Sync 2 DAGs
[2025-12-14T16:39:47.298+0000] {logging_mixin.py:188} INFO - [2025-12-14T16:39:47.298+0000] {dag.py:3954} INFO - Setting next_dagrun for update_db to 2025-12-14 15:00:00+00:00, run_after=2025-12-15 15:00:00+00:00
[2025-12-14T16:39:47.302+0000] {logging_mixin.py:188} INFO - [2025-12-14T16:39:47.302+0000] {dag.py:3954} INFO - Setting next_dagrun for youtube_video_stats to 2025-12-14 14:00:00+00:00, run_after=2025-12-15 14:00:00+00:00
[2025-12-14T16:39:47.320+0000] {processor.py:183} INFO - Processing /opt/airflow/dags/main.py took 0.155 seconds
[2025-12-14T16:40:17.364+0000] {processor.py:161} INFO - Started process (PID=5196) to work on /opt/airflow/dags/main.py
[2025-12-14T16:40:17.365+0000] {processor.py:830} INFO - Processing file /opt/airflow/dags/main.py for tasks to queue
[2025-12-14T16:40:17.366+0000] {logging_mixin.py:188} INFO - [2025-12-14T16:40:17.366+0000] {dagbag.py:545} INFO - Filling up the DagBag from /opt/airflow/dags/main.py
[2025-12-14T16:40:17.431+0000] {processor.py:840} INFO - DAG(s) 'update_db', 'youtube_video_stats' retrieved from /opt/airflow/dags/main.py
[2025-12-14T16:40:17.458+0000] {logging_mixin.py:188} INFO - [2025-12-14T16:40:17.457+0000] {dag.py:3096} INFO - Sync 2 DAGs
[2025-12-14T16:40:17.477+0000] {logging_mixin.py:188} INFO - [2025-12-14T16:40:17.477+0000] {dag.py:3954} INFO - Setting next_dagrun for update_db to 2025-12-14 15:00:00+00:00, run_after=2025-12-15 15:00:00+00:00
[2025-12-14T16:40:17.481+0000] {logging_mixin.py:188} INFO - [2025-12-14T16:40:17.481+0000] {dag.py:3954} INFO - Setting next_dagrun for youtube_video_stats to 2025-12-14 14:00:00+00:00, run_after=2025-12-15 14:00:00+00:00
[2025-12-14T16:40:17.494+0000] {processor.py:183} INFO - Processing /opt/airflow/dags/main.py took 0.137 seconds
[2025-12-14T16:40:47.547+0000] {processor.py:161} INFO - Started process (PID=5203) to work on /opt/airflow/dags/main.py
[2025-12-14T16:40:47.548+0000] {processor.py:830} INFO - Processing file /opt/airflow/dags/main.py for tasks to queue
[2025-12-14T16:40:47.549+0000] {logging_mixin.py:188} INFO - [2025-12-14T16:40:47.549+0000] {dagbag.py:545} INFO - Filling up the DagBag from /opt/airflow/dags/main.py
[2025-12-14T16:40:47.638+0000] {processor.py:840} INFO - DAG(s) 'update_db', 'youtube_video_stats' retrieved from /opt/airflow/dags/main.py
[2025-12-14T16:40:47.665+0000] {logging_mixin.py:188} INFO - [2025-12-14T16:40:47.665+0000] {dag.py:3096} INFO - Sync 2 DAGs
[2025-12-14T16:40:47.684+0000] {logging_mixin.py:188} INFO - [2025-12-14T16:40:47.683+0000] {dag.py:3954} INFO - Setting next_dagrun for update_db to 2025-12-14 15:00:00+00:00, run_after=2025-12-15 15:00:00+00:00
[2025-12-14T16:40:47.688+0000] {logging_mixin.py:188} INFO - [2025-12-14T16:40:47.687+0000] {dag.py:3954} INFO - Setting next_dagrun for youtube_video_stats to 2025-12-14 14:00:00+00:00, run_after=2025-12-15 14:00:00+00:00
[2025-12-14T16:40:47.707+0000] {processor.py:183} INFO - Processing /opt/airflow/dags/main.py took 0.165 seconds
[2025-12-14T16:41:17.887+0000] {processor.py:161} INFO - Started process (PID=5210) to work on /opt/airflow/dags/main.py
[2025-12-14T16:41:17.890+0000] {processor.py:830} INFO - Processing file /opt/airflow/dags/main.py for tasks to queue
[2025-12-14T16:41:17.892+0000] {logging_mixin.py:188} INFO - [2025-12-14T16:41:17.892+0000] {dagbag.py:545} INFO - Filling up the DagBag from /opt/airflow/dags/main.py
[2025-12-14T16:41:18.130+0000] {processor.py:840} INFO - DAG(s) 'youtube_video_stats', 'update_db' retrieved from /opt/airflow/dags/main.py
[2025-12-14T16:41:18.170+0000] {logging_mixin.py:188} INFO - [2025-12-14T16:41:18.169+0000] {dag.py:3096} INFO - Sync 2 DAGs
[2025-12-14T16:41:18.199+0000] {logging_mixin.py:188} INFO - [2025-12-14T16:41:18.198+0000] {dag.py:3954} INFO - Setting next_dagrun for update_db to 2025-12-14 15:00:00+00:00, run_after=2025-12-15 15:00:00+00:00
[2025-12-14T16:41:18.206+0000] {logging_mixin.py:188} INFO - [2025-12-14T16:41:18.206+0000] {dag.py:3954} INFO - Setting next_dagrun for youtube_video_stats to 2025-12-14 14:00:00+00:00, run_after=2025-12-15 14:00:00+00:00
[2025-12-14T16:41:18.228+0000] {processor.py:183} INFO - Processing /opt/airflow/dags/main.py took 0.348 seconds
[2025-12-14T16:41:48.440+0000] {processor.py:161} INFO - Started process (PID=5217) to work on /opt/airflow/dags/main.py
[2025-12-14T16:41:48.442+0000] {processor.py:830} INFO - Processing file /opt/airflow/dags/main.py for tasks to queue
[2025-12-14T16:41:48.442+0000] {logging_mixin.py:188} INFO - [2025-12-14T16:41:48.442+0000] {dagbag.py:545} INFO - Filling up the DagBag from /opt/airflow/dags/main.py
[2025-12-14T16:41:48.515+0000] {processor.py:840} INFO - DAG(s) 'youtube_video_stats', 'update_db' retrieved from /opt/airflow/dags/main.py
[2025-12-14T16:41:48.546+0000] {logging_mixin.py:188} INFO - [2025-12-14T16:41:48.545+0000] {dag.py:3096} INFO - Sync 2 DAGs
[2025-12-14T16:41:48.572+0000] {logging_mixin.py:188} INFO - [2025-12-14T16:41:48.572+0000] {dag.py:3954} INFO - Setting next_dagrun for update_db to 2025-12-14 15:00:00+00:00, run_after=2025-12-15 15:00:00+00:00
[2025-12-14T16:41:48.577+0000] {logging_mixin.py:188} INFO - [2025-12-14T16:41:48.577+0000] {dag.py:3954} INFO - Setting next_dagrun for youtube_video_stats to 2025-12-14 14:00:00+00:00, run_after=2025-12-15 14:00:00+00:00
[2025-12-14T16:41:48.592+0000] {processor.py:183} INFO - Processing /opt/airflow/dags/main.py took 0.157 seconds
[2025-12-14T16:42:18.626+0000] {processor.py:161} INFO - Started process (PID=5224) to work on /opt/airflow/dags/main.py
[2025-12-14T16:42:18.627+0000] {processor.py:830} INFO - Processing file /opt/airflow/dags/main.py for tasks to queue
[2025-12-14T16:42:18.628+0000] {logging_mixin.py:188} INFO - [2025-12-14T16:42:18.628+0000] {dagbag.py:545} INFO - Filling up the DagBag from /opt/airflow/dags/main.py
[2025-12-14T16:42:18.713+0000] {processor.py:840} INFO - DAG(s) 'youtube_video_stats', 'update_db' retrieved from /opt/airflow/dags/main.py
[2025-12-14T16:42:18.740+0000] {logging_mixin.py:188} INFO - [2025-12-14T16:42:18.739+0000] {dag.py:3096} INFO - Sync 2 DAGs
[2025-12-14T16:42:18.758+0000] {logging_mixin.py:188} INFO - [2025-12-14T16:42:18.757+0000] {dag.py:3954} INFO - Setting next_dagrun for update_db to 2025-12-14 15:00:00+00:00, run_after=2025-12-15 15:00:00+00:00
[2025-12-14T16:42:18.762+0000] {logging_mixin.py:188} INFO - [2025-12-14T16:42:18.761+0000] {dag.py:3954} INFO - Setting next_dagrun for youtube_video_stats to 2025-12-14 14:00:00+00:00, run_after=2025-12-15 14:00:00+00:00
[2025-12-14T16:42:18.776+0000] {processor.py:183} INFO - Processing /opt/airflow/dags/main.py took 0.156 seconds
[2025-12-14T16:42:49.002+0000] {processor.py:161} INFO - Started process (PID=5231) to work on /opt/airflow/dags/main.py
[2025-12-14T16:42:49.004+0000] {processor.py:830} INFO - Processing file /opt/airflow/dags/main.py for tasks to queue
[2025-12-14T16:42:49.005+0000] {logging_mixin.py:188} INFO - [2025-12-14T16:42:49.005+0000] {dagbag.py:545} INFO - Filling up the DagBag from /opt/airflow/dags/main.py
[2025-12-14T16:42:49.137+0000] {processor.py:840} INFO - DAG(s) 'youtube_video_stats', 'update_db' retrieved from /opt/airflow/dags/main.py
[2025-12-14T16:42:49.181+0000] {logging_mixin.py:188} INFO - [2025-12-14T16:42:49.181+0000] {dag.py:3096} INFO - Sync 2 DAGs
[2025-12-14T16:42:49.212+0000] {logging_mixin.py:188} INFO - [2025-12-14T16:42:49.212+0000] {dag.py:3954} INFO - Setting next_dagrun for update_db to 2025-12-14 15:00:00+00:00, run_after=2025-12-15 15:00:00+00:00
[2025-12-14T16:42:49.220+0000] {logging_mixin.py:188} INFO - [2025-12-14T16:42:49.220+0000] {dag.py:3954} INFO - Setting next_dagrun for youtube_video_stats to 2025-12-14 14:00:00+00:00, run_after=2025-12-15 14:00:00+00:00
[2025-12-14T16:42:49.243+0000] {processor.py:183} INFO - Processing /opt/airflow/dags/main.py took 0.249 seconds
[2025-12-14T16:43:19.406+0000] {processor.py:161} INFO - Started process (PID=5238) to work on /opt/airflow/dags/main.py
[2025-12-14T16:43:19.407+0000] {processor.py:830} INFO - Processing file /opt/airflow/dags/main.py for tasks to queue
[2025-12-14T16:43:19.408+0000] {logging_mixin.py:188} INFO - [2025-12-14T16:43:19.408+0000] {dagbag.py:545} INFO - Filling up the DagBag from /opt/airflow/dags/main.py
[2025-12-14T16:43:19.476+0000] {processor.py:840} INFO - DAG(s) 'update_db', 'youtube_video_stats' retrieved from /opt/airflow/dags/main.py
[2025-12-14T16:43:19.502+0000] {logging_mixin.py:188} INFO - [2025-12-14T16:43:19.501+0000] {dag.py:3096} INFO - Sync 2 DAGs
[2025-12-14T16:43:19.519+0000] {logging_mixin.py:188} INFO - [2025-12-14T16:43:19.519+0000] {dag.py:3954} INFO - Setting next_dagrun for update_db to 2025-12-14 15:00:00+00:00, run_after=2025-12-15 15:00:00+00:00
[2025-12-14T16:43:19.524+0000] {logging_mixin.py:188} INFO - [2025-12-14T16:43:19.523+0000] {dag.py:3954} INFO - Setting next_dagrun for youtube_video_stats to 2025-12-14 14:00:00+00:00, run_after=2025-12-15 14:00:00+00:00
[2025-12-14T16:43:19.540+0000] {processor.py:183} INFO - Processing /opt/airflow/dags/main.py took 0.140 seconds
[2025-12-14T16:43:49.697+0000] {processor.py:161} INFO - Started process (PID=5245) to work on /opt/airflow/dags/main.py
[2025-12-14T16:43:49.698+0000] {processor.py:830} INFO - Processing file /opt/airflow/dags/main.py for tasks to queue
[2025-12-14T16:43:49.699+0000] {logging_mixin.py:188} INFO - [2025-12-14T16:43:49.699+0000] {dagbag.py:545} INFO - Filling up the DagBag from /opt/airflow/dags/main.py
[2025-12-14T16:43:49.779+0000] {processor.py:840} INFO - DAG(s) 'youtube_video_stats', 'update_db' retrieved from /opt/airflow/dags/main.py
[2025-12-14T16:43:49.806+0000] {logging_mixin.py:188} INFO - [2025-12-14T16:43:49.806+0000] {dag.py:3096} INFO - Sync 2 DAGs
[2025-12-14T16:43:49.826+0000] {logging_mixin.py:188} INFO - [2025-12-14T16:43:49.826+0000] {dag.py:3954} INFO - Setting next_dagrun for update_db to 2025-12-14 15:00:00+00:00, run_after=2025-12-15 15:00:00+00:00
[2025-12-14T16:43:49.831+0000] {logging_mixin.py:188} INFO - [2025-12-14T16:43:49.831+0000] {dag.py:3954} INFO - Setting next_dagrun for youtube_video_stats to 2025-12-14 14:00:00+00:00, run_after=2025-12-15 14:00:00+00:00
[2025-12-14T16:43:49.847+0000] {processor.py:183} INFO - Processing /opt/airflow/dags/main.py took 0.156 seconds
[2025-12-14T16:44:19.920+0000] {processor.py:161} INFO - Started process (PID=5252) to work on /opt/airflow/dags/main.py
[2025-12-14T16:44:19.922+0000] {processor.py:830} INFO - Processing file /opt/airflow/dags/main.py for tasks to queue
[2025-12-14T16:44:19.923+0000] {logging_mixin.py:188} INFO - [2025-12-14T16:44:19.922+0000] {dagbag.py:545} INFO - Filling up the DagBag from /opt/airflow/dags/main.py
[2025-12-14T16:44:20.006+0000] {processor.py:840} INFO - DAG(s) 'update_db', 'youtube_video_stats' retrieved from /opt/airflow/dags/main.py
[2025-12-14T16:44:20.138+0000] {logging_mixin.py:188} INFO - [2025-12-14T16:44:20.138+0000] {dag.py:3096} INFO - Sync 2 DAGs
[2025-12-14T16:44:20.158+0000] {logging_mixin.py:188} INFO - [2025-12-14T16:44:20.157+0000] {dag.py:3954} INFO - Setting next_dagrun for update_db to 2025-12-14 15:00:00+00:00, run_after=2025-12-15 15:00:00+00:00
[2025-12-14T16:44:20.162+0000] {logging_mixin.py:188} INFO - [2025-12-14T16:44:20.162+0000] {dag.py:3954} INFO - Setting next_dagrun for youtube_video_stats to 2025-12-14 14:00:00+00:00, run_after=2025-12-15 14:00:00+00:00
[2025-12-14T16:44:20.380+0000] {processor.py:183} INFO - Processing /opt/airflow/dags/main.py took 0.465 seconds
[2025-12-14T16:44:50.583+0000] {processor.py:161} INFO - Started process (PID=5259) to work on /opt/airflow/dags/main.py
[2025-12-14T16:44:50.585+0000] {processor.py:830} INFO - Processing file /opt/airflow/dags/main.py for tasks to queue
[2025-12-14T16:44:50.585+0000] {logging_mixin.py:188} INFO - [2025-12-14T16:44:50.585+0000] {dagbag.py:545} INFO - Filling up the DagBag from /opt/airflow/dags/main.py
[2025-12-14T16:44:50.652+0000] {processor.py:840} INFO - DAG(s) 'update_db', 'youtube_video_stats' retrieved from /opt/airflow/dags/main.py
[2025-12-14T16:44:50.680+0000] {logging_mixin.py:188} INFO - [2025-12-14T16:44:50.680+0000] {dag.py:3096} INFO - Sync 2 DAGs
[2025-12-14T16:44:50.698+0000] {logging_mixin.py:188} INFO - [2025-12-14T16:44:50.698+0000] {dag.py:3954} INFO - Setting next_dagrun for update_db to 2025-12-14 15:00:00+00:00, run_after=2025-12-15 15:00:00+00:00
[2025-12-14T16:44:50.702+0000] {logging_mixin.py:188} INFO - [2025-12-14T16:44:50.702+0000] {dag.py:3954} INFO - Setting next_dagrun for youtube_video_stats to 2025-12-14 14:00:00+00:00, run_after=2025-12-15 14:00:00+00:00
[2025-12-14T16:44:50.724+0000] {processor.py:183} INFO - Processing /opt/airflow/dags/main.py took 0.146 seconds
[2025-12-14T16:45:20.782+0000] {processor.py:161} INFO - Started process (PID=5266) to work on /opt/airflow/dags/main.py
[2025-12-14T16:45:20.783+0000] {processor.py:830} INFO - Processing file /opt/airflow/dags/main.py for tasks to queue
[2025-12-14T16:45:20.784+0000] {logging_mixin.py:188} INFO - [2025-12-14T16:45:20.784+0000] {dagbag.py:545} INFO - Filling up the DagBag from /opt/airflow/dags/main.py
[2025-12-14T16:45:20.857+0000] {processor.py:840} INFO - DAG(s) 'youtube_video_stats', 'update_db' retrieved from /opt/airflow/dags/main.py
[2025-12-14T16:45:20.882+0000] {logging_mixin.py:188} INFO - [2025-12-14T16:45:20.882+0000] {dag.py:3096} INFO - Sync 2 DAGs
[2025-12-14T16:45:20.900+0000] {logging_mixin.py:188} INFO - [2025-12-14T16:45:20.900+0000] {dag.py:3954} INFO - Setting next_dagrun for update_db to 2025-12-14 15:00:00+00:00, run_after=2025-12-15 15:00:00+00:00
[2025-12-14T16:45:20.904+0000] {logging_mixin.py:188} INFO - [2025-12-14T16:45:20.904+0000] {dag.py:3954} INFO - Setting next_dagrun for youtube_video_stats to 2025-12-14 14:00:00+00:00, run_after=2025-12-15 14:00:00+00:00
[2025-12-14T16:45:20.920+0000] {processor.py:183} INFO - Processing /opt/airflow/dags/main.py took 0.143 seconds
[2025-12-14T16:45:51.108+0000] {processor.py:161} INFO - Started process (PID=5273) to work on /opt/airflow/dags/main.py
[2025-12-14T16:45:51.109+0000] {processor.py:830} INFO - Processing file /opt/airflow/dags/main.py for tasks to queue
[2025-12-14T16:45:51.110+0000] {logging_mixin.py:188} INFO - [2025-12-14T16:45:51.110+0000] {dagbag.py:545} INFO - Filling up the DagBag from /opt/airflow/dags/main.py
[2025-12-14T16:45:51.290+0000] {processor.py:840} INFO - DAG(s) 'youtube_video_stats', 'update_db' retrieved from /opt/airflow/dags/main.py
[2025-12-14T16:45:51.423+0000] {logging_mixin.py:188} INFO - [2025-12-14T16:45:51.423+0000] {dag.py:3096} INFO - Sync 2 DAGs
[2025-12-14T16:45:51.482+0000] {logging_mixin.py:188} INFO - [2025-12-14T16:45:51.482+0000] {dag.py:3954} INFO - Setting next_dagrun for update_db to 2025-12-14 15:00:00+00:00, run_after=2025-12-15 15:00:00+00:00
[2025-12-14T16:45:51.490+0000] {logging_mixin.py:188} INFO - [2025-12-14T16:45:51.490+0000] {dag.py:3954} INFO - Setting next_dagrun for youtube_video_stats to 2025-12-14 14:00:00+00:00, run_after=2025-12-15 14:00:00+00:00
[2025-12-14T16:45:51.519+0000] {processor.py:183} INFO - Processing /opt/airflow/dags/main.py took 0.418 seconds
[2025-12-14T16:46:21.744+0000] {processor.py:161} INFO - Started process (PID=5280) to work on /opt/airflow/dags/main.py
[2025-12-14T16:46:21.745+0000] {processor.py:830} INFO - Processing file /opt/airflow/dags/main.py for tasks to queue
[2025-12-14T16:46:21.746+0000] {logging_mixin.py:188} INFO - [2025-12-14T16:46:21.746+0000] {dagbag.py:545} INFO - Filling up the DagBag from /opt/airflow/dags/main.py
[2025-12-14T16:46:21.814+0000] {processor.py:840} INFO - DAG(s) 'youtube_video_stats', 'update_db' retrieved from /opt/airflow/dags/main.py
[2025-12-14T16:46:21.960+0000] {logging_mixin.py:188} INFO - [2025-12-14T16:46:21.960+0000] {dag.py:3096} INFO - Sync 2 DAGs
[2025-12-14T16:46:21.979+0000] {logging_mixin.py:188} INFO - [2025-12-14T16:46:21.979+0000] {dag.py:3954} INFO - Setting next_dagrun for update_db to 2025-12-14 15:00:00+00:00, run_after=2025-12-15 15:00:00+00:00
[2025-12-14T16:46:21.983+0000] {logging_mixin.py:188} INFO - [2025-12-14T16:46:21.983+0000] {dag.py:3954} INFO - Setting next_dagrun for youtube_video_stats to 2025-12-14 14:00:00+00:00, run_after=2025-12-15 14:00:00+00:00
[2025-12-14T16:46:22.004+0000] {processor.py:183} INFO - Processing /opt/airflow/dags/main.py took 0.265 seconds
[2025-12-14T16:46:52.342+0000] {processor.py:161} INFO - Started process (PID=5287) to work on /opt/airflow/dags/main.py
[2025-12-14T16:46:52.343+0000] {processor.py:830} INFO - Processing file /opt/airflow/dags/main.py for tasks to queue
[2025-12-14T16:46:52.344+0000] {logging_mixin.py:188} INFO - [2025-12-14T16:46:52.343+0000] {dagbag.py:545} INFO - Filling up the DagBag from /opt/airflow/dags/main.py
[2025-12-14T16:46:52.411+0000] {processor.py:840} INFO - DAG(s) 'update_db', 'youtube_video_stats' retrieved from /opt/airflow/dags/main.py
[2025-12-14T16:46:52.436+0000] {logging_mixin.py:188} INFO - [2025-12-14T16:46:52.436+0000] {dag.py:3096} INFO - Sync 2 DAGs
[2025-12-14T16:46:52.456+0000] {logging_mixin.py:188} INFO - [2025-12-14T16:46:52.456+0000] {dag.py:3954} INFO - Setting next_dagrun for update_db to 2025-12-14 15:00:00+00:00, run_after=2025-12-15 15:00:00+00:00
[2025-12-14T16:46:52.460+0000] {logging_mixin.py:188} INFO - [2025-12-14T16:46:52.460+0000] {dag.py:3954} INFO - Setting next_dagrun for youtube_video_stats to 2025-12-14 14:00:00+00:00, run_after=2025-12-15 14:00:00+00:00
[2025-12-14T16:46:52.481+0000] {processor.py:183} INFO - Processing /opt/airflow/dags/main.py took 0.145 seconds
[2025-12-14T16:47:22.516+0000] {processor.py:161} INFO - Started process (PID=5294) to work on /opt/airflow/dags/main.py
[2025-12-14T16:47:22.517+0000] {processor.py:830} INFO - Processing file /opt/airflow/dags/main.py for tasks to queue
[2025-12-14T16:47:22.518+0000] {logging_mixin.py:188} INFO - [2025-12-14T16:47:22.518+0000] {dagbag.py:545} INFO - Filling up the DagBag from /opt/airflow/dags/main.py
[2025-12-14T16:47:22.590+0000] {processor.py:840} INFO - DAG(s) 'update_db', 'youtube_video_stats' retrieved from /opt/airflow/dags/main.py
[2025-12-14T16:47:22.617+0000] {logging_mixin.py:188} INFO - [2025-12-14T16:47:22.617+0000] {dag.py:3096} INFO - Sync 2 DAGs
[2025-12-14T16:47:22.637+0000] {logging_mixin.py:188} INFO - [2025-12-14T16:47:22.637+0000] {dag.py:3954} INFO - Setting next_dagrun for update_db to 2025-12-14 15:00:00+00:00, run_after=2025-12-15 15:00:00+00:00
[2025-12-14T16:47:22.642+0000] {logging_mixin.py:188} INFO - [2025-12-14T16:47:22.642+0000] {dag.py:3954} INFO - Setting next_dagrun for youtube_video_stats to 2025-12-14 14:00:00+00:00, run_after=2025-12-15 14:00:00+00:00
[2025-12-14T16:47:22.658+0000] {processor.py:183} INFO - Processing /opt/airflow/dags/main.py took 0.148 seconds
[2025-12-14T16:47:52.916+0000] {processor.py:161} INFO - Started process (PID=5301) to work on /opt/airflow/dags/main.py
[2025-12-14T16:47:52.917+0000] {processor.py:830} INFO - Processing file /opt/airflow/dags/main.py for tasks to queue
[2025-12-14T16:47:52.918+0000] {logging_mixin.py:188} INFO - [2025-12-14T16:47:52.918+0000] {dagbag.py:545} INFO - Filling up the DagBag from /opt/airflow/dags/main.py
[2025-12-14T16:47:52.991+0000] {processor.py:840} INFO - DAG(s) 'update_db', 'youtube_video_stats' retrieved from /opt/airflow/dags/main.py
[2025-12-14T16:47:53.019+0000] {logging_mixin.py:188} INFO - [2025-12-14T16:47:53.018+0000] {dag.py:3096} INFO - Sync 2 DAGs
[2025-12-14T16:47:53.040+0000] {logging_mixin.py:188} INFO - [2025-12-14T16:47:53.040+0000] {dag.py:3954} INFO - Setting next_dagrun for update_db to 2025-12-14 15:00:00+00:00, run_after=2025-12-15 15:00:00+00:00
[2025-12-14T16:47:53.063+0000] {logging_mixin.py:188} INFO - [2025-12-14T16:47:53.063+0000] {dag.py:3954} INFO - Setting next_dagrun for youtube_video_stats to 2025-12-14 14:00:00+00:00, run_after=2025-12-15 14:00:00+00:00
[2025-12-14T16:47:53.085+0000] {processor.py:183} INFO - Processing /opt/airflow/dags/main.py took 0.173 seconds
[2025-12-14T16:48:23.261+0000] {processor.py:161} INFO - Started process (PID=5308) to work on /opt/airflow/dags/main.py
[2025-12-14T16:48:23.262+0000] {processor.py:830} INFO - Processing file /opt/airflow/dags/main.py for tasks to queue
[2025-12-14T16:48:23.263+0000] {logging_mixin.py:188} INFO - [2025-12-14T16:48:23.263+0000] {dagbag.py:545} INFO - Filling up the DagBag from /opt/airflow/dags/main.py
[2025-12-14T16:48:23.329+0000] {processor.py:840} INFO - DAG(s) 'youtube_video_stats', 'update_db' retrieved from /opt/airflow/dags/main.py
[2025-12-14T16:48:23.355+0000] {logging_mixin.py:188} INFO - [2025-12-14T16:48:23.355+0000] {dag.py:3096} INFO - Sync 2 DAGs
[2025-12-14T16:48:23.373+0000] {logging_mixin.py:188} INFO - [2025-12-14T16:48:23.373+0000] {dag.py:3954} INFO - Setting next_dagrun for update_db to 2025-12-14 15:00:00+00:00, run_after=2025-12-15 15:00:00+00:00
[2025-12-14T16:48:23.380+0000] {logging_mixin.py:188} INFO - [2025-12-14T16:48:23.379+0000] {dag.py:3954} INFO - Setting next_dagrun for youtube_video_stats to 2025-12-14 14:00:00+00:00, run_after=2025-12-15 14:00:00+00:00
[2025-12-14T16:48:23.398+0000] {processor.py:183} INFO - Processing /opt/airflow/dags/main.py took 0.142 seconds
[2025-12-14T16:48:53.494+0000] {processor.py:161} INFO - Started process (PID=5316) to work on /opt/airflow/dags/main.py
[2025-12-14T16:48:53.495+0000] {processor.py:830} INFO - Processing file /opt/airflow/dags/main.py for tasks to queue
[2025-12-14T16:48:53.496+0000] {logging_mixin.py:188} INFO - [2025-12-14T16:48:53.496+0000] {dagbag.py:545} INFO - Filling up the DagBag from /opt/airflow/dags/main.py
[2025-12-14T16:48:53.563+0000] {processor.py:840} INFO - DAG(s) 'update_db', 'youtube_video_stats' retrieved from /opt/airflow/dags/main.py
[2025-12-14T16:48:53.590+0000] {logging_mixin.py:188} INFO - [2025-12-14T16:48:53.589+0000] {dag.py:3096} INFO - Sync 2 DAGs
[2025-12-14T16:48:53.611+0000] {logging_mixin.py:188} INFO - [2025-12-14T16:48:53.610+0000] {dag.py:3954} INFO - Setting next_dagrun for update_db to 2025-12-14 15:00:00+00:00, run_after=2025-12-15 15:00:00+00:00
[2025-12-14T16:48:53.616+0000] {logging_mixin.py:188} INFO - [2025-12-14T16:48:53.615+0000] {dag.py:3954} INFO - Setting next_dagrun for youtube_video_stats to 2025-12-14 14:00:00+00:00, run_after=2025-12-15 14:00:00+00:00
[2025-12-14T16:48:53.631+0000] {processor.py:183} INFO - Processing /opt/airflow/dags/main.py took 0.143 seconds
[2025-12-14T16:49:23.755+0000] {processor.py:161} INFO - Started process (PID=5323) to work on /opt/airflow/dags/main.py
[2025-12-14T16:49:23.756+0000] {processor.py:830} INFO - Processing file /opt/airflow/dags/main.py for tasks to queue
[2025-12-14T16:49:23.757+0000] {logging_mixin.py:188} INFO - [2025-12-14T16:49:23.757+0000] {dagbag.py:545} INFO - Filling up the DagBag from /opt/airflow/dags/main.py
[2025-12-14T16:49:23.834+0000] {processor.py:840} INFO - DAG(s) 'youtube_video_stats', 'update_db' retrieved from /opt/airflow/dags/main.py
[2025-12-14T16:49:23.861+0000] {logging_mixin.py:188} INFO - [2025-12-14T16:49:23.860+0000] {dag.py:3096} INFO - Sync 2 DAGs
[2025-12-14T16:49:23.880+0000] {logging_mixin.py:188} INFO - [2025-12-14T16:49:23.880+0000] {dag.py:3954} INFO - Setting next_dagrun for update_db to 2025-12-14 15:00:00+00:00, run_after=2025-12-15 15:00:00+00:00
[2025-12-14T16:49:23.887+0000] {logging_mixin.py:188} INFO - [2025-12-14T16:49:23.887+0000] {dag.py:3954} INFO - Setting next_dagrun for youtube_video_stats to 2025-12-14 14:00:00+00:00, run_after=2025-12-15 14:00:00+00:00
[2025-12-14T16:49:23.908+0000] {processor.py:183} INFO - Processing /opt/airflow/dags/main.py took 0.159 seconds
[2025-12-14T16:49:54.279+0000] {processor.py:161} INFO - Started process (PID=5330) to work on /opt/airflow/dags/main.py
[2025-12-14T16:49:54.305+0000] {processor.py:830} INFO - Processing file /opt/airflow/dags/main.py for tasks to queue
[2025-12-14T16:49:54.310+0000] {logging_mixin.py:188} INFO - [2025-12-14T16:49:54.309+0000] {dagbag.py:545} INFO - Filling up the DagBag from /opt/airflow/dags/main.py
[2025-12-14T16:49:54.488+0000] {processor.py:840} INFO - DAG(s) 'update_db', 'youtube_video_stats' retrieved from /opt/airflow/dags/main.py
[2025-12-14T16:49:54.527+0000] {logging_mixin.py:188} INFO - [2025-12-14T16:49:54.526+0000] {dag.py:3096} INFO - Sync 2 DAGs
[2025-12-14T16:49:54.561+0000] {logging_mixin.py:188} INFO - [2025-12-14T16:49:54.560+0000] {dag.py:3954} INFO - Setting next_dagrun for update_db to 2025-12-14 15:00:00+00:00, run_after=2025-12-15 15:00:00+00:00
[2025-12-14T16:49:54.567+0000] {logging_mixin.py:188} INFO - [2025-12-14T16:49:54.567+0000] {dag.py:3954} INFO - Setting next_dagrun for youtube_video_stats to 2025-12-14 14:00:00+00:00, run_after=2025-12-15 14:00:00+00:00
[2025-12-14T16:49:54.587+0000] {processor.py:183} INFO - Processing /opt/airflow/dags/main.py took 0.316 seconds
[2025-12-14T16:50:24.790+0000] {processor.py:161} INFO - Started process (PID=5337) to work on /opt/airflow/dags/main.py
[2025-12-14T16:50:24.791+0000] {processor.py:830} INFO - Processing file /opt/airflow/dags/main.py for tasks to queue
[2025-12-14T16:50:24.792+0000] {logging_mixin.py:188} INFO - [2025-12-14T16:50:24.792+0000] {dagbag.py:545} INFO - Filling up the DagBag from /opt/airflow/dags/main.py
[2025-12-14T16:50:24.871+0000] {processor.py:840} INFO - DAG(s) 'youtube_video_stats', 'update_db' retrieved from /opt/airflow/dags/main.py
[2025-12-14T16:50:24.901+0000] {logging_mixin.py:188} INFO - [2025-12-14T16:50:24.901+0000] {dag.py:3096} INFO - Sync 2 DAGs
[2025-12-14T16:50:24.924+0000] {logging_mixin.py:188} INFO - [2025-12-14T16:50:24.924+0000] {dag.py:3954} INFO - Setting next_dagrun for update_db to 2025-12-14 15:00:00+00:00, run_after=2025-12-15 15:00:00+00:00
[2025-12-14T16:50:24.929+0000] {logging_mixin.py:188} INFO - [2025-12-14T16:50:24.929+0000] {dag.py:3954} INFO - Setting next_dagrun for youtube_video_stats to 2025-12-14 14:00:00+00:00, run_after=2025-12-15 14:00:00+00:00
[2025-12-14T16:50:24.951+0000] {processor.py:183} INFO - Processing /opt/airflow/dags/main.py took 0.167 seconds
[2025-12-14T16:50:55.134+0000] {processor.py:161} INFO - Started process (PID=5344) to work on /opt/airflow/dags/main.py
[2025-12-14T16:50:55.135+0000] {processor.py:830} INFO - Processing file /opt/airflow/dags/main.py for tasks to queue
[2025-12-14T16:50:55.136+0000] {logging_mixin.py:188} INFO - [2025-12-14T16:50:55.136+0000] {dagbag.py:545} INFO - Filling up the DagBag from /opt/airflow/dags/main.py
[2025-12-14T16:50:55.204+0000] {processor.py:840} INFO - DAG(s) 'update_db', 'youtube_video_stats' retrieved from /opt/airflow/dags/main.py
[2025-12-14T16:50:55.232+0000] {logging_mixin.py:188} INFO - [2025-12-14T16:50:55.231+0000] {dag.py:3096} INFO - Sync 2 DAGs
[2025-12-14T16:50:55.250+0000] {logging_mixin.py:188} INFO - [2025-12-14T16:50:55.250+0000] {dag.py:3954} INFO - Setting next_dagrun for update_db to 2025-12-14 15:00:00+00:00, run_after=2025-12-15 15:00:00+00:00
[2025-12-14T16:50:55.256+0000] {logging_mixin.py:188} INFO - [2025-12-14T16:50:55.255+0000] {dag.py:3954} INFO - Setting next_dagrun for youtube_video_stats to 2025-12-14 14:00:00+00:00, run_after=2025-12-15 14:00:00+00:00
[2025-12-14T16:50:55.274+0000] {processor.py:183} INFO - Processing /opt/airflow/dags/main.py took 0.146 seconds
[2025-12-14T16:51:25.502+0000] {processor.py:161} INFO - Started process (PID=5351) to work on /opt/airflow/dags/main.py
[2025-12-14T16:51:25.504+0000] {processor.py:830} INFO - Processing file /opt/airflow/dags/main.py for tasks to queue
[2025-12-14T16:51:25.505+0000] {logging_mixin.py:188} INFO - [2025-12-14T16:51:25.504+0000] {dagbag.py:545} INFO - Filling up the DagBag from /opt/airflow/dags/main.py
[2025-12-14T16:51:25.649+0000] {processor.py:840} INFO - DAG(s) 'update_db', 'youtube_video_stats' retrieved from /opt/airflow/dags/main.py
[2025-12-14T16:51:25.694+0000] {logging_mixin.py:188} INFO - [2025-12-14T16:51:25.694+0000] {dag.py:3096} INFO - Sync 2 DAGs
[2025-12-14T16:51:25.730+0000] {logging_mixin.py:188} INFO - [2025-12-14T16:51:25.730+0000] {dag.py:3954} INFO - Setting next_dagrun for update_db to 2025-12-14 15:00:00+00:00, run_after=2025-12-15 15:00:00+00:00
[2025-12-14T16:51:25.739+0000] {logging_mixin.py:188} INFO - [2025-12-14T16:51:25.738+0000] {dag.py:3954} INFO - Setting next_dagrun for youtube_video_stats to 2025-12-14 14:00:00+00:00, run_after=2025-12-15 14:00:00+00:00
[2025-12-14T16:51:25.764+0000] {processor.py:183} INFO - Processing /opt/airflow/dags/main.py took 0.270 seconds
[2025-12-14T16:51:55.992+0000] {processor.py:161} INFO - Started process (PID=5358) to work on /opt/airflow/dags/main.py
[2025-12-14T16:51:55.993+0000] {processor.py:830} INFO - Processing file /opt/airflow/dags/main.py for tasks to queue
[2025-12-14T16:51:55.994+0000] {logging_mixin.py:188} INFO - [2025-12-14T16:51:55.994+0000] {dagbag.py:545} INFO - Filling up the DagBag from /opt/airflow/dags/main.py
[2025-12-14T16:51:56.112+0000] {processor.py:840} INFO - DAG(s) 'update_db', 'youtube_video_stats' retrieved from /opt/airflow/dags/main.py
[2025-12-14T16:51:56.140+0000] {logging_mixin.py:188} INFO - [2025-12-14T16:51:56.140+0000] {dag.py:3096} INFO - Sync 2 DAGs
[2025-12-14T16:51:56.158+0000] {logging_mixin.py:188} INFO - [2025-12-14T16:51:56.158+0000] {dag.py:3954} INFO - Setting next_dagrun for update_db to 2025-12-14 15:00:00+00:00, run_after=2025-12-15 15:00:00+00:00
[2025-12-14T16:51:56.164+0000] {logging_mixin.py:188} INFO - [2025-12-14T16:51:56.164+0000] {dag.py:3954} INFO - Setting next_dagrun for youtube_video_stats to 2025-12-14 14:00:00+00:00, run_after=2025-12-15 14:00:00+00:00
[2025-12-14T16:51:56.185+0000] {processor.py:183} INFO - Processing /opt/airflow/dags/main.py took 0.202 seconds
[2025-12-14T16:52:26.400+0000] {processor.py:161} INFO - Started process (PID=5365) to work on /opt/airflow/dags/main.py
[2025-12-14T16:52:26.402+0000] {processor.py:830} INFO - Processing file /opt/airflow/dags/main.py for tasks to queue
[2025-12-14T16:52:26.403+0000] {logging_mixin.py:188} INFO - [2025-12-14T16:52:26.402+0000] {dagbag.py:545} INFO - Filling up the DagBag from /opt/airflow/dags/main.py
[2025-12-14T16:52:26.486+0000] {processor.py:840} INFO - DAG(s) 'youtube_video_stats', 'update_db' retrieved from /opt/airflow/dags/main.py
[2025-12-14T16:52:26.523+0000] {logging_mixin.py:188} INFO - [2025-12-14T16:52:26.523+0000] {dag.py:3096} INFO - Sync 2 DAGs
[2025-12-14T16:52:26.577+0000] {logging_mixin.py:188} INFO - [2025-12-14T16:52:26.576+0000] {dag.py:3954} INFO - Setting next_dagrun for update_db to 2025-12-14 15:00:00+00:00, run_after=2025-12-15 15:00:00+00:00
[2025-12-14T16:52:26.591+0000] {logging_mixin.py:188} INFO - [2025-12-14T16:52:26.590+0000] {dag.py:3954} INFO - Setting next_dagrun for youtube_video_stats to 2025-12-14 14:00:00+00:00, run_after=2025-12-15 14:00:00+00:00
[2025-12-14T16:52:26.620+0000] {processor.py:183} INFO - Processing /opt/airflow/dags/main.py took 0.226 seconds
[2025-12-14T16:52:56.833+0000] {processor.py:161} INFO - Started process (PID=5372) to work on /opt/airflow/dags/main.py
[2025-12-14T16:52:56.834+0000] {processor.py:830} INFO - Processing file /opt/airflow/dags/main.py for tasks to queue
[2025-12-14T16:52:56.835+0000] {logging_mixin.py:188} INFO - [2025-12-14T16:52:56.835+0000] {dagbag.py:545} INFO - Filling up the DagBag from /opt/airflow/dags/main.py
[2025-12-14T16:52:56.912+0000] {processor.py:840} INFO - DAG(s) 'update_db', 'youtube_video_stats' retrieved from /opt/airflow/dags/main.py
[2025-12-14T16:52:56.944+0000] {logging_mixin.py:188} INFO - [2025-12-14T16:52:56.944+0000] {dag.py:3096} INFO - Sync 2 DAGs
[2025-12-14T16:52:56.969+0000] {logging_mixin.py:188} INFO - [2025-12-14T16:52:56.968+0000] {dag.py:3954} INFO - Setting next_dagrun for update_db to 2025-12-14 15:00:00+00:00, run_after=2025-12-15 15:00:00+00:00
[2025-12-14T16:52:56.974+0000] {logging_mixin.py:188} INFO - [2025-12-14T16:52:56.973+0000] {dag.py:3954} INFO - Setting next_dagrun for youtube_video_stats to 2025-12-14 14:00:00+00:00, run_after=2025-12-15 14:00:00+00:00
[2025-12-14T16:52:56.994+0000] {processor.py:183} INFO - Processing /opt/airflow/dags/main.py took 0.169 seconds
[2025-12-14T16:53:27.027+0000] {processor.py:161} INFO - Started process (PID=5379) to work on /opt/airflow/dags/main.py
[2025-12-14T16:53:27.028+0000] {processor.py:830} INFO - Processing file /opt/airflow/dags/main.py for tasks to queue
[2025-12-14T16:53:27.029+0000] {logging_mixin.py:188} INFO - [2025-12-14T16:53:27.029+0000] {dagbag.py:545} INFO - Filling up the DagBag from /opt/airflow/dags/main.py
[2025-12-14T16:53:27.105+0000] {processor.py:840} INFO - DAG(s) 'youtube_video_stats', 'update_db' retrieved from /opt/airflow/dags/main.py
[2025-12-14T16:53:27.135+0000] {logging_mixin.py:188} INFO - [2025-12-14T16:53:27.134+0000] {dag.py:3096} INFO - Sync 2 DAGs
[2025-12-14T16:53:27.152+0000] {logging_mixin.py:188} INFO - [2025-12-14T16:53:27.152+0000] {dag.py:3954} INFO - Setting next_dagrun for update_db to 2025-12-14 15:00:00+00:00, run_after=2025-12-15 15:00:00+00:00
[2025-12-14T16:53:27.157+0000] {logging_mixin.py:188} INFO - [2025-12-14T16:53:27.157+0000] {dag.py:3954} INFO - Setting next_dagrun for youtube_video_stats to 2025-12-14 14:00:00+00:00, run_after=2025-12-15 14:00:00+00:00
[2025-12-14T16:53:27.176+0000] {processor.py:183} INFO - Processing /opt/airflow/dags/main.py took 0.154 seconds
[2025-12-14T16:53:57.363+0000] {processor.py:161} INFO - Started process (PID=5386) to work on /opt/airflow/dags/main.py
[2025-12-14T16:53:57.364+0000] {processor.py:830} INFO - Processing file /opt/airflow/dags/main.py for tasks to queue
[2025-12-14T16:53:57.365+0000] {logging_mixin.py:188} INFO - [2025-12-14T16:53:57.365+0000] {dagbag.py:545} INFO - Filling up the DagBag from /opt/airflow/dags/main.py
[2025-12-14T16:53:57.427+0000] {processor.py:840} INFO - DAG(s) 'youtube_video_stats', 'update_db' retrieved from /opt/airflow/dags/main.py
[2025-12-14T16:53:57.452+0000] {logging_mixin.py:188} INFO - [2025-12-14T16:53:57.452+0000] {dag.py:3096} INFO - Sync 2 DAGs
[2025-12-14T16:53:57.470+0000] {logging_mixin.py:188} INFO - [2025-12-14T16:53:57.470+0000] {dag.py:3954} INFO - Setting next_dagrun for update_db to 2025-12-14 15:00:00+00:00, run_after=2025-12-15 15:00:00+00:00
[2025-12-14T16:53:57.475+0000] {logging_mixin.py:188} INFO - [2025-12-14T16:53:57.475+0000] {dag.py:3954} INFO - Setting next_dagrun for youtube_video_stats to 2025-12-14 14:00:00+00:00, run_after=2025-12-15 14:00:00+00:00
[2025-12-14T16:53:57.496+0000] {processor.py:183} INFO - Processing /opt/airflow/dags/main.py took 0.137 seconds
[2025-12-14T16:54:27.632+0000] {processor.py:161} INFO - Started process (PID=5393) to work on /opt/airflow/dags/main.py
[2025-12-14T16:54:27.633+0000] {processor.py:830} INFO - Processing file /opt/airflow/dags/main.py for tasks to queue
[2025-12-14T16:54:27.634+0000] {logging_mixin.py:188} INFO - [2025-12-14T16:54:27.634+0000] {dagbag.py:545} INFO - Filling up the DagBag from /opt/airflow/dags/main.py
[2025-12-14T16:54:27.700+0000] {processor.py:840} INFO - DAG(s) 'youtube_video_stats', 'update_db' retrieved from /opt/airflow/dags/main.py
[2025-12-14T16:54:27.727+0000] {logging_mixin.py:188} INFO - [2025-12-14T16:54:27.727+0000] {dag.py:3096} INFO - Sync 2 DAGs
[2025-12-14T16:54:27.746+0000] {logging_mixin.py:188} INFO - [2025-12-14T16:54:27.746+0000] {dag.py:3954} INFO - Setting next_dagrun for update_db to 2025-12-14 15:00:00+00:00, run_after=2025-12-15 15:00:00+00:00
[2025-12-14T16:54:27.750+0000] {logging_mixin.py:188} INFO - [2025-12-14T16:54:27.750+0000] {dag.py:3954} INFO - Setting next_dagrun for youtube_video_stats to 2025-12-14 14:00:00+00:00, run_after=2025-12-15 14:00:00+00:00
[2025-12-14T16:54:27.767+0000] {processor.py:183} INFO - Processing /opt/airflow/dags/main.py took 0.141 seconds
[2025-12-14T16:54:57.981+0000] {processor.py:161} INFO - Started process (PID=5400) to work on /opt/airflow/dags/main.py
[2025-12-14T16:54:57.982+0000] {processor.py:830} INFO - Processing file /opt/airflow/dags/main.py for tasks to queue
[2025-12-14T16:54:57.983+0000] {logging_mixin.py:188} INFO - [2025-12-14T16:54:57.983+0000] {dagbag.py:545} INFO - Filling up the DagBag from /opt/airflow/dags/main.py
[2025-12-14T16:54:58.056+0000] {processor.py:840} INFO - DAG(s) 'youtube_video_stats', 'update_db' retrieved from /opt/airflow/dags/main.py
[2025-12-14T16:54:58.080+0000] {logging_mixin.py:188} INFO - [2025-12-14T16:54:58.079+0000] {dag.py:3096} INFO - Sync 2 DAGs
[2025-12-14T16:54:58.097+0000] {logging_mixin.py:188} INFO - [2025-12-14T16:54:58.097+0000] {dag.py:3954} INFO - Setting next_dagrun for update_db to 2025-12-14 15:00:00+00:00, run_after=2025-12-15 15:00:00+00:00
[2025-12-14T16:54:58.102+0000] {logging_mixin.py:188} INFO - [2025-12-14T16:54:58.101+0000] {dag.py:3954} INFO - Setting next_dagrun for youtube_video_stats to 2025-12-14 14:00:00+00:00, run_after=2025-12-15 14:00:00+00:00
[2025-12-14T16:54:58.119+0000] {processor.py:183} INFO - Processing /opt/airflow/dags/main.py took 0.142 seconds
[2025-12-14T16:55:28.215+0000] {processor.py:161} INFO - Started process (PID=5407) to work on /opt/airflow/dags/main.py
[2025-12-14T16:55:28.216+0000] {processor.py:830} INFO - Processing file /opt/airflow/dags/main.py for tasks to queue
[2025-12-14T16:55:28.217+0000] {logging_mixin.py:188} INFO - [2025-12-14T16:55:28.217+0000] {dagbag.py:545} INFO - Filling up the DagBag from /opt/airflow/dags/main.py
[2025-12-14T16:55:28.286+0000] {processor.py:840} INFO - DAG(s) 'update_db', 'youtube_video_stats' retrieved from /opt/airflow/dags/main.py
[2025-12-14T16:55:28.312+0000] {logging_mixin.py:188} INFO - [2025-12-14T16:55:28.312+0000] {dag.py:3096} INFO - Sync 2 DAGs
[2025-12-14T16:55:28.331+0000] {logging_mixin.py:188} INFO - [2025-12-14T16:55:28.331+0000] {dag.py:3954} INFO - Setting next_dagrun for update_db to 2025-12-14 15:00:00+00:00, run_after=2025-12-15 15:00:00+00:00
[2025-12-14T16:55:28.336+0000] {logging_mixin.py:188} INFO - [2025-12-14T16:55:28.336+0000] {dag.py:3954} INFO - Setting next_dagrun for youtube_video_stats to 2025-12-14 14:00:00+00:00, run_after=2025-12-15 14:00:00+00:00
[2025-12-14T16:55:28.356+0000] {processor.py:183} INFO - Processing /opt/airflow/dags/main.py took 0.146 seconds
[2025-12-14T16:55:58.546+0000] {processor.py:161} INFO - Started process (PID=5414) to work on /opt/airflow/dags/main.py
[2025-12-14T16:55:58.547+0000] {processor.py:830} INFO - Processing file /opt/airflow/dags/main.py for tasks to queue
[2025-12-14T16:55:58.548+0000] {logging_mixin.py:188} INFO - [2025-12-14T16:55:58.547+0000] {dagbag.py:545} INFO - Filling up the DagBag from /opt/airflow/dags/main.py
[2025-12-14T16:55:58.611+0000] {processor.py:840} INFO - DAG(s) 'update_db', 'youtube_video_stats' retrieved from /opt/airflow/dags/main.py
[2025-12-14T16:55:58.638+0000] {logging_mixin.py:188} INFO - [2025-12-14T16:55:58.637+0000] {dag.py:3096} INFO - Sync 2 DAGs
[2025-12-14T16:55:58.659+0000] {logging_mixin.py:188} INFO - [2025-12-14T16:55:58.659+0000] {dag.py:3954} INFO - Setting next_dagrun for update_db to 2025-12-14 15:00:00+00:00, run_after=2025-12-15 15:00:00+00:00
[2025-12-14T16:55:58.663+0000] {logging_mixin.py:188} INFO - [2025-12-14T16:55:58.663+0000] {dag.py:3954} INFO - Setting next_dagrun for youtube_video_stats to 2025-12-14 14:00:00+00:00, run_after=2025-12-15 14:00:00+00:00
[2025-12-14T16:55:58.679+0000] {processor.py:183} INFO - Processing /opt/airflow/dags/main.py took 0.138 seconds
[2025-12-14T16:56:28.924+0000] {processor.py:161} INFO - Started process (PID=5421) to work on /opt/airflow/dags/main.py
[2025-12-14T16:56:28.925+0000] {processor.py:830} INFO - Processing file /opt/airflow/dags/main.py for tasks to queue
[2025-12-14T16:56:28.926+0000] {logging_mixin.py:188} INFO - [2025-12-14T16:56:28.926+0000] {dagbag.py:545} INFO - Filling up the DagBag from /opt/airflow/dags/main.py
[2025-12-14T16:56:29.015+0000] {processor.py:840} INFO - DAG(s) 'youtube_video_stats', 'update_db' retrieved from /opt/airflow/dags/main.py
[2025-12-14T16:56:29.045+0000] {logging_mixin.py:188} INFO - [2025-12-14T16:56:29.045+0000] {dag.py:3096} INFO - Sync 2 DAGs
[2025-12-14T16:56:29.064+0000] {logging_mixin.py:188} INFO - [2025-12-14T16:56:29.064+0000] {dag.py:3954} INFO - Setting next_dagrun for update_db to 2025-12-14 15:00:00+00:00, run_after=2025-12-15 15:00:00+00:00
[2025-12-14T16:56:29.069+0000] {logging_mixin.py:188} INFO - [2025-12-14T16:56:29.069+0000] {dag.py:3954} INFO - Setting next_dagrun for youtube_video_stats to 2025-12-14 14:00:00+00:00, run_after=2025-12-15 14:00:00+00:00
[2025-12-14T16:56:29.092+0000] {processor.py:183} INFO - Processing /opt/airflow/dags/main.py took 0.175 seconds
[2025-12-14T16:56:59.158+0000] {processor.py:161} INFO - Started process (PID=5428) to work on /opt/airflow/dags/main.py
[2025-12-14T16:56:59.159+0000] {processor.py:830} INFO - Processing file /opt/airflow/dags/main.py for tasks to queue
[2025-12-14T16:56:59.160+0000] {logging_mixin.py:188} INFO - [2025-12-14T16:56:59.160+0000] {dagbag.py:545} INFO - Filling up the DagBag from /opt/airflow/dags/main.py
[2025-12-14T16:56:59.239+0000] {processor.py:840} INFO - DAG(s) 'youtube_video_stats', 'update_db' retrieved from /opt/airflow/dags/main.py
[2025-12-14T16:56:59.270+0000] {logging_mixin.py:188} INFO - [2025-12-14T16:56:59.269+0000] {dag.py:3096} INFO - Sync 2 DAGs
[2025-12-14T16:56:59.292+0000] {logging_mixin.py:188} INFO - [2025-12-14T16:56:59.291+0000] {dag.py:3954} INFO - Setting next_dagrun for update_db to 2025-12-14 15:00:00+00:00, run_after=2025-12-15 15:00:00+00:00
[2025-12-14T16:56:59.298+0000] {logging_mixin.py:188} INFO - [2025-12-14T16:56:59.298+0000] {dag.py:3954} INFO - Setting next_dagrun for youtube_video_stats to 2025-12-14 14:00:00+00:00, run_after=2025-12-15 14:00:00+00:00
[2025-12-14T16:56:59.318+0000] {processor.py:183} INFO - Processing /opt/airflow/dags/main.py took 0.166 seconds
[2025-12-14T16:57:29.520+0000] {processor.py:161} INFO - Started process (PID=5435) to work on /opt/airflow/dags/main.py
[2025-12-14T16:57:29.521+0000] {processor.py:830} INFO - Processing file /opt/airflow/dags/main.py for tasks to queue
[2025-12-14T16:57:29.522+0000] {logging_mixin.py:188} INFO - [2025-12-14T16:57:29.522+0000] {dagbag.py:545} INFO - Filling up the DagBag from /opt/airflow/dags/main.py
[2025-12-14T16:57:29.588+0000] {processor.py:840} INFO - DAG(s) 'youtube_video_stats', 'update_db' retrieved from /opt/airflow/dags/main.py
[2025-12-14T16:57:29.612+0000] {logging_mixin.py:188} INFO - [2025-12-14T16:57:29.612+0000] {dag.py:3096} INFO - Sync 2 DAGs
[2025-12-14T16:57:29.631+0000] {logging_mixin.py:188} INFO - [2025-12-14T16:57:29.630+0000] {dag.py:3954} INFO - Setting next_dagrun for update_db to 2025-12-14 15:00:00+00:00, run_after=2025-12-15 15:00:00+00:00
[2025-12-14T16:57:29.635+0000] {logging_mixin.py:188} INFO - [2025-12-14T16:57:29.635+0000] {dag.py:3954} INFO - Setting next_dagrun for youtube_video_stats to 2025-12-14 14:00:00+00:00, run_after=2025-12-15 14:00:00+00:00
[2025-12-14T16:57:29.651+0000] {processor.py:183} INFO - Processing /opt/airflow/dags/main.py took 0.135 seconds
[2025-12-14T16:57:59.734+0000] {processor.py:161} INFO - Started process (PID=5442) to work on /opt/airflow/dags/main.py
[2025-12-14T16:57:59.735+0000] {processor.py:830} INFO - Processing file /opt/airflow/dags/main.py for tasks to queue
[2025-12-14T16:57:59.736+0000] {logging_mixin.py:188} INFO - [2025-12-14T16:57:59.736+0000] {dagbag.py:545} INFO - Filling up the DagBag from /opt/airflow/dags/main.py
[2025-12-14T16:57:59.881+0000] {processor.py:840} INFO - DAG(s) 'youtube_video_stats', 'update_db' retrieved from /opt/airflow/dags/main.py
[2025-12-14T16:57:59.915+0000] {logging_mixin.py:188} INFO - [2025-12-14T16:57:59.915+0000] {dag.py:3096} INFO - Sync 2 DAGs
[2025-12-14T16:57:59.936+0000] {logging_mixin.py:188} INFO - [2025-12-14T16:57:59.936+0000] {dag.py:3954} INFO - Setting next_dagrun for update_db to 2025-12-14 15:00:00+00:00, run_after=2025-12-15 15:00:00+00:00
[2025-12-14T16:57:59.942+0000] {logging_mixin.py:188} INFO - [2025-12-14T16:57:59.942+0000] {dag.py:3954} INFO - Setting next_dagrun for youtube_video_stats to 2025-12-14 14:00:00+00:00, run_after=2025-12-15 14:00:00+00:00
[2025-12-14T16:57:59.960+0000] {processor.py:183} INFO - Processing /opt/airflow/dags/main.py took 0.232 seconds
[2025-12-14T16:58:29.997+0000] {processor.py:161} INFO - Started process (PID=5449) to work on /opt/airflow/dags/main.py
[2025-12-14T16:58:29.998+0000] {processor.py:830} INFO - Processing file /opt/airflow/dags/main.py for tasks to queue
[2025-12-14T16:58:29.999+0000] {logging_mixin.py:188} INFO - [2025-12-14T16:58:29.999+0000] {dagbag.py:545} INFO - Filling up the DagBag from /opt/airflow/dags/main.py
[2025-12-14T16:58:30.084+0000] {processor.py:840} INFO - DAG(s) 'youtube_video_stats', 'update_db' retrieved from /opt/airflow/dags/main.py
[2025-12-14T16:58:30.109+0000] {logging_mixin.py:188} INFO - [2025-12-14T16:58:30.109+0000] {dag.py:3096} INFO - Sync 2 DAGs
[2025-12-14T16:58:30.127+0000] {logging_mixin.py:188} INFO - [2025-12-14T16:58:30.127+0000] {dag.py:3954} INFO - Setting next_dagrun for update_db to 2025-12-14 15:00:00+00:00, run_after=2025-12-15 15:00:00+00:00
[2025-12-14T16:58:30.132+0000] {logging_mixin.py:188} INFO - [2025-12-14T16:58:30.132+0000] {dag.py:3954} INFO - Setting next_dagrun for youtube_video_stats to 2025-12-14 14:00:00+00:00, run_after=2025-12-15 14:00:00+00:00
[2025-12-14T16:58:30.147+0000] {processor.py:183} INFO - Processing /opt/airflow/dags/main.py took 0.156 seconds
[2025-12-14T16:59:00.406+0000] {processor.py:161} INFO - Started process (PID=5456) to work on /opt/airflow/dags/main.py
[2025-12-14T16:59:00.409+0000] {processor.py:830} INFO - Processing file /opt/airflow/dags/main.py for tasks to queue
[2025-12-14T16:59:00.411+0000] {logging_mixin.py:188} INFO - [2025-12-14T16:59:00.410+0000] {dagbag.py:545} INFO - Filling up the DagBag from /opt/airflow/dags/main.py
[2025-12-14T16:59:00.572+0000] {processor.py:840} INFO - DAG(s) 'update_db', 'youtube_video_stats' retrieved from /opt/airflow/dags/main.py
[2025-12-14T16:59:00.617+0000] {logging_mixin.py:188} INFO - [2025-12-14T16:59:00.617+0000] {dag.py:3096} INFO - Sync 2 DAGs
[2025-12-14T16:59:00.649+0000] {logging_mixin.py:188} INFO - [2025-12-14T16:59:00.649+0000] {dag.py:3954} INFO - Setting next_dagrun for update_db to 2025-12-14 15:00:00+00:00, run_after=2025-12-15 15:00:00+00:00
[2025-12-14T16:59:00.657+0000] {logging_mixin.py:188} INFO - [2025-12-14T16:59:00.657+0000] {dag.py:3954} INFO - Setting next_dagrun for youtube_video_stats to 2025-12-14 14:00:00+00:00, run_after=2025-12-15 14:00:00+00:00
[2025-12-14T16:59:00.685+0000] {processor.py:183} INFO - Processing /opt/airflow/dags/main.py took 0.303 seconds
[2025-12-14T16:59:30.887+0000] {processor.py:161} INFO - Started process (PID=5463) to work on /opt/airflow/dags/main.py
[2025-12-14T16:59:30.888+0000] {processor.py:830} INFO - Processing file /opt/airflow/dags/main.py for tasks to queue
[2025-12-14T16:59:30.889+0000] {logging_mixin.py:188} INFO - [2025-12-14T16:59:30.889+0000] {dagbag.py:545} INFO - Filling up the DagBag from /opt/airflow/dags/main.py
[2025-12-14T16:59:30.952+0000] {processor.py:840} INFO - DAG(s) 'youtube_video_stats', 'update_db' retrieved from /opt/airflow/dags/main.py
[2025-12-14T16:59:30.978+0000] {logging_mixin.py:188} INFO - [2025-12-14T16:59:30.978+0000] {dag.py:3096} INFO - Sync 2 DAGs
[2025-12-14T16:59:30.998+0000] {logging_mixin.py:188} INFO - [2025-12-14T16:59:30.998+0000] {dag.py:3954} INFO - Setting next_dagrun for update_db to 2025-12-14 15:00:00+00:00, run_after=2025-12-15 15:00:00+00:00
[2025-12-14T16:59:31.003+0000] {logging_mixin.py:188} INFO - [2025-12-14T16:59:31.003+0000] {dag.py:3954} INFO - Setting next_dagrun for youtube_video_stats to 2025-12-14 14:00:00+00:00, run_after=2025-12-15 14:00:00+00:00
[2025-12-14T16:59:31.017+0000] {processor.py:183} INFO - Processing /opt/airflow/dags/main.py took 0.135 seconds
[2025-12-14T17:00:01.088+0000] {processor.py:161} INFO - Started process (PID=5470) to work on /opt/airflow/dags/main.py
[2025-12-14T17:00:01.089+0000] {processor.py:830} INFO - Processing file /opt/airflow/dags/main.py for tasks to queue
[2025-12-14T17:00:01.090+0000] {logging_mixin.py:188} INFO - [2025-12-14T17:00:01.090+0000] {dagbag.py:545} INFO - Filling up the DagBag from /opt/airflow/dags/main.py
[2025-12-14T17:00:01.175+0000] {processor.py:840} INFO - DAG(s) 'update_db', 'youtube_video_stats' retrieved from /opt/airflow/dags/main.py
[2025-12-14T17:00:01.202+0000] {logging_mixin.py:188} INFO - [2025-12-14T17:00:01.202+0000] {dag.py:3096} INFO - Sync 2 DAGs
[2025-12-14T17:00:01.221+0000] {logging_mixin.py:188} INFO - [2025-12-14T17:00:01.220+0000] {dag.py:3954} INFO - Setting next_dagrun for update_db to 2025-12-14 15:00:00+00:00, run_after=2025-12-15 15:00:00+00:00
[2025-12-14T17:00:01.225+0000] {logging_mixin.py:188} INFO - [2025-12-14T17:00:01.225+0000] {dag.py:3954} INFO - Setting next_dagrun for youtube_video_stats to 2025-12-14 14:00:00+00:00, run_after=2025-12-15 14:00:00+00:00
[2025-12-14T17:00:01.246+0000] {processor.py:183} INFO - Processing /opt/airflow/dags/main.py took 0.164 seconds
[2025-12-14T17:00:31.358+0000] {processor.py:161} INFO - Started process (PID=5477) to work on /opt/airflow/dags/main.py
[2025-12-14T17:00:31.359+0000] {processor.py:830} INFO - Processing file /opt/airflow/dags/main.py for tasks to queue
[2025-12-14T17:00:31.360+0000] {logging_mixin.py:188} INFO - [2025-12-14T17:00:31.360+0000] {dagbag.py:545} INFO - Filling up the DagBag from /opt/airflow/dags/main.py
[2025-12-14T17:00:31.442+0000] {processor.py:840} INFO - DAG(s) 'update_db', 'youtube_video_stats' retrieved from /opt/airflow/dags/main.py
[2025-12-14T17:00:31.476+0000] {logging_mixin.py:188} INFO - [2025-12-14T17:00:31.476+0000] {dag.py:3096} INFO - Sync 2 DAGs
[2025-12-14T17:00:31.499+0000] {logging_mixin.py:188} INFO - [2025-12-14T17:00:31.498+0000] {dag.py:3954} INFO - Setting next_dagrun for update_db to 2025-12-14 15:00:00+00:00, run_after=2025-12-15 15:00:00+00:00
[2025-12-14T17:00:31.504+0000] {logging_mixin.py:188} INFO - [2025-12-14T17:00:31.504+0000] {dag.py:3954} INFO - Setting next_dagrun for youtube_video_stats to 2025-12-14 14:00:00+00:00, run_after=2025-12-15 14:00:00+00:00
[2025-12-14T17:00:31.521+0000] {processor.py:183} INFO - Processing /opt/airflow/dags/main.py took 0.169 seconds
[2025-12-14T17:01:01.602+0000] {processor.py:161} INFO - Started process (PID=5484) to work on /opt/airflow/dags/main.py
[2025-12-14T17:01:01.603+0000] {processor.py:830} INFO - Processing file /opt/airflow/dags/main.py for tasks to queue
[2025-12-14T17:01:01.604+0000] {logging_mixin.py:188} INFO - [2025-12-14T17:01:01.604+0000] {dagbag.py:545} INFO - Filling up the DagBag from /opt/airflow/dags/main.py
[2025-12-14T17:01:01.707+0000] {processor.py:840} INFO - DAG(s) 'youtube_video_stats', 'update_db' retrieved from /opt/airflow/dags/main.py
[2025-12-14T17:01:01.740+0000] {logging_mixin.py:188} INFO - [2025-12-14T17:01:01.740+0000] {dag.py:3096} INFO - Sync 2 DAGs
[2025-12-14T17:01:01.764+0000] {logging_mixin.py:188} INFO - [2025-12-14T17:01:01.763+0000] {dag.py:3954} INFO - Setting next_dagrun for update_db to 2025-12-14 15:00:00+00:00, run_after=2025-12-15 15:00:00+00:00
[2025-12-14T17:01:01.769+0000] {logging_mixin.py:188} INFO - [2025-12-14T17:01:01.769+0000] {dag.py:3954} INFO - Setting next_dagrun for youtube_video_stats to 2025-12-14 14:00:00+00:00, run_after=2025-12-15 14:00:00+00:00
[2025-12-14T17:01:01.790+0000] {processor.py:183} INFO - Processing /opt/airflow/dags/main.py took 0.193 seconds
[2025-12-14T17:01:32.035+0000] {processor.py:161} INFO - Started process (PID=5491) to work on /opt/airflow/dags/main.py
[2025-12-14T17:01:32.036+0000] {processor.py:830} INFO - Processing file /opt/airflow/dags/main.py for tasks to queue
[2025-12-14T17:01:32.037+0000] {logging_mixin.py:188} INFO - [2025-12-14T17:01:32.037+0000] {dagbag.py:545} INFO - Filling up the DagBag from /opt/airflow/dags/main.py
[2025-12-14T17:01:32.151+0000] {processor.py:840} INFO - DAG(s) 'update_db', 'youtube_video_stats' retrieved from /opt/airflow/dags/main.py
[2025-12-14T17:01:32.197+0000] {logging_mixin.py:188} INFO - [2025-12-14T17:01:32.197+0000] {dag.py:3096} INFO - Sync 2 DAGs
[2025-12-14T17:01:32.227+0000] {logging_mixin.py:188} INFO - [2025-12-14T17:01:32.227+0000] {dag.py:3954} INFO - Setting next_dagrun for update_db to 2025-12-14 15:00:00+00:00, run_after=2025-12-15 15:00:00+00:00
[2025-12-14T17:01:32.234+0000] {logging_mixin.py:188} INFO - [2025-12-14T17:01:32.234+0000] {dag.py:3954} INFO - Setting next_dagrun for youtube_video_stats to 2025-12-14 14:00:00+00:00, run_after=2025-12-15 14:00:00+00:00
[2025-12-14T17:01:32.259+0000] {processor.py:183} INFO - Processing /opt/airflow/dags/main.py took 0.234 seconds
[2025-12-14T17:02:02.332+0000] {processor.py:161} INFO - Started process (PID=5498) to work on /opt/airflow/dags/main.py
[2025-12-14T17:02:02.334+0000] {processor.py:830} INFO - Processing file /opt/airflow/dags/main.py for tasks to queue
[2025-12-14T17:02:02.337+0000] {logging_mixin.py:188} INFO - [2025-12-14T17:02:02.335+0000] {dagbag.py:545} INFO - Filling up the DagBag from /opt/airflow/dags/main.py
[2025-12-14T17:02:02.530+0000] {processor.py:840} INFO - DAG(s) 'youtube_video_stats', 'update_db' retrieved from /opt/airflow/dags/main.py
[2025-12-14T17:02:02.687+0000] {logging_mixin.py:188} INFO - [2025-12-14T17:02:02.687+0000] {dag.py:3096} INFO - Sync 2 DAGs
[2025-12-14T17:02:02.730+0000] {logging_mixin.py:188} INFO - [2025-12-14T17:02:02.730+0000] {dag.py:3954} INFO - Setting next_dagrun for update_db to 2025-12-14 15:00:00+00:00, run_after=2025-12-15 15:00:00+00:00
[2025-12-14T17:02:02.742+0000] {logging_mixin.py:188} INFO - [2025-12-14T17:02:02.742+0000] {dag.py:3954} INFO - Setting next_dagrun for youtube_video_stats to 2025-12-14 14:00:00+00:00, run_after=2025-12-15 14:00:00+00:00
[2025-12-14T17:02:02.789+0000] {processor.py:183} INFO - Processing /opt/airflow/dags/main.py took 0.471 seconds
[2025-12-14T17:02:33.020+0000] {processor.py:161} INFO - Started process (PID=5505) to work on /opt/airflow/dags/main.py
[2025-12-14T17:02:33.022+0000] {processor.py:830} INFO - Processing file /opt/airflow/dags/main.py for tasks to queue
[2025-12-14T17:02:33.023+0000] {logging_mixin.py:188} INFO - [2025-12-14T17:02:33.023+0000] {dagbag.py:545} INFO - Filling up the DagBag from /opt/airflow/dags/main.py
[2025-12-14T17:02:33.166+0000] {processor.py:840} INFO - DAG(s) 'update_db', 'youtube_video_stats' retrieved from /opt/airflow/dags/main.py
[2025-12-14T17:02:33.213+0000] {logging_mixin.py:188} INFO - [2025-12-14T17:02:33.213+0000] {dag.py:3096} INFO - Sync 2 DAGs
[2025-12-14T17:02:33.254+0000] {logging_mixin.py:188} INFO - [2025-12-14T17:02:33.254+0000] {dag.py:3954} INFO - Setting next_dagrun for update_db to 2025-12-14 15:00:00+00:00, run_after=2025-12-15 15:00:00+00:00
[2025-12-14T17:02:33.263+0000] {logging_mixin.py:188} INFO - [2025-12-14T17:02:33.263+0000] {dag.py:3954} INFO - Setting next_dagrun for youtube_video_stats to 2025-12-14 14:00:00+00:00, run_after=2025-12-15 14:00:00+00:00
[2025-12-14T17:02:33.298+0000] {processor.py:183} INFO - Processing /opt/airflow/dags/main.py took 0.288 seconds
[2025-12-14T17:03:03.926+0000] {processor.py:161} INFO - Started process (PID=5512) to work on /opt/airflow/dags/main.py
[2025-12-14T17:03:03.927+0000] {processor.py:830} INFO - Processing file /opt/airflow/dags/main.py for tasks to queue
[2025-12-14T17:03:03.929+0000] {logging_mixin.py:188} INFO - [2025-12-14T17:03:03.928+0000] {dagbag.py:545} INFO - Filling up the DagBag from /opt/airflow/dags/main.py
[2025-12-14T17:03:04.262+0000] {processor.py:840} INFO - DAG(s) 'update_db', 'youtube_video_stats' retrieved from /opt/airflow/dags/main.py
[2025-12-14T17:03:04.312+0000] {logging_mixin.py:188} INFO - [2025-12-14T17:03:04.312+0000] {dag.py:3096} INFO - Sync 2 DAGs
[2025-12-14T17:03:04.355+0000] {logging_mixin.py:188} INFO - [2025-12-14T17:03:04.355+0000] {dag.py:3954} INFO - Setting next_dagrun for update_db to 2025-12-14 15:00:00+00:00, run_after=2025-12-15 15:00:00+00:00
[2025-12-14T17:03:04.366+0000] {logging_mixin.py:188} INFO - [2025-12-14T17:03:04.366+0000] {dag.py:3954} INFO - Setting next_dagrun for youtube_video_stats to 2025-12-14 14:00:00+00:00, run_after=2025-12-15 14:00:00+00:00
[2025-12-14T17:03:04.401+0000] {processor.py:183} INFO - Processing /opt/airflow/dags/main.py took 0.483 seconds
[2025-12-14T17:03:36.631+0000] {processor.py:161} INFO - Started process (PID=5519) to work on /opt/airflow/dags/main.py
[2025-12-14T17:03:37.021+0000] {processor.py:830} INFO - Processing file /opt/airflow/dags/main.py for tasks to queue
[2025-12-14T17:03:37.024+0000] {logging_mixin.py:188} INFO - [2025-12-14T17:03:37.023+0000] {dagbag.py:545} INFO - Filling up the DagBag from /opt/airflow/dags/main.py
[2025-12-14T17:03:38.789+0000] {processor.py:840} INFO - DAG(s) 'youtube_video_stats', 'update_db' retrieved from /opt/airflow/dags/main.py
[2025-12-14T17:03:39.303+0000] {logging_mixin.py:188} INFO - [2025-12-14T17:03:39.303+0000] {dag.py:3096} INFO - Sync 2 DAGs
[2025-12-14T17:03:39.343+0000] {logging_mixin.py:188} INFO - [2025-12-14T17:03:39.342+0000] {dag.py:3954} INFO - Setting next_dagrun for update_db to 2025-12-14 15:00:00+00:00, run_after=2025-12-15 15:00:00+00:00
[2025-12-14T17:03:39.350+0000] {logging_mixin.py:188} INFO - [2025-12-14T17:03:39.350+0000] {dag.py:3954} INFO - Setting next_dagrun for youtube_video_stats to 2025-12-14 14:00:00+00:00, run_after=2025-12-15 14:00:00+00:00
[2025-12-14T17:03:40.799+0000] {processor.py:183} INFO - Processing /opt/airflow/dags/main.py took 4.174 seconds
[2025-12-14T17:04:11.641+0000] {processor.py:161} INFO - Started process (PID=5532) to work on /opt/airflow/dags/main.py
[2025-12-14T17:04:11.642+0000] {processor.py:830} INFO - Processing file /opt/airflow/dags/main.py for tasks to queue
[2025-12-14T17:04:11.643+0000] {logging_mixin.py:188} INFO - [2025-12-14T17:04:11.643+0000] {dagbag.py:545} INFO - Filling up the DagBag from /opt/airflow/dags/main.py
[2025-12-14T17:04:11.713+0000] {processor.py:840} INFO - DAG(s) 'youtube_video_stats', 'update_db' retrieved from /opt/airflow/dags/main.py
[2025-12-14T17:04:11.740+0000] {logging_mixin.py:188} INFO - [2025-12-14T17:04:11.740+0000] {dag.py:3096} INFO - Sync 2 DAGs
[2025-12-14T17:04:11.761+0000] {logging_mixin.py:188} INFO - [2025-12-14T17:04:11.760+0000] {dag.py:3954} INFO - Setting next_dagrun for update_db to 2025-12-14 15:00:00+00:00, run_after=2025-12-15 15:00:00+00:00
[2025-12-14T17:04:11.765+0000] {logging_mixin.py:188} INFO - [2025-12-14T17:04:11.765+0000] {dag.py:3954} INFO - Setting next_dagrun for youtube_video_stats to 2025-12-14 14:00:00+00:00, run_after=2025-12-15 14:00:00+00:00
[2025-12-14T17:04:11.785+0000] {processor.py:183} INFO - Processing /opt/airflow/dags/main.py took 0.149 seconds
[2025-12-14T17:04:41.841+0000] {processor.py:161} INFO - Started process (PID=5539) to work on /opt/airflow/dags/main.py
[2025-12-14T17:04:41.842+0000] {processor.py:830} INFO - Processing file /opt/airflow/dags/main.py for tasks to queue
[2025-12-14T17:04:41.843+0000] {logging_mixin.py:188} INFO - [2025-12-14T17:04:41.843+0000] {dagbag.py:545} INFO - Filling up the DagBag from /opt/airflow/dags/main.py
[2025-12-14T17:04:42.027+0000] {processor.py:840} INFO - DAG(s) 'youtube_video_stats', 'update_db' retrieved from /opt/airflow/dags/main.py
[2025-12-14T17:04:42.153+0000] {logging_mixin.py:188} INFO - [2025-12-14T17:04:42.152+0000] {dag.py:3096} INFO - Sync 2 DAGs
[2025-12-14T17:04:42.189+0000] {logging_mixin.py:188} INFO - [2025-12-14T17:04:42.188+0000] {dag.py:3954} INFO - Setting next_dagrun for update_db to 2025-12-14 15:00:00+00:00, run_after=2025-12-15 15:00:00+00:00
[2025-12-14T17:04:42.202+0000] {logging_mixin.py:188} INFO - [2025-12-14T17:04:42.201+0000] {dag.py:3954} INFO - Setting next_dagrun for youtube_video_stats to 2025-12-14 14:00:00+00:00, run_after=2025-12-15 14:00:00+00:00
[2025-12-14T17:04:42.242+0000] {processor.py:183} INFO - Processing /opt/airflow/dags/main.py took 0.408 seconds
[2025-12-14T17:05:12.451+0000] {processor.py:161} INFO - Started process (PID=5546) to work on /opt/airflow/dags/main.py
[2025-12-14T17:05:12.452+0000] {processor.py:830} INFO - Processing file /opt/airflow/dags/main.py for tasks to queue
[2025-12-14T17:05:12.453+0000] {logging_mixin.py:188} INFO - [2025-12-14T17:05:12.453+0000] {dagbag.py:545} INFO - Filling up the DagBag from /opt/airflow/dags/main.py
[2025-12-14T17:05:12.522+0000] {processor.py:840} INFO - DAG(s) 'youtube_video_stats', 'update_db' retrieved from /opt/airflow/dags/main.py
[2025-12-14T17:05:12.549+0000] {logging_mixin.py:188} INFO - [2025-12-14T17:05:12.548+0000] {dag.py:3096} INFO - Sync 2 DAGs
[2025-12-14T17:05:12.567+0000] {logging_mixin.py:188} INFO - [2025-12-14T17:05:12.567+0000] {dag.py:3954} INFO - Setting next_dagrun for update_db to 2025-12-14 15:00:00+00:00, run_after=2025-12-15 15:00:00+00:00
[2025-12-14T17:05:12.571+0000] {logging_mixin.py:188} INFO - [2025-12-14T17:05:12.571+0000] {dag.py:3954} INFO - Setting next_dagrun for youtube_video_stats to 2025-12-14 14:00:00+00:00, run_after=2025-12-15 14:00:00+00:00
[2025-12-14T17:05:12.588+0000] {processor.py:183} INFO - Processing /opt/airflow/dags/main.py took 0.143 seconds
[2025-12-14T17:05:42.759+0000] {processor.py:161} INFO - Started process (PID=5553) to work on /opt/airflow/dags/main.py
[2025-12-14T17:05:42.760+0000] {processor.py:830} INFO - Processing file /opt/airflow/dags/main.py for tasks to queue
[2025-12-14T17:05:42.761+0000] {logging_mixin.py:188} INFO - [2025-12-14T17:05:42.761+0000] {dagbag.py:545} INFO - Filling up the DagBag from /opt/airflow/dags/main.py
[2025-12-14T17:05:42.841+0000] {processor.py:840} INFO - DAG(s) 'update_db', 'youtube_video_stats' retrieved from /opt/airflow/dags/main.py
[2025-12-14T17:05:42.866+0000] {logging_mixin.py:188} INFO - [2025-12-14T17:05:42.866+0000] {dag.py:3096} INFO - Sync 2 DAGs
[2025-12-14T17:05:42.886+0000] {logging_mixin.py:188} INFO - [2025-12-14T17:05:42.885+0000] {dag.py:3954} INFO - Setting next_dagrun for update_db to 2025-12-14 15:00:00+00:00, run_after=2025-12-15 15:00:00+00:00
[2025-12-14T17:05:42.890+0000] {logging_mixin.py:188} INFO - [2025-12-14T17:05:42.890+0000] {dag.py:3954} INFO - Setting next_dagrun for youtube_video_stats to 2025-12-14 14:00:00+00:00, run_after=2025-12-15 14:00:00+00:00
[2025-12-14T17:05:42.907+0000] {processor.py:183} INFO - Processing /opt/airflow/dags/main.py took 0.242 seconds
[2025-12-14T17:06:13.041+0000] {processor.py:161} INFO - Started process (PID=5560) to work on /opt/airflow/dags/main.py
[2025-12-14T17:06:13.042+0000] {processor.py:830} INFO - Processing file /opt/airflow/dags/main.py for tasks to queue
[2025-12-14T17:06:13.043+0000] {logging_mixin.py:188} INFO - [2025-12-14T17:06:13.043+0000] {dagbag.py:545} INFO - Filling up the DagBag from /opt/airflow/dags/main.py
[2025-12-14T17:06:13.114+0000] {processor.py:840} INFO - DAG(s) 'youtube_video_stats', 'update_db' retrieved from /opt/airflow/dags/main.py
[2025-12-14T17:06:13.143+0000] {logging_mixin.py:188} INFO - [2025-12-14T17:06:13.143+0000] {dag.py:3096} INFO - Sync 2 DAGs
[2025-12-14T17:06:13.164+0000] {logging_mixin.py:188} INFO - [2025-12-14T17:06:13.164+0000] {dag.py:3954} INFO - Setting next_dagrun for update_db to 2025-12-14 15:00:00+00:00, run_after=2025-12-15 15:00:00+00:00
[2025-12-14T17:06:13.171+0000] {logging_mixin.py:188} INFO - [2025-12-14T17:06:13.171+0000] {dag.py:3954} INFO - Setting next_dagrun for youtube_video_stats to 2025-12-14 14:00:00+00:00, run_after=2025-12-15 14:00:00+00:00
[2025-12-14T17:06:13.191+0000] {processor.py:183} INFO - Processing /opt/airflow/dags/main.py took 0.155 seconds
[2025-12-14T17:06:43.361+0000] {processor.py:161} INFO - Started process (PID=5567) to work on /opt/airflow/dags/main.py
[2025-12-14T17:06:43.362+0000] {processor.py:830} INFO - Processing file /opt/airflow/dags/main.py for tasks to queue
[2025-12-14T17:06:43.363+0000] {logging_mixin.py:188} INFO - [2025-12-14T17:06:43.363+0000] {dagbag.py:545} INFO - Filling up the DagBag from /opt/airflow/dags/main.py
[2025-12-14T17:06:43.434+0000] {processor.py:840} INFO - DAG(s) 'update_db', 'youtube_video_stats' retrieved from /opt/airflow/dags/main.py
[2025-12-14T17:06:43.459+0000] {logging_mixin.py:188} INFO - [2025-12-14T17:06:43.459+0000] {dag.py:3096} INFO - Sync 2 DAGs
[2025-12-14T17:06:43.479+0000] {logging_mixin.py:188} INFO - [2025-12-14T17:06:43.479+0000] {dag.py:3954} INFO - Setting next_dagrun for update_db to 2025-12-14 15:00:00+00:00, run_after=2025-12-15 15:00:00+00:00
[2025-12-14T17:06:43.483+0000] {logging_mixin.py:188} INFO - [2025-12-14T17:06:43.483+0000] {dag.py:3954} INFO - Setting next_dagrun for youtube_video_stats to 2025-12-14 14:00:00+00:00, run_after=2025-12-15 14:00:00+00:00
[2025-12-14T17:06:43.498+0000] {processor.py:183} INFO - Processing /opt/airflow/dags/main.py took 0.142 seconds
[2025-12-14T17:07:13.612+0000] {processor.py:161} INFO - Started process (PID=5574) to work on /opt/airflow/dags/main.py
[2025-12-14T17:07:13.613+0000] {processor.py:830} INFO - Processing file /opt/airflow/dags/main.py for tasks to queue
[2025-12-14T17:07:13.615+0000] {logging_mixin.py:188} INFO - [2025-12-14T17:07:13.615+0000] {dagbag.py:545} INFO - Filling up the DagBag from /opt/airflow/dags/main.py
[2025-12-14T17:07:13.778+0000] {processor.py:840} INFO - DAG(s) 'youtube_video_stats', 'update_db' retrieved from /opt/airflow/dags/main.py
[2025-12-14T17:07:13.814+0000] {logging_mixin.py:188} INFO - [2025-12-14T17:07:13.813+0000] {dag.py:3096} INFO - Sync 2 DAGs
[2025-12-14T17:07:13.840+0000] {logging_mixin.py:188} INFO - [2025-12-14T17:07:13.840+0000] {dag.py:3954} INFO - Setting next_dagrun for update_db to 2025-12-14 15:00:00+00:00, run_after=2025-12-15 15:00:00+00:00
[2025-12-14T17:07:13.846+0000] {logging_mixin.py:188} INFO - [2025-12-14T17:07:13.846+0000] {dag.py:3954} INFO - Setting next_dagrun for youtube_video_stats to 2025-12-14 14:00:00+00:00, run_after=2025-12-15 14:00:00+00:00
[2025-12-14T17:07:13.867+0000] {processor.py:183} INFO - Processing /opt/airflow/dags/main.py took 0.263 seconds
[2025-12-14T17:07:44.071+0000] {processor.py:161} INFO - Started process (PID=5582) to work on /opt/airflow/dags/main.py
[2025-12-14T17:07:44.072+0000] {processor.py:830} INFO - Processing file /opt/airflow/dags/main.py for tasks to queue
[2025-12-14T17:07:44.073+0000] {logging_mixin.py:188} INFO - [2025-12-14T17:07:44.072+0000] {dagbag.py:545} INFO - Filling up the DagBag from /opt/airflow/dags/main.py
[2025-12-14T17:07:44.142+0000] {processor.py:840} INFO - DAG(s) 'youtube_video_stats', 'update_db' retrieved from /opt/airflow/dags/main.py
[2025-12-14T17:07:44.168+0000] {logging_mixin.py:188} INFO - [2025-12-14T17:07:44.167+0000] {dag.py:3096} INFO - Sync 2 DAGs
[2025-12-14T17:07:44.186+0000] {logging_mixin.py:188} INFO - [2025-12-14T17:07:44.185+0000] {dag.py:3954} INFO - Setting next_dagrun for update_db to 2025-12-14 15:00:00+00:00, run_after=2025-12-15 15:00:00+00:00
[2025-12-14T17:07:44.191+0000] {logging_mixin.py:188} INFO - [2025-12-14T17:07:44.191+0000] {dag.py:3954} INFO - Setting next_dagrun for youtube_video_stats to 2025-12-14 14:00:00+00:00, run_after=2025-12-15 14:00:00+00:00
[2025-12-14T17:07:44.208+0000] {processor.py:183} INFO - Processing /opt/airflow/dags/main.py took 0.143 seconds
[2025-12-14T17:08:14.270+0000] {processor.py:161} INFO - Started process (PID=5590) to work on /opt/airflow/dags/main.py
[2025-12-14T17:08:14.271+0000] {processor.py:830} INFO - Processing file /opt/airflow/dags/main.py for tasks to queue
[2025-12-14T17:08:14.272+0000] {logging_mixin.py:188} INFO - [2025-12-14T17:08:14.272+0000] {dagbag.py:545} INFO - Filling up the DagBag from /opt/airflow/dags/main.py
[2025-12-14T17:08:14.333+0000] {processor.py:840} INFO - DAG(s) 'update_db', 'youtube_video_stats' retrieved from /opt/airflow/dags/main.py
[2025-12-14T17:08:14.358+0000] {logging_mixin.py:188} INFO - [2025-12-14T17:08:14.358+0000] {dag.py:3096} INFO - Sync 2 DAGs
[2025-12-14T17:08:14.376+0000] {logging_mixin.py:188} INFO - [2025-12-14T17:08:14.375+0000] {dag.py:3954} INFO - Setting next_dagrun for update_db to 2025-12-14 15:00:00+00:00, run_after=2025-12-15 15:00:00+00:00
[2025-12-14T17:08:14.380+0000] {logging_mixin.py:188} INFO - [2025-12-14T17:08:14.380+0000] {dag.py:3954} INFO - Setting next_dagrun for youtube_video_stats to 2025-12-14 14:00:00+00:00, run_after=2025-12-15 14:00:00+00:00
[2025-12-14T17:08:14.399+0000] {processor.py:183} INFO - Processing /opt/airflow/dags/main.py took 0.134 seconds
[2025-12-14T17:08:44.583+0000] {processor.py:161} INFO - Started process (PID=5597) to work on /opt/airflow/dags/main.py
[2025-12-14T17:08:44.584+0000] {processor.py:830} INFO - Processing file /opt/airflow/dags/main.py for tasks to queue
[2025-12-14T17:08:44.585+0000] {logging_mixin.py:188} INFO - [2025-12-14T17:08:44.585+0000] {dagbag.py:545} INFO - Filling up the DagBag from /opt/airflow/dags/main.py
[2025-12-14T17:08:44.655+0000] {processor.py:840} INFO - DAG(s) 'youtube_video_stats', 'update_db' retrieved from /opt/airflow/dags/main.py
[2025-12-14T17:08:44.691+0000] {logging_mixin.py:188} INFO - [2025-12-14T17:08:44.691+0000] {dag.py:3096} INFO - Sync 2 DAGs
[2025-12-14T17:08:44.709+0000] {logging_mixin.py:188} INFO - [2025-12-14T17:08:44.708+0000] {dag.py:3954} INFO - Setting next_dagrun for update_db to 2025-12-14 15:00:00+00:00, run_after=2025-12-15 15:00:00+00:00
[2025-12-14T17:08:44.713+0000] {logging_mixin.py:188} INFO - [2025-12-14T17:08:44.713+0000] {dag.py:3954} INFO - Setting next_dagrun for youtube_video_stats to 2025-12-14 14:00:00+00:00, run_after=2025-12-15 14:00:00+00:00
[2025-12-14T17:08:44.727+0000] {processor.py:183} INFO - Processing /opt/airflow/dags/main.py took 0.148 seconds
[2025-12-14T17:09:14.793+0000] {processor.py:161} INFO - Started process (PID=5604) to work on /opt/airflow/dags/main.py
[2025-12-14T17:09:14.794+0000] {processor.py:830} INFO - Processing file /opt/airflow/dags/main.py for tasks to queue
[2025-12-14T17:09:14.795+0000] {logging_mixin.py:188} INFO - [2025-12-14T17:09:14.795+0000] {dagbag.py:545} INFO - Filling up the DagBag from /opt/airflow/dags/main.py
[2025-12-14T17:09:14.864+0000] {processor.py:840} INFO - DAG(s) 'update_db', 'youtube_video_stats' retrieved from /opt/airflow/dags/main.py
[2025-12-14T17:09:14.907+0000] {logging_mixin.py:188} INFO - [2025-12-14T17:09:14.907+0000] {dag.py:3096} INFO - Sync 2 DAGs
[2025-12-14T17:09:14.944+0000] {logging_mixin.py:188} INFO - [2025-12-14T17:09:14.943+0000] {dag.py:3954} INFO - Setting next_dagrun for update_db to 2025-12-14 15:00:00+00:00, run_after=2025-12-15 15:00:00+00:00
[2025-12-14T17:09:14.950+0000] {logging_mixin.py:188} INFO - [2025-12-14T17:09:14.950+0000] {dag.py:3954} INFO - Setting next_dagrun for youtube_video_stats to 2025-12-14 14:00:00+00:00, run_after=2025-12-15 14:00:00+00:00
[2025-12-14T17:09:14.973+0000] {processor.py:183} INFO - Processing /opt/airflow/dags/main.py took 0.186 seconds
[2025-12-14T17:09:45.097+0000] {processor.py:161} INFO - Started process (PID=5611) to work on /opt/airflow/dags/main.py
[2025-12-14T17:09:45.098+0000] {processor.py:830} INFO - Processing file /opt/airflow/dags/main.py for tasks to queue
[2025-12-14T17:09:45.099+0000] {logging_mixin.py:188} INFO - [2025-12-14T17:09:45.099+0000] {dagbag.py:545} INFO - Filling up the DagBag from /opt/airflow/dags/main.py
[2025-12-14T17:09:45.171+0000] {processor.py:840} INFO - DAG(s) 'youtube_video_stats', 'update_db' retrieved from /opt/airflow/dags/main.py
[2025-12-14T17:09:45.196+0000] {logging_mixin.py:188} INFO - [2025-12-14T17:09:45.196+0000] {dag.py:3096} INFO - Sync 2 DAGs
[2025-12-14T17:09:45.214+0000] {logging_mixin.py:188} INFO - [2025-12-14T17:09:45.214+0000] {dag.py:3954} INFO - Setting next_dagrun for update_db to 2025-12-14 15:00:00+00:00, run_after=2025-12-15 15:00:00+00:00
[2025-12-14T17:09:45.218+0000] {logging_mixin.py:188} INFO - [2025-12-14T17:09:45.218+0000] {dag.py:3954} INFO - Setting next_dagrun for youtube_video_stats to 2025-12-14 14:00:00+00:00, run_after=2025-12-15 14:00:00+00:00
[2025-12-14T17:09:45.233+0000] {processor.py:183} INFO - Processing /opt/airflow/dags/main.py took 0.141 seconds
[2025-12-14T17:10:15.355+0000] {processor.py:161} INFO - Started process (PID=5618) to work on /opt/airflow/dags/main.py
[2025-12-14T17:10:15.356+0000] {processor.py:830} INFO - Processing file /opt/airflow/dags/main.py for tasks to queue
[2025-12-14T17:10:15.357+0000] {logging_mixin.py:188} INFO - [2025-12-14T17:10:15.357+0000] {dagbag.py:545} INFO - Filling up the DagBag from /opt/airflow/dags/main.py
[2025-12-14T17:10:15.423+0000] {processor.py:840} INFO - DAG(s) 'youtube_video_stats', 'update_db' retrieved from /opt/airflow/dags/main.py
[2025-12-14T17:10:15.448+0000] {logging_mixin.py:188} INFO - [2025-12-14T17:10:15.447+0000] {dag.py:3096} INFO - Sync 2 DAGs
[2025-12-14T17:10:15.470+0000] {logging_mixin.py:188} INFO - [2025-12-14T17:10:15.470+0000] {dag.py:3954} INFO - Setting next_dagrun for update_db to 2025-12-14 15:00:00+00:00, run_after=2025-12-15 15:00:00+00:00
[2025-12-14T17:10:15.475+0000] {logging_mixin.py:188} INFO - [2025-12-14T17:10:15.475+0000] {dag.py:3954} INFO - Setting next_dagrun for youtube_video_stats to 2025-12-14 14:00:00+00:00, run_after=2025-12-15 14:00:00+00:00
[2025-12-14T17:10:15.489+0000] {processor.py:183} INFO - Processing /opt/airflow/dags/main.py took 0.140 seconds
[2025-12-14T17:10:45.627+0000] {processor.py:161} INFO - Started process (PID=5625) to work on /opt/airflow/dags/main.py
[2025-12-14T17:10:45.628+0000] {processor.py:830} INFO - Processing file /opt/airflow/dags/main.py for tasks to queue
[2025-12-14T17:10:45.629+0000] {logging_mixin.py:188} INFO - [2025-12-14T17:10:45.629+0000] {dagbag.py:545} INFO - Filling up the DagBag from /opt/airflow/dags/main.py
[2025-12-14T17:10:45.698+0000] {processor.py:840} INFO - DAG(s) 'update_db', 'youtube_video_stats' retrieved from /opt/airflow/dags/main.py
[2025-12-14T17:10:45.724+0000] {logging_mixin.py:188} INFO - [2025-12-14T17:10:45.723+0000] {dag.py:3096} INFO - Sync 2 DAGs
[2025-12-14T17:10:45.742+0000] {logging_mixin.py:188} INFO - [2025-12-14T17:10:45.742+0000] {dag.py:3954} INFO - Setting next_dagrun for update_db to 2025-12-14 15:00:00+00:00, run_after=2025-12-15 15:00:00+00:00
[2025-12-14T17:10:45.746+0000] {logging_mixin.py:188} INFO - [2025-12-14T17:10:45.746+0000] {dag.py:3954} INFO - Setting next_dagrun for youtube_video_stats to 2025-12-14 14:00:00+00:00, run_after=2025-12-15 14:00:00+00:00
[2025-12-14T17:10:45.763+0000] {processor.py:183} INFO - Processing /opt/airflow/dags/main.py took 0.141 seconds
[2025-12-14T17:11:15.876+0000] {processor.py:161} INFO - Started process (PID=5632) to work on /opt/airflow/dags/main.py
[2025-12-14T17:11:15.877+0000] {processor.py:830} INFO - Processing file /opt/airflow/dags/main.py for tasks to queue
[2025-12-14T17:11:15.878+0000] {logging_mixin.py:188} INFO - [2025-12-14T17:11:15.877+0000] {dagbag.py:545} INFO - Filling up the DagBag from /opt/airflow/dags/main.py
[2025-12-14T17:11:15.944+0000] {processor.py:840} INFO - DAG(s) 'youtube_video_stats', 'update_db' retrieved from /opt/airflow/dags/main.py
[2025-12-14T17:11:15.972+0000] {logging_mixin.py:188} INFO - [2025-12-14T17:11:15.971+0000] {dag.py:3096} INFO - Sync 2 DAGs
[2025-12-14T17:11:15.990+0000] {logging_mixin.py:188} INFO - [2025-12-14T17:11:15.989+0000] {dag.py:3954} INFO - Setting next_dagrun for update_db to 2025-12-14 15:00:00+00:00, run_after=2025-12-15 15:00:00+00:00
[2025-12-14T17:11:15.994+0000] {logging_mixin.py:188} INFO - [2025-12-14T17:11:15.994+0000] {dag.py:3954} INFO - Setting next_dagrun for youtube_video_stats to 2025-12-14 14:00:00+00:00, run_after=2025-12-15 14:00:00+00:00
[2025-12-14T17:11:16.009+0000] {processor.py:183} INFO - Processing /opt/airflow/dags/main.py took 0.138 seconds
[2025-12-14T17:11:46.291+0000] {processor.py:161} INFO - Started process (PID=5639) to work on /opt/airflow/dags/main.py
[2025-12-14T17:11:46.292+0000] {processor.py:830} INFO - Processing file /opt/airflow/dags/main.py for tasks to queue
[2025-12-14T17:11:46.293+0000] {logging_mixin.py:188} INFO - [2025-12-14T17:11:46.293+0000] {dagbag.py:545} INFO - Filling up the DagBag from /opt/airflow/dags/main.py
[2025-12-14T17:11:46.380+0000] {processor.py:840} INFO - DAG(s) 'youtube_video_stats', 'update_db' retrieved from /opt/airflow/dags/main.py
[2025-12-14T17:11:46.409+0000] {logging_mixin.py:188} INFO - [2025-12-14T17:11:46.409+0000] {dag.py:3096} INFO - Sync 2 DAGs
[2025-12-14T17:11:46.430+0000] {logging_mixin.py:188} INFO - [2025-12-14T17:11:46.430+0000] {dag.py:3954} INFO - Setting next_dagrun for update_db to 2025-12-14 15:00:00+00:00, run_after=2025-12-15 15:00:00+00:00
[2025-12-14T17:11:46.435+0000] {logging_mixin.py:188} INFO - [2025-12-14T17:11:46.435+0000] {dag.py:3954} INFO - Setting next_dagrun for youtube_video_stats to 2025-12-14 14:00:00+00:00, run_after=2025-12-15 14:00:00+00:00
[2025-12-14T17:11:46.452+0000] {processor.py:183} INFO - Processing /opt/airflow/dags/main.py took 0.165 seconds
[2025-12-14T17:12:16.528+0000] {processor.py:161} INFO - Started process (PID=5646) to work on /opt/airflow/dags/main.py
[2025-12-14T17:12:16.529+0000] {processor.py:830} INFO - Processing file /opt/airflow/dags/main.py for tasks to queue
[2025-12-14T17:12:16.530+0000] {logging_mixin.py:188} INFO - [2025-12-14T17:12:16.530+0000] {dagbag.py:545} INFO - Filling up the DagBag from /opt/airflow/dags/main.py
[2025-12-14T17:12:16.600+0000] {processor.py:840} INFO - DAG(s) 'youtube_video_stats', 'update_db' retrieved from /opt/airflow/dags/main.py
[2025-12-14T17:12:16.625+0000] {logging_mixin.py:188} INFO - [2025-12-14T17:12:16.625+0000] {dag.py:3096} INFO - Sync 2 DAGs
[2025-12-14T17:12:16.642+0000] {logging_mixin.py:188} INFO - [2025-12-14T17:12:16.642+0000] {dag.py:3954} INFO - Setting next_dagrun for update_db to 2025-12-14 15:00:00+00:00, run_after=2025-12-15 15:00:00+00:00
[2025-12-14T17:12:16.648+0000] {logging_mixin.py:188} INFO - [2025-12-14T17:12:16.648+0000] {dag.py:3954} INFO - Setting next_dagrun for youtube_video_stats to 2025-12-14 14:00:00+00:00, run_after=2025-12-15 14:00:00+00:00
[2025-12-14T17:12:16.667+0000] {processor.py:183} INFO - Processing /opt/airflow/dags/main.py took 0.144 seconds
[2025-12-14T17:12:46.939+0000] {processor.py:161} INFO - Started process (PID=5653) to work on /opt/airflow/dags/main.py
[2025-12-14T17:12:46.940+0000] {processor.py:830} INFO - Processing file /opt/airflow/dags/main.py for tasks to queue
[2025-12-14T17:12:46.941+0000] {logging_mixin.py:188} INFO - [2025-12-14T17:12:46.941+0000] {dagbag.py:545} INFO - Filling up the DagBag from /opt/airflow/dags/main.py
[2025-12-14T17:12:47.009+0000] {processor.py:840} INFO - DAG(s) 'update_db', 'youtube_video_stats' retrieved from /opt/airflow/dags/main.py
[2025-12-14T17:12:47.034+0000] {logging_mixin.py:188} INFO - [2025-12-14T17:12:47.034+0000] {dag.py:3096} INFO - Sync 2 DAGs
[2025-12-14T17:12:47.052+0000] {logging_mixin.py:188} INFO - [2025-12-14T17:12:47.052+0000] {dag.py:3954} INFO - Setting next_dagrun for update_db to 2025-12-14 15:00:00+00:00, run_after=2025-12-15 15:00:00+00:00
[2025-12-14T17:12:47.056+0000] {logging_mixin.py:188} INFO - [2025-12-14T17:12:47.056+0000] {dag.py:3954} INFO - Setting next_dagrun for youtube_video_stats to 2025-12-14 14:00:00+00:00, run_after=2025-12-15 14:00:00+00:00
[2025-12-14T17:12:47.071+0000] {processor.py:183} INFO - Processing /opt/airflow/dags/main.py took 0.136 seconds
[2025-12-14T17:13:17.180+0000] {processor.py:161} INFO - Started process (PID=5660) to work on /opt/airflow/dags/main.py
[2025-12-14T17:13:17.181+0000] {processor.py:830} INFO - Processing file /opt/airflow/dags/main.py for tasks to queue
[2025-12-14T17:13:17.182+0000] {logging_mixin.py:188} INFO - [2025-12-14T17:13:17.182+0000] {dagbag.py:545} INFO - Filling up the DagBag from /opt/airflow/dags/main.py
[2025-12-14T17:13:17.253+0000] {processor.py:840} INFO - DAG(s) 'youtube_video_stats', 'update_db' retrieved from /opt/airflow/dags/main.py
[2025-12-14T17:13:17.278+0000] {logging_mixin.py:188} INFO - [2025-12-14T17:13:17.277+0000] {dag.py:3096} INFO - Sync 2 DAGs
[2025-12-14T17:13:17.296+0000] {logging_mixin.py:188} INFO - [2025-12-14T17:13:17.295+0000] {dag.py:3954} INFO - Setting next_dagrun for update_db to 2025-12-14 15:00:00+00:00, run_after=2025-12-15 15:00:00+00:00
[2025-12-14T17:13:17.300+0000] {logging_mixin.py:188} INFO - [2025-12-14T17:13:17.300+0000] {dag.py:3954} INFO - Setting next_dagrun for youtube_video_stats to 2025-12-14 14:00:00+00:00, run_after=2025-12-15 14:00:00+00:00
[2025-12-14T17:13:17.317+0000] {processor.py:183} INFO - Processing /opt/airflow/dags/main.py took 0.142 seconds
[2025-12-14T17:13:47.478+0000] {processor.py:161} INFO - Started process (PID=5667) to work on /opt/airflow/dags/main.py
[2025-12-14T17:13:47.478+0000] {processor.py:830} INFO - Processing file /opt/airflow/dags/main.py for tasks to queue
[2025-12-14T17:13:47.479+0000] {logging_mixin.py:188} INFO - [2025-12-14T17:13:47.479+0000] {dagbag.py:545} INFO - Filling up the DagBag from /opt/airflow/dags/main.py
[2025-12-14T17:13:47.549+0000] {processor.py:840} INFO - DAG(s) 'youtube_video_stats', 'update_db' retrieved from /opt/airflow/dags/main.py
[2025-12-14T17:13:47.576+0000] {logging_mixin.py:188} INFO - [2025-12-14T17:13:47.575+0000] {dag.py:3096} INFO - Sync 2 DAGs
[2025-12-14T17:13:47.594+0000] {logging_mixin.py:188} INFO - [2025-12-14T17:13:47.594+0000] {dag.py:3954} INFO - Setting next_dagrun for update_db to 2025-12-14 15:00:00+00:00, run_after=2025-12-15 15:00:00+00:00
[2025-12-14T17:13:47.599+0000] {logging_mixin.py:188} INFO - [2025-12-14T17:13:47.598+0000] {dag.py:3954} INFO - Setting next_dagrun for youtube_video_stats to 2025-12-14 14:00:00+00:00, run_after=2025-12-15 14:00:00+00:00
[2025-12-14T17:13:47.613+0000] {processor.py:183} INFO - Processing /opt/airflow/dags/main.py took 0.142 seconds
[2025-12-14T17:14:17.668+0000] {processor.py:161} INFO - Started process (PID=5674) to work on /opt/airflow/dags/main.py
[2025-12-14T17:14:17.669+0000] {processor.py:830} INFO - Processing file /opt/airflow/dags/main.py for tasks to queue
[2025-12-14T17:14:17.670+0000] {logging_mixin.py:188} INFO - [2025-12-14T17:14:17.670+0000] {dagbag.py:545} INFO - Filling up the DagBag from /opt/airflow/dags/main.py
[2025-12-14T17:14:17.737+0000] {processor.py:840} INFO - DAG(s) 'update_db', 'youtube_video_stats' retrieved from /opt/airflow/dags/main.py
[2025-12-14T17:14:17.762+0000] {logging_mixin.py:188} INFO - [2025-12-14T17:14:17.762+0000] {dag.py:3096} INFO - Sync 2 DAGs
[2025-12-14T17:14:17.781+0000] {logging_mixin.py:188} INFO - [2025-12-14T17:14:17.780+0000] {dag.py:3954} INFO - Setting next_dagrun for update_db to 2025-12-14 15:00:00+00:00, run_after=2025-12-15 15:00:00+00:00
[2025-12-14T17:14:17.785+0000] {logging_mixin.py:188} INFO - [2025-12-14T17:14:17.785+0000] {dag.py:3954} INFO - Setting next_dagrun for youtube_video_stats to 2025-12-14 14:00:00+00:00, run_after=2025-12-15 14:00:00+00:00
[2025-12-14T17:14:17.799+0000] {processor.py:183} INFO - Processing /opt/airflow/dags/main.py took 0.136 seconds
[2025-12-14T17:14:48.016+0000] {processor.py:161} INFO - Started process (PID=5682) to work on /opt/airflow/dags/main.py
[2025-12-14T17:14:48.017+0000] {processor.py:830} INFO - Processing file /opt/airflow/dags/main.py for tasks to queue
[2025-12-14T17:14:48.018+0000] {logging_mixin.py:188} INFO - [2025-12-14T17:14:48.017+0000] {dagbag.py:545} INFO - Filling up the DagBag from /opt/airflow/dags/main.py
[2025-12-14T17:14:48.099+0000] {processor.py:840} INFO - DAG(s) 'youtube_video_stats', 'update_db' retrieved from /opt/airflow/dags/main.py
[2025-12-14T17:14:48.126+0000] {logging_mixin.py:188} INFO - [2025-12-14T17:14:48.126+0000] {dag.py:3096} INFO - Sync 2 DAGs
[2025-12-14T17:14:48.146+0000] {logging_mixin.py:188} INFO - [2025-12-14T17:14:48.146+0000] {dag.py:3954} INFO - Setting next_dagrun for update_db to 2025-12-14 15:00:00+00:00, run_after=2025-12-15 15:00:00+00:00
[2025-12-14T17:14:48.151+0000] {logging_mixin.py:188} INFO - [2025-12-14T17:14:48.151+0000] {dag.py:3954} INFO - Setting next_dagrun for youtube_video_stats to 2025-12-14 14:00:00+00:00, run_after=2025-12-15 14:00:00+00:00
[2025-12-14T17:14:48.165+0000] {processor.py:183} INFO - Processing /opt/airflow/dags/main.py took 0.154 seconds
[2025-12-14T17:15:18.209+0000] {processor.py:161} INFO - Started process (PID=5689) to work on /opt/airflow/dags/main.py
[2025-12-14T17:15:18.211+0000] {processor.py:830} INFO - Processing file /opt/airflow/dags/main.py for tasks to queue
[2025-12-14T17:15:18.212+0000] {logging_mixin.py:188} INFO - [2025-12-14T17:15:18.211+0000] {dagbag.py:545} INFO - Filling up the DagBag from /opt/airflow/dags/main.py
[2025-12-14T17:15:18.367+0000] {processor.py:840} INFO - DAG(s) 'youtube_video_stats', 'update_db' retrieved from /opt/airflow/dags/main.py
[2025-12-14T17:15:18.413+0000] {logging_mixin.py:188} INFO - [2025-12-14T17:15:18.413+0000] {dag.py:3096} INFO - Sync 2 DAGs
[2025-12-14T17:15:18.445+0000] {logging_mixin.py:188} INFO - [2025-12-14T17:15:18.445+0000] {dag.py:3954} INFO - Setting next_dagrun for update_db to 2025-12-14 15:00:00+00:00, run_after=2025-12-15 15:00:00+00:00
[2025-12-14T17:15:18.453+0000] {logging_mixin.py:188} INFO - [2025-12-14T17:15:18.453+0000] {dag.py:3954} INFO - Setting next_dagrun for youtube_video_stats to 2025-12-14 14:00:00+00:00, run_after=2025-12-15 14:00:00+00:00
[2025-12-14T17:15:18.483+0000] {processor.py:183} INFO - Processing /opt/airflow/dags/main.py took 0.281 seconds
[2025-12-14T17:15:48.558+0000] {processor.py:161} INFO - Started process (PID=5696) to work on /opt/airflow/dags/main.py
[2025-12-14T17:15:48.560+0000] {processor.py:830} INFO - Processing file /opt/airflow/dags/main.py for tasks to queue
[2025-12-14T17:15:48.561+0000] {logging_mixin.py:188} INFO - [2025-12-14T17:15:48.561+0000] {dagbag.py:545} INFO - Filling up the DagBag from /opt/airflow/dags/main.py
[2025-12-14T17:15:48.674+0000] {processor.py:840} INFO - DAG(s) 'youtube_video_stats', 'update_db' retrieved from /opt/airflow/dags/main.py
[2025-12-14T17:15:48.874+0000] {logging_mixin.py:188} INFO - [2025-12-14T17:15:48.874+0000] {dag.py:3096} INFO - Sync 2 DAGs
[2025-12-14T17:15:48.901+0000] {logging_mixin.py:188} INFO - [2025-12-14T17:15:48.901+0000] {dag.py:3954} INFO - Setting next_dagrun for update_db to 2025-12-14 15:00:00+00:00, run_after=2025-12-15 15:00:00+00:00
[2025-12-14T17:15:48.907+0000] {logging_mixin.py:188} INFO - [2025-12-14T17:15:48.907+0000] {dag.py:3954} INFO - Setting next_dagrun for youtube_video_stats to 2025-12-14 14:00:00+00:00, run_after=2025-12-15 14:00:00+00:00
[2025-12-14T17:15:48.937+0000] {processor.py:183} INFO - Processing /opt/airflow/dags/main.py took 0.385 seconds
[2025-12-14T17:16:19.127+0000] {processor.py:161} INFO - Started process (PID=5703) to work on /opt/airflow/dags/main.py
[2025-12-14T17:16:19.128+0000] {processor.py:830} INFO - Processing file /opt/airflow/dags/main.py for tasks to queue
[2025-12-14T17:16:19.129+0000] {logging_mixin.py:188} INFO - [2025-12-14T17:16:19.129+0000] {dagbag.py:545} INFO - Filling up the DagBag from /opt/airflow/dags/main.py
[2025-12-14T17:16:19.207+0000] {processor.py:840} INFO - DAG(s) 'youtube_video_stats', 'update_db' retrieved from /opt/airflow/dags/main.py
[2025-12-14T17:16:19.243+0000] {logging_mixin.py:188} INFO - [2025-12-14T17:16:19.243+0000] {dag.py:3096} INFO - Sync 2 DAGs
[2025-12-14T17:16:19.262+0000] {logging_mixin.py:188} INFO - [2025-12-14T17:16:19.261+0000] {dag.py:3954} INFO - Setting next_dagrun for update_db to 2025-12-14 15:00:00+00:00, run_after=2025-12-15 15:00:00+00:00
[2025-12-14T17:16:19.267+0000] {logging_mixin.py:188} INFO - [2025-12-14T17:16:19.267+0000] {dag.py:3954} INFO - Setting next_dagrun for youtube_video_stats to 2025-12-14 14:00:00+00:00, run_after=2025-12-15 14:00:00+00:00
[2025-12-14T17:16:19.284+0000] {processor.py:183} INFO - Processing /opt/airflow/dags/main.py took 0.163 seconds
[2025-12-14T17:16:49.412+0000] {processor.py:161} INFO - Started process (PID=5710) to work on /opt/airflow/dags/main.py
[2025-12-14T17:16:49.413+0000] {processor.py:830} INFO - Processing file /opt/airflow/dags/main.py for tasks to queue
[2025-12-14T17:16:49.413+0000] {logging_mixin.py:188} INFO - [2025-12-14T17:16:49.413+0000] {dagbag.py:545} INFO - Filling up the DagBag from /opt/airflow/dags/main.py
[2025-12-14T17:16:49.489+0000] {processor.py:840} INFO - DAG(s) 'youtube_video_stats', 'update_db' retrieved from /opt/airflow/dags/main.py
[2025-12-14T17:16:49.513+0000] {logging_mixin.py:188} INFO - [2025-12-14T17:16:49.513+0000] {dag.py:3096} INFO - Sync 2 DAGs
[2025-12-14T17:16:49.530+0000] {logging_mixin.py:188} INFO - [2025-12-14T17:16:49.530+0000] {dag.py:3954} INFO - Setting next_dagrun for update_db to 2025-12-14 15:00:00+00:00, run_after=2025-12-15 15:00:00+00:00
[2025-12-14T17:16:49.535+0000] {logging_mixin.py:188} INFO - [2025-12-14T17:16:49.535+0000] {dag.py:3954} INFO - Setting next_dagrun for youtube_video_stats to 2025-12-14 14:00:00+00:00, run_after=2025-12-15 14:00:00+00:00
[2025-12-14T17:16:49.550+0000] {processor.py:183} INFO - Processing /opt/airflow/dags/main.py took 0.144 seconds
[2025-12-14T17:17:19.644+0000] {processor.py:161} INFO - Started process (PID=5717) to work on /opt/airflow/dags/main.py
[2025-12-14T17:17:19.645+0000] {processor.py:830} INFO - Processing file /opt/airflow/dags/main.py for tasks to queue
[2025-12-14T17:17:19.646+0000] {logging_mixin.py:188} INFO - [2025-12-14T17:17:19.646+0000] {dagbag.py:545} INFO - Filling up the DagBag from /opt/airflow/dags/main.py
[2025-12-14T17:17:19.732+0000] {processor.py:840} INFO - DAG(s) 'update_db', 'youtube_video_stats' retrieved from /opt/airflow/dags/main.py
[2025-12-14T17:17:19.757+0000] {logging_mixin.py:188} INFO - [2025-12-14T17:17:19.757+0000] {dag.py:3096} INFO - Sync 2 DAGs
[2025-12-14T17:17:19.778+0000] {logging_mixin.py:188} INFO - [2025-12-14T17:17:19.778+0000] {dag.py:3954} INFO - Setting next_dagrun for update_db to 2025-12-14 15:00:00+00:00, run_after=2025-12-15 15:00:00+00:00
[2025-12-14T17:17:19.784+0000] {logging_mixin.py:188} INFO - [2025-12-14T17:17:19.784+0000] {dag.py:3954} INFO - Setting next_dagrun for youtube_video_stats to 2025-12-14 14:00:00+00:00, run_after=2025-12-15 14:00:00+00:00
[2025-12-14T17:17:20.291+0000] {processor.py:183} INFO - Processing /opt/airflow/dags/main.py took 0.654 seconds
[2025-12-14T17:17:50.520+0000] {processor.py:161} INFO - Started process (PID=5724) to work on /opt/airflow/dags/main.py
[2025-12-14T17:17:50.521+0000] {processor.py:830} INFO - Processing file /opt/airflow/dags/main.py for tasks to queue
[2025-12-14T17:17:50.522+0000] {logging_mixin.py:188} INFO - [2025-12-14T17:17:50.521+0000] {dagbag.py:545} INFO - Filling up the DagBag from /opt/airflow/dags/main.py
[2025-12-14T17:17:50.586+0000] {processor.py:840} INFO - DAG(s) 'youtube_video_stats', 'update_db' retrieved from /opt/airflow/dags/main.py
[2025-12-14T17:17:50.610+0000] {logging_mixin.py:188} INFO - [2025-12-14T17:17:50.610+0000] {dag.py:3096} INFO - Sync 2 DAGs
[2025-12-14T17:17:50.628+0000] {logging_mixin.py:188} INFO - [2025-12-14T17:17:50.628+0000] {dag.py:3954} INFO - Setting next_dagrun for update_db to 2025-12-14 15:00:00+00:00, run_after=2025-12-15 15:00:00+00:00
[2025-12-14T17:17:50.633+0000] {logging_mixin.py:188} INFO - [2025-12-14T17:17:50.633+0000] {dag.py:3954} INFO - Setting next_dagrun for youtube_video_stats to 2025-12-14 14:00:00+00:00, run_after=2025-12-15 14:00:00+00:00
[2025-12-14T17:17:50.649+0000] {processor.py:183} INFO - Processing /opt/airflow/dags/main.py took 0.135 seconds
[2025-12-14T17:18:20.738+0000] {processor.py:161} INFO - Started process (PID=5731) to work on /opt/airflow/dags/main.py
[2025-12-14T17:18:20.739+0000] {processor.py:830} INFO - Processing file /opt/airflow/dags/main.py for tasks to queue
[2025-12-14T17:18:20.740+0000] {logging_mixin.py:188} INFO - [2025-12-14T17:18:20.740+0000] {dagbag.py:545} INFO - Filling up the DagBag from /opt/airflow/dags/main.py
[2025-12-14T17:18:20.858+0000] {processor.py:840} INFO - DAG(s) 'update_db', 'youtube_video_stats' retrieved from /opt/airflow/dags/main.py
[2025-12-14T17:18:20.892+0000] {logging_mixin.py:188} INFO - [2025-12-14T17:18:20.892+0000] {dag.py:3096} INFO - Sync 2 DAGs
[2025-12-14T17:18:20.918+0000] {logging_mixin.py:188} INFO - [2025-12-14T17:18:20.918+0000] {dag.py:3954} INFO - Setting next_dagrun for update_db to 2025-12-14 15:00:00+00:00, run_after=2025-12-15 15:00:00+00:00
[2025-12-14T17:18:20.924+0000] {logging_mixin.py:188} INFO - [2025-12-14T17:18:20.924+0000] {dag.py:3954} INFO - Setting next_dagrun for youtube_video_stats to 2025-12-14 14:00:00+00:00, run_after=2025-12-15 14:00:00+00:00
[2025-12-14T17:18:20.943+0000] {processor.py:183} INFO - Processing /opt/airflow/dags/main.py took 0.216 seconds
[2025-12-14T17:18:51.109+0000] {processor.py:161} INFO - Started process (PID=5738) to work on /opt/airflow/dags/main.py
[2025-12-14T17:18:51.110+0000] {processor.py:830} INFO - Processing file /opt/airflow/dags/main.py for tasks to queue
[2025-12-14T17:18:51.112+0000] {logging_mixin.py:188} INFO - [2025-12-14T17:18:51.111+0000] {dagbag.py:545} INFO - Filling up the DagBag from /opt/airflow/dags/main.py
[2025-12-14T17:18:51.191+0000] {processor.py:840} INFO - DAG(s) 'youtube_video_stats', 'update_db' retrieved from /opt/airflow/dags/main.py
[2025-12-14T17:18:51.220+0000] {logging_mixin.py:188} INFO - [2025-12-14T17:18:51.220+0000] {dag.py:3096} INFO - Sync 2 DAGs
[2025-12-14T17:18:51.245+0000] {logging_mixin.py:188} INFO - [2025-12-14T17:18:51.245+0000] {dag.py:3954} INFO - Setting next_dagrun for update_db to 2025-12-14 15:00:00+00:00, run_after=2025-12-15 15:00:00+00:00
[2025-12-14T17:18:51.252+0000] {logging_mixin.py:188} INFO - [2025-12-14T17:18:51.251+0000] {dag.py:3954} INFO - Setting next_dagrun for youtube_video_stats to 2025-12-14 14:00:00+00:00, run_after=2025-12-15 14:00:00+00:00
[2025-12-14T17:18:51.271+0000] {processor.py:183} INFO - Processing /opt/airflow/dags/main.py took 0.170 seconds
[2025-12-14T17:19:21.345+0000] {processor.py:161} INFO - Started process (PID=5745) to work on /opt/airflow/dags/main.py
[2025-12-14T17:19:21.347+0000] {processor.py:830} INFO - Processing file /opt/airflow/dags/main.py for tasks to queue
[2025-12-14T17:19:21.348+0000] {logging_mixin.py:188} INFO - [2025-12-14T17:19:21.348+0000] {dagbag.py:545} INFO - Filling up the DagBag from /opt/airflow/dags/main.py
[2025-12-14T17:19:21.427+0000] {processor.py:840} INFO - DAG(s) 'youtube_video_stats', 'update_db' retrieved from /opt/airflow/dags/main.py
[2025-12-14T17:19:21.456+0000] {logging_mixin.py:188} INFO - [2025-12-14T17:19:21.456+0000] {dag.py:3096} INFO - Sync 2 DAGs
[2025-12-14T17:19:21.475+0000] {logging_mixin.py:188} INFO - [2025-12-14T17:19:21.474+0000] {dag.py:3954} INFO - Setting next_dagrun for update_db to 2025-12-14 15:00:00+00:00, run_after=2025-12-15 15:00:00+00:00
[2025-12-14T17:19:21.479+0000] {logging_mixin.py:188} INFO - [2025-12-14T17:19:21.479+0000] {dag.py:3954} INFO - Setting next_dagrun for youtube_video_stats to 2025-12-14 14:00:00+00:00, run_after=2025-12-15 14:00:00+00:00
[2025-12-14T17:19:21.499+0000] {processor.py:183} INFO - Processing /opt/airflow/dags/main.py took 0.162 seconds
[2025-12-14T17:19:51.632+0000] {processor.py:161} INFO - Started process (PID=5752) to work on /opt/airflow/dags/main.py
[2025-12-14T17:19:51.633+0000] {processor.py:830} INFO - Processing file /opt/airflow/dags/main.py for tasks to queue
[2025-12-14T17:19:51.634+0000] {logging_mixin.py:188} INFO - [2025-12-14T17:19:51.634+0000] {dagbag.py:545} INFO - Filling up the DagBag from /opt/airflow/dags/main.py
[2025-12-14T17:19:51.722+0000] {processor.py:840} INFO - DAG(s) 'update_db', 'youtube_video_stats' retrieved from /opt/airflow/dags/main.py
[2025-12-14T17:19:51.758+0000] {logging_mixin.py:188} INFO - [2025-12-14T17:19:51.758+0000] {dag.py:3096} INFO - Sync 2 DAGs
[2025-12-14T17:19:51.783+0000] {logging_mixin.py:188} INFO - [2025-12-14T17:19:51.783+0000] {dag.py:3954} INFO - Setting next_dagrun for update_db to 2025-12-14 15:00:00+00:00, run_after=2025-12-15 15:00:00+00:00
[2025-12-14T17:19:51.789+0000] {logging_mixin.py:188} INFO - [2025-12-14T17:19:51.788+0000] {dag.py:3954} INFO - Setting next_dagrun for youtube_video_stats to 2025-12-14 14:00:00+00:00, run_after=2025-12-15 14:00:00+00:00
[2025-12-14T17:19:51.808+0000] {processor.py:183} INFO - Processing /opt/airflow/dags/main.py took 0.185 seconds
[2025-12-14T17:20:21.883+0000] {processor.py:161} INFO - Started process (PID=5760) to work on /opt/airflow/dags/main.py
[2025-12-14T17:20:21.884+0000] {processor.py:830} INFO - Processing file /opt/airflow/dags/main.py for tasks to queue
[2025-12-14T17:20:21.884+0000] {logging_mixin.py:188} INFO - [2025-12-14T17:20:21.884+0000] {dagbag.py:545} INFO - Filling up the DagBag from /opt/airflow/dags/main.py
[2025-12-14T17:20:21.951+0000] {processor.py:840} INFO - DAG(s) 'update_db', 'youtube_video_stats' retrieved from /opt/airflow/dags/main.py
[2025-12-14T17:20:21.976+0000] {logging_mixin.py:188} INFO - [2025-12-14T17:20:21.976+0000] {dag.py:3096} INFO - Sync 2 DAGs
[2025-12-14T17:20:21.995+0000] {logging_mixin.py:188} INFO - [2025-12-14T17:20:21.994+0000] {dag.py:3954} INFO - Setting next_dagrun for update_db to 2025-12-14 15:00:00+00:00, run_after=2025-12-15 15:00:00+00:00
[2025-12-14T17:20:22.000+0000] {logging_mixin.py:188} INFO - [2025-12-14T17:20:22.000+0000] {dag.py:3954} INFO - Setting next_dagrun for youtube_video_stats to 2025-12-14 14:00:00+00:00, run_after=2025-12-15 14:00:00+00:00
[2025-12-14T17:20:22.017+0000] {processor.py:183} INFO - Processing /opt/airflow/dags/main.py took 0.139 seconds
[2025-12-14T17:20:52.080+0000] {processor.py:161} INFO - Started process (PID=5767) to work on /opt/airflow/dags/main.py
[2025-12-14T17:20:52.081+0000] {processor.py:830} INFO - Processing file /opt/airflow/dags/main.py for tasks to queue
[2025-12-14T17:20:52.082+0000] {logging_mixin.py:188} INFO - [2025-12-14T17:20:52.082+0000] {dagbag.py:545} INFO - Filling up the DagBag from /opt/airflow/dags/main.py
[2025-12-14T17:20:52.150+0000] {processor.py:840} INFO - DAG(s) 'youtube_video_stats', 'update_db' retrieved from /opt/airflow/dags/main.py
[2025-12-14T17:20:52.173+0000] {logging_mixin.py:188} INFO - [2025-12-14T17:20:52.173+0000] {dag.py:3096} INFO - Sync 2 DAGs
[2025-12-14T17:20:52.190+0000] {logging_mixin.py:188} INFO - [2025-12-14T17:20:52.190+0000] {dag.py:3954} INFO - Setting next_dagrun for update_db to 2025-12-14 15:00:00+00:00, run_after=2025-12-15 15:00:00+00:00
[2025-12-14T17:20:52.196+0000] {logging_mixin.py:188} INFO - [2025-12-14T17:20:52.195+0000] {dag.py:3954} INFO - Setting next_dagrun for youtube_video_stats to 2025-12-14 14:00:00+00:00, run_after=2025-12-15 14:00:00+00:00
[2025-12-14T17:20:52.214+0000] {processor.py:183} INFO - Processing /opt/airflow/dags/main.py took 0.138 seconds
[2025-12-14T17:21:22.378+0000] {processor.py:161} INFO - Started process (PID=5774) to work on /opt/airflow/dags/main.py
[2025-12-14T17:21:22.380+0000] {processor.py:830} INFO - Processing file /opt/airflow/dags/main.py for tasks to queue
[2025-12-14T17:21:22.381+0000] {logging_mixin.py:188} INFO - [2025-12-14T17:21:22.380+0000] {dagbag.py:545} INFO - Filling up the DagBag from /opt/airflow/dags/main.py
[2025-12-14T17:21:22.465+0000] {processor.py:840} INFO - DAG(s) 'youtube_video_stats', 'update_db' retrieved from /opt/airflow/dags/main.py
[2025-12-14T17:21:22.490+0000] {logging_mixin.py:188} INFO - [2025-12-14T17:21:22.490+0000] {dag.py:3096} INFO - Sync 2 DAGs
[2025-12-14T17:21:22.512+0000] {logging_mixin.py:188} INFO - [2025-12-14T17:21:22.512+0000] {dag.py:3954} INFO - Setting next_dagrun for update_db to 2025-12-14 15:00:00+00:00, run_after=2025-12-15 15:00:00+00:00
[2025-12-14T17:21:22.516+0000] {logging_mixin.py:188} INFO - [2025-12-14T17:21:22.516+0000] {dag.py:3954} INFO - Setting next_dagrun for youtube_video_stats to 2025-12-14 14:00:00+00:00, run_after=2025-12-15 14:00:00+00:00
[2025-12-14T17:21:22.531+0000] {processor.py:183} INFO - Processing /opt/airflow/dags/main.py took 0.157 seconds
[2025-12-14T17:21:52.879+0000] {processor.py:161} INFO - Started process (PID=5782) to work on /opt/airflow/dags/main.py
[2025-12-14T17:21:52.880+0000] {processor.py:830} INFO - Processing file /opt/airflow/dags/main.py for tasks to queue
[2025-12-14T17:21:52.881+0000] {logging_mixin.py:188} INFO - [2025-12-14T17:21:52.881+0000] {dagbag.py:545} INFO - Filling up the DagBag from /opt/airflow/dags/main.py
[2025-12-14T17:21:52.951+0000] {processor.py:840} INFO - DAG(s) 'youtube_video_stats', 'update_db' retrieved from /opt/airflow/dags/main.py
[2025-12-14T17:21:52.975+0000] {logging_mixin.py:188} INFO - [2025-12-14T17:21:52.975+0000] {dag.py:3096} INFO - Sync 2 DAGs
[2025-12-14T17:21:52.994+0000] {logging_mixin.py:188} INFO - [2025-12-14T17:21:52.994+0000] {dag.py:3954} INFO - Setting next_dagrun for update_db to 2025-12-14 15:00:00+00:00, run_after=2025-12-15 15:00:00+00:00
[2025-12-14T17:21:52.999+0000] {logging_mixin.py:188} INFO - [2025-12-14T17:21:52.999+0000] {dag.py:3954} INFO - Setting next_dagrun for youtube_video_stats to 2025-12-14 14:00:00+00:00, run_after=2025-12-15 14:00:00+00:00
[2025-12-14T17:21:53.014+0000] {processor.py:183} INFO - Processing /opt/airflow/dags/main.py took 0.140 seconds
[2025-12-14T17:22:23.116+0000] {processor.py:161} INFO - Started process (PID=5789) to work on /opt/airflow/dags/main.py
[2025-12-14T17:22:23.117+0000] {processor.py:830} INFO - Processing file /opt/airflow/dags/main.py for tasks to queue
[2025-12-14T17:22:23.118+0000] {logging_mixin.py:188} INFO - [2025-12-14T17:22:23.118+0000] {dagbag.py:545} INFO - Filling up the DagBag from /opt/airflow/dags/main.py
[2025-12-14T17:22:23.204+0000] {processor.py:840} INFO - DAG(s) 'update_db', 'youtube_video_stats' retrieved from /opt/airflow/dags/main.py
[2025-12-14T17:22:23.231+0000] {logging_mixin.py:188} INFO - [2025-12-14T17:22:23.231+0000] {dag.py:3096} INFO - Sync 2 DAGs
[2025-12-14T17:22:23.254+0000] {logging_mixin.py:188} INFO - [2025-12-14T17:22:23.254+0000] {dag.py:3954} INFO - Setting next_dagrun for update_db to 2025-12-14 15:00:00+00:00, run_after=2025-12-15 15:00:00+00:00
[2025-12-14T17:22:23.259+0000] {logging_mixin.py:188} INFO - [2025-12-14T17:22:23.259+0000] {dag.py:3954} INFO - Setting next_dagrun for youtube_video_stats to 2025-12-14 14:00:00+00:00, run_after=2025-12-15 14:00:00+00:00
[2025-12-14T17:22:23.275+0000] {processor.py:183} INFO - Processing /opt/airflow/dags/main.py took 0.165 seconds
[2025-12-14T17:22:53.467+0000] {processor.py:161} INFO - Started process (PID=5796) to work on /opt/airflow/dags/main.py
[2025-12-14T17:22:53.468+0000] {processor.py:830} INFO - Processing file /opt/airflow/dags/main.py for tasks to queue
[2025-12-14T17:22:53.469+0000] {logging_mixin.py:188} INFO - [2025-12-14T17:22:53.469+0000] {dagbag.py:545} INFO - Filling up the DagBag from /opt/airflow/dags/main.py
[2025-12-14T17:22:53.538+0000] {processor.py:840} INFO - DAG(s) 'youtube_video_stats', 'update_db' retrieved from /opt/airflow/dags/main.py
[2025-12-14T17:22:53.563+0000] {logging_mixin.py:188} INFO - [2025-12-14T17:22:53.562+0000] {dag.py:3096} INFO - Sync 2 DAGs
[2025-12-14T17:22:53.584+0000] {logging_mixin.py:188} INFO - [2025-12-14T17:22:53.584+0000] {dag.py:3954} INFO - Setting next_dagrun for update_db to 2025-12-14 15:00:00+00:00, run_after=2025-12-15 15:00:00+00:00
[2025-12-14T17:22:53.588+0000] {logging_mixin.py:188} INFO - [2025-12-14T17:22:53.588+0000] {dag.py:3954} INFO - Setting next_dagrun for youtube_video_stats to 2025-12-14 14:00:00+00:00, run_after=2025-12-15 14:00:00+00:00
[2025-12-14T17:22:53.604+0000] {processor.py:183} INFO - Processing /opt/airflow/dags/main.py took 0.142 seconds
[2025-12-14T17:23:23.711+0000] {processor.py:161} INFO - Started process (PID=5803) to work on /opt/airflow/dags/main.py
[2025-12-14T17:23:23.712+0000] {processor.py:830} INFO - Processing file /opt/airflow/dags/main.py for tasks to queue
[2025-12-14T17:23:23.713+0000] {logging_mixin.py:188} INFO - [2025-12-14T17:23:23.713+0000] {dagbag.py:545} INFO - Filling up the DagBag from /opt/airflow/dags/main.py
[2025-12-14T17:23:23.801+0000] {processor.py:840} INFO - DAG(s) 'youtube_video_stats', 'update_db' retrieved from /opt/airflow/dags/main.py
[2025-12-14T17:23:23.828+0000] {logging_mixin.py:188} INFO - [2025-12-14T17:23:23.827+0000] {dag.py:3096} INFO - Sync 2 DAGs
[2025-12-14T17:23:23.847+0000] {logging_mixin.py:188} INFO - [2025-12-14T17:23:23.846+0000] {dag.py:3954} INFO - Setting next_dagrun for update_db to 2025-12-14 15:00:00+00:00, run_after=2025-12-15 15:00:00+00:00
[2025-12-14T17:23:23.852+0000] {logging_mixin.py:188} INFO - [2025-12-14T17:23:23.852+0000] {dag.py:3954} INFO - Setting next_dagrun for youtube_video_stats to 2025-12-14 14:00:00+00:00, run_after=2025-12-15 14:00:00+00:00
[2025-12-14T17:23:23.874+0000] {processor.py:183} INFO - Processing /opt/airflow/dags/main.py took 0.169 seconds
[2025-12-14T17:23:54.014+0000] {processor.py:161} INFO - Started process (PID=5810) to work on /opt/airflow/dags/main.py
[2025-12-14T17:23:54.015+0000] {processor.py:830} INFO - Processing file /opt/airflow/dags/main.py for tasks to queue
[2025-12-14T17:23:54.016+0000] {logging_mixin.py:188} INFO - [2025-12-14T17:23:54.016+0000] {dagbag.py:545} INFO - Filling up the DagBag from /opt/airflow/dags/main.py
[2025-12-14T17:23:54.107+0000] {processor.py:840} INFO - DAG(s) 'update_db', 'youtube_video_stats' retrieved from /opt/airflow/dags/main.py
[2025-12-14T17:23:54.133+0000] {logging_mixin.py:188} INFO - [2025-12-14T17:23:54.133+0000] {dag.py:3096} INFO - Sync 2 DAGs
[2025-12-14T17:23:54.153+0000] {logging_mixin.py:188} INFO - [2025-12-14T17:23:54.153+0000] {dag.py:3954} INFO - Setting next_dagrun for update_db to 2025-12-14 15:00:00+00:00, run_after=2025-12-15 15:00:00+00:00
[2025-12-14T17:23:54.157+0000] {logging_mixin.py:188} INFO - [2025-12-14T17:23:54.157+0000] {dag.py:3954} INFO - Setting next_dagrun for youtube_video_stats to 2025-12-14 14:00:00+00:00, run_after=2025-12-15 14:00:00+00:00
[2025-12-14T17:23:54.171+0000] {processor.py:183} INFO - Processing /opt/airflow/dags/main.py took 0.162 seconds
[2025-12-14T17:24:24.266+0000] {processor.py:161} INFO - Started process (PID=5817) to work on /opt/airflow/dags/main.py
[2025-12-14T17:24:24.267+0000] {processor.py:830} INFO - Processing file /opt/airflow/dags/main.py for tasks to queue
[2025-12-14T17:24:24.268+0000] {logging_mixin.py:188} INFO - [2025-12-14T17:24:24.268+0000] {dagbag.py:545} INFO - Filling up the DagBag from /opt/airflow/dags/main.py
[2025-12-14T17:24:24.335+0000] {processor.py:840} INFO - DAG(s) 'update_db', 'youtube_video_stats' retrieved from /opt/airflow/dags/main.py
[2025-12-14T17:24:24.360+0000] {logging_mixin.py:188} INFO - [2025-12-14T17:24:24.359+0000] {dag.py:3096} INFO - Sync 2 DAGs
[2025-12-14T17:24:24.378+0000] {logging_mixin.py:188} INFO - [2025-12-14T17:24:24.378+0000] {dag.py:3954} INFO - Setting next_dagrun for update_db to 2025-12-14 15:00:00+00:00, run_after=2025-12-15 15:00:00+00:00
[2025-12-14T17:24:24.382+0000] {logging_mixin.py:188} INFO - [2025-12-14T17:24:24.382+0000] {dag.py:3954} INFO - Setting next_dagrun for youtube_video_stats to 2025-12-14 14:00:00+00:00, run_after=2025-12-15 14:00:00+00:00
[2025-12-14T17:24:24.405+0000] {processor.py:183} INFO - Processing /opt/airflow/dags/main.py took 0.144 seconds
[2025-12-14T17:24:54.583+0000] {processor.py:161} INFO - Started process (PID=5824) to work on /opt/airflow/dags/main.py
[2025-12-14T17:24:54.584+0000] {processor.py:830} INFO - Processing file /opt/airflow/dags/main.py for tasks to queue
[2025-12-14T17:24:54.584+0000] {logging_mixin.py:188} INFO - [2025-12-14T17:24:54.584+0000] {dagbag.py:545} INFO - Filling up the DagBag from /opt/airflow/dags/main.py
[2025-12-14T17:24:54.651+0000] {processor.py:840} INFO - DAG(s) 'youtube_video_stats', 'update_db' retrieved from /opt/airflow/dags/main.py
[2025-12-14T17:24:54.677+0000] {logging_mixin.py:188} INFO - [2025-12-14T17:24:54.676+0000] {dag.py:3096} INFO - Sync 2 DAGs
[2025-12-14T17:24:54.697+0000] {logging_mixin.py:188} INFO - [2025-12-14T17:24:54.696+0000] {dag.py:3954} INFO - Setting next_dagrun for update_db to 2025-12-14 15:00:00+00:00, run_after=2025-12-15 15:00:00+00:00
[2025-12-14T17:24:54.701+0000] {logging_mixin.py:188} INFO - [2025-12-14T17:24:54.701+0000] {dag.py:3954} INFO - Setting next_dagrun for youtube_video_stats to 2025-12-14 14:00:00+00:00, run_after=2025-12-15 14:00:00+00:00
[2025-12-14T17:24:54.717+0000] {processor.py:183} INFO - Processing /opt/airflow/dags/main.py took 0.138 seconds
[2025-12-14T17:25:24.783+0000] {processor.py:161} INFO - Started process (PID=5831) to work on /opt/airflow/dags/main.py
[2025-12-14T17:25:24.784+0000] {processor.py:830} INFO - Processing file /opt/airflow/dags/main.py for tasks to queue
[2025-12-14T17:25:24.785+0000] {logging_mixin.py:188} INFO - [2025-12-14T17:25:24.785+0000] {dagbag.py:545} INFO - Filling up the DagBag from /opt/airflow/dags/main.py
[2025-12-14T17:25:24.869+0000] {processor.py:840} INFO - DAG(s) 'youtube_video_stats', 'update_db' retrieved from /opt/airflow/dags/main.py
[2025-12-14T17:25:24.895+0000] {logging_mixin.py:188} INFO - [2025-12-14T17:25:24.895+0000] {dag.py:3096} INFO - Sync 2 DAGs
[2025-12-14T17:25:24.915+0000] {logging_mixin.py:188} INFO - [2025-12-14T17:25:24.915+0000] {dag.py:3954} INFO - Setting next_dagrun for update_db to 2025-12-14 15:00:00+00:00, run_after=2025-12-15 15:00:00+00:00
[2025-12-14T17:25:24.920+0000] {logging_mixin.py:188} INFO - [2025-12-14T17:25:24.920+0000] {dag.py:3954} INFO - Setting next_dagrun for youtube_video_stats to 2025-12-14 14:00:00+00:00, run_after=2025-12-15 14:00:00+00:00
[2025-12-14T17:25:24.939+0000] {processor.py:183} INFO - Processing /opt/airflow/dags/main.py took 0.162 seconds
[2025-12-14T17:25:55.112+0000] {processor.py:161} INFO - Started process (PID=5838) to work on /opt/airflow/dags/main.py
[2025-12-14T17:25:55.113+0000] {processor.py:830} INFO - Processing file /opt/airflow/dags/main.py for tasks to queue
[2025-12-14T17:25:55.114+0000] {logging_mixin.py:188} INFO - [2025-12-14T17:25:55.114+0000] {dagbag.py:545} INFO - Filling up the DagBag from /opt/airflow/dags/main.py
[2025-12-14T17:25:55.184+0000] {processor.py:840} INFO - DAG(s) 'youtube_video_stats', 'update_db' retrieved from /opt/airflow/dags/main.py
[2025-12-14T17:25:55.212+0000] {logging_mixin.py:188} INFO - [2025-12-14T17:25:55.212+0000] {dag.py:3096} INFO - Sync 2 DAGs
[2025-12-14T17:25:55.229+0000] {logging_mixin.py:188} INFO - [2025-12-14T17:25:55.229+0000] {dag.py:3954} INFO - Setting next_dagrun for update_db to 2025-12-14 15:00:00+00:00, run_after=2025-12-15 15:00:00+00:00
[2025-12-14T17:25:55.233+0000] {logging_mixin.py:188} INFO - [2025-12-14T17:25:55.233+0000] {dag.py:3954} INFO - Setting next_dagrun for youtube_video_stats to 2025-12-14 14:00:00+00:00, run_after=2025-12-15 14:00:00+00:00
[2025-12-14T17:25:55.247+0000] {processor.py:183} INFO - Processing /opt/airflow/dags/main.py took 0.140 seconds
[2025-12-14T17:26:25.347+0000] {processor.py:161} INFO - Started process (PID=5845) to work on /opt/airflow/dags/main.py
[2025-12-14T17:26:25.348+0000] {processor.py:830} INFO - Processing file /opt/airflow/dags/main.py for tasks to queue
[2025-12-14T17:26:25.349+0000] {logging_mixin.py:188} INFO - [2025-12-14T17:26:25.349+0000] {dagbag.py:545} INFO - Filling up the DagBag from /opt/airflow/dags/main.py
[2025-12-14T17:26:25.441+0000] {processor.py:840} INFO - DAG(s) 'update_db', 'youtube_video_stats' retrieved from /opt/airflow/dags/main.py
[2025-12-14T17:26:25.475+0000] {logging_mixin.py:188} INFO - [2025-12-14T17:26:25.474+0000] {dag.py:3096} INFO - Sync 2 DAGs
[2025-12-14T17:26:25.500+0000] {logging_mixin.py:188} INFO - [2025-12-14T17:26:25.500+0000] {dag.py:3954} INFO - Setting next_dagrun for update_db to 2025-12-14 15:00:00+00:00, run_after=2025-12-15 15:00:00+00:00
[2025-12-14T17:26:25.507+0000] {logging_mixin.py:188} INFO - [2025-12-14T17:26:25.507+0000] {dag.py:3954} INFO - Setting next_dagrun for youtube_video_stats to 2025-12-14 14:00:00+00:00, run_after=2025-12-15 14:00:00+00:00
[2025-12-14T17:26:25.533+0000] {processor.py:183} INFO - Processing /opt/airflow/dags/main.py took 0.193 seconds
[2025-12-14T17:26:55.796+0000] {processor.py:161} INFO - Started process (PID=5852) to work on /opt/airflow/dags/main.py
[2025-12-14T17:26:55.799+0000] {processor.py:830} INFO - Processing file /opt/airflow/dags/main.py for tasks to queue
[2025-12-14T17:26:55.801+0000] {logging_mixin.py:188} INFO - [2025-12-14T17:26:55.801+0000] {dagbag.py:545} INFO - Filling up the DagBag from /opt/airflow/dags/main.py
[2025-12-14T17:26:55.906+0000] {processor.py:840} INFO - DAG(s) 'update_db', 'youtube_video_stats' retrieved from /opt/airflow/dags/main.py
[2025-12-14T17:26:55.930+0000] {logging_mixin.py:188} INFO - [2025-12-14T17:26:55.930+0000] {dag.py:3096} INFO - Sync 2 DAGs
[2025-12-14T17:26:55.951+0000] {logging_mixin.py:188} INFO - [2025-12-14T17:26:55.950+0000] {dag.py:3954} INFO - Setting next_dagrun for update_db to 2025-12-14 15:00:00+00:00, run_after=2025-12-15 15:00:00+00:00
[2025-12-14T17:26:55.955+0000] {logging_mixin.py:188} INFO - [2025-12-14T17:26:55.955+0000] {dag.py:3954} INFO - Setting next_dagrun for youtube_video_stats to 2025-12-14 14:00:00+00:00, run_after=2025-12-15 14:00:00+00:00
[2025-12-14T17:26:55.970+0000] {processor.py:183} INFO - Processing /opt/airflow/dags/main.py took 0.184 seconds
[2025-12-14T17:27:26.218+0000] {processor.py:161} INFO - Started process (PID=5859) to work on /opt/airflow/dags/main.py
[2025-12-14T17:27:26.220+0000] {processor.py:830} INFO - Processing file /opt/airflow/dags/main.py for tasks to queue
[2025-12-14T17:27:26.222+0000] {logging_mixin.py:188} INFO - [2025-12-14T17:27:26.222+0000] {dagbag.py:545} INFO - Filling up the DagBag from /opt/airflow/dags/main.py
[2025-12-14T17:27:26.440+0000] {processor.py:840} INFO - DAG(s) 'update_db', 'youtube_video_stats' retrieved from /opt/airflow/dags/main.py
[2025-12-14T17:27:26.522+0000] {logging_mixin.py:188} INFO - [2025-12-14T17:27:26.522+0000] {dag.py:3096} INFO - Sync 2 DAGs
[2025-12-14T17:27:26.577+0000] {logging_mixin.py:188} INFO - [2025-12-14T17:27:26.577+0000] {dag.py:3954} INFO - Setting next_dagrun for update_db to 2025-12-14 15:00:00+00:00, run_after=2025-12-15 15:00:00+00:00
[2025-12-14T17:27:26.589+0000] {logging_mixin.py:188} INFO - [2025-12-14T17:27:26.589+0000] {dag.py:3954} INFO - Setting next_dagrun for youtube_video_stats to 2025-12-14 14:00:00+00:00, run_after=2025-12-15 14:00:00+00:00
[2025-12-14T17:27:26.626+0000] {processor.py:183} INFO - Processing /opt/airflow/dags/main.py took 0.423 seconds
[2025-12-14T17:27:56.833+0000] {processor.py:161} INFO - Started process (PID=5866) to work on /opt/airflow/dags/main.py
[2025-12-14T17:27:56.834+0000] {processor.py:830} INFO - Processing file /opt/airflow/dags/main.py for tasks to queue
[2025-12-14T17:27:56.836+0000] {logging_mixin.py:188} INFO - [2025-12-14T17:27:56.835+0000] {dagbag.py:545} INFO - Filling up the DagBag from /opt/airflow/dags/main.py
[2025-12-14T17:27:56.934+0000] {processor.py:840} INFO - DAG(s) 'youtube_video_stats', 'update_db' retrieved from /opt/airflow/dags/main.py
[2025-12-14T17:27:56.970+0000] {logging_mixin.py:188} INFO - [2025-12-14T17:27:56.970+0000] {dag.py:3096} INFO - Sync 2 DAGs
[2025-12-14T17:27:56.998+0000] {logging_mixin.py:188} INFO - [2025-12-14T17:27:56.997+0000] {dag.py:3954} INFO - Setting next_dagrun for update_db to 2025-12-14 15:00:00+00:00, run_after=2025-12-15 15:00:00+00:00
[2025-12-14T17:27:57.004+0000] {logging_mixin.py:188} INFO - [2025-12-14T17:27:57.004+0000] {dag.py:3954} INFO - Setting next_dagrun for youtube_video_stats to 2025-12-14 14:00:00+00:00, run_after=2025-12-15 14:00:00+00:00
[2025-12-14T17:27:57.023+0000] {processor.py:183} INFO - Processing /opt/airflow/dags/main.py took 0.197 seconds
[2025-12-14T17:28:27.238+0000] {processor.py:161} INFO - Started process (PID=5873) to work on /opt/airflow/dags/main.py
[2025-12-14T17:28:27.239+0000] {processor.py:830} INFO - Processing file /opt/airflow/dags/main.py for tasks to queue
[2025-12-14T17:28:27.240+0000] {logging_mixin.py:188} INFO - [2025-12-14T17:28:27.240+0000] {dagbag.py:545} INFO - Filling up the DagBag from /opt/airflow/dags/main.py
[2025-12-14T17:28:27.311+0000] {processor.py:840} INFO - DAG(s) 'youtube_video_stats', 'update_db' retrieved from /opt/airflow/dags/main.py
[2025-12-14T17:28:27.337+0000] {logging_mixin.py:188} INFO - [2025-12-14T17:28:27.337+0000] {dag.py:3096} INFO - Sync 2 DAGs
[2025-12-14T17:28:27.355+0000] {logging_mixin.py:188} INFO - [2025-12-14T17:28:27.355+0000] {dag.py:3954} INFO - Setting next_dagrun for update_db to 2025-12-14 15:00:00+00:00, run_after=2025-12-15 15:00:00+00:00
[2025-12-14T17:28:27.360+0000] {logging_mixin.py:188} INFO - [2025-12-14T17:28:27.360+0000] {dag.py:3954} INFO - Setting next_dagrun for youtube_video_stats to 2025-12-14 14:00:00+00:00, run_after=2025-12-15 14:00:00+00:00
[2025-12-14T17:28:27.377+0000] {processor.py:183} INFO - Processing /opt/airflow/dags/main.py took 0.144 seconds
[2025-12-14T17:28:57.456+0000] {processor.py:161} INFO - Started process (PID=5880) to work on /opt/airflow/dags/main.py
[2025-12-14T17:28:57.457+0000] {processor.py:830} INFO - Processing file /opt/airflow/dags/main.py for tasks to queue
[2025-12-14T17:28:57.458+0000] {logging_mixin.py:188} INFO - [2025-12-14T17:28:57.458+0000] {dagbag.py:545} INFO - Filling up the DagBag from /opt/airflow/dags/main.py
[2025-12-14T17:28:57.524+0000] {processor.py:840} INFO - DAG(s) 'youtube_video_stats', 'update_db' retrieved from /opt/airflow/dags/main.py
[2025-12-14T17:28:57.550+0000] {logging_mixin.py:188} INFO - [2025-12-14T17:28:57.549+0000] {dag.py:3096} INFO - Sync 2 DAGs
[2025-12-14T17:28:57.568+0000] {logging_mixin.py:188} INFO - [2025-12-14T17:28:57.567+0000] {dag.py:3954} INFO - Setting next_dagrun for update_db to 2025-12-14 15:00:00+00:00, run_after=2025-12-15 15:00:00+00:00
[2025-12-14T17:28:57.573+0000] {logging_mixin.py:188} INFO - [2025-12-14T17:28:57.572+0000] {dag.py:3954} INFO - Setting next_dagrun for youtube_video_stats to 2025-12-14 14:00:00+00:00, run_after=2025-12-15 14:00:00+00:00
[2025-12-14T17:28:57.585+0000] {processor.py:183} INFO - Processing /opt/airflow/dags/main.py took 0.134 seconds
[2025-12-14T17:29:27.773+0000] {processor.py:161} INFO - Started process (PID=5887) to work on /opt/airflow/dags/main.py
[2025-12-14T17:29:27.774+0000] {processor.py:830} INFO - Processing file /opt/airflow/dags/main.py for tasks to queue
[2025-12-14T17:29:27.775+0000] {logging_mixin.py:188} INFO - [2025-12-14T17:29:27.774+0000] {dagbag.py:545} INFO - Filling up the DagBag from /opt/airflow/dags/main.py
[2025-12-14T17:29:27.849+0000] {processor.py:840} INFO - DAG(s) 'youtube_video_stats', 'update_db' retrieved from /opt/airflow/dags/main.py
[2025-12-14T17:29:27.878+0000] {logging_mixin.py:188} INFO - [2025-12-14T17:29:27.877+0000] {dag.py:3096} INFO - Sync 2 DAGs
[2025-12-14T17:29:27.897+0000] {logging_mixin.py:188} INFO - [2025-12-14T17:29:27.897+0000] {dag.py:3954} INFO - Setting next_dagrun for update_db to 2025-12-14 15:00:00+00:00, run_after=2025-12-15 15:00:00+00:00
[2025-12-14T17:29:27.903+0000] {logging_mixin.py:188} INFO - [2025-12-14T17:29:27.903+0000] {dag.py:3954} INFO - Setting next_dagrun for youtube_video_stats to 2025-12-14 14:00:00+00:00, run_after=2025-12-15 14:00:00+00:00
[2025-12-14T17:29:27.923+0000] {processor.py:183} INFO - Processing /opt/airflow/dags/main.py took 0.156 seconds
[2025-12-14T17:29:57.974+0000] {processor.py:161} INFO - Started process (PID=5894) to work on /opt/airflow/dags/main.py
[2025-12-14T17:29:57.976+0000] {processor.py:830} INFO - Processing file /opt/airflow/dags/main.py for tasks to queue
[2025-12-14T17:29:57.978+0000] {logging_mixin.py:188} INFO - [2025-12-14T17:29:57.977+0000] {dagbag.py:545} INFO - Filling up the DagBag from /opt/airflow/dags/main.py
[2025-12-14T17:29:58.095+0000] {processor.py:840} INFO - DAG(s) 'update_db', 'youtube_video_stats' retrieved from /opt/airflow/dags/main.py
[2025-12-14T17:29:58.128+0000] {logging_mixin.py:188} INFO - [2025-12-14T17:29:58.128+0000] {dag.py:3096} INFO - Sync 2 DAGs
[2025-12-14T17:29:58.153+0000] {logging_mixin.py:188} INFO - [2025-12-14T17:29:58.152+0000] {dag.py:3954} INFO - Setting next_dagrun for update_db to 2025-12-14 15:00:00+00:00, run_after=2025-12-15 15:00:00+00:00
[2025-12-14T17:29:58.158+0000] {logging_mixin.py:188} INFO - [2025-12-14T17:29:58.158+0000] {dag.py:3954} INFO - Setting next_dagrun for youtube_video_stats to 2025-12-14 14:00:00+00:00, run_after=2025-12-15 14:00:00+00:00
[2025-12-14T17:29:58.184+0000] {processor.py:183} INFO - Processing /opt/airflow/dags/main.py took 0.216 seconds
[2025-12-14T17:30:28.332+0000] {processor.py:161} INFO - Started process (PID=5901) to work on /opt/airflow/dags/main.py
[2025-12-14T17:30:28.333+0000] {processor.py:830} INFO - Processing file /opt/airflow/dags/main.py for tasks to queue
[2025-12-14T17:30:28.334+0000] {logging_mixin.py:188} INFO - [2025-12-14T17:30:28.334+0000] {dagbag.py:545} INFO - Filling up the DagBag from /opt/airflow/dags/main.py
[2025-12-14T17:30:28.413+0000] {processor.py:840} INFO - DAG(s) 'update_db', 'youtube_video_stats' retrieved from /opt/airflow/dags/main.py
[2025-12-14T17:30:28.437+0000] {logging_mixin.py:188} INFO - [2025-12-14T17:30:28.437+0000] {dag.py:3096} INFO - Sync 2 DAGs
[2025-12-14T17:30:28.456+0000] {logging_mixin.py:188} INFO - [2025-12-14T17:30:28.456+0000] {dag.py:3954} INFO - Setting next_dagrun for update_db to 2025-12-14 15:00:00+00:00, run_after=2025-12-15 15:00:00+00:00
[2025-12-14T17:30:28.462+0000] {logging_mixin.py:188} INFO - [2025-12-14T17:30:28.461+0000] {dag.py:3954} INFO - Setting next_dagrun for youtube_video_stats to 2025-12-14 14:00:00+00:00, run_after=2025-12-15 14:00:00+00:00
[2025-12-14T17:30:28.478+0000] {processor.py:183} INFO - Processing /opt/airflow/dags/main.py took 0.152 seconds
[2025-12-14T17:30:58.568+0000] {processor.py:161} INFO - Started process (PID=5908) to work on /opt/airflow/dags/main.py
[2025-12-14T17:30:58.569+0000] {processor.py:830} INFO - Processing file /opt/airflow/dags/main.py for tasks to queue
[2025-12-14T17:30:58.570+0000] {logging_mixin.py:188} INFO - [2025-12-14T17:30:58.570+0000] {dagbag.py:545} INFO - Filling up the DagBag from /opt/airflow/dags/main.py
[2025-12-14T17:30:58.665+0000] {processor.py:840} INFO - DAG(s) 'update_db', 'youtube_video_stats' retrieved from /opt/airflow/dags/main.py
[2025-12-14T17:30:58.689+0000] {logging_mixin.py:188} INFO - [2025-12-14T17:30:58.689+0000] {dag.py:3096} INFO - Sync 2 DAGs
[2025-12-14T17:30:58.707+0000] {logging_mixin.py:188} INFO - [2025-12-14T17:30:58.707+0000] {dag.py:3954} INFO - Setting next_dagrun for update_db to 2025-12-14 15:00:00+00:00, run_after=2025-12-15 15:00:00+00:00
[2025-12-14T17:30:58.711+0000] {logging_mixin.py:188} INFO - [2025-12-14T17:30:58.711+0000] {dag.py:3954} INFO - Setting next_dagrun for youtube_video_stats to 2025-12-14 14:00:00+00:00, run_after=2025-12-15 14:00:00+00:00
[2025-12-14T17:30:58.731+0000] {processor.py:183} INFO - Processing /opt/airflow/dags/main.py took 0.168 seconds
[2025-12-14T17:31:29.081+0000] {processor.py:161} INFO - Started process (PID=5915) to work on /opt/airflow/dags/main.py
[2025-12-14T17:31:29.085+0000] {processor.py:830} INFO - Processing file /opt/airflow/dags/main.py for tasks to queue
[2025-12-14T17:31:29.087+0000] {logging_mixin.py:188} INFO - [2025-12-14T17:31:29.086+0000] {dagbag.py:545} INFO - Filling up the DagBag from /opt/airflow/dags/main.py
[2025-12-14T17:31:29.309+0000] {processor.py:840} INFO - DAG(s) 'youtube_video_stats', 'update_db' retrieved from /opt/airflow/dags/main.py
[2025-12-14T17:31:29.406+0000] {logging_mixin.py:188} INFO - [2025-12-14T17:31:29.406+0000] {dag.py:3096} INFO - Sync 2 DAGs
[2025-12-14T17:31:29.482+0000] {logging_mixin.py:188} INFO - [2025-12-14T17:31:29.481+0000] {dag.py:3954} INFO - Setting next_dagrun for update_db to 2025-12-14 15:00:00+00:00, run_after=2025-12-15 15:00:00+00:00
[2025-12-14T17:31:29.503+0000] {logging_mixin.py:188} INFO - [2025-12-14T17:31:29.502+0000] {dag.py:3954} INFO - Setting next_dagrun for youtube_video_stats to 2025-12-14 14:00:00+00:00, run_after=2025-12-15 14:00:00+00:00
[2025-12-14T17:31:29.559+0000] {processor.py:183} INFO - Processing /opt/airflow/dags/main.py took 0.487 seconds
[2025-12-14T17:31:59.785+0000] {processor.py:161} INFO - Started process (PID=5922) to work on /opt/airflow/dags/main.py
[2025-12-14T17:31:59.787+0000] {processor.py:830} INFO - Processing file /opt/airflow/dags/main.py for tasks to queue
[2025-12-14T17:31:59.788+0000] {logging_mixin.py:188} INFO - [2025-12-14T17:31:59.788+0000] {dagbag.py:545} INFO - Filling up the DagBag from /opt/airflow/dags/main.py
[2025-12-14T17:31:59.873+0000] {processor.py:840} INFO - DAG(s) 'youtube_video_stats', 'update_db' retrieved from /opt/airflow/dags/main.py
[2025-12-14T17:31:59.909+0000] {logging_mixin.py:188} INFO - [2025-12-14T17:31:59.909+0000] {dag.py:3096} INFO - Sync 2 DAGs
[2025-12-14T17:31:59.933+0000] {logging_mixin.py:188} INFO - [2025-12-14T17:31:59.932+0000] {dag.py:3954} INFO - Setting next_dagrun for update_db to 2025-12-14 15:00:00+00:00, run_after=2025-12-15 15:00:00+00:00
[2025-12-14T17:31:59.938+0000] {logging_mixin.py:188} INFO - [2025-12-14T17:31:59.938+0000] {dag.py:3954} INFO - Setting next_dagrun for youtube_video_stats to 2025-12-14 14:00:00+00:00, run_after=2025-12-15 14:00:00+00:00
[2025-12-14T17:31:59.963+0000] {processor.py:183} INFO - Processing /opt/airflow/dags/main.py took 0.184 seconds
[2025-12-14T17:32:30.135+0000] {processor.py:161} INFO - Started process (PID=5929) to work on /opt/airflow/dags/main.py
[2025-12-14T17:32:30.136+0000] {processor.py:830} INFO - Processing file /opt/airflow/dags/main.py for tasks to queue
[2025-12-14T17:32:30.137+0000] {logging_mixin.py:188} INFO - [2025-12-14T17:32:30.137+0000] {dagbag.py:545} INFO - Filling up the DagBag from /opt/airflow/dags/main.py
[2025-12-14T17:32:30.209+0000] {processor.py:840} INFO - DAG(s) 'youtube_video_stats', 'update_db' retrieved from /opt/airflow/dags/main.py
[2025-12-14T17:32:30.235+0000] {logging_mixin.py:188} INFO - [2025-12-14T17:32:30.234+0000] {dag.py:3096} INFO - Sync 2 DAGs
[2025-12-14T17:32:30.253+0000] {logging_mixin.py:188} INFO - [2025-12-14T17:32:30.253+0000] {dag.py:3954} INFO - Setting next_dagrun for update_db to 2025-12-14 15:00:00+00:00, run_after=2025-12-15 15:00:00+00:00
[2025-12-14T17:32:30.257+0000] {logging_mixin.py:188} INFO - [2025-12-14T17:32:30.257+0000] {dag.py:3954} INFO - Setting next_dagrun for youtube_video_stats to 2025-12-14 14:00:00+00:00, run_after=2025-12-15 14:00:00+00:00
[2025-12-14T17:32:30.272+0000] {processor.py:183} INFO - Processing /opt/airflow/dags/main.py took 0.143 seconds
[2025-12-14T17:33:00.320+0000] {processor.py:161} INFO - Started process (PID=5937) to work on /opt/airflow/dags/main.py
[2025-12-14T17:33:00.322+0000] {processor.py:830} INFO - Processing file /opt/airflow/dags/main.py for tasks to queue
[2025-12-14T17:33:00.323+0000] {logging_mixin.py:188} INFO - [2025-12-14T17:33:00.323+0000] {dagbag.py:545} INFO - Filling up the DagBag from /opt/airflow/dags/main.py
[2025-12-14T17:33:00.416+0000] {processor.py:840} INFO - DAG(s) 'youtube_video_stats', 'update_db' retrieved from /opt/airflow/dags/main.py
[2025-12-14T17:33:00.451+0000] {logging_mixin.py:188} INFO - [2025-12-14T17:33:00.451+0000] {dag.py:3096} INFO - Sync 2 DAGs
[2025-12-14T17:33:00.476+0000] {logging_mixin.py:188} INFO - [2025-12-14T17:33:00.475+0000] {dag.py:3954} INFO - Setting next_dagrun for update_db to 2025-12-14 15:00:00+00:00, run_after=2025-12-15 15:00:00+00:00
[2025-12-14T17:33:00.482+0000] {logging_mixin.py:188} INFO - [2025-12-14T17:33:00.482+0000] {dag.py:3954} INFO - Setting next_dagrun for youtube_video_stats to 2025-12-14 14:00:00+00:00, run_after=2025-12-15 14:00:00+00:00
[2025-12-14T17:33:00.506+0000] {processor.py:183} INFO - Processing /opt/airflow/dags/main.py took 0.193 seconds
[2025-12-14T17:33:30.685+0000] {processor.py:161} INFO - Started process (PID=5944) to work on /opt/airflow/dags/main.py
[2025-12-14T17:33:30.686+0000] {processor.py:830} INFO - Processing file /opt/airflow/dags/main.py for tasks to queue
[2025-12-14T17:33:30.687+0000] {logging_mixin.py:188} INFO - [2025-12-14T17:33:30.687+0000] {dagbag.py:545} INFO - Filling up the DagBag from /opt/airflow/dags/main.py
[2025-12-14T17:33:30.755+0000] {processor.py:840} INFO - DAG(s) 'update_db', 'youtube_video_stats' retrieved from /opt/airflow/dags/main.py
[2025-12-14T17:33:30.782+0000] {logging_mixin.py:188} INFO - [2025-12-14T17:33:30.781+0000] {dag.py:3096} INFO - Sync 2 DAGs
[2025-12-14T17:33:30.800+0000] {logging_mixin.py:188} INFO - [2025-12-14T17:33:30.800+0000] {dag.py:3954} INFO - Setting next_dagrun for update_db to 2025-12-14 15:00:00+00:00, run_after=2025-12-15 15:00:00+00:00
[2025-12-14T17:33:30.804+0000] {logging_mixin.py:188} INFO - [2025-12-14T17:33:30.804+0000] {dag.py:3954} INFO - Setting next_dagrun for youtube_video_stats to 2025-12-14 14:00:00+00:00, run_after=2025-12-15 14:00:00+00:00
[2025-12-14T17:33:30.819+0000] {processor.py:183} INFO - Processing /opt/airflow/dags/main.py took 0.140 seconds
[2025-12-14T17:34:00.921+0000] {processor.py:161} INFO - Started process (PID=5951) to work on /opt/airflow/dags/main.py
[2025-12-14T17:34:00.922+0000] {processor.py:830} INFO - Processing file /opt/airflow/dags/main.py for tasks to queue
[2025-12-14T17:34:00.923+0000] {logging_mixin.py:188} INFO - [2025-12-14T17:34:00.923+0000] {dagbag.py:545} INFO - Filling up the DagBag from /opt/airflow/dags/main.py
[2025-12-14T17:34:01.048+0000] {processor.py:840} INFO - DAG(s) 'youtube_video_stats', 'update_db' retrieved from /opt/airflow/dags/main.py
[2025-12-14T17:34:01.079+0000] {logging_mixin.py:188} INFO - [2025-12-14T17:34:01.079+0000] {dag.py:3096} INFO - Sync 2 DAGs
[2025-12-14T17:34:01.099+0000] {logging_mixin.py:188} INFO - [2025-12-14T17:34:01.099+0000] {dag.py:3954} INFO - Setting next_dagrun for update_db to 2025-12-14 15:00:00+00:00, run_after=2025-12-15 15:00:00+00:00
[2025-12-14T17:34:01.105+0000] {logging_mixin.py:188} INFO - [2025-12-14T17:34:01.105+0000] {dag.py:3954} INFO - Setting next_dagrun for youtube_video_stats to 2025-12-14 14:00:00+00:00, run_after=2025-12-15 14:00:00+00:00
[2025-12-14T17:34:01.121+0000] {processor.py:183} INFO - Processing /opt/airflow/dags/main.py took 0.206 seconds
[2025-12-14T17:34:31.173+0000] {processor.py:161} INFO - Started process (PID=5958) to work on /opt/airflow/dags/main.py
[2025-12-14T17:34:31.174+0000] {processor.py:830} INFO - Processing file /opt/airflow/dags/main.py for tasks to queue
[2025-12-14T17:34:31.175+0000] {logging_mixin.py:188} INFO - [2025-12-14T17:34:31.175+0000] {dagbag.py:545} INFO - Filling up the DagBag from /opt/airflow/dags/main.py
[2025-12-14T17:34:31.256+0000] {processor.py:840} INFO - DAG(s) 'youtube_video_stats', 'update_db' retrieved from /opt/airflow/dags/main.py
[2025-12-14T17:34:31.281+0000] {logging_mixin.py:188} INFO - [2025-12-14T17:34:31.281+0000] {dag.py:3096} INFO - Sync 2 DAGs
[2025-12-14T17:34:31.300+0000] {logging_mixin.py:188} INFO - [2025-12-14T17:34:31.300+0000] {dag.py:3954} INFO - Setting next_dagrun for update_db to 2025-12-14 15:00:00+00:00, run_after=2025-12-15 15:00:00+00:00
[2025-12-14T17:34:31.305+0000] {logging_mixin.py:188} INFO - [2025-12-14T17:34:31.305+0000] {dag.py:3954} INFO - Setting next_dagrun for youtube_video_stats to 2025-12-14 14:00:00+00:00, run_after=2025-12-15 14:00:00+00:00
[2025-12-14T17:34:31.319+0000] {processor.py:183} INFO - Processing /opt/airflow/dags/main.py took 0.152 seconds
[2025-12-14T17:35:01.530+0000] {processor.py:161} INFO - Started process (PID=5965) to work on /opt/airflow/dags/main.py
[2025-12-14T17:35:01.531+0000] {processor.py:830} INFO - Processing file /opt/airflow/dags/main.py for tasks to queue
[2025-12-14T17:35:01.532+0000] {logging_mixin.py:188} INFO - [2025-12-14T17:35:01.532+0000] {dagbag.py:545} INFO - Filling up the DagBag from /opt/airflow/dags/main.py
[2025-12-14T17:35:01.595+0000] {processor.py:840} INFO - DAG(s) 'youtube_video_stats', 'update_db' retrieved from /opt/airflow/dags/main.py
[2025-12-14T17:35:01.619+0000] {logging_mixin.py:188} INFO - [2025-12-14T17:35:01.619+0000] {dag.py:3096} INFO - Sync 2 DAGs
[2025-12-14T17:35:01.636+0000] {logging_mixin.py:188} INFO - [2025-12-14T17:35:01.636+0000] {dag.py:3954} INFO - Setting next_dagrun for update_db to 2025-12-14 15:00:00+00:00, run_after=2025-12-15 15:00:00+00:00
[2025-12-14T17:35:01.640+0000] {logging_mixin.py:188} INFO - [2025-12-14T17:35:01.640+0000] {dag.py:3954} INFO - Setting next_dagrun for youtube_video_stats to 2025-12-14 14:00:00+00:00, run_after=2025-12-15 14:00:00+00:00
[2025-12-14T17:35:01.657+0000] {processor.py:183} INFO - Processing /opt/airflow/dags/main.py took 0.132 seconds
[2025-12-14T17:35:31.787+0000] {processor.py:161} INFO - Started process (PID=5972) to work on /opt/airflow/dags/main.py
[2025-12-14T17:35:31.788+0000] {processor.py:830} INFO - Processing file /opt/airflow/dags/main.py for tasks to queue
[2025-12-14T17:35:31.789+0000] {logging_mixin.py:188} INFO - [2025-12-14T17:35:31.789+0000] {dagbag.py:545} INFO - Filling up the DagBag from /opt/airflow/dags/main.py
[2025-12-14T17:35:31.853+0000] {processor.py:840} INFO - DAG(s) 'youtube_video_stats', 'update_db' retrieved from /opt/airflow/dags/main.py
[2025-12-14T17:35:31.877+0000] {logging_mixin.py:188} INFO - [2025-12-14T17:35:31.877+0000] {dag.py:3096} INFO - Sync 2 DAGs
[2025-12-14T17:35:31.895+0000] {logging_mixin.py:188} INFO - [2025-12-14T17:35:31.895+0000] {dag.py:3954} INFO - Setting next_dagrun for update_db to 2025-12-14 15:00:00+00:00, run_after=2025-12-15 15:00:00+00:00
[2025-12-14T17:35:31.899+0000] {logging_mixin.py:188} INFO - [2025-12-14T17:35:31.899+0000] {dag.py:3954} INFO - Setting next_dagrun for youtube_video_stats to 2025-12-14 14:00:00+00:00, run_after=2025-12-15 14:00:00+00:00
[2025-12-14T17:35:31.918+0000] {processor.py:183} INFO - Processing /opt/airflow/dags/main.py took 0.137 seconds
[2025-12-14T17:36:02.127+0000] {processor.py:161} INFO - Started process (PID=5979) to work on /opt/airflow/dags/main.py
[2025-12-14T17:36:02.128+0000] {processor.py:830} INFO - Processing file /opt/airflow/dags/main.py for tasks to queue
[2025-12-14T17:36:02.129+0000] {logging_mixin.py:188} INFO - [2025-12-14T17:36:02.129+0000] {dagbag.py:545} INFO - Filling up the DagBag from /opt/airflow/dags/main.py
[2025-12-14T17:36:02.194+0000] {processor.py:840} INFO - DAG(s) 'youtube_video_stats', 'update_db' retrieved from /opt/airflow/dags/main.py
[2025-12-14T17:36:02.218+0000] {logging_mixin.py:188} INFO - [2025-12-14T17:36:02.218+0000] {dag.py:3096} INFO - Sync 2 DAGs
[2025-12-14T17:36:02.236+0000] {logging_mixin.py:188} INFO - [2025-12-14T17:36:02.236+0000] {dag.py:3954} INFO - Setting next_dagrun for update_db to 2025-12-14 15:00:00+00:00, run_after=2025-12-15 15:00:00+00:00
[2025-12-14T17:36:02.241+0000] {logging_mixin.py:188} INFO - [2025-12-14T17:36:02.241+0000] {dag.py:3954} INFO - Setting next_dagrun for youtube_video_stats to 2025-12-14 14:00:00+00:00, run_after=2025-12-15 14:00:00+00:00
[2025-12-14T17:36:02.256+0000] {processor.py:183} INFO - Processing /opt/airflow/dags/main.py took 0.134 seconds
[2025-12-14T17:36:32.452+0000] {processor.py:161} INFO - Started process (PID=5986) to work on /opt/airflow/dags/main.py
[2025-12-14T17:36:32.454+0000] {processor.py:830} INFO - Processing file /opt/airflow/dags/main.py for tasks to queue
[2025-12-14T17:36:32.455+0000] {logging_mixin.py:188} INFO - [2025-12-14T17:36:32.455+0000] {dagbag.py:545} INFO - Filling up the DagBag from /opt/airflow/dags/main.py
[2025-12-14T17:36:32.521+0000] {processor.py:840} INFO - DAG(s) 'update_db', 'youtube_video_stats' retrieved from /opt/airflow/dags/main.py
[2025-12-14T17:36:32.547+0000] {logging_mixin.py:188} INFO - [2025-12-14T17:36:32.547+0000] {dag.py:3096} INFO - Sync 2 DAGs
[2025-12-14T17:36:32.566+0000] {logging_mixin.py:188} INFO - [2025-12-14T17:36:32.566+0000] {dag.py:3954} INFO - Setting next_dagrun for update_db to 2025-12-14 15:00:00+00:00, run_after=2025-12-15 15:00:00+00:00
[2025-12-14T17:36:32.572+0000] {logging_mixin.py:188} INFO - [2025-12-14T17:36:32.571+0000] {dag.py:3954} INFO - Setting next_dagrun for youtube_video_stats to 2025-12-14 14:00:00+00:00, run_after=2025-12-15 14:00:00+00:00
[2025-12-14T17:36:32.592+0000] {processor.py:183} INFO - Processing /opt/airflow/dags/main.py took 0.144 seconds
[2025-12-14T17:37:02.750+0000] {processor.py:161} INFO - Started process (PID=5993) to work on /opt/airflow/dags/main.py
[2025-12-14T17:37:02.751+0000] {processor.py:830} INFO - Processing file /opt/airflow/dags/main.py for tasks to queue
[2025-12-14T17:37:02.752+0000] {logging_mixin.py:188} INFO - [2025-12-14T17:37:02.752+0000] {dagbag.py:545} INFO - Filling up the DagBag from /opt/airflow/dags/main.py
[2025-12-14T17:37:02.833+0000] {processor.py:840} INFO - DAG(s) 'youtube_video_stats', 'update_db' retrieved from /opt/airflow/dags/main.py
[2025-12-14T17:37:02.870+0000] {logging_mixin.py:188} INFO - [2025-12-14T17:37:02.870+0000] {dag.py:3096} INFO - Sync 2 DAGs
[2025-12-14T17:37:02.887+0000] {logging_mixin.py:188} INFO - [2025-12-14T17:37:02.887+0000] {dag.py:3954} INFO - Setting next_dagrun for update_db to 2025-12-14 15:00:00+00:00, run_after=2025-12-15 15:00:00+00:00
[2025-12-14T17:37:02.892+0000] {logging_mixin.py:188} INFO - [2025-12-14T17:37:02.892+0000] {dag.py:3954} INFO - Setting next_dagrun for youtube_video_stats to 2025-12-14 14:00:00+00:00, run_after=2025-12-15 14:00:00+00:00
[2025-12-14T17:37:02.908+0000] {processor.py:183} INFO - Processing /opt/airflow/dags/main.py took 0.163 seconds
[2025-12-14T17:37:33.095+0000] {processor.py:161} INFO - Started process (PID=6000) to work on /opt/airflow/dags/main.py
[2025-12-14T17:37:33.096+0000] {processor.py:830} INFO - Processing file /opt/airflow/dags/main.py for tasks to queue
[2025-12-14T17:37:33.096+0000] {logging_mixin.py:188} INFO - [2025-12-14T17:37:33.096+0000] {dagbag.py:545} INFO - Filling up the DagBag from /opt/airflow/dags/main.py
[2025-12-14T17:37:33.165+0000] {processor.py:840} INFO - DAG(s) 'update_db', 'youtube_video_stats' retrieved from /opt/airflow/dags/main.py
[2025-12-14T17:37:33.192+0000] {logging_mixin.py:188} INFO - [2025-12-14T17:37:33.191+0000] {dag.py:3096} INFO - Sync 2 DAGs
[2025-12-14T17:37:33.210+0000] {logging_mixin.py:188} INFO - [2025-12-14T17:37:33.209+0000] {dag.py:3954} INFO - Setting next_dagrun for update_db to 2025-12-14 15:00:00+00:00, run_after=2025-12-15 15:00:00+00:00
[2025-12-14T17:37:33.214+0000] {logging_mixin.py:188} INFO - [2025-12-14T17:37:33.214+0000] {dag.py:3954} INFO - Setting next_dagrun for youtube_video_stats to 2025-12-14 14:00:00+00:00, run_after=2025-12-15 14:00:00+00:00
[2025-12-14T17:37:33.233+0000] {processor.py:183} INFO - Processing /opt/airflow/dags/main.py took 0.144 seconds
[2025-12-14T17:38:03.347+0000] {processor.py:161} INFO - Started process (PID=6007) to work on /opt/airflow/dags/main.py
[2025-12-14T17:38:03.348+0000] {processor.py:830} INFO - Processing file /opt/airflow/dags/main.py for tasks to queue
[2025-12-14T17:38:03.349+0000] {logging_mixin.py:188} INFO - [2025-12-14T17:38:03.348+0000] {dagbag.py:545} INFO - Filling up the DagBag from /opt/airflow/dags/main.py
[2025-12-14T17:38:03.413+0000] {processor.py:840} INFO - DAG(s) 'update_db', 'youtube_video_stats' retrieved from /opt/airflow/dags/main.py
[2025-12-14T17:38:03.437+0000] {logging_mixin.py:188} INFO - [2025-12-14T17:38:03.437+0000] {dag.py:3096} INFO - Sync 2 DAGs
[2025-12-14T17:38:03.457+0000] {logging_mixin.py:188} INFO - [2025-12-14T17:38:03.457+0000] {dag.py:3954} INFO - Setting next_dagrun for update_db to 2025-12-14 15:00:00+00:00, run_after=2025-12-15 15:00:00+00:00
[2025-12-14T17:38:03.462+0000] {logging_mixin.py:188} INFO - [2025-12-14T17:38:03.462+0000] {dag.py:3954} INFO - Setting next_dagrun for youtube_video_stats to 2025-12-14 14:00:00+00:00, run_after=2025-12-15 14:00:00+00:00
[2025-12-14T17:38:03.477+0000] {processor.py:183} INFO - Processing /opt/airflow/dags/main.py took 0.136 seconds
[2025-12-14T17:38:33.733+0000] {processor.py:161} INFO - Started process (PID=6014) to work on /opt/airflow/dags/main.py
[2025-12-14T17:38:33.734+0000] {processor.py:830} INFO - Processing file /opt/airflow/dags/main.py for tasks to queue
[2025-12-14T17:38:33.735+0000] {logging_mixin.py:188} INFO - [2025-12-14T17:38:33.735+0000] {dagbag.py:545} INFO - Filling up the DagBag from /opt/airflow/dags/main.py
[2025-12-14T17:38:33.816+0000] {processor.py:840} INFO - DAG(s) 'update_db', 'youtube_video_stats' retrieved from /opt/airflow/dags/main.py
[2025-12-14T17:38:33.842+0000] {logging_mixin.py:188} INFO - [2025-12-14T17:38:33.842+0000] {dag.py:3096} INFO - Sync 2 DAGs
[2025-12-14T17:38:33.863+0000] {logging_mixin.py:188} INFO - [2025-12-14T17:38:33.862+0000] {dag.py:3954} INFO - Setting next_dagrun for update_db to 2025-12-14 15:00:00+00:00, run_after=2025-12-15 15:00:00+00:00
[2025-12-14T17:38:33.867+0000] {logging_mixin.py:188} INFO - [2025-12-14T17:38:33.867+0000] {dag.py:3954} INFO - Setting next_dagrun for youtube_video_stats to 2025-12-14 14:00:00+00:00, run_after=2025-12-15 14:00:00+00:00
[2025-12-14T17:38:33.887+0000] {processor.py:183} INFO - Processing /opt/airflow/dags/main.py took 0.159 seconds
[2025-12-14T17:39:03.935+0000] {processor.py:161} INFO - Started process (PID=6021) to work on /opt/airflow/dags/main.py
[2025-12-14T17:39:03.936+0000] {processor.py:830} INFO - Processing file /opt/airflow/dags/main.py for tasks to queue
[2025-12-14T17:39:03.937+0000] {logging_mixin.py:188} INFO - [2025-12-14T17:39:03.937+0000] {dagbag.py:545} INFO - Filling up the DagBag from /opt/airflow/dags/main.py
[2025-12-14T17:39:04.048+0000] {processor.py:840} INFO - DAG(s) 'update_db', 'youtube_video_stats' retrieved from /opt/airflow/dags/main.py
[2025-12-14T17:39:04.084+0000] {logging_mixin.py:188} INFO - [2025-12-14T17:39:04.084+0000] {dag.py:3096} INFO - Sync 2 DAGs
[2025-12-14T17:39:04.109+0000] {logging_mixin.py:188} INFO - [2025-12-14T17:39:04.109+0000] {dag.py:3954} INFO - Setting next_dagrun for update_db to 2025-12-14 15:00:00+00:00, run_after=2025-12-15 15:00:00+00:00
[2025-12-14T17:39:04.116+0000] {logging_mixin.py:188} INFO - [2025-12-14T17:39:04.116+0000] {dag.py:3954} INFO - Setting next_dagrun for youtube_video_stats to 2025-12-14 14:00:00+00:00, run_after=2025-12-15 14:00:00+00:00
[2025-12-14T17:39:04.136+0000] {processor.py:183} INFO - Processing /opt/airflow/dags/main.py took 0.208 seconds
[2025-12-14T17:39:34.260+0000] {processor.py:161} INFO - Started process (PID=6028) to work on /opt/airflow/dags/main.py
[2025-12-14T17:39:34.262+0000] {processor.py:830} INFO - Processing file /opt/airflow/dags/main.py for tasks to queue
[2025-12-14T17:39:34.263+0000] {logging_mixin.py:188} INFO - [2025-12-14T17:39:34.263+0000] {dagbag.py:545} INFO - Filling up the DagBag from /opt/airflow/dags/main.py
[2025-12-14T17:39:34.369+0000] {processor.py:840} INFO - DAG(s) 'update_db', 'youtube_video_stats' retrieved from /opt/airflow/dags/main.py
[2025-12-14T17:39:34.409+0000] {logging_mixin.py:188} INFO - [2025-12-14T17:39:34.409+0000] {dag.py:3096} INFO - Sync 2 DAGs
[2025-12-14T17:39:34.435+0000] {logging_mixin.py:188} INFO - [2025-12-14T17:39:34.435+0000] {dag.py:3954} INFO - Setting next_dagrun for update_db to 2025-12-14 15:00:00+00:00, run_after=2025-12-15 15:00:00+00:00
[2025-12-14T17:39:34.441+0000] {logging_mixin.py:188} INFO - [2025-12-14T17:39:34.441+0000] {dag.py:3954} INFO - Setting next_dagrun for youtube_video_stats to 2025-12-14 14:00:00+00:00, run_after=2025-12-15 14:00:00+00:00
[2025-12-14T17:39:34.463+0000] {processor.py:183} INFO - Processing /opt/airflow/dags/main.py took 0.210 seconds
[2025-12-14T17:40:04.536+0000] {processor.py:161} INFO - Started process (PID=6035) to work on /opt/airflow/dags/main.py
[2025-12-14T17:40:04.537+0000] {processor.py:830} INFO - Processing file /opt/airflow/dags/main.py for tasks to queue
[2025-12-14T17:40:04.538+0000] {logging_mixin.py:188} INFO - [2025-12-14T17:40:04.538+0000] {dagbag.py:545} INFO - Filling up the DagBag from /opt/airflow/dags/main.py
[2025-12-14T17:40:04.605+0000] {processor.py:840} INFO - DAG(s) 'update_db', 'youtube_video_stats' retrieved from /opt/airflow/dags/main.py
[2025-12-14T17:40:04.631+0000] {logging_mixin.py:188} INFO - [2025-12-14T17:40:04.631+0000] {dag.py:3096} INFO - Sync 2 DAGs
[2025-12-14T17:40:04.649+0000] {logging_mixin.py:188} INFO - [2025-12-14T17:40:04.649+0000] {dag.py:3954} INFO - Setting next_dagrun for update_db to 2025-12-14 15:00:00+00:00, run_after=2025-12-15 15:00:00+00:00
[2025-12-14T17:40:04.653+0000] {logging_mixin.py:188} INFO - [2025-12-14T17:40:04.653+0000] {dag.py:3954} INFO - Setting next_dagrun for youtube_video_stats to 2025-12-14 14:00:00+00:00, run_after=2025-12-15 14:00:00+00:00
[2025-12-14T17:40:04.685+0000] {processor.py:183} INFO - Processing /opt/airflow/dags/main.py took 0.154 seconds
[2025-12-14T17:40:34.904+0000] {processor.py:161} INFO - Started process (PID=6043) to work on /opt/airflow/dags/main.py
[2025-12-14T17:40:34.905+0000] {processor.py:830} INFO - Processing file /opt/airflow/dags/main.py for tasks to queue
[2025-12-14T17:40:34.906+0000] {logging_mixin.py:188} INFO - [2025-12-14T17:40:34.906+0000] {dagbag.py:545} INFO - Filling up the DagBag from /opt/airflow/dags/main.py
[2025-12-14T17:40:34.972+0000] {processor.py:840} INFO - DAG(s) 'youtube_video_stats', 'update_db' retrieved from /opt/airflow/dags/main.py
[2025-12-14T17:40:34.996+0000] {logging_mixin.py:188} INFO - [2025-12-14T17:40:34.996+0000] {dag.py:3096} INFO - Sync 2 DAGs
[2025-12-14T17:40:35.014+0000] {logging_mixin.py:188} INFO - [2025-12-14T17:40:35.014+0000] {dag.py:3954} INFO - Setting next_dagrun for update_db to 2025-12-14 15:00:00+00:00, run_after=2025-12-15 15:00:00+00:00
[2025-12-14T17:40:35.019+0000] {logging_mixin.py:188} INFO - [2025-12-14T17:40:35.019+0000] {dag.py:3954} INFO - Setting next_dagrun for youtube_video_stats to 2025-12-14 14:00:00+00:00, run_after=2025-12-15 14:00:00+00:00
[2025-12-14T17:40:35.038+0000] {processor.py:183} INFO - Processing /opt/airflow/dags/main.py took 0.139 seconds
[2025-12-14T17:41:05.138+0000] {processor.py:161} INFO - Started process (PID=6050) to work on /opt/airflow/dags/main.py
[2025-12-14T17:41:05.140+0000] {processor.py:830} INFO - Processing file /opt/airflow/dags/main.py for tasks to queue
[2025-12-14T17:41:05.141+0000] {logging_mixin.py:188} INFO - [2025-12-14T17:41:05.141+0000] {dagbag.py:545} INFO - Filling up the DagBag from /opt/airflow/dags/main.py
[2025-12-14T17:41:05.200+0000] {processor.py:840} INFO - DAG(s) 'update_db', 'youtube_video_stats' retrieved from /opt/airflow/dags/main.py
[2025-12-14T17:41:05.229+0000] {logging_mixin.py:188} INFO - [2025-12-14T17:41:05.228+0000] {dag.py:3096} INFO - Sync 2 DAGs
[2025-12-14T17:41:05.247+0000] {logging_mixin.py:188} INFO - [2025-12-14T17:41:05.247+0000] {dag.py:3954} INFO - Setting next_dagrun for update_db to 2025-12-14 15:00:00+00:00, run_after=2025-12-15 15:00:00+00:00
[2025-12-14T17:41:05.252+0000] {logging_mixin.py:188} INFO - [2025-12-14T17:41:05.252+0000] {dag.py:3954} INFO - Setting next_dagrun for youtube_video_stats to 2025-12-14 14:00:00+00:00, run_after=2025-12-15 14:00:00+00:00
[2025-12-14T17:41:05.269+0000] {processor.py:183} INFO - Processing /opt/airflow/dags/main.py took 0.136 seconds
[2025-12-14T17:41:35.596+0000] {processor.py:161} INFO - Started process (PID=6057) to work on /opt/airflow/dags/main.py
[2025-12-14T17:41:35.596+0000] {processor.py:830} INFO - Processing file /opt/airflow/dags/main.py for tasks to queue
[2025-12-14T17:41:35.597+0000] {logging_mixin.py:188} INFO - [2025-12-14T17:41:35.597+0000] {dagbag.py:545} INFO - Filling up the DagBag from /opt/airflow/dags/main.py
[2025-12-14T17:41:35.664+0000] {processor.py:840} INFO - DAG(s) 'youtube_video_stats', 'update_db' retrieved from /opt/airflow/dags/main.py
[2025-12-14T17:41:35.688+0000] {logging_mixin.py:188} INFO - [2025-12-14T17:41:35.688+0000] {dag.py:3096} INFO - Sync 2 DAGs
[2025-12-14T17:41:35.709+0000] {logging_mixin.py:188} INFO - [2025-12-14T17:41:35.708+0000] {dag.py:3954} INFO - Setting next_dagrun for update_db to 2025-12-14 15:00:00+00:00, run_after=2025-12-15 15:00:00+00:00
[2025-12-14T17:41:35.714+0000] {logging_mixin.py:188} INFO - [2025-12-14T17:41:35.713+0000] {dag.py:3954} INFO - Setting next_dagrun for youtube_video_stats to 2025-12-14 14:00:00+00:00, run_after=2025-12-15 14:00:00+00:00
[2025-12-14T17:41:35.730+0000] {processor.py:183} INFO - Processing /opt/airflow/dags/main.py took 0.139 seconds
[2025-12-14T17:42:05.830+0000] {processor.py:161} INFO - Started process (PID=6064) to work on /opt/airflow/dags/main.py
[2025-12-14T17:42:05.831+0000] {processor.py:830} INFO - Processing file /opt/airflow/dags/main.py for tasks to queue
[2025-12-14T17:42:05.832+0000] {logging_mixin.py:188} INFO - [2025-12-14T17:42:05.832+0000] {dagbag.py:545} INFO - Filling up the DagBag from /opt/airflow/dags/main.py
[2025-12-14T17:42:05.897+0000] {processor.py:840} INFO - DAG(s) 'youtube_video_stats', 'update_db' retrieved from /opt/airflow/dags/main.py
[2025-12-14T17:42:05.925+0000] {logging_mixin.py:188} INFO - [2025-12-14T17:42:05.925+0000] {dag.py:3096} INFO - Sync 2 DAGs
[2025-12-14T17:42:05.951+0000] {logging_mixin.py:188} INFO - [2025-12-14T17:42:05.950+0000] {dag.py:3954} INFO - Setting next_dagrun for update_db to 2025-12-14 15:00:00+00:00, run_after=2025-12-15 15:00:00+00:00
[2025-12-14T17:42:05.955+0000] {logging_mixin.py:188} INFO - [2025-12-14T17:42:05.955+0000] {dag.py:3954} INFO - Setting next_dagrun for youtube_video_stats to 2025-12-14 14:00:00+00:00, run_after=2025-12-15 14:00:00+00:00
[2025-12-14T17:42:05.976+0000] {processor.py:183} INFO - Processing /opt/airflow/dags/main.py took 0.153 seconds
[2025-12-14T17:42:36.197+0000] {processor.py:161} INFO - Started process (PID=6071) to work on /opt/airflow/dags/main.py
[2025-12-14T17:42:36.198+0000] {processor.py:830} INFO - Processing file /opt/airflow/dags/main.py for tasks to queue
[2025-12-14T17:42:36.199+0000] {logging_mixin.py:188} INFO - [2025-12-14T17:42:36.199+0000] {dagbag.py:545} INFO - Filling up the DagBag from /opt/airflow/dags/main.py
[2025-12-14T17:42:36.274+0000] {processor.py:840} INFO - DAG(s) 'youtube_video_stats', 'update_db' retrieved from /opt/airflow/dags/main.py
[2025-12-14T17:42:36.300+0000] {logging_mixin.py:188} INFO - [2025-12-14T17:42:36.300+0000] {dag.py:3096} INFO - Sync 2 DAGs
[2025-12-14T17:42:36.323+0000] {logging_mixin.py:188} INFO - [2025-12-14T17:42:36.323+0000] {dag.py:3954} INFO - Setting next_dagrun for update_db to 2025-12-14 15:00:00+00:00, run_after=2025-12-15 15:00:00+00:00
[2025-12-14T17:42:36.328+0000] {logging_mixin.py:188} INFO - [2025-12-14T17:42:36.328+0000] {dag.py:3954} INFO - Setting next_dagrun for youtube_video_stats to 2025-12-14 14:00:00+00:00, run_after=2025-12-15 14:00:00+00:00
[2025-12-14T17:42:36.351+0000] {processor.py:183} INFO - Processing /opt/airflow/dags/main.py took 0.159 seconds
[2025-12-14T17:43:06.477+0000] {processor.py:161} INFO - Started process (PID=6078) to work on /opt/airflow/dags/main.py
[2025-12-14T17:43:06.478+0000] {processor.py:830} INFO - Processing file /opt/airflow/dags/main.py for tasks to queue
[2025-12-14T17:43:06.479+0000] {logging_mixin.py:188} INFO - [2025-12-14T17:43:06.479+0000] {dagbag.py:545} INFO - Filling up the DagBag from /opt/airflow/dags/main.py
[2025-12-14T17:43:06.547+0000] {processor.py:840} INFO - DAG(s) 'youtube_video_stats', 'update_db' retrieved from /opt/airflow/dags/main.py
[2025-12-14T17:43:06.575+0000] {logging_mixin.py:188} INFO - [2025-12-14T17:43:06.574+0000] {dag.py:3096} INFO - Sync 2 DAGs
[2025-12-14T17:43:06.593+0000] {logging_mixin.py:188} INFO - [2025-12-14T17:43:06.593+0000] {dag.py:3954} INFO - Setting next_dagrun for update_db to 2025-12-14 15:00:00+00:00, run_after=2025-12-15 15:00:00+00:00
[2025-12-14T17:43:06.597+0000] {logging_mixin.py:188} INFO - [2025-12-14T17:43:06.597+0000] {dag.py:3954} INFO - Setting next_dagrun for youtube_video_stats to 2025-12-14 14:00:00+00:00, run_after=2025-12-15 14:00:00+00:00
[2025-12-14T17:43:06.617+0000] {processor.py:183} INFO - Processing /opt/airflow/dags/main.py took 0.145 seconds
[2025-12-14T17:43:36.718+0000] {processor.py:161} INFO - Started process (PID=6085) to work on /opt/airflow/dags/main.py
[2025-12-14T17:43:36.719+0000] {processor.py:830} INFO - Processing file /opt/airflow/dags/main.py for tasks to queue
[2025-12-14T17:43:36.720+0000] {logging_mixin.py:188} INFO - [2025-12-14T17:43:36.720+0000] {dagbag.py:545} INFO - Filling up the DagBag from /opt/airflow/dags/main.py
[2025-12-14T17:43:36.783+0000] {processor.py:840} INFO - DAG(s) 'update_db', 'youtube_video_stats' retrieved from /opt/airflow/dags/main.py
[2025-12-14T17:43:36.808+0000] {logging_mixin.py:188} INFO - [2025-12-14T17:43:36.808+0000] {dag.py:3096} INFO - Sync 2 DAGs
[2025-12-14T17:43:36.826+0000] {logging_mixin.py:188} INFO - [2025-12-14T17:43:36.826+0000] {dag.py:3954} INFO - Setting next_dagrun for update_db to 2025-12-14 15:00:00+00:00, run_after=2025-12-15 15:00:00+00:00
[2025-12-14T17:43:36.830+0000] {logging_mixin.py:188} INFO - [2025-12-14T17:43:36.830+0000] {dag.py:3954} INFO - Setting next_dagrun for youtube_video_stats to 2025-12-14 14:00:00+00:00, run_after=2025-12-15 14:00:00+00:00
[2025-12-14T17:43:36.851+0000] {processor.py:183} INFO - Processing /opt/airflow/dags/main.py took 0.138 seconds
[2025-12-14T17:44:07.042+0000] {processor.py:161} INFO - Started process (PID=6092) to work on /opt/airflow/dags/main.py
[2025-12-14T17:44:07.044+0000] {processor.py:830} INFO - Processing file /opt/airflow/dags/main.py for tasks to queue
[2025-12-14T17:44:07.045+0000] {logging_mixin.py:188} INFO - [2025-12-14T17:44:07.044+0000] {dagbag.py:545} INFO - Filling up the DagBag from /opt/airflow/dags/main.py
[2025-12-14T17:44:07.124+0000] {processor.py:840} INFO - DAG(s) 'update_db', 'youtube_video_stats' retrieved from /opt/airflow/dags/main.py
[2025-12-14T17:44:07.153+0000] {logging_mixin.py:188} INFO - [2025-12-14T17:44:07.153+0000] {dag.py:3096} INFO - Sync 2 DAGs
[2025-12-14T17:44:07.177+0000] {logging_mixin.py:188} INFO - [2025-12-14T17:44:07.177+0000] {dag.py:3954} INFO - Setting next_dagrun for update_db to 2025-12-14 15:00:00+00:00, run_after=2025-12-15 15:00:00+00:00
[2025-12-14T17:44:07.182+0000] {logging_mixin.py:188} INFO - [2025-12-14T17:44:07.182+0000] {dag.py:3954} INFO - Setting next_dagrun for youtube_video_stats to 2025-12-14 14:00:00+00:00, run_after=2025-12-15 14:00:00+00:00
[2025-12-14T17:44:07.206+0000] {processor.py:183} INFO - Processing /opt/airflow/dags/main.py took 0.169 seconds
[2025-12-14T17:44:37.407+0000] {processor.py:161} INFO - Started process (PID=6099) to work on /opt/airflow/dags/main.py
[2025-12-14T17:44:37.409+0000] {processor.py:830} INFO - Processing file /opt/airflow/dags/main.py for tasks to queue
[2025-12-14T17:44:37.410+0000] {logging_mixin.py:188} INFO - [2025-12-14T17:44:37.410+0000] {dagbag.py:545} INFO - Filling up the DagBag from /opt/airflow/dags/main.py
[2025-12-14T17:44:37.752+0000] {processor.py:840} INFO - DAG(s) 'update_db', 'youtube_video_stats' retrieved from /opt/airflow/dags/main.py
[2025-12-14T17:44:37.847+0000] {logging_mixin.py:188} INFO - [2025-12-14T17:44:37.847+0000] {dag.py:3096} INFO - Sync 2 DAGs
[2025-12-14T17:44:37.927+0000] {logging_mixin.py:188} INFO - [2025-12-14T17:44:37.926+0000] {dag.py:3954} INFO - Setting next_dagrun for update_db to 2025-12-14 15:00:00+00:00, run_after=2025-12-15 15:00:00+00:00
[2025-12-14T17:44:37.959+0000] {logging_mixin.py:188} INFO - [2025-12-14T17:44:37.959+0000] {dag.py:3954} INFO - Setting next_dagrun for youtube_video_stats to 2025-12-14 14:00:00+00:00, run_after=2025-12-15 14:00:00+00:00
[2025-12-14T17:44:38.053+0000] {processor.py:183} INFO - Processing /opt/airflow/dags/main.py took 0.657 seconds
[2025-12-14T17:45:08.319+0000] {processor.py:161} INFO - Started process (PID=6106) to work on /opt/airflow/dags/main.py
[2025-12-14T17:45:08.320+0000] {processor.py:830} INFO - Processing file /opt/airflow/dags/main.py for tasks to queue
[2025-12-14T17:45:08.321+0000] {logging_mixin.py:188} INFO - [2025-12-14T17:45:08.321+0000] {dagbag.py:545} INFO - Filling up the DagBag from /opt/airflow/dags/main.py
[2025-12-14T17:45:08.382+0000] {processor.py:840} INFO - DAG(s) 'update_db', 'youtube_video_stats' retrieved from /opt/airflow/dags/main.py
[2025-12-14T17:45:08.410+0000] {logging_mixin.py:188} INFO - [2025-12-14T17:45:08.410+0000] {dag.py:3096} INFO - Sync 2 DAGs
[2025-12-14T17:45:08.429+0000] {logging_mixin.py:188} INFO - [2025-12-14T17:45:08.429+0000] {dag.py:3954} INFO - Setting next_dagrun for update_db to 2025-12-14 15:00:00+00:00, run_after=2025-12-15 15:00:00+00:00
[2025-12-14T17:45:08.434+0000] {logging_mixin.py:188} INFO - [2025-12-14T17:45:08.434+0000] {dag.py:3954} INFO - Setting next_dagrun for youtube_video_stats to 2025-12-14 14:00:00+00:00, run_after=2025-12-15 14:00:00+00:00
[2025-12-14T17:45:08.450+0000] {processor.py:183} INFO - Processing /opt/airflow/dags/main.py took 0.136 seconds
[2025-12-14T17:45:38.559+0000] {processor.py:161} INFO - Started process (PID=6113) to work on /opt/airflow/dags/main.py
[2025-12-14T17:45:38.561+0000] {processor.py:830} INFO - Processing file /opt/airflow/dags/main.py for tasks to queue
[2025-12-14T17:45:38.562+0000] {logging_mixin.py:188} INFO - [2025-12-14T17:45:38.562+0000] {dagbag.py:545} INFO - Filling up the DagBag from /opt/airflow/dags/main.py
[2025-12-14T17:45:38.648+0000] {processor.py:840} INFO - DAG(s) 'update_db', 'youtube_video_stats' retrieved from /opt/airflow/dags/main.py
[2025-12-14T17:45:38.675+0000] {logging_mixin.py:188} INFO - [2025-12-14T17:45:38.675+0000] {dag.py:3096} INFO - Sync 2 DAGs
[2025-12-14T17:45:38.695+0000] {logging_mixin.py:188} INFO - [2025-12-14T17:45:38.694+0000] {dag.py:3954} INFO - Setting next_dagrun for update_db to 2025-12-14 15:00:00+00:00, run_after=2025-12-15 15:00:00+00:00
[2025-12-14T17:45:38.700+0000] {logging_mixin.py:188} INFO - [2025-12-14T17:45:38.700+0000] {dag.py:3954} INFO - Setting next_dagrun for youtube_video_stats to 2025-12-14 14:00:00+00:00, run_after=2025-12-15 14:00:00+00:00
[2025-12-14T17:45:38.716+0000] {processor.py:183} INFO - Processing /opt/airflow/dags/main.py took 0.162 seconds
[2025-12-14T17:46:08.924+0000] {processor.py:161} INFO - Started process (PID=6120) to work on /opt/airflow/dags/main.py
[2025-12-14T17:46:08.926+0000] {processor.py:830} INFO - Processing file /opt/airflow/dags/main.py for tasks to queue
[2025-12-14T17:46:08.927+0000] {logging_mixin.py:188} INFO - [2025-12-14T17:46:08.927+0000] {dagbag.py:545} INFO - Filling up the DagBag from /opt/airflow/dags/main.py
[2025-12-14T17:46:09.008+0000] {processor.py:840} INFO - DAG(s) 'update_db', 'youtube_video_stats' retrieved from /opt/airflow/dags/main.py
[2025-12-14T17:46:09.038+0000] {logging_mixin.py:188} INFO - [2025-12-14T17:46:09.037+0000] {dag.py:3096} INFO - Sync 2 DAGs
[2025-12-14T17:46:09.057+0000] {logging_mixin.py:188} INFO - [2025-12-14T17:46:09.057+0000] {dag.py:3954} INFO - Setting next_dagrun for update_db to 2025-12-14 15:00:00+00:00, run_after=2025-12-15 15:00:00+00:00
[2025-12-14T17:46:09.062+0000] {logging_mixin.py:188} INFO - [2025-12-14T17:46:09.062+0000] {dag.py:3954} INFO - Setting next_dagrun for youtube_video_stats to 2025-12-14 14:00:00+00:00, run_after=2025-12-15 14:00:00+00:00
[2025-12-14T17:46:09.073+0000] {processor.py:183} INFO - Processing /opt/airflow/dags/main.py took 0.155 seconds
[2025-12-14T17:46:39.299+0000] {processor.py:161} INFO - Started process (PID=6127) to work on /opt/airflow/dags/main.py
[2025-12-14T17:46:39.300+0000] {processor.py:830} INFO - Processing file /opt/airflow/dags/main.py for tasks to queue
[2025-12-14T17:46:39.301+0000] {logging_mixin.py:188} INFO - [2025-12-14T17:46:39.301+0000] {dagbag.py:545} INFO - Filling up the DagBag from /opt/airflow/dags/main.py
[2025-12-14T17:46:39.371+0000] {processor.py:840} INFO - DAG(s) 'youtube_video_stats', 'update_db' retrieved from /opt/airflow/dags/main.py
[2025-12-14T17:46:39.398+0000] {logging_mixin.py:188} INFO - [2025-12-14T17:46:39.398+0000] {dag.py:3096} INFO - Sync 2 DAGs
[2025-12-14T17:46:39.418+0000] {logging_mixin.py:188} INFO - [2025-12-14T17:46:39.418+0000] {dag.py:3954} INFO - Setting next_dagrun for update_db to 2025-12-14 15:00:00+00:00, run_after=2025-12-15 15:00:00+00:00
[2025-12-14T17:46:39.424+0000] {logging_mixin.py:188} INFO - [2025-12-14T17:46:39.424+0000] {dag.py:3954} INFO - Setting next_dagrun for youtube_video_stats to 2025-12-14 14:00:00+00:00, run_after=2025-12-15 14:00:00+00:00
[2025-12-14T17:46:39.443+0000] {processor.py:183} INFO - Processing /opt/airflow/dags/main.py took 0.150 seconds
[2025-12-14T17:47:09.606+0000] {processor.py:161} INFO - Started process (PID=6134) to work on /opt/airflow/dags/main.py
[2025-12-14T17:47:09.608+0000] {processor.py:830} INFO - Processing file /opt/airflow/dags/main.py for tasks to queue
[2025-12-14T17:47:09.609+0000] {logging_mixin.py:188} INFO - [2025-12-14T17:47:09.608+0000] {dagbag.py:545} INFO - Filling up the DagBag from /opt/airflow/dags/main.py
[2025-12-14T17:47:09.678+0000] {processor.py:840} INFO - DAG(s) 'update_db', 'youtube_video_stats' retrieved from /opt/airflow/dags/main.py
[2025-12-14T17:47:09.703+0000] {logging_mixin.py:188} INFO - [2025-12-14T17:47:09.703+0000] {dag.py:3096} INFO - Sync 2 DAGs
[2025-12-14T17:47:09.721+0000] {logging_mixin.py:188} INFO - [2025-12-14T17:47:09.721+0000] {dag.py:3954} INFO - Setting next_dagrun for update_db to 2025-12-14 15:00:00+00:00, run_after=2025-12-15 15:00:00+00:00
[2025-12-14T17:47:09.725+0000] {logging_mixin.py:188} INFO - [2025-12-14T17:47:09.725+0000] {dag.py:3954} INFO - Setting next_dagrun for youtube_video_stats to 2025-12-14 14:00:00+00:00, run_after=2025-12-15 14:00:00+00:00
[2025-12-14T17:47:09.740+0000] {processor.py:183} INFO - Processing /opt/airflow/dags/main.py took 0.140 seconds
[2025-12-14T17:47:39.957+0000] {processor.py:161} INFO - Started process (PID=6141) to work on /opt/airflow/dags/main.py
[2025-12-14T17:47:39.958+0000] {processor.py:830} INFO - Processing file /opt/airflow/dags/main.py for tasks to queue
[2025-12-14T17:47:39.959+0000] {logging_mixin.py:188} INFO - [2025-12-14T17:47:39.959+0000] {dagbag.py:545} INFO - Filling up the DagBag from /opt/airflow/dags/main.py
[2025-12-14T17:47:40.030+0000] {processor.py:840} INFO - DAG(s) 'update_db', 'youtube_video_stats' retrieved from /opt/airflow/dags/main.py
[2025-12-14T17:47:40.056+0000] {logging_mixin.py:188} INFO - [2025-12-14T17:47:40.055+0000] {dag.py:3096} INFO - Sync 2 DAGs
[2025-12-14T17:47:40.074+0000] {logging_mixin.py:188} INFO - [2025-12-14T17:47:40.074+0000] {dag.py:3954} INFO - Setting next_dagrun for update_db to 2025-12-14 15:00:00+00:00, run_after=2025-12-15 15:00:00+00:00
[2025-12-14T17:47:40.080+0000] {logging_mixin.py:188} INFO - [2025-12-14T17:47:40.080+0000] {dag.py:3954} INFO - Setting next_dagrun for youtube_video_stats to 2025-12-14 14:00:00+00:00, run_after=2025-12-15 14:00:00+00:00
[2025-12-14T17:47:40.095+0000] {processor.py:183} INFO - Processing /opt/airflow/dags/main.py took 0.143 seconds
[2025-12-14T17:48:10.221+0000] {processor.py:161} INFO - Started process (PID=6148) to work on /opt/airflow/dags/main.py
[2025-12-14T17:48:10.222+0000] {processor.py:830} INFO - Processing file /opt/airflow/dags/main.py for tasks to queue
[2025-12-14T17:48:10.223+0000] {logging_mixin.py:188} INFO - [2025-12-14T17:48:10.223+0000] {dagbag.py:545} INFO - Filling up the DagBag from /opt/airflow/dags/main.py
[2025-12-14T17:48:10.295+0000] {processor.py:840} INFO - DAG(s) 'youtube_video_stats', 'update_db' retrieved from /opt/airflow/dags/main.py
[2025-12-14T17:48:10.320+0000] {logging_mixin.py:188} INFO - [2025-12-14T17:48:10.320+0000] {dag.py:3096} INFO - Sync 2 DAGs
[2025-12-14T17:48:10.338+0000] {logging_mixin.py:188} INFO - [2025-12-14T17:48:10.338+0000] {dag.py:3954} INFO - Setting next_dagrun for update_db to 2025-12-14 15:00:00+00:00, run_after=2025-12-15 15:00:00+00:00
[2025-12-14T17:48:10.343+0000] {logging_mixin.py:188} INFO - [2025-12-14T17:48:10.343+0000] {dag.py:3954} INFO - Setting next_dagrun for youtube_video_stats to 2025-12-14 14:00:00+00:00, run_after=2025-12-15 14:00:00+00:00
[2025-12-14T17:48:10.356+0000] {processor.py:183} INFO - Processing /opt/airflow/dags/main.py took 0.140 seconds
[2025-12-14T17:48:40.607+0000] {processor.py:161} INFO - Started process (PID=6155) to work on /opt/airflow/dags/main.py
[2025-12-14T17:48:40.608+0000] {processor.py:830} INFO - Processing file /opt/airflow/dags/main.py for tasks to queue
[2025-12-14T17:48:40.609+0000] {logging_mixin.py:188} INFO - [2025-12-14T17:48:40.608+0000] {dagbag.py:545} INFO - Filling up the DagBag from /opt/airflow/dags/main.py
[2025-12-14T17:48:40.684+0000] {processor.py:840} INFO - DAG(s) 'youtube_video_stats', 'update_db' retrieved from /opt/airflow/dags/main.py
[2025-12-14T17:48:40.713+0000] {logging_mixin.py:188} INFO - [2025-12-14T17:48:40.712+0000] {dag.py:3096} INFO - Sync 2 DAGs
[2025-12-14T17:48:40.732+0000] {logging_mixin.py:188} INFO - [2025-12-14T17:48:40.732+0000] {dag.py:3954} INFO - Setting next_dagrun for update_db to 2025-12-14 15:00:00+00:00, run_after=2025-12-15 15:00:00+00:00
[2025-12-14T17:48:40.737+0000] {logging_mixin.py:188} INFO - [2025-12-14T17:48:40.737+0000] {dag.py:3954} INFO - Setting next_dagrun for youtube_video_stats to 2025-12-14 14:00:00+00:00, run_after=2025-12-15 14:00:00+00:00
[2025-12-14T17:48:40.752+0000] {processor.py:183} INFO - Processing /opt/airflow/dags/main.py took 0.150 seconds
[2025-12-14T17:49:10.802+0000] {processor.py:161} INFO - Started process (PID=6162) to work on /opt/airflow/dags/main.py
[2025-12-14T17:49:10.804+0000] {processor.py:830} INFO - Processing file /opt/airflow/dags/main.py for tasks to queue
[2025-12-14T17:49:10.807+0000] {logging_mixin.py:188} INFO - [2025-12-14T17:49:10.806+0000] {dagbag.py:545} INFO - Filling up the DagBag from /opt/airflow/dags/main.py
[2025-12-14T17:49:10.892+0000] {processor.py:840} INFO - DAG(s) 'youtube_video_stats', 'update_db' retrieved from /opt/airflow/dags/main.py
[2025-12-14T17:49:10.925+0000] {logging_mixin.py:188} INFO - [2025-12-14T17:49:10.925+0000] {dag.py:3096} INFO - Sync 2 DAGs
[2025-12-14T17:49:10.946+0000] {logging_mixin.py:188} INFO - [2025-12-14T17:49:10.946+0000] {dag.py:3954} INFO - Setting next_dagrun for update_db to 2025-12-14 15:00:00+00:00, run_after=2025-12-15 15:00:00+00:00
[2025-12-14T17:49:10.951+0000] {logging_mixin.py:188} INFO - [2025-12-14T17:49:10.951+0000] {dag.py:3954} INFO - Setting next_dagrun for youtube_video_stats to 2025-12-14 14:00:00+00:00, run_after=2025-12-15 14:00:00+00:00
[2025-12-14T17:49:10.970+0000] {processor.py:183} INFO - Processing /opt/airflow/dags/main.py took 0.176 seconds
[2025-12-14T17:49:41.113+0000] {processor.py:161} INFO - Started process (PID=6169) to work on /opt/airflow/dags/main.py
[2025-12-14T17:49:41.114+0000] {processor.py:830} INFO - Processing file /opt/airflow/dags/main.py for tasks to queue
[2025-12-14T17:49:41.116+0000] {logging_mixin.py:188} INFO - [2025-12-14T17:49:41.115+0000] {dagbag.py:545} INFO - Filling up the DagBag from /opt/airflow/dags/main.py
[2025-12-14T17:49:41.207+0000] {processor.py:840} INFO - DAG(s) 'update_db', 'youtube_video_stats' retrieved from /opt/airflow/dags/main.py
[2025-12-14T17:49:41.238+0000] {logging_mixin.py:188} INFO - [2025-12-14T17:49:41.238+0000] {dag.py:3096} INFO - Sync 2 DAGs
[2025-12-14T17:49:41.261+0000] {logging_mixin.py:188} INFO - [2025-12-14T17:49:41.261+0000] {dag.py:3954} INFO - Setting next_dagrun for update_db to 2025-12-14 15:00:00+00:00, run_after=2025-12-15 15:00:00+00:00
[2025-12-14T17:49:41.266+0000] {logging_mixin.py:188} INFO - [2025-12-14T17:49:41.266+0000] {dag.py:3954} INFO - Setting next_dagrun for youtube_video_stats to 2025-12-14 14:00:00+00:00, run_after=2025-12-15 14:00:00+00:00
[2025-12-14T17:49:41.285+0000] {processor.py:183} INFO - Processing /opt/airflow/dags/main.py took 0.178 seconds
[2025-12-14T17:50:11.411+0000] {processor.py:161} INFO - Started process (PID=6176) to work on /opt/airflow/dags/main.py
[2025-12-14T17:50:11.412+0000] {processor.py:830} INFO - Processing file /opt/airflow/dags/main.py for tasks to queue
[2025-12-14T17:50:11.413+0000] {logging_mixin.py:188} INFO - [2025-12-14T17:50:11.413+0000] {dagbag.py:545} INFO - Filling up the DagBag from /opt/airflow/dags/main.py
[2025-12-14T17:50:11.485+0000] {processor.py:840} INFO - DAG(s) 'youtube_video_stats', 'update_db' retrieved from /opt/airflow/dags/main.py
[2025-12-14T17:50:11.512+0000] {logging_mixin.py:188} INFO - [2025-12-14T17:50:11.511+0000] {dag.py:3096} INFO - Sync 2 DAGs
[2025-12-14T17:50:11.532+0000] {logging_mixin.py:188} INFO - [2025-12-14T17:50:11.532+0000] {dag.py:3954} INFO - Setting next_dagrun for update_db to 2025-12-14 15:00:00+00:00, run_after=2025-12-15 15:00:00+00:00
[2025-12-14T17:50:11.537+0000] {logging_mixin.py:188} INFO - [2025-12-14T17:50:11.537+0000] {dag.py:3954} INFO - Setting next_dagrun for youtube_video_stats to 2025-12-14 14:00:00+00:00, run_after=2025-12-15 14:00:00+00:00
[2025-12-14T17:50:11.554+0000] {processor.py:183} INFO - Processing /opt/airflow/dags/main.py took 0.149 seconds
[2025-12-14T17:50:41.814+0000] {processor.py:161} INFO - Started process (PID=6183) to work on /opt/airflow/dags/main.py
[2025-12-14T17:50:41.815+0000] {processor.py:830} INFO - Processing file /opt/airflow/dags/main.py for tasks to queue
[2025-12-14T17:50:41.816+0000] {logging_mixin.py:188} INFO - [2025-12-14T17:50:41.816+0000] {dagbag.py:545} INFO - Filling up the DagBag from /opt/airflow/dags/main.py
[2025-12-14T17:50:41.894+0000] {processor.py:840} INFO - DAG(s) 'update_db', 'youtube_video_stats' retrieved from /opt/airflow/dags/main.py
[2025-12-14T17:50:41.921+0000] {logging_mixin.py:188} INFO - [2025-12-14T17:50:41.920+0000] {dag.py:3096} INFO - Sync 2 DAGs
[2025-12-14T17:50:41.943+0000] {logging_mixin.py:188} INFO - [2025-12-14T17:50:41.942+0000] {dag.py:3954} INFO - Setting next_dagrun for update_db to 2025-12-14 15:00:00+00:00, run_after=2025-12-15 15:00:00+00:00
[2025-12-14T17:50:41.948+0000] {logging_mixin.py:188} INFO - [2025-12-14T17:50:41.948+0000] {dag.py:3954} INFO - Setting next_dagrun for youtube_video_stats to 2025-12-14 14:00:00+00:00, run_after=2025-12-15 14:00:00+00:00
[2025-12-14T17:50:41.964+0000] {processor.py:183} INFO - Processing /opt/airflow/dags/main.py took 0.155 seconds
[2025-12-14T17:51:12.039+0000] {processor.py:161} INFO - Started process (PID=6190) to work on /opt/airflow/dags/main.py
[2025-12-14T17:51:12.040+0000] {processor.py:830} INFO - Processing file /opt/airflow/dags/main.py for tasks to queue
[2025-12-14T17:51:12.041+0000] {logging_mixin.py:188} INFO - [2025-12-14T17:51:12.041+0000] {dagbag.py:545} INFO - Filling up the DagBag from /opt/airflow/dags/main.py
[2025-12-14T17:51:12.123+0000] {processor.py:840} INFO - DAG(s) 'update_db', 'youtube_video_stats' retrieved from /opt/airflow/dags/main.py
[2025-12-14T17:51:12.149+0000] {logging_mixin.py:188} INFO - [2025-12-14T17:51:12.149+0000] {dag.py:3096} INFO - Sync 2 DAGs
[2025-12-14T17:51:12.168+0000] {logging_mixin.py:188} INFO - [2025-12-14T17:51:12.168+0000] {dag.py:3954} INFO - Setting next_dagrun for update_db to 2025-12-14 15:00:00+00:00, run_after=2025-12-15 15:00:00+00:00
[2025-12-14T17:51:12.173+0000] {logging_mixin.py:188} INFO - [2025-12-14T17:51:12.173+0000] {dag.py:3954} INFO - Setting next_dagrun for youtube_video_stats to 2025-12-14 14:00:00+00:00, run_after=2025-12-15 14:00:00+00:00
[2025-12-14T17:51:12.192+0000] {processor.py:183} INFO - Processing /opt/airflow/dags/main.py took 0.158 seconds
[2025-12-14T17:51:42.560+0000] {processor.py:161} INFO - Started process (PID=6196) to work on /opt/airflow/dags/main.py
[2025-12-14T17:51:42.561+0000] {processor.py:830} INFO - Processing file /opt/airflow/dags/main.py for tasks to queue
[2025-12-14T17:51:42.562+0000] {logging_mixin.py:188} INFO - [2025-12-14T17:51:42.562+0000] {dagbag.py:545} INFO - Filling up the DagBag from /opt/airflow/dags/main.py
[2025-12-14T17:51:42.626+0000] {processor.py:840} INFO - DAG(s) 'youtube_video_stats', 'update_db' retrieved from /opt/airflow/dags/main.py
[2025-12-14T17:51:42.650+0000] {logging_mixin.py:188} INFO - [2025-12-14T17:51:42.650+0000] {dag.py:3096} INFO - Sync 2 DAGs
[2025-12-14T17:51:42.668+0000] {logging_mixin.py:188} INFO - [2025-12-14T17:51:42.668+0000] {dag.py:3954} INFO - Setting next_dagrun for update_db to 2025-12-14 15:00:00+00:00, run_after=2025-12-15 15:00:00+00:00
[2025-12-14T17:51:42.673+0000] {logging_mixin.py:188} INFO - [2025-12-14T17:51:42.673+0000] {dag.py:3954} INFO - Setting next_dagrun for youtube_video_stats to 2025-12-14 14:00:00+00:00, run_after=2025-12-15 14:00:00+00:00
[2025-12-14T17:51:42.688+0000] {processor.py:183} INFO - Processing /opt/airflow/dags/main.py took 0.133 seconds
[2025-12-14T17:52:12.788+0000] {processor.py:161} INFO - Started process (PID=6203) to work on /opt/airflow/dags/main.py
[2025-12-14T17:52:12.789+0000] {processor.py:830} INFO - Processing file /opt/airflow/dags/main.py for tasks to queue
[2025-12-14T17:52:12.790+0000] {logging_mixin.py:188} INFO - [2025-12-14T17:52:12.790+0000] {dagbag.py:545} INFO - Filling up the DagBag from /opt/airflow/dags/main.py
[2025-12-14T17:52:12.858+0000] {processor.py:840} INFO - DAG(s) 'update_db', 'youtube_video_stats' retrieved from /opt/airflow/dags/main.py
[2025-12-14T17:52:12.887+0000] {logging_mixin.py:188} INFO - [2025-12-14T17:52:12.886+0000] {dag.py:3096} INFO - Sync 2 DAGs
[2025-12-14T17:52:12.908+0000] {logging_mixin.py:188} INFO - [2025-12-14T17:52:12.908+0000] {dag.py:3954} INFO - Setting next_dagrun for update_db to 2025-12-14 15:00:00+00:00, run_after=2025-12-15 15:00:00+00:00
[2025-12-14T17:52:12.912+0000] {logging_mixin.py:188} INFO - [2025-12-14T17:52:12.912+0000] {dag.py:3954} INFO - Setting next_dagrun for youtube_video_stats to 2025-12-14 14:00:00+00:00, run_after=2025-12-15 14:00:00+00:00
[2025-12-14T17:52:12.938+0000] {processor.py:183} INFO - Processing /opt/airflow/dags/main.py took 0.155 seconds
[2025-12-14T17:52:43.147+0000] {processor.py:161} INFO - Started process (PID=6210) to work on /opt/airflow/dags/main.py
[2025-12-14T17:52:43.148+0000] {processor.py:830} INFO - Processing file /opt/airflow/dags/main.py for tasks to queue
[2025-12-14T17:52:43.149+0000] {logging_mixin.py:188} INFO - [2025-12-14T17:52:43.149+0000] {dagbag.py:545} INFO - Filling up the DagBag from /opt/airflow/dags/main.py
[2025-12-14T17:52:43.213+0000] {processor.py:840} INFO - DAG(s) 'update_db', 'youtube_video_stats' retrieved from /opt/airflow/dags/main.py
[2025-12-14T17:52:43.237+0000] {logging_mixin.py:188} INFO - [2025-12-14T17:52:43.237+0000] {dag.py:3096} INFO - Sync 2 DAGs
[2025-12-14T17:52:43.256+0000] {logging_mixin.py:188} INFO - [2025-12-14T17:52:43.256+0000] {dag.py:3954} INFO - Setting next_dagrun for update_db to 2025-12-14 15:00:00+00:00, run_after=2025-12-15 15:00:00+00:00
[2025-12-14T17:52:43.260+0000] {logging_mixin.py:188} INFO - [2025-12-14T17:52:43.260+0000] {dag.py:3954} INFO - Setting next_dagrun for youtube_video_stats to 2025-12-14 14:00:00+00:00, run_after=2025-12-15 14:00:00+00:00
[2025-12-14T17:52:43.278+0000] {processor.py:183} INFO - Processing /opt/airflow/dags/main.py took 0.136 seconds
[2025-12-14T17:53:13.381+0000] {processor.py:161} INFO - Started process (PID=6217) to work on /opt/airflow/dags/main.py
[2025-12-14T17:53:13.382+0000] {processor.py:830} INFO - Processing file /opt/airflow/dags/main.py for tasks to queue
[2025-12-14T17:53:13.383+0000] {logging_mixin.py:188} INFO - [2025-12-14T17:53:13.383+0000] {dagbag.py:545} INFO - Filling up the DagBag from /opt/airflow/dags/main.py
[2025-12-14T17:53:13.446+0000] {processor.py:840} INFO - DAG(s) 'youtube_video_stats', 'update_db' retrieved from /opt/airflow/dags/main.py
[2025-12-14T17:53:13.471+0000] {logging_mixin.py:188} INFO - [2025-12-14T17:53:13.471+0000] {dag.py:3096} INFO - Sync 2 DAGs
[2025-12-14T17:53:13.492+0000] {logging_mixin.py:188} INFO - [2025-12-14T17:53:13.492+0000] {dag.py:3954} INFO - Setting next_dagrun for update_db to 2025-12-14 15:00:00+00:00, run_after=2025-12-15 15:00:00+00:00
[2025-12-14T17:53:13.498+0000] {logging_mixin.py:188} INFO - [2025-12-14T17:53:13.497+0000] {dag.py:3954} INFO - Setting next_dagrun for youtube_video_stats to 2025-12-14 14:00:00+00:00, run_after=2025-12-15 14:00:00+00:00
[2025-12-14T17:53:13.514+0000] {processor.py:183} INFO - Processing /opt/airflow/dags/main.py took 0.138 seconds
[2025-12-14T17:53:43.636+0000] {processor.py:161} INFO - Started process (PID=6224) to work on /opt/airflow/dags/main.py
[2025-12-14T17:53:43.637+0000] {processor.py:830} INFO - Processing file /opt/airflow/dags/main.py for tasks to queue
[2025-12-14T17:53:43.638+0000] {logging_mixin.py:188} INFO - [2025-12-14T17:53:43.637+0000] {dagbag.py:545} INFO - Filling up the DagBag from /opt/airflow/dags/main.py
[2025-12-14T17:53:43.713+0000] {processor.py:840} INFO - DAG(s) 'update_db', 'youtube_video_stats' retrieved from /opt/airflow/dags/main.py
[2025-12-14T17:53:43.746+0000] {logging_mixin.py:188} INFO - [2025-12-14T17:53:43.745+0000] {dag.py:3096} INFO - Sync 2 DAGs
[2025-12-14T17:53:43.764+0000] {logging_mixin.py:188} INFO - [2025-12-14T17:53:43.764+0000] {dag.py:3954} INFO - Setting next_dagrun for update_db to 2025-12-14 15:00:00+00:00, run_after=2025-12-15 15:00:00+00:00
[2025-12-14T17:53:43.768+0000] {logging_mixin.py:188} INFO - [2025-12-14T17:53:43.768+0000] {dag.py:3954} INFO - Setting next_dagrun for youtube_video_stats to 2025-12-14 14:00:00+00:00, run_after=2025-12-15 14:00:00+00:00
[2025-12-14T17:53:43.783+0000] {processor.py:183} INFO - Processing /opt/airflow/dags/main.py took 0.155 seconds
[2025-12-14T17:54:13.910+0000] {processor.py:161} INFO - Started process (PID=6231) to work on /opt/airflow/dags/main.py
[2025-12-14T17:54:13.911+0000] {processor.py:830} INFO - Processing file /opt/airflow/dags/main.py for tasks to queue
[2025-12-14T17:54:13.912+0000] {logging_mixin.py:188} INFO - [2025-12-14T17:54:13.912+0000] {dagbag.py:545} INFO - Filling up the DagBag from /opt/airflow/dags/main.py
[2025-12-14T17:54:13.996+0000] {processor.py:840} INFO - DAG(s) 'update_db', 'youtube_video_stats' retrieved from /opt/airflow/dags/main.py
[2025-12-14T17:54:14.026+0000] {logging_mixin.py:188} INFO - [2025-12-14T17:54:14.026+0000] {dag.py:3096} INFO - Sync 2 DAGs
[2025-12-14T17:54:14.048+0000] {logging_mixin.py:188} INFO - [2025-12-14T17:54:14.048+0000] {dag.py:3954} INFO - Setting next_dagrun for update_db to 2025-12-14 15:00:00+00:00, run_after=2025-12-15 15:00:00+00:00
[2025-12-14T17:54:14.053+0000] {logging_mixin.py:188} INFO - [2025-12-14T17:54:14.053+0000] {dag.py:3954} INFO - Setting next_dagrun for youtube_video_stats to 2025-12-14 14:00:00+00:00, run_after=2025-12-15 14:00:00+00:00
[2025-12-14T17:54:14.069+0000] {processor.py:183} INFO - Processing /opt/airflow/dags/main.py took 0.166 seconds
[2025-12-14T17:54:44.144+0000] {processor.py:161} INFO - Started process (PID=6238) to work on /opt/airflow/dags/main.py
[2025-12-14T17:54:44.145+0000] {processor.py:830} INFO - Processing file /opt/airflow/dags/main.py for tasks to queue
[2025-12-14T17:54:44.146+0000] {logging_mixin.py:188} INFO - [2025-12-14T17:54:44.146+0000] {dagbag.py:545} INFO - Filling up the DagBag from /opt/airflow/dags/main.py
[2025-12-14T17:54:44.235+0000] {processor.py:840} INFO - DAG(s) 'update_db', 'youtube_video_stats' retrieved from /opt/airflow/dags/main.py
[2025-12-14T17:54:44.263+0000] {logging_mixin.py:188} INFO - [2025-12-14T17:54:44.263+0000] {dag.py:3096} INFO - Sync 2 DAGs
[2025-12-14T17:54:44.283+0000] {logging_mixin.py:188} INFO - [2025-12-14T17:54:44.283+0000] {dag.py:3954} INFO - Setting next_dagrun for update_db to 2025-12-14 15:00:00+00:00, run_after=2025-12-15 15:00:00+00:00
[2025-12-14T17:54:44.288+0000] {logging_mixin.py:188} INFO - [2025-12-14T17:54:44.288+0000] {dag.py:3954} INFO - Setting next_dagrun for youtube_video_stats to 2025-12-14 14:00:00+00:00, run_after=2025-12-15 14:00:00+00:00
[2025-12-14T17:54:44.306+0000] {processor.py:183} INFO - Processing /opt/airflow/dags/main.py took 0.168 seconds
[2025-12-14T17:55:14.484+0000] {processor.py:161} INFO - Started process (PID=6245) to work on /opt/airflow/dags/main.py
[2025-12-14T17:55:14.484+0000] {processor.py:830} INFO - Processing file /opt/airflow/dags/main.py for tasks to queue
[2025-12-14T17:55:14.485+0000] {logging_mixin.py:188} INFO - [2025-12-14T17:55:14.485+0000] {dagbag.py:545} INFO - Filling up the DagBag from /opt/airflow/dags/main.py
[2025-12-14T17:55:14.556+0000] {processor.py:840} INFO - DAG(s) 'update_db', 'youtube_video_stats' retrieved from /opt/airflow/dags/main.py
[2025-12-14T17:55:14.580+0000] {logging_mixin.py:188} INFO - [2025-12-14T17:55:14.579+0000] {dag.py:3096} INFO - Sync 2 DAGs
[2025-12-14T17:55:14.597+0000] {logging_mixin.py:188} INFO - [2025-12-14T17:55:14.597+0000] {dag.py:3954} INFO - Setting next_dagrun for update_db to 2025-12-14 15:00:00+00:00, run_after=2025-12-15 15:00:00+00:00
[2025-12-14T17:55:14.603+0000] {logging_mixin.py:188} INFO - [2025-12-14T17:55:14.603+0000] {dag.py:3954} INFO - Setting next_dagrun for youtube_video_stats to 2025-12-14 14:00:00+00:00, run_after=2025-12-15 14:00:00+00:00
[2025-12-14T17:55:14.622+0000] {processor.py:183} INFO - Processing /opt/airflow/dags/main.py took 0.144 seconds
[2025-12-14T17:55:44.785+0000] {processor.py:161} INFO - Started process (PID=6252) to work on /opt/airflow/dags/main.py
[2025-12-14T17:55:44.787+0000] {processor.py:830} INFO - Processing file /opt/airflow/dags/main.py for tasks to queue
[2025-12-14T17:55:44.788+0000] {logging_mixin.py:188} INFO - [2025-12-14T17:55:44.787+0000] {dagbag.py:545} INFO - Filling up the DagBag from /opt/airflow/dags/main.py
[2025-12-14T17:55:44.855+0000] {processor.py:840} INFO - DAG(s) 'update_db', 'youtube_video_stats' retrieved from /opt/airflow/dags/main.py
[2025-12-14T17:55:44.879+0000] {logging_mixin.py:188} INFO - [2025-12-14T17:55:44.879+0000] {dag.py:3096} INFO - Sync 2 DAGs
[2025-12-14T17:55:44.897+0000] {logging_mixin.py:188} INFO - [2025-12-14T17:55:44.897+0000] {dag.py:3954} INFO - Setting next_dagrun for update_db to 2025-12-14 15:00:00+00:00, run_after=2025-12-15 15:00:00+00:00
[2025-12-14T17:55:44.903+0000] {logging_mixin.py:188} INFO - [2025-12-14T17:55:44.903+0000] {dag.py:3954} INFO - Setting next_dagrun for youtube_video_stats to 2025-12-14 14:00:00+00:00, run_after=2025-12-15 14:00:00+00:00
[2025-12-14T17:55:44.917+0000] {processor.py:183} INFO - Processing /opt/airflow/dags/main.py took 0.139 seconds
[2025-12-14T17:56:15.075+0000] {processor.py:161} INFO - Started process (PID=6259) to work on /opt/airflow/dags/main.py
[2025-12-14T17:56:15.076+0000] {processor.py:830} INFO - Processing file /opt/airflow/dags/main.py for tasks to queue
[2025-12-14T17:56:15.077+0000] {logging_mixin.py:188} INFO - [2025-12-14T17:56:15.077+0000] {dagbag.py:545} INFO - Filling up the DagBag from /opt/airflow/dags/main.py
[2025-12-14T17:56:15.145+0000] {processor.py:840} INFO - DAG(s) 'update_db', 'youtube_video_stats' retrieved from /opt/airflow/dags/main.py
[2025-12-14T17:56:15.174+0000] {logging_mixin.py:188} INFO - [2025-12-14T17:56:15.174+0000] {dag.py:3096} INFO - Sync 2 DAGs
[2025-12-14T17:56:15.192+0000] {logging_mixin.py:188} INFO - [2025-12-14T17:56:15.192+0000] {dag.py:3954} INFO - Setting next_dagrun for update_db to 2025-12-14 15:00:00+00:00, run_after=2025-12-15 15:00:00+00:00
[2025-12-14T17:56:15.197+0000] {logging_mixin.py:188} INFO - [2025-12-14T17:56:15.197+0000] {dag.py:3954} INFO - Setting next_dagrun for youtube_video_stats to 2025-12-14 14:00:00+00:00, run_after=2025-12-15 14:00:00+00:00
[2025-12-14T17:56:15.211+0000] {processor.py:183} INFO - Processing /opt/airflow/dags/main.py took 0.141 seconds
[2025-12-14T17:56:45.452+0000] {processor.py:161} INFO - Started process (PID=6266) to work on /opt/airflow/dags/main.py
[2025-12-14T17:56:45.453+0000] {processor.py:830} INFO - Processing file /opt/airflow/dags/main.py for tasks to queue
[2025-12-14T17:56:45.454+0000] {logging_mixin.py:188} INFO - [2025-12-14T17:56:45.453+0000] {dagbag.py:545} INFO - Filling up the DagBag from /opt/airflow/dags/main.py
[2025-12-14T17:56:45.561+0000] {processor.py:840} INFO - DAG(s) 'update_db', 'youtube_video_stats' retrieved from /opt/airflow/dags/main.py
[2025-12-14T17:56:45.589+0000] {logging_mixin.py:188} INFO - [2025-12-14T17:56:45.589+0000] {dag.py:3096} INFO - Sync 2 DAGs
[2025-12-14T17:56:45.617+0000] {logging_mixin.py:188} INFO - [2025-12-14T17:56:45.617+0000] {dag.py:3954} INFO - Setting next_dagrun for update_db to 2025-12-14 15:00:00+00:00, run_after=2025-12-15 15:00:00+00:00
[2025-12-14T17:56:45.622+0000] {logging_mixin.py:188} INFO - [2025-12-14T17:56:45.622+0000] {dag.py:3954} INFO - Setting next_dagrun for youtube_video_stats to 2025-12-14 14:00:00+00:00, run_after=2025-12-15 14:00:00+00:00
[2025-12-14T17:56:45.641+0000] {processor.py:183} INFO - Processing /opt/airflow/dags/main.py took 0.194 seconds
[2025-12-14T17:57:15.732+0000] {processor.py:161} INFO - Started process (PID=6273) to work on /opt/airflow/dags/main.py
[2025-12-14T17:57:15.733+0000] {processor.py:830} INFO - Processing file /opt/airflow/dags/main.py for tasks to queue
[2025-12-14T17:57:15.734+0000] {logging_mixin.py:188} INFO - [2025-12-14T17:57:15.734+0000] {dagbag.py:545} INFO - Filling up the DagBag from /opt/airflow/dags/main.py
[2025-12-14T17:57:15.824+0000] {processor.py:840} INFO - DAG(s) 'update_db', 'youtube_video_stats' retrieved from /opt/airflow/dags/main.py
[2025-12-14T17:57:15.856+0000] {logging_mixin.py:188} INFO - [2025-12-14T17:57:15.856+0000] {dag.py:3096} INFO - Sync 2 DAGs
[2025-12-14T17:57:15.875+0000] {logging_mixin.py:188} INFO - [2025-12-14T17:57:15.875+0000] {dag.py:3954} INFO - Setting next_dagrun for update_db to 2025-12-14 15:00:00+00:00, run_after=2025-12-15 15:00:00+00:00
[2025-12-14T17:57:15.880+0000] {logging_mixin.py:188} INFO - [2025-12-14T17:57:15.880+0000] {dag.py:3954} INFO - Setting next_dagrun for youtube_video_stats to 2025-12-14 14:00:00+00:00, run_after=2025-12-15 14:00:00+00:00
[2025-12-14T17:57:15.897+0000] {processor.py:183} INFO - Processing /opt/airflow/dags/main.py took 0.170 seconds
[2025-12-14T17:57:46.103+0000] {processor.py:161} INFO - Started process (PID=6286) to work on /opt/airflow/dags/main.py
[2025-12-14T17:57:46.104+0000] {processor.py:830} INFO - Processing file /opt/airflow/dags/main.py for tasks to queue
[2025-12-14T17:57:46.105+0000] {logging_mixin.py:188} INFO - [2025-12-14T17:57:46.105+0000] {dagbag.py:545} INFO - Filling up the DagBag from /opt/airflow/dags/main.py
[2025-12-14T17:57:46.179+0000] {processor.py:840} INFO - DAG(s) 'update_db', 'youtube_video_stats' retrieved from /opt/airflow/dags/main.py
[2025-12-14T17:57:46.211+0000] {logging_mixin.py:188} INFO - [2025-12-14T17:57:46.211+0000] {dag.py:3096} INFO - Sync 2 DAGs
[2025-12-14T17:57:46.232+0000] {logging_mixin.py:188} INFO - [2025-12-14T17:57:46.232+0000] {dag.py:3954} INFO - Setting next_dagrun for update_db to 2025-12-14 15:00:00+00:00, run_after=2025-12-15 15:00:00+00:00
[2025-12-14T17:57:46.238+0000] {logging_mixin.py:188} INFO - [2025-12-14T17:57:46.238+0000] {dag.py:3954} INFO - Setting next_dagrun for youtube_video_stats to 2025-12-14 14:00:00+00:00, run_after=2025-12-15 14:00:00+00:00
[2025-12-14T17:57:46.260+0000] {processor.py:183} INFO - Processing /opt/airflow/dags/main.py took 0.164 seconds
[2025-12-14T17:58:16.333+0000] {processor.py:161} INFO - Started process (PID=6293) to work on /opt/airflow/dags/main.py
[2025-12-14T17:58:16.334+0000] {processor.py:830} INFO - Processing file /opt/airflow/dags/main.py for tasks to queue
[2025-12-14T17:58:16.335+0000] {logging_mixin.py:188} INFO - [2025-12-14T17:58:16.335+0000] {dagbag.py:545} INFO - Filling up the DagBag from /opt/airflow/dags/main.py
[2025-12-14T17:58:16.401+0000] {processor.py:840} INFO - DAG(s) 'youtube_video_stats', 'update_db' retrieved from /opt/airflow/dags/main.py
[2025-12-14T17:58:16.426+0000] {logging_mixin.py:188} INFO - [2025-12-14T17:58:16.426+0000] {dag.py:3096} INFO - Sync 2 DAGs
[2025-12-14T17:58:16.446+0000] {logging_mixin.py:188} INFO - [2025-12-14T17:58:16.446+0000] {dag.py:3954} INFO - Setting next_dagrun for update_db to 2025-12-14 15:00:00+00:00, run_after=2025-12-15 15:00:00+00:00
[2025-12-14T17:58:16.451+0000] {logging_mixin.py:188} INFO - [2025-12-14T17:58:16.451+0000] {dag.py:3954} INFO - Setting next_dagrun for youtube_video_stats to 2025-12-14 14:00:00+00:00, run_after=2025-12-15 14:00:00+00:00
[2025-12-14T17:58:16.471+0000] {processor.py:183} INFO - Processing /opt/airflow/dags/main.py took 0.143 seconds
[2025-12-14T17:58:46.538+0000] {processor.py:161} INFO - Started process (PID=6301) to work on /opt/airflow/dags/main.py
[2025-12-14T17:58:46.539+0000] {processor.py:830} INFO - Processing file /opt/airflow/dags/main.py for tasks to queue
[2025-12-14T17:58:46.540+0000] {logging_mixin.py:188} INFO - [2025-12-14T17:58:46.540+0000] {dagbag.py:545} INFO - Filling up the DagBag from /opt/airflow/dags/main.py
[2025-12-14T17:58:46.611+0000] {processor.py:840} INFO - DAG(s) 'update_db', 'youtube_video_stats' retrieved from /opt/airflow/dags/main.py
[2025-12-14T17:58:46.638+0000] {logging_mixin.py:188} INFO - [2025-12-14T17:58:46.638+0000] {dag.py:3096} INFO - Sync 2 DAGs
[2025-12-14T17:58:46.658+0000] {logging_mixin.py:188} INFO - [2025-12-14T17:58:46.658+0000] {dag.py:3954} INFO - Setting next_dagrun for update_db to 2025-12-14 15:00:00+00:00, run_after=2025-12-15 15:00:00+00:00
[2025-12-14T17:58:46.663+0000] {logging_mixin.py:188} INFO - [2025-12-14T17:58:46.663+0000] {dag.py:3954} INFO - Setting next_dagrun for youtube_video_stats to 2025-12-14 14:00:00+00:00, run_after=2025-12-15 14:00:00+00:00
[2025-12-14T17:58:46.683+0000] {processor.py:183} INFO - Processing /opt/airflow/dags/main.py took 0.151 seconds
[2025-12-14T17:59:16.833+0000] {processor.py:161} INFO - Started process (PID=6308) to work on /opt/airflow/dags/main.py
[2025-12-14T17:59:16.834+0000] {processor.py:830} INFO - Processing file /opt/airflow/dags/main.py for tasks to queue
[2025-12-14T17:59:16.835+0000] {logging_mixin.py:188} INFO - [2025-12-14T17:59:16.835+0000] {dagbag.py:545} INFO - Filling up the DagBag from /opt/airflow/dags/main.py
[2025-12-14T17:59:16.946+0000] {processor.py:840} INFO - DAG(s) 'youtube_video_stats', 'update_db' retrieved from /opt/airflow/dags/main.py
[2025-12-14T17:59:16.983+0000] {logging_mixin.py:188} INFO - [2025-12-14T17:59:16.983+0000] {dag.py:3096} INFO - Sync 2 DAGs
[2025-12-14T17:59:17.009+0000] {logging_mixin.py:188} INFO - [2025-12-14T17:59:17.008+0000] {dag.py:3954} INFO - Setting next_dagrun for update_db to 2025-12-14 15:00:00+00:00, run_after=2025-12-15 15:00:00+00:00
[2025-12-14T17:59:17.014+0000] {logging_mixin.py:188} INFO - [2025-12-14T17:59:17.014+0000] {dag.py:3954} INFO - Setting next_dagrun for youtube_video_stats to 2025-12-14 14:00:00+00:00, run_after=2025-12-15 14:00:00+00:00
[2025-12-14T17:59:17.036+0000] {processor.py:183} INFO - Processing /opt/airflow/dags/main.py took 0.210 seconds
[2025-12-14T17:59:47.236+0000] {processor.py:161} INFO - Started process (PID=6315) to work on /opt/airflow/dags/main.py
[2025-12-14T17:59:47.237+0000] {processor.py:830} INFO - Processing file /opt/airflow/dags/main.py for tasks to queue
[2025-12-14T17:59:47.238+0000] {logging_mixin.py:188} INFO - [2025-12-14T17:59:47.238+0000] {dagbag.py:545} INFO - Filling up the DagBag from /opt/airflow/dags/main.py
[2025-12-14T17:59:47.308+0000] {processor.py:840} INFO - DAG(s) 'youtube_video_stats', 'update_db' retrieved from /opt/airflow/dags/main.py
[2025-12-14T17:59:47.336+0000] {logging_mixin.py:188} INFO - [2025-12-14T17:59:47.336+0000] {dag.py:3096} INFO - Sync 2 DAGs
[2025-12-14T17:59:47.355+0000] {logging_mixin.py:188} INFO - [2025-12-14T17:59:47.354+0000] {dag.py:3954} INFO - Setting next_dagrun for update_db to 2025-12-14 15:00:00+00:00, run_after=2025-12-15 15:00:00+00:00
[2025-12-14T17:59:47.360+0000] {logging_mixin.py:188} INFO - [2025-12-14T17:59:47.360+0000] {dag.py:3954} INFO - Setting next_dagrun for youtube_video_stats to 2025-12-14 14:00:00+00:00, run_after=2025-12-15 14:00:00+00:00
[2025-12-14T17:59:47.376+0000] {processor.py:183} INFO - Processing /opt/airflow/dags/main.py took 0.146 seconds
[2025-12-14T18:00:17.493+0000] {processor.py:161} INFO - Started process (PID=6322) to work on /opt/airflow/dags/main.py
[2025-12-14T18:00:17.494+0000] {processor.py:830} INFO - Processing file /opt/airflow/dags/main.py for tasks to queue
[2025-12-14T18:00:17.495+0000] {logging_mixin.py:188} INFO - [2025-12-14T18:00:17.494+0000] {dagbag.py:545} INFO - Filling up the DagBag from /opt/airflow/dags/main.py
[2025-12-14T18:00:17.563+0000] {processor.py:840} INFO - DAG(s) 'update_db', 'youtube_video_stats' retrieved from /opt/airflow/dags/main.py
[2025-12-14T18:00:17.591+0000] {logging_mixin.py:188} INFO - [2025-12-14T18:00:17.591+0000] {dag.py:3096} INFO - Sync 2 DAGs
[2025-12-14T18:00:17.611+0000] {logging_mixin.py:188} INFO - [2025-12-14T18:00:17.611+0000] {dag.py:3954} INFO - Setting next_dagrun for update_db to 2025-12-14 15:00:00+00:00, run_after=2025-12-15 15:00:00+00:00
[2025-12-14T18:00:17.616+0000] {logging_mixin.py:188} INFO - [2025-12-14T18:00:17.616+0000] {dag.py:3954} INFO - Setting next_dagrun for youtube_video_stats to 2025-12-14 14:00:00+00:00, run_after=2025-12-15 14:00:00+00:00
[2025-12-14T18:00:17.635+0000] {processor.py:183} INFO - Processing /opt/airflow/dags/main.py took 0.147 seconds
[2025-12-14T18:00:47.850+0000] {processor.py:161} INFO - Started process (PID=6329) to work on /opt/airflow/dags/main.py
[2025-12-14T18:00:47.851+0000] {processor.py:830} INFO - Processing file /opt/airflow/dags/main.py for tasks to queue
[2025-12-14T18:00:47.852+0000] {logging_mixin.py:188} INFO - [2025-12-14T18:00:47.852+0000] {dagbag.py:545} INFO - Filling up the DagBag from /opt/airflow/dags/main.py
[2025-12-14T18:00:47.922+0000] {processor.py:840} INFO - DAG(s) 'update_db', 'youtube_video_stats' retrieved from /opt/airflow/dags/main.py
[2025-12-14T18:00:47.949+0000] {logging_mixin.py:188} INFO - [2025-12-14T18:00:47.949+0000] {dag.py:3096} INFO - Sync 2 DAGs
[2025-12-14T18:00:47.970+0000] {logging_mixin.py:188} INFO - [2025-12-14T18:00:47.969+0000] {dag.py:3954} INFO - Setting next_dagrun for update_db to 2025-12-14 15:00:00+00:00, run_after=2025-12-15 15:00:00+00:00
[2025-12-14T18:00:47.975+0000] {logging_mixin.py:188} INFO - [2025-12-14T18:00:47.975+0000] {dag.py:3954} INFO - Setting next_dagrun for youtube_video_stats to 2025-12-14 14:00:00+00:00, run_after=2025-12-15 14:00:00+00:00
[2025-12-14T18:00:47.994+0000] {processor.py:183} INFO - Processing /opt/airflow/dags/main.py took 0.149 seconds
[2025-12-14T18:01:18.062+0000] {processor.py:161} INFO - Started process (PID=6336) to work on /opt/airflow/dags/main.py
[2025-12-14T18:01:18.063+0000] {processor.py:830} INFO - Processing file /opt/airflow/dags/main.py for tasks to queue
[2025-12-14T18:01:18.064+0000] {logging_mixin.py:188} INFO - [2025-12-14T18:01:18.064+0000] {dagbag.py:545} INFO - Filling up the DagBag from /opt/airflow/dags/main.py
[2025-12-14T18:01:18.135+0000] {processor.py:840} INFO - DAG(s) 'update_db', 'youtube_video_stats' retrieved from /opt/airflow/dags/main.py
[2025-12-14T18:01:18.161+0000] {logging_mixin.py:188} INFO - [2025-12-14T18:01:18.160+0000] {dag.py:3096} INFO - Sync 2 DAGs
[2025-12-14T18:01:18.181+0000] {logging_mixin.py:188} INFO - [2025-12-14T18:01:18.181+0000] {dag.py:3954} INFO - Setting next_dagrun for update_db to 2025-12-14 15:00:00+00:00, run_after=2025-12-15 15:00:00+00:00
[2025-12-14T18:01:18.186+0000] {logging_mixin.py:188} INFO - [2025-12-14T18:01:18.185+0000] {dag.py:3954} INFO - Setting next_dagrun for youtube_video_stats to 2025-12-14 14:00:00+00:00, run_after=2025-12-15 14:00:00+00:00
[2025-12-14T18:01:18.203+0000] {processor.py:183} INFO - Processing /opt/airflow/dags/main.py took 0.147 seconds
[2025-12-14T18:01:48.533+0000] {processor.py:161} INFO - Started process (PID=6343) to work on /opt/airflow/dags/main.py
[2025-12-14T18:01:48.534+0000] {processor.py:830} INFO - Processing file /opt/airflow/dags/main.py for tasks to queue
[2025-12-14T18:01:48.535+0000] {logging_mixin.py:188} INFO - [2025-12-14T18:01:48.535+0000] {dagbag.py:545} INFO - Filling up the DagBag from /opt/airflow/dags/main.py
[2025-12-14T18:01:48.611+0000] {processor.py:840} INFO - DAG(s) 'update_db', 'youtube_video_stats' retrieved from /opt/airflow/dags/main.py
[2025-12-14T18:01:48.638+0000] {logging_mixin.py:188} INFO - [2025-12-14T18:01:48.638+0000] {dag.py:3096} INFO - Sync 2 DAGs
[2025-12-14T18:01:48.666+0000] {logging_mixin.py:188} INFO - [2025-12-14T18:01:48.666+0000] {dag.py:3954} INFO - Setting next_dagrun for update_db to 2025-12-14 15:00:00+00:00, run_after=2025-12-15 15:00:00+00:00
[2025-12-14T18:01:48.672+0000] {logging_mixin.py:188} INFO - [2025-12-14T18:01:48.672+0000] {dag.py:3954} INFO - Setting next_dagrun for youtube_video_stats to 2025-12-14 14:00:00+00:00, run_after=2025-12-15 14:00:00+00:00
[2025-12-14T18:01:48.692+0000] {processor.py:183} INFO - Processing /opt/airflow/dags/main.py took 0.165 seconds
[2025-12-14T18:02:18.770+0000] {processor.py:161} INFO - Started process (PID=6350) to work on /opt/airflow/dags/main.py
[2025-12-14T18:02:18.772+0000] {processor.py:830} INFO - Processing file /opt/airflow/dags/main.py for tasks to queue
[2025-12-14T18:02:18.772+0000] {logging_mixin.py:188} INFO - [2025-12-14T18:02:18.772+0000] {dagbag.py:545} INFO - Filling up the DagBag from /opt/airflow/dags/main.py
[2025-12-14T18:02:18.840+0000] {processor.py:840} INFO - DAG(s) 'update_db', 'youtube_video_stats' retrieved from /opt/airflow/dags/main.py
[2025-12-14T18:02:18.867+0000] {logging_mixin.py:188} INFO - [2025-12-14T18:02:18.866+0000] {dag.py:3096} INFO - Sync 2 DAGs
[2025-12-14T18:02:18.884+0000] {logging_mixin.py:188} INFO - [2025-12-14T18:02:18.884+0000] {dag.py:3954} INFO - Setting next_dagrun for update_db to 2025-12-14 15:00:00+00:00, run_after=2025-12-15 15:00:00+00:00
[2025-12-14T18:02:18.889+0000] {logging_mixin.py:188} INFO - [2025-12-14T18:02:18.889+0000] {dag.py:3954} INFO - Setting next_dagrun for youtube_video_stats to 2025-12-14 14:00:00+00:00, run_after=2025-12-15 14:00:00+00:00
[2025-12-14T18:02:18.907+0000] {processor.py:183} INFO - Processing /opt/airflow/dags/main.py took 0.142 seconds
[2025-12-14T18:02:49.130+0000] {processor.py:161} INFO - Started process (PID=6357) to work on /opt/airflow/dags/main.py
[2025-12-14T18:02:49.131+0000] {processor.py:830} INFO - Processing file /opt/airflow/dags/main.py for tasks to queue
[2025-12-14T18:02:49.132+0000] {logging_mixin.py:188} INFO - [2025-12-14T18:02:49.132+0000] {dagbag.py:545} INFO - Filling up the DagBag from /opt/airflow/dags/main.py
[2025-12-14T18:02:49.207+0000] {processor.py:840} INFO - DAG(s) 'update_db', 'youtube_video_stats' retrieved from /opt/airflow/dags/main.py
[2025-12-14T18:02:49.234+0000] {logging_mixin.py:188} INFO - [2025-12-14T18:02:49.234+0000] {dag.py:3096} INFO - Sync 2 DAGs
[2025-12-14T18:02:49.253+0000] {logging_mixin.py:188} INFO - [2025-12-14T18:02:49.253+0000] {dag.py:3954} INFO - Setting next_dagrun for update_db to 2025-12-14 15:00:00+00:00, run_after=2025-12-15 15:00:00+00:00
[2025-12-14T18:02:49.258+0000] {logging_mixin.py:188} INFO - [2025-12-14T18:02:49.258+0000] {dag.py:3954} INFO - Setting next_dagrun for youtube_video_stats to 2025-12-14 14:00:00+00:00, run_after=2025-12-15 14:00:00+00:00
[2025-12-14T18:02:49.280+0000] {processor.py:183} INFO - Processing /opt/airflow/dags/main.py took 0.154 seconds
[2025-12-14T18:03:19.387+0000] {processor.py:161} INFO - Started process (PID=6365) to work on /opt/airflow/dags/main.py
[2025-12-14T18:03:19.389+0000] {processor.py:830} INFO - Processing file /opt/airflow/dags/main.py for tasks to queue
[2025-12-14T18:03:19.390+0000] {logging_mixin.py:188} INFO - [2025-12-14T18:03:19.389+0000] {dagbag.py:545} INFO - Filling up the DagBag from /opt/airflow/dags/main.py
[2025-12-14T18:03:19.453+0000] {processor.py:840} INFO - DAG(s) 'youtube_video_stats', 'update_db' retrieved from /opt/airflow/dags/main.py
[2025-12-14T18:03:19.478+0000] {logging_mixin.py:188} INFO - [2025-12-14T18:03:19.478+0000] {dag.py:3096} INFO - Sync 2 DAGs
[2025-12-14T18:03:19.496+0000] {logging_mixin.py:188} INFO - [2025-12-14T18:03:19.496+0000] {dag.py:3954} INFO - Setting next_dagrun for update_db to 2025-12-14 15:00:00+00:00, run_after=2025-12-15 15:00:00+00:00
[2025-12-14T18:03:19.500+0000] {logging_mixin.py:188} INFO - [2025-12-14T18:03:19.500+0000] {dag.py:3954} INFO - Setting next_dagrun for youtube_video_stats to 2025-12-14 14:00:00+00:00, run_after=2025-12-15 14:00:00+00:00
[2025-12-14T18:03:19.519+0000] {processor.py:183} INFO - Processing /opt/airflow/dags/main.py took 0.137 seconds
[2025-12-14T18:03:49.719+0000] {processor.py:161} INFO - Started process (PID=6372) to work on /opt/airflow/dags/main.py
[2025-12-14T18:03:49.720+0000] {processor.py:830} INFO - Processing file /opt/airflow/dags/main.py for tasks to queue
[2025-12-14T18:03:49.721+0000] {logging_mixin.py:188} INFO - [2025-12-14T18:03:49.721+0000] {dagbag.py:545} INFO - Filling up the DagBag from /opt/airflow/dags/main.py
[2025-12-14T18:03:49.797+0000] {processor.py:840} INFO - DAG(s) 'youtube_video_stats', 'update_db' retrieved from /opt/airflow/dags/main.py
[2025-12-14T18:03:49.824+0000] {logging_mixin.py:188} INFO - [2025-12-14T18:03:49.824+0000] {dag.py:3096} INFO - Sync 2 DAGs
[2025-12-14T18:03:49.844+0000] {logging_mixin.py:188} INFO - [2025-12-14T18:03:49.844+0000] {dag.py:3954} INFO - Setting next_dagrun for update_db to 2025-12-14 15:00:00+00:00, run_after=2025-12-15 15:00:00+00:00
[2025-12-14T18:03:49.849+0000] {logging_mixin.py:188} INFO - [2025-12-14T18:03:49.849+0000] {dag.py:3954} INFO - Setting next_dagrun for youtube_video_stats to 2025-12-14 14:00:00+00:00, run_after=2025-12-15 14:00:00+00:00
[2025-12-14T18:03:49.868+0000] {processor.py:183} INFO - Processing /opt/airflow/dags/main.py took 0.153 seconds
[2025-12-14T18:04:19.940+0000] {processor.py:161} INFO - Started process (PID=6379) to work on /opt/airflow/dags/main.py
[2025-12-14T18:04:19.942+0000] {processor.py:830} INFO - Processing file /opt/airflow/dags/main.py for tasks to queue
[2025-12-14T18:04:19.943+0000] {logging_mixin.py:188} INFO - [2025-12-14T18:04:19.943+0000] {dagbag.py:545} INFO - Filling up the DagBag from /opt/airflow/dags/main.py
[2025-12-14T18:04:20.087+0000] {processor.py:840} INFO - DAG(s) 'update_db', 'youtube_video_stats' retrieved from /opt/airflow/dags/main.py
[2025-12-14T18:04:20.147+0000] {logging_mixin.py:188} INFO - [2025-12-14T18:04:20.146+0000] {dag.py:3096} INFO - Sync 2 DAGs
[2025-12-14T18:04:20.202+0000] {logging_mixin.py:188} INFO - [2025-12-14T18:04:20.202+0000] {dag.py:3954} INFO - Setting next_dagrun for update_db to 2025-12-14 15:00:00+00:00, run_after=2025-12-15 15:00:00+00:00
[2025-12-14T18:04:20.212+0000] {logging_mixin.py:188} INFO - [2025-12-14T18:04:20.212+0000] {dag.py:3954} INFO - Setting next_dagrun for youtube_video_stats to 2025-12-14 14:00:00+00:00, run_after=2025-12-15 14:00:00+00:00
[2025-12-14T18:04:20.250+0000] {processor.py:183} INFO - Processing /opt/airflow/dags/main.py took 0.319 seconds
[2025-12-14T18:04:50.398+0000] {processor.py:161} INFO - Started process (PID=6387) to work on /opt/airflow/dags/main.py
[2025-12-14T18:04:50.400+0000] {processor.py:830} INFO - Processing file /opt/airflow/dags/main.py for tasks to queue
[2025-12-14T18:04:50.401+0000] {logging_mixin.py:188} INFO - [2025-12-14T18:04:50.401+0000] {dagbag.py:545} INFO - Filling up the DagBag from /opt/airflow/dags/main.py
[2025-12-14T18:04:50.512+0000] {processor.py:840} INFO - DAG(s) 'update_db', 'youtube_video_stats' retrieved from /opt/airflow/dags/main.py
[2025-12-14T18:04:50.546+0000] {logging_mixin.py:188} INFO - [2025-12-14T18:04:50.546+0000] {dag.py:3096} INFO - Sync 2 DAGs
[2025-12-14T18:04:50.569+0000] {logging_mixin.py:188} INFO - [2025-12-14T18:04:50.569+0000] {dag.py:3954} INFO - Setting next_dagrun for update_db to 2025-12-14 15:00:00+00:00, run_after=2025-12-15 15:00:00+00:00
[2025-12-14T18:04:50.576+0000] {logging_mixin.py:188} INFO - [2025-12-14T18:04:50.575+0000] {dag.py:3954} INFO - Setting next_dagrun for youtube_video_stats to 2025-12-14 14:00:00+00:00, run_after=2025-12-15 14:00:00+00:00
[2025-12-14T18:04:50.595+0000] {processor.py:183} INFO - Processing /opt/airflow/dags/main.py took 0.206 seconds
[2025-12-14T18:05:20.696+0000] {processor.py:161} INFO - Started process (PID=6394) to work on /opt/airflow/dags/main.py
[2025-12-14T18:05:20.697+0000] {processor.py:830} INFO - Processing file /opt/airflow/dags/main.py for tasks to queue
[2025-12-14T18:05:20.698+0000] {logging_mixin.py:188} INFO - [2025-12-14T18:05:20.697+0000] {dagbag.py:545} INFO - Filling up the DagBag from /opt/airflow/dags/main.py
[2025-12-14T18:05:20.765+0000] {processor.py:840} INFO - DAG(s) 'youtube_video_stats', 'update_db' retrieved from /opt/airflow/dags/main.py
[2025-12-14T18:05:20.793+0000] {logging_mixin.py:188} INFO - [2025-12-14T18:05:20.793+0000] {dag.py:3096} INFO - Sync 2 DAGs
[2025-12-14T18:05:20.812+0000] {logging_mixin.py:188} INFO - [2025-12-14T18:05:20.812+0000] {dag.py:3954} INFO - Setting next_dagrun for update_db to 2025-12-14 15:00:00+00:00, run_after=2025-12-15 15:00:00+00:00
[2025-12-14T18:05:20.817+0000] {logging_mixin.py:188} INFO - [2025-12-14T18:05:20.817+0000] {dag.py:3954} INFO - Setting next_dagrun for youtube_video_stats to 2025-12-14 14:00:00+00:00, run_after=2025-12-15 14:00:00+00:00
[2025-12-14T18:05:20.831+0000] {processor.py:183} INFO - Processing /opt/airflow/dags/main.py took 0.141 seconds
[2025-12-14T18:05:51.032+0000] {processor.py:161} INFO - Started process (PID=6401) to work on /opt/airflow/dags/main.py
[2025-12-14T18:05:51.034+0000] {processor.py:830} INFO - Processing file /opt/airflow/dags/main.py for tasks to queue
[2025-12-14T18:05:51.035+0000] {logging_mixin.py:188} INFO - [2025-12-14T18:05:51.035+0000] {dagbag.py:545} INFO - Filling up the DagBag from /opt/airflow/dags/main.py
[2025-12-14T18:05:51.128+0000] {processor.py:840} INFO - DAG(s) 'youtube_video_stats', 'update_db' retrieved from /opt/airflow/dags/main.py
[2025-12-14T18:05:51.160+0000] {logging_mixin.py:188} INFO - [2025-12-14T18:05:51.160+0000] {dag.py:3096} INFO - Sync 2 DAGs
[2025-12-14T18:05:51.184+0000] {logging_mixin.py:188} INFO - [2025-12-14T18:05:51.184+0000] {dag.py:3954} INFO - Setting next_dagrun for update_db to 2025-12-14 15:00:00+00:00, run_after=2025-12-15 15:00:00+00:00
[2025-12-14T18:05:51.190+0000] {logging_mixin.py:188} INFO - [2025-12-14T18:05:51.190+0000] {dag.py:3954} INFO - Setting next_dagrun for youtube_video_stats to 2025-12-14 14:00:00+00:00, run_after=2025-12-15 14:00:00+00:00
[2025-12-14T18:05:51.207+0000] {processor.py:183} INFO - Processing /opt/airflow/dags/main.py took 0.182 seconds
[2025-12-14T18:06:21.275+0000] {processor.py:161} INFO - Started process (PID=6408) to work on /opt/airflow/dags/main.py
[2025-12-14T18:06:21.276+0000] {processor.py:830} INFO - Processing file /opt/airflow/dags/main.py for tasks to queue
[2025-12-14T18:06:21.277+0000] {logging_mixin.py:188} INFO - [2025-12-14T18:06:21.277+0000] {dagbag.py:545} INFO - Filling up the DagBag from /opt/airflow/dags/main.py
[2025-12-14T18:06:21.343+0000] {processor.py:840} INFO - DAG(s) 'update_db', 'youtube_video_stats' retrieved from /opt/airflow/dags/main.py
[2025-12-14T18:06:21.368+0000] {logging_mixin.py:188} INFO - [2025-12-14T18:06:21.368+0000] {dag.py:3096} INFO - Sync 2 DAGs
[2025-12-14T18:06:21.386+0000] {logging_mixin.py:188} INFO - [2025-12-14T18:06:21.386+0000] {dag.py:3954} INFO - Setting next_dagrun for update_db to 2025-12-14 15:00:00+00:00, run_after=2025-12-15 15:00:00+00:00
[2025-12-14T18:06:21.391+0000] {logging_mixin.py:188} INFO - [2025-12-14T18:06:21.390+0000] {dag.py:3954} INFO - Setting next_dagrun for youtube_video_stats to 2025-12-14 14:00:00+00:00, run_after=2025-12-15 14:00:00+00:00
[2025-12-14T18:06:21.411+0000] {processor.py:183} INFO - Processing /opt/airflow/dags/main.py took 0.142 seconds
[2025-12-14T18:06:51.627+0000] {processor.py:161} INFO - Started process (PID=6415) to work on /opt/airflow/dags/main.py
[2025-12-14T18:06:51.628+0000] {processor.py:830} INFO - Processing file /opt/airflow/dags/main.py for tasks to queue
[2025-12-14T18:06:51.629+0000] {logging_mixin.py:188} INFO - [2025-12-14T18:06:51.628+0000] {dagbag.py:545} INFO - Filling up the DagBag from /opt/airflow/dags/main.py
[2025-12-14T18:06:51.695+0000] {processor.py:840} INFO - DAG(s) 'update_db', 'youtube_video_stats' retrieved from /opt/airflow/dags/main.py
[2025-12-14T18:06:51.719+0000] {logging_mixin.py:188} INFO - [2025-12-14T18:06:51.719+0000] {dag.py:3096} INFO - Sync 2 DAGs
[2025-12-14T18:06:51.739+0000] {logging_mixin.py:188} INFO - [2025-12-14T18:06:51.739+0000] {dag.py:3954} INFO - Setting next_dagrun for update_db to 2025-12-14 15:00:00+00:00, run_after=2025-12-15 15:00:00+00:00
[2025-12-14T18:06:51.743+0000] {logging_mixin.py:188} INFO - [2025-12-14T18:06:51.743+0000] {dag.py:3954} INFO - Setting next_dagrun for youtube_video_stats to 2025-12-14 14:00:00+00:00, run_after=2025-12-15 14:00:00+00:00
[2025-12-14T18:06:51.762+0000] {processor.py:183} INFO - Processing /opt/airflow/dags/main.py took 0.141 seconds
[2025-12-14T18:07:21.864+0000] {processor.py:161} INFO - Started process (PID=6422) to work on /opt/airflow/dags/main.py
[2025-12-14T18:07:21.865+0000] {processor.py:830} INFO - Processing file /opt/airflow/dags/main.py for tasks to queue
[2025-12-14T18:07:21.866+0000] {logging_mixin.py:188} INFO - [2025-12-14T18:07:21.866+0000] {dagbag.py:545} INFO - Filling up the DagBag from /opt/airflow/dags/main.py
[2025-12-14T18:07:21.951+0000] {processor.py:840} INFO - DAG(s) 'youtube_video_stats', 'update_db' retrieved from /opt/airflow/dags/main.py
[2025-12-14T18:07:21.980+0000] {logging_mixin.py:188} INFO - [2025-12-14T18:07:21.979+0000] {dag.py:3096} INFO - Sync 2 DAGs
[2025-12-14T18:07:22.001+0000] {logging_mixin.py:188} INFO - [2025-12-14T18:07:22.001+0000] {dag.py:3954} INFO - Setting next_dagrun for update_db to 2025-12-14 15:00:00+00:00, run_after=2025-12-15 15:00:00+00:00
[2025-12-14T18:07:22.006+0000] {logging_mixin.py:188} INFO - [2025-12-14T18:07:22.006+0000] {dag.py:3954} INFO - Setting next_dagrun for youtube_video_stats to 2025-12-14 14:00:00+00:00, run_after=2025-12-15 14:00:00+00:00
[2025-12-14T18:07:22.022+0000] {processor.py:183} INFO - Processing /opt/airflow/dags/main.py took 0.164 seconds
[2025-12-14T18:07:52.214+0000] {processor.py:161} INFO - Started process (PID=6429) to work on /opt/airflow/dags/main.py
[2025-12-14T18:07:52.215+0000] {processor.py:830} INFO - Processing file /opt/airflow/dags/main.py for tasks to queue
[2025-12-14T18:07:52.216+0000] {logging_mixin.py:188} INFO - [2025-12-14T18:07:52.215+0000] {dagbag.py:545} INFO - Filling up the DagBag from /opt/airflow/dags/main.py
[2025-12-14T18:07:52.290+0000] {processor.py:840} INFO - DAG(s) 'youtube_video_stats', 'update_db' retrieved from /opt/airflow/dags/main.py
[2025-12-14T18:07:52.318+0000] {logging_mixin.py:188} INFO - [2025-12-14T18:07:52.318+0000] {dag.py:3096} INFO - Sync 2 DAGs
[2025-12-14T18:07:52.338+0000] {logging_mixin.py:188} INFO - [2025-12-14T18:07:52.338+0000] {dag.py:3954} INFO - Setting next_dagrun for update_db to 2025-12-14 15:00:00+00:00, run_after=2025-12-15 15:00:00+00:00
[2025-12-14T18:07:52.342+0000] {logging_mixin.py:188} INFO - [2025-12-14T18:07:52.342+0000] {dag.py:3954} INFO - Setting next_dagrun for youtube_video_stats to 2025-12-14 14:00:00+00:00, run_after=2025-12-15 14:00:00+00:00
[2025-12-14T18:07:52.366+0000] {processor.py:183} INFO - Processing /opt/airflow/dags/main.py took 0.157 seconds
[2025-12-14T18:08:22.459+0000] {processor.py:161} INFO - Started process (PID=6437) to work on /opt/airflow/dags/main.py
[2025-12-14T18:08:22.460+0000] {processor.py:830} INFO - Processing file /opt/airflow/dags/main.py for tasks to queue
[2025-12-14T18:08:22.461+0000] {logging_mixin.py:188} INFO - [2025-12-14T18:08:22.461+0000] {dagbag.py:545} INFO - Filling up the DagBag from /opt/airflow/dags/main.py
[2025-12-14T18:08:22.531+0000] {processor.py:840} INFO - DAG(s) 'update_db', 'youtube_video_stats' retrieved from /opt/airflow/dags/main.py
[2025-12-14T18:08:22.556+0000] {logging_mixin.py:188} INFO - [2025-12-14T18:08:22.556+0000] {dag.py:3096} INFO - Sync 2 DAGs
[2025-12-14T18:08:22.573+0000] {logging_mixin.py:188} INFO - [2025-12-14T18:08:22.573+0000] {dag.py:3954} INFO - Setting next_dagrun for update_db to 2025-12-14 15:00:00+00:00, run_after=2025-12-15 15:00:00+00:00
[2025-12-14T18:08:22.577+0000] {logging_mixin.py:188} INFO - [2025-12-14T18:08:22.577+0000] {dag.py:3954} INFO - Setting next_dagrun for youtube_video_stats to 2025-12-14 14:00:00+00:00, run_after=2025-12-15 14:00:00+00:00
[2025-12-14T18:08:22.590+0000] {processor.py:183} INFO - Processing /opt/airflow/dags/main.py took 0.137 seconds
[2025-12-14T18:08:52.805+0000] {processor.py:161} INFO - Started process (PID=6444) to work on /opt/airflow/dags/main.py
[2025-12-14T18:08:52.807+0000] {processor.py:830} INFO - Processing file /opt/airflow/dags/main.py for tasks to queue
[2025-12-14T18:08:52.808+0000] {logging_mixin.py:188} INFO - [2025-12-14T18:08:52.808+0000] {dagbag.py:545} INFO - Filling up the DagBag from /opt/airflow/dags/main.py
[2025-12-14T18:08:52.923+0000] {processor.py:840} INFO - DAG(s) 'update_db', 'youtube_video_stats' retrieved from /opt/airflow/dags/main.py
[2025-12-14T18:08:52.958+0000] {logging_mixin.py:188} INFO - [2025-12-14T18:08:52.958+0000] {dag.py:3096} INFO - Sync 2 DAGs
[2025-12-14T18:08:52.979+0000] {logging_mixin.py:188} INFO - [2025-12-14T18:08:52.979+0000] {dag.py:3954} INFO - Setting next_dagrun for update_db to 2025-12-14 15:00:00+00:00, run_after=2025-12-15 15:00:00+00:00
[2025-12-14T18:08:52.984+0000] {logging_mixin.py:188} INFO - [2025-12-14T18:08:52.984+0000] {dag.py:3954} INFO - Setting next_dagrun for youtube_video_stats to 2025-12-14 14:00:00+00:00, run_after=2025-12-15 14:00:00+00:00
[2025-12-14T18:08:53.002+0000] {processor.py:183} INFO - Processing /opt/airflow/dags/main.py took 0.204 seconds
[2025-12-14T18:09:23.217+0000] {processor.py:161} INFO - Started process (PID=6451) to work on /opt/airflow/dags/main.py
[2025-12-14T18:09:23.220+0000] {processor.py:830} INFO - Processing file /opt/airflow/dags/main.py for tasks to queue
[2025-12-14T18:09:23.222+0000] {logging_mixin.py:188} INFO - [2025-12-14T18:09:23.222+0000] {dagbag.py:545} INFO - Filling up the DagBag from /opt/airflow/dags/main.py
[2025-12-14T18:09:23.408+0000] {processor.py:840} INFO - DAG(s) 'update_db', 'youtube_video_stats' retrieved from /opt/airflow/dags/main.py
[2025-12-14T18:09:23.479+0000] {logging_mixin.py:188} INFO - [2025-12-14T18:09:23.479+0000] {dag.py:3096} INFO - Sync 2 DAGs
[2025-12-14T18:09:23.516+0000] {logging_mixin.py:188} INFO - [2025-12-14T18:09:23.516+0000] {dag.py:3954} INFO - Setting next_dagrun for update_db to 2025-12-14 15:00:00+00:00, run_after=2025-12-15 15:00:00+00:00
[2025-12-14T18:09:23.534+0000] {logging_mixin.py:188} INFO - [2025-12-14T18:09:23.533+0000] {dag.py:3954} INFO - Setting next_dagrun for youtube_video_stats to 2025-12-14 14:00:00+00:00, run_after=2025-12-15 14:00:00+00:00
[2025-12-14T18:09:23.562+0000] {processor.py:183} INFO - Processing /opt/airflow/dags/main.py took 0.355 seconds
[2025-12-14T18:09:55.416+0000] {processor.py:161} INFO - Started process (PID=6458) to work on /opt/airflow/dags/main.py
[2025-12-14T18:09:55.435+0000] {processor.py:830} INFO - Processing file /opt/airflow/dags/main.py for tasks to queue
[2025-12-14T18:09:55.492+0000] {logging_mixin.py:188} INFO - [2025-12-14T18:09:55.491+0000] {dagbag.py:545} INFO - Filling up the DagBag from /opt/airflow/dags/main.py
[2025-12-14T18:09:57.889+0000] {processor.py:840} INFO - DAG(s) 'update_db', 'youtube_video_stats' retrieved from /opt/airflow/dags/main.py
[2025-12-14T18:09:58.083+0000] {logging_mixin.py:188} INFO - [2025-12-14T18:09:58.071+0000] {dag.py:3096} INFO - Sync 2 DAGs
[2025-12-14T18:09:58.224+0000] {logging_mixin.py:188} INFO - [2025-12-14T18:09:58.224+0000] {dag.py:3954} INFO - Setting next_dagrun for update_db to 2025-12-14 15:00:00+00:00, run_after=2025-12-15 15:00:00+00:00
[2025-12-14T18:09:58.256+0000] {logging_mixin.py:188} INFO - [2025-12-14T18:09:58.256+0000] {dag.py:3954} INFO - Setting next_dagrun for youtube_video_stats to 2025-12-14 14:00:00+00:00, run_after=2025-12-15 14:00:00+00:00
[2025-12-14T18:09:58.444+0000] {processor.py:183} INFO - Processing /opt/airflow/dags/main.py took 3.083 seconds
[2025-12-14T18:10:29.197+0000] {processor.py:161} INFO - Started process (PID=6465) to work on /opt/airflow/dags/main.py
[2025-12-14T18:10:29.208+0000] {processor.py:830} INFO - Processing file /opt/airflow/dags/main.py for tasks to queue
[2025-12-14T18:10:29.213+0000] {logging_mixin.py:188} INFO - [2025-12-14T18:10:29.212+0000] {dagbag.py:545} INFO - Filling up the DagBag from /opt/airflow/dags/main.py
[2025-12-14T18:10:29.689+0000] {processor.py:840} INFO - DAG(s) 'update_db', 'youtube_video_stats' retrieved from /opt/airflow/dags/main.py
[2025-12-14T18:10:29.918+0000] {logging_mixin.py:188} INFO - [2025-12-14T18:10:29.917+0000] {dag.py:3096} INFO - Sync 2 DAGs
[2025-12-14T18:10:30.077+0000] {logging_mixin.py:188} INFO - [2025-12-14T18:10:30.076+0000] {dag.py:3954} INFO - Setting next_dagrun for update_db to 2025-12-14 15:00:00+00:00, run_after=2025-12-15 15:00:00+00:00
[2025-12-14T18:10:30.126+0000] {logging_mixin.py:188} INFO - [2025-12-14T18:10:30.125+0000] {dag.py:3954} INFO - Setting next_dagrun for youtube_video_stats to 2025-12-14 14:00:00+00:00, run_after=2025-12-15 14:00:00+00:00
[2025-12-14T18:10:30.236+0000] {processor.py:183} INFO - Processing /opt/airflow/dags/main.py took 1.091 seconds
[2025-12-14T18:11:00.487+0000] {processor.py:161} INFO - Started process (PID=6472) to work on /opt/airflow/dags/main.py
[2025-12-14T18:11:00.490+0000] {processor.py:830} INFO - Processing file /opt/airflow/dags/main.py for tasks to queue
[2025-12-14T18:11:00.492+0000] {logging_mixin.py:188} INFO - [2025-12-14T18:11:00.492+0000] {dagbag.py:545} INFO - Filling up the DagBag from /opt/airflow/dags/main.py
[2025-12-14T18:11:00.838+0000] {processor.py:840} INFO - DAG(s) 'update_db', 'youtube_video_stats' retrieved from /opt/airflow/dags/main.py
[2025-12-14T18:11:00.930+0000] {logging_mixin.py:188} INFO - [2025-12-14T18:11:00.930+0000] {dag.py:3096} INFO - Sync 2 DAGs
[2025-12-14T18:11:00.983+0000] {logging_mixin.py:188} INFO - [2025-12-14T18:11:00.983+0000] {dag.py:3954} INFO - Setting next_dagrun for update_db to 2025-12-14 15:00:00+00:00, run_after=2025-12-15 15:00:00+00:00
[2025-12-14T18:11:00.993+0000] {logging_mixin.py:188} INFO - [2025-12-14T18:11:00.992+0000] {dag.py:3954} INFO - Setting next_dagrun for youtube_video_stats to 2025-12-14 14:00:00+00:00, run_after=2025-12-15 14:00:00+00:00
[2025-12-14T18:11:01.038+0000] {processor.py:183} INFO - Processing /opt/airflow/dags/main.py took 0.584 seconds
[2025-12-14T18:11:34.642+0000] {processor.py:161} INFO - Started process (PID=6479) to work on /opt/airflow/dags/main.py
[2025-12-14T18:11:34.644+0000] {processor.py:830} INFO - Processing file /opt/airflow/dags/main.py for tasks to queue
[2025-12-14T18:11:34.646+0000] {logging_mixin.py:188} INFO - [2025-12-14T18:11:34.646+0000] {dagbag.py:545} INFO - Filling up the DagBag from /opt/airflow/dags/main.py
[2025-12-14T18:11:34.836+0000] {processor.py:840} INFO - DAG(s) 'youtube_video_stats', 'update_db' retrieved from /opt/airflow/dags/main.py
[2025-12-14T18:11:34.888+0000] {logging_mixin.py:188} INFO - [2025-12-14T18:11:34.888+0000] {dag.py:3096} INFO - Sync 2 DAGs
[2025-12-14T18:11:34.923+0000] {logging_mixin.py:188} INFO - [2025-12-14T18:11:34.923+0000] {dag.py:3954} INFO - Setting next_dagrun for update_db to 2025-12-14 15:00:00+00:00, run_after=2025-12-15 15:00:00+00:00
[2025-12-14T18:11:34.931+0000] {logging_mixin.py:188} INFO - [2025-12-14T18:11:34.931+0000] {dag.py:3954} INFO - Setting next_dagrun for youtube_video_stats to 2025-12-14 14:00:00+00:00, run_after=2025-12-15 14:00:00+00:00
[2025-12-14T18:11:35.202+0000] {processor.py:183} INFO - Processing /opt/airflow/dags/main.py took 0.570 seconds
[2025-12-14T18:12:05.457+0000] {processor.py:161} INFO - Started process (PID=6486) to work on /opt/airflow/dags/main.py
[2025-12-14T18:12:05.459+0000] {processor.py:830} INFO - Processing file /opt/airflow/dags/main.py for tasks to queue
[2025-12-14T18:12:05.460+0000] {logging_mixin.py:188} INFO - [2025-12-14T18:12:05.460+0000] {dagbag.py:545} INFO - Filling up the DagBag from /opt/airflow/dags/main.py
[2025-12-14T18:12:05.577+0000] {processor.py:840} INFO - DAG(s) 'youtube_video_stats', 'update_db' retrieved from /opt/airflow/dags/main.py
[2025-12-14T18:12:05.614+0000] {logging_mixin.py:188} INFO - [2025-12-14T18:12:05.614+0000] {dag.py:3096} INFO - Sync 2 DAGs
[2025-12-14T18:12:05.636+0000] {logging_mixin.py:188} INFO - [2025-12-14T18:12:05.636+0000] {dag.py:3954} INFO - Setting next_dagrun for update_db to 2025-12-14 15:00:00+00:00, run_after=2025-12-15 15:00:00+00:00
[2025-12-14T18:12:05.642+0000] {logging_mixin.py:188} INFO - [2025-12-14T18:12:05.642+0000] {dag.py:3954} INFO - Setting next_dagrun for youtube_video_stats to 2025-12-14 14:00:00+00:00, run_after=2025-12-15 14:00:00+00:00
[2025-12-14T18:12:05.666+0000] {processor.py:183} INFO - Processing /opt/airflow/dags/main.py took 0.215 seconds
[2025-12-14T18:12:35.888+0000] {processor.py:161} INFO - Started process (PID=6493) to work on /opt/airflow/dags/main.py
[2025-12-14T18:12:35.890+0000] {processor.py:830} INFO - Processing file /opt/airflow/dags/main.py for tasks to queue
[2025-12-14T18:12:35.891+0000] {logging_mixin.py:188} INFO - [2025-12-14T18:12:35.891+0000] {dagbag.py:545} INFO - Filling up the DagBag from /opt/airflow/dags/main.py
[2025-12-14T18:12:35.982+0000] {processor.py:840} INFO - DAG(s) 'update_db', 'youtube_video_stats' retrieved from /opt/airflow/dags/main.py
[2025-12-14T18:12:36.009+0000] {logging_mixin.py:188} INFO - [2025-12-14T18:12:36.009+0000] {dag.py:3096} INFO - Sync 2 DAGs
[2025-12-14T18:12:36.030+0000] {logging_mixin.py:188} INFO - [2025-12-14T18:12:36.029+0000] {dag.py:3954} INFO - Setting next_dagrun for update_db to 2025-12-14 15:00:00+00:00, run_after=2025-12-15 15:00:00+00:00
[2025-12-14T18:12:36.034+0000] {logging_mixin.py:188} INFO - [2025-12-14T18:12:36.034+0000] {dag.py:3954} INFO - Setting next_dagrun for youtube_video_stats to 2025-12-14 14:00:00+00:00, run_after=2025-12-15 14:00:00+00:00
[2025-12-14T18:12:36.051+0000] {processor.py:183} INFO - Processing /opt/airflow/dags/main.py took 0.169 seconds
[2025-12-14T18:13:06.144+0000] {processor.py:161} INFO - Started process (PID=6500) to work on /opt/airflow/dags/main.py
[2025-12-14T18:13:06.145+0000] {processor.py:830} INFO - Processing file /opt/airflow/dags/main.py for tasks to queue
[2025-12-14T18:13:06.146+0000] {logging_mixin.py:188} INFO - [2025-12-14T18:13:06.146+0000] {dagbag.py:545} INFO - Filling up the DagBag from /opt/airflow/dags/main.py
[2025-12-14T18:13:06.256+0000] {processor.py:840} INFO - DAG(s) 'update_db', 'youtube_video_stats' retrieved from /opt/airflow/dags/main.py
[2025-12-14T18:13:06.283+0000] {logging_mixin.py:188} INFO - [2025-12-14T18:13:06.283+0000] {dag.py:3096} INFO - Sync 2 DAGs
[2025-12-14T18:13:06.304+0000] {logging_mixin.py:188} INFO - [2025-12-14T18:13:06.303+0000] {dag.py:3954} INFO - Setting next_dagrun for update_db to 2025-12-14 15:00:00+00:00, run_after=2025-12-15 15:00:00+00:00
[2025-12-14T18:13:06.310+0000] {logging_mixin.py:188} INFO - [2025-12-14T18:13:06.309+0000] {dag.py:3954} INFO - Setting next_dagrun for youtube_video_stats to 2025-12-14 14:00:00+00:00, run_after=2025-12-15 14:00:00+00:00
[2025-12-14T18:13:06.327+0000] {processor.py:183} INFO - Processing /opt/airflow/dags/main.py took 0.189 seconds
[2025-12-14T18:13:36.473+0000] {processor.py:161} INFO - Started process (PID=6507) to work on /opt/airflow/dags/main.py
[2025-12-14T18:13:36.475+0000] {processor.py:830} INFO - Processing file /opt/airflow/dags/main.py for tasks to queue
[2025-12-14T18:13:36.476+0000] {logging_mixin.py:188} INFO - [2025-12-14T18:13:36.475+0000] {dagbag.py:545} INFO - Filling up the DagBag from /opt/airflow/dags/main.py
[2025-12-14T18:13:36.549+0000] {processor.py:840} INFO - DAG(s) 'update_db', 'youtube_video_stats' retrieved from /opt/airflow/dags/main.py
[2025-12-14T18:13:36.573+0000] {logging_mixin.py:188} INFO - [2025-12-14T18:13:36.573+0000] {dag.py:3096} INFO - Sync 2 DAGs
[2025-12-14T18:13:36.591+0000] {logging_mixin.py:188} INFO - [2025-12-14T18:13:36.591+0000] {dag.py:3954} INFO - Setting next_dagrun for update_db to 2025-12-14 15:00:00+00:00, run_after=2025-12-15 15:00:00+00:00
[2025-12-14T18:13:36.595+0000] {logging_mixin.py:188} INFO - [2025-12-14T18:13:36.595+0000] {dag.py:3954} INFO - Setting next_dagrun for youtube_video_stats to 2025-12-14 14:00:00+00:00, run_after=2025-12-15 14:00:00+00:00
[2025-12-14T18:13:36.612+0000] {processor.py:183} INFO - Processing /opt/airflow/dags/main.py took 0.145 seconds
[2025-12-14T18:14:06.802+0000] {processor.py:161} INFO - Started process (PID=6514) to work on /opt/airflow/dags/main.py
[2025-12-14T18:14:06.803+0000] {processor.py:830} INFO - Processing file /opt/airflow/dags/main.py for tasks to queue
[2025-12-14T18:14:06.803+0000] {logging_mixin.py:188} INFO - [2025-12-14T18:14:06.803+0000] {dagbag.py:545} INFO - Filling up the DagBag from /opt/airflow/dags/main.py
[2025-12-14T18:14:06.877+0000] {processor.py:840} INFO - DAG(s) 'youtube_video_stats', 'update_db' retrieved from /opt/airflow/dags/main.py
[2025-12-14T18:14:06.903+0000] {logging_mixin.py:188} INFO - [2025-12-14T18:14:06.902+0000] {dag.py:3096} INFO - Sync 2 DAGs
[2025-12-14T18:14:06.920+0000] {logging_mixin.py:188} INFO - [2025-12-14T18:14:06.920+0000] {dag.py:3954} INFO - Setting next_dagrun for update_db to 2025-12-14 15:00:00+00:00, run_after=2025-12-15 15:00:00+00:00
[2025-12-14T18:14:06.925+0000] {logging_mixin.py:188} INFO - [2025-12-14T18:14:06.925+0000] {dag.py:3954} INFO - Setting next_dagrun for youtube_video_stats to 2025-12-14 14:00:00+00:00, run_after=2025-12-15 14:00:00+00:00
[2025-12-14T18:14:06.941+0000] {processor.py:183} INFO - Processing /opt/airflow/dags/main.py took 0.145 seconds
[2025-12-14T18:14:37.093+0000] {processor.py:161} INFO - Started process (PID=6521) to work on /opt/airflow/dags/main.py
[2025-12-14T18:14:37.094+0000] {processor.py:830} INFO - Processing file /opt/airflow/dags/main.py for tasks to queue
[2025-12-14T18:14:37.095+0000] {logging_mixin.py:188} INFO - [2025-12-14T18:14:37.095+0000] {dagbag.py:545} INFO - Filling up the DagBag from /opt/airflow/dags/main.py
[2025-12-14T18:14:37.172+0000] {processor.py:840} INFO - DAG(s) 'update_db', 'youtube_video_stats' retrieved from /opt/airflow/dags/main.py
[2025-12-14T18:14:37.197+0000] {logging_mixin.py:188} INFO - [2025-12-14T18:14:37.197+0000] {dag.py:3096} INFO - Sync 2 DAGs
[2025-12-14T18:14:37.214+0000] {logging_mixin.py:188} INFO - [2025-12-14T18:14:37.214+0000] {dag.py:3954} INFO - Setting next_dagrun for update_db to 2025-12-14 15:00:00+00:00, run_after=2025-12-15 15:00:00+00:00
[2025-12-14T18:14:37.218+0000] {logging_mixin.py:188} INFO - [2025-12-14T18:14:37.218+0000] {dag.py:3954} INFO - Setting next_dagrun for youtube_video_stats to 2025-12-14 14:00:00+00:00, run_after=2025-12-15 14:00:00+00:00
[2025-12-14T18:14:37.233+0000] {processor.py:183} INFO - Processing /opt/airflow/dags/main.py took 0.145 seconds
[2025-12-14T18:15:07.404+0000] {processor.py:161} INFO - Started process (PID=6528) to work on /opt/airflow/dags/main.py
[2025-12-14T18:15:07.405+0000] {processor.py:830} INFO - Processing file /opt/airflow/dags/main.py for tasks to queue
[2025-12-14T18:15:07.406+0000] {logging_mixin.py:188} INFO - [2025-12-14T18:15:07.406+0000] {dagbag.py:545} INFO - Filling up the DagBag from /opt/airflow/dags/main.py
[2025-12-14T18:15:07.490+0000] {processor.py:840} INFO - DAG(s) 'youtube_video_stats', 'update_db' retrieved from /opt/airflow/dags/main.py
[2025-12-14T18:15:07.516+0000] {logging_mixin.py:188} INFO - [2025-12-14T18:15:07.516+0000] {dag.py:3096} INFO - Sync 2 DAGs
[2025-12-14T18:15:07.534+0000] {logging_mixin.py:188} INFO - [2025-12-14T18:15:07.534+0000] {dag.py:3954} INFO - Setting next_dagrun for update_db to 2025-12-14 15:00:00+00:00, run_after=2025-12-15 15:00:00+00:00
[2025-12-14T18:15:07.539+0000] {logging_mixin.py:188} INFO - [2025-12-14T18:15:07.539+0000] {dag.py:3954} INFO - Setting next_dagrun for youtube_video_stats to 2025-12-14 14:00:00+00:00, run_after=2025-12-15 14:00:00+00:00
[2025-12-14T18:15:07.559+0000] {processor.py:183} INFO - Processing /opt/airflow/dags/main.py took 0.161 seconds
[2025-12-14T18:15:37.784+0000] {processor.py:161} INFO - Started process (PID=6535) to work on /opt/airflow/dags/main.py
[2025-12-14T18:15:37.787+0000] {processor.py:830} INFO - Processing file /opt/airflow/dags/main.py for tasks to queue
[2025-12-14T18:15:37.790+0000] {logging_mixin.py:188} INFO - [2025-12-14T18:15:37.789+0000] {dagbag.py:545} INFO - Filling up the DagBag from /opt/airflow/dags/main.py
[2025-12-14T18:15:38.035+0000] {processor.py:840} INFO - DAG(s) 'youtube_video_stats', 'update_db' retrieved from /opt/airflow/dags/main.py
[2025-12-14T18:15:38.105+0000] {logging_mixin.py:188} INFO - [2025-12-14T18:15:38.105+0000] {dag.py:3096} INFO - Sync 2 DAGs
[2025-12-14T18:15:38.155+0000] {logging_mixin.py:188} INFO - [2025-12-14T18:15:38.155+0000] {dag.py:3954} INFO - Setting next_dagrun for update_db to 2025-12-14 15:00:00+00:00, run_after=2025-12-15 15:00:00+00:00
[2025-12-14T18:15:38.168+0000] {logging_mixin.py:188} INFO - [2025-12-14T18:15:38.168+0000] {dag.py:3954} INFO - Setting next_dagrun for youtube_video_stats to 2025-12-14 14:00:00+00:00, run_after=2025-12-15 14:00:00+00:00
[2025-12-14T18:15:38.206+0000] {processor.py:183} INFO - Processing /opt/airflow/dags/main.py took 0.436 seconds
[2025-12-14T18:16:08.589+0000] {processor.py:161} INFO - Started process (PID=6542) to work on /opt/airflow/dags/main.py
[2025-12-14T18:16:08.592+0000] {processor.py:830} INFO - Processing file /opt/airflow/dags/main.py for tasks to queue
[2025-12-14T18:16:08.595+0000] {logging_mixin.py:188} INFO - [2025-12-14T18:16:08.594+0000] {dagbag.py:545} INFO - Filling up the DagBag from /opt/airflow/dags/main.py
[2025-12-14T18:16:08.923+0000] {processor.py:840} INFO - DAG(s) 'youtube_video_stats', 'update_db' retrieved from /opt/airflow/dags/main.py
[2025-12-14T18:16:09.035+0000] {logging_mixin.py:188} INFO - [2025-12-14T18:16:09.034+0000] {dag.py:3096} INFO - Sync 2 DAGs
[2025-12-14T18:16:09.115+0000] {logging_mixin.py:188} INFO - [2025-12-14T18:16:09.112+0000] {dag.py:3954} INFO - Setting next_dagrun for update_db to 2025-12-14 15:00:00+00:00, run_after=2025-12-15 15:00:00+00:00
[2025-12-14T18:16:09.132+0000] {logging_mixin.py:188} INFO - [2025-12-14T18:16:09.131+0000] {dag.py:3954} INFO - Setting next_dagrun for youtube_video_stats to 2025-12-14 14:00:00+00:00, run_after=2025-12-15 14:00:00+00:00
[2025-12-14T18:16:09.185+0000] {processor.py:183} INFO - Processing /opt/airflow/dags/main.py took 0.619 seconds
[2025-12-14T18:16:39.372+0000] {processor.py:161} INFO - Started process (PID=6549) to work on /opt/airflow/dags/main.py
[2025-12-14T18:16:39.374+0000] {processor.py:830} INFO - Processing file /opt/airflow/dags/main.py for tasks to queue
[2025-12-14T18:16:39.375+0000] {logging_mixin.py:188} INFO - [2025-12-14T18:16:39.375+0000] {dagbag.py:545} INFO - Filling up the DagBag from /opt/airflow/dags/main.py
[2025-12-14T18:16:39.547+0000] {processor.py:840} INFO - DAG(s) 'youtube_video_stats', 'update_db' retrieved from /opt/airflow/dags/main.py
[2025-12-14T18:16:39.607+0000] {logging_mixin.py:188} INFO - [2025-12-14T18:16:39.607+0000] {dag.py:3096} INFO - Sync 2 DAGs
[2025-12-14T18:16:39.647+0000] {logging_mixin.py:188} INFO - [2025-12-14T18:16:39.646+0000] {dag.py:3954} INFO - Setting next_dagrun for update_db to 2025-12-14 15:00:00+00:00, run_after=2025-12-15 15:00:00+00:00
[2025-12-14T18:16:39.656+0000] {logging_mixin.py:188} INFO - [2025-12-14T18:16:39.655+0000] {dag.py:3954} INFO - Setting next_dagrun for youtube_video_stats to 2025-12-14 14:00:00+00:00, run_after=2025-12-15 14:00:00+00:00
[2025-12-14T18:16:39.684+0000] {processor.py:183} INFO - Processing /opt/airflow/dags/main.py took 0.322 seconds
[2025-12-14T18:17:10.023+0000] {processor.py:161} INFO - Started process (PID=6556) to work on /opt/airflow/dags/main.py
[2025-12-14T18:17:10.029+0000] {processor.py:830} INFO - Processing file /opt/airflow/dags/main.py for tasks to queue
[2025-12-14T18:17:10.032+0000] {logging_mixin.py:188} INFO - [2025-12-14T18:17:10.032+0000] {dagbag.py:545} INFO - Filling up the DagBag from /opt/airflow/dags/main.py
[2025-12-14T18:17:10.397+0000] {processor.py:840} INFO - DAG(s) 'youtube_video_stats', 'update_db' retrieved from /opt/airflow/dags/main.py
[2025-12-14T18:17:10.520+0000] {logging_mixin.py:188} INFO - [2025-12-14T18:17:10.516+0000] {dag.py:3096} INFO - Sync 2 DAGs
[2025-12-14T18:17:10.621+0000] {logging_mixin.py:188} INFO - [2025-12-14T18:17:10.620+0000] {dag.py:3954} INFO - Setting next_dagrun for update_db to 2025-12-14 15:00:00+00:00, run_after=2025-12-15 15:00:00+00:00
[2025-12-14T18:17:10.651+0000] {logging_mixin.py:188} INFO - [2025-12-14T18:17:10.650+0000] {dag.py:3954} INFO - Setting next_dagrun for youtube_video_stats to 2025-12-14 14:00:00+00:00, run_after=2025-12-15 14:00:00+00:00
[2025-12-14T18:17:10.706+0000] {processor.py:183} INFO - Processing /opt/airflow/dags/main.py took 0.711 seconds
[2025-12-14T18:17:40.914+0000] {processor.py:161} INFO - Started process (PID=6563) to work on /opt/airflow/dags/main.py
[2025-12-14T18:17:40.916+0000] {processor.py:830} INFO - Processing file /opt/airflow/dags/main.py for tasks to queue
[2025-12-14T18:17:40.917+0000] {logging_mixin.py:188} INFO - [2025-12-14T18:17:40.917+0000] {dagbag.py:545} INFO - Filling up the DagBag from /opt/airflow/dags/main.py
[2025-12-14T18:17:41.108+0000] {processor.py:840} INFO - DAG(s) 'youtube_video_stats', 'update_db' retrieved from /opt/airflow/dags/main.py
[2025-12-14T18:17:41.193+0000] {logging_mixin.py:188} INFO - [2025-12-14T18:17:41.192+0000] {dag.py:3096} INFO - Sync 2 DAGs
[2025-12-14T18:17:41.253+0000] {logging_mixin.py:188} INFO - [2025-12-14T18:17:41.252+0000] {dag.py:3954} INFO - Setting next_dagrun for update_db to 2025-12-14 15:00:00+00:00, run_after=2025-12-15 15:00:00+00:00
[2025-12-14T18:17:41.266+0000] {logging_mixin.py:188} INFO - [2025-12-14T18:17:41.266+0000] {dag.py:3954} INFO - Setting next_dagrun for youtube_video_stats to 2025-12-14 14:00:00+00:00, run_after=2025-12-15 14:00:00+00:00
[2025-12-14T18:17:41.298+0000] {processor.py:183} INFO - Processing /opt/airflow/dags/main.py took 0.394 seconds
[2025-12-14T18:18:11.510+0000] {processor.py:161} INFO - Started process (PID=6570) to work on /opt/airflow/dags/main.py
[2025-12-14T18:18:11.512+0000] {processor.py:830} INFO - Processing file /opt/airflow/dags/main.py for tasks to queue
[2025-12-14T18:18:11.514+0000] {logging_mixin.py:188} INFO - [2025-12-14T18:18:11.513+0000] {dagbag.py:545} INFO - Filling up the DagBag from /opt/airflow/dags/main.py
[2025-12-14T18:18:11.780+0000] {processor.py:840} INFO - DAG(s) 'update_db', 'youtube_video_stats' retrieved from /opt/airflow/dags/main.py
[2025-12-14T18:18:11.895+0000] {logging_mixin.py:188} INFO - [2025-12-14T18:18:11.895+0000] {dag.py:3096} INFO - Sync 2 DAGs
[2025-12-14T18:18:11.996+0000] {logging_mixin.py:188} INFO - [2025-12-14T18:18:11.996+0000] {dag.py:3954} INFO - Setting next_dagrun for update_db to 2025-12-14 15:00:00+00:00, run_after=2025-12-15 15:00:00+00:00
[2025-12-14T18:18:12.014+0000] {logging_mixin.py:188} INFO - [2025-12-14T18:18:12.014+0000] {dag.py:3954} INFO - Setting next_dagrun for youtube_video_stats to 2025-12-14 14:00:00+00:00, run_after=2025-12-15 14:00:00+00:00
[2025-12-14T18:18:12.058+0000] {processor.py:183} INFO - Processing /opt/airflow/dags/main.py took 0.559 seconds
[2025-12-14T18:18:42.551+0000] {processor.py:161} INFO - Started process (PID=6577) to work on /opt/airflow/dags/main.py
[2025-12-14T18:18:42.554+0000] {processor.py:830} INFO - Processing file /opt/airflow/dags/main.py for tasks to queue
[2025-12-14T18:18:42.555+0000] {logging_mixin.py:188} INFO - [2025-12-14T18:18:42.555+0000] {dagbag.py:545} INFO - Filling up the DagBag from /opt/airflow/dags/main.py
[2025-12-14T18:18:42.736+0000] {processor.py:840} INFO - DAG(s) 'update_db', 'youtube_video_stats' retrieved from /opt/airflow/dags/main.py
[2025-12-14T18:18:42.786+0000] {logging_mixin.py:188} INFO - [2025-12-14T18:18:42.785+0000] {dag.py:3096} INFO - Sync 2 DAGs
[2025-12-14T18:18:42.824+0000] {logging_mixin.py:188} INFO - [2025-12-14T18:18:42.823+0000] {dag.py:3954} INFO - Setting next_dagrun for update_db to 2025-12-14 15:00:00+00:00, run_after=2025-12-15 15:00:00+00:00
[2025-12-14T18:18:42.832+0000] {logging_mixin.py:188} INFO - [2025-12-14T18:18:42.832+0000] {dag.py:3954} INFO - Setting next_dagrun for youtube_video_stats to 2025-12-14 14:00:00+00:00, run_after=2025-12-15 14:00:00+00:00
[2025-12-14T18:18:42.861+0000] {processor.py:183} INFO - Processing /opt/airflow/dags/main.py took 0.319 seconds
[2025-12-14T18:19:13.108+0000] {processor.py:161} INFO - Started process (PID=6584) to work on /opt/airflow/dags/main.py
[2025-12-14T18:19:13.110+0000] {processor.py:830} INFO - Processing file /opt/airflow/dags/main.py for tasks to queue
[2025-12-14T18:19:13.112+0000] {logging_mixin.py:188} INFO - [2025-12-14T18:19:13.111+0000] {dagbag.py:545} INFO - Filling up the DagBag from /opt/airflow/dags/main.py
[2025-12-14T18:19:13.248+0000] {processor.py:840} INFO - DAG(s) 'update_db', 'youtube_video_stats' retrieved from /opt/airflow/dags/main.py
[2025-12-14T18:19:13.291+0000] {logging_mixin.py:188} INFO - [2025-12-14T18:19:13.291+0000] {dag.py:3096} INFO - Sync 2 DAGs
[2025-12-14T18:19:13.321+0000] {logging_mixin.py:188} INFO - [2025-12-14T18:19:13.320+0000] {dag.py:3954} INFO - Setting next_dagrun for update_db to 2025-12-14 15:00:00+00:00, run_after=2025-12-15 15:00:00+00:00
[2025-12-14T18:19:13.333+0000] {logging_mixin.py:188} INFO - [2025-12-14T18:19:13.333+0000] {dag.py:3954} INFO - Setting next_dagrun for youtube_video_stats to 2025-12-14 14:00:00+00:00, run_after=2025-12-15 14:00:00+00:00
[2025-12-14T18:19:13.355+0000] {processor.py:183} INFO - Processing /opt/airflow/dags/main.py took 0.255 seconds
[2025-12-14T18:19:43.646+0000] {processor.py:161} INFO - Started process (PID=6591) to work on /opt/airflow/dags/main.py
[2025-12-14T18:19:43.648+0000] {processor.py:830} INFO - Processing file /opt/airflow/dags/main.py for tasks to queue
[2025-12-14T18:19:43.649+0000] {logging_mixin.py:188} INFO - [2025-12-14T18:19:43.649+0000] {dagbag.py:545} INFO - Filling up the DagBag from /opt/airflow/dags/main.py
[2025-12-14T18:19:43.802+0000] {processor.py:840} INFO - DAG(s) 'update_db', 'youtube_video_stats' retrieved from /opt/airflow/dags/main.py
[2025-12-14T18:19:43.837+0000] {logging_mixin.py:188} INFO - [2025-12-14T18:19:43.837+0000] {dag.py:3096} INFO - Sync 2 DAGs
[2025-12-14T18:19:43.861+0000] {logging_mixin.py:188} INFO - [2025-12-14T18:19:43.861+0000] {dag.py:3954} INFO - Setting next_dagrun for update_db to 2025-12-14 15:00:00+00:00, run_after=2025-12-15 15:00:00+00:00
[2025-12-14T18:19:43.868+0000] {logging_mixin.py:188} INFO - [2025-12-14T18:19:43.868+0000] {dag.py:3954} INFO - Setting next_dagrun for youtube_video_stats to 2025-12-14 14:00:00+00:00, run_after=2025-12-15 14:00:00+00:00
[2025-12-14T18:19:43.889+0000] {processor.py:183} INFO - Processing /opt/airflow/dags/main.py took 0.251 seconds
[2025-12-14T18:20:14.107+0000] {processor.py:161} INFO - Started process (PID=6598) to work on /opt/airflow/dags/main.py
[2025-12-14T18:20:14.109+0000] {processor.py:830} INFO - Processing file /opt/airflow/dags/main.py for tasks to queue
[2025-12-14T18:20:14.110+0000] {logging_mixin.py:188} INFO - [2025-12-14T18:20:14.110+0000] {dagbag.py:545} INFO - Filling up the DagBag from /opt/airflow/dags/main.py
[2025-12-14T18:20:14.224+0000] {processor.py:840} INFO - DAG(s) 'update_db', 'youtube_video_stats' retrieved from /opt/airflow/dags/main.py
[2025-12-14T18:20:14.261+0000] {logging_mixin.py:188} INFO - [2025-12-14T18:20:14.261+0000] {dag.py:3096} INFO - Sync 2 DAGs
[2025-12-14T18:20:14.286+0000] {logging_mixin.py:188} INFO - [2025-12-14T18:20:14.286+0000] {dag.py:3954} INFO - Setting next_dagrun for update_db to 2025-12-14 15:00:00+00:00, run_after=2025-12-15 15:00:00+00:00
[2025-12-14T18:20:14.292+0000] {logging_mixin.py:188} INFO - [2025-12-14T18:20:14.292+0000] {dag.py:3954} INFO - Setting next_dagrun for youtube_video_stats to 2025-12-14 14:00:00+00:00, run_after=2025-12-15 14:00:00+00:00
[2025-12-14T18:20:14.315+0000] {processor.py:183} INFO - Processing /opt/airflow/dags/main.py took 0.215 seconds
[2025-12-14T18:20:44.705+0000] {processor.py:161} INFO - Started process (PID=6605) to work on /opt/airflow/dags/main.py
[2025-12-14T18:20:44.706+0000] {processor.py:830} INFO - Processing file /opt/airflow/dags/main.py for tasks to queue
[2025-12-14T18:20:44.707+0000] {logging_mixin.py:188} INFO - [2025-12-14T18:20:44.707+0000] {dagbag.py:545} INFO - Filling up the DagBag from /opt/airflow/dags/main.py
[2025-12-14T18:20:44.902+0000] {processor.py:840} INFO - DAG(s) 'youtube_video_stats', 'update_db' retrieved from /opt/airflow/dags/main.py
[2025-12-14T18:20:44.929+0000] {logging_mixin.py:188} INFO - [2025-12-14T18:20:44.929+0000] {dag.py:3096} INFO - Sync 2 DAGs
[2025-12-14T18:20:44.947+0000] {logging_mixin.py:188} INFO - [2025-12-14T18:20:44.947+0000] {dag.py:3954} INFO - Setting next_dagrun for update_db to 2025-12-14 15:00:00+00:00, run_after=2025-12-15 15:00:00+00:00
[2025-12-14T18:20:44.953+0000] {logging_mixin.py:188} INFO - [2025-12-14T18:20:44.953+0000] {dag.py:3954} INFO - Setting next_dagrun for youtube_video_stats to 2025-12-14 14:00:00+00:00, run_after=2025-12-15 14:00:00+00:00
[2025-12-14T18:20:44.985+0000] {processor.py:183} INFO - Processing /opt/airflow/dags/main.py took 0.286 seconds
[2025-12-14T18:21:15.186+0000] {processor.py:161} INFO - Started process (PID=6612) to work on /opt/airflow/dags/main.py
[2025-12-14T18:21:15.189+0000] {processor.py:830} INFO - Processing file /opt/airflow/dags/main.py for tasks to queue
[2025-12-14T18:21:15.191+0000] {logging_mixin.py:188} INFO - [2025-12-14T18:21:15.190+0000] {dagbag.py:545} INFO - Filling up the DagBag from /opt/airflow/dags/main.py
[2025-12-14T18:21:15.359+0000] {processor.py:840} INFO - DAG(s) 'youtube_video_stats', 'update_db' retrieved from /opt/airflow/dags/main.py
[2025-12-14T18:21:15.423+0000] {logging_mixin.py:188} INFO - [2025-12-14T18:21:15.423+0000] {dag.py:3096} INFO - Sync 2 DAGs
[2025-12-14T18:21:15.466+0000] {logging_mixin.py:188} INFO - [2025-12-14T18:21:15.466+0000] {dag.py:3954} INFO - Setting next_dagrun for update_db to 2025-12-14 15:00:00+00:00, run_after=2025-12-15 15:00:00+00:00
[2025-12-14T18:21:15.475+0000] {logging_mixin.py:188} INFO - [2025-12-14T18:21:15.475+0000] {dag.py:3954} INFO - Setting next_dagrun for youtube_video_stats to 2025-12-14 14:00:00+00:00, run_after=2025-12-15 14:00:00+00:00
[2025-12-14T18:21:15.505+0000] {processor.py:183} INFO - Processing /opt/airflow/dags/main.py took 0.329 seconds
[2025-12-14T18:21:45.927+0000] {processor.py:161} INFO - Started process (PID=6619) to work on /opt/airflow/dags/main.py
[2025-12-14T18:21:45.928+0000] {processor.py:830} INFO - Processing file /opt/airflow/dags/main.py for tasks to queue
[2025-12-14T18:21:45.930+0000] {logging_mixin.py:188} INFO - [2025-12-14T18:21:45.929+0000] {dagbag.py:545} INFO - Filling up the DagBag from /opt/airflow/dags/main.py
[2025-12-14T18:21:46.051+0000] {processor.py:840} INFO - DAG(s) 'youtube_video_stats', 'update_db' retrieved from /opt/airflow/dags/main.py
[2025-12-14T18:21:46.088+0000] {logging_mixin.py:188} INFO - [2025-12-14T18:21:46.088+0000] {dag.py:3096} INFO - Sync 2 DAGs
[2025-12-14T18:21:46.122+0000] {logging_mixin.py:188} INFO - [2025-12-14T18:21:46.121+0000] {dag.py:3954} INFO - Setting next_dagrun for update_db to 2025-12-14 15:00:00+00:00, run_after=2025-12-15 15:00:00+00:00
[2025-12-14T18:21:46.129+0000] {logging_mixin.py:188} INFO - [2025-12-14T18:21:46.129+0000] {dag.py:3954} INFO - Setting next_dagrun for youtube_video_stats to 2025-12-14 14:00:00+00:00, run_after=2025-12-15 14:00:00+00:00
[2025-12-14T18:21:46.152+0000] {processor.py:183} INFO - Processing /opt/airflow/dags/main.py took 0.232 seconds
[2025-12-14T18:22:16.374+0000] {processor.py:161} INFO - Started process (PID=6626) to work on /opt/airflow/dags/main.py
[2025-12-14T18:22:16.375+0000] {processor.py:830} INFO - Processing file /opt/airflow/dags/main.py for tasks to queue
[2025-12-14T18:22:16.376+0000] {logging_mixin.py:188} INFO - [2025-12-14T18:22:16.375+0000] {dagbag.py:545} INFO - Filling up the DagBag from /opt/airflow/dags/main.py
[2025-12-14T18:22:16.443+0000] {processor.py:840} INFO - DAG(s) 'youtube_video_stats', 'update_db' retrieved from /opt/airflow/dags/main.py
[2025-12-14T18:22:16.470+0000] {logging_mixin.py:188} INFO - [2025-12-14T18:22:16.470+0000] {dag.py:3096} INFO - Sync 2 DAGs
[2025-12-14T18:22:16.489+0000] {logging_mixin.py:188} INFO - [2025-12-14T18:22:16.489+0000] {dag.py:3954} INFO - Setting next_dagrun for update_db to 2025-12-14 15:00:00+00:00, run_after=2025-12-15 15:00:00+00:00
[2025-12-14T18:22:16.495+0000] {logging_mixin.py:188} INFO - [2025-12-14T18:22:16.495+0000] {dag.py:3954} INFO - Setting next_dagrun for youtube_video_stats to 2025-12-14 14:00:00+00:00, run_after=2025-12-15 14:00:00+00:00
[2025-12-14T18:22:16.513+0000] {processor.py:183} INFO - Processing /opt/airflow/dags/main.py took 0.144 seconds
[2025-12-14T18:22:46.575+0000] {processor.py:161} INFO - Started process (PID=6633) to work on /opt/airflow/dags/main.py
[2025-12-14T18:22:46.576+0000] {processor.py:830} INFO - Processing file /opt/airflow/dags/main.py for tasks to queue
[2025-12-14T18:22:46.577+0000] {logging_mixin.py:188} INFO - [2025-12-14T18:22:46.577+0000] {dagbag.py:545} INFO - Filling up the DagBag from /opt/airflow/dags/main.py
[2025-12-14T18:22:46.647+0000] {processor.py:840} INFO - DAG(s) 'update_db', 'youtube_video_stats' retrieved from /opt/airflow/dags/main.py
[2025-12-14T18:22:46.674+0000] {logging_mixin.py:188} INFO - [2025-12-14T18:22:46.674+0000] {dag.py:3096} INFO - Sync 2 DAGs
[2025-12-14T18:22:46.693+0000] {logging_mixin.py:188} INFO - [2025-12-14T18:22:46.692+0000] {dag.py:3954} INFO - Setting next_dagrun for update_db to 2025-12-14 15:00:00+00:00, run_after=2025-12-15 15:00:00+00:00
[2025-12-14T18:22:46.697+0000] {logging_mixin.py:188} INFO - [2025-12-14T18:22:46.696+0000] {dag.py:3954} INFO - Setting next_dagrun for youtube_video_stats to 2025-12-14 14:00:00+00:00, run_after=2025-12-15 14:00:00+00:00
[2025-12-14T18:22:46.712+0000] {processor.py:183} INFO - Processing /opt/airflow/dags/main.py took 0.142 seconds
[2025-12-14T18:23:16.930+0000] {processor.py:161} INFO - Started process (PID=6640) to work on /opt/airflow/dags/main.py
[2025-12-14T18:23:16.931+0000] {processor.py:830} INFO - Processing file /opt/airflow/dags/main.py for tasks to queue
[2025-12-14T18:23:16.932+0000] {logging_mixin.py:188} INFO - [2025-12-14T18:23:16.931+0000] {dagbag.py:545} INFO - Filling up the DagBag from /opt/airflow/dags/main.py
[2025-12-14T18:23:17.008+0000] {processor.py:840} INFO - DAG(s) 'update_db', 'youtube_video_stats' retrieved from /opt/airflow/dags/main.py
[2025-12-14T18:23:17.037+0000] {logging_mixin.py:188} INFO - [2025-12-14T18:23:17.037+0000] {dag.py:3096} INFO - Sync 2 DAGs
[2025-12-14T18:23:17.054+0000] {logging_mixin.py:188} INFO - [2025-12-14T18:23:17.054+0000] {dag.py:3954} INFO - Setting next_dagrun for update_db to 2025-12-14 15:00:00+00:00, run_after=2025-12-15 15:00:00+00:00
[2025-12-14T18:23:17.059+0000] {logging_mixin.py:188} INFO - [2025-12-14T18:23:17.059+0000] {dag.py:3954} INFO - Setting next_dagrun for youtube_video_stats to 2025-12-14 14:00:00+00:00, run_after=2025-12-15 14:00:00+00:00
[2025-12-14T18:23:17.077+0000] {processor.py:183} INFO - Processing /opt/airflow/dags/main.py took 0.152 seconds
[2025-12-14T18:23:47.152+0000] {processor.py:161} INFO - Started process (PID=6647) to work on /opt/airflow/dags/main.py
[2025-12-14T18:23:47.153+0000] {processor.py:830} INFO - Processing file /opt/airflow/dags/main.py for tasks to queue
[2025-12-14T18:23:47.154+0000] {logging_mixin.py:188} INFO - [2025-12-14T18:23:47.154+0000] {dagbag.py:545} INFO - Filling up the DagBag from /opt/airflow/dags/main.py
[2025-12-14T18:23:47.216+0000] {processor.py:840} INFO - DAG(s) 'update_db', 'youtube_video_stats' retrieved from /opt/airflow/dags/main.py
[2025-12-14T18:23:47.242+0000] {logging_mixin.py:188} INFO - [2025-12-14T18:23:47.242+0000] {dag.py:3096} INFO - Sync 2 DAGs
[2025-12-14T18:23:47.260+0000] {logging_mixin.py:188} INFO - [2025-12-14T18:23:47.260+0000] {dag.py:3954} INFO - Setting next_dagrun for update_db to 2025-12-14 15:00:00+00:00, run_after=2025-12-15 15:00:00+00:00
[2025-12-14T18:23:47.265+0000] {logging_mixin.py:188} INFO - [2025-12-14T18:23:47.265+0000] {dag.py:3954} INFO - Setting next_dagrun for youtube_video_stats to 2025-12-14 14:00:00+00:00, run_after=2025-12-15 14:00:00+00:00
[2025-12-14T18:23:47.283+0000] {processor.py:183} INFO - Processing /opt/airflow/dags/main.py took 0.136 seconds
[2025-12-14T18:24:17.485+0000] {processor.py:161} INFO - Started process (PID=6654) to work on /opt/airflow/dags/main.py
[2025-12-14T18:24:17.486+0000] {processor.py:830} INFO - Processing file /opt/airflow/dags/main.py for tasks to queue
[2025-12-14T18:24:17.487+0000] {logging_mixin.py:188} INFO - [2025-12-14T18:24:17.487+0000] {dagbag.py:545} INFO - Filling up the DagBag from /opt/airflow/dags/main.py
[2025-12-14T18:24:17.546+0000] {processor.py:840} INFO - DAG(s) 'update_db', 'youtube_video_stats' retrieved from /opt/airflow/dags/main.py
[2025-12-14T18:24:17.571+0000] {logging_mixin.py:188} INFO - [2025-12-14T18:24:17.571+0000] {dag.py:3096} INFO - Sync 2 DAGs
[2025-12-14T18:24:17.590+0000] {logging_mixin.py:188} INFO - [2025-12-14T18:24:17.590+0000] {dag.py:3954} INFO - Setting next_dagrun for update_db to 2025-12-14 15:00:00+00:00, run_after=2025-12-15 15:00:00+00:00
[2025-12-14T18:24:17.595+0000] {logging_mixin.py:188} INFO - [2025-12-14T18:24:17.595+0000] {dag.py:3954} INFO - Setting next_dagrun for youtube_video_stats to 2025-12-14 14:00:00+00:00, run_after=2025-12-15 14:00:00+00:00
[2025-12-14T18:24:17.614+0000] {processor.py:183} INFO - Processing /opt/airflow/dags/main.py took 0.134 seconds
[2025-12-14T18:24:47.723+0000] {processor.py:161} INFO - Started process (PID=6661) to work on /opt/airflow/dags/main.py
[2025-12-14T18:24:47.724+0000] {processor.py:830} INFO - Processing file /opt/airflow/dags/main.py for tasks to queue
[2025-12-14T18:24:47.725+0000] {logging_mixin.py:188} INFO - [2025-12-14T18:24:47.725+0000] {dagbag.py:545} INFO - Filling up the DagBag from /opt/airflow/dags/main.py
[2025-12-14T18:24:47.790+0000] {processor.py:840} INFO - DAG(s) 'youtube_video_stats', 'update_db' retrieved from /opt/airflow/dags/main.py
[2025-12-14T18:24:47.816+0000] {logging_mixin.py:188} INFO - [2025-12-14T18:24:47.815+0000] {dag.py:3096} INFO - Sync 2 DAGs
[2025-12-14T18:24:47.838+0000] {logging_mixin.py:188} INFO - [2025-12-14T18:24:47.838+0000] {dag.py:3954} INFO - Setting next_dagrun for update_db to 2025-12-14 15:00:00+00:00, run_after=2025-12-15 15:00:00+00:00
[2025-12-14T18:24:47.843+0000] {logging_mixin.py:188} INFO - [2025-12-14T18:24:47.843+0000] {dag.py:3954} INFO - Setting next_dagrun for youtube_video_stats to 2025-12-14 14:00:00+00:00, run_after=2025-12-15 14:00:00+00:00
[2025-12-14T18:24:47.861+0000] {processor.py:183} INFO - Processing /opt/airflow/dags/main.py took 0.143 seconds
[2025-12-14T18:25:18.033+0000] {processor.py:161} INFO - Started process (PID=6668) to work on /opt/airflow/dags/main.py
[2025-12-14T18:25:18.034+0000] {processor.py:830} INFO - Processing file /opt/airflow/dags/main.py for tasks to queue
[2025-12-14T18:25:18.035+0000] {logging_mixin.py:188} INFO - [2025-12-14T18:25:18.035+0000] {dagbag.py:545} INFO - Filling up the DagBag from /opt/airflow/dags/main.py
[2025-12-14T18:25:18.107+0000] {processor.py:840} INFO - DAG(s) 'youtube_video_stats', 'update_db' retrieved from /opt/airflow/dags/main.py
[2025-12-14T18:25:18.133+0000] {logging_mixin.py:188} INFO - [2025-12-14T18:25:18.133+0000] {dag.py:3096} INFO - Sync 2 DAGs
[2025-12-14T18:25:18.152+0000] {logging_mixin.py:188} INFO - [2025-12-14T18:25:18.151+0000] {dag.py:3954} INFO - Setting next_dagrun for update_db to 2025-12-14 15:00:00+00:00, run_after=2025-12-15 15:00:00+00:00
[2025-12-14T18:25:18.158+0000] {logging_mixin.py:188} INFO - [2025-12-14T18:25:18.158+0000] {dag.py:3954} INFO - Setting next_dagrun for youtube_video_stats to 2025-12-14 14:00:00+00:00, run_after=2025-12-15 14:00:00+00:00
[2025-12-14T18:25:18.174+0000] {processor.py:183} INFO - Processing /opt/airflow/dags/main.py took 0.146 seconds
[2025-12-14T18:25:48.243+0000] {processor.py:161} INFO - Started process (PID=6675) to work on /opt/airflow/dags/main.py
[2025-12-14T18:25:48.244+0000] {processor.py:830} INFO - Processing file /opt/airflow/dags/main.py for tasks to queue
[2025-12-14T18:25:48.245+0000] {logging_mixin.py:188} INFO - [2025-12-14T18:25:48.245+0000] {dagbag.py:545} INFO - Filling up the DagBag from /opt/airflow/dags/main.py
[2025-12-14T18:25:48.311+0000] {processor.py:840} INFO - DAG(s) 'youtube_video_stats', 'update_db' retrieved from /opt/airflow/dags/main.py
[2025-12-14T18:25:48.338+0000] {logging_mixin.py:188} INFO - [2025-12-14T18:25:48.338+0000] {dag.py:3096} INFO - Sync 2 DAGs
[2025-12-14T18:25:48.359+0000] {logging_mixin.py:188} INFO - [2025-12-14T18:25:48.358+0000] {dag.py:3954} INFO - Setting next_dagrun for update_db to 2025-12-14 15:00:00+00:00, run_after=2025-12-15 15:00:00+00:00
[2025-12-14T18:25:48.364+0000] {logging_mixin.py:188} INFO - [2025-12-14T18:25:48.364+0000] {dag.py:3954} INFO - Setting next_dagrun for youtube_video_stats to 2025-12-14 14:00:00+00:00, run_after=2025-12-15 14:00:00+00:00
[2025-12-14T18:25:48.383+0000] {processor.py:183} INFO - Processing /opt/airflow/dags/main.py took 0.145 seconds
[2025-12-14T18:26:18.567+0000] {processor.py:161} INFO - Started process (PID=6682) to work on /opt/airflow/dags/main.py
[2025-12-14T18:26:18.568+0000] {processor.py:830} INFO - Processing file /opt/airflow/dags/main.py for tasks to queue
[2025-12-14T18:26:18.569+0000] {logging_mixin.py:188} INFO - [2025-12-14T18:26:18.569+0000] {dagbag.py:545} INFO - Filling up the DagBag from /opt/airflow/dags/main.py
[2025-12-14T18:26:18.637+0000] {processor.py:840} INFO - DAG(s) 'update_db', 'youtube_video_stats' retrieved from /opt/airflow/dags/main.py
[2025-12-14T18:26:18.667+0000] {logging_mixin.py:188} INFO - [2025-12-14T18:26:18.667+0000] {dag.py:3096} INFO - Sync 2 DAGs
[2025-12-14T18:26:18.685+0000] {logging_mixin.py:188} INFO - [2025-12-14T18:26:18.685+0000] {dag.py:3954} INFO - Setting next_dagrun for update_db to 2025-12-14 15:00:00+00:00, run_after=2025-12-15 15:00:00+00:00
[2025-12-14T18:26:18.689+0000] {logging_mixin.py:188} INFO - [2025-12-14T18:26:18.689+0000] {dag.py:3954} INFO - Setting next_dagrun for youtube_video_stats to 2025-12-14 14:00:00+00:00, run_after=2025-12-15 14:00:00+00:00
[2025-12-14T18:26:18.705+0000] {processor.py:183} INFO - Processing /opt/airflow/dags/main.py took 0.143 seconds
[2025-12-14T18:26:48.871+0000] {processor.py:161} INFO - Started process (PID=6689) to work on /opt/airflow/dags/main.py
[2025-12-14T18:26:48.872+0000] {processor.py:830} INFO - Processing file /opt/airflow/dags/main.py for tasks to queue
[2025-12-14T18:26:48.873+0000] {logging_mixin.py:188} INFO - [2025-12-14T18:26:48.873+0000] {dagbag.py:545} INFO - Filling up the DagBag from /opt/airflow/dags/main.py
[2025-12-14T18:26:48.962+0000] {processor.py:840} INFO - DAG(s) 'update_db', 'youtube_video_stats' retrieved from /opt/airflow/dags/main.py
[2025-12-14T18:26:48.989+0000] {logging_mixin.py:188} INFO - [2025-12-14T18:26:48.989+0000] {dag.py:3096} INFO - Sync 2 DAGs
[2025-12-14T18:26:49.008+0000] {logging_mixin.py:188} INFO - [2025-12-14T18:26:49.008+0000] {dag.py:3954} INFO - Setting next_dagrun for update_db to 2025-12-14 15:00:00+00:00, run_after=2025-12-15 15:00:00+00:00
[2025-12-14T18:26:49.013+0000] {logging_mixin.py:188} INFO - [2025-12-14T18:26:49.013+0000] {dag.py:3954} INFO - Setting next_dagrun for youtube_video_stats to 2025-12-14 14:00:00+00:00, run_after=2025-12-15 14:00:00+00:00
[2025-12-14T18:26:49.027+0000] {processor.py:183} INFO - Processing /opt/airflow/dags/main.py took 0.163 seconds
[2025-12-14T18:27:19.127+0000] {processor.py:161} INFO - Started process (PID=6696) to work on /opt/airflow/dags/main.py
[2025-12-14T18:27:19.128+0000] {processor.py:830} INFO - Processing file /opt/airflow/dags/main.py for tasks to queue
[2025-12-14T18:27:19.130+0000] {logging_mixin.py:188} INFO - [2025-12-14T18:27:19.129+0000] {dagbag.py:545} INFO - Filling up the DagBag from /opt/airflow/dags/main.py
[2025-12-14T18:27:19.196+0000] {processor.py:840} INFO - DAG(s) 'update_db', 'youtube_video_stats' retrieved from /opt/airflow/dags/main.py
[2025-12-14T18:27:19.220+0000] {logging_mixin.py:188} INFO - [2025-12-14T18:27:19.220+0000] {dag.py:3096} INFO - Sync 2 DAGs
[2025-12-14T18:27:19.240+0000] {logging_mixin.py:188} INFO - [2025-12-14T18:27:19.239+0000] {dag.py:3954} INFO - Setting next_dagrun for update_db to 2025-12-14 15:00:00+00:00, run_after=2025-12-15 15:00:00+00:00
[2025-12-14T18:27:19.244+0000] {logging_mixin.py:188} INFO - [2025-12-14T18:27:19.244+0000] {dag.py:3954} INFO - Setting next_dagrun for youtube_video_stats to 2025-12-14 14:00:00+00:00, run_after=2025-12-15 14:00:00+00:00
[2025-12-14T18:27:19.260+0000] {processor.py:183} INFO - Processing /opt/airflow/dags/main.py took 0.138 seconds
[2025-12-14T18:27:49.415+0000] {processor.py:161} INFO - Started process (PID=6703) to work on /opt/airflow/dags/main.py
[2025-12-14T18:27:49.416+0000] {processor.py:830} INFO - Processing file /opt/airflow/dags/main.py for tasks to queue
[2025-12-14T18:27:49.417+0000] {logging_mixin.py:188} INFO - [2025-12-14T18:27:49.417+0000] {dagbag.py:545} INFO - Filling up the DagBag from /opt/airflow/dags/main.py
[2025-12-14T18:27:49.512+0000] {processor.py:840} INFO - DAG(s) 'update_db', 'youtube_video_stats' retrieved from /opt/airflow/dags/main.py
[2025-12-14T18:27:49.544+0000] {logging_mixin.py:188} INFO - [2025-12-14T18:27:49.543+0000] {dag.py:3096} INFO - Sync 2 DAGs
[2025-12-14T18:27:49.567+0000] {logging_mixin.py:188} INFO - [2025-12-14T18:27:49.567+0000] {dag.py:3954} INFO - Setting next_dagrun for update_db to 2025-12-14 15:00:00+00:00, run_after=2025-12-15 15:00:00+00:00
[2025-12-14T18:27:49.573+0000] {logging_mixin.py:188} INFO - [2025-12-14T18:27:49.572+0000] {dag.py:3954} INFO - Setting next_dagrun for youtube_video_stats to 2025-12-14 14:00:00+00:00, run_after=2025-12-15 14:00:00+00:00
[2025-12-14T18:27:49.594+0000] {processor.py:183} INFO - Processing /opt/airflow/dags/main.py took 0.185 seconds
[2025-12-14T18:28:19.633+0000] {processor.py:161} INFO - Started process (PID=6710) to work on /opt/airflow/dags/main.py
[2025-12-14T18:28:19.634+0000] {processor.py:830} INFO - Processing file /opt/airflow/dags/main.py for tasks to queue
[2025-12-14T18:28:19.635+0000] {logging_mixin.py:188} INFO - [2025-12-14T18:28:19.635+0000] {dagbag.py:545} INFO - Filling up the DagBag from /opt/airflow/dags/main.py
[2025-12-14T18:28:19.744+0000] {processor.py:840} INFO - DAG(s) 'youtube_video_stats', 'update_db' retrieved from /opt/airflow/dags/main.py
[2025-12-14T18:28:19.781+0000] {logging_mixin.py:188} INFO - [2025-12-14T18:28:19.780+0000] {dag.py:3096} INFO - Sync 2 DAGs
[2025-12-14T18:28:19.810+0000] {logging_mixin.py:188} INFO - [2025-12-14T18:28:19.810+0000] {dag.py:3954} INFO - Setting next_dagrun for update_db to 2025-12-14 15:00:00+00:00, run_after=2025-12-15 15:00:00+00:00
[2025-12-14T18:28:19.817+0000] {logging_mixin.py:188} INFO - [2025-12-14T18:28:19.817+0000] {dag.py:3954} INFO - Setting next_dagrun for youtube_video_stats to 2025-12-14 14:00:00+00:00, run_after=2025-12-15 14:00:00+00:00
[2025-12-14T18:28:19.838+0000] {processor.py:183} INFO - Processing /opt/airflow/dags/main.py took 0.212 seconds
[2025-12-14T18:28:49.979+0000] {processor.py:161} INFO - Started process (PID=6717) to work on /opt/airflow/dags/main.py
[2025-12-14T18:28:49.981+0000] {processor.py:830} INFO - Processing file /opt/airflow/dags/main.py for tasks to queue
[2025-12-14T18:28:49.981+0000] {logging_mixin.py:188} INFO - [2025-12-14T18:28:49.981+0000] {dagbag.py:545} INFO - Filling up the DagBag from /opt/airflow/dags/main.py
[2025-12-14T18:28:50.054+0000] {processor.py:840} INFO - DAG(s) 'update_db', 'youtube_video_stats' retrieved from /opt/airflow/dags/main.py
[2025-12-14T18:28:50.079+0000] {logging_mixin.py:188} INFO - [2025-12-14T18:28:50.079+0000] {dag.py:3096} INFO - Sync 2 DAGs
[2025-12-14T18:28:50.096+0000] {logging_mixin.py:188} INFO - [2025-12-14T18:28:50.096+0000] {dag.py:3954} INFO - Setting next_dagrun for update_db to 2025-12-14 15:00:00+00:00, run_after=2025-12-15 15:00:00+00:00
[2025-12-14T18:28:50.100+0000] {logging_mixin.py:188} INFO - [2025-12-14T18:28:50.100+0000] {dag.py:3954} INFO - Setting next_dagrun for youtube_video_stats to 2025-12-14 14:00:00+00:00, run_after=2025-12-15 14:00:00+00:00
[2025-12-14T18:28:50.118+0000] {processor.py:183} INFO - Processing /opt/airflow/dags/main.py took 0.145 seconds
[2025-12-14T18:29:20.280+0000] {processor.py:161} INFO - Started process (PID=6724) to work on /opt/airflow/dags/main.py
[2025-12-14T18:29:20.281+0000] {processor.py:830} INFO - Processing file /opt/airflow/dags/main.py for tasks to queue
[2025-12-14T18:29:20.282+0000] {logging_mixin.py:188} INFO - [2025-12-14T18:29:20.282+0000] {dagbag.py:545} INFO - Filling up the DagBag from /opt/airflow/dags/main.py
[2025-12-14T18:29:20.354+0000] {processor.py:840} INFO - DAG(s) 'youtube_video_stats', 'update_db' retrieved from /opt/airflow/dags/main.py
[2025-12-14T18:29:20.380+0000] {logging_mixin.py:188} INFO - [2025-12-14T18:29:20.379+0000] {dag.py:3096} INFO - Sync 2 DAGs
[2025-12-14T18:29:20.398+0000] {logging_mixin.py:188} INFO - [2025-12-14T18:29:20.398+0000] {dag.py:3954} INFO - Setting next_dagrun for update_db to 2025-12-14 15:00:00+00:00, run_after=2025-12-15 15:00:00+00:00
[2025-12-14T18:29:20.404+0000] {logging_mixin.py:188} INFO - [2025-12-14T18:29:20.404+0000] {dag.py:3954} INFO - Setting next_dagrun for youtube_video_stats to 2025-12-14 14:00:00+00:00, run_after=2025-12-15 14:00:00+00:00
[2025-12-14T18:29:20.424+0000] {processor.py:183} INFO - Processing /opt/airflow/dags/main.py took 0.150 seconds
[2025-12-14T18:29:50.581+0000] {processor.py:161} INFO - Started process (PID=6731) to work on /opt/airflow/dags/main.py
[2025-12-14T18:29:50.582+0000] {processor.py:830} INFO - Processing file /opt/airflow/dags/main.py for tasks to queue
[2025-12-14T18:29:50.583+0000] {logging_mixin.py:188} INFO - [2025-12-14T18:29:50.583+0000] {dagbag.py:545} INFO - Filling up the DagBag from /opt/airflow/dags/main.py
[2025-12-14T18:29:50.657+0000] {processor.py:840} INFO - DAG(s) 'update_db', 'youtube_video_stats' retrieved from /opt/airflow/dags/main.py
[2025-12-14T18:29:50.681+0000] {logging_mixin.py:188} INFO - [2025-12-14T18:29:50.681+0000] {dag.py:3096} INFO - Sync 2 DAGs
[2025-12-14T18:29:50.699+0000] {logging_mixin.py:188} INFO - [2025-12-14T18:29:50.699+0000] {dag.py:3954} INFO - Setting next_dagrun for update_db to 2025-12-14 15:00:00+00:00, run_after=2025-12-15 15:00:00+00:00
[2025-12-14T18:29:50.704+0000] {logging_mixin.py:188} INFO - [2025-12-14T18:29:50.704+0000] {dag.py:3954} INFO - Setting next_dagrun for youtube_video_stats to 2025-12-14 14:00:00+00:00, run_after=2025-12-15 14:00:00+00:00
[2025-12-14T18:29:50.723+0000] {processor.py:183} INFO - Processing /opt/airflow/dags/main.py took 0.155 seconds
[2025-12-14T18:30:20.899+0000] {processor.py:161} INFO - Started process (PID=6738) to work on /opt/airflow/dags/main.py
[2025-12-14T18:30:20.900+0000] {processor.py:830} INFO - Processing file /opt/airflow/dags/main.py for tasks to queue
[2025-12-14T18:30:20.902+0000] {logging_mixin.py:188} INFO - [2025-12-14T18:30:20.902+0000] {dagbag.py:545} INFO - Filling up the DagBag from /opt/airflow/dags/main.py
[2025-12-14T18:30:21.008+0000] {processor.py:840} INFO - DAG(s) 'update_db', 'youtube_video_stats' retrieved from /opt/airflow/dags/main.py
[2025-12-14T18:30:21.041+0000] {logging_mixin.py:188} INFO - [2025-12-14T18:30:21.041+0000] {dag.py:3096} INFO - Sync 2 DAGs
[2025-12-14T18:30:21.065+0000] {logging_mixin.py:188} INFO - [2025-12-14T18:30:21.065+0000] {dag.py:3954} INFO - Setting next_dagrun for update_db to 2025-12-14 15:00:00+00:00, run_after=2025-12-15 15:00:00+00:00
[2025-12-14T18:30:21.071+0000] {logging_mixin.py:188} INFO - [2025-12-14T18:30:21.071+0000] {dag.py:3954} INFO - Setting next_dagrun for youtube_video_stats to 2025-12-14 14:00:00+00:00, run_after=2025-12-15 14:00:00+00:00
[2025-12-14T18:30:21.089+0000] {processor.py:183} INFO - Processing /opt/airflow/dags/main.py took 0.200 seconds
[2025-12-14T18:30:51.163+0000] {processor.py:161} INFO - Started process (PID=6745) to work on /opt/airflow/dags/main.py
[2025-12-14T18:30:51.165+0000] {processor.py:830} INFO - Processing file /opt/airflow/dags/main.py for tasks to queue
[2025-12-14T18:30:51.166+0000] {logging_mixin.py:188} INFO - [2025-12-14T18:30:51.165+0000] {dagbag.py:545} INFO - Filling up the DagBag from /opt/airflow/dags/main.py
[2025-12-14T18:30:51.250+0000] {processor.py:840} INFO - DAG(s) 'youtube_video_stats', 'update_db' retrieved from /opt/airflow/dags/main.py
[2025-12-14T18:30:51.282+0000] {logging_mixin.py:188} INFO - [2025-12-14T18:30:51.282+0000] {dag.py:3096} INFO - Sync 2 DAGs
[2025-12-14T18:30:51.305+0000] {logging_mixin.py:188} INFO - [2025-12-14T18:30:51.305+0000] {dag.py:3954} INFO - Setting next_dagrun for update_db to 2025-12-14 15:00:00+00:00, run_after=2025-12-15 15:00:00+00:00
[2025-12-14T18:30:51.310+0000] {logging_mixin.py:188} INFO - [2025-12-14T18:30:51.310+0000] {dag.py:3954} INFO - Setting next_dagrun for youtube_video_stats to 2025-12-14 14:00:00+00:00, run_after=2025-12-15 14:00:00+00:00
[2025-12-14T18:30:51.332+0000] {processor.py:183} INFO - Processing /opt/airflow/dags/main.py took 0.175 seconds
[2025-12-14T18:31:21.474+0000] {processor.py:161} INFO - Started process (PID=6753) to work on /opt/airflow/dags/main.py
[2025-12-14T18:31:21.475+0000] {processor.py:830} INFO - Processing file /opt/airflow/dags/main.py for tasks to queue
[2025-12-14T18:31:21.476+0000] {logging_mixin.py:188} INFO - [2025-12-14T18:31:21.476+0000] {dagbag.py:545} INFO - Filling up the DagBag from /opt/airflow/dags/main.py
[2025-12-14T18:31:21.543+0000] {processor.py:840} INFO - DAG(s) 'youtube_video_stats', 'update_db' retrieved from /opt/airflow/dags/main.py
[2025-12-14T18:31:21.568+0000] {logging_mixin.py:188} INFO - [2025-12-14T18:31:21.567+0000] {dag.py:3096} INFO - Sync 2 DAGs
[2025-12-14T18:31:21.585+0000] {logging_mixin.py:188} INFO - [2025-12-14T18:31:21.584+0000] {dag.py:3954} INFO - Setting next_dagrun for update_db to 2025-12-14 15:00:00+00:00, run_after=2025-12-15 15:00:00+00:00
[2025-12-14T18:31:21.589+0000] {logging_mixin.py:188} INFO - [2025-12-14T18:31:21.589+0000] {dag.py:3954} INFO - Setting next_dagrun for youtube_video_stats to 2025-12-14 14:00:00+00:00, run_after=2025-12-15 14:00:00+00:00
[2025-12-14T18:31:21.606+0000] {processor.py:183} INFO - Processing /opt/airflow/dags/main.py took 0.137 seconds
[2025-12-14T18:31:51.730+0000] {processor.py:161} INFO - Started process (PID=6760) to work on /opt/airflow/dags/main.py
[2025-12-14T18:31:51.731+0000] {processor.py:830} INFO - Processing file /opt/airflow/dags/main.py for tasks to queue
[2025-12-14T18:31:51.732+0000] {logging_mixin.py:188} INFO - [2025-12-14T18:31:51.732+0000] {dagbag.py:545} INFO - Filling up the DagBag from /opt/airflow/dags/main.py
[2025-12-14T18:31:51.796+0000] {processor.py:840} INFO - DAG(s) 'youtube_video_stats', 'update_db' retrieved from /opt/airflow/dags/main.py
[2025-12-14T18:31:51.821+0000] {logging_mixin.py:188} INFO - [2025-12-14T18:31:51.821+0000] {dag.py:3096} INFO - Sync 2 DAGs
[2025-12-14T18:31:51.839+0000] {logging_mixin.py:188} INFO - [2025-12-14T18:31:51.839+0000] {dag.py:3954} INFO - Setting next_dagrun for update_db to 2025-12-14 15:00:00+00:00, run_after=2025-12-15 15:00:00+00:00
[2025-12-14T18:31:51.844+0000] {logging_mixin.py:188} INFO - [2025-12-14T18:31:51.844+0000] {dag.py:3954} INFO - Setting next_dagrun for youtube_video_stats to 2025-12-14 14:00:00+00:00, run_after=2025-12-15 14:00:00+00:00
[2025-12-14T18:31:51.861+0000] {processor.py:183} INFO - Processing /opt/airflow/dags/main.py took 0.136 seconds
[2025-12-14T18:32:21.970+0000] {processor.py:161} INFO - Started process (PID=6767) to work on /opt/airflow/dags/main.py
[2025-12-14T18:32:21.972+0000] {processor.py:830} INFO - Processing file /opt/airflow/dags/main.py for tasks to queue
[2025-12-14T18:32:21.973+0000] {logging_mixin.py:188} INFO - [2025-12-14T18:32:21.972+0000] {dagbag.py:545} INFO - Filling up the DagBag from /opt/airflow/dags/main.py
[2025-12-14T18:32:22.040+0000] {processor.py:840} INFO - DAG(s) 'youtube_video_stats', 'update_db' retrieved from /opt/airflow/dags/main.py
[2025-12-14T18:32:22.066+0000] {logging_mixin.py:188} INFO - [2025-12-14T18:32:22.065+0000] {dag.py:3096} INFO - Sync 2 DAGs
[2025-12-14T18:32:22.083+0000] {logging_mixin.py:188} INFO - [2025-12-14T18:32:22.083+0000] {dag.py:3954} INFO - Setting next_dagrun for update_db to 2025-12-14 15:00:00+00:00, run_after=2025-12-15 15:00:00+00:00
[2025-12-14T18:32:22.088+0000] {logging_mixin.py:188} INFO - [2025-12-14T18:32:22.088+0000] {dag.py:3954} INFO - Setting next_dagrun for youtube_video_stats to 2025-12-14 14:00:00+00:00, run_after=2025-12-15 14:00:00+00:00
[2025-12-14T18:32:22.108+0000] {processor.py:183} INFO - Processing /opt/airflow/dags/main.py took 0.144 seconds
[2025-12-14T18:32:52.263+0000] {processor.py:161} INFO - Started process (PID=6775) to work on /opt/airflow/dags/main.py
[2025-12-14T18:32:52.265+0000] {processor.py:830} INFO - Processing file /opt/airflow/dags/main.py for tasks to queue
[2025-12-14T18:32:52.266+0000] {logging_mixin.py:188} INFO - [2025-12-14T18:32:52.265+0000] {dagbag.py:545} INFO - Filling up the DagBag from /opt/airflow/dags/main.py
[2025-12-14T18:32:52.360+0000] {processor.py:840} INFO - DAG(s) 'youtube_video_stats', 'update_db' retrieved from /opt/airflow/dags/main.py
[2025-12-14T18:32:52.394+0000] {logging_mixin.py:188} INFO - [2025-12-14T18:32:52.394+0000] {dag.py:3096} INFO - Sync 2 DAGs
[2025-12-14T18:32:52.418+0000] {logging_mixin.py:188} INFO - [2025-12-14T18:32:52.418+0000] {dag.py:3954} INFO - Setting next_dagrun for update_db to 2025-12-14 15:00:00+00:00, run_after=2025-12-15 15:00:00+00:00
[2025-12-14T18:32:52.423+0000] {logging_mixin.py:188} INFO - [2025-12-14T18:32:52.423+0000] {dag.py:3954} INFO - Setting next_dagrun for youtube_video_stats to 2025-12-14 14:00:00+00:00, run_after=2025-12-15 14:00:00+00:00
[2025-12-14T18:32:52.440+0000] {processor.py:183} INFO - Processing /opt/airflow/dags/main.py took 0.183 seconds
[2025-12-14T18:33:22.634+0000] {processor.py:161} INFO - Started process (PID=6782) to work on /opt/airflow/dags/main.py
[2025-12-14T18:33:22.636+0000] {processor.py:830} INFO - Processing file /opt/airflow/dags/main.py for tasks to queue
[2025-12-14T18:33:22.637+0000] {logging_mixin.py:188} INFO - [2025-12-14T18:33:22.637+0000] {dagbag.py:545} INFO - Filling up the DagBag from /opt/airflow/dags/main.py
[2025-12-14T18:33:22.755+0000] {processor.py:840} INFO - DAG(s) 'update_db', 'youtube_video_stats' retrieved from /opt/airflow/dags/main.py
[2025-12-14T18:33:22.799+0000] {logging_mixin.py:188} INFO - [2025-12-14T18:33:22.799+0000] {dag.py:3096} INFO - Sync 2 DAGs
[2025-12-14T18:33:22.827+0000] {logging_mixin.py:188} INFO - [2025-12-14T18:33:22.826+0000] {dag.py:3954} INFO - Setting next_dagrun for update_db to 2025-12-14 15:00:00+00:00, run_after=2025-12-15 15:00:00+00:00
[2025-12-14T18:33:22.832+0000] {logging_mixin.py:188} INFO - [2025-12-14T18:33:22.832+0000] {dag.py:3954} INFO - Setting next_dagrun for youtube_video_stats to 2025-12-14 14:00:00+00:00, run_after=2025-12-15 14:00:00+00:00
[2025-12-14T18:33:22.855+0000] {processor.py:183} INFO - Processing /opt/airflow/dags/main.py took 0.228 seconds
[2025-12-14T18:33:53.100+0000] {processor.py:161} INFO - Started process (PID=6789) to work on /opt/airflow/dags/main.py
[2025-12-14T18:33:53.102+0000] {processor.py:830} INFO - Processing file /opt/airflow/dags/main.py for tasks to queue
[2025-12-14T18:33:53.104+0000] {logging_mixin.py:188} INFO - [2025-12-14T18:33:53.103+0000] {dagbag.py:545} INFO - Filling up the DagBag from /opt/airflow/dags/main.py
[2025-12-14T18:33:53.297+0000] {processor.py:840} INFO - DAG(s) 'youtube_video_stats', 'update_db' retrieved from /opt/airflow/dags/main.py
[2025-12-14T18:33:53.363+0000] {logging_mixin.py:188} INFO - [2025-12-14T18:33:53.362+0000] {dag.py:3096} INFO - Sync 2 DAGs
[2025-12-14T18:33:53.406+0000] {logging_mixin.py:188} INFO - [2025-12-14T18:33:53.406+0000] {dag.py:3954} INFO - Setting next_dagrun for update_db to 2025-12-14 15:00:00+00:00, run_after=2025-12-15 15:00:00+00:00
[2025-12-14T18:33:53.414+0000] {logging_mixin.py:188} INFO - [2025-12-14T18:33:53.414+0000] {dag.py:3954} INFO - Setting next_dagrun for youtube_video_stats to 2025-12-14 14:00:00+00:00, run_after=2025-12-15 14:00:00+00:00
[2025-12-14T18:33:53.443+0000] {processor.py:183} INFO - Processing /opt/airflow/dags/main.py took 0.352 seconds
[2025-12-14T18:34:23.745+0000] {processor.py:161} INFO - Started process (PID=6802) to work on /opt/airflow/dags/main.py
[2025-12-14T18:34:23.748+0000] {processor.py:830} INFO - Processing file /opt/airflow/dags/main.py for tasks to queue
[2025-12-14T18:34:23.749+0000] {logging_mixin.py:188} INFO - [2025-12-14T18:34:23.749+0000] {dagbag.py:545} INFO - Filling up the DagBag from /opt/airflow/dags/main.py
[2025-12-14T18:34:23.953+0000] {processor.py:840} INFO - DAG(s) 'update_db', 'youtube_video_stats' retrieved from /opt/airflow/dags/main.py
[2025-12-14T18:34:24.025+0000] {logging_mixin.py:188} INFO - [2025-12-14T18:34:24.025+0000] {dag.py:3096} INFO - Sync 2 DAGs
[2025-12-14T18:34:24.080+0000] {logging_mixin.py:188} INFO - [2025-12-14T18:34:24.079+0000] {dag.py:3954} INFO - Setting next_dagrun for update_db to 2025-12-14 15:00:00+00:00, run_after=2025-12-15 15:00:00+00:00
[2025-12-14T18:34:24.090+0000] {logging_mixin.py:188} INFO - [2025-12-14T18:34:24.089+0000] {dag.py:3954} INFO - Setting next_dagrun for youtube_video_stats to 2025-12-14 14:00:00+00:00, run_after=2025-12-15 14:00:00+00:00
[2025-12-14T18:34:24.120+0000] {processor.py:183} INFO - Processing /opt/airflow/dags/main.py took 0.386 seconds
[2025-12-14T18:34:54.392+0000] {processor.py:161} INFO - Started process (PID=6809) to work on /opt/airflow/dags/main.py
[2025-12-14T18:34:54.394+0000] {processor.py:830} INFO - Processing file /opt/airflow/dags/main.py for tasks to queue
[2025-12-14T18:34:54.395+0000] {logging_mixin.py:188} INFO - [2025-12-14T18:34:54.395+0000] {dagbag.py:545} INFO - Filling up the DagBag from /opt/airflow/dags/main.py
[2025-12-14T18:34:54.566+0000] {processor.py:840} INFO - DAG(s) 'update_db', 'youtube_video_stats' retrieved from /opt/airflow/dags/main.py
[2025-12-14T18:34:54.622+0000] {logging_mixin.py:188} INFO - [2025-12-14T18:34:54.621+0000] {dag.py:3096} INFO - Sync 2 DAGs
[2025-12-14T18:34:54.666+0000] {logging_mixin.py:188} INFO - [2025-12-14T18:34:54.665+0000] {dag.py:3954} INFO - Setting next_dagrun for update_db to 2025-12-14 15:00:00+00:00, run_after=2025-12-15 15:00:00+00:00
[2025-12-14T18:34:54.676+0000] {logging_mixin.py:188} INFO - [2025-12-14T18:34:54.676+0000] {dag.py:3954} INFO - Setting next_dagrun for youtube_video_stats to 2025-12-14 14:00:00+00:00, run_after=2025-12-15 14:00:00+00:00
[2025-12-14T18:34:54.709+0000] {processor.py:183} INFO - Processing /opt/airflow/dags/main.py took 0.328 seconds
[2025-12-14T18:35:25.003+0000] {processor.py:161} INFO - Started process (PID=6816) to work on /opt/airflow/dags/main.py
[2025-12-14T18:35:25.005+0000] {processor.py:830} INFO - Processing file /opt/airflow/dags/main.py for tasks to queue
[2025-12-14T18:35:25.008+0000] {logging_mixin.py:188} INFO - [2025-12-14T18:35:25.008+0000] {dagbag.py:545} INFO - Filling up the DagBag from /opt/airflow/dags/main.py
[2025-12-14T18:35:25.186+0000] {processor.py:840} INFO - DAG(s) 'youtube_video_stats', 'update_db' retrieved from /opt/airflow/dags/main.py
[2025-12-14T18:35:25.244+0000] {logging_mixin.py:188} INFO - [2025-12-14T18:35:25.243+0000] {dag.py:3096} INFO - Sync 2 DAGs
[2025-12-14T18:35:25.284+0000] {logging_mixin.py:188} INFO - [2025-12-14T18:35:25.283+0000] {dag.py:3954} INFO - Setting next_dagrun for update_db to 2025-12-14 15:00:00+00:00, run_after=2025-12-15 15:00:00+00:00
[2025-12-14T18:35:25.295+0000] {logging_mixin.py:188} INFO - [2025-12-14T18:35:25.295+0000] {dag.py:3954} INFO - Setting next_dagrun for youtube_video_stats to 2025-12-14 14:00:00+00:00, run_after=2025-12-15 14:00:00+00:00
[2025-12-14T18:35:25.338+0000] {processor.py:183} INFO - Processing /opt/airflow/dags/main.py took 0.347 seconds
[2025-12-14T18:35:55.606+0000] {processor.py:161} INFO - Started process (PID=6823) to work on /opt/airflow/dags/main.py
[2025-12-14T18:35:55.607+0000] {processor.py:830} INFO - Processing file /opt/airflow/dags/main.py for tasks to queue
[2025-12-14T18:35:55.609+0000] {logging_mixin.py:188} INFO - [2025-12-14T18:35:55.609+0000] {dagbag.py:545} INFO - Filling up the DagBag from /opt/airflow/dags/main.py
[2025-12-14T18:35:55.710+0000] {processor.py:840} INFO - DAG(s) 'youtube_video_stats', 'update_db' retrieved from /opt/airflow/dags/main.py
[2025-12-14T18:35:55.748+0000] {logging_mixin.py:188} INFO - [2025-12-14T18:35:55.748+0000] {dag.py:3096} INFO - Sync 2 DAGs
[2025-12-14T18:35:55.775+0000] {logging_mixin.py:188} INFO - [2025-12-14T18:35:55.775+0000] {dag.py:3954} INFO - Setting next_dagrun for update_db to 2025-12-14 15:00:00+00:00, run_after=2025-12-15 15:00:00+00:00
[2025-12-14T18:35:55.782+0000] {logging_mixin.py:188} INFO - [2025-12-14T18:35:55.781+0000] {dag.py:3954} INFO - Setting next_dagrun for youtube_video_stats to 2025-12-14 14:00:00+00:00, run_after=2025-12-15 14:00:00+00:00
[2025-12-14T18:35:55.822+0000] {processor.py:183} INFO - Processing /opt/airflow/dags/main.py took 0.224 seconds
[2025-12-14T18:36:26.073+0000] {processor.py:161} INFO - Started process (PID=6830) to work on /opt/airflow/dags/main.py
[2025-12-14T18:36:26.075+0000] {processor.py:830} INFO - Processing file /opt/airflow/dags/main.py for tasks to queue
[2025-12-14T18:36:26.077+0000] {logging_mixin.py:188} INFO - [2025-12-14T18:36:26.077+0000] {dagbag.py:545} INFO - Filling up the DagBag from /opt/airflow/dags/main.py
[2025-12-14T18:36:26.271+0000] {processor.py:840} INFO - DAG(s) 'update_db', 'youtube_video_stats' retrieved from /opt/airflow/dags/main.py
[2025-12-14T18:36:26.364+0000] {logging_mixin.py:188} INFO - [2025-12-14T18:36:26.363+0000] {dag.py:3096} INFO - Sync 2 DAGs
[2025-12-14T18:36:26.414+0000] {logging_mixin.py:188} INFO - [2025-12-14T18:36:26.413+0000] {dag.py:3954} INFO - Setting next_dagrun for update_db to 2025-12-14 15:00:00+00:00, run_after=2025-12-15 15:00:00+00:00
[2025-12-14T18:36:26.427+0000] {logging_mixin.py:188} INFO - [2025-12-14T18:36:26.427+0000] {dag.py:3954} INFO - Setting next_dagrun for youtube_video_stats to 2025-12-14 14:00:00+00:00, run_after=2025-12-15 14:00:00+00:00
[2025-12-14T18:36:26.525+0000] {processor.py:183} INFO - Processing /opt/airflow/dags/main.py took 0.465 seconds
[2025-12-14T18:36:56.789+0000] {processor.py:161} INFO - Started process (PID=6837) to work on /opt/airflow/dags/main.py
[2025-12-14T18:36:56.793+0000] {processor.py:830} INFO - Processing file /opt/airflow/dags/main.py for tasks to queue
[2025-12-14T18:36:56.796+0000] {logging_mixin.py:188} INFO - [2025-12-14T18:36:56.795+0000] {dagbag.py:545} INFO - Filling up the DagBag from /opt/airflow/dags/main.py
[2025-12-14T18:36:57.003+0000] {processor.py:840} INFO - DAG(s) 'youtube_video_stats', 'update_db' retrieved from /opt/airflow/dags/main.py
[2025-12-14T18:36:57.095+0000] {logging_mixin.py:188} INFO - [2025-12-14T18:36:57.094+0000] {dag.py:3096} INFO - Sync 2 DAGs
[2025-12-14T18:36:57.168+0000] {logging_mixin.py:188} INFO - [2025-12-14T18:36:57.167+0000] {dag.py:3954} INFO - Setting next_dagrun for update_db to 2025-12-14 15:00:00+00:00, run_after=2025-12-15 15:00:00+00:00
[2025-12-14T18:36:57.184+0000] {logging_mixin.py:188} INFO - [2025-12-14T18:36:57.183+0000] {dag.py:3954} INFO - Setting next_dagrun for youtube_video_stats to 2025-12-14 14:00:00+00:00, run_after=2025-12-15 14:00:00+00:00
[2025-12-14T18:36:57.226+0000] {processor.py:183} INFO - Processing /opt/airflow/dags/main.py took 0.457 seconds
[2025-12-14T18:37:27.550+0000] {processor.py:161} INFO - Started process (PID=6844) to work on /opt/airflow/dags/main.py
[2025-12-14T18:37:27.553+0000] {processor.py:830} INFO - Processing file /opt/airflow/dags/main.py for tasks to queue
[2025-12-14T18:37:27.556+0000] {logging_mixin.py:188} INFO - [2025-12-14T18:37:27.555+0000] {dagbag.py:545} INFO - Filling up the DagBag from /opt/airflow/dags/main.py
[2025-12-14T18:37:27.808+0000] {processor.py:840} INFO - DAG(s) 'update_db', 'youtube_video_stats' retrieved from /opt/airflow/dags/main.py
[2025-12-14T18:37:27.880+0000] {logging_mixin.py:188} INFO - [2025-12-14T18:37:27.879+0000] {dag.py:3096} INFO - Sync 2 DAGs
[2025-12-14T18:37:27.934+0000] {logging_mixin.py:188} INFO - [2025-12-14T18:37:27.933+0000] {dag.py:3954} INFO - Setting next_dagrun for update_db to 2025-12-14 15:00:00+00:00, run_after=2025-12-15 15:00:00+00:00
[2025-12-14T18:37:27.949+0000] {logging_mixin.py:188} INFO - [2025-12-14T18:37:27.948+0000] {dag.py:3954} INFO - Setting next_dagrun for youtube_video_stats to 2025-12-14 14:00:00+00:00, run_after=2025-12-15 14:00:00+00:00
[2025-12-14T18:37:27.990+0000] {processor.py:183} INFO - Processing /opt/airflow/dags/main.py took 0.463 seconds
