[2026-01-01T08:55:44.239+0000] {processor.py:161} INFO - Started process (PID=21648) to work on /opt/airflow/dags/main.py
[2026-01-01T08:55:44.245+0000] {processor.py:830} INFO - Processing file /opt/airflow/dags/main.py for tasks to queue
[2026-01-01T08:55:44.271+0000] {logging_mixin.py:188} INFO - [2026-01-01T08:55:44.269+0000] {dagbag.py:545} INFO - Filling up the DagBag from /opt/airflow/dags/main.py
[2026-01-01T08:55:48.261+0000] {processor.py:840} INFO - DAG(s) 'update_db', 'youtube_video_stats' retrieved from /opt/airflow/dags/main.py
[2026-01-01T08:55:48.749+0000] {logging_mixin.py:188} INFO - [2026-01-01T08:55:48.749+0000] {dag.py:3096} INFO - Sync 2 DAGs
[2026-01-01T08:55:48.920+0000] {logging_mixin.py:188} INFO - [2026-01-01T08:55:48.919+0000] {dag.py:3954} INFO - Setting next_dagrun for update_db to 2025-12-31 15:00:00+00:00, run_after=2026-01-01 15:00:00+00:00
[2026-01-01T08:55:48.952+0000] {logging_mixin.py:188} INFO - [2026-01-01T08:55:48.952+0000] {dag.py:3954} INFO - Setting next_dagrun for youtube_video_stats to 2025-12-31 14:00:00+00:00, run_after=2026-01-01 14:00:00+00:00
[2026-01-01T08:55:49.229+0000] {processor.py:183} INFO - Processing /opt/airflow/dags/main.py took 5.206 seconds
[2026-01-01T08:56:20.004+0000] {processor.py:161} INFO - Started process (PID=21661) to work on /opt/airflow/dags/main.py
[2026-01-01T08:56:20.015+0000] {processor.py:830} INFO - Processing file /opt/airflow/dags/main.py for tasks to queue
[2026-01-01T08:56:20.020+0000] {logging_mixin.py:188} INFO - [2026-01-01T08:56:20.019+0000] {dagbag.py:545} INFO - Filling up the DagBag from /opt/airflow/dags/main.py
[2026-01-01T08:56:20.402+0000] {processor.py:840} INFO - DAG(s) 'youtube_video_stats', 'update_db' retrieved from /opt/airflow/dags/main.py
[2026-01-01T08:56:20.522+0000] {logging_mixin.py:188} INFO - [2026-01-01T08:56:20.521+0000] {dag.py:3096} INFO - Sync 2 DAGs
[2026-01-01T08:56:20.617+0000] {logging_mixin.py:188} INFO - [2026-01-01T08:56:20.617+0000] {dag.py:3954} INFO - Setting next_dagrun for update_db to 2025-12-31 15:00:00+00:00, run_after=2026-01-01 15:00:00+00:00
[2026-01-01T08:56:20.647+0000] {logging_mixin.py:188} INFO - [2026-01-01T08:56:20.647+0000] {dag.py:3954} INFO - Setting next_dagrun for youtube_video_stats to 2025-12-31 14:00:00+00:00, run_after=2026-01-01 14:00:00+00:00
[2026-01-01T08:56:20.712+0000] {processor.py:183} INFO - Processing /opt/airflow/dags/main.py took 0.748 seconds
[2026-01-01T08:56:51.795+0000] {processor.py:161} INFO - Started process (PID=21668) to work on /opt/airflow/dags/main.py
[2026-01-01T08:56:51.797+0000] {processor.py:830} INFO - Processing file /opt/airflow/dags/main.py for tasks to queue
[2026-01-01T08:56:51.800+0000] {logging_mixin.py:188} INFO - [2026-01-01T08:56:51.798+0000] {dagbag.py:545} INFO - Filling up the DagBag from /opt/airflow/dags/main.py
[2026-01-01T08:56:52.040+0000] {processor.py:840} INFO - DAG(s) 'update_db', 'youtube_video_stats' retrieved from /opt/airflow/dags/main.py
[2026-01-01T08:56:52.103+0000] {logging_mixin.py:188} INFO - [2026-01-01T08:56:52.102+0000] {dag.py:3096} INFO - Sync 2 DAGs
[2026-01-01T08:56:52.144+0000] {logging_mixin.py:188} INFO - [2026-01-01T08:56:52.144+0000] {dag.py:3954} INFO - Setting next_dagrun for update_db to 2025-12-31 15:00:00+00:00, run_after=2026-01-01 15:00:00+00:00
[2026-01-01T08:56:52.155+0000] {logging_mixin.py:188} INFO - [2026-01-01T08:56:52.154+0000] {dag.py:3954} INFO - Setting next_dagrun for youtube_video_stats to 2025-12-31 14:00:00+00:00, run_after=2026-01-01 14:00:00+00:00
[2026-01-01T08:56:52.200+0000] {processor.py:183} INFO - Processing /opt/airflow/dags/main.py took 0.422 seconds
[2026-01-01T08:57:22.497+0000] {processor.py:161} INFO - Started process (PID=21675) to work on /opt/airflow/dags/main.py
[2026-01-01T08:57:22.500+0000] {processor.py:830} INFO - Processing file /opt/airflow/dags/main.py for tasks to queue
[2026-01-01T08:57:22.502+0000] {logging_mixin.py:188} INFO - [2026-01-01T08:57:22.501+0000] {dagbag.py:545} INFO - Filling up the DagBag from /opt/airflow/dags/main.py
[2026-01-01T08:57:22.767+0000] {processor.py:840} INFO - DAG(s) 'youtube_video_stats', 'update_db' retrieved from /opt/airflow/dags/main.py
[2026-01-01T08:57:22.841+0000] {logging_mixin.py:188} INFO - [2026-01-01T08:57:22.840+0000] {dag.py:3096} INFO - Sync 2 DAGs
[2026-01-01T08:57:22.892+0000] {logging_mixin.py:188} INFO - [2026-01-01T08:57:22.891+0000] {dag.py:3954} INFO - Setting next_dagrun for update_db to 2025-12-31 15:00:00+00:00, run_after=2026-01-01 15:00:00+00:00
[2026-01-01T08:57:26.508+0000] {logging_mixin.py:188} INFO - [2026-01-01T08:57:26.508+0000] {dag.py:3954} INFO - Setting next_dagrun for youtube_video_stats to 2025-12-31 14:00:00+00:00, run_after=2026-01-01 14:00:00+00:00
[2026-01-01T08:57:26.544+0000] {processor.py:183} INFO - Processing /opt/airflow/dags/main.py took 4.073 seconds
[2026-01-01T08:57:56.739+0000] {processor.py:161} INFO - Started process (PID=21682) to work on /opt/airflow/dags/main.py
[2026-01-01T08:57:56.742+0000] {processor.py:830} INFO - Processing file /opt/airflow/dags/main.py for tasks to queue
[2026-01-01T08:57:56.744+0000] {logging_mixin.py:188} INFO - [2026-01-01T08:57:56.744+0000] {dagbag.py:545} INFO - Filling up the DagBag from /opt/airflow/dags/main.py
[2026-01-01T08:57:56.965+0000] {processor.py:840} INFO - DAG(s) 'update_db', 'youtube_video_stats' retrieved from /opt/airflow/dags/main.py
[2026-01-01T08:57:57.037+0000] {logging_mixin.py:188} INFO - [2026-01-01T08:57:57.036+0000] {dag.py:3096} INFO - Sync 2 DAGs
[2026-01-01T08:57:57.345+0000] {logging_mixin.py:188} INFO - [2026-01-01T08:57:57.345+0000] {dag.py:3954} INFO - Setting next_dagrun for update_db to 2025-12-31 15:00:00+00:00, run_after=2026-01-01 15:00:00+00:00
[2026-01-01T08:57:57.354+0000] {logging_mixin.py:188} INFO - [2026-01-01T08:57:57.353+0000] {dag.py:3954} INFO - Setting next_dagrun for youtube_video_stats to 2025-12-31 14:00:00+00:00, run_after=2026-01-01 14:00:00+00:00
[2026-01-01T08:57:57.389+0000] {processor.py:183} INFO - Processing /opt/airflow/dags/main.py took 0.661 seconds
[2026-01-01T08:58:27.703+0000] {processor.py:161} INFO - Started process (PID=21689) to work on /opt/airflow/dags/main.py
[2026-01-01T08:58:27.705+0000] {processor.py:830} INFO - Processing file /opt/airflow/dags/main.py for tasks to queue
[2026-01-01T08:58:27.706+0000] {logging_mixin.py:188} INFO - [2026-01-01T08:58:27.706+0000] {dagbag.py:545} INFO - Filling up the DagBag from /opt/airflow/dags/main.py
[2026-01-01T08:58:27.902+0000] {processor.py:840} INFO - DAG(s) 'update_db', 'youtube_video_stats' retrieved from /opt/airflow/dags/main.py
[2026-01-01T08:58:27.952+0000] {logging_mixin.py:188} INFO - [2026-01-01T08:58:27.952+0000] {dag.py:3096} INFO - Sync 2 DAGs
[2026-01-01T08:58:27.982+0000] {logging_mixin.py:188} INFO - [2026-01-01T08:58:27.982+0000] {dag.py:3954} INFO - Setting next_dagrun for update_db to 2025-12-31 15:00:00+00:00, run_after=2026-01-01 15:00:00+00:00
[2026-01-01T08:58:27.989+0000] {logging_mixin.py:188} INFO - [2026-01-01T08:58:27.989+0000] {dag.py:3954} INFO - Setting next_dagrun for youtube_video_stats to 2025-12-31 14:00:00+00:00, run_after=2026-01-01 14:00:00+00:00
[2026-01-01T08:58:28.021+0000] {processor.py:183} INFO - Processing /opt/airflow/dags/main.py took 0.332 seconds
[2026-01-01T08:58:58.224+0000] {processor.py:161} INFO - Started process (PID=21697) to work on /opt/airflow/dags/main.py
[2026-01-01T08:58:58.225+0000] {processor.py:830} INFO - Processing file /opt/airflow/dags/main.py for tasks to queue
[2026-01-01T08:58:58.228+0000] {logging_mixin.py:188} INFO - [2026-01-01T08:58:58.227+0000] {dagbag.py:545} INFO - Filling up the DagBag from /opt/airflow/dags/main.py
[2026-01-01T08:58:58.536+0000] {processor.py:840} INFO - DAG(s) 'youtube_video_stats', 'update_db' retrieved from /opt/airflow/dags/main.py
[2026-01-01T08:58:58.661+0000] {logging_mixin.py:188} INFO - [2026-01-01T08:58:58.661+0000] {dag.py:3096} INFO - Sync 2 DAGs
[2026-01-01T08:58:58.775+0000] {logging_mixin.py:188} INFO - [2026-01-01T08:58:58.775+0000] {dag.py:3954} INFO - Setting next_dagrun for update_db to 2025-12-31 15:00:00+00:00, run_after=2026-01-01 15:00:00+00:00
[2026-01-01T08:58:58.784+0000] {logging_mixin.py:188} INFO - [2026-01-01T08:58:58.784+0000] {dag.py:3954} INFO - Setting next_dagrun for youtube_video_stats to 2025-12-31 14:00:00+00:00, run_after=2026-01-01 14:00:00+00:00
[2026-01-01T08:58:58.912+0000] {processor.py:183} INFO - Processing /opt/airflow/dags/main.py took 0.699 seconds
[2026-01-01T08:59:29.701+0000] {processor.py:161} INFO - Started process (PID=21704) to work on /opt/airflow/dags/main.py
[2026-01-01T08:59:29.703+0000] {processor.py:830} INFO - Processing file /opt/airflow/dags/main.py for tasks to queue
[2026-01-01T08:59:29.706+0000] {logging_mixin.py:188} INFO - [2026-01-01T08:59:29.705+0000] {dagbag.py:545} INFO - Filling up the DagBag from /opt/airflow/dags/main.py
[2026-01-01T08:59:30.117+0000] {processor.py:840} INFO - DAG(s) 'youtube_video_stats', 'update_db' retrieved from /opt/airflow/dags/main.py
[2026-01-01T08:59:30.221+0000] {logging_mixin.py:188} INFO - [2026-01-01T08:59:30.221+0000] {dag.py:3096} INFO - Sync 2 DAGs
[2026-01-01T08:59:30.261+0000] {logging_mixin.py:188} INFO - [2026-01-01T08:59:30.260+0000] {dag.py:3954} INFO - Setting next_dagrun for update_db to 2025-12-31 15:00:00+00:00, run_after=2026-01-01 15:00:00+00:00
[2026-01-01T08:59:30.268+0000] {logging_mixin.py:188} INFO - [2026-01-01T08:59:30.268+0000] {dag.py:3954} INFO - Setting next_dagrun for youtube_video_stats to 2025-12-31 14:00:00+00:00, run_after=2026-01-01 14:00:00+00:00
[2026-01-01T08:59:30.309+0000] {processor.py:183} INFO - Processing /opt/airflow/dags/main.py took 0.632 seconds
[2026-01-01T09:00:00.758+0000] {processor.py:161} INFO - Started process (PID=21711) to work on /opt/airflow/dags/main.py
[2026-01-01T09:00:00.764+0000] {processor.py:830} INFO - Processing file /opt/airflow/dags/main.py for tasks to queue
[2026-01-01T09:00:00.767+0000] {logging_mixin.py:188} INFO - [2026-01-01T09:00:00.767+0000] {dagbag.py:545} INFO - Filling up the DagBag from /opt/airflow/dags/main.py
[2026-01-01T09:00:01.577+0000] {processor.py:840} INFO - DAG(s) 'youtube_video_stats', 'update_db' retrieved from /opt/airflow/dags/main.py
[2026-01-01T09:00:01.637+0000] {logging_mixin.py:188} INFO - [2026-01-01T09:00:01.637+0000] {dag.py:3096} INFO - Sync 2 DAGs
[2026-01-01T09:00:01.678+0000] {logging_mixin.py:188} INFO - [2026-01-01T09:00:01.678+0000] {dag.py:3954} INFO - Setting next_dagrun for update_db to 2025-12-31 15:00:00+00:00, run_after=2026-01-01 15:00:00+00:00
[2026-01-01T09:00:01.689+0000] {logging_mixin.py:188} INFO - [2026-01-01T09:00:01.689+0000] {dag.py:3954} INFO - Setting next_dagrun for youtube_video_stats to 2025-12-31 14:00:00+00:00, run_after=2026-01-01 14:00:00+00:00
[2026-01-01T09:00:02.301+0000] {processor.py:183} INFO - Processing /opt/airflow/dags/main.py took 1.556 seconds
[2026-01-01T09:00:33.506+0000] {processor.py:161} INFO - Started process (PID=21718) to work on /opt/airflow/dags/main.py
[2026-01-01T09:00:33.509+0000] {processor.py:830} INFO - Processing file /opt/airflow/dags/main.py for tasks to queue
[2026-01-01T09:00:33.511+0000] {logging_mixin.py:188} INFO - [2026-01-01T09:00:33.510+0000] {dagbag.py:545} INFO - Filling up the DagBag from /opt/airflow/dags/main.py
[2026-01-01T09:00:34.741+0000] {processor.py:840} INFO - DAG(s) 'youtube_video_stats', 'update_db' retrieved from /opt/airflow/dags/main.py
[2026-01-01T09:00:34.968+0000] {logging_mixin.py:188} INFO - [2026-01-01T09:00:34.968+0000] {dag.py:3096} INFO - Sync 2 DAGs
[2026-01-01T09:00:35.204+0000] {logging_mixin.py:188} INFO - [2026-01-01T09:00:35.204+0000] {dag.py:3954} INFO - Setting next_dagrun for update_db to 2025-12-31 15:00:00+00:00, run_after=2026-01-01 15:00:00+00:00
[2026-01-01T09:00:35.212+0000] {logging_mixin.py:188} INFO - [2026-01-01T09:00:35.211+0000] {dag.py:3954} INFO - Setting next_dagrun for youtube_video_stats to 2025-12-31 14:00:00+00:00, run_after=2026-01-01 14:00:00+00:00
[2026-01-01T09:00:35.330+0000] {processor.py:183} INFO - Processing /opt/airflow/dags/main.py took 1.834 seconds
[2026-01-01T09:01:05.567+0000] {processor.py:161} INFO - Started process (PID=21725) to work on /opt/airflow/dags/main.py
[2026-01-01T09:01:05.569+0000] {processor.py:830} INFO - Processing file /opt/airflow/dags/main.py for tasks to queue
[2026-01-01T09:01:05.573+0000] {logging_mixin.py:188} INFO - [2026-01-01T09:01:05.572+0000] {dagbag.py:545} INFO - Filling up the DagBag from /opt/airflow/dags/main.py
[2026-01-01T09:01:05.810+0000] {processor.py:840} INFO - DAG(s) 'youtube_video_stats', 'update_db' retrieved from /opt/airflow/dags/main.py
[2026-01-01T09:01:05.871+0000] {logging_mixin.py:188} INFO - [2026-01-01T09:01:05.870+0000] {dag.py:3096} INFO - Sync 2 DAGs
[2026-01-01T09:01:05.947+0000] {logging_mixin.py:188} INFO - [2026-01-01T09:01:05.946+0000] {dag.py:3954} INFO - Setting next_dagrun for update_db to 2025-12-31 15:00:00+00:00, run_after=2026-01-01 15:00:00+00:00
[2026-01-01T09:01:05.964+0000] {logging_mixin.py:188} INFO - [2026-01-01T09:01:05.964+0000] {dag.py:3954} INFO - Setting next_dagrun for youtube_video_stats to 2025-12-31 14:00:00+00:00, run_after=2026-01-01 14:00:00+00:00
[2026-01-01T09:01:06.018+0000] {processor.py:183} INFO - Processing /opt/airflow/dags/main.py took 0.462 seconds
[2026-01-01T09:01:36.191+0000] {processor.py:161} INFO - Started process (PID=21732) to work on /opt/airflow/dags/main.py
[2026-01-01T09:01:36.195+0000] {processor.py:830} INFO - Processing file /opt/airflow/dags/main.py for tasks to queue
[2026-01-01T09:01:36.199+0000] {logging_mixin.py:188} INFO - [2026-01-01T09:01:36.198+0000] {dagbag.py:545} INFO - Filling up the DagBag from /opt/airflow/dags/main.py
[2026-01-01T09:01:36.432+0000] {processor.py:840} INFO - DAG(s) 'update_db', 'youtube_video_stats' retrieved from /opt/airflow/dags/main.py
[2026-01-01T09:01:36.512+0000] {logging_mixin.py:188} INFO - [2026-01-01T09:01:36.510+0000] {dag.py:3096} INFO - Sync 2 DAGs
[2026-01-01T09:01:36.556+0000] {logging_mixin.py:188} INFO - [2026-01-01T09:01:36.555+0000] {dag.py:3954} INFO - Setting next_dagrun for update_db to 2025-12-31 15:00:00+00:00, run_after=2026-01-01 15:00:00+00:00
[2026-01-01T09:01:36.566+0000] {logging_mixin.py:188} INFO - [2026-01-01T09:01:36.565+0000] {dag.py:3954} INFO - Setting next_dagrun for youtube_video_stats to 2025-12-31 14:00:00+00:00, run_after=2026-01-01 14:00:00+00:00
[2026-01-01T09:01:36.599+0000] {processor.py:183} INFO - Processing /opt/airflow/dags/main.py took 0.426 seconds
[2026-01-01T09:02:06.935+0000] {processor.py:161} INFO - Started process (PID=21739) to work on /opt/airflow/dags/main.py
[2026-01-01T09:02:06.937+0000] {processor.py:830} INFO - Processing file /opt/airflow/dags/main.py for tasks to queue
[2026-01-01T09:02:06.941+0000] {logging_mixin.py:188} INFO - [2026-01-01T09:02:06.940+0000] {dagbag.py:545} INFO - Filling up the DagBag from /opt/airflow/dags/main.py
[2026-01-01T09:02:07.139+0000] {processor.py:840} INFO - DAG(s) 'update_db', 'youtube_video_stats' retrieved from /opt/airflow/dags/main.py
[2026-01-01T09:02:07.196+0000] {logging_mixin.py:188} INFO - [2026-01-01T09:02:07.195+0000] {dag.py:3096} INFO - Sync 2 DAGs
[2026-01-01T09:02:07.240+0000] {logging_mixin.py:188} INFO - [2026-01-01T09:02:07.239+0000] {dag.py:3954} INFO - Setting next_dagrun for update_db to 2025-12-31 15:00:00+00:00, run_after=2026-01-01 15:00:00+00:00
[2026-01-01T09:02:07.252+0000] {logging_mixin.py:188} INFO - [2026-01-01T09:02:07.252+0000] {dag.py:3954} INFO - Setting next_dagrun for youtube_video_stats to 2025-12-31 14:00:00+00:00, run_after=2026-01-01 14:00:00+00:00
[2026-01-01T09:02:07.283+0000] {processor.py:183} INFO - Processing /opt/airflow/dags/main.py took 0.360 seconds
[2026-01-01T09:02:37.561+0000] {processor.py:161} INFO - Started process (PID=21746) to work on /opt/airflow/dags/main.py
[2026-01-01T09:02:37.565+0000] {processor.py:830} INFO - Processing file /opt/airflow/dags/main.py for tasks to queue
[2026-01-01T09:02:37.567+0000] {logging_mixin.py:188} INFO - [2026-01-01T09:02:37.567+0000] {dagbag.py:545} INFO - Filling up the DagBag from /opt/airflow/dags/main.py
[2026-01-01T09:02:37.778+0000] {processor.py:840} INFO - DAG(s) 'youtube_video_stats', 'update_db' retrieved from /opt/airflow/dags/main.py
[2026-01-01T09:02:37.839+0000] {logging_mixin.py:188} INFO - [2026-01-01T09:02:37.839+0000] {dag.py:3096} INFO - Sync 2 DAGs
[2026-01-01T09:02:37.891+0000] {logging_mixin.py:188} INFO - [2026-01-01T09:02:37.890+0000] {dag.py:3954} INFO - Setting next_dagrun for update_db to 2025-12-31 15:00:00+00:00, run_after=2026-01-01 15:00:00+00:00
[2026-01-01T09:02:37.906+0000] {logging_mixin.py:188} INFO - [2026-01-01T09:02:37.905+0000] {dag.py:3954} INFO - Setting next_dagrun for youtube_video_stats to 2025-12-31 14:00:00+00:00, run_after=2026-01-01 14:00:00+00:00
[2026-01-01T09:02:37.941+0000] {processor.py:183} INFO - Processing /opt/airflow/dags/main.py took 0.396 seconds
[2026-01-01T09:03:08.219+0000] {processor.py:161} INFO - Started process (PID=21753) to work on /opt/airflow/dags/main.py
[2026-01-01T09:03:08.222+0000] {processor.py:830} INFO - Processing file /opt/airflow/dags/main.py for tasks to queue
[2026-01-01T09:03:08.223+0000] {logging_mixin.py:188} INFO - [2026-01-01T09:03:08.223+0000] {dagbag.py:545} INFO - Filling up the DagBag from /opt/airflow/dags/main.py
[2026-01-01T09:03:08.411+0000] {processor.py:840} INFO - DAG(s) 'update_db', 'youtube_video_stats' retrieved from /opt/airflow/dags/main.py
[2026-01-01T09:03:08.455+0000] {logging_mixin.py:188} INFO - [2026-01-01T09:03:08.454+0000] {dag.py:3096} INFO - Sync 2 DAGs
[2026-01-01T09:03:08.500+0000] {logging_mixin.py:188} INFO - [2026-01-01T09:03:08.500+0000] {dag.py:3954} INFO - Setting next_dagrun for update_db to 2025-12-31 15:00:00+00:00, run_after=2026-01-01 15:00:00+00:00
[2026-01-01T09:03:08.739+0000] {logging_mixin.py:188} INFO - [2026-01-01T09:03:08.738+0000] {dag.py:3954} INFO - Setting next_dagrun for youtube_video_stats to 2025-12-31 14:00:00+00:00, run_after=2026-01-01 14:00:00+00:00
[2026-01-01T09:03:08.758+0000] {processor.py:183} INFO - Processing /opt/airflow/dags/main.py took 0.550 seconds
[2026-01-01T09:03:39.047+0000] {processor.py:161} INFO - Started process (PID=21760) to work on /opt/airflow/dags/main.py
[2026-01-01T09:03:39.049+0000] {processor.py:830} INFO - Processing file /opt/airflow/dags/main.py for tasks to queue
[2026-01-01T09:03:39.052+0000] {logging_mixin.py:188} INFO - [2026-01-01T09:03:39.052+0000] {dagbag.py:545} INFO - Filling up the DagBag from /opt/airflow/dags/main.py
[2026-01-01T09:03:39.242+0000] {processor.py:840} INFO - DAG(s) 'youtube_video_stats', 'update_db' retrieved from /opt/airflow/dags/main.py
[2026-01-01T09:03:39.288+0000] {logging_mixin.py:188} INFO - [2026-01-01T09:03:39.288+0000] {dag.py:3096} INFO - Sync 2 DAGs
[2026-01-01T09:03:39.522+0000] {logging_mixin.py:188} INFO - [2026-01-01T09:03:39.522+0000] {dag.py:3954} INFO - Setting next_dagrun for update_db to 2025-12-31 15:00:00+00:00, run_after=2026-01-01 15:00:00+00:00
[2026-01-01T09:03:39.530+0000] {logging_mixin.py:188} INFO - [2026-01-01T09:03:39.529+0000] {dag.py:3954} INFO - Setting next_dagrun for youtube_video_stats to 2025-12-31 14:00:00+00:00, run_after=2026-01-01 14:00:00+00:00
[2026-01-01T09:03:39.553+0000] {processor.py:183} INFO - Processing /opt/airflow/dags/main.py took 0.515 seconds
[2026-01-01T09:04:09.721+0000] {processor.py:161} INFO - Started process (PID=21767) to work on /opt/airflow/dags/main.py
[2026-01-01T09:04:09.723+0000] {processor.py:830} INFO - Processing file /opt/airflow/dags/main.py for tasks to queue
[2026-01-01T09:04:09.725+0000] {logging_mixin.py:188} INFO - [2026-01-01T09:04:09.725+0000] {dagbag.py:545} INFO - Filling up the DagBag from /opt/airflow/dags/main.py
[2026-01-01T09:04:09.970+0000] {processor.py:840} INFO - DAG(s) 'update_db', 'youtube_video_stats' retrieved from /opt/airflow/dags/main.py
[2026-01-01T09:04:10.012+0000] {logging_mixin.py:188} INFO - [2026-01-01T09:04:10.012+0000] {dag.py:3096} INFO - Sync 2 DAGs
[2026-01-01T09:04:10.041+0000] {logging_mixin.py:188} INFO - [2026-01-01T09:04:10.041+0000] {dag.py:3954} INFO - Setting next_dagrun for update_db to 2025-12-31 15:00:00+00:00, run_after=2026-01-01 15:00:00+00:00
[2026-01-01T09:04:10.050+0000] {logging_mixin.py:188} INFO - [2026-01-01T09:04:10.050+0000] {dag.py:3954} INFO - Setting next_dagrun for youtube_video_stats to 2025-12-31 14:00:00+00:00, run_after=2026-01-01 14:00:00+00:00
[2026-01-01T09:04:10.077+0000] {processor.py:183} INFO - Processing /opt/airflow/dags/main.py took 0.368 seconds
[2026-01-01T09:04:40.354+0000] {processor.py:161} INFO - Started process (PID=21774) to work on /opt/airflow/dags/main.py
[2026-01-01T09:04:40.356+0000] {processor.py:830} INFO - Processing file /opt/airflow/dags/main.py for tasks to queue
[2026-01-01T09:04:40.357+0000] {logging_mixin.py:188} INFO - [2026-01-01T09:04:40.357+0000] {dagbag.py:545} INFO - Filling up the DagBag from /opt/airflow/dags/main.py
[2026-01-01T09:04:40.586+0000] {processor.py:840} INFO - DAG(s) 'youtube_video_stats', 'update_db' retrieved from /opt/airflow/dags/main.py
[2026-01-01T09:04:40.637+0000] {logging_mixin.py:188} INFO - [2026-01-01T09:04:40.636+0000] {dag.py:3096} INFO - Sync 2 DAGs
[2026-01-01T09:04:40.666+0000] {logging_mixin.py:188} INFO - [2026-01-01T09:04:40.666+0000] {dag.py:3954} INFO - Setting next_dagrun for update_db to 2025-12-31 15:00:00+00:00, run_after=2026-01-01 15:00:00+00:00
[2026-01-01T09:04:40.674+0000] {logging_mixin.py:188} INFO - [2026-01-01T09:04:40.674+0000] {dag.py:3954} INFO - Setting next_dagrun for youtube_video_stats to 2025-12-31 14:00:00+00:00, run_after=2026-01-01 14:00:00+00:00
[2026-01-01T09:04:40.696+0000] {processor.py:183} INFO - Processing /opt/airflow/dags/main.py took 0.366 seconds
[2026-01-01T09:05:11.071+0000] {processor.py:161} INFO - Started process (PID=21781) to work on /opt/airflow/dags/main.py
[2026-01-01T09:05:11.080+0000] {processor.py:830} INFO - Processing file /opt/airflow/dags/main.py for tasks to queue
[2026-01-01T09:05:11.089+0000] {logging_mixin.py:188} INFO - [2026-01-01T09:05:11.088+0000] {dagbag.py:545} INFO - Filling up the DagBag from /opt/airflow/dags/main.py
[2026-01-01T09:05:13.010+0000] {processor.py:840} INFO - DAG(s) 'youtube_video_stats', 'update_db' retrieved from /opt/airflow/dags/main.py
[2026-01-01T09:05:13.101+0000] {logging_mixin.py:188} INFO - [2026-01-01T09:05:13.100+0000] {dag.py:3096} INFO - Sync 2 DAGs
[2026-01-01T09:05:13.143+0000] {logging_mixin.py:188} INFO - [2026-01-01T09:05:13.142+0000] {dag.py:3954} INFO - Setting next_dagrun for update_db to 2025-12-31 15:00:00+00:00, run_after=2026-01-01 15:00:00+00:00
[2026-01-01T09:05:13.152+0000] {logging_mixin.py:188} INFO - [2026-01-01T09:05:13.151+0000] {dag.py:3954} INFO - Setting next_dagrun for youtube_video_stats to 2025-12-31 14:00:00+00:00, run_after=2026-01-01 14:00:00+00:00
[2026-01-01T09:05:13.205+0000] {processor.py:183} INFO - Processing /opt/airflow/dags/main.py took 2.146 seconds
[2026-01-01T09:05:43.642+0000] {processor.py:161} INFO - Started process (PID=21789) to work on /opt/airflow/dags/main.py
[2026-01-01T09:05:43.644+0000] {processor.py:830} INFO - Processing file /opt/airflow/dags/main.py for tasks to queue
[2026-01-01T09:05:43.646+0000] {logging_mixin.py:188} INFO - [2026-01-01T09:05:43.646+0000] {dagbag.py:545} INFO - Filling up the DagBag from /opt/airflow/dags/main.py
[2026-01-01T09:05:43.840+0000] {processor.py:840} INFO - DAG(s) 'youtube_video_stats', 'update_db' retrieved from /opt/airflow/dags/main.py
[2026-01-01T09:05:43.885+0000] {logging_mixin.py:188} INFO - [2026-01-01T09:05:43.885+0000] {dag.py:3096} INFO - Sync 2 DAGs
[2026-01-01T09:05:43.919+0000] {logging_mixin.py:188} INFO - [2026-01-01T09:05:43.918+0000] {dag.py:3954} INFO - Setting next_dagrun for update_db to 2025-12-31 15:00:00+00:00, run_after=2026-01-01 15:00:00+00:00
[2026-01-01T09:05:43.928+0000] {logging_mixin.py:188} INFO - [2026-01-01T09:05:43.928+0000] {dag.py:3954} INFO - Setting next_dagrun for youtube_video_stats to 2025-12-31 14:00:00+00:00, run_after=2026-01-01 14:00:00+00:00
[2026-01-01T09:05:44.184+0000] {processor.py:183} INFO - Processing /opt/airflow/dags/main.py took 0.562 seconds
[2026-01-01T09:06:14.726+0000] {processor.py:161} INFO - Started process (PID=21796) to work on /opt/airflow/dags/main.py
[2026-01-01T09:06:14.728+0000] {processor.py:830} INFO - Processing file /opt/airflow/dags/main.py for tasks to queue
[2026-01-01T09:06:14.730+0000] {logging_mixin.py:188} INFO - [2026-01-01T09:06:14.729+0000] {dagbag.py:545} INFO - Filling up the DagBag from /opt/airflow/dags/main.py
[2026-01-01T09:06:15.107+0000] {processor.py:840} INFO - DAG(s) 'update_db', 'youtube_video_stats' retrieved from /opt/airflow/dags/main.py
[2026-01-01T09:06:15.161+0000] {logging_mixin.py:188} INFO - [2026-01-01T09:06:15.161+0000] {dag.py:3096} INFO - Sync 2 DAGs
[2026-01-01T09:06:15.399+0000] {logging_mixin.py:188} INFO - [2026-01-01T09:06:15.399+0000] {dag.py:3954} INFO - Setting next_dagrun for update_db to 2025-12-31 15:00:00+00:00, run_after=2026-01-01 15:00:00+00:00
[2026-01-01T09:06:15.407+0000] {logging_mixin.py:188} INFO - [2026-01-01T09:06:15.407+0000] {dag.py:3954} INFO - Setting next_dagrun for youtube_video_stats to 2025-12-31 14:00:00+00:00, run_after=2026-01-01 14:00:00+00:00
[2026-01-01T09:06:15.433+0000] {processor.py:183} INFO - Processing /opt/airflow/dags/main.py took 0.718 seconds
[2026-01-01T09:06:45.741+0000] {processor.py:161} INFO - Started process (PID=21803) to work on /opt/airflow/dags/main.py
[2026-01-01T09:06:45.744+0000] {processor.py:830} INFO - Processing file /opt/airflow/dags/main.py for tasks to queue
[2026-01-01T09:06:45.748+0000] {logging_mixin.py:188} INFO - [2026-01-01T09:06:45.747+0000] {dagbag.py:545} INFO - Filling up the DagBag from /opt/airflow/dags/main.py
[2026-01-01T09:06:45.949+0000] {processor.py:840} INFO - DAG(s) 'update_db', 'youtube_video_stats' retrieved from /opt/airflow/dags/main.py
[2026-01-01T09:06:46.000+0000] {logging_mixin.py:188} INFO - [2026-01-01T09:06:46.000+0000] {dag.py:3096} INFO - Sync 2 DAGs
[2026-01-01T09:06:46.232+0000] {logging_mixin.py:188} INFO - [2026-01-01T09:06:46.232+0000] {dag.py:3954} INFO - Setting next_dagrun for update_db to 2025-12-31 15:00:00+00:00, run_after=2026-01-01 15:00:00+00:00
[2026-01-01T09:06:46.241+0000] {logging_mixin.py:188} INFO - [2026-01-01T09:06:46.241+0000] {dag.py:3954} INFO - Setting next_dagrun for youtube_video_stats to 2025-12-31 14:00:00+00:00, run_after=2026-01-01 14:00:00+00:00
[2026-01-01T09:06:46.271+0000] {processor.py:183} INFO - Processing /opt/airflow/dags/main.py took 0.540 seconds
[2026-01-01T09:07:16.970+0000] {processor.py:161} INFO - Started process (PID=21810) to work on /opt/airflow/dags/main.py
[2026-01-01T09:07:16.972+0000] {processor.py:830} INFO - Processing file /opt/airflow/dags/main.py for tasks to queue
[2026-01-01T09:07:16.974+0000] {logging_mixin.py:188} INFO - [2026-01-01T09:07:16.973+0000] {dagbag.py:545} INFO - Filling up the DagBag from /opt/airflow/dags/main.py
[2026-01-01T09:07:17.183+0000] {processor.py:840} INFO - DAG(s) 'youtube_video_stats', 'update_db' retrieved from /opt/airflow/dags/main.py
[2026-01-01T09:07:17.252+0000] {logging_mixin.py:188} INFO - [2026-01-01T09:07:17.252+0000] {dag.py:3096} INFO - Sync 2 DAGs
[2026-01-01T09:07:17.288+0000] {logging_mixin.py:188} INFO - [2026-01-01T09:07:17.288+0000] {dag.py:3954} INFO - Setting next_dagrun for update_db to 2025-12-31 15:00:00+00:00, run_after=2026-01-01 15:00:00+00:00
[2026-01-01T09:07:17.304+0000] {logging_mixin.py:188} INFO - [2026-01-01T09:07:17.303+0000] {dag.py:3954} INFO - Setting next_dagrun for youtube_video_stats to 2025-12-31 14:00:00+00:00, run_after=2026-01-01 14:00:00+00:00
[2026-01-01T09:07:17.331+0000] {processor.py:183} INFO - Processing /opt/airflow/dags/main.py took 0.370 seconds
[2026-01-01T09:07:47.629+0000] {processor.py:161} INFO - Started process (PID=21817) to work on /opt/airflow/dags/main.py
[2026-01-01T09:07:47.631+0000] {processor.py:830} INFO - Processing file /opt/airflow/dags/main.py for tasks to queue
[2026-01-01T09:07:47.633+0000] {logging_mixin.py:188} INFO - [2026-01-01T09:07:47.633+0000] {dagbag.py:545} INFO - Filling up the DagBag from /opt/airflow/dags/main.py
[2026-01-01T09:07:47.847+0000] {processor.py:840} INFO - DAG(s) 'youtube_video_stats', 'update_db' retrieved from /opt/airflow/dags/main.py
[2026-01-01T09:07:47.902+0000] {logging_mixin.py:188} INFO - [2026-01-01T09:07:47.902+0000] {dag.py:3096} INFO - Sync 2 DAGs
[2026-01-01T09:07:47.953+0000] {logging_mixin.py:188} INFO - [2026-01-01T09:07:47.952+0000] {dag.py:3954} INFO - Setting next_dagrun for update_db to 2025-12-31 15:00:00+00:00, run_after=2026-01-01 15:00:00+00:00
[2026-01-01T09:07:47.961+0000] {logging_mixin.py:188} INFO - [2026-01-01T09:07:47.961+0000] {dag.py:3954} INFO - Setting next_dagrun for youtube_video_stats to 2025-12-31 14:00:00+00:00, run_after=2026-01-01 14:00:00+00:00
[2026-01-01T09:07:48.000+0000] {processor.py:183} INFO - Processing /opt/airflow/dags/main.py took 0.381 seconds
[2026-01-01T09:08:18.295+0000] {processor.py:161} INFO - Started process (PID=21824) to work on /opt/airflow/dags/main.py
[2026-01-01T09:08:18.297+0000] {processor.py:830} INFO - Processing file /opt/airflow/dags/main.py for tasks to queue
[2026-01-01T09:08:18.299+0000] {logging_mixin.py:188} INFO - [2026-01-01T09:08:18.299+0000] {dagbag.py:545} INFO - Filling up the DagBag from /opt/airflow/dags/main.py
[2026-01-01T09:08:18.510+0000] {processor.py:840} INFO - DAG(s) 'youtube_video_stats', 'update_db' retrieved from /opt/airflow/dags/main.py
[2026-01-01T09:08:18.566+0000] {logging_mixin.py:188} INFO - [2026-01-01T09:08:18.565+0000] {dag.py:3096} INFO - Sync 2 DAGs
[2026-01-01T09:08:18.608+0000] {logging_mixin.py:188} INFO - [2026-01-01T09:08:18.608+0000] {dag.py:3954} INFO - Setting next_dagrun for update_db to 2025-12-31 15:00:00+00:00, run_after=2026-01-01 15:00:00+00:00
[2026-01-01T09:08:18.616+0000] {logging_mixin.py:188} INFO - [2026-01-01T09:08:18.616+0000] {dag.py:3954} INFO - Setting next_dagrun for youtube_video_stats to 2025-12-31 14:00:00+00:00, run_after=2026-01-01 14:00:00+00:00
[2026-01-01T09:08:18.650+0000] {processor.py:183} INFO - Processing /opt/airflow/dags/main.py took 0.371 seconds
[2026-01-01T09:08:48.919+0000] {processor.py:161} INFO - Started process (PID=21831) to work on /opt/airflow/dags/main.py
[2026-01-01T09:08:48.921+0000] {processor.py:830} INFO - Processing file /opt/airflow/dags/main.py for tasks to queue
[2026-01-01T09:08:48.923+0000] {logging_mixin.py:188} INFO - [2026-01-01T09:08:48.922+0000] {dagbag.py:545} INFO - Filling up the DagBag from /opt/airflow/dags/main.py
[2026-01-01T09:08:49.090+0000] {processor.py:840} INFO - DAG(s) 'youtube_video_stats', 'update_db' retrieved from /opt/airflow/dags/main.py
[2026-01-01T09:08:49.133+0000] {logging_mixin.py:188} INFO - [2026-01-01T09:08:49.132+0000] {dag.py:3096} INFO - Sync 2 DAGs
[2026-01-01T09:08:49.166+0000] {logging_mixin.py:188} INFO - [2026-01-01T09:08:49.165+0000] {dag.py:3954} INFO - Setting next_dagrun for update_db to 2025-12-31 15:00:00+00:00, run_after=2026-01-01 15:00:00+00:00
[2026-01-01T09:08:49.175+0000] {logging_mixin.py:188} INFO - [2026-01-01T09:08:49.175+0000] {dag.py:3954} INFO - Setting next_dagrun for youtube_video_stats to 2025-12-31 14:00:00+00:00, run_after=2026-01-01 14:00:00+00:00
[2026-01-01T09:08:49.510+0000] {processor.py:183} INFO - Processing /opt/airflow/dags/main.py took 0.602 seconds
[2026-01-01T09:09:19.751+0000] {processor.py:161} INFO - Started process (PID=21838) to work on /opt/airflow/dags/main.py
[2026-01-01T09:09:19.753+0000] {processor.py:830} INFO - Processing file /opt/airflow/dags/main.py for tasks to queue
[2026-01-01T09:09:19.755+0000] {logging_mixin.py:188} INFO - [2026-01-01T09:09:19.755+0000] {dagbag.py:545} INFO - Filling up the DagBag from /opt/airflow/dags/main.py
[2026-01-01T09:09:19.985+0000] {processor.py:840} INFO - DAG(s) 'update_db', 'youtube_video_stats' retrieved from /opt/airflow/dags/main.py
[2026-01-01T09:09:20.033+0000] {logging_mixin.py:188} INFO - [2026-01-01T09:09:20.032+0000] {dag.py:3096} INFO - Sync 2 DAGs
[2026-01-01T09:09:20.249+0000] {logging_mixin.py:188} INFO - [2026-01-01T09:09:20.249+0000] {dag.py:3954} INFO - Setting next_dagrun for update_db to 2025-12-31 15:00:00+00:00, run_after=2026-01-01 15:00:00+00:00
[2026-01-01T09:09:20.256+0000] {logging_mixin.py:188} INFO - [2026-01-01T09:09:20.256+0000] {dag.py:3954} INFO - Setting next_dagrun for youtube_video_stats to 2025-12-31 14:00:00+00:00, run_after=2026-01-01 14:00:00+00:00
[2026-01-01T09:09:20.276+0000] {processor.py:183} INFO - Processing /opt/airflow/dags/main.py took 0.535 seconds
[2026-01-01T09:09:50.559+0000] {processor.py:161} INFO - Started process (PID=21845) to work on /opt/airflow/dags/main.py
[2026-01-01T09:09:50.561+0000] {processor.py:830} INFO - Processing file /opt/airflow/dags/main.py for tasks to queue
[2026-01-01T09:09:50.563+0000] {logging_mixin.py:188} INFO - [2026-01-01T09:09:50.563+0000] {dagbag.py:545} INFO - Filling up the DagBag from /opt/airflow/dags/main.py
[2026-01-01T09:09:50.801+0000] {processor.py:840} INFO - DAG(s) 'youtube_video_stats', 'update_db' retrieved from /opt/airflow/dags/main.py
[2026-01-01T09:09:50.858+0000] {logging_mixin.py:188} INFO - [2026-01-01T09:09:50.858+0000] {dag.py:3096} INFO - Sync 2 DAGs
[2026-01-01T09:09:51.085+0000] {logging_mixin.py:188} INFO - [2026-01-01T09:09:51.085+0000] {dag.py:3954} INFO - Setting next_dagrun for update_db to 2025-12-31 15:00:00+00:00, run_after=2026-01-01 15:00:00+00:00
[2026-01-01T09:09:51.093+0000] {logging_mixin.py:188} INFO - [2026-01-01T09:09:51.093+0000] {dag.py:3954} INFO - Setting next_dagrun for youtube_video_stats to 2025-12-31 14:00:00+00:00, run_after=2026-01-01 14:00:00+00:00
[2026-01-01T09:09:51.120+0000] {processor.py:183} INFO - Processing /opt/airflow/dags/main.py took 0.573 seconds
[2026-01-01T09:10:21.795+0000] {processor.py:161} INFO - Started process (PID=21852) to work on /opt/airflow/dags/main.py
[2026-01-01T09:10:21.797+0000] {processor.py:830} INFO - Processing file /opt/airflow/dags/main.py for tasks to queue
[2026-01-01T09:10:21.799+0000] {logging_mixin.py:188} INFO - [2026-01-01T09:10:21.799+0000] {dagbag.py:545} INFO - Filling up the DagBag from /opt/airflow/dags/main.py
[2026-01-01T09:10:22.045+0000] {processor.py:840} INFO - DAG(s) 'update_db', 'youtube_video_stats' retrieved from /opt/airflow/dags/main.py
[2026-01-01T09:10:22.086+0000] {logging_mixin.py:188} INFO - [2026-01-01T09:10:22.086+0000] {dag.py:3096} INFO - Sync 2 DAGs
[2026-01-01T09:10:22.114+0000] {logging_mixin.py:188} INFO - [2026-01-01T09:10:22.114+0000] {dag.py:3954} INFO - Setting next_dagrun for update_db to 2025-12-31 15:00:00+00:00, run_after=2026-01-01 15:00:00+00:00
[2026-01-01T09:10:22.121+0000] {logging_mixin.py:188} INFO - [2026-01-01T09:10:22.121+0000] {dag.py:3954} INFO - Setting next_dagrun for youtube_video_stats to 2025-12-31 14:00:00+00:00, run_after=2026-01-01 14:00:00+00:00
[2026-01-01T09:10:22.149+0000] {processor.py:183} INFO - Processing /opt/airflow/dags/main.py took 0.362 seconds
[2026-01-01T09:10:52.454+0000] {processor.py:161} INFO - Started process (PID=21859) to work on /opt/airflow/dags/main.py
[2026-01-01T09:10:52.457+0000] {processor.py:830} INFO - Processing file /opt/airflow/dags/main.py for tasks to queue
[2026-01-01T09:10:52.459+0000] {logging_mixin.py:188} INFO - [2026-01-01T09:10:52.459+0000] {dagbag.py:545} INFO - Filling up the DagBag from /opt/airflow/dags/main.py
[2026-01-01T09:10:52.654+0000] {processor.py:840} INFO - DAG(s) 'update_db', 'youtube_video_stats' retrieved from /opt/airflow/dags/main.py
[2026-01-01T09:10:52.696+0000] {logging_mixin.py:188} INFO - [2026-01-01T09:10:52.696+0000] {dag.py:3096} INFO - Sync 2 DAGs
[2026-01-01T09:10:52.727+0000] {logging_mixin.py:188} INFO - [2026-01-01T09:10:52.727+0000] {dag.py:3954} INFO - Setting next_dagrun for update_db to 2025-12-31 15:00:00+00:00, run_after=2026-01-01 15:00:00+00:00
[2026-01-01T09:10:52.734+0000] {logging_mixin.py:188} INFO - [2026-01-01T09:10:52.734+0000] {dag.py:3954} INFO - Setting next_dagrun for youtube_video_stats to 2025-12-31 14:00:00+00:00, run_after=2026-01-01 14:00:00+00:00
[2026-01-01T09:10:52.756+0000] {processor.py:183} INFO - Processing /opt/airflow/dags/main.py took 0.311 seconds
[2026-01-01T09:11:23.019+0000] {processor.py:161} INFO - Started process (PID=21866) to work on /opt/airflow/dags/main.py
[2026-01-01T09:11:23.022+0000] {processor.py:830} INFO - Processing file /opt/airflow/dags/main.py for tasks to queue
[2026-01-01T09:11:23.024+0000] {logging_mixin.py:188} INFO - [2026-01-01T09:11:23.023+0000] {dagbag.py:545} INFO - Filling up the DagBag from /opt/airflow/dags/main.py
[2026-01-01T09:11:23.183+0000] {processor.py:840} INFO - DAG(s) 'youtube_video_stats', 'update_db' retrieved from /opt/airflow/dags/main.py
[2026-01-01T09:11:23.224+0000] {logging_mixin.py:188} INFO - [2026-01-01T09:11:23.224+0000] {dag.py:3096} INFO - Sync 2 DAGs
[2026-01-01T09:11:23.252+0000] {logging_mixin.py:188} INFO - [2026-01-01T09:11:23.252+0000] {dag.py:3954} INFO - Setting next_dagrun for update_db to 2025-12-31 15:00:00+00:00, run_after=2026-01-01 15:00:00+00:00
[2026-01-01T09:11:23.259+0000] {logging_mixin.py:188} INFO - [2026-01-01T09:11:23.259+0000] {dag.py:3954} INFO - Setting next_dagrun for youtube_video_stats to 2025-12-31 14:00:00+00:00, run_after=2026-01-01 14:00:00+00:00
[2026-01-01T09:11:23.281+0000] {processor.py:183} INFO - Processing /opt/airflow/dags/main.py took 0.271 seconds
[2026-01-01T09:11:53.579+0000] {processor.py:161} INFO - Started process (PID=21873) to work on /opt/airflow/dags/main.py
[2026-01-01T09:11:53.581+0000] {processor.py:830} INFO - Processing file /opt/airflow/dags/main.py for tasks to queue
[2026-01-01T09:11:53.583+0000] {logging_mixin.py:188} INFO - [2026-01-01T09:11:53.583+0000] {dagbag.py:545} INFO - Filling up the DagBag from /opt/airflow/dags/main.py
[2026-01-01T09:11:53.765+0000] {processor.py:840} INFO - DAG(s) 'update_db', 'youtube_video_stats' retrieved from /opt/airflow/dags/main.py
[2026-01-01T09:11:53.805+0000] {logging_mixin.py:188} INFO - [2026-01-01T09:11:53.805+0000] {dag.py:3096} INFO - Sync 2 DAGs
[2026-01-01T09:11:53.836+0000] {logging_mixin.py:188} INFO - [2026-01-01T09:11:53.836+0000] {dag.py:3954} INFO - Setting next_dagrun for update_db to 2025-12-31 15:00:00+00:00, run_after=2026-01-01 15:00:00+00:00
[2026-01-01T09:11:54.063+0000] {logging_mixin.py:188} INFO - [2026-01-01T09:11:54.063+0000] {dag.py:3954} INFO - Setting next_dagrun for youtube_video_stats to 2025-12-31 14:00:00+00:00, run_after=2026-01-01 14:00:00+00:00
[2026-01-01T09:11:54.088+0000] {processor.py:183} INFO - Processing /opt/airflow/dags/main.py took 0.520 seconds
[2026-01-01T09:12:24.385+0000] {processor.py:161} INFO - Started process (PID=21880) to work on /opt/airflow/dags/main.py
[2026-01-01T09:12:24.387+0000] {processor.py:830} INFO - Processing file /opt/airflow/dags/main.py for tasks to queue
[2026-01-01T09:12:24.390+0000] {logging_mixin.py:188} INFO - [2026-01-01T09:12:24.389+0000] {dagbag.py:545} INFO - Filling up the DagBag from /opt/airflow/dags/main.py
[2026-01-01T09:12:24.562+0000] {processor.py:840} INFO - DAG(s) 'update_db', 'youtube_video_stats' retrieved from /opt/airflow/dags/main.py
[2026-01-01T09:12:24.607+0000] {logging_mixin.py:188} INFO - [2026-01-01T09:12:24.607+0000] {dag.py:3096} INFO - Sync 2 DAGs
[2026-01-01T09:12:24.815+0000] {logging_mixin.py:188} INFO - [2026-01-01T09:12:24.815+0000] {dag.py:3954} INFO - Setting next_dagrun for update_db to 2025-12-31 15:00:00+00:00, run_after=2026-01-01 15:00:00+00:00
[2026-01-01T09:12:24.824+0000] {logging_mixin.py:188} INFO - [2026-01-01T09:12:24.824+0000] {dag.py:3954} INFO - Setting next_dagrun for youtube_video_stats to 2025-12-31 14:00:00+00:00, run_after=2026-01-01 14:00:00+00:00
[2026-01-01T09:12:24.845+0000] {processor.py:183} INFO - Processing /opt/airflow/dags/main.py took 0.470 seconds
[2026-01-01T09:12:55.011+0000] {processor.py:161} INFO - Started process (PID=21887) to work on /opt/airflow/dags/main.py
[2026-01-01T09:12:55.013+0000] {processor.py:830} INFO - Processing file /opt/airflow/dags/main.py for tasks to queue
[2026-01-01T09:12:55.014+0000] {logging_mixin.py:188} INFO - [2026-01-01T09:12:55.014+0000] {dagbag.py:545} INFO - Filling up the DagBag from /opt/airflow/dags/main.py
[2026-01-01T09:12:55.190+0000] {processor.py:840} INFO - DAG(s) 'update_db', 'youtube_video_stats' retrieved from /opt/airflow/dags/main.py
[2026-01-01T09:12:55.235+0000] {logging_mixin.py:188} INFO - [2026-01-01T09:12:55.234+0000] {dag.py:3096} INFO - Sync 2 DAGs
[2026-01-01T09:12:55.445+0000] {logging_mixin.py:188} INFO - [2026-01-01T09:12:55.444+0000] {dag.py:3954} INFO - Setting next_dagrun for update_db to 2025-12-31 15:00:00+00:00, run_after=2026-01-01 15:00:00+00:00
[2026-01-01T09:12:55.454+0000] {logging_mixin.py:188} INFO - [2026-01-01T09:12:55.453+0000] {dag.py:3954} INFO - Setting next_dagrun for youtube_video_stats to 2025-12-31 14:00:00+00:00, run_after=2026-01-01 14:00:00+00:00
[2026-01-01T09:12:55.483+0000] {processor.py:183} INFO - Processing /opt/airflow/dags/main.py took 0.485 seconds
[2026-01-01T09:13:25.778+0000] {processor.py:161} INFO - Started process (PID=21894) to work on /opt/airflow/dags/main.py
[2026-01-01T09:13:25.780+0000] {processor.py:830} INFO - Processing file /opt/airflow/dags/main.py for tasks to queue
[2026-01-01T09:13:25.782+0000] {logging_mixin.py:188} INFO - [2026-01-01T09:13:25.781+0000] {dagbag.py:545} INFO - Filling up the DagBag from /opt/airflow/dags/main.py
[2026-01-01T09:13:25.952+0000] {processor.py:840} INFO - DAG(s) 'update_db', 'youtube_video_stats' retrieved from /opt/airflow/dags/main.py
[2026-01-01T09:13:25.991+0000] {logging_mixin.py:188} INFO - [2026-01-01T09:13:25.991+0000] {dag.py:3096} INFO - Sync 2 DAGs
[2026-01-01T09:13:26.018+0000] {logging_mixin.py:188} INFO - [2026-01-01T09:13:26.017+0000] {dag.py:3954} INFO - Setting next_dagrun for update_db to 2025-12-31 15:00:00+00:00, run_after=2026-01-01 15:00:00+00:00
[2026-01-01T09:13:26.025+0000] {logging_mixin.py:188} INFO - [2026-01-01T09:13:26.024+0000] {dag.py:3954} INFO - Setting next_dagrun for youtube_video_stats to 2025-12-31 14:00:00+00:00, run_after=2026-01-01 14:00:00+00:00
[2026-01-01T09:13:26.051+0000] {processor.py:183} INFO - Processing /opt/airflow/dags/main.py took 0.281 seconds
[2026-01-01T09:13:56.323+0000] {processor.py:161} INFO - Started process (PID=21901) to work on /opt/airflow/dags/main.py
[2026-01-01T09:13:56.326+0000] {processor.py:830} INFO - Processing file /opt/airflow/dags/main.py for tasks to queue
[2026-01-01T09:13:56.328+0000] {logging_mixin.py:188} INFO - [2026-01-01T09:13:56.328+0000] {dagbag.py:545} INFO - Filling up the DagBag from /opt/airflow/dags/main.py
[2026-01-01T09:13:56.525+0000] {processor.py:840} INFO - DAG(s) 'youtube_video_stats', 'update_db' retrieved from /opt/airflow/dags/main.py
[2026-01-01T09:13:56.579+0000] {logging_mixin.py:188} INFO - [2026-01-01T09:13:56.578+0000] {dag.py:3096} INFO - Sync 2 DAGs
[2026-01-01T09:13:56.618+0000] {logging_mixin.py:188} INFO - [2026-01-01T09:13:56.618+0000] {dag.py:3954} INFO - Setting next_dagrun for update_db to 2025-12-31 15:00:00+00:00, run_after=2026-01-01 15:00:00+00:00
[2026-01-01T09:13:56.630+0000] {logging_mixin.py:188} INFO - [2026-01-01T09:13:56.630+0000] {dag.py:3954} INFO - Setting next_dagrun for youtube_video_stats to 2025-12-31 14:00:00+00:00, run_after=2026-01-01 14:00:00+00:00
[2026-01-01T09:13:56.659+0000] {processor.py:183} INFO - Processing /opt/airflow/dags/main.py took 0.351 seconds
[2026-01-01T09:14:26.977+0000] {processor.py:161} INFO - Started process (PID=21908) to work on /opt/airflow/dags/main.py
[2026-01-01T09:14:26.979+0000] {processor.py:830} INFO - Processing file /opt/airflow/dags/main.py for tasks to queue
[2026-01-01T09:14:26.980+0000] {logging_mixin.py:188} INFO - [2026-01-01T09:14:26.980+0000] {dagbag.py:545} INFO - Filling up the DagBag from /opt/airflow/dags/main.py
[2026-01-01T09:14:27.270+0000] {processor.py:840} INFO - DAG(s) 'youtube_video_stats', 'update_db' retrieved from /opt/airflow/dags/main.py
[2026-01-01T09:14:27.317+0000] {logging_mixin.py:188} INFO - [2026-01-01T09:14:27.317+0000] {dag.py:3096} INFO - Sync 2 DAGs
[2026-01-01T09:14:27.352+0000] {logging_mixin.py:188} INFO - [2026-01-01T09:14:27.352+0000] {dag.py:3954} INFO - Setting next_dagrun for update_db to 2025-12-31 15:00:00+00:00, run_after=2026-01-01 15:00:00+00:00
[2026-01-01T09:14:27.364+0000] {logging_mixin.py:188} INFO - [2026-01-01T09:14:27.363+0000] {dag.py:3954} INFO - Setting next_dagrun for youtube_video_stats to 2025-12-31 14:00:00+00:00, run_after=2026-01-01 14:00:00+00:00
[2026-01-01T09:14:27.617+0000] {processor.py:183} INFO - Processing /opt/airflow/dags/main.py took 0.649 seconds
[2026-01-01T09:14:57.787+0000] {processor.py:161} INFO - Started process (PID=21915) to work on /opt/airflow/dags/main.py
[2026-01-01T09:14:57.790+0000] {processor.py:830} INFO - Processing file /opt/airflow/dags/main.py for tasks to queue
[2026-01-01T09:14:57.792+0000] {logging_mixin.py:188} INFO - [2026-01-01T09:14:57.792+0000] {dagbag.py:545} INFO - Filling up the DagBag from /opt/airflow/dags/main.py
[2026-01-01T09:14:57.971+0000] {processor.py:840} INFO - DAG(s) 'update_db', 'youtube_video_stats' retrieved from /opt/airflow/dags/main.py
[2026-01-01T09:14:58.017+0000] {logging_mixin.py:188} INFO - [2026-01-01T09:14:58.017+0000] {dag.py:3096} INFO - Sync 2 DAGs
[2026-01-01T09:14:58.208+0000] {logging_mixin.py:188} INFO - [2026-01-01T09:14:58.208+0000] {dag.py:3954} INFO - Setting next_dagrun for update_db to 2025-12-31 15:00:00+00:00, run_after=2026-01-01 15:00:00+00:00
[2026-01-01T09:14:58.215+0000] {logging_mixin.py:188} INFO - [2026-01-01T09:14:58.214+0000] {dag.py:3954} INFO - Setting next_dagrun for youtube_video_stats to 2025-12-31 14:00:00+00:00, run_after=2026-01-01 14:00:00+00:00
[2026-01-01T09:14:58.247+0000] {processor.py:183} INFO - Processing /opt/airflow/dags/main.py took 0.477 seconds
[2026-01-01T09:15:28.828+0000] {processor.py:161} INFO - Started process (PID=21922) to work on /opt/airflow/dags/main.py
[2026-01-01T09:15:28.830+0000] {processor.py:830} INFO - Processing file /opt/airflow/dags/main.py for tasks to queue
[2026-01-01T09:15:28.833+0000] {logging_mixin.py:188} INFO - [2026-01-01T09:15:28.832+0000] {dagbag.py:545} INFO - Filling up the DagBag from /opt/airflow/dags/main.py
[2026-01-01T09:15:28.979+0000] {processor.py:840} INFO - DAG(s) 'youtube_video_stats', 'update_db' retrieved from /opt/airflow/dags/main.py
[2026-01-01T09:15:29.031+0000] {logging_mixin.py:188} INFO - [2026-01-01T09:15:29.030+0000] {dag.py:3096} INFO - Sync 2 DAGs
[2026-01-01T09:15:29.297+0000] {logging_mixin.py:188} INFO - [2026-01-01T09:15:29.297+0000] {dag.py:3954} INFO - Setting next_dagrun for update_db to 2025-12-31 15:00:00+00:00, run_after=2026-01-01 15:00:00+00:00
[2026-01-01T09:15:29.306+0000] {logging_mixin.py:188} INFO - [2026-01-01T09:15:29.305+0000] {dag.py:3954} INFO - Setting next_dagrun for youtube_video_stats to 2025-12-31 14:00:00+00:00, run_after=2026-01-01 14:00:00+00:00
[2026-01-01T09:15:29.328+0000] {processor.py:183} INFO - Processing /opt/airflow/dags/main.py took 0.510 seconds
[2026-01-01T09:15:59.616+0000] {processor.py:161} INFO - Started process (PID=21929) to work on /opt/airflow/dags/main.py
[2026-01-01T09:15:59.618+0000] {processor.py:830} INFO - Processing file /opt/airflow/dags/main.py for tasks to queue
[2026-01-01T09:15:59.620+0000] {logging_mixin.py:188} INFO - [2026-01-01T09:15:59.619+0000] {dagbag.py:545} INFO - Filling up the DagBag from /opt/airflow/dags/main.py
[2026-01-01T09:15:59.791+0000] {processor.py:840} INFO - DAG(s) 'youtube_video_stats', 'update_db' retrieved from /opt/airflow/dags/main.py
[2026-01-01T09:15:59.832+0000] {logging_mixin.py:188} INFO - [2026-01-01T09:15:59.831+0000] {dag.py:3096} INFO - Sync 2 DAGs
[2026-01-01T09:15:59.860+0000] {logging_mixin.py:188} INFO - [2026-01-01T09:15:59.859+0000] {dag.py:3954} INFO - Setting next_dagrun for update_db to 2025-12-31 15:00:00+00:00, run_after=2026-01-01 15:00:00+00:00
[2026-01-01T09:15:59.866+0000] {logging_mixin.py:188} INFO - [2026-01-01T09:15:59.866+0000] {dag.py:3954} INFO - Setting next_dagrun for youtube_video_stats to 2025-12-31 14:00:00+00:00, run_after=2026-01-01 14:00:00+00:00
[2026-01-01T09:15:59.888+0000] {processor.py:183} INFO - Processing /opt/airflow/dags/main.py took 0.283 seconds
[2026-01-01T09:16:30.177+0000] {processor.py:161} INFO - Started process (PID=21937) to work on /opt/airflow/dags/main.py
[2026-01-01T09:16:30.180+0000] {processor.py:830} INFO - Processing file /opt/airflow/dags/main.py for tasks to queue
[2026-01-01T09:16:30.182+0000] {logging_mixin.py:188} INFO - [2026-01-01T09:16:30.181+0000] {dagbag.py:545} INFO - Filling up the DagBag from /opt/airflow/dags/main.py
[2026-01-01T09:16:30.378+0000] {processor.py:840} INFO - DAG(s) 'update_db', 'youtube_video_stats' retrieved from /opt/airflow/dags/main.py
[2026-01-01T09:16:30.423+0000] {logging_mixin.py:188} INFO - [2026-01-01T09:16:30.423+0000] {dag.py:3096} INFO - Sync 2 DAGs
[2026-01-01T09:16:30.452+0000] {logging_mixin.py:188} INFO - [2026-01-01T09:16:30.451+0000] {dag.py:3954} INFO - Setting next_dagrun for update_db to 2025-12-31 15:00:00+00:00, run_after=2026-01-01 15:00:00+00:00
[2026-01-01T09:16:30.459+0000] {logging_mixin.py:188} INFO - [2026-01-01T09:16:30.458+0000] {dag.py:3954} INFO - Setting next_dagrun for youtube_video_stats to 2025-12-31 14:00:00+00:00, run_after=2026-01-01 14:00:00+00:00
[2026-01-01T09:16:30.479+0000] {processor.py:183} INFO - Processing /opt/airflow/dags/main.py took 0.312 seconds
[2026-01-01T09:17:00.742+0000] {processor.py:161} INFO - Started process (PID=21944) to work on /opt/airflow/dags/main.py
[2026-01-01T09:17:00.744+0000] {processor.py:830} INFO - Processing file /opt/airflow/dags/main.py for tasks to queue
[2026-01-01T09:17:00.746+0000] {logging_mixin.py:188} INFO - [2026-01-01T09:17:00.745+0000] {dagbag.py:545} INFO - Filling up the DagBag from /opt/airflow/dags/main.py
[2026-01-01T09:17:00.935+0000] {processor.py:840} INFO - DAG(s) 'youtube_video_stats', 'update_db' retrieved from /opt/airflow/dags/main.py
[2026-01-01T09:17:00.975+0000] {logging_mixin.py:188} INFO - [2026-01-01T09:17:00.975+0000] {dag.py:3096} INFO - Sync 2 DAGs
[2026-01-01T09:17:01.003+0000] {logging_mixin.py:188} INFO - [2026-01-01T09:17:01.003+0000] {dag.py:3954} INFO - Setting next_dagrun for update_db to 2025-12-31 15:00:00+00:00, run_after=2026-01-01 15:00:00+00:00
[2026-01-01T09:17:01.011+0000] {logging_mixin.py:188} INFO - [2026-01-01T09:17:01.011+0000] {dag.py:3954} INFO - Setting next_dagrun for youtube_video_stats to 2025-12-31 14:00:00+00:00, run_after=2026-01-01 14:00:00+00:00
[2026-01-01T09:17:01.035+0000] {processor.py:183} INFO - Processing /opt/airflow/dags/main.py took 0.302 seconds
[2026-01-01T09:17:31.357+0000] {processor.py:161} INFO - Started process (PID=21951) to work on /opt/airflow/dags/main.py
[2026-01-01T09:17:31.360+0000] {processor.py:830} INFO - Processing file /opt/airflow/dags/main.py for tasks to queue
[2026-01-01T09:17:31.363+0000] {logging_mixin.py:188} INFO - [2026-01-01T09:17:31.362+0000] {dagbag.py:545} INFO - Filling up the DagBag from /opt/airflow/dags/main.py
[2026-01-01T09:17:31.721+0000] {processor.py:840} INFO - DAG(s) 'youtube_video_stats', 'update_db' retrieved from /opt/airflow/dags/main.py
[2026-01-01T09:17:31.944+0000] {logging_mixin.py:188} INFO - [2026-01-01T09:17:31.944+0000] {dag.py:3096} INFO - Sync 2 DAGs
[2026-01-01T09:17:31.988+0000] {logging_mixin.py:188} INFO - [2026-01-01T09:17:31.988+0000] {dag.py:3954} INFO - Setting next_dagrun for update_db to 2025-12-31 15:00:00+00:00, run_after=2026-01-01 15:00:00+00:00
[2026-01-01T09:17:32.201+0000] {logging_mixin.py:188} INFO - [2026-01-01T09:17:32.201+0000] {dag.py:3954} INFO - Setting next_dagrun for youtube_video_stats to 2025-12-31 14:00:00+00:00, run_after=2026-01-01 14:00:00+00:00
[2026-01-01T09:17:32.228+0000] {processor.py:183} INFO - Processing /opt/airflow/dags/main.py took 0.901 seconds
[2026-01-01T09:18:02.583+0000] {processor.py:161} INFO - Started process (PID=21964) to work on /opt/airflow/dags/main.py
[2026-01-01T09:18:02.585+0000] {processor.py:830} INFO - Processing file /opt/airflow/dags/main.py for tasks to queue
[2026-01-01T09:18:02.586+0000] {logging_mixin.py:188} INFO - [2026-01-01T09:18:02.586+0000] {dagbag.py:545} INFO - Filling up the DagBag from /opt/airflow/dags/main.py
[2026-01-01T09:18:02.762+0000] {processor.py:840} INFO - DAG(s) 'youtube_video_stats', 'update_db' retrieved from /opt/airflow/dags/main.py
[2026-01-01T09:18:02.808+0000] {logging_mixin.py:188} INFO - [2026-01-01T09:18:02.808+0000] {dag.py:3096} INFO - Sync 2 DAGs
[2026-01-01T09:18:03.054+0000] {logging_mixin.py:188} INFO - [2026-01-01T09:18:03.053+0000] {dag.py:3954} INFO - Setting next_dagrun for update_db to 2025-12-31 15:00:00+00:00, run_after=2026-01-01 15:00:00+00:00
[2026-01-01T09:18:03.066+0000] {logging_mixin.py:188} INFO - [2026-01-01T09:18:03.066+0000] {dag.py:3954} INFO - Setting next_dagrun for youtube_video_stats to 2025-12-31 14:00:00+00:00, run_after=2026-01-01 14:00:00+00:00
[2026-01-01T09:18:03.096+0000] {processor.py:183} INFO - Processing /opt/airflow/dags/main.py took 0.522 seconds
[2026-01-01T09:18:33.432+0000] {processor.py:161} INFO - Started process (PID=21971) to work on /opt/airflow/dags/main.py
[2026-01-01T09:18:33.434+0000] {processor.py:830} INFO - Processing file /opt/airflow/dags/main.py for tasks to queue
[2026-01-01T09:18:33.435+0000] {logging_mixin.py:188} INFO - [2026-01-01T09:18:33.435+0000] {dagbag.py:545} INFO - Filling up the DagBag from /opt/airflow/dags/main.py
[2026-01-01T09:18:33.721+0000] {processor.py:840} INFO - DAG(s) 'youtube_video_stats', 'update_db' retrieved from /opt/airflow/dags/main.py
[2026-01-01T09:18:33.762+0000] {logging_mixin.py:188} INFO - [2026-01-01T09:18:33.761+0000] {dag.py:3096} INFO - Sync 2 DAGs
[2026-01-01T09:18:34.010+0000] {logging_mixin.py:188} INFO - [2026-01-01T09:18:34.009+0000] {dag.py:3954} INFO - Setting next_dagrun for update_db to 2025-12-31 15:00:00+00:00, run_after=2026-01-01 15:00:00+00:00
[2026-01-01T09:18:34.017+0000] {logging_mixin.py:188} INFO - [2026-01-01T09:18:34.017+0000] {dag.py:3954} INFO - Setting next_dagrun for youtube_video_stats to 2025-12-31 14:00:00+00:00, run_after=2026-01-01 14:00:00+00:00
[2026-01-01T09:18:34.042+0000] {processor.py:183} INFO - Processing /opt/airflow/dags/main.py took 0.619 seconds
[2026-01-01T09:19:04.316+0000] {processor.py:161} INFO - Started process (PID=21978) to work on /opt/airflow/dags/main.py
[2026-01-01T09:19:04.318+0000] {processor.py:830} INFO - Processing file /opt/airflow/dags/main.py for tasks to queue
[2026-01-01T09:19:04.319+0000] {logging_mixin.py:188} INFO - [2026-01-01T09:19:04.319+0000] {dagbag.py:545} INFO - Filling up the DagBag from /opt/airflow/dags/main.py
[2026-01-01T09:19:04.537+0000] {processor.py:840} INFO - DAG(s) 'update_db', 'youtube_video_stats' retrieved from /opt/airflow/dags/main.py
[2026-01-01T09:19:04.584+0000] {logging_mixin.py:188} INFO - [2026-01-01T09:19:04.583+0000] {dag.py:3096} INFO - Sync 2 DAGs
[2026-01-01T09:19:04.614+0000] {logging_mixin.py:188} INFO - [2026-01-01T09:19:04.614+0000] {dag.py:3954} INFO - Setting next_dagrun for update_db to 2025-12-31 15:00:00+00:00, run_after=2026-01-01 15:00:00+00:00
[2026-01-01T09:19:04.621+0000] {logging_mixin.py:188} INFO - [2026-01-01T09:19:04.621+0000] {dag.py:3954} INFO - Setting next_dagrun for youtube_video_stats to 2025-12-31 14:00:00+00:00, run_after=2026-01-01 14:00:00+00:00
[2026-01-01T09:19:04.644+0000] {processor.py:183} INFO - Processing /opt/airflow/dags/main.py took 0.337 seconds
[2026-01-01T09:19:34.928+0000] {processor.py:161} INFO - Started process (PID=21985) to work on /opt/airflow/dags/main.py
[2026-01-01T09:19:34.930+0000] {processor.py:830} INFO - Processing file /opt/airflow/dags/main.py for tasks to queue
[2026-01-01T09:19:34.933+0000] {logging_mixin.py:188} INFO - [2026-01-01T09:19:34.932+0000] {dagbag.py:545} INFO - Filling up the DagBag from /opt/airflow/dags/main.py
[2026-01-01T09:19:35.262+0000] {processor.py:840} INFO - DAG(s) 'update_db', 'youtube_video_stats' retrieved from /opt/airflow/dags/main.py
[2026-01-01T09:19:35.310+0000] {logging_mixin.py:188} INFO - [2026-01-01T09:19:35.310+0000] {dag.py:3096} INFO - Sync 2 DAGs
[2026-01-01T09:19:35.352+0000] {logging_mixin.py:188} INFO - [2026-01-01T09:19:35.352+0000] {dag.py:3954} INFO - Setting next_dagrun for update_db to 2025-12-31 15:00:00+00:00, run_after=2026-01-01 15:00:00+00:00
[2026-01-01T09:19:35.372+0000] {logging_mixin.py:188} INFO - [2026-01-01T09:19:35.371+0000] {dag.py:3954} INFO - Setting next_dagrun for youtube_video_stats to 2025-12-31 14:00:00+00:00, run_after=2026-01-01 14:00:00+00:00
[2026-01-01T09:19:35.412+0000] {processor.py:183} INFO - Processing /opt/airflow/dags/main.py took 0.494 seconds
[2026-01-01T09:20:05.721+0000] {processor.py:161} INFO - Started process (PID=21992) to work on /opt/airflow/dags/main.py
[2026-01-01T09:20:05.724+0000] {processor.py:830} INFO - Processing file /opt/airflow/dags/main.py for tasks to queue
[2026-01-01T09:20:05.725+0000] {logging_mixin.py:188} INFO - [2026-01-01T09:20:05.725+0000] {dagbag.py:545} INFO - Filling up the DagBag from /opt/airflow/dags/main.py
[2026-01-01T09:20:05.917+0000] {processor.py:840} INFO - DAG(s) 'youtube_video_stats', 'update_db' retrieved from /opt/airflow/dags/main.py
[2026-01-01T09:20:05.958+0000] {logging_mixin.py:188} INFO - [2026-01-01T09:20:05.958+0000] {dag.py:3096} INFO - Sync 2 DAGs
[2026-01-01T09:20:05.987+0000] {logging_mixin.py:188} INFO - [2026-01-01T09:20:05.986+0000] {dag.py:3954} INFO - Setting next_dagrun for update_db to 2025-12-31 15:00:00+00:00, run_after=2026-01-01 15:00:00+00:00
[2026-01-01T09:20:05.994+0000] {logging_mixin.py:188} INFO - [2026-01-01T09:20:05.994+0000] {dag.py:3954} INFO - Setting next_dagrun for youtube_video_stats to 2025-12-31 14:00:00+00:00, run_after=2026-01-01 14:00:00+00:00
[2026-01-01T09:20:06.026+0000] {processor.py:183} INFO - Processing /opt/airflow/dags/main.py took 0.316 seconds
[2026-01-01T09:20:36.314+0000] {processor.py:161} INFO - Started process (PID=21999) to work on /opt/airflow/dags/main.py
[2026-01-01T09:20:36.316+0000] {processor.py:830} INFO - Processing file /opt/airflow/dags/main.py for tasks to queue
[2026-01-01T09:20:36.318+0000] {logging_mixin.py:188} INFO - [2026-01-01T09:20:36.318+0000] {dagbag.py:545} INFO - Filling up the DagBag from /opt/airflow/dags/main.py
[2026-01-01T09:20:36.601+0000] {processor.py:840} INFO - DAG(s) 'update_db', 'youtube_video_stats' retrieved from /opt/airflow/dags/main.py
[2026-01-01T09:20:36.640+0000] {logging_mixin.py:188} INFO - [2026-01-01T09:20:36.640+0000] {dag.py:3096} INFO - Sync 2 DAGs
[2026-01-01T09:20:36.835+0000] {logging_mixin.py:188} INFO - [2026-01-01T09:20:36.835+0000] {dag.py:3954} INFO - Setting next_dagrun for update_db to 2025-12-31 15:00:00+00:00, run_after=2026-01-01 15:00:00+00:00
[2026-01-01T09:20:36.842+0000] {logging_mixin.py:188} INFO - [2026-01-01T09:20:36.842+0000] {dag.py:3954} INFO - Setting next_dagrun for youtube_video_stats to 2025-12-31 14:00:00+00:00, run_after=2026-01-01 14:00:00+00:00
[2026-01-01T09:20:36.870+0000] {processor.py:183} INFO - Processing /opt/airflow/dags/main.py took 0.566 seconds
[2026-01-01T09:21:07.176+0000] {processor.py:161} INFO - Started process (PID=22006) to work on /opt/airflow/dags/main.py
[2026-01-01T09:21:07.178+0000] {processor.py:830} INFO - Processing file /opt/airflow/dags/main.py for tasks to queue
[2026-01-01T09:21:07.180+0000] {logging_mixin.py:188} INFO - [2026-01-01T09:21:07.179+0000] {dagbag.py:545} INFO - Filling up the DagBag from /opt/airflow/dags/main.py
[2026-01-01T09:21:07.342+0000] {processor.py:840} INFO - DAG(s) 'youtube_video_stats', 'update_db' retrieved from /opt/airflow/dags/main.py
[2026-01-01T09:21:07.387+0000] {logging_mixin.py:188} INFO - [2026-01-01T09:21:07.387+0000] {dag.py:3096} INFO - Sync 2 DAGs
[2026-01-01T09:21:07.577+0000] {logging_mixin.py:188} INFO - [2026-01-01T09:21:07.577+0000] {dag.py:3954} INFO - Setting next_dagrun for update_db to 2025-12-31 15:00:00+00:00, run_after=2026-01-01 15:00:00+00:00
[2026-01-01T09:21:07.584+0000] {logging_mixin.py:188} INFO - [2026-01-01T09:21:07.584+0000] {dag.py:3954} INFO - Setting next_dagrun for youtube_video_stats to 2025-12-31 14:00:00+00:00, run_after=2026-01-01 14:00:00+00:00
[2026-01-01T09:21:07.605+0000] {processor.py:183} INFO - Processing /opt/airflow/dags/main.py took 0.443 seconds
[2026-01-01T09:21:37.794+0000] {processor.py:161} INFO - Started process (PID=22013) to work on /opt/airflow/dags/main.py
[2026-01-01T09:21:37.796+0000] {processor.py:830} INFO - Processing file /opt/airflow/dags/main.py for tasks to queue
[2026-01-01T09:21:37.798+0000] {logging_mixin.py:188} INFO - [2026-01-01T09:21:37.798+0000] {dagbag.py:545} INFO - Filling up the DagBag from /opt/airflow/dags/main.py
[2026-01-01T09:21:37.973+0000] {processor.py:840} INFO - DAG(s) 'update_db', 'youtube_video_stats' retrieved from /opt/airflow/dags/main.py
[2026-01-01T09:21:38.182+0000] {logging_mixin.py:188} INFO - [2026-01-01T09:21:38.182+0000] {dag.py:3096} INFO - Sync 2 DAGs
[2026-01-01T09:21:38.212+0000] {logging_mixin.py:188} INFO - [2026-01-01T09:21:38.212+0000] {dag.py:3954} INFO - Setting next_dagrun for update_db to 2025-12-31 15:00:00+00:00, run_after=2026-01-01 15:00:00+00:00
[2026-01-01T09:21:38.219+0000] {logging_mixin.py:188} INFO - [2026-01-01T09:21:38.219+0000] {dag.py:3954} INFO - Setting next_dagrun for youtube_video_stats to 2025-12-31 14:00:00+00:00, run_after=2026-01-01 14:00:00+00:00
[2026-01-01T09:21:38.242+0000] {processor.py:183} INFO - Processing /opt/airflow/dags/main.py took 0.458 seconds
[2026-01-01T09:22:08.515+0000] {processor.py:161} INFO - Started process (PID=22020) to work on /opt/airflow/dags/main.py
[2026-01-01T09:22:08.518+0000] {processor.py:830} INFO - Processing file /opt/airflow/dags/main.py for tasks to queue
[2026-01-01T09:22:08.519+0000] {logging_mixin.py:188} INFO - [2026-01-01T09:22:08.519+0000] {dagbag.py:545} INFO - Filling up the DagBag from /opt/airflow/dags/main.py
[2026-01-01T09:22:08.701+0000] {processor.py:840} INFO - DAG(s) 'update_db', 'youtube_video_stats' retrieved from /opt/airflow/dags/main.py
[2026-01-01T09:22:08.758+0000] {logging_mixin.py:188} INFO - [2026-01-01T09:22:08.757+0000] {dag.py:3096} INFO - Sync 2 DAGs
[2026-01-01T09:22:08.802+0000] {logging_mixin.py:188} INFO - [2026-01-01T09:22:08.800+0000] {dag.py:3954} INFO - Setting next_dagrun for update_db to 2025-12-31 15:00:00+00:00, run_after=2026-01-01 15:00:00+00:00
[2026-01-01T09:22:08.812+0000] {logging_mixin.py:188} INFO - [2026-01-01T09:22:08.812+0000] {dag.py:3954} INFO - Setting next_dagrun for youtube_video_stats to 2025-12-31 14:00:00+00:00, run_after=2026-01-01 14:00:00+00:00
[2026-01-01T09:22:08.852+0000] {processor.py:183} INFO - Processing /opt/airflow/dags/main.py took 0.348 seconds
[2026-01-01T09:22:39.161+0000] {processor.py:161} INFO - Started process (PID=22028) to work on /opt/airflow/dags/main.py
[2026-01-01T09:22:39.162+0000] {processor.py:830} INFO - Processing file /opt/airflow/dags/main.py for tasks to queue
[2026-01-01T09:22:39.164+0000] {logging_mixin.py:188} INFO - [2026-01-01T09:22:39.164+0000] {dagbag.py:545} INFO - Filling up the DagBag from /opt/airflow/dags/main.py
[2026-01-01T09:22:39.385+0000] {processor.py:840} INFO - DAG(s) 'youtube_video_stats', 'update_db' retrieved from /opt/airflow/dags/main.py
[2026-01-01T09:22:39.447+0000] {logging_mixin.py:188} INFO - [2026-01-01T09:22:39.446+0000] {dag.py:3096} INFO - Sync 2 DAGs
[2026-01-01T09:22:39.485+0000] {logging_mixin.py:188} INFO - [2026-01-01T09:22:39.485+0000] {dag.py:3954} INFO - Setting next_dagrun for update_db to 2025-12-31 15:00:00+00:00, run_after=2026-01-01 15:00:00+00:00
[2026-01-01T09:22:39.494+0000] {logging_mixin.py:188} INFO - [2026-01-01T09:22:39.494+0000] {dag.py:3954} INFO - Setting next_dagrun for youtube_video_stats to 2025-12-31 14:00:00+00:00, run_after=2026-01-01 14:00:00+00:00
[2026-01-01T09:22:39.523+0000] {processor.py:183} INFO - Processing /opt/airflow/dags/main.py took 0.377 seconds
[2026-01-01T09:23:09.829+0000] {processor.py:161} INFO - Started process (PID=22035) to work on /opt/airflow/dags/main.py
[2026-01-01T09:23:09.831+0000] {processor.py:830} INFO - Processing file /opt/airflow/dags/main.py for tasks to queue
[2026-01-01T09:23:09.832+0000] {logging_mixin.py:188} INFO - [2026-01-01T09:23:09.832+0000] {dagbag.py:545} INFO - Filling up the DagBag from /opt/airflow/dags/main.py
[2026-01-01T09:23:10.049+0000] {processor.py:840} INFO - DAG(s) 'update_db', 'youtube_video_stats' retrieved from /opt/airflow/dags/main.py
[2026-01-01T09:23:10.094+0000] {logging_mixin.py:188} INFO - [2026-01-01T09:23:10.093+0000] {dag.py:3096} INFO - Sync 2 DAGs
[2026-01-01T09:23:10.152+0000] {logging_mixin.py:188} INFO - [2026-01-01T09:23:10.152+0000] {dag.py:3954} INFO - Setting next_dagrun for update_db to 2025-12-31 15:00:00+00:00, run_after=2026-01-01 15:00:00+00:00
[2026-01-01T09:23:10.169+0000] {logging_mixin.py:188} INFO - [2026-01-01T09:23:10.169+0000] {dag.py:3954} INFO - Setting next_dagrun for youtube_video_stats to 2025-12-31 14:00:00+00:00, run_after=2026-01-01 14:00:00+00:00
[2026-01-01T09:23:10.422+0000] {processor.py:183} INFO - Processing /opt/airflow/dags/main.py took 0.602 seconds
[2026-01-01T09:23:40.677+0000] {processor.py:161} INFO - Started process (PID=22042) to work on /opt/airflow/dags/main.py
[2026-01-01T09:23:40.679+0000] {processor.py:830} INFO - Processing file /opt/airflow/dags/main.py for tasks to queue
[2026-01-01T09:23:40.681+0000] {logging_mixin.py:188} INFO - [2026-01-01T09:23:40.680+0000] {dagbag.py:545} INFO - Filling up the DagBag from /opt/airflow/dags/main.py
[2026-01-01T09:23:40.900+0000] {processor.py:840} INFO - DAG(s) 'update_db', 'youtube_video_stats' retrieved from /opt/airflow/dags/main.py
[2026-01-01T09:23:40.960+0000] {logging_mixin.py:188} INFO - [2026-01-01T09:23:40.960+0000] {dag.py:3096} INFO - Sync 2 DAGs
[2026-01-01T09:23:41.157+0000] {logging_mixin.py:188} INFO - [2026-01-01T09:23:41.156+0000] {dag.py:3954} INFO - Setting next_dagrun for update_db to 2025-12-31 15:00:00+00:00, run_after=2026-01-01 15:00:00+00:00
[2026-01-01T09:23:41.164+0000] {logging_mixin.py:188} INFO - [2026-01-01T09:23:41.164+0000] {dag.py:3954} INFO - Setting next_dagrun for youtube_video_stats to 2025-12-31 14:00:00+00:00, run_after=2026-01-01 14:00:00+00:00
[2026-01-01T09:23:41.189+0000] {processor.py:183} INFO - Processing /opt/airflow/dags/main.py took 0.524 seconds
[2026-01-01T09:24:11.491+0000] {processor.py:161} INFO - Started process (PID=22049) to work on /opt/airflow/dags/main.py
[2026-01-01T09:24:11.493+0000] {processor.py:830} INFO - Processing file /opt/airflow/dags/main.py for tasks to queue
[2026-01-01T09:24:11.494+0000] {logging_mixin.py:188} INFO - [2026-01-01T09:24:11.494+0000] {dagbag.py:545} INFO - Filling up the DagBag from /opt/airflow/dags/main.py
[2026-01-01T09:24:11.721+0000] {processor.py:840} INFO - DAG(s) 'youtube_video_stats', 'update_db' retrieved from /opt/airflow/dags/main.py
[2026-01-01T09:24:11.763+0000] {logging_mixin.py:188} INFO - [2026-01-01T09:24:11.763+0000] {dag.py:3096} INFO - Sync 2 DAGs
[2026-01-01T09:24:11.966+0000] {logging_mixin.py:188} INFO - [2026-01-01T09:24:11.966+0000] {dag.py:3954} INFO - Setting next_dagrun for update_db to 2025-12-31 15:00:00+00:00, run_after=2026-01-01 15:00:00+00:00
[2026-01-01T09:24:11.973+0000] {logging_mixin.py:188} INFO - [2026-01-01T09:24:11.973+0000] {dag.py:3954} INFO - Setting next_dagrun for youtube_video_stats to 2025-12-31 14:00:00+00:00, run_after=2026-01-01 14:00:00+00:00
[2026-01-01T09:24:12.003+0000] {processor.py:183} INFO - Processing /opt/airflow/dags/main.py took 0.521 seconds
[2026-01-01T09:24:42.241+0000] {processor.py:161} INFO - Started process (PID=22056) to work on /opt/airflow/dags/main.py
[2026-01-01T09:24:42.243+0000] {processor.py:830} INFO - Processing file /opt/airflow/dags/main.py for tasks to queue
[2026-01-01T09:24:42.244+0000] {logging_mixin.py:188} INFO - [2026-01-01T09:24:42.244+0000] {dagbag.py:545} INFO - Filling up the DagBag from /opt/airflow/dags/main.py
[2026-01-01T09:24:42.470+0000] {processor.py:840} INFO - DAG(s) 'update_db', 'youtube_video_stats' retrieved from /opt/airflow/dags/main.py
[2026-01-01T09:24:42.738+0000] {logging_mixin.py:188} INFO - [2026-01-01T09:24:42.737+0000] {dag.py:3096} INFO - Sync 2 DAGs
[2026-01-01T09:24:42.762+0000] {logging_mixin.py:188} INFO - [2026-01-01T09:24:42.762+0000] {dag.py:3954} INFO - Setting next_dagrun for update_db to 2025-12-31 15:00:00+00:00, run_after=2026-01-01 15:00:00+00:00
[2026-01-01T09:24:42.768+0000] {logging_mixin.py:188} INFO - [2026-01-01T09:24:42.768+0000] {dag.py:3954} INFO - Setting next_dagrun for youtube_video_stats to 2025-12-31 14:00:00+00:00, run_after=2026-01-01 14:00:00+00:00
[2026-01-01T09:24:42.787+0000] {processor.py:183} INFO - Processing /opt/airflow/dags/main.py took 0.582 seconds
[2026-01-01T09:25:13.478+0000] {processor.py:161} INFO - Started process (PID=22063) to work on /opt/airflow/dags/main.py
[2026-01-01T09:25:13.481+0000] {processor.py:830} INFO - Processing file /opt/airflow/dags/main.py for tasks to queue
[2026-01-01T09:25:13.483+0000] {logging_mixin.py:188} INFO - [2026-01-01T09:25:13.482+0000] {dagbag.py:545} INFO - Filling up the DagBag from /opt/airflow/dags/main.py
[2026-01-01T09:25:14.089+0000] {processor.py:840} INFO - DAG(s) 'update_db', 'youtube_video_stats' retrieved from /opt/airflow/dags/main.py
[2026-01-01T09:25:14.146+0000] {logging_mixin.py:188} INFO - [2026-01-01T09:25:14.146+0000] {dag.py:3096} INFO - Sync 2 DAGs
[2026-01-01T09:25:14.211+0000] {logging_mixin.py:188} INFO - [2026-01-01T09:25:14.210+0000] {dag.py:3954} INFO - Setting next_dagrun for update_db to 2025-12-31 15:00:00+00:00, run_after=2026-01-01 15:00:00+00:00
[2026-01-01T09:25:14.228+0000] {logging_mixin.py:188} INFO - [2026-01-01T09:25:14.227+0000] {dag.py:3954} INFO - Setting next_dagrun for youtube_video_stats to 2025-12-31 14:00:00+00:00, run_after=2026-01-01 14:00:00+00:00
[2026-01-01T09:25:14.291+0000] {processor.py:183} INFO - Processing /opt/airflow/dags/main.py took 0.833 seconds
[2026-01-01T09:25:44.899+0000] {processor.py:161} INFO - Started process (PID=22070) to work on /opt/airflow/dags/main.py
[2026-01-01T09:25:44.901+0000] {processor.py:830} INFO - Processing file /opt/airflow/dags/main.py for tasks to queue
[2026-01-01T09:25:44.903+0000] {logging_mixin.py:188} INFO - [2026-01-01T09:25:44.902+0000] {dagbag.py:545} INFO - Filling up the DagBag from /opt/airflow/dags/main.py
[2026-01-01T09:25:45.108+0000] {processor.py:840} INFO - DAG(s) 'youtube_video_stats', 'update_db' retrieved from /opt/airflow/dags/main.py
[2026-01-01T09:25:45.148+0000] {logging_mixin.py:188} INFO - [2026-01-01T09:25:45.148+0000] {dag.py:3096} INFO - Sync 2 DAGs
[2026-01-01T09:25:45.179+0000] {logging_mixin.py:188} INFO - [2026-01-01T09:25:45.179+0000] {dag.py:3954} INFO - Setting next_dagrun for update_db to 2025-12-31 15:00:00+00:00, run_after=2026-01-01 15:00:00+00:00
[2026-01-01T09:25:45.186+0000] {logging_mixin.py:188} INFO - [2026-01-01T09:25:45.185+0000] {dag.py:3954} INFO - Setting next_dagrun for youtube_video_stats to 2025-12-31 14:00:00+00:00, run_after=2026-01-01 14:00:00+00:00
[2026-01-01T09:25:45.216+0000] {processor.py:183} INFO - Processing /opt/airflow/dags/main.py took 0.325 seconds
[2026-01-01T09:26:15.486+0000] {processor.py:161} INFO - Started process (PID=22077) to work on /opt/airflow/dags/main.py
[2026-01-01T09:26:15.488+0000] {processor.py:830} INFO - Processing file /opt/airflow/dags/main.py for tasks to queue
[2026-01-01T09:26:15.490+0000] {logging_mixin.py:188} INFO - [2026-01-01T09:26:15.489+0000] {dagbag.py:545} INFO - Filling up the DagBag from /opt/airflow/dags/main.py
[2026-01-01T09:26:15.713+0000] {processor.py:840} INFO - DAG(s) 'youtube_video_stats', 'update_db' retrieved from /opt/airflow/dags/main.py
[2026-01-01T09:26:15.754+0000] {logging_mixin.py:188} INFO - [2026-01-01T09:26:15.754+0000] {dag.py:3096} INFO - Sync 2 DAGs
[2026-01-01T09:26:15.787+0000] {logging_mixin.py:188} INFO - [2026-01-01T09:26:15.787+0000] {dag.py:3954} INFO - Setting next_dagrun for update_db to 2025-12-31 15:00:00+00:00, run_after=2026-01-01 15:00:00+00:00
[2026-01-01T09:26:15.972+0000] {logging_mixin.py:188} INFO - [2026-01-01T09:26:15.972+0000] {dag.py:3954} INFO - Setting next_dagrun for youtube_video_stats to 2025-12-31 14:00:00+00:00, run_after=2026-01-01 14:00:00+00:00
[2026-01-01T09:26:16.002+0000] {processor.py:183} INFO - Processing /opt/airflow/dags/main.py took 0.524 seconds
[2026-01-01T09:26:46.312+0000] {processor.py:161} INFO - Started process (PID=22084) to work on /opt/airflow/dags/main.py
[2026-01-01T09:26:46.315+0000] {processor.py:830} INFO - Processing file /opt/airflow/dags/main.py for tasks to queue
[2026-01-01T09:26:46.316+0000] {logging_mixin.py:188} INFO - [2026-01-01T09:26:46.316+0000] {dagbag.py:545} INFO - Filling up the DagBag from /opt/airflow/dags/main.py
[2026-01-01T09:26:46.477+0000] {processor.py:840} INFO - DAG(s) 'youtube_video_stats', 'update_db' retrieved from /opt/airflow/dags/main.py
[2026-01-01T09:26:46.523+0000] {logging_mixin.py:188} INFO - [2026-01-01T09:26:46.523+0000] {dag.py:3096} INFO - Sync 2 DAGs
[2026-01-01T09:26:46.754+0000] {logging_mixin.py:188} INFO - [2026-01-01T09:26:46.754+0000] {dag.py:3954} INFO - Setting next_dagrun for update_db to 2025-12-31 15:00:00+00:00, run_after=2026-01-01 15:00:00+00:00
[2026-01-01T09:26:46.763+0000] {logging_mixin.py:188} INFO - [2026-01-01T09:26:46.762+0000] {dag.py:3954} INFO - Setting next_dagrun for youtube_video_stats to 2025-12-31 14:00:00+00:00, run_after=2026-01-01 14:00:00+00:00
[2026-01-01T09:26:46.790+0000] {processor.py:183} INFO - Processing /opt/airflow/dags/main.py took 0.487 seconds
[2026-01-01T09:27:16.969+0000] {processor.py:161} INFO - Started process (PID=22091) to work on /opt/airflow/dags/main.py
[2026-01-01T09:27:16.971+0000] {processor.py:830} INFO - Processing file /opt/airflow/dags/main.py for tasks to queue
[2026-01-01T09:27:16.974+0000] {logging_mixin.py:188} INFO - [2026-01-01T09:27:16.973+0000] {dagbag.py:545} INFO - Filling up the DagBag from /opt/airflow/dags/main.py
[2026-01-01T09:27:17.147+0000] {processor.py:840} INFO - DAG(s) 'youtube_video_stats', 'update_db' retrieved from /opt/airflow/dags/main.py
[2026-01-01T09:27:17.197+0000] {logging_mixin.py:188} INFO - [2026-01-01T09:27:17.197+0000] {dag.py:3096} INFO - Sync 2 DAGs
[2026-01-01T09:27:17.427+0000] {logging_mixin.py:188} INFO - [2026-01-01T09:27:17.427+0000] {dag.py:3954} INFO - Setting next_dagrun for update_db to 2025-12-31 15:00:00+00:00, run_after=2026-01-01 15:00:00+00:00
[2026-01-01T09:27:17.433+0000] {logging_mixin.py:188} INFO - [2026-01-01T09:27:17.433+0000] {dag.py:3954} INFO - Setting next_dagrun for youtube_video_stats to 2025-12-31 14:00:00+00:00, run_after=2026-01-01 14:00:00+00:00
[2026-01-01T09:27:17.454+0000] {processor.py:183} INFO - Processing /opt/airflow/dags/main.py took 0.496 seconds
[2026-01-01T09:27:47.826+0000] {processor.py:161} INFO - Started process (PID=22098) to work on /opt/airflow/dags/main.py
[2026-01-01T09:27:47.828+0000] {processor.py:830} INFO - Processing file /opt/airflow/dags/main.py for tasks to queue
[2026-01-01T09:27:47.830+0000] {logging_mixin.py:188} INFO - [2026-01-01T09:27:47.829+0000] {dagbag.py:545} INFO - Filling up the DagBag from /opt/airflow/dags/main.py
[2026-01-01T09:27:48.013+0000] {processor.py:840} INFO - DAG(s) 'youtube_video_stats', 'update_db' retrieved from /opt/airflow/dags/main.py
[2026-01-01T09:27:48.063+0000] {logging_mixin.py:188} INFO - [2026-01-01T09:27:48.063+0000] {dag.py:3096} INFO - Sync 2 DAGs
[2026-01-01T09:27:48.098+0000] {logging_mixin.py:188} INFO - [2026-01-01T09:27:48.098+0000] {dag.py:3954} INFO - Setting next_dagrun for update_db to 2025-12-31 15:00:00+00:00, run_after=2026-01-01 15:00:00+00:00
[2026-01-01T09:27:48.107+0000] {logging_mixin.py:188} INFO - [2026-01-01T09:27:48.107+0000] {dag.py:3954} INFO - Setting next_dagrun for youtube_video_stats to 2025-12-31 14:00:00+00:00, run_after=2026-01-01 14:00:00+00:00
[2026-01-01T09:27:48.130+0000] {processor.py:183} INFO - Processing /opt/airflow/dags/main.py took 0.319 seconds
[2026-01-01T09:28:18.394+0000] {processor.py:161} INFO - Started process (PID=22105) to work on /opt/airflow/dags/main.py
[2026-01-01T09:28:18.397+0000] {processor.py:830} INFO - Processing file /opt/airflow/dags/main.py for tasks to queue
[2026-01-01T09:28:18.399+0000] {logging_mixin.py:188} INFO - [2026-01-01T09:28:18.399+0000] {dagbag.py:545} INFO - Filling up the DagBag from /opt/airflow/dags/main.py
[2026-01-01T09:28:18.598+0000] {processor.py:840} INFO - DAG(s) 'youtube_video_stats', 'update_db' retrieved from /opt/airflow/dags/main.py
[2026-01-01T09:28:18.651+0000] {logging_mixin.py:188} INFO - [2026-01-01T09:28:18.650+0000] {dag.py:3096} INFO - Sync 2 DAGs
[2026-01-01T09:28:18.687+0000] {logging_mixin.py:188} INFO - [2026-01-01T09:28:18.687+0000] {dag.py:3954} INFO - Setting next_dagrun for update_db to 2025-12-31 15:00:00+00:00, run_after=2026-01-01 15:00:00+00:00
[2026-01-01T09:28:18.697+0000] {logging_mixin.py:188} INFO - [2026-01-01T09:28:18.696+0000] {dag.py:3954} INFO - Setting next_dagrun for youtube_video_stats to 2025-12-31 14:00:00+00:00, run_after=2026-01-01 14:00:00+00:00
[2026-01-01T09:28:18.731+0000] {processor.py:183} INFO - Processing /opt/airflow/dags/main.py took 0.350 seconds
[2026-01-01T09:28:49.035+0000] {processor.py:161} INFO - Started process (PID=22112) to work on /opt/airflow/dags/main.py
[2026-01-01T09:28:49.037+0000] {processor.py:830} INFO - Processing file /opt/airflow/dags/main.py for tasks to queue
[2026-01-01T09:28:49.038+0000] {logging_mixin.py:188} INFO - [2026-01-01T09:28:49.038+0000] {dagbag.py:545} INFO - Filling up the DagBag from /opt/airflow/dags/main.py
[2026-01-01T09:28:49.217+0000] {processor.py:840} INFO - DAG(s) 'update_db', 'youtube_video_stats' retrieved from /opt/airflow/dags/main.py
[2026-01-01T09:28:49.263+0000] {logging_mixin.py:188} INFO - [2026-01-01T09:28:49.262+0000] {dag.py:3096} INFO - Sync 2 DAGs
[2026-01-01T09:28:49.295+0000] {logging_mixin.py:188} INFO - [2026-01-01T09:28:49.295+0000] {dag.py:3954} INFO - Setting next_dagrun for update_db to 2025-12-31 15:00:00+00:00, run_after=2026-01-01 15:00:00+00:00
[2026-01-01T09:28:49.305+0000] {logging_mixin.py:188} INFO - [2026-01-01T09:28:49.305+0000] {dag.py:3954} INFO - Setting next_dagrun for youtube_video_stats to 2025-12-31 14:00:00+00:00, run_after=2026-01-01 14:00:00+00:00
[2026-01-01T09:28:49.519+0000] {processor.py:183} INFO - Processing /opt/airflow/dags/main.py took 0.492 seconds
[2026-01-01T09:29:19.825+0000] {processor.py:161} INFO - Started process (PID=22119) to work on /opt/airflow/dags/main.py
[2026-01-01T09:29:19.828+0000] {processor.py:830} INFO - Processing file /opt/airflow/dags/main.py for tasks to queue
[2026-01-01T09:29:19.830+0000] {logging_mixin.py:188} INFO - [2026-01-01T09:29:19.829+0000] {dagbag.py:545} INFO - Filling up the DagBag from /opt/airflow/dags/main.py
[2026-01-01T09:29:20.024+0000] {processor.py:840} INFO - DAG(s) 'update_db', 'youtube_video_stats' retrieved from /opt/airflow/dags/main.py
[2026-01-01T09:29:20.071+0000] {logging_mixin.py:188} INFO - [2026-01-01T09:29:20.070+0000] {dag.py:3096} INFO - Sync 2 DAGs
[2026-01-01T09:29:20.331+0000] {logging_mixin.py:188} INFO - [2026-01-01T09:29:20.330+0000] {dag.py:3954} INFO - Setting next_dagrun for update_db to 2025-12-31 15:00:00+00:00, run_after=2026-01-01 15:00:00+00:00
[2026-01-01T09:29:20.340+0000] {logging_mixin.py:188} INFO - [2026-01-01T09:29:20.339+0000] {dag.py:3954} INFO - Setting next_dagrun for youtube_video_stats to 2025-12-31 14:00:00+00:00, run_after=2026-01-01 14:00:00+00:00
[2026-01-01T09:29:20.378+0000] {processor.py:183} INFO - Processing /opt/airflow/dags/main.py took 0.564 seconds
[2026-01-01T09:29:50.469+0000] {processor.py:161} INFO - Started process (PID=22126) to work on /opt/airflow/dags/main.py
[2026-01-01T09:29:50.471+0000] {processor.py:830} INFO - Processing file /opt/airflow/dags/main.py for tasks to queue
[2026-01-01T09:29:50.473+0000] {logging_mixin.py:188} INFO - [2026-01-01T09:29:50.472+0000] {dagbag.py:545} INFO - Filling up the DagBag from /opt/airflow/dags/main.py
[2026-01-01T09:29:50.650+0000] {processor.py:840} INFO - DAG(s) 'youtube_video_stats', 'update_db' retrieved from /opt/airflow/dags/main.py
[2026-01-01T09:29:50.708+0000] {logging_mixin.py:188} INFO - [2026-01-01T09:29:50.707+0000] {dag.py:3096} INFO - Sync 2 DAGs
[2026-01-01T09:29:50.942+0000] {logging_mixin.py:188} INFO - [2026-01-01T09:29:50.941+0000] {dag.py:3954} INFO - Setting next_dagrun for update_db to 2025-12-31 15:00:00+00:00, run_after=2026-01-01 15:00:00+00:00
[2026-01-01T09:29:50.950+0000] {logging_mixin.py:188} INFO - [2026-01-01T09:29:50.950+0000] {dag.py:3954} INFO - Setting next_dagrun for youtube_video_stats to 2025-12-31 14:00:00+00:00, run_after=2026-01-01 14:00:00+00:00
[2026-01-01T09:29:50.974+0000] {processor.py:183} INFO - Processing /opt/airflow/dags/main.py took 0.516 seconds
[2026-01-01T09:30:21.280+0000] {processor.py:161} INFO - Started process (PID=22133) to work on /opt/airflow/dags/main.py
[2026-01-01T09:30:21.282+0000] {processor.py:830} INFO - Processing file /opt/airflow/dags/main.py for tasks to queue
[2026-01-01T09:30:21.284+0000] {logging_mixin.py:188} INFO - [2026-01-01T09:30:21.284+0000] {dagbag.py:545} INFO - Filling up the DagBag from /opt/airflow/dags/main.py
[2026-01-01T09:30:21.443+0000] {processor.py:840} INFO - DAG(s) 'youtube_video_stats', 'update_db' retrieved from /opt/airflow/dags/main.py
[2026-01-01T09:30:21.649+0000] {logging_mixin.py:188} INFO - [2026-01-01T09:30:21.649+0000] {dag.py:3096} INFO - Sync 2 DAGs
[2026-01-01T09:30:21.677+0000] {logging_mixin.py:188} INFO - [2026-01-01T09:30:21.677+0000] {dag.py:3954} INFO - Setting next_dagrun for update_db to 2025-12-31 15:00:00+00:00, run_after=2026-01-01 15:00:00+00:00
[2026-01-01T09:30:21.684+0000] {logging_mixin.py:188} INFO - [2026-01-01T09:30:21.684+0000] {dag.py:3954} INFO - Setting next_dagrun for youtube_video_stats to 2025-12-31 14:00:00+00:00, run_after=2026-01-01 14:00:00+00:00
[2026-01-01T09:30:21.705+0000] {processor.py:183} INFO - Processing /opt/airflow/dags/main.py took 0.433 seconds
[2026-01-01T09:30:52.034+0000] {processor.py:161} INFO - Started process (PID=22140) to work on /opt/airflow/dags/main.py
[2026-01-01T09:30:52.035+0000] {processor.py:830} INFO - Processing file /opt/airflow/dags/main.py for tasks to queue
[2026-01-01T09:30:52.037+0000] {logging_mixin.py:188} INFO - [2026-01-01T09:30:52.037+0000] {dagbag.py:545} INFO - Filling up the DagBag from /opt/airflow/dags/main.py
[2026-01-01T09:30:52.194+0000] {processor.py:840} INFO - DAG(s) 'update_db', 'youtube_video_stats' retrieved from /opt/airflow/dags/main.py
[2026-01-01T09:30:52.235+0000] {logging_mixin.py:188} INFO - [2026-01-01T09:30:52.235+0000] {dag.py:3096} INFO - Sync 2 DAGs
[2026-01-01T09:30:52.263+0000] {logging_mixin.py:188} INFO - [2026-01-01T09:30:52.263+0000] {dag.py:3954} INFO - Setting next_dagrun for update_db to 2025-12-31 15:00:00+00:00, run_after=2026-01-01 15:00:00+00:00
[2026-01-01T09:30:52.270+0000] {logging_mixin.py:188} INFO - [2026-01-01T09:30:52.269+0000] {dag.py:3954} INFO - Setting next_dagrun for youtube_video_stats to 2025-12-31 14:00:00+00:00, run_after=2026-01-01 14:00:00+00:00
[2026-01-01T09:30:52.293+0000] {processor.py:183} INFO - Processing /opt/airflow/dags/main.py took 0.269 seconds
[2026-01-01T09:31:22.645+0000] {processor.py:161} INFO - Started process (PID=22147) to work on /opt/airflow/dags/main.py
[2026-01-01T09:31:22.648+0000] {processor.py:830} INFO - Processing file /opt/airflow/dags/main.py for tasks to queue
[2026-01-01T09:31:22.649+0000] {logging_mixin.py:188} INFO - [2026-01-01T09:31:22.649+0000] {dagbag.py:545} INFO - Filling up the DagBag from /opt/airflow/dags/main.py
[2026-01-01T09:31:22.891+0000] {processor.py:840} INFO - DAG(s) 'update_db', 'youtube_video_stats' retrieved from /opt/airflow/dags/main.py
[2026-01-01T09:31:22.929+0000] {logging_mixin.py:188} INFO - [2026-01-01T09:31:22.929+0000] {dag.py:3096} INFO - Sync 2 DAGs
[2026-01-01T09:31:22.955+0000] {logging_mixin.py:188} INFO - [2026-01-01T09:31:22.954+0000] {dag.py:3954} INFO - Setting next_dagrun for update_db to 2025-12-31 15:00:00+00:00, run_after=2026-01-01 15:00:00+00:00
[2026-01-01T09:31:22.961+0000] {logging_mixin.py:188} INFO - [2026-01-01T09:31:22.961+0000] {dag.py:3954} INFO - Setting next_dagrun for youtube_video_stats to 2025-12-31 14:00:00+00:00, run_after=2026-01-01 14:00:00+00:00
[2026-01-01T09:31:22.990+0000] {processor.py:183} INFO - Processing /opt/airflow/dags/main.py took 0.353 seconds
[2026-01-01T09:31:53.338+0000] {processor.py:161} INFO - Started process (PID=22154) to work on /opt/airflow/dags/main.py
[2026-01-01T09:31:53.340+0000] {processor.py:830} INFO - Processing file /opt/airflow/dags/main.py for tasks to queue
[2026-01-01T09:31:53.342+0000] {logging_mixin.py:188} INFO - [2026-01-01T09:31:53.342+0000] {dagbag.py:545} INFO - Filling up the DagBag from /opt/airflow/dags/main.py
[2026-01-01T09:31:53.552+0000] {processor.py:840} INFO - DAG(s) 'youtube_video_stats', 'update_db' retrieved from /opt/airflow/dags/main.py
[2026-01-01T09:31:53.597+0000] {logging_mixin.py:188} INFO - [2026-01-01T09:31:53.597+0000] {dag.py:3096} INFO - Sync 2 DAGs
[2026-01-01T09:31:53.627+0000] {logging_mixin.py:188} INFO - [2026-01-01T09:31:53.627+0000] {dag.py:3954} INFO - Setting next_dagrun for update_db to 2025-12-31 15:00:00+00:00, run_after=2026-01-01 15:00:00+00:00
[2026-01-01T09:31:53.815+0000] {logging_mixin.py:188} INFO - [2026-01-01T09:31:53.815+0000] {dag.py:3954} INFO - Setting next_dagrun for youtube_video_stats to 2025-12-31 14:00:00+00:00, run_after=2026-01-01 14:00:00+00:00
[2026-01-01T09:31:53.840+0000] {processor.py:183} INFO - Processing /opt/airflow/dags/main.py took 0.512 seconds
[2026-01-01T09:32:24.232+0000] {processor.py:161} INFO - Started process (PID=22161) to work on /opt/airflow/dags/main.py
[2026-01-01T09:32:24.234+0000] {processor.py:830} INFO - Processing file /opt/airflow/dags/main.py for tasks to queue
[2026-01-01T09:32:24.236+0000] {logging_mixin.py:188} INFO - [2026-01-01T09:32:24.236+0000] {dagbag.py:545} INFO - Filling up the DagBag from /opt/airflow/dags/main.py
[2026-01-01T09:32:24.458+0000] {processor.py:840} INFO - DAG(s) 'youtube_video_stats', 'update_db' retrieved from /opt/airflow/dags/main.py
[2026-01-01T09:32:24.498+0000] {logging_mixin.py:188} INFO - [2026-01-01T09:32:24.498+0000] {dag.py:3096} INFO - Sync 2 DAGs
[2026-01-01T09:32:24.704+0000] {logging_mixin.py:188} INFO - [2026-01-01T09:32:24.704+0000] {dag.py:3954} INFO - Setting next_dagrun for update_db to 2025-12-31 15:00:00+00:00, run_after=2026-01-01 15:00:00+00:00
[2026-01-01T09:32:24.711+0000] {logging_mixin.py:188} INFO - [2026-01-01T09:32:24.711+0000] {dag.py:3954} INFO - Setting next_dagrun for youtube_video_stats to 2025-12-31 14:00:00+00:00, run_after=2026-01-01 14:00:00+00:00
[2026-01-01T09:32:24.734+0000] {processor.py:183} INFO - Processing /opt/airflow/dags/main.py took 0.511 seconds
[2026-01-01T09:32:54.881+0000] {processor.py:161} INFO - Started process (PID=22168) to work on /opt/airflow/dags/main.py
[2026-01-01T09:32:54.883+0000] {processor.py:830} INFO - Processing file /opt/airflow/dags/main.py for tasks to queue
[2026-01-01T09:32:54.885+0000] {logging_mixin.py:188} INFO - [2026-01-01T09:32:54.884+0000] {dagbag.py:545} INFO - Filling up the DagBag from /opt/airflow/dags/main.py
[2026-01-01T09:32:55.099+0000] {processor.py:840} INFO - DAG(s) 'update_db', 'youtube_video_stats' retrieved from /opt/airflow/dags/main.py
[2026-01-01T09:32:55.142+0000] {logging_mixin.py:188} INFO - [2026-01-01T09:32:55.142+0000] {dag.py:3096} INFO - Sync 2 DAGs
[2026-01-01T09:32:55.359+0000] {logging_mixin.py:188} INFO - [2026-01-01T09:32:55.359+0000] {dag.py:3954} INFO - Setting next_dagrun for update_db to 2025-12-31 15:00:00+00:00, run_after=2026-01-01 15:00:00+00:00
[2026-01-01T09:32:55.367+0000] {logging_mixin.py:188} INFO - [2026-01-01T09:32:55.366+0000] {dag.py:3954} INFO - Setting next_dagrun for youtube_video_stats to 2025-12-31 14:00:00+00:00, run_after=2026-01-01 14:00:00+00:00
[2026-01-01T09:32:55.392+0000] {processor.py:183} INFO - Processing /opt/airflow/dags/main.py took 0.519 seconds
[2026-01-01T09:33:25.720+0000] {processor.py:161} INFO - Started process (PID=22175) to work on /opt/airflow/dags/main.py
[2026-01-01T09:33:25.722+0000] {processor.py:830} INFO - Processing file /opt/airflow/dags/main.py for tasks to queue
[2026-01-01T09:33:25.724+0000] {logging_mixin.py:188} INFO - [2026-01-01T09:33:25.723+0000] {dagbag.py:545} INFO - Filling up the DagBag from /opt/airflow/dags/main.py
[2026-01-01T09:33:25.897+0000] {processor.py:840} INFO - DAG(s) 'update_db', 'youtube_video_stats' retrieved from /opt/airflow/dags/main.py
[2026-01-01T09:33:26.154+0000] {logging_mixin.py:188} INFO - [2026-01-01T09:33:26.154+0000] {dag.py:3096} INFO - Sync 2 DAGs
[2026-01-01T09:33:26.183+0000] {logging_mixin.py:188} INFO - [2026-01-01T09:33:26.183+0000] {dag.py:3954} INFO - Setting next_dagrun for update_db to 2025-12-31 15:00:00+00:00, run_after=2026-01-01 15:00:00+00:00
[2026-01-01T09:33:26.190+0000] {logging_mixin.py:188} INFO - [2026-01-01T09:33:26.189+0000] {dag.py:3954} INFO - Setting next_dagrun for youtube_video_stats to 2025-12-31 14:00:00+00:00, run_after=2026-01-01 14:00:00+00:00
[2026-01-01T09:33:26.213+0000] {processor.py:183} INFO - Processing /opt/airflow/dags/main.py took 0.502 seconds
[2026-01-01T09:33:56.563+0000] {processor.py:161} INFO - Started process (PID=22182) to work on /opt/airflow/dags/main.py
[2026-01-01T09:33:56.565+0000] {processor.py:830} INFO - Processing file /opt/airflow/dags/main.py for tasks to queue
[2026-01-01T09:33:56.567+0000] {logging_mixin.py:188} INFO - [2026-01-01T09:33:56.566+0000] {dagbag.py:545} INFO - Filling up the DagBag from /opt/airflow/dags/main.py
[2026-01-01T09:33:56.726+0000] {processor.py:840} INFO - DAG(s) 'youtube_video_stats', 'update_db' retrieved from /opt/airflow/dags/main.py
[2026-01-01T09:33:56.770+0000] {logging_mixin.py:188} INFO - [2026-01-01T09:33:56.770+0000] {dag.py:3096} INFO - Sync 2 DAGs
[2026-01-01T09:33:56.807+0000] {logging_mixin.py:188} INFO - [2026-01-01T09:33:56.807+0000] {dag.py:3954} INFO - Setting next_dagrun for update_db to 2025-12-31 15:00:00+00:00, run_after=2026-01-01 15:00:00+00:00
[2026-01-01T09:33:56.816+0000] {logging_mixin.py:188} INFO - [2026-01-01T09:33:56.816+0000] {dag.py:3954} INFO - Setting next_dagrun for youtube_video_stats to 2025-12-31 14:00:00+00:00, run_after=2026-01-01 14:00:00+00:00
[2026-01-01T09:33:56.842+0000] {processor.py:183} INFO - Processing /opt/airflow/dags/main.py took 0.289 seconds
[2026-01-01T09:34:27.163+0000] {processor.py:161} INFO - Started process (PID=22189) to work on /opt/airflow/dags/main.py
[2026-01-01T09:34:27.165+0000] {processor.py:830} INFO - Processing file /opt/airflow/dags/main.py for tasks to queue
[2026-01-01T09:34:27.168+0000] {logging_mixin.py:188} INFO - [2026-01-01T09:34:27.167+0000] {dagbag.py:545} INFO - Filling up the DagBag from /opt/airflow/dags/main.py
[2026-01-01T09:34:27.345+0000] {processor.py:840} INFO - DAG(s) 'youtube_video_stats', 'update_db' retrieved from /opt/airflow/dags/main.py
[2026-01-01T09:34:27.394+0000] {logging_mixin.py:188} INFO - [2026-01-01T09:34:27.393+0000] {dag.py:3096} INFO - Sync 2 DAGs
[2026-01-01T09:34:27.425+0000] {logging_mixin.py:188} INFO - [2026-01-01T09:34:27.424+0000] {dag.py:3954} INFO - Setting next_dagrun for update_db to 2025-12-31 15:00:00+00:00, run_after=2026-01-01 15:00:00+00:00
[2026-01-01T09:34:27.431+0000] {logging_mixin.py:188} INFO - [2026-01-01T09:34:27.431+0000] {dag.py:3954} INFO - Setting next_dagrun for youtube_video_stats to 2025-12-31 14:00:00+00:00, run_after=2026-01-01 14:00:00+00:00
[2026-01-01T09:34:27.458+0000] {processor.py:183} INFO - Processing /opt/airflow/dags/main.py took 0.304 seconds
[2026-01-01T09:34:57.816+0000] {processor.py:161} INFO - Started process (PID=22196) to work on /opt/airflow/dags/main.py
[2026-01-01T09:34:57.818+0000] {processor.py:830} INFO - Processing file /opt/airflow/dags/main.py for tasks to queue
[2026-01-01T09:34:57.821+0000] {logging_mixin.py:188} INFO - [2026-01-01T09:34:57.820+0000] {dagbag.py:545} INFO - Filling up the DagBag from /opt/airflow/dags/main.py
[2026-01-01T09:34:57.979+0000] {processor.py:840} INFO - DAG(s) 'update_db', 'youtube_video_stats' retrieved from /opt/airflow/dags/main.py
[2026-01-01T09:34:58.018+0000] {logging_mixin.py:188} INFO - [2026-01-01T09:34:58.018+0000] {dag.py:3096} INFO - Sync 2 DAGs
[2026-01-01T09:34:58.047+0000] {logging_mixin.py:188} INFO - [2026-01-01T09:34:58.047+0000] {dag.py:3954} INFO - Setting next_dagrun for update_db to 2025-12-31 15:00:00+00:00, run_after=2026-01-01 15:00:00+00:00
[2026-01-01T09:34:58.229+0000] {logging_mixin.py:188} INFO - [2026-01-01T09:34:58.228+0000] {dag.py:3954} INFO - Setting next_dagrun for youtube_video_stats to 2025-12-31 14:00:00+00:00, run_after=2026-01-01 14:00:00+00:00
[2026-01-01T09:34:58.253+0000] {processor.py:183} INFO - Processing /opt/airflow/dags/main.py took 0.458 seconds
[2026-01-01T09:35:28.343+0000] {processor.py:161} INFO - Started process (PID=22203) to work on /opt/airflow/dags/main.py
[2026-01-01T09:35:28.352+0000] {processor.py:830} INFO - Processing file /opt/airflow/dags/main.py for tasks to queue
[2026-01-01T09:35:28.354+0000] {logging_mixin.py:188} INFO - [2026-01-01T09:35:28.354+0000] {dagbag.py:545} INFO - Filling up the DagBag from /opt/airflow/dags/main.py
[2026-01-01T09:35:28.603+0000] {processor.py:840} INFO - DAG(s) 'youtube_video_stats', 'update_db' retrieved from /opt/airflow/dags/main.py
[2026-01-01T09:35:28.648+0000] {logging_mixin.py:188} INFO - [2026-01-01T09:35:28.648+0000] {dag.py:3096} INFO - Sync 2 DAGs
[2026-01-01T09:35:28.838+0000] {logging_mixin.py:188} INFO - [2026-01-01T09:35:28.838+0000] {dag.py:3954} INFO - Setting next_dagrun for update_db to 2025-12-31 15:00:00+00:00, run_after=2026-01-01 15:00:00+00:00
[2026-01-01T09:35:28.845+0000] {logging_mixin.py:188} INFO - [2026-01-01T09:35:28.845+0000] {dag.py:3954} INFO - Setting next_dagrun for youtube_video_stats to 2025-12-31 14:00:00+00:00, run_after=2026-01-01 14:00:00+00:00
[2026-01-01T09:35:28.882+0000] {processor.py:183} INFO - Processing /opt/airflow/dags/main.py took 0.549 seconds
[2026-01-01T09:35:59.145+0000] {processor.py:161} INFO - Started process (PID=22210) to work on /opt/airflow/dags/main.py
[2026-01-01T09:35:59.147+0000] {processor.py:830} INFO - Processing file /opt/airflow/dags/main.py for tasks to queue
[2026-01-01T09:35:59.149+0000] {logging_mixin.py:188} INFO - [2026-01-01T09:35:59.148+0000] {dagbag.py:545} INFO - Filling up the DagBag from /opt/airflow/dags/main.py
[2026-01-01T09:35:59.301+0000] {processor.py:840} INFO - DAG(s) 'youtube_video_stats', 'update_db' retrieved from /opt/airflow/dags/main.py
[2026-01-01T09:35:59.513+0000] {logging_mixin.py:188} INFO - [2026-01-01T09:35:59.512+0000] {dag.py:3096} INFO - Sync 2 DAGs
[2026-01-01T09:35:59.540+0000] {logging_mixin.py:188} INFO - [2026-01-01T09:35:59.540+0000] {dag.py:3954} INFO - Setting next_dagrun for update_db to 2025-12-31 15:00:00+00:00, run_after=2026-01-01 15:00:00+00:00
[2026-01-01T09:35:59.551+0000] {logging_mixin.py:188} INFO - [2026-01-01T09:35:59.549+0000] {dag.py:3954} INFO - Setting next_dagrun for youtube_video_stats to 2025-12-31 14:00:00+00:00, run_after=2026-01-01 14:00:00+00:00
[2026-01-01T09:35:59.578+0000] {processor.py:183} INFO - Processing /opt/airflow/dags/main.py took 0.441 seconds
[2026-01-01T09:36:29.875+0000] {processor.py:161} INFO - Started process (PID=22217) to work on /opt/airflow/dags/main.py
[2026-01-01T09:36:29.877+0000] {processor.py:830} INFO - Processing file /opt/airflow/dags/main.py for tasks to queue
[2026-01-01T09:36:29.879+0000] {logging_mixin.py:188} INFO - [2026-01-01T09:36:29.878+0000] {dagbag.py:545} INFO - Filling up the DagBag from /opt/airflow/dags/main.py
[2026-01-01T09:36:30.115+0000] {processor.py:840} INFO - DAG(s) 'youtube_video_stats', 'update_db' retrieved from /opt/airflow/dags/main.py
[2026-01-01T09:36:30.304+0000] {logging_mixin.py:188} INFO - [2026-01-01T09:36:30.303+0000] {dag.py:3096} INFO - Sync 2 DAGs
[2026-01-01T09:36:30.326+0000] {logging_mixin.py:188} INFO - [2026-01-01T09:36:30.326+0000] {dag.py:3954} INFO - Setting next_dagrun for update_db to 2025-12-31 15:00:00+00:00, run_after=2026-01-01 15:00:00+00:00
[2026-01-01T09:36:30.332+0000] {logging_mixin.py:188} INFO - [2026-01-01T09:36:30.332+0000] {dag.py:3954} INFO - Setting next_dagrun for youtube_video_stats to 2025-12-31 14:00:00+00:00, run_after=2026-01-01 14:00:00+00:00
[2026-01-01T09:36:30.361+0000] {processor.py:183} INFO - Processing /opt/airflow/dags/main.py took 0.494 seconds
[2026-01-01T09:37:00.720+0000] {processor.py:161} INFO - Started process (PID=22224) to work on /opt/airflow/dags/main.py
[2026-01-01T09:37:00.722+0000] {processor.py:830} INFO - Processing file /opt/airflow/dags/main.py for tasks to queue
[2026-01-01T09:37:00.723+0000] {logging_mixin.py:188} INFO - [2026-01-01T09:37:00.723+0000] {dagbag.py:545} INFO - Filling up the DagBag from /opt/airflow/dags/main.py
[2026-01-01T09:37:00.960+0000] {processor.py:840} INFO - DAG(s) 'update_db', 'youtube_video_stats' retrieved from /opt/airflow/dags/main.py
[2026-01-01T09:37:00.998+0000] {logging_mixin.py:188} INFO - [2026-01-01T09:37:00.998+0000] {dag.py:3096} INFO - Sync 2 DAGs
[2026-01-01T09:37:01.027+0000] {logging_mixin.py:188} INFO - [2026-01-01T09:37:01.027+0000] {dag.py:3954} INFO - Setting next_dagrun for update_db to 2025-12-31 15:00:00+00:00, run_after=2026-01-01 15:00:00+00:00
[2026-01-01T09:37:01.034+0000] {logging_mixin.py:188} INFO - [2026-01-01T09:37:01.034+0000] {dag.py:3954} INFO - Setting next_dagrun for youtube_video_stats to 2025-12-31 14:00:00+00:00, run_after=2026-01-01 14:00:00+00:00
[2026-01-01T09:37:01.064+0000] {processor.py:183} INFO - Processing /opt/airflow/dags/main.py took 0.352 seconds
[2026-01-01T09:37:31.353+0000] {processor.py:161} INFO - Started process (PID=22231) to work on /opt/airflow/dags/main.py
[2026-01-01T09:37:31.356+0000] {processor.py:830} INFO - Processing file /opt/airflow/dags/main.py for tasks to queue
[2026-01-01T09:37:31.359+0000] {logging_mixin.py:188} INFO - [2026-01-01T09:37:31.358+0000] {dagbag.py:545} INFO - Filling up the DagBag from /opt/airflow/dags/main.py
[2026-01-01T09:37:31.529+0000] {processor.py:840} INFO - DAG(s) 'update_db', 'youtube_video_stats' retrieved from /opt/airflow/dags/main.py
[2026-01-01T09:37:31.588+0000] {logging_mixin.py:188} INFO - [2026-01-01T09:37:31.587+0000] {dag.py:3096} INFO - Sync 2 DAGs
[2026-01-01T09:37:31.625+0000] {logging_mixin.py:188} INFO - [2026-01-01T09:37:31.625+0000] {dag.py:3954} INFO - Setting next_dagrun for update_db to 2025-12-31 15:00:00+00:00, run_after=2026-01-01 15:00:00+00:00
[2026-01-01T09:37:31.635+0000] {logging_mixin.py:188} INFO - [2026-01-01T09:37:31.635+0000] {dag.py:3954} INFO - Setting next_dagrun for youtube_video_stats to 2025-12-31 14:00:00+00:00, run_after=2026-01-01 14:00:00+00:00
[2026-01-01T09:37:31.898+0000] {processor.py:183} INFO - Processing /opt/airflow/dags/main.py took 0.560 seconds
[2026-01-01T09:38:02.192+0000] {processor.py:161} INFO - Started process (PID=22238) to work on /opt/airflow/dags/main.py
[2026-01-01T09:38:02.194+0000] {processor.py:830} INFO - Processing file /opt/airflow/dags/main.py for tasks to queue
[2026-01-01T09:38:02.197+0000] {logging_mixin.py:188} INFO - [2026-01-01T09:38:02.196+0000] {dagbag.py:545} INFO - Filling up the DagBag from /opt/airflow/dags/main.py
[2026-01-01T09:38:02.390+0000] {processor.py:840} INFO - DAG(s) 'update_db', 'youtube_video_stats' retrieved from /opt/airflow/dags/main.py
[2026-01-01T09:38:02.447+0000] {logging_mixin.py:188} INFO - [2026-01-01T09:38:02.447+0000] {dag.py:3096} INFO - Sync 2 DAGs
[2026-01-01T09:38:02.721+0000] {logging_mixin.py:188} INFO - [2026-01-01T09:38:02.721+0000] {dag.py:3954} INFO - Setting next_dagrun for update_db to 2025-12-31 15:00:00+00:00, run_after=2026-01-01 15:00:00+00:00
[2026-01-01T09:38:02.730+0000] {logging_mixin.py:188} INFO - [2026-01-01T09:38:02.730+0000] {dag.py:3954} INFO - Setting next_dagrun for youtube_video_stats to 2025-12-31 14:00:00+00:00, run_after=2026-01-01 14:00:00+00:00
[2026-01-01T09:38:02.760+0000] {processor.py:183} INFO - Processing /opt/airflow/dags/main.py took 0.582 seconds
[2026-01-01T09:38:32.842+0000] {processor.py:161} INFO - Started process (PID=22245) to work on /opt/airflow/dags/main.py
[2026-01-01T09:38:32.845+0000] {processor.py:830} INFO - Processing file /opt/airflow/dags/main.py for tasks to queue
[2026-01-01T09:38:32.847+0000] {logging_mixin.py:188} INFO - [2026-01-01T09:38:32.846+0000] {dagbag.py:545} INFO - Filling up the DagBag from /opt/airflow/dags/main.py
[2026-01-01T09:38:33.032+0000] {processor.py:840} INFO - DAG(s) 'update_db', 'youtube_video_stats' retrieved from /opt/airflow/dags/main.py
[2026-01-01T09:38:33.073+0000] {logging_mixin.py:188} INFO - [2026-01-01T09:38:33.072+0000] {dag.py:3096} INFO - Sync 2 DAGs
[2026-01-01T09:38:33.282+0000] {logging_mixin.py:188} INFO - [2026-01-01T09:38:33.281+0000] {dag.py:3954} INFO - Setting next_dagrun for update_db to 2025-12-31 15:00:00+00:00, run_after=2026-01-01 15:00:00+00:00
[2026-01-01T09:38:33.291+0000] {logging_mixin.py:188} INFO - [2026-01-01T09:38:33.290+0000] {dag.py:3954} INFO - Setting next_dagrun for youtube_video_stats to 2025-12-31 14:00:00+00:00, run_after=2026-01-01 14:00:00+00:00
[2026-01-01T09:38:33.323+0000] {processor.py:183} INFO - Processing /opt/airflow/dags/main.py took 0.492 seconds
[2026-01-01T09:39:03.674+0000] {processor.py:161} INFO - Started process (PID=22252) to work on /opt/airflow/dags/main.py
[2026-01-01T09:39:03.676+0000] {processor.py:830} INFO - Processing file /opt/airflow/dags/main.py for tasks to queue
[2026-01-01T09:39:03.678+0000] {logging_mixin.py:188} INFO - [2026-01-01T09:39:03.677+0000] {dagbag.py:545} INFO - Filling up the DagBag from /opt/airflow/dags/main.py
[2026-01-01T09:39:03.917+0000] {processor.py:840} INFO - DAG(s) 'update_db', 'youtube_video_stats' retrieved from /opt/airflow/dags/main.py
[2026-01-01T09:39:04.148+0000] {logging_mixin.py:188} INFO - [2026-01-01T09:39:04.147+0000] {dag.py:3096} INFO - Sync 2 DAGs
[2026-01-01T09:39:04.178+0000] {logging_mixin.py:188} INFO - [2026-01-01T09:39:04.178+0000] {dag.py:3954} INFO - Setting next_dagrun for update_db to 2025-12-31 15:00:00+00:00, run_after=2026-01-01 15:00:00+00:00
[2026-01-01T09:39:04.186+0000] {logging_mixin.py:188} INFO - [2026-01-01T09:39:04.186+0000] {dag.py:3954} INFO - Setting next_dagrun for youtube_video_stats to 2025-12-31 14:00:00+00:00, run_after=2026-01-01 14:00:00+00:00
[2026-01-01T09:39:04.211+0000] {processor.py:183} INFO - Processing /opt/airflow/dags/main.py took 0.547 seconds
[2026-01-01T09:39:34.561+0000] {processor.py:161} INFO - Started process (PID=22259) to work on /opt/airflow/dags/main.py
[2026-01-01T09:39:34.563+0000] {processor.py:830} INFO - Processing file /opt/airflow/dags/main.py for tasks to queue
[2026-01-01T09:39:34.565+0000] {logging_mixin.py:188} INFO - [2026-01-01T09:39:34.565+0000] {dagbag.py:545} INFO - Filling up the DagBag from /opt/airflow/dags/main.py
[2026-01-01T09:39:34.800+0000] {processor.py:840} INFO - DAG(s) 'update_db', 'youtube_video_stats' retrieved from /opt/airflow/dags/main.py
[2026-01-01T09:39:34.839+0000] {logging_mixin.py:188} INFO - [2026-01-01T09:39:34.838+0000] {dag.py:3096} INFO - Sync 2 DAGs
[2026-01-01T09:39:34.864+0000] {logging_mixin.py:188} INFO - [2026-01-01T09:39:34.864+0000] {dag.py:3954} INFO - Setting next_dagrun for update_db to 2025-12-31 15:00:00+00:00, run_after=2026-01-01 15:00:00+00:00
[2026-01-01T09:39:34.873+0000] {logging_mixin.py:188} INFO - [2026-01-01T09:39:34.872+0000] {dag.py:3954} INFO - Setting next_dagrun for youtube_video_stats to 2025-12-31 14:00:00+00:00, run_after=2026-01-01 14:00:00+00:00
[2026-01-01T09:39:34.899+0000] {processor.py:183} INFO - Processing /opt/airflow/dags/main.py took 0.347 seconds
[2026-01-01T09:40:05.194+0000] {processor.py:161} INFO - Started process (PID=22266) to work on /opt/airflow/dags/main.py
[2026-01-01T09:40:05.196+0000] {processor.py:830} INFO - Processing file /opt/airflow/dags/main.py for tasks to queue
[2026-01-01T09:40:05.199+0000] {logging_mixin.py:188} INFO - [2026-01-01T09:40:05.198+0000] {dagbag.py:545} INFO - Filling up the DagBag from /opt/airflow/dags/main.py
[2026-01-01T09:40:05.417+0000] {processor.py:840} INFO - DAG(s) 'youtube_video_stats', 'update_db' retrieved from /opt/airflow/dags/main.py
[2026-01-01T09:40:05.476+0000] {logging_mixin.py:188} INFO - [2026-01-01T09:40:05.475+0000] {dag.py:3096} INFO - Sync 2 DAGs
[2026-01-01T09:40:05.512+0000] {logging_mixin.py:188} INFO - [2026-01-01T09:40:05.511+0000] {dag.py:3954} INFO - Setting next_dagrun for update_db to 2025-12-31 15:00:00+00:00, run_after=2026-01-01 15:00:00+00:00
[2026-01-01T09:40:05.523+0000] {logging_mixin.py:188} INFO - [2026-01-01T09:40:05.522+0000] {dag.py:3954} INFO - Setting next_dagrun for youtube_video_stats to 2025-12-31 14:00:00+00:00, run_after=2026-01-01 14:00:00+00:00
[2026-01-01T09:40:05.551+0000] {processor.py:183} INFO - Processing /opt/airflow/dags/main.py took 0.366 seconds
[2026-01-01T09:40:35.781+0000] {processor.py:161} INFO - Started process (PID=22279) to work on /opt/airflow/dags/main.py
[2026-01-01T09:40:35.785+0000] {processor.py:830} INFO - Processing file /opt/airflow/dags/main.py for tasks to queue
[2026-01-01T09:40:35.787+0000] {logging_mixin.py:188} INFO - [2026-01-01T09:40:35.787+0000] {dagbag.py:545} INFO - Filling up the DagBag from /opt/airflow/dags/main.py
[2026-01-01T09:40:35.951+0000] {processor.py:840} INFO - DAG(s) 'youtube_video_stats', 'update_db' retrieved from /opt/airflow/dags/main.py
[2026-01-01T09:40:35.988+0000] {logging_mixin.py:188} INFO - [2026-01-01T09:40:35.988+0000] {dag.py:3096} INFO - Sync 2 DAGs
[2026-01-01T09:40:36.014+0000] {logging_mixin.py:188} INFO - [2026-01-01T09:40:36.014+0000] {dag.py:3954} INFO - Setting next_dagrun for update_db to 2025-12-31 15:00:00+00:00, run_after=2026-01-01 15:00:00+00:00
[2026-01-01T09:40:36.210+0000] {logging_mixin.py:188} INFO - [2026-01-01T09:40:36.210+0000] {dag.py:3954} INFO - Setting next_dagrun for youtube_video_stats to 2025-12-31 14:00:00+00:00, run_after=2026-01-01 14:00:00+00:00
[2026-01-01T09:40:36.236+0000] {processor.py:183} INFO - Processing /opt/airflow/dags/main.py took 0.467 seconds
[2026-01-01T09:41:06.590+0000] {processor.py:161} INFO - Started process (PID=22286) to work on /opt/airflow/dags/main.py
[2026-01-01T09:41:06.591+0000] {processor.py:830} INFO - Processing file /opt/airflow/dags/main.py for tasks to queue
[2026-01-01T09:41:06.593+0000] {logging_mixin.py:188} INFO - [2026-01-01T09:41:06.593+0000] {dagbag.py:545} INFO - Filling up the DagBag from /opt/airflow/dags/main.py
[2026-01-01T09:41:06.833+0000] {processor.py:840} INFO - DAG(s) 'update_db', 'youtube_video_stats' retrieved from /opt/airflow/dags/main.py
[2026-01-01T09:41:06.871+0000] {logging_mixin.py:188} INFO - [2026-01-01T09:41:06.870+0000] {dag.py:3096} INFO - Sync 2 DAGs
[2026-01-01T09:41:07.067+0000] {logging_mixin.py:188} INFO - [2026-01-01T09:41:07.067+0000] {dag.py:3954} INFO - Setting next_dagrun for update_db to 2025-12-31 15:00:00+00:00, run_after=2026-01-01 15:00:00+00:00
[2026-01-01T09:41:07.074+0000] {logging_mixin.py:188} INFO - [2026-01-01T09:41:07.074+0000] {dag.py:3954} INFO - Setting next_dagrun for youtube_video_stats to 2025-12-31 14:00:00+00:00, run_after=2026-01-01 14:00:00+00:00
[2026-01-01T09:41:07.100+0000] {processor.py:183} INFO - Processing /opt/airflow/dags/main.py took 0.520 seconds
[2026-01-01T09:41:37.374+0000] {processor.py:161} INFO - Started process (PID=22293) to work on /opt/airflow/dags/main.py
[2026-01-01T09:41:37.376+0000] {processor.py:830} INFO - Processing file /opt/airflow/dags/main.py for tasks to queue
[2026-01-01T09:41:37.378+0000] {logging_mixin.py:188} INFO - [2026-01-01T09:41:37.377+0000] {dagbag.py:545} INFO - Filling up the DagBag from /opt/airflow/dags/main.py
[2026-01-01T09:41:37.548+0000] {processor.py:840} INFO - DAG(s) 'youtube_video_stats', 'update_db' retrieved from /opt/airflow/dags/main.py
[2026-01-01T09:41:37.596+0000] {logging_mixin.py:188} INFO - [2026-01-01T09:41:37.595+0000] {dag.py:3096} INFO - Sync 2 DAGs
[2026-01-01T09:41:37.810+0000] {logging_mixin.py:188} INFO - [2026-01-01T09:41:37.810+0000] {dag.py:3954} INFO - Setting next_dagrun for update_db to 2025-12-31 15:00:00+00:00, run_after=2026-01-01 15:00:00+00:00
[2026-01-01T09:41:37.820+0000] {logging_mixin.py:188} INFO - [2026-01-01T09:41:37.819+0000] {dag.py:3954} INFO - Setting next_dagrun for youtube_video_stats to 2025-12-31 14:00:00+00:00, run_after=2026-01-01 14:00:00+00:00
[2026-01-01T09:41:37.848+0000] {processor.py:183} INFO - Processing /opt/airflow/dags/main.py took 0.484 seconds
[2026-01-01T09:42:08.200+0000] {processor.py:161} INFO - Started process (PID=22300) to work on /opt/airflow/dags/main.py
[2026-01-01T09:42:08.202+0000] {processor.py:830} INFO - Processing file /opt/airflow/dags/main.py for tasks to queue
[2026-01-01T09:42:08.204+0000] {logging_mixin.py:188} INFO - [2026-01-01T09:42:08.204+0000] {dagbag.py:545} INFO - Filling up the DagBag from /opt/airflow/dags/main.py
[2026-01-01T09:42:08.368+0000] {processor.py:840} INFO - DAG(s) 'youtube_video_stats', 'update_db' retrieved from /opt/airflow/dags/main.py
[2026-01-01T09:42:08.586+0000] {logging_mixin.py:188} INFO - [2026-01-01T09:42:08.586+0000] {dag.py:3096} INFO - Sync 2 DAGs
[2026-01-01T09:42:08.611+0000] {logging_mixin.py:188} INFO - [2026-01-01T09:42:08.611+0000] {dag.py:3954} INFO - Setting next_dagrun for update_db to 2025-12-31 15:00:00+00:00, run_after=2026-01-01 15:00:00+00:00
[2026-01-01T09:42:08.617+0000] {logging_mixin.py:188} INFO - [2026-01-01T09:42:08.617+0000] {dag.py:3954} INFO - Setting next_dagrun for youtube_video_stats to 2025-12-31 14:00:00+00:00, run_after=2026-01-01 14:00:00+00:00
[2026-01-01T09:42:08.645+0000] {processor.py:183} INFO - Processing /opt/airflow/dags/main.py took 0.456 seconds
[2026-01-01T09:42:38.978+0000] {processor.py:161} INFO - Started process (PID=22307) to work on /opt/airflow/dags/main.py
[2026-01-01T09:42:38.979+0000] {processor.py:830} INFO - Processing file /opt/airflow/dags/main.py for tasks to queue
[2026-01-01T09:42:38.981+0000] {logging_mixin.py:188} INFO - [2026-01-01T09:42:38.981+0000] {dagbag.py:545} INFO - Filling up the DagBag from /opt/airflow/dags/main.py
[2026-01-01T09:42:39.175+0000] {processor.py:840} INFO - DAG(s) 'update_db', 'youtube_video_stats' retrieved from /opt/airflow/dags/main.py
[2026-01-01T09:42:39.217+0000] {logging_mixin.py:188} INFO - [2026-01-01T09:42:39.217+0000] {dag.py:3096} INFO - Sync 2 DAGs
[2026-01-01T09:42:39.244+0000] {logging_mixin.py:188} INFO - [2026-01-01T09:42:39.244+0000] {dag.py:3954} INFO - Setting next_dagrun for update_db to 2025-12-31 15:00:00+00:00, run_after=2026-01-01 15:00:00+00:00
[2026-01-01T09:42:39.250+0000] {logging_mixin.py:188} INFO - [2026-01-01T09:42:39.250+0000] {dag.py:3954} INFO - Setting next_dagrun for youtube_video_stats to 2025-12-31 14:00:00+00:00, run_after=2026-01-01 14:00:00+00:00
[2026-01-01T09:42:39.275+0000] {processor.py:183} INFO - Processing /opt/airflow/dags/main.py took 0.306 seconds
[2026-01-01T09:43:09.568+0000] {processor.py:161} INFO - Started process (PID=22314) to work on /opt/airflow/dags/main.py
[2026-01-01T09:43:09.570+0000] {processor.py:830} INFO - Processing file /opt/airflow/dags/main.py for tasks to queue
[2026-01-01T09:43:09.572+0000] {logging_mixin.py:188} INFO - [2026-01-01T09:43:09.571+0000] {dagbag.py:545} INFO - Filling up the DagBag from /opt/airflow/dags/main.py
[2026-01-01T09:43:09.736+0000] {processor.py:840} INFO - DAG(s) 'youtube_video_stats', 'update_db' retrieved from /opt/airflow/dags/main.py
[2026-01-01T09:43:09.775+0000] {logging_mixin.py:188} INFO - [2026-01-01T09:43:09.775+0000] {dag.py:3096} INFO - Sync 2 DAGs
[2026-01-01T09:43:09.804+0000] {logging_mixin.py:188} INFO - [2026-01-01T09:43:09.804+0000] {dag.py:3954} INFO - Setting next_dagrun for update_db to 2025-12-31 15:00:00+00:00, run_after=2026-01-01 15:00:00+00:00
[2026-01-01T09:43:09.813+0000] {logging_mixin.py:188} INFO - [2026-01-01T09:43:09.813+0000] {dag.py:3954} INFO - Setting next_dagrun for youtube_video_stats to 2025-12-31 14:00:00+00:00, run_after=2026-01-01 14:00:00+00:00
[2026-01-01T09:43:10.012+0000] {processor.py:183} INFO - Processing /opt/airflow/dags/main.py took 0.454 seconds
[2026-01-01T09:43:40.327+0000] {processor.py:161} INFO - Started process (PID=22321) to work on /opt/airflow/dags/main.py
[2026-01-01T09:43:40.329+0000] {processor.py:830} INFO - Processing file /opt/airflow/dags/main.py for tasks to queue
[2026-01-01T09:43:40.332+0000] {logging_mixin.py:188} INFO - [2026-01-01T09:43:40.331+0000] {dagbag.py:545} INFO - Filling up the DagBag from /opt/airflow/dags/main.py
[2026-01-01T09:43:40.522+0000] {processor.py:840} INFO - DAG(s) 'youtube_video_stats', 'update_db' retrieved from /opt/airflow/dags/main.py
[2026-01-01T09:43:40.568+0000] {logging_mixin.py:188} INFO - [2026-01-01T09:43:40.567+0000] {dag.py:3096} INFO - Sync 2 DAGs
[2026-01-01T09:43:40.836+0000] {logging_mixin.py:188} INFO - [2026-01-01T09:43:40.836+0000] {dag.py:3954} INFO - Setting next_dagrun for update_db to 2025-12-31 15:00:00+00:00, run_after=2026-01-01 15:00:00+00:00
[2026-01-01T09:43:40.846+0000] {logging_mixin.py:188} INFO - [2026-01-01T09:43:40.846+0000] {dag.py:3954} INFO - Setting next_dagrun for youtube_video_stats to 2025-12-31 14:00:00+00:00, run_after=2026-01-01 14:00:00+00:00
[2026-01-01T09:43:40.877+0000] {processor.py:183} INFO - Processing /opt/airflow/dags/main.py took 0.561 seconds
[2026-01-01T09:44:11.070+0000] {processor.py:161} INFO - Started process (PID=22328) to work on /opt/airflow/dags/main.py
[2026-01-01T09:44:11.072+0000] {processor.py:830} INFO - Processing file /opt/airflow/dags/main.py for tasks to queue
[2026-01-01T09:44:11.074+0000] {logging_mixin.py:188} INFO - [2026-01-01T09:44:11.074+0000] {dagbag.py:545} INFO - Filling up the DagBag from /opt/airflow/dags/main.py
[2026-01-01T09:44:11.276+0000] {processor.py:840} INFO - DAG(s) 'update_db', 'youtube_video_stats' retrieved from /opt/airflow/dags/main.py
[2026-01-01T09:44:11.323+0000] {logging_mixin.py:188} INFO - [2026-01-01T09:44:11.322+0000] {dag.py:3096} INFO - Sync 2 DAGs
[2026-01-01T09:44:11.531+0000] {logging_mixin.py:188} INFO - [2026-01-01T09:44:11.531+0000] {dag.py:3954} INFO - Setting next_dagrun for update_db to 2025-12-31 15:00:00+00:00, run_after=2026-01-01 15:00:00+00:00
[2026-01-01T09:44:11.540+0000] {logging_mixin.py:188} INFO - [2026-01-01T09:44:11.540+0000] {dag.py:3954} INFO - Setting next_dagrun for youtube_video_stats to 2025-12-31 14:00:00+00:00, run_after=2026-01-01 14:00:00+00:00
[2026-01-01T09:44:11.568+0000] {processor.py:183} INFO - Processing /opt/airflow/dags/main.py took 0.506 seconds
[2026-01-01T09:44:41.885+0000] {processor.py:161} INFO - Started process (PID=22335) to work on /opt/airflow/dags/main.py
[2026-01-01T09:44:41.887+0000] {processor.py:830} INFO - Processing file /opt/airflow/dags/main.py for tasks to queue
[2026-01-01T09:44:41.889+0000] {logging_mixin.py:188} INFO - [2026-01-01T09:44:41.889+0000] {dagbag.py:545} INFO - Filling up the DagBag from /opt/airflow/dags/main.py
[2026-01-01T09:44:42.079+0000] {processor.py:840} INFO - DAG(s) 'update_db', 'youtube_video_stats' retrieved from /opt/airflow/dags/main.py
[2026-01-01T09:44:42.294+0000] {logging_mixin.py:188} INFO - [2026-01-01T09:44:42.294+0000] {dag.py:3096} INFO - Sync 2 DAGs
[2026-01-01T09:44:42.328+0000] {logging_mixin.py:188} INFO - [2026-01-01T09:44:42.327+0000] {dag.py:3954} INFO - Setting next_dagrun for update_db to 2025-12-31 15:00:00+00:00, run_after=2026-01-01 15:00:00+00:00
[2026-01-01T09:44:42.337+0000] {logging_mixin.py:188} INFO - [2026-01-01T09:44:42.337+0000] {dag.py:3954} INFO - Setting next_dagrun for youtube_video_stats to 2025-12-31 14:00:00+00:00, run_after=2026-01-01 14:00:00+00:00
[2026-01-01T09:44:42.363+0000] {processor.py:183} INFO - Processing /opt/airflow/dags/main.py took 0.486 seconds
[2026-01-01T09:45:12.798+0000] {processor.py:161} INFO - Started process (PID=22342) to work on /opt/airflow/dags/main.py
[2026-01-01T09:45:12.813+0000] {processor.py:830} INFO - Processing file /opt/airflow/dags/main.py for tasks to queue
[2026-01-01T09:45:12.830+0000] {logging_mixin.py:188} INFO - [2026-01-01T09:45:12.830+0000] {dagbag.py:545} INFO - Filling up the DagBag from /opt/airflow/dags/main.py
[2026-01-01T09:45:13.532+0000] {processor.py:840} INFO - DAG(s) 'update_db', 'youtube_video_stats' retrieved from /opt/airflow/dags/main.py
[2026-01-01T09:45:14.223+0000] {logging_mixin.py:188} INFO - [2026-01-01T09:45:14.222+0000] {dag.py:3096} INFO - Sync 2 DAGs
[2026-01-01T09:45:14.283+0000] {logging_mixin.py:188} INFO - [2026-01-01T09:45:14.283+0000] {dag.py:3954} INFO - Setting next_dagrun for update_db to 2025-12-31 15:00:00+00:00, run_after=2026-01-01 15:00:00+00:00
[2026-01-01T09:45:14.307+0000] {logging_mixin.py:188} INFO - [2026-01-01T09:45:14.307+0000] {dag.py:3954} INFO - Setting next_dagrun for youtube_video_stats to 2025-12-31 14:00:00+00:00, run_after=2026-01-01 14:00:00+00:00
[2026-01-01T09:45:14.377+0000] {processor.py:183} INFO - Processing /opt/airflow/dags/main.py took 1.600 seconds
[2026-01-01T09:45:45.026+0000] {processor.py:161} INFO - Started process (PID=22349) to work on /opt/airflow/dags/main.py
[2026-01-01T09:45:45.029+0000] {processor.py:830} INFO - Processing file /opt/airflow/dags/main.py for tasks to queue
[2026-01-01T09:45:45.035+0000] {logging_mixin.py:188} INFO - [2026-01-01T09:45:45.034+0000] {dagbag.py:545} INFO - Filling up the DagBag from /opt/airflow/dags/main.py
[2026-01-01T09:45:45.252+0000] {processor.py:840} INFO - DAG(s) 'youtube_video_stats', 'update_db' retrieved from /opt/airflow/dags/main.py
[2026-01-01T09:45:45.306+0000] {logging_mixin.py:188} INFO - [2026-01-01T09:45:45.305+0000] {dag.py:3096} INFO - Sync 2 DAGs
[2026-01-01T09:45:45.344+0000] {logging_mixin.py:188} INFO - [2026-01-01T09:45:45.344+0000] {dag.py:3954} INFO - Setting next_dagrun for update_db to 2025-12-31 15:00:00+00:00, run_after=2026-01-01 15:00:00+00:00
[2026-01-01T09:45:45.353+0000] {logging_mixin.py:188} INFO - [2026-01-01T09:45:45.353+0000] {dag.py:3954} INFO - Setting next_dagrun for youtube_video_stats to 2025-12-31 14:00:00+00:00, run_after=2026-01-01 14:00:00+00:00
[2026-01-01T09:45:45.393+0000] {processor.py:183} INFO - Processing /opt/airflow/dags/main.py took 0.392 seconds
[2026-01-01T09:46:15.638+0000] {processor.py:161} INFO - Started process (PID=22356) to work on /opt/airflow/dags/main.py
[2026-01-01T09:46:15.640+0000] {processor.py:830} INFO - Processing file /opt/airflow/dags/main.py for tasks to queue
[2026-01-01T09:46:15.641+0000] {logging_mixin.py:188} INFO - [2026-01-01T09:46:15.641+0000] {dagbag.py:545} INFO - Filling up the DagBag from /opt/airflow/dags/main.py
[2026-01-01T09:46:15.863+0000] {processor.py:840} INFO - DAG(s) 'youtube_video_stats', 'update_db' retrieved from /opt/airflow/dags/main.py
[2026-01-01T09:46:15.901+0000] {logging_mixin.py:188} INFO - [2026-01-01T09:46:15.901+0000] {dag.py:3096} INFO - Sync 2 DAGs
[2026-01-01T09:46:15.928+0000] {logging_mixin.py:188} INFO - [2026-01-01T09:46:15.927+0000] {dag.py:3954} INFO - Setting next_dagrun for update_db to 2025-12-31 15:00:00+00:00, run_after=2026-01-01 15:00:00+00:00
[2026-01-01T09:46:16.110+0000] {logging_mixin.py:188} INFO - [2026-01-01T09:46:16.110+0000] {dag.py:3954} INFO - Setting next_dagrun for youtube_video_stats to 2025-12-31 14:00:00+00:00, run_after=2026-01-01 14:00:00+00:00
[2026-01-01T09:46:16.137+0000] {processor.py:183} INFO - Processing /opt/airflow/dags/main.py took 0.508 seconds
[2026-01-01T09:46:46.454+0000] {processor.py:161} INFO - Started process (PID=22364) to work on /opt/airflow/dags/main.py
[2026-01-01T09:46:46.456+0000] {processor.py:830} INFO - Processing file /opt/airflow/dags/main.py for tasks to queue
[2026-01-01T09:46:46.458+0000] {logging_mixin.py:188} INFO - [2026-01-01T09:46:46.457+0000] {dagbag.py:545} INFO - Filling up the DagBag from /opt/airflow/dags/main.py
[2026-01-01T09:46:46.640+0000] {processor.py:840} INFO - DAG(s) 'youtube_video_stats', 'update_db' retrieved from /opt/airflow/dags/main.py
[2026-01-01T09:46:46.685+0000] {logging_mixin.py:188} INFO - [2026-01-01T09:46:46.684+0000] {dag.py:3096} INFO - Sync 2 DAGs
[2026-01-01T09:46:46.934+0000] {logging_mixin.py:188} INFO - [2026-01-01T09:46:46.933+0000] {dag.py:3954} INFO - Setting next_dagrun for update_db to 2025-12-31 15:00:00+00:00, run_after=2026-01-01 15:00:00+00:00
[2026-01-01T09:46:46.942+0000] {logging_mixin.py:188} INFO - [2026-01-01T09:46:46.942+0000] {dag.py:3954} INFO - Setting next_dagrun for youtube_video_stats to 2025-12-31 14:00:00+00:00, run_after=2026-01-01 14:00:00+00:00
[2026-01-01T09:46:46.967+0000] {processor.py:183} INFO - Processing /opt/airflow/dags/main.py took 0.522 seconds
[2026-01-01T09:47:17.128+0000] {processor.py:161} INFO - Started process (PID=22371) to work on /opt/airflow/dags/main.py
[2026-01-01T09:47:17.130+0000] {processor.py:830} INFO - Processing file /opt/airflow/dags/main.py for tasks to queue
[2026-01-01T09:47:17.132+0000] {logging_mixin.py:188} INFO - [2026-01-01T09:47:17.131+0000] {dagbag.py:545} INFO - Filling up the DagBag from /opt/airflow/dags/main.py
[2026-01-01T09:47:17.309+0000] {processor.py:840} INFO - DAG(s) 'update_db', 'youtube_video_stats' retrieved from /opt/airflow/dags/main.py
[2026-01-01T09:47:17.350+0000] {logging_mixin.py:188} INFO - [2026-01-01T09:47:17.350+0000] {dag.py:3096} INFO - Sync 2 DAGs
[2026-01-01T09:47:17.559+0000] {logging_mixin.py:188} INFO - [2026-01-01T09:47:17.559+0000] {dag.py:3954} INFO - Setting next_dagrun for update_db to 2025-12-31 15:00:00+00:00, run_after=2026-01-01 15:00:00+00:00
[2026-01-01T09:47:17.566+0000] {logging_mixin.py:188} INFO - [2026-01-01T09:47:17.566+0000] {dag.py:3954} INFO - Setting next_dagrun for youtube_video_stats to 2025-12-31 14:00:00+00:00, run_after=2026-01-01 14:00:00+00:00
[2026-01-01T09:47:17.590+0000] {processor.py:183} INFO - Processing /opt/airflow/dags/main.py took 0.470 seconds
[2026-01-01T09:47:47.876+0000] {processor.py:161} INFO - Started process (PID=22378) to work on /opt/airflow/dags/main.py
[2026-01-01T09:47:47.878+0000] {processor.py:830} INFO - Processing file /opt/airflow/dags/main.py for tasks to queue
[2026-01-01T09:47:47.880+0000] {logging_mixin.py:188} INFO - [2026-01-01T09:47:47.880+0000] {dagbag.py:545} INFO - Filling up the DagBag from /opt/airflow/dags/main.py
[2026-01-01T09:47:48.076+0000] {processor.py:840} INFO - DAG(s) 'youtube_video_stats', 'update_db' retrieved from /opt/airflow/dags/main.py
[2026-01-01T09:47:48.301+0000] {logging_mixin.py:188} INFO - [2026-01-01T09:47:48.301+0000] {dag.py:3096} INFO - Sync 2 DAGs
[2026-01-01T09:47:48.328+0000] {logging_mixin.py:188} INFO - [2026-01-01T09:47:48.328+0000] {dag.py:3954} INFO - Setting next_dagrun for update_db to 2025-12-31 15:00:00+00:00, run_after=2026-01-01 15:00:00+00:00
[2026-01-01T09:47:48.335+0000] {logging_mixin.py:188} INFO - [2026-01-01T09:47:48.335+0000] {dag.py:3954} INFO - Setting next_dagrun for youtube_video_stats to 2025-12-31 14:00:00+00:00, run_after=2026-01-01 14:00:00+00:00
[2026-01-01T09:47:48.362+0000] {processor.py:183} INFO - Processing /opt/airflow/dags/main.py took 0.505 seconds
[2026-01-01T09:48:18.657+0000] {processor.py:161} INFO - Started process (PID=22385) to work on /opt/airflow/dags/main.py
[2026-01-01T09:48:18.659+0000] {processor.py:830} INFO - Processing file /opt/airflow/dags/main.py for tasks to queue
[2026-01-01T09:48:18.660+0000] {logging_mixin.py:188} INFO - [2026-01-01T09:48:18.660+0000] {dagbag.py:545} INFO - Filling up the DagBag from /opt/airflow/dags/main.py
[2026-01-01T09:48:18.839+0000] {processor.py:840} INFO - DAG(s) 'update_db', 'youtube_video_stats' retrieved from /opt/airflow/dags/main.py
[2026-01-01T09:48:19.058+0000] {logging_mixin.py:188} INFO - [2026-01-01T09:48:19.058+0000] {dag.py:3096} INFO - Sync 2 DAGs
[2026-01-01T09:48:19.084+0000] {logging_mixin.py:188} INFO - [2026-01-01T09:48:19.084+0000] {dag.py:3954} INFO - Setting next_dagrun for update_db to 2025-12-31 15:00:00+00:00, run_after=2026-01-01 15:00:00+00:00
[2026-01-01T09:48:19.092+0000] {logging_mixin.py:188} INFO - [2026-01-01T09:48:19.091+0000] {dag.py:3954} INFO - Setting next_dagrun for youtube_video_stats to 2025-12-31 14:00:00+00:00, run_after=2026-01-01 14:00:00+00:00
[2026-01-01T09:48:19.116+0000] {processor.py:183} INFO - Processing /opt/airflow/dags/main.py took 0.467 seconds
[2026-01-01T09:48:49.342+0000] {processor.py:161} INFO - Started process (PID=22393) to work on /opt/airflow/dags/main.py
[2026-01-01T09:48:49.344+0000] {processor.py:830} INFO - Processing file /opt/airflow/dags/main.py for tasks to queue
[2026-01-01T09:48:49.345+0000] {logging_mixin.py:188} INFO - [2026-01-01T09:48:49.345+0000] {dagbag.py:545} INFO - Filling up the DagBag from /opt/airflow/dags/main.py
[2026-01-01T09:48:49.531+0000] {processor.py:840} INFO - DAG(s) 'update_db', 'youtube_video_stats' retrieved from /opt/airflow/dags/main.py
[2026-01-01T09:48:49.570+0000] {logging_mixin.py:188} INFO - [2026-01-01T09:48:49.570+0000] {dag.py:3096} INFO - Sync 2 DAGs
[2026-01-01T09:48:49.602+0000] {logging_mixin.py:188} INFO - [2026-01-01T09:48:49.601+0000] {dag.py:3954} INFO - Setting next_dagrun for update_db to 2025-12-31 15:00:00+00:00, run_after=2026-01-01 15:00:00+00:00
[2026-01-01T09:48:49.608+0000] {logging_mixin.py:188} INFO - [2026-01-01T09:48:49.608+0000] {dag.py:3954} INFO - Setting next_dagrun for youtube_video_stats to 2025-12-31 14:00:00+00:00, run_after=2026-01-01 14:00:00+00:00
[2026-01-01T09:48:49.637+0000] {processor.py:183} INFO - Processing /opt/airflow/dags/main.py took 0.303 seconds
[2026-01-01T09:49:19.872+0000] {processor.py:161} INFO - Started process (PID=22400) to work on /opt/airflow/dags/main.py
[2026-01-01T09:49:19.874+0000] {processor.py:830} INFO - Processing file /opt/airflow/dags/main.py for tasks to queue
[2026-01-01T09:49:19.876+0000] {logging_mixin.py:188} INFO - [2026-01-01T09:49:19.875+0000] {dagbag.py:545} INFO - Filling up the DagBag from /opt/airflow/dags/main.py
[2026-01-01T09:49:20.045+0000] {processor.py:840} INFO - DAG(s) 'youtube_video_stats', 'update_db' retrieved from /opt/airflow/dags/main.py
[2026-01-01T09:49:20.088+0000] {logging_mixin.py:188} INFO - [2026-01-01T09:49:20.088+0000] {dag.py:3096} INFO - Sync 2 DAGs
[2026-01-01T09:49:20.123+0000] {logging_mixin.py:188} INFO - [2026-01-01T09:49:20.123+0000] {dag.py:3954} INFO - Setting next_dagrun for update_db to 2025-12-31 15:00:00+00:00, run_after=2026-01-01 15:00:00+00:00
[2026-01-01T09:49:20.324+0000] {logging_mixin.py:188} INFO - [2026-01-01T09:49:20.323+0000] {dag.py:3954} INFO - Setting next_dagrun for youtube_video_stats to 2025-12-31 14:00:00+00:00, run_after=2026-01-01 14:00:00+00:00
[2026-01-01T09:49:20.352+0000] {processor.py:183} INFO - Processing /opt/airflow/dags/main.py took 0.503 seconds
[2026-01-01T09:49:50.678+0000] {processor.py:161} INFO - Started process (PID=22407) to work on /opt/airflow/dags/main.py
[2026-01-01T09:49:50.680+0000] {processor.py:830} INFO - Processing file /opt/airflow/dags/main.py for tasks to queue
[2026-01-01T09:49:50.682+0000] {logging_mixin.py:188} INFO - [2026-01-01T09:49:50.681+0000] {dagbag.py:545} INFO - Filling up the DagBag from /opt/airflow/dags/main.py
[2026-01-01T09:49:50.922+0000] {processor.py:840} INFO - DAG(s) 'update_db', 'youtube_video_stats' retrieved from /opt/airflow/dags/main.py
[2026-01-01T09:49:50.962+0000] {logging_mixin.py:188} INFO - [2026-01-01T09:49:50.962+0000] {dag.py:3096} INFO - Sync 2 DAGs
[2026-01-01T09:49:51.156+0000] {logging_mixin.py:188} INFO - [2026-01-01T09:49:51.156+0000] {dag.py:3954} INFO - Setting next_dagrun for update_db to 2025-12-31 15:00:00+00:00, run_after=2026-01-01 15:00:00+00:00
[2026-01-01T09:49:51.163+0000] {logging_mixin.py:188} INFO - [2026-01-01T09:49:51.162+0000] {dag.py:3954} INFO - Setting next_dagrun for youtube_video_stats to 2025-12-31 14:00:00+00:00, run_after=2026-01-01 14:00:00+00:00
[2026-01-01T09:49:51.190+0000] {processor.py:183} INFO - Processing /opt/airflow/dags/main.py took 0.522 seconds
[2026-01-01T09:50:21.803+0000] {processor.py:161} INFO - Started process (PID=22414) to work on /opt/airflow/dags/main.py
[2026-01-01T09:50:21.805+0000] {processor.py:830} INFO - Processing file /opt/airflow/dags/main.py for tasks to queue
[2026-01-01T09:50:21.807+0000] {logging_mixin.py:188} INFO - [2026-01-01T09:50:21.807+0000] {dagbag.py:545} INFO - Filling up the DagBag from /opt/airflow/dags/main.py
[2026-01-01T09:50:22.037+0000] {processor.py:840} INFO - DAG(s) 'update_db', 'youtube_video_stats' retrieved from /opt/airflow/dags/main.py
[2026-01-01T09:50:22.233+0000] {logging_mixin.py:188} INFO - [2026-01-01T09:50:22.233+0000] {dag.py:3096} INFO - Sync 2 DAGs
[2026-01-01T09:50:22.256+0000] {logging_mixin.py:188} INFO - [2026-01-01T09:50:22.256+0000] {dag.py:3954} INFO - Setting next_dagrun for update_db to 2025-12-31 15:00:00+00:00, run_after=2026-01-01 15:00:00+00:00
[2026-01-01T09:50:22.263+0000] {logging_mixin.py:188} INFO - [2026-01-01T09:50:22.263+0000] {dag.py:3954} INFO - Setting next_dagrun for youtube_video_stats to 2025-12-31 14:00:00+00:00, run_after=2026-01-01 14:00:00+00:00
[2026-01-01T09:50:22.289+0000] {processor.py:183} INFO - Processing /opt/airflow/dags/main.py took 0.492 seconds
[2026-01-01T09:50:52.602+0000] {processor.py:161} INFO - Started process (PID=22421) to work on /opt/airflow/dags/main.py
[2026-01-01T09:50:52.604+0000] {processor.py:830} INFO - Processing file /opt/airflow/dags/main.py for tasks to queue
[2026-01-01T09:50:52.606+0000] {logging_mixin.py:188} INFO - [2026-01-01T09:50:52.606+0000] {dagbag.py:545} INFO - Filling up the DagBag from /opt/airflow/dags/main.py
[2026-01-01T09:50:52.857+0000] {processor.py:840} INFO - DAG(s) 'youtube_video_stats', 'update_db' retrieved from /opt/airflow/dags/main.py
[2026-01-01T09:50:53.069+0000] {logging_mixin.py:188} INFO - [2026-01-01T09:50:53.069+0000] {dag.py:3096} INFO - Sync 2 DAGs
[2026-01-01T09:50:53.094+0000] {logging_mixin.py:188} INFO - [2026-01-01T09:50:53.094+0000] {dag.py:3954} INFO - Setting next_dagrun for update_db to 2025-12-31 15:00:00+00:00, run_after=2026-01-01 15:00:00+00:00
[2026-01-01T09:50:53.101+0000] {logging_mixin.py:188} INFO - [2026-01-01T09:50:53.101+0000] {dag.py:3954} INFO - Setting next_dagrun for youtube_video_stats to 2025-12-31 14:00:00+00:00, run_after=2026-01-01 14:00:00+00:00
[2026-01-01T09:50:53.127+0000] {processor.py:183} INFO - Processing /opt/airflow/dags/main.py took 0.532 seconds
[2026-01-01T09:51:23.397+0000] {processor.py:161} INFO - Started process (PID=22428) to work on /opt/airflow/dags/main.py
[2026-01-01T09:51:23.399+0000] {processor.py:830} INFO - Processing file /opt/airflow/dags/main.py for tasks to queue
[2026-01-01T09:51:23.400+0000] {logging_mixin.py:188} INFO - [2026-01-01T09:51:23.400+0000] {dagbag.py:545} INFO - Filling up the DagBag from /opt/airflow/dags/main.py
[2026-01-01T09:51:23.609+0000] {processor.py:840} INFO - DAG(s) 'update_db', 'youtube_video_stats' retrieved from /opt/airflow/dags/main.py
[2026-01-01T09:51:23.646+0000] {logging_mixin.py:188} INFO - [2026-01-01T09:51:23.646+0000] {dag.py:3096} INFO - Sync 2 DAGs
[2026-01-01T09:51:23.671+0000] {logging_mixin.py:188} INFO - [2026-01-01T09:51:23.671+0000] {dag.py:3954} INFO - Setting next_dagrun for update_db to 2025-12-31 15:00:00+00:00, run_after=2026-01-01 15:00:00+00:00
[2026-01-01T09:51:23.677+0000] {logging_mixin.py:188} INFO - [2026-01-01T09:51:23.677+0000] {dag.py:3954} INFO - Setting next_dagrun for youtube_video_stats to 2025-12-31 14:00:00+00:00, run_after=2026-01-01 14:00:00+00:00
[2026-01-01T09:51:23.703+0000] {processor.py:183} INFO - Processing /opt/airflow/dags/main.py took 0.315 seconds
[2026-01-01T09:51:54.002+0000] {processor.py:161} INFO - Started process (PID=22435) to work on /opt/airflow/dags/main.py
[2026-01-01T09:51:54.004+0000] {processor.py:830} INFO - Processing file /opt/airflow/dags/main.py for tasks to queue
[2026-01-01T09:51:54.006+0000] {logging_mixin.py:188} INFO - [2026-01-01T09:51:54.005+0000] {dagbag.py:545} INFO - Filling up the DagBag from /opt/airflow/dags/main.py
[2026-01-01T09:51:54.174+0000] {processor.py:840} INFO - DAG(s) 'youtube_video_stats', 'update_db' retrieved from /opt/airflow/dags/main.py
[2026-01-01T09:51:54.222+0000] {logging_mixin.py:188} INFO - [2026-01-01T09:51:54.222+0000] {dag.py:3096} INFO - Sync 2 DAGs
[2026-01-01T09:51:54.260+0000] {logging_mixin.py:188} INFO - [2026-01-01T09:51:54.260+0000] {dag.py:3954} INFO - Setting next_dagrun for update_db to 2025-12-31 15:00:00+00:00, run_after=2026-01-01 15:00:00+00:00
[2026-01-01T09:51:54.269+0000] {logging_mixin.py:188} INFO - [2026-01-01T09:51:54.269+0000] {dag.py:3954} INFO - Setting next_dagrun for youtube_video_stats to 2025-12-31 14:00:00+00:00, run_after=2026-01-01 14:00:00+00:00
[2026-01-01T09:51:54.474+0000] {processor.py:183} INFO - Processing /opt/airflow/dags/main.py took 0.483 seconds
[2026-01-01T09:52:24.757+0000] {processor.py:161} INFO - Started process (PID=22442) to work on /opt/airflow/dags/main.py
[2026-01-01T09:52:24.759+0000] {processor.py:830} INFO - Processing file /opt/airflow/dags/main.py for tasks to queue
[2026-01-01T09:52:24.761+0000] {logging_mixin.py:188} INFO - [2026-01-01T09:52:24.761+0000] {dagbag.py:545} INFO - Filling up the DagBag from /opt/airflow/dags/main.py
[2026-01-01T09:52:24.933+0000] {processor.py:840} INFO - DAG(s) 'youtube_video_stats', 'update_db' retrieved from /opt/airflow/dags/main.py
[2026-01-01T09:52:24.974+0000] {logging_mixin.py:188} INFO - [2026-01-01T09:52:24.973+0000] {dag.py:3096} INFO - Sync 2 DAGs
[2026-01-01T09:52:25.168+0000] {logging_mixin.py:188} INFO - [2026-01-01T09:52:25.168+0000] {dag.py:3954} INFO - Setting next_dagrun for update_db to 2025-12-31 15:00:00+00:00, run_after=2026-01-01 15:00:00+00:00
[2026-01-01T09:52:25.175+0000] {logging_mixin.py:188} INFO - [2026-01-01T09:52:25.175+0000] {dag.py:3954} INFO - Setting next_dagrun for youtube_video_stats to 2025-12-31 14:00:00+00:00, run_after=2026-01-01 14:00:00+00:00
[2026-01-01T09:52:25.205+0000] {processor.py:183} INFO - Processing /opt/airflow/dags/main.py took 0.458 seconds
[2026-01-01T09:52:55.476+0000] {processor.py:161} INFO - Started process (PID=22449) to work on /opt/airflow/dags/main.py
[2026-01-01T09:52:55.478+0000] {processor.py:830} INFO - Processing file /opt/airflow/dags/main.py for tasks to queue
[2026-01-01T09:52:55.480+0000] {logging_mixin.py:188} INFO - [2026-01-01T09:52:55.479+0000] {dagbag.py:545} INFO - Filling up the DagBag from /opt/airflow/dags/main.py
[2026-01-01T09:52:55.641+0000] {processor.py:840} INFO - DAG(s) 'youtube_video_stats', 'update_db' retrieved from /opt/airflow/dags/main.py
[2026-01-01T09:52:55.688+0000] {logging_mixin.py:188} INFO - [2026-01-01T09:52:55.688+0000] {dag.py:3096} INFO - Sync 2 DAGs
[2026-01-01T09:52:55.941+0000] {logging_mixin.py:188} INFO - [2026-01-01T09:52:55.940+0000] {dag.py:3954} INFO - Setting next_dagrun for update_db to 2025-12-31 15:00:00+00:00, run_after=2026-01-01 15:00:00+00:00
[2026-01-01T09:52:55.951+0000] {logging_mixin.py:188} INFO - [2026-01-01T09:52:55.950+0000] {dag.py:3954} INFO - Setting next_dagrun for youtube_video_stats to 2025-12-31 14:00:00+00:00, run_after=2026-01-01 14:00:00+00:00
[2026-01-01T09:52:55.972+0000] {processor.py:183} INFO - Processing /opt/airflow/dags/main.py took 0.506 seconds
[2026-01-01T09:53:26.253+0000] {processor.py:161} INFO - Started process (PID=22456) to work on /opt/airflow/dags/main.py
[2026-01-01T09:53:26.256+0000] {processor.py:830} INFO - Processing file /opt/airflow/dags/main.py for tasks to queue
[2026-01-01T09:53:26.257+0000] {logging_mixin.py:188} INFO - [2026-01-01T09:53:26.257+0000] {dagbag.py:545} INFO - Filling up the DagBag from /opt/airflow/dags/main.py
[2026-01-01T09:53:26.429+0000] {processor.py:840} INFO - DAG(s) 'update_db', 'youtube_video_stats' retrieved from /opt/airflow/dags/main.py
[2026-01-01T09:53:26.633+0000] {logging_mixin.py:188} INFO - [2026-01-01T09:53:26.633+0000] {dag.py:3096} INFO - Sync 2 DAGs
[2026-01-01T09:53:26.659+0000] {logging_mixin.py:188} INFO - [2026-01-01T09:53:26.659+0000] {dag.py:3954} INFO - Setting next_dagrun for update_db to 2025-12-31 15:00:00+00:00, run_after=2026-01-01 15:00:00+00:00
[2026-01-01T09:53:26.666+0000] {logging_mixin.py:188} INFO - [2026-01-01T09:53:26.666+0000] {dag.py:3954} INFO - Setting next_dagrun for youtube_video_stats to 2025-12-31 14:00:00+00:00, run_after=2026-01-01 14:00:00+00:00
[2026-01-01T09:53:26.688+0000] {processor.py:183} INFO - Processing /opt/airflow/dags/main.py took 0.445 seconds
[2026-01-01T09:53:56.965+0000] {processor.py:161} INFO - Started process (PID=22463) to work on /opt/airflow/dags/main.py
[2026-01-01T09:53:56.967+0000] {processor.py:830} INFO - Processing file /opt/airflow/dags/main.py for tasks to queue
[2026-01-01T09:53:56.968+0000] {logging_mixin.py:188} INFO - [2026-01-01T09:53:56.968+0000] {dagbag.py:545} INFO - Filling up the DagBag from /opt/airflow/dags/main.py
[2026-01-01T09:53:57.127+0000] {processor.py:840} INFO - DAG(s) 'update_db', 'youtube_video_stats' retrieved from /opt/airflow/dags/main.py
[2026-01-01T09:53:57.345+0000] {logging_mixin.py:188} INFO - [2026-01-01T09:53:57.344+0000] {dag.py:3096} INFO - Sync 2 DAGs
[2026-01-01T09:53:57.376+0000] {logging_mixin.py:188} INFO - [2026-01-01T09:53:57.376+0000] {dag.py:3954} INFO - Setting next_dagrun for update_db to 2025-12-31 15:00:00+00:00, run_after=2026-01-01 15:00:00+00:00
[2026-01-01T09:53:57.383+0000] {logging_mixin.py:188} INFO - [2026-01-01T09:53:57.383+0000] {dag.py:3954} INFO - Setting next_dagrun for youtube_video_stats to 2025-12-31 14:00:00+00:00, run_after=2026-01-01 14:00:00+00:00
[2026-01-01T09:53:57.410+0000] {processor.py:183} INFO - Processing /opt/airflow/dags/main.py took 0.452 seconds
[2026-01-01T09:54:27.689+0000] {processor.py:161} INFO - Started process (PID=22470) to work on /opt/airflow/dags/main.py
[2026-01-01T09:54:27.691+0000] {processor.py:830} INFO - Processing file /opt/airflow/dags/main.py for tasks to queue
[2026-01-01T09:54:27.692+0000] {logging_mixin.py:188} INFO - [2026-01-01T09:54:27.692+0000] {dagbag.py:545} INFO - Filling up the DagBag from /opt/airflow/dags/main.py
[2026-01-01T09:54:28.029+0000] {processor.py:840} INFO - DAG(s) 'update_db', 'youtube_video_stats' retrieved from /opt/airflow/dags/main.py
[2026-01-01T09:54:28.102+0000] {logging_mixin.py:188} INFO - [2026-01-01T09:54:28.102+0000] {dag.py:3096} INFO - Sync 2 DAGs
[2026-01-01T09:54:28.135+0000] {logging_mixin.py:188} INFO - [2026-01-01T09:54:28.135+0000] {dag.py:3954} INFO - Setting next_dagrun for update_db to 2025-12-31 15:00:00+00:00, run_after=2026-01-01 15:00:00+00:00
[2026-01-01T09:54:28.144+0000] {logging_mixin.py:188} INFO - [2026-01-01T09:54:28.143+0000] {dag.py:3954} INFO - Setting next_dagrun for youtube_video_stats to 2025-12-31 14:00:00+00:00, run_after=2026-01-01 14:00:00+00:00
[2026-01-01T09:54:28.177+0000] {processor.py:183} INFO - Processing /opt/airflow/dags/main.py took 0.498 seconds
[2026-01-01T09:54:58.441+0000] {processor.py:161} INFO - Started process (PID=22477) to work on /opt/airflow/dags/main.py
[2026-01-01T09:54:58.443+0000] {processor.py:830} INFO - Processing file /opt/airflow/dags/main.py for tasks to queue
[2026-01-01T09:54:58.445+0000] {logging_mixin.py:188} INFO - [2026-01-01T09:54:58.444+0000] {dagbag.py:545} INFO - Filling up the DagBag from /opt/airflow/dags/main.py
[2026-01-01T09:54:58.602+0000] {processor.py:840} INFO - DAG(s) 'youtube_video_stats', 'update_db' retrieved from /opt/airflow/dags/main.py
[2026-01-01T09:54:58.643+0000] {logging_mixin.py:188} INFO - [2026-01-01T09:54:58.642+0000] {dag.py:3096} INFO - Sync 2 DAGs
[2026-01-01T09:54:58.676+0000] {logging_mixin.py:188} INFO - [2026-01-01T09:54:58.675+0000] {dag.py:3954} INFO - Setting next_dagrun for update_db to 2025-12-31 15:00:00+00:00, run_after=2026-01-01 15:00:00+00:00
[2026-01-01T09:54:58.868+0000] {logging_mixin.py:188} INFO - [2026-01-01T09:54:58.868+0000] {dag.py:3954} INFO - Setting next_dagrun for youtube_video_stats to 2025-12-31 14:00:00+00:00, run_after=2026-01-01 14:00:00+00:00
[2026-01-01T09:54:58.895+0000] {processor.py:183} INFO - Processing /opt/airflow/dags/main.py took 0.461 seconds
[2026-01-01T09:55:29.035+0000] {processor.py:161} INFO - Started process (PID=22484) to work on /opt/airflow/dags/main.py
[2026-01-01T09:55:29.037+0000] {processor.py:830} INFO - Processing file /opt/airflow/dags/main.py for tasks to queue
[2026-01-01T09:55:29.039+0000] {logging_mixin.py:188} INFO - [2026-01-01T09:55:29.038+0000] {dagbag.py:545} INFO - Filling up the DagBag from /opt/airflow/dags/main.py
[2026-01-01T09:55:29.217+0000] {processor.py:840} INFO - DAG(s) 'youtube_video_stats', 'update_db' retrieved from /opt/airflow/dags/main.py
[2026-01-01T09:55:29.266+0000] {logging_mixin.py:188} INFO - [2026-01-01T09:55:29.266+0000] {dag.py:3096} INFO - Sync 2 DAGs
[2026-01-01T09:55:29.498+0000] {logging_mixin.py:188} INFO - [2026-01-01T09:55:29.497+0000] {dag.py:3954} INFO - Setting next_dagrun for update_db to 2025-12-31 15:00:00+00:00, run_after=2026-01-01 15:00:00+00:00
[2026-01-01T09:55:29.509+0000] {logging_mixin.py:188} INFO - [2026-01-01T09:55:29.509+0000] {dag.py:3954} INFO - Setting next_dagrun for youtube_video_stats to 2025-12-31 14:00:00+00:00, run_after=2026-01-01 14:00:00+00:00
[2026-01-01T09:55:29.536+0000] {processor.py:183} INFO - Processing /opt/airflow/dags/main.py took 0.511 seconds
[2026-01-01T09:55:59.828+0000] {processor.py:161} INFO - Started process (PID=22491) to work on /opt/airflow/dags/main.py
[2026-01-01T09:55:59.831+0000] {processor.py:830} INFO - Processing file /opt/airflow/dags/main.py for tasks to queue
[2026-01-01T09:55:59.833+0000] {logging_mixin.py:188} INFO - [2026-01-01T09:55:59.833+0000] {dagbag.py:545} INFO - Filling up the DagBag from /opt/airflow/dags/main.py
[2026-01-01T09:56:00.054+0000] {processor.py:840} INFO - DAG(s) 'update_db', 'youtube_video_stats' retrieved from /opt/airflow/dags/main.py
[2026-01-01T09:56:00.115+0000] {logging_mixin.py:188} INFO - [2026-01-01T09:56:00.115+0000] {dag.py:3096} INFO - Sync 2 DAGs
[2026-01-01T09:56:00.353+0000] {logging_mixin.py:188} INFO - [2026-01-01T09:56:00.353+0000] {dag.py:3954} INFO - Setting next_dagrun for update_db to 2025-12-31 15:00:00+00:00, run_after=2026-01-01 15:00:00+00:00
[2026-01-01T09:56:00.360+0000] {logging_mixin.py:188} INFO - [2026-01-01T09:56:00.360+0000] {dag.py:3954} INFO - Setting next_dagrun for youtube_video_stats to 2025-12-31 14:00:00+00:00, run_after=2026-01-01 14:00:00+00:00
[2026-01-01T09:56:00.381+0000] {processor.py:183} INFO - Processing /opt/airflow/dags/main.py took 0.566 seconds
[2026-01-01T09:56:30.718+0000] {processor.py:161} INFO - Started process (PID=22498) to work on /opt/airflow/dags/main.py
[2026-01-01T09:56:30.720+0000] {processor.py:830} INFO - Processing file /opt/airflow/dags/main.py for tasks to queue
[2026-01-01T09:56:30.721+0000] {logging_mixin.py:188} INFO - [2026-01-01T09:56:30.721+0000] {dagbag.py:545} INFO - Filling up the DagBag from /opt/airflow/dags/main.py
[2026-01-01T09:56:30.876+0000] {processor.py:840} INFO - DAG(s) 'youtube_video_stats', 'update_db' retrieved from /opt/airflow/dags/main.py
[2026-01-01T09:56:31.095+0000] {logging_mixin.py:188} INFO - [2026-01-01T09:56:31.094+0000] {dag.py:3096} INFO - Sync 2 DAGs
[2026-01-01T09:56:31.121+0000] {logging_mixin.py:188} INFO - [2026-01-01T09:56:31.121+0000] {dag.py:3954} INFO - Setting next_dagrun for update_db to 2025-12-31 15:00:00+00:00, run_after=2026-01-01 15:00:00+00:00
[2026-01-01T09:56:31.128+0000] {logging_mixin.py:188} INFO - [2026-01-01T09:56:31.128+0000] {dag.py:3954} INFO - Setting next_dagrun for youtube_video_stats to 2025-12-31 14:00:00+00:00, run_after=2026-01-01 14:00:00+00:00
[2026-01-01T09:56:31.153+0000] {processor.py:183} INFO - Processing /opt/airflow/dags/main.py took 0.443 seconds
[2026-01-01T09:57:01.626+0000] {processor.py:161} INFO - Started process (PID=22505) to work on /opt/airflow/dags/main.py
[2026-01-01T09:57:01.633+0000] {processor.py:830} INFO - Processing file /opt/airflow/dags/main.py for tasks to queue
[2026-01-01T09:57:01.660+0000] {logging_mixin.py:188} INFO - [2026-01-01T09:57:01.655+0000] {dagbag.py:545} INFO - Filling up the DagBag from /opt/airflow/dags/main.py
[2026-01-01T09:57:02.685+0000] {processor.py:840} INFO - DAG(s) 'youtube_video_stats', 'update_db' retrieved from /opt/airflow/dags/main.py
[2026-01-01T09:57:02.720+0000] {logging_mixin.py:188} INFO - [2026-01-01T09:57:02.720+0000] {dag.py:3096} INFO - Sync 2 DAGs
[2026-01-01T09:57:02.742+0000] {logging_mixin.py:188} INFO - [2026-01-01T09:57:02.742+0000] {dag.py:3954} INFO - Setting next_dagrun for update_db to 2025-12-31 15:00:00+00:00, run_after=2026-01-01 15:00:00+00:00
[2026-01-01T09:57:02.749+0000] {logging_mixin.py:188} INFO - [2026-01-01T09:57:02.749+0000] {dag.py:3954} INFO - Setting next_dagrun for youtube_video_stats to 2025-12-31 14:00:00+00:00, run_after=2026-01-01 14:00:00+00:00
[2026-01-01T09:57:02.770+0000] {processor.py:183} INFO - Processing /opt/airflow/dags/main.py took 1.303 seconds
[2026-01-01T09:57:32.885+0000] {processor.py:161} INFO - Started process (PID=22512) to work on /opt/airflow/dags/main.py
[2026-01-01T09:57:32.887+0000] {processor.py:830} INFO - Processing file /opt/airflow/dags/main.py for tasks to queue
[2026-01-01T09:57:32.888+0000] {logging_mixin.py:188} INFO - [2026-01-01T09:57:32.888+0000] {dagbag.py:545} INFO - Filling up the DagBag from /opt/airflow/dags/main.py
[2026-01-01T09:57:33.070+0000] {processor.py:840} INFO - DAG(s) 'youtube_video_stats', 'update_db' retrieved from /opt/airflow/dags/main.py
[2026-01-01T09:57:33.112+0000] {logging_mixin.py:188} INFO - [2026-01-01T09:57:33.112+0000] {dag.py:3096} INFO - Sync 2 DAGs
[2026-01-01T09:57:33.144+0000] {logging_mixin.py:188} INFO - [2026-01-01T09:57:33.144+0000] {dag.py:3954} INFO - Setting next_dagrun for update_db to 2025-12-31 15:00:00+00:00, run_after=2026-01-01 15:00:00+00:00
[2026-01-01T09:57:33.154+0000] {logging_mixin.py:188} INFO - [2026-01-01T09:57:33.153+0000] {dag.py:3954} INFO - Setting next_dagrun for youtube_video_stats to 2025-12-31 14:00:00+00:00, run_after=2026-01-01 14:00:00+00:00
[2026-01-01T09:57:33.354+0000] {processor.py:183} INFO - Processing /opt/airflow/dags/main.py took 0.477 seconds
[2026-01-01T09:58:03.644+0000] {processor.py:161} INFO - Started process (PID=22519) to work on /opt/airflow/dags/main.py
[2026-01-01T09:58:03.646+0000] {processor.py:830} INFO - Processing file /opt/airflow/dags/main.py for tasks to queue
[2026-01-01T09:58:03.648+0000] {logging_mixin.py:188} INFO - [2026-01-01T09:58:03.648+0000] {dagbag.py:545} INFO - Filling up the DagBag from /opt/airflow/dags/main.py
[2026-01-01T09:58:03.862+0000] {processor.py:840} INFO - DAG(s) 'update_db', 'youtube_video_stats' retrieved from /opt/airflow/dags/main.py
[2026-01-01T09:58:03.906+0000] {logging_mixin.py:188} INFO - [2026-01-01T09:58:03.906+0000] {dag.py:3096} INFO - Sync 2 DAGs
[2026-01-01T09:58:04.108+0000] {logging_mixin.py:188} INFO - [2026-01-01T09:58:04.107+0000] {dag.py:3954} INFO - Setting next_dagrun for update_db to 2025-12-31 15:00:00+00:00, run_after=2026-01-01 15:00:00+00:00
[2026-01-01T09:58:04.114+0000] {logging_mixin.py:188} INFO - [2026-01-01T09:58:04.114+0000] {dag.py:3954} INFO - Setting next_dagrun for youtube_video_stats to 2025-12-31 14:00:00+00:00, run_after=2026-01-01 14:00:00+00:00
[2026-01-01T09:58:04.140+0000] {processor.py:183} INFO - Processing /opt/airflow/dags/main.py took 0.505 seconds
[2026-01-01T09:58:34.434+0000] {processor.py:161} INFO - Started process (PID=22526) to work on /opt/airflow/dags/main.py
[2026-01-01T09:58:34.436+0000] {processor.py:830} INFO - Processing file /opt/airflow/dags/main.py for tasks to queue
[2026-01-01T09:58:34.438+0000] {logging_mixin.py:188} INFO - [2026-01-01T09:58:34.437+0000] {dagbag.py:545} INFO - Filling up the DagBag from /opt/airflow/dags/main.py
[2026-01-01T09:58:34.648+0000] {processor.py:840} INFO - DAG(s) 'youtube_video_stats', 'update_db' retrieved from /opt/airflow/dags/main.py
[2026-01-01T09:58:34.693+0000] {logging_mixin.py:188} INFO - [2026-01-01T09:58:34.693+0000] {dag.py:3096} INFO - Sync 2 DAGs
[2026-01-01T09:58:34.945+0000] {logging_mixin.py:188} INFO - [2026-01-01T09:58:34.944+0000] {dag.py:3954} INFO - Setting next_dagrun for update_db to 2025-12-31 15:00:00+00:00, run_after=2026-01-01 15:00:00+00:00
[2026-01-01T09:58:34.954+0000] {logging_mixin.py:188} INFO - [2026-01-01T09:58:34.954+0000] {dag.py:3954} INFO - Setting next_dagrun for youtube_video_stats to 2025-12-31 14:00:00+00:00, run_after=2026-01-01 14:00:00+00:00
[2026-01-01T09:58:34.978+0000] {processor.py:183} INFO - Processing /opt/airflow/dags/main.py took 0.553 seconds
[2026-01-01T09:59:05.078+0000] {processor.py:161} INFO - Started process (PID=22533) to work on /opt/airflow/dags/main.py
[2026-01-01T09:59:05.080+0000] {processor.py:830} INFO - Processing file /opt/airflow/dags/main.py for tasks to queue
[2026-01-01T09:59:05.082+0000] {logging_mixin.py:188} INFO - [2026-01-01T09:59:05.081+0000] {dagbag.py:545} INFO - Filling up the DagBag from /opt/airflow/dags/main.py
[2026-01-01T09:59:05.237+0000] {processor.py:840} INFO - DAG(s) 'youtube_video_stats', 'update_db' retrieved from /opt/airflow/dags/main.py
[2026-01-01T09:59:05.446+0000] {logging_mixin.py:188} INFO - [2026-01-01T09:59:05.446+0000] {dag.py:3096} INFO - Sync 2 DAGs
[2026-01-01T09:59:05.472+0000] {logging_mixin.py:188} INFO - [2026-01-01T09:59:05.471+0000] {dag.py:3954} INFO - Setting next_dagrun for update_db to 2025-12-31 15:00:00+00:00, run_after=2026-01-01 15:00:00+00:00
[2026-01-01T09:59:05.477+0000] {logging_mixin.py:188} INFO - [2026-01-01T09:59:05.477+0000] {dag.py:3954} INFO - Setting next_dagrun for youtube_video_stats to 2025-12-31 14:00:00+00:00, run_after=2026-01-01 14:00:00+00:00
[2026-01-01T09:59:05.503+0000] {processor.py:183} INFO - Processing /opt/airflow/dags/main.py took 0.434 seconds
[2026-01-01T09:59:35.780+0000] {processor.py:161} INFO - Started process (PID=22540) to work on /opt/airflow/dags/main.py
[2026-01-01T09:59:35.781+0000] {processor.py:830} INFO - Processing file /opt/airflow/dags/main.py for tasks to queue
[2026-01-01T09:59:35.783+0000] {logging_mixin.py:188} INFO - [2026-01-01T09:59:35.783+0000] {dagbag.py:545} INFO - Filling up the DagBag from /opt/airflow/dags/main.py
[2026-01-01T09:59:35.999+0000] {processor.py:840} INFO - DAG(s) 'youtube_video_stats', 'update_db' retrieved from /opt/airflow/dags/main.py
[2026-01-01T09:59:36.206+0000] {logging_mixin.py:188} INFO - [2026-01-01T09:59:36.206+0000] {dag.py:3096} INFO - Sync 2 DAGs
[2026-01-01T09:59:36.229+0000] {logging_mixin.py:188} INFO - [2026-01-01T09:59:36.228+0000] {dag.py:3954} INFO - Setting next_dagrun for update_db to 2025-12-31 15:00:00+00:00, run_after=2026-01-01 15:00:00+00:00
[2026-01-01T09:59:36.236+0000] {logging_mixin.py:188} INFO - [2026-01-01T09:59:36.236+0000] {dag.py:3954} INFO - Setting next_dagrun for youtube_video_stats to 2025-12-31 14:00:00+00:00, run_after=2026-01-01 14:00:00+00:00
[2026-01-01T09:59:36.263+0000] {processor.py:183} INFO - Processing /opt/airflow/dags/main.py took 0.490 seconds
[2026-01-01T10:00:06.581+0000] {processor.py:161} INFO - Started process (PID=22547) to work on /opt/airflow/dags/main.py
[2026-01-01T10:00:06.588+0000] {processor.py:830} INFO - Processing file /opt/airflow/dags/main.py for tasks to queue
[2026-01-01T10:00:06.591+0000] {logging_mixin.py:188} INFO - [2026-01-01T10:00:06.590+0000] {dagbag.py:545} INFO - Filling up the DagBag from /opt/airflow/dags/main.py
[2026-01-01T10:00:06.941+0000] {processor.py:840} INFO - DAG(s) 'update_db', 'youtube_video_stats' retrieved from /opt/airflow/dags/main.py
[2026-01-01T10:00:06.974+0000] {logging_mixin.py:188} INFO - [2026-01-01T10:00:06.974+0000] {dag.py:3096} INFO - Sync 2 DAGs
[2026-01-01T10:00:06.997+0000] {logging_mixin.py:188} INFO - [2026-01-01T10:00:06.997+0000] {dag.py:3954} INFO - Setting next_dagrun for update_db to 2025-12-31 15:00:00+00:00, run_after=2026-01-01 15:00:00+00:00
[2026-01-01T10:00:07.003+0000] {logging_mixin.py:188} INFO - [2026-01-01T10:00:07.003+0000] {dag.py:3954} INFO - Setting next_dagrun for youtube_video_stats to 2025-12-31 14:00:00+00:00, run_after=2026-01-01 14:00:00+00:00
[2026-01-01T10:00:07.022+0000] {processor.py:183} INFO - Processing /opt/airflow/dags/main.py took 0.461 seconds
[2026-01-01T10:00:37.458+0000] {processor.py:161} INFO - Started process (PID=22554) to work on /opt/airflow/dags/main.py
[2026-01-01T10:00:37.459+0000] {processor.py:830} INFO - Processing file /opt/airflow/dags/main.py for tasks to queue
[2026-01-01T10:00:37.461+0000] {logging_mixin.py:188} INFO - [2026-01-01T10:00:37.460+0000] {dagbag.py:545} INFO - Filling up the DagBag from /opt/airflow/dags/main.py
[2026-01-01T10:00:37.588+0000] {processor.py:840} INFO - DAG(s) 'youtube_video_stats', 'update_db' retrieved from /opt/airflow/dags/main.py
[2026-01-01T10:00:37.625+0000] {logging_mixin.py:188} INFO - [2026-01-01T10:00:37.625+0000] {dag.py:3096} INFO - Sync 2 DAGs
[2026-01-01T10:00:37.657+0000] {logging_mixin.py:188} INFO - [2026-01-01T10:00:37.657+0000] {dag.py:3954} INFO - Setting next_dagrun for update_db to 2025-12-31 15:00:00+00:00, run_after=2026-01-01 15:00:00+00:00
[2026-01-01T10:00:37.665+0000] {logging_mixin.py:188} INFO - [2026-01-01T10:00:37.664+0000] {dag.py:3954} INFO - Setting next_dagrun for youtube_video_stats to 2025-12-31 14:00:00+00:00, run_after=2026-01-01 14:00:00+00:00
[2026-01-01T10:00:37.864+0000] {processor.py:183} INFO - Processing /opt/airflow/dags/main.py took 0.415 seconds
[2026-01-01T10:01:08.188+0000] {processor.py:161} INFO - Started process (PID=22561) to work on /opt/airflow/dags/main.py
[2026-01-01T10:01:08.190+0000] {processor.py:830} INFO - Processing file /opt/airflow/dags/main.py for tasks to queue
[2026-01-01T10:01:08.192+0000] {logging_mixin.py:188} INFO - [2026-01-01T10:01:08.191+0000] {dagbag.py:545} INFO - Filling up the DagBag from /opt/airflow/dags/main.py
[2026-01-01T10:01:08.370+0000] {processor.py:840} INFO - DAG(s) 'youtube_video_stats', 'update_db' retrieved from /opt/airflow/dags/main.py
[2026-01-01T10:01:08.419+0000] {logging_mixin.py:188} INFO - [2026-01-01T10:01:08.418+0000] {dag.py:3096} INFO - Sync 2 DAGs
[2026-01-01T10:01:08.608+0000] {logging_mixin.py:188} INFO - [2026-01-01T10:01:08.608+0000] {dag.py:3954} INFO - Setting next_dagrun for update_db to 2025-12-31 15:00:00+00:00, run_after=2026-01-01 15:00:00+00:00
[2026-01-01T10:01:08.614+0000] {logging_mixin.py:188} INFO - [2026-01-01T10:01:08.614+0000] {dag.py:3954} INFO - Setting next_dagrun for youtube_video_stats to 2025-12-31 14:00:00+00:00, run_after=2026-01-01 14:00:00+00:00
[2026-01-01T10:01:08.640+0000] {processor.py:183} INFO - Processing /opt/airflow/dags/main.py took 0.459 seconds
[2026-01-01T10:01:38.978+0000] {processor.py:161} INFO - Started process (PID=22574) to work on /opt/airflow/dags/main.py
[2026-01-01T10:01:38.980+0000] {processor.py:830} INFO - Processing file /opt/airflow/dags/main.py for tasks to queue
[2026-01-01T10:01:38.982+0000] {logging_mixin.py:188} INFO - [2026-01-01T10:01:38.981+0000] {dagbag.py:545} INFO - Filling up the DagBag from /opt/airflow/dags/main.py
[2026-01-01T10:01:39.180+0000] {processor.py:840} INFO - DAG(s) 'update_db', 'youtube_video_stats' retrieved from /opt/airflow/dags/main.py
[2026-01-01T10:01:39.231+0000] {logging_mixin.py:188} INFO - [2026-01-01T10:01:39.231+0000] {dag.py:3096} INFO - Sync 2 DAGs
[2026-01-01T10:01:39.424+0000] {logging_mixin.py:188} INFO - [2026-01-01T10:01:39.424+0000] {dag.py:3954} INFO - Setting next_dagrun for update_db to 2025-12-31 15:00:00+00:00, run_after=2026-01-01 15:00:00+00:00
[2026-01-01T10:01:39.430+0000] {logging_mixin.py:188} INFO - [2026-01-01T10:01:39.430+0000] {dag.py:3954} INFO - Setting next_dagrun for youtube_video_stats to 2025-12-31 14:00:00+00:00, run_after=2026-01-01 14:00:00+00:00
[2026-01-01T10:01:39.450+0000] {processor.py:183} INFO - Processing /opt/airflow/dags/main.py took 0.481 seconds
[2026-01-01T10:02:09.652+0000] {processor.py:161} INFO - Started process (PID=22581) to work on /opt/airflow/dags/main.py
[2026-01-01T10:02:09.654+0000] {processor.py:830} INFO - Processing file /opt/airflow/dags/main.py for tasks to queue
[2026-01-01T10:02:09.655+0000] {logging_mixin.py:188} INFO - [2026-01-01T10:02:09.655+0000] {dagbag.py:545} INFO - Filling up the DagBag from /opt/airflow/dags/main.py
[2026-01-01T10:02:09.880+0000] {processor.py:840} INFO - DAG(s) 'update_db', 'youtube_video_stats' retrieved from /opt/airflow/dags/main.py
[2026-01-01T10:02:10.091+0000] {logging_mixin.py:188} INFO - [2026-01-01T10:02:10.091+0000] {dag.py:3096} INFO - Sync 2 DAGs
[2026-01-01T10:02:10.118+0000] {logging_mixin.py:188} INFO - [2026-01-01T10:02:10.118+0000] {dag.py:3954} INFO - Setting next_dagrun for update_db to 2025-12-31 15:00:00+00:00, run_after=2026-01-01 15:00:00+00:00
[2026-01-01T10:02:10.125+0000] {logging_mixin.py:188} INFO - [2026-01-01T10:02:10.124+0000] {dag.py:3954} INFO - Setting next_dagrun for youtube_video_stats to 2025-12-31 14:00:00+00:00, run_after=2026-01-01 14:00:00+00:00
[2026-01-01T10:02:10.147+0000] {processor.py:183} INFO - Processing /opt/airflow/dags/main.py took 0.508 seconds
[2026-01-01T10:02:40.397+0000] {processor.py:161} INFO - Started process (PID=22587) to work on /opt/airflow/dags/main.py
[2026-01-01T10:02:40.399+0000] {processor.py:830} INFO - Processing file /opt/airflow/dags/main.py for tasks to queue
[2026-01-01T10:02:40.400+0000] {logging_mixin.py:188} INFO - [2026-01-01T10:02:40.400+0000] {dagbag.py:545} INFO - Filling up the DagBag from /opt/airflow/dags/main.py
[2026-01-01T10:02:40.553+0000] {processor.py:840} INFO - DAG(s) 'update_db', 'youtube_video_stats' retrieved from /opt/airflow/dags/main.py
[2026-01-01T10:02:40.801+0000] {logging_mixin.py:188} INFO - [2026-01-01T10:02:40.801+0000] {dag.py:3096} INFO - Sync 2 DAGs
[2026-01-01T10:02:40.831+0000] {logging_mixin.py:188} INFO - [2026-01-01T10:02:40.831+0000] {dag.py:3954} INFO - Setting next_dagrun for update_db to 2025-12-31 15:00:00+00:00, run_after=2026-01-01 15:00:00+00:00
[2026-01-01T10:02:40.838+0000] {logging_mixin.py:188} INFO - [2026-01-01T10:02:40.838+0000] {dag.py:3954} INFO - Setting next_dagrun for youtube_video_stats to 2025-12-31 14:00:00+00:00, run_after=2026-01-01 14:00:00+00:00
[2026-01-01T10:02:40.858+0000] {processor.py:183} INFO - Processing /opt/airflow/dags/main.py took 0.469 seconds
[2026-01-01T10:03:11.146+0000] {processor.py:161} INFO - Started process (PID=22594) to work on /opt/airflow/dags/main.py
[2026-01-01T10:03:11.147+0000] {processor.py:830} INFO - Processing file /opt/airflow/dags/main.py for tasks to queue
[2026-01-01T10:03:11.149+0000] {logging_mixin.py:188} INFO - [2026-01-01T10:03:11.149+0000] {dagbag.py:545} INFO - Filling up the DagBag from /opt/airflow/dags/main.py
[2026-01-01T10:03:11.512+0000] {processor.py:840} INFO - DAG(s) 'update_db', 'youtube_video_stats' retrieved from /opt/airflow/dags/main.py
[2026-01-01T10:03:11.552+0000] {logging_mixin.py:188} INFO - [2026-01-01T10:03:11.551+0000] {dag.py:3096} INFO - Sync 2 DAGs
[2026-01-01T10:03:11.585+0000] {logging_mixin.py:188} INFO - [2026-01-01T10:03:11.585+0000] {dag.py:3954} INFO - Setting next_dagrun for update_db to 2025-12-31 15:00:00+00:00, run_after=2026-01-01 15:00:00+00:00
[2026-01-01T10:03:11.593+0000] {logging_mixin.py:188} INFO - [2026-01-01T10:03:11.593+0000] {dag.py:3954} INFO - Setting next_dagrun for youtube_video_stats to 2025-12-31 14:00:00+00:00, run_after=2026-01-01 14:00:00+00:00
[2026-01-01T10:03:11.621+0000] {processor.py:183} INFO - Processing /opt/airflow/dags/main.py took 0.485 seconds
[2026-01-01T10:03:41.880+0000] {processor.py:161} INFO - Started process (PID=22601) to work on /opt/airflow/dags/main.py
[2026-01-01T10:03:41.882+0000] {processor.py:830} INFO - Processing file /opt/airflow/dags/main.py for tasks to queue
[2026-01-01T10:03:41.883+0000] {logging_mixin.py:188} INFO - [2026-01-01T10:03:41.883+0000] {dagbag.py:545} INFO - Filling up the DagBag from /opt/airflow/dags/main.py
[2026-01-01T10:03:42.089+0000] {processor.py:840} INFO - DAG(s) 'youtube_video_stats', 'update_db' retrieved from /opt/airflow/dags/main.py
[2026-01-01T10:03:42.132+0000] {logging_mixin.py:188} INFO - [2026-01-01T10:03:42.132+0000] {dag.py:3096} INFO - Sync 2 DAGs
[2026-01-01T10:03:42.162+0000] {logging_mixin.py:188} INFO - [2026-01-01T10:03:42.162+0000] {dag.py:3954} INFO - Setting next_dagrun for update_db to 2025-12-31 15:00:00+00:00, run_after=2026-01-01 15:00:00+00:00
[2026-01-01T10:03:42.339+0000] {logging_mixin.py:188} INFO - [2026-01-01T10:03:42.338+0000] {dag.py:3954} INFO - Setting next_dagrun for youtube_video_stats to 2025-12-31 14:00:00+00:00, run_after=2026-01-01 14:00:00+00:00
[2026-01-01T10:03:42.368+0000] {processor.py:183} INFO - Processing /opt/airflow/dags/main.py took 0.497 seconds
[2026-01-01T10:04:12.643+0000] {processor.py:161} INFO - Started process (PID=22608) to work on /opt/airflow/dags/main.py
[2026-01-01T10:04:12.646+0000] {processor.py:830} INFO - Processing file /opt/airflow/dags/main.py for tasks to queue
[2026-01-01T10:04:12.648+0000] {logging_mixin.py:188} INFO - [2026-01-01T10:04:12.647+0000] {dagbag.py:545} INFO - Filling up the DagBag from /opt/airflow/dags/main.py
[2026-01-01T10:04:12.832+0000] {processor.py:840} INFO - DAG(s) 'update_db', 'youtube_video_stats' retrieved from /opt/airflow/dags/main.py
[2026-01-01T10:04:12.879+0000] {logging_mixin.py:188} INFO - [2026-01-01T10:04:12.879+0000] {dag.py:3096} INFO - Sync 2 DAGs
[2026-01-01T10:04:13.071+0000] {logging_mixin.py:188} INFO - [2026-01-01T10:04:13.071+0000] {dag.py:3954} INFO - Setting next_dagrun for update_db to 2025-12-31 15:00:00+00:00, run_after=2026-01-01 15:00:00+00:00
[2026-01-01T10:04:13.079+0000] {logging_mixin.py:188} INFO - [2026-01-01T10:04:13.079+0000] {dag.py:3954} INFO - Setting next_dagrun for youtube_video_stats to 2025-12-31 14:00:00+00:00, run_after=2026-01-01 14:00:00+00:00
[2026-01-01T10:04:13.109+0000] {processor.py:183} INFO - Processing /opt/airflow/dags/main.py took 0.478 seconds
[2026-01-01T10:04:43.342+0000] {processor.py:161} INFO - Started process (PID=22614) to work on /opt/airflow/dags/main.py
[2026-01-01T10:04:43.344+0000] {processor.py:830} INFO - Processing file /opt/airflow/dags/main.py for tasks to queue
[2026-01-01T10:04:43.346+0000] {logging_mixin.py:188} INFO - [2026-01-01T10:04:43.346+0000] {dagbag.py:545} INFO - Filling up the DagBag from /opt/airflow/dags/main.py
[2026-01-01T10:04:43.485+0000] {processor.py:840} INFO - DAG(s) 'youtube_video_stats', 'update_db' retrieved from /opt/airflow/dags/main.py
[2026-01-01T10:04:43.527+0000] {logging_mixin.py:188} INFO - [2026-01-01T10:04:43.526+0000] {dag.py:3096} INFO - Sync 2 DAGs
[2026-01-01T10:04:43.727+0000] {logging_mixin.py:188} INFO - [2026-01-01T10:04:43.727+0000] {dag.py:3954} INFO - Setting next_dagrun for update_db to 2025-12-31 15:00:00+00:00, run_after=2026-01-01 15:00:00+00:00
[2026-01-01T10:04:43.737+0000] {logging_mixin.py:188} INFO - [2026-01-01T10:04:43.737+0000] {dag.py:3954} INFO - Setting next_dagrun for youtube_video_stats to 2025-12-31 14:00:00+00:00, run_after=2026-01-01 14:00:00+00:00
[2026-01-01T10:04:43.759+0000] {processor.py:183} INFO - Processing /opt/airflow/dags/main.py took 0.428 seconds
[2026-01-01T10:05:14.256+0000] {processor.py:161} INFO - Started process (PID=22621) to work on /opt/airflow/dags/main.py
[2026-01-01T10:05:14.258+0000] {processor.py:830} INFO - Processing file /opt/airflow/dags/main.py for tasks to queue
[2026-01-01T10:05:14.260+0000] {logging_mixin.py:188} INFO - [2026-01-01T10:05:14.260+0000] {dagbag.py:545} INFO - Filling up the DagBag from /opt/airflow/dags/main.py
[2026-01-01T10:05:14.655+0000] {processor.py:840} INFO - DAG(s) 'youtube_video_stats', 'update_db' retrieved from /opt/airflow/dags/main.py
[2026-01-01T10:05:15.089+0000] {logging_mixin.py:188} INFO - [2026-01-01T10:05:15.088+0000] {dag.py:3096} INFO - Sync 2 DAGs
[2026-01-01T10:05:15.126+0000] {logging_mixin.py:188} INFO - [2026-01-01T10:05:15.125+0000] {dag.py:3954} INFO - Setting next_dagrun for update_db to 2025-12-31 15:00:00+00:00, run_after=2026-01-01 15:00:00+00:00
[2026-01-01T10:05:15.146+0000] {logging_mixin.py:188} INFO - [2026-01-01T10:05:15.146+0000] {dag.py:3954} INFO - Setting next_dagrun for youtube_video_stats to 2025-12-31 14:00:00+00:00, run_after=2026-01-01 14:00:00+00:00
[2026-01-01T10:05:15.174+0000] {processor.py:183} INFO - Processing /opt/airflow/dags/main.py took 0.928 seconds
[2026-01-01T10:05:45.693+0000] {processor.py:161} INFO - Started process (PID=22628) to work on /opt/airflow/dags/main.py
[2026-01-01T10:05:45.695+0000] {processor.py:830} INFO - Processing file /opt/airflow/dags/main.py for tasks to queue
[2026-01-01T10:05:45.697+0000] {logging_mixin.py:188} INFO - [2026-01-01T10:05:45.696+0000] {dagbag.py:545} INFO - Filling up the DagBag from /opt/airflow/dags/main.py
[2026-01-01T10:05:46.038+0000] {processor.py:840} INFO - DAG(s) 'youtube_video_stats', 'update_db' retrieved from /opt/airflow/dags/main.py
[2026-01-01T10:05:46.075+0000] {logging_mixin.py:188} INFO - [2026-01-01T10:05:46.075+0000] {dag.py:3096} INFO - Sync 2 DAGs
[2026-01-01T10:05:46.106+0000] {logging_mixin.py:188} INFO - [2026-01-01T10:05:46.106+0000] {dag.py:3954} INFO - Setting next_dagrun for update_db to 2025-12-31 15:00:00+00:00, run_after=2026-01-01 15:00:00+00:00
[2026-01-01T10:05:46.113+0000] {logging_mixin.py:188} INFO - [2026-01-01T10:05:46.113+0000] {dag.py:3954} INFO - Setting next_dagrun for youtube_video_stats to 2025-12-31 14:00:00+00:00, run_after=2026-01-01 14:00:00+00:00
[2026-01-01T10:05:46.134+0000] {processor.py:183} INFO - Processing /opt/airflow/dags/main.py took 0.452 seconds
[2026-01-01T10:06:16.395+0000] {processor.py:161} INFO - Started process (PID=22635) to work on /opt/airflow/dags/main.py
[2026-01-01T10:06:16.398+0000] {processor.py:830} INFO - Processing file /opt/airflow/dags/main.py for tasks to queue
[2026-01-01T10:06:16.400+0000] {logging_mixin.py:188} INFO - [2026-01-01T10:06:16.399+0000] {dagbag.py:545} INFO - Filling up the DagBag from /opt/airflow/dags/main.py
[2026-01-01T10:06:16.761+0000] {processor.py:840} INFO - DAG(s) 'update_db', 'youtube_video_stats' retrieved from /opt/airflow/dags/main.py
[2026-01-01T10:06:16.804+0000] {logging_mixin.py:188} INFO - [2026-01-01T10:06:16.804+0000] {dag.py:3096} INFO - Sync 2 DAGs
[2026-01-01T10:06:16.834+0000] {logging_mixin.py:188} INFO - [2026-01-01T10:06:16.834+0000] {dag.py:3954} INFO - Setting next_dagrun for update_db to 2025-12-31 15:00:00+00:00, run_after=2026-01-01 15:00:00+00:00
[2026-01-01T10:06:16.844+0000] {logging_mixin.py:188} INFO - [2026-01-01T10:06:16.844+0000] {dag.py:3954} INFO - Setting next_dagrun for youtube_video_stats to 2025-12-31 14:00:00+00:00, run_after=2026-01-01 14:00:00+00:00
[2026-01-01T10:06:16.869+0000] {processor.py:183} INFO - Processing /opt/airflow/dags/main.py took 0.483 seconds
[2026-01-01T10:06:47.171+0000] {processor.py:161} INFO - Started process (PID=22642) to work on /opt/airflow/dags/main.py
[2026-01-01T10:06:47.174+0000] {processor.py:830} INFO - Processing file /opt/airflow/dags/main.py for tasks to queue
[2026-01-01T10:06:47.176+0000] {logging_mixin.py:188} INFO - [2026-01-01T10:06:47.175+0000] {dagbag.py:545} INFO - Filling up the DagBag from /opt/airflow/dags/main.py
[2026-01-01T10:06:47.364+0000] {processor.py:840} INFO - DAG(s) 'youtube_video_stats', 'update_db' retrieved from /opt/airflow/dags/main.py
[2026-01-01T10:06:47.406+0000] {logging_mixin.py:188} INFO - [2026-01-01T10:06:47.406+0000] {dag.py:3096} INFO - Sync 2 DAGs
[2026-01-01T10:06:47.641+0000] {logging_mixin.py:188} INFO - [2026-01-01T10:06:47.640+0000] {dag.py:3954} INFO - Setting next_dagrun for update_db to 2025-12-31 15:00:00+00:00, run_after=2026-01-01 15:00:00+00:00
[2026-01-01T10:06:47.648+0000] {logging_mixin.py:188} INFO - [2026-01-01T10:06:47.647+0000] {dag.py:3954} INFO - Setting next_dagrun for youtube_video_stats to 2025-12-31 14:00:00+00:00, run_after=2026-01-01 14:00:00+00:00
[2026-01-01T10:06:47.666+0000] {processor.py:183} INFO - Processing /opt/airflow/dags/main.py took 0.506 seconds
[2026-01-01T10:07:17.858+0000] {processor.py:161} INFO - Started process (PID=22649) to work on /opt/airflow/dags/main.py
[2026-01-01T10:07:17.860+0000] {processor.py:830} INFO - Processing file /opt/airflow/dags/main.py for tasks to queue
[2026-01-01T10:07:17.861+0000] {logging_mixin.py:188} INFO - [2026-01-01T10:07:17.861+0000] {dagbag.py:545} INFO - Filling up the DagBag from /opt/airflow/dags/main.py
[2026-01-01T10:07:18.040+0000] {processor.py:840} INFO - DAG(s) 'update_db', 'youtube_video_stats' retrieved from /opt/airflow/dags/main.py
[2026-01-01T10:07:18.080+0000] {logging_mixin.py:188} INFO - [2026-01-01T10:07:18.080+0000] {dag.py:3096} INFO - Sync 2 DAGs
[2026-01-01T10:07:18.268+0000] {logging_mixin.py:188} INFO - [2026-01-01T10:07:18.268+0000] {dag.py:3954} INFO - Setting next_dagrun for update_db to 2025-12-31 15:00:00+00:00, run_after=2026-01-01 15:00:00+00:00
[2026-01-01T10:07:18.274+0000] {logging_mixin.py:188} INFO - [2026-01-01T10:07:18.274+0000] {dag.py:3954} INFO - Setting next_dagrun for youtube_video_stats to 2025-12-31 14:00:00+00:00, run_after=2026-01-01 14:00:00+00:00
[2026-01-01T10:07:18.302+0000] {processor.py:183} INFO - Processing /opt/airflow/dags/main.py took 0.454 seconds
[2026-01-01T10:07:48.583+0000] {processor.py:161} INFO - Started process (PID=22656) to work on /opt/airflow/dags/main.py
[2026-01-01T10:07:48.586+0000] {processor.py:830} INFO - Processing file /opt/airflow/dags/main.py for tasks to queue
[2026-01-01T10:07:48.588+0000] {logging_mixin.py:188} INFO - [2026-01-01T10:07:48.587+0000] {dagbag.py:545} INFO - Filling up the DagBag from /opt/airflow/dags/main.py
[2026-01-01T10:07:48.746+0000] {processor.py:840} INFO - DAG(s) 'update_db', 'youtube_video_stats' retrieved from /opt/airflow/dags/main.py
[2026-01-01T10:07:48.985+0000] {logging_mixin.py:188} INFO - [2026-01-01T10:07:48.984+0000] {dag.py:3096} INFO - Sync 2 DAGs
[2026-01-01T10:07:49.011+0000] {logging_mixin.py:188} INFO - [2026-01-01T10:07:49.011+0000] {dag.py:3954} INFO - Setting next_dagrun for update_db to 2025-12-31 15:00:00+00:00, run_after=2026-01-01 15:00:00+00:00
[2026-01-01T10:07:49.018+0000] {logging_mixin.py:188} INFO - [2026-01-01T10:07:49.018+0000] {dag.py:3954} INFO - Setting next_dagrun for youtube_video_stats to 2025-12-31 14:00:00+00:00, run_after=2026-01-01 14:00:00+00:00
[2026-01-01T10:07:49.039+0000] {processor.py:183} INFO - Processing /opt/airflow/dags/main.py took 0.471 seconds
[2026-01-01T10:08:19.310+0000] {processor.py:161} INFO - Started process (PID=22663) to work on /opt/airflow/dags/main.py
[2026-01-01T10:08:19.312+0000] {processor.py:830} INFO - Processing file /opt/airflow/dags/main.py for tasks to queue
[2026-01-01T10:08:19.314+0000] {logging_mixin.py:188} INFO - [2026-01-01T10:08:19.313+0000] {dagbag.py:545} INFO - Filling up the DagBag from /opt/airflow/dags/main.py
[2026-01-01T10:08:19.443+0000] {processor.py:840} INFO - DAG(s) 'update_db', 'youtube_video_stats' retrieved from /opt/airflow/dags/main.py
[2026-01-01T10:08:19.670+0000] {logging_mixin.py:188} INFO - [2026-01-01T10:08:19.669+0000] {dag.py:3096} INFO - Sync 2 DAGs
[2026-01-01T10:08:19.699+0000] {logging_mixin.py:188} INFO - [2026-01-01T10:08:19.699+0000] {dag.py:3954} INFO - Setting next_dagrun for update_db to 2025-12-31 15:00:00+00:00, run_after=2026-01-01 15:00:00+00:00
[2026-01-01T10:08:19.706+0000] {logging_mixin.py:188} INFO - [2026-01-01T10:08:19.706+0000] {dag.py:3954} INFO - Setting next_dagrun for youtube_video_stats to 2025-12-31 14:00:00+00:00, run_after=2026-01-01 14:00:00+00:00
[2026-01-01T10:08:19.727+0000] {processor.py:183} INFO - Processing /opt/airflow/dags/main.py took 0.427 seconds
[2026-01-01T10:08:50.040+0000] {processor.py:161} INFO - Started process (PID=22670) to work on /opt/airflow/dags/main.py
[2026-01-01T10:08:50.042+0000] {processor.py:830} INFO - Processing file /opt/airflow/dags/main.py for tasks to queue
[2026-01-01T10:08:50.044+0000] {logging_mixin.py:188} INFO - [2026-01-01T10:08:50.043+0000] {dagbag.py:545} INFO - Filling up the DagBag from /opt/airflow/dags/main.py
[2026-01-01T10:08:50.359+0000] {processor.py:840} INFO - DAG(s) 'update_db', 'youtube_video_stats' retrieved from /opt/airflow/dags/main.py
[2026-01-01T10:08:50.436+0000] {logging_mixin.py:188} INFO - [2026-01-01T10:08:50.436+0000] {dag.py:3096} INFO - Sync 2 DAGs
[2026-01-01T10:08:50.477+0000] {logging_mixin.py:188} INFO - [2026-01-01T10:08:50.477+0000] {dag.py:3954} INFO - Setting next_dagrun for update_db to 2025-12-31 15:00:00+00:00, run_after=2026-01-01 15:00:00+00:00
[2026-01-01T10:08:50.485+0000] {logging_mixin.py:188} INFO - [2026-01-01T10:08:50.485+0000] {dag.py:3954} INFO - Setting next_dagrun for youtube_video_stats to 2025-12-31 14:00:00+00:00, run_after=2026-01-01 14:00:00+00:00
[2026-01-01T10:08:50.508+0000] {processor.py:183} INFO - Processing /opt/airflow/dags/main.py took 0.478 seconds
[2026-01-01T10:09:20.785+0000] {processor.py:161} INFO - Started process (PID=22677) to work on /opt/airflow/dags/main.py
[2026-01-01T10:09:20.787+0000] {processor.py:830} INFO - Processing file /opt/airflow/dags/main.py for tasks to queue
[2026-01-01T10:09:20.789+0000] {logging_mixin.py:188} INFO - [2026-01-01T10:09:20.789+0000] {dagbag.py:545} INFO - Filling up the DagBag from /opt/airflow/dags/main.py
[2026-01-01T10:09:21.145+0000] {processor.py:840} INFO - DAG(s) 'update_db', 'youtube_video_stats' retrieved from /opt/airflow/dags/main.py
[2026-01-01T10:09:21.185+0000] {logging_mixin.py:188} INFO - [2026-01-01T10:09:21.185+0000] {dag.py:3096} INFO - Sync 2 DAGs
[2026-01-01T10:09:21.217+0000] {logging_mixin.py:188} INFO - [2026-01-01T10:09:21.217+0000] {dag.py:3954} INFO - Setting next_dagrun for update_db to 2025-12-31 15:00:00+00:00, run_after=2026-01-01 15:00:00+00:00
[2026-01-01T10:09:21.226+0000] {logging_mixin.py:188} INFO - [2026-01-01T10:09:21.225+0000] {dag.py:3954} INFO - Setting next_dagrun for youtube_video_stats to 2025-12-31 14:00:00+00:00, run_after=2026-01-01 14:00:00+00:00
[2026-01-01T10:09:21.253+0000] {processor.py:183} INFO - Processing /opt/airflow/dags/main.py took 0.479 seconds
[2026-01-01T10:09:51.538+0000] {processor.py:161} INFO - Started process (PID=22684) to work on /opt/airflow/dags/main.py
[2026-01-01T10:09:51.540+0000] {processor.py:830} INFO - Processing file /opt/airflow/dags/main.py for tasks to queue
[2026-01-01T10:09:51.542+0000] {logging_mixin.py:188} INFO - [2026-01-01T10:09:51.541+0000] {dagbag.py:545} INFO - Filling up the DagBag from /opt/airflow/dags/main.py
[2026-01-01T10:09:51.865+0000] {processor.py:840} INFO - DAG(s) 'youtube_video_stats', 'update_db' retrieved from /opt/airflow/dags/main.py
[2026-01-01T10:09:51.919+0000] {logging_mixin.py:188} INFO - [2026-01-01T10:09:51.918+0000] {dag.py:3096} INFO - Sync 2 DAGs
[2026-01-01T10:09:52.180+0000] {logging_mixin.py:188} INFO - [2026-01-01T10:09:52.180+0000] {dag.py:3954} INFO - Setting next_dagrun for update_db to 2025-12-31 15:00:00+00:00, run_after=2026-01-01 15:00:00+00:00
[2026-01-01T10:09:52.194+0000] {logging_mixin.py:188} INFO - [2026-01-01T10:09:52.194+0000] {dag.py:3954} INFO - Setting next_dagrun for youtube_video_stats to 2025-12-31 14:00:00+00:00, run_after=2026-01-01 14:00:00+00:00
[2026-01-01T10:09:52.225+0000] {processor.py:183} INFO - Processing /opt/airflow/dags/main.py took 0.697 seconds
[2026-01-01T10:10:22.709+0000] {processor.py:161} INFO - Started process (PID=22691) to work on /opt/airflow/dags/main.py
[2026-01-01T10:10:22.712+0000] {processor.py:830} INFO - Processing file /opt/airflow/dags/main.py for tasks to queue
[2026-01-01T10:10:22.713+0000] {logging_mixin.py:188} INFO - [2026-01-01T10:10:22.713+0000] {dagbag.py:545} INFO - Filling up the DagBag from /opt/airflow/dags/main.py
[2026-01-01T10:10:22.899+0000] {processor.py:840} INFO - DAG(s) 'youtube_video_stats', 'update_db' retrieved from /opt/airflow/dags/main.py
[2026-01-01T10:10:22.944+0000] {logging_mixin.py:188} INFO - [2026-01-01T10:10:22.944+0000] {dag.py:3096} INFO - Sync 2 DAGs
[2026-01-01T10:10:23.166+0000] {logging_mixin.py:188} INFO - [2026-01-01T10:10:23.166+0000] {dag.py:3954} INFO - Setting next_dagrun for update_db to 2025-12-31 15:00:00+00:00, run_after=2026-01-01 15:00:00+00:00
[2026-01-01T10:10:23.175+0000] {logging_mixin.py:188} INFO - [2026-01-01T10:10:23.175+0000] {dag.py:3954} INFO - Setting next_dagrun for youtube_video_stats to 2025-12-31 14:00:00+00:00, run_after=2026-01-01 14:00:00+00:00
[2026-01-01T10:10:23.204+0000] {processor.py:183} INFO - Processing /opt/airflow/dags/main.py took 0.508 seconds
[2026-01-01T10:10:53.520+0000] {processor.py:161} INFO - Started process (PID=22698) to work on /opt/airflow/dags/main.py
[2026-01-01T10:10:53.523+0000] {processor.py:830} INFO - Processing file /opt/airflow/dags/main.py for tasks to queue
[2026-01-01T10:10:53.524+0000] {logging_mixin.py:188} INFO - [2026-01-01T10:10:53.524+0000] {dagbag.py:545} INFO - Filling up the DagBag from /opt/airflow/dags/main.py
[2026-01-01T10:10:53.690+0000] {processor.py:840} INFO - DAG(s) 'youtube_video_stats', 'update_db' retrieved from /opt/airflow/dags/main.py
[2026-01-01T10:10:53.901+0000] {logging_mixin.py:188} INFO - [2026-01-01T10:10:53.901+0000] {dag.py:3096} INFO - Sync 2 DAGs
[2026-01-01T10:10:53.930+0000] {logging_mixin.py:188} INFO - [2026-01-01T10:10:53.929+0000] {dag.py:3954} INFO - Setting next_dagrun for update_db to 2025-12-31 15:00:00+00:00, run_after=2026-01-01 15:00:00+00:00
[2026-01-01T10:10:53.938+0000] {logging_mixin.py:188} INFO - [2026-01-01T10:10:53.938+0000] {dag.py:3954} INFO - Setting next_dagrun for youtube_video_stats to 2025-12-31 14:00:00+00:00, run_after=2026-01-01 14:00:00+00:00
[2026-01-01T10:10:53.966+0000] {processor.py:183} INFO - Processing /opt/airflow/dags/main.py took 0.454 seconds
[2026-01-01T10:11:24.235+0000] {processor.py:161} INFO - Started process (PID=22705) to work on /opt/airflow/dags/main.py
[2026-01-01T10:11:24.237+0000] {processor.py:830} INFO - Processing file /opt/airflow/dags/main.py for tasks to queue
[2026-01-01T10:11:24.239+0000] {logging_mixin.py:188} INFO - [2026-01-01T10:11:24.238+0000] {dagbag.py:545} INFO - Filling up the DagBag from /opt/airflow/dags/main.py
[2026-01-01T10:11:24.637+0000] {processor.py:840} INFO - DAG(s) 'update_db', 'youtube_video_stats' retrieved from /opt/airflow/dags/main.py
[2026-01-01T10:11:24.676+0000] {logging_mixin.py:188} INFO - [2026-01-01T10:11:24.675+0000] {dag.py:3096} INFO - Sync 2 DAGs
[2026-01-01T10:11:24.706+0000] {logging_mixin.py:188} INFO - [2026-01-01T10:11:24.706+0000] {dag.py:3954} INFO - Setting next_dagrun for update_db to 2025-12-31 15:00:00+00:00, run_after=2026-01-01 15:00:00+00:00
[2026-01-01T10:11:24.716+0000] {logging_mixin.py:188} INFO - [2026-01-01T10:11:24.716+0000] {dag.py:3954} INFO - Setting next_dagrun for youtube_video_stats to 2025-12-31 14:00:00+00:00, run_after=2026-01-01 14:00:00+00:00
[2026-01-01T10:11:24.745+0000] {processor.py:183} INFO - Processing /opt/airflow/dags/main.py took 0.519 seconds
[2026-01-01T10:11:55.026+0000] {processor.py:161} INFO - Started process (PID=22712) to work on /opt/airflow/dags/main.py
[2026-01-01T10:11:55.029+0000] {processor.py:830} INFO - Processing file /opt/airflow/dags/main.py for tasks to queue
[2026-01-01T10:11:55.031+0000] {logging_mixin.py:188} INFO - [2026-01-01T10:11:55.030+0000] {dagbag.py:545} INFO - Filling up the DagBag from /opt/airflow/dags/main.py
[2026-01-01T10:11:55.358+0000] {processor.py:840} INFO - DAG(s) 'youtube_video_stats', 'update_db' retrieved from /opt/airflow/dags/main.py
[2026-01-01T10:11:55.398+0000] {logging_mixin.py:188} INFO - [2026-01-01T10:11:55.397+0000] {dag.py:3096} INFO - Sync 2 DAGs
[2026-01-01T10:11:55.436+0000] {logging_mixin.py:188} INFO - [2026-01-01T10:11:55.436+0000] {dag.py:3954} INFO - Setting next_dagrun for update_db to 2025-12-31 15:00:00+00:00, run_after=2026-01-01 15:00:00+00:00
[2026-01-01T10:11:55.444+0000] {logging_mixin.py:188} INFO - [2026-01-01T10:11:55.444+0000] {dag.py:3954} INFO - Setting next_dagrun for youtube_video_stats to 2025-12-31 14:00:00+00:00, run_after=2026-01-01 14:00:00+00:00
[2026-01-01T10:11:55.475+0000] {processor.py:183} INFO - Processing /opt/airflow/dags/main.py took 0.459 seconds
[2026-01-01T10:12:25.732+0000] {processor.py:161} INFO - Started process (PID=22719) to work on /opt/airflow/dags/main.py
[2026-01-01T10:12:25.734+0000] {processor.py:830} INFO - Processing file /opt/airflow/dags/main.py for tasks to queue
[2026-01-01T10:12:25.735+0000] {logging_mixin.py:188} INFO - [2026-01-01T10:12:25.735+0000] {dagbag.py:545} INFO - Filling up the DagBag from /opt/airflow/dags/main.py
[2026-01-01T10:12:25.897+0000] {processor.py:840} INFO - DAG(s) 'youtube_video_stats', 'update_db' retrieved from /opt/airflow/dags/main.py
[2026-01-01T10:12:25.940+0000] {logging_mixin.py:188} INFO - [2026-01-01T10:12:25.940+0000] {dag.py:3096} INFO - Sync 2 DAGs
[2026-01-01T10:12:26.141+0000] {logging_mixin.py:188} INFO - [2026-01-01T10:12:26.140+0000] {dag.py:3954} INFO - Setting next_dagrun for update_db to 2025-12-31 15:00:00+00:00, run_after=2026-01-01 15:00:00+00:00
[2026-01-01T10:12:26.147+0000] {logging_mixin.py:188} INFO - [2026-01-01T10:12:26.147+0000] {dag.py:3954} INFO - Setting next_dagrun for youtube_video_stats to 2025-12-31 14:00:00+00:00, run_after=2026-01-01 14:00:00+00:00
[2026-01-01T10:12:26.173+0000] {processor.py:183} INFO - Processing /opt/airflow/dags/main.py took 0.450 seconds
[2026-01-01T10:12:56.455+0000] {processor.py:161} INFO - Started process (PID=22726) to work on /opt/airflow/dags/main.py
[2026-01-01T10:12:56.457+0000] {processor.py:830} INFO - Processing file /opt/airflow/dags/main.py for tasks to queue
[2026-01-01T10:12:56.460+0000] {logging_mixin.py:188} INFO - [2026-01-01T10:12:56.459+0000] {dagbag.py:545} INFO - Filling up the DagBag from /opt/airflow/dags/main.py
[2026-01-01T10:12:56.662+0000] {processor.py:840} INFO - DAG(s) 'update_db', 'youtube_video_stats' retrieved from /opt/airflow/dags/main.py
[2026-01-01T10:12:56.707+0000] {logging_mixin.py:188} INFO - [2026-01-01T10:12:56.707+0000] {dag.py:3096} INFO - Sync 2 DAGs
[2026-01-01T10:12:56.903+0000] {logging_mixin.py:188} INFO - [2026-01-01T10:12:56.903+0000] {dag.py:3954} INFO - Setting next_dagrun for update_db to 2025-12-31 15:00:00+00:00, run_after=2026-01-01 15:00:00+00:00
[2026-01-01T10:12:56.911+0000] {logging_mixin.py:188} INFO - [2026-01-01T10:12:56.911+0000] {dag.py:3954} INFO - Setting next_dagrun for youtube_video_stats to 2025-12-31 14:00:00+00:00, run_after=2026-01-01 14:00:00+00:00
[2026-01-01T10:12:56.934+0000] {processor.py:183} INFO - Processing /opt/airflow/dags/main.py took 0.487 seconds
[2026-01-01T10:13:27.226+0000] {processor.py:161} INFO - Started process (PID=22733) to work on /opt/airflow/dags/main.py
[2026-01-01T10:13:27.228+0000] {processor.py:830} INFO - Processing file /opt/airflow/dags/main.py for tasks to queue
[2026-01-01T10:13:27.229+0000] {logging_mixin.py:188} INFO - [2026-01-01T10:13:27.229+0000] {dagbag.py:545} INFO - Filling up the DagBag from /opt/airflow/dags/main.py
[2026-01-01T10:13:27.380+0000] {processor.py:840} INFO - DAG(s) 'update_db', 'youtube_video_stats' retrieved from /opt/airflow/dags/main.py
[2026-01-01T10:13:27.616+0000] {logging_mixin.py:188} INFO - [2026-01-01T10:13:27.616+0000] {dag.py:3096} INFO - Sync 2 DAGs
[2026-01-01T10:13:27.647+0000] {logging_mixin.py:188} INFO - [2026-01-01T10:13:27.647+0000] {dag.py:3954} INFO - Setting next_dagrun for update_db to 2025-12-31 15:00:00+00:00, run_after=2026-01-01 15:00:00+00:00
[2026-01-01T10:13:27.657+0000] {logging_mixin.py:188} INFO - [2026-01-01T10:13:27.656+0000] {dag.py:3954} INFO - Setting next_dagrun for youtube_video_stats to 2025-12-31 14:00:00+00:00, run_after=2026-01-01 14:00:00+00:00
[2026-01-01T10:13:27.683+0000] {processor.py:183} INFO - Processing /opt/airflow/dags/main.py took 0.465 seconds
[2026-01-01T10:13:57.968+0000] {processor.py:161} INFO - Started process (PID=22740) to work on /opt/airflow/dags/main.py
[2026-01-01T10:13:57.969+0000] {processor.py:830} INFO - Processing file /opt/airflow/dags/main.py for tasks to queue
[2026-01-01T10:13:57.971+0000] {logging_mixin.py:188} INFO - [2026-01-01T10:13:57.971+0000] {dagbag.py:545} INFO - Filling up the DagBag from /opt/airflow/dags/main.py
[2026-01-01T10:13:58.167+0000] {processor.py:840} INFO - DAG(s) 'update_db', 'youtube_video_stats' retrieved from /opt/airflow/dags/main.py
[2026-01-01T10:13:58.373+0000] {logging_mixin.py:188} INFO - [2026-01-01T10:13:58.373+0000] {dag.py:3096} INFO - Sync 2 DAGs
[2026-01-01T10:13:58.401+0000] {logging_mixin.py:188} INFO - [2026-01-01T10:13:58.401+0000] {dag.py:3954} INFO - Setting next_dagrun for update_db to 2025-12-31 15:00:00+00:00, run_after=2026-01-01 15:00:00+00:00
[2026-01-01T10:13:58.408+0000] {logging_mixin.py:188} INFO - [2026-01-01T10:13:58.408+0000] {dag.py:3954} INFO - Setting next_dagrun for youtube_video_stats to 2025-12-31 14:00:00+00:00, run_after=2026-01-01 14:00:00+00:00
[2026-01-01T10:13:58.431+0000] {processor.py:183} INFO - Processing /opt/airflow/dags/main.py took 0.471 seconds
[2026-01-01T10:14:28.720+0000] {processor.py:161} INFO - Started process (PID=22747) to work on /opt/airflow/dags/main.py
[2026-01-01T10:14:28.722+0000] {processor.py:830} INFO - Processing file /opt/airflow/dags/main.py for tasks to queue
[2026-01-01T10:14:28.724+0000] {logging_mixin.py:188} INFO - [2026-01-01T10:14:28.723+0000] {dagbag.py:545} INFO - Filling up the DagBag from /opt/airflow/dags/main.py
[2026-01-01T10:14:29.048+0000] {processor.py:840} INFO - DAG(s) 'update_db', 'youtube_video_stats' retrieved from /opt/airflow/dags/main.py
[2026-01-01T10:14:29.089+0000] {logging_mixin.py:188} INFO - [2026-01-01T10:14:29.089+0000] {dag.py:3096} INFO - Sync 2 DAGs
[2026-01-01T10:14:29.116+0000] {logging_mixin.py:188} INFO - [2026-01-01T10:14:29.115+0000] {dag.py:3954} INFO - Setting next_dagrun for update_db to 2025-12-31 15:00:00+00:00, run_after=2026-01-01 15:00:00+00:00
[2026-01-01T10:14:29.123+0000] {logging_mixin.py:188} INFO - [2026-01-01T10:14:29.122+0000] {dag.py:3954} INFO - Setting next_dagrun for youtube_video_stats to 2025-12-31 14:00:00+00:00, run_after=2026-01-01 14:00:00+00:00
[2026-01-01T10:14:29.144+0000] {processor.py:183} INFO - Processing /opt/airflow/dags/main.py took 0.433 seconds
[2026-01-01T10:14:59.445+0000] {processor.py:161} INFO - Started process (PID=22754) to work on /opt/airflow/dags/main.py
[2026-01-01T10:14:59.446+0000] {processor.py:830} INFO - Processing file /opt/airflow/dags/main.py for tasks to queue
[2026-01-01T10:14:59.448+0000] {logging_mixin.py:188} INFO - [2026-01-01T10:14:59.448+0000] {dagbag.py:545} INFO - Filling up the DagBag from /opt/airflow/dags/main.py
[2026-01-01T10:14:59.801+0000] {processor.py:840} INFO - DAG(s) 'update_db', 'youtube_video_stats' retrieved from /opt/airflow/dags/main.py
[2026-01-01T10:14:59.849+0000] {logging_mixin.py:188} INFO - [2026-01-01T10:14:59.848+0000] {dag.py:3096} INFO - Sync 2 DAGs
[2026-01-01T10:14:59.884+0000] {logging_mixin.py:188} INFO - [2026-01-01T10:14:59.883+0000] {dag.py:3954} INFO - Setting next_dagrun for update_db to 2025-12-31 15:00:00+00:00, run_after=2026-01-01 15:00:00+00:00
[2026-01-01T10:14:59.895+0000] {logging_mixin.py:188} INFO - [2026-01-01T10:14:59.895+0000] {dag.py:3954} INFO - Setting next_dagrun for youtube_video_stats to 2025-12-31 14:00:00+00:00, run_after=2026-01-01 14:00:00+00:00
[2026-01-01T10:14:59.916+0000] {processor.py:183} INFO - Processing /opt/airflow/dags/main.py took 0.490 seconds
[2026-01-01T10:15:30.293+0000] {processor.py:161} INFO - Started process (PID=22761) to work on /opt/airflow/dags/main.py
[2026-01-01T10:15:30.296+0000] {processor.py:830} INFO - Processing file /opt/airflow/dags/main.py for tasks to queue
[2026-01-01T10:15:30.297+0000] {logging_mixin.py:188} INFO - [2026-01-01T10:15:30.297+0000] {dagbag.py:545} INFO - Filling up the DagBag from /opt/airflow/dags/main.py
[2026-01-01T10:15:30.506+0000] {processor.py:840} INFO - DAG(s) 'youtube_video_stats', 'update_db' retrieved from /opt/airflow/dags/main.py
[2026-01-01T10:15:30.546+0000] {logging_mixin.py:188} INFO - [2026-01-01T10:15:30.546+0000] {dag.py:3096} INFO - Sync 2 DAGs
[2026-01-01T10:15:30.739+0000] {logging_mixin.py:188} INFO - [2026-01-01T10:15:30.739+0000] {dag.py:3954} INFO - Setting next_dagrun for update_db to 2025-12-31 15:00:00+00:00, run_after=2026-01-01 15:00:00+00:00
[2026-01-01T10:15:30.745+0000] {logging_mixin.py:188} INFO - [2026-01-01T10:15:30.745+0000] {dag.py:3954} INFO - Setting next_dagrun for youtube_video_stats to 2025-12-31 14:00:00+00:00, run_after=2026-01-01 14:00:00+00:00
[2026-01-01T10:15:30.770+0000] {processor.py:183} INFO - Processing /opt/airflow/dags/main.py took 0.486 seconds
[2026-01-01T10:16:01.047+0000] {processor.py:161} INFO - Started process (PID=22768) to work on /opt/airflow/dags/main.py
[2026-01-01T10:16:01.048+0000] {processor.py:830} INFO - Processing file /opt/airflow/dags/main.py for tasks to queue
[2026-01-01T10:16:01.050+0000] {logging_mixin.py:188} INFO - [2026-01-01T10:16:01.049+0000] {dagbag.py:545} INFO - Filling up the DagBag from /opt/airflow/dags/main.py
[2026-01-01T10:16:01.229+0000] {processor.py:840} INFO - DAG(s) 'youtube_video_stats', 'update_db' retrieved from /opt/airflow/dags/main.py
[2026-01-01T10:16:01.296+0000] {logging_mixin.py:188} INFO - [2026-01-01T10:16:01.295+0000] {dag.py:3096} INFO - Sync 2 DAGs
[2026-01-01T10:16:01.536+0000] {logging_mixin.py:188} INFO - [2026-01-01T10:16:01.536+0000] {dag.py:3954} INFO - Setting next_dagrun for update_db to 2025-12-31 15:00:00+00:00, run_after=2026-01-01 15:00:00+00:00
[2026-01-01T10:16:01.547+0000] {logging_mixin.py:188} INFO - [2026-01-01T10:16:01.546+0000] {dag.py:3954} INFO - Setting next_dagrun for youtube_video_stats to 2025-12-31 14:00:00+00:00, run_after=2026-01-01 14:00:00+00:00
[2026-01-01T10:16:01.577+0000] {processor.py:183} INFO - Processing /opt/airflow/dags/main.py took 0.542 seconds
[2026-01-01T10:16:31.753+0000] {processor.py:161} INFO - Started process (PID=22774) to work on /opt/airflow/dags/main.py
[2026-01-01T10:16:31.755+0000] {processor.py:830} INFO - Processing file /opt/airflow/dags/main.py for tasks to queue
[2026-01-01T10:16:31.757+0000] {logging_mixin.py:188} INFO - [2026-01-01T10:16:31.757+0000] {dagbag.py:545} INFO - Filling up the DagBag from /opt/airflow/dags/main.py
[2026-01-01T10:16:31.951+0000] {processor.py:840} INFO - DAG(s) 'youtube_video_stats', 'update_db' retrieved from /opt/airflow/dags/main.py
[2026-01-01T10:16:32.172+0000] {logging_mixin.py:188} INFO - [2026-01-01T10:16:32.171+0000] {dag.py:3096} INFO - Sync 2 DAGs
[2026-01-01T10:16:32.200+0000] {logging_mixin.py:188} INFO - [2026-01-01T10:16:32.200+0000] {dag.py:3954} INFO - Setting next_dagrun for update_db to 2025-12-31 15:00:00+00:00, run_after=2026-01-01 15:00:00+00:00
[2026-01-01T10:16:32.208+0000] {logging_mixin.py:188} INFO - [2026-01-01T10:16:32.208+0000] {dag.py:3954} INFO - Setting next_dagrun for youtube_video_stats to 2025-12-31 14:00:00+00:00, run_after=2026-01-01 14:00:00+00:00
[2026-01-01T10:16:32.236+0000] {processor.py:183} INFO - Processing /opt/airflow/dags/main.py took 0.492 seconds
[2026-01-01T10:17:02.508+0000] {processor.py:161} INFO - Started process (PID=22781) to work on /opt/airflow/dags/main.py
[2026-01-01T10:17:02.509+0000] {processor.py:830} INFO - Processing file /opt/airflow/dags/main.py for tasks to queue
[2026-01-01T10:17:02.511+0000] {logging_mixin.py:188} INFO - [2026-01-01T10:17:02.511+0000] {dagbag.py:545} INFO - Filling up the DagBag from /opt/airflow/dags/main.py
[2026-01-01T10:17:02.697+0000] {processor.py:840} INFO - DAG(s) 'update_db', 'youtube_video_stats' retrieved from /opt/airflow/dags/main.py
[2026-01-01T10:17:02.907+0000] {logging_mixin.py:188} INFO - [2026-01-01T10:17:02.906+0000] {dag.py:3096} INFO - Sync 2 DAGs
[2026-01-01T10:17:02.934+0000] {logging_mixin.py:188} INFO - [2026-01-01T10:17:02.934+0000] {dag.py:3954} INFO - Setting next_dagrun for update_db to 2025-12-31 15:00:00+00:00, run_after=2026-01-01 15:00:00+00:00
[2026-01-01T10:17:02.941+0000] {logging_mixin.py:188} INFO - [2026-01-01T10:17:02.941+0000] {dag.py:3954} INFO - Setting next_dagrun for youtube_video_stats to 2025-12-31 14:00:00+00:00, run_after=2026-01-01 14:00:00+00:00
[2026-01-01T10:17:02.971+0000] {processor.py:183} INFO - Processing /opt/airflow/dags/main.py took 0.472 seconds
[2026-01-01T10:17:33.276+0000] {processor.py:161} INFO - Started process (PID=22788) to work on /opt/airflow/dags/main.py
[2026-01-01T10:17:33.277+0000] {processor.py:830} INFO - Processing file /opt/airflow/dags/main.py for tasks to queue
[2026-01-01T10:17:33.279+0000] {logging_mixin.py:188} INFO - [2026-01-01T10:17:33.279+0000] {dagbag.py:545} INFO - Filling up the DagBag from /opt/airflow/dags/main.py
[2026-01-01T10:17:33.661+0000] {processor.py:840} INFO - DAG(s) 'youtube_video_stats', 'update_db' retrieved from /opt/airflow/dags/main.py
[2026-01-01T10:17:33.710+0000] {logging_mixin.py:188} INFO - [2026-01-01T10:17:33.710+0000] {dag.py:3096} INFO - Sync 2 DAGs
[2026-01-01T10:17:33.740+0000] {logging_mixin.py:188} INFO - [2026-01-01T10:17:33.740+0000] {dag.py:3954} INFO - Setting next_dagrun for update_db to 2025-12-31 15:00:00+00:00, run_after=2026-01-01 15:00:00+00:00
[2026-01-01T10:17:33.747+0000] {logging_mixin.py:188} INFO - [2026-01-01T10:17:33.746+0000] {dag.py:3954} INFO - Setting next_dagrun for youtube_video_stats to 2025-12-31 14:00:00+00:00, run_after=2026-01-01 14:00:00+00:00
[2026-01-01T10:17:33.772+0000] {processor.py:183} INFO - Processing /opt/airflow/dags/main.py took 0.506 seconds
[2026-01-01T10:18:03.980+0000] {processor.py:161} INFO - Started process (PID=22795) to work on /opt/airflow/dags/main.py
[2026-01-01T10:18:03.982+0000] {processor.py:830} INFO - Processing file /opt/airflow/dags/main.py for tasks to queue
[2026-01-01T10:18:03.983+0000] {logging_mixin.py:188} INFO - [2026-01-01T10:18:03.983+0000] {dagbag.py:545} INFO - Filling up the DagBag from /opt/airflow/dags/main.py
[2026-01-01T10:18:04.326+0000] {processor.py:840} INFO - DAG(s) 'youtube_video_stats', 'update_db' retrieved from /opt/airflow/dags/main.py
[2026-01-01T10:18:04.362+0000] {logging_mixin.py:188} INFO - [2026-01-01T10:18:04.361+0000] {dag.py:3096} INFO - Sync 2 DAGs
[2026-01-01T10:18:04.389+0000] {logging_mixin.py:188} INFO - [2026-01-01T10:18:04.388+0000] {dag.py:3954} INFO - Setting next_dagrun for update_db to 2025-12-31 15:00:00+00:00, run_after=2026-01-01 15:00:00+00:00
[2026-01-01T10:18:04.396+0000] {logging_mixin.py:188} INFO - [2026-01-01T10:18:04.395+0000] {dag.py:3954} INFO - Setting next_dagrun for youtube_video_stats to 2025-12-31 14:00:00+00:00, run_after=2026-01-01 14:00:00+00:00
[2026-01-01T10:18:04.423+0000] {processor.py:183} INFO - Processing /opt/airflow/dags/main.py took 0.451 seconds
[2026-01-01T10:18:34.704+0000] {processor.py:161} INFO - Started process (PID=22802) to work on /opt/airflow/dags/main.py
[2026-01-01T10:18:34.706+0000] {processor.py:830} INFO - Processing file /opt/airflow/dags/main.py for tasks to queue
[2026-01-01T10:18:34.708+0000] {logging_mixin.py:188} INFO - [2026-01-01T10:18:34.708+0000] {dagbag.py:545} INFO - Filling up the DagBag from /opt/airflow/dags/main.py
[2026-01-01T10:18:34.863+0000] {processor.py:840} INFO - DAG(s) 'youtube_video_stats', 'update_db' retrieved from /opt/airflow/dags/main.py
[2026-01-01T10:18:34.908+0000] {logging_mixin.py:188} INFO - [2026-01-01T10:18:34.908+0000] {dag.py:3096} INFO - Sync 2 DAGs
[2026-01-01T10:18:35.127+0000] {logging_mixin.py:188} INFO - [2026-01-01T10:18:35.127+0000] {dag.py:3954} INFO - Setting next_dagrun for update_db to 2025-12-31 15:00:00+00:00, run_after=2026-01-01 15:00:00+00:00
[2026-01-01T10:18:35.136+0000] {logging_mixin.py:188} INFO - [2026-01-01T10:18:35.136+0000] {dag.py:3954} INFO - Setting next_dagrun for youtube_video_stats to 2025-12-31 14:00:00+00:00, run_after=2026-01-01 14:00:00+00:00
[2026-01-01T10:18:35.158+0000] {processor.py:183} INFO - Processing /opt/airflow/dags/main.py took 0.468 seconds
[2026-01-01T10:19:05.458+0000] {processor.py:161} INFO - Started process (PID=22809) to work on /opt/airflow/dags/main.py
[2026-01-01T10:19:05.460+0000] {processor.py:830} INFO - Processing file /opt/airflow/dags/main.py for tasks to queue
[2026-01-01T10:19:05.462+0000] {logging_mixin.py:188} INFO - [2026-01-01T10:19:05.462+0000] {dagbag.py:545} INFO - Filling up the DagBag from /opt/airflow/dags/main.py
[2026-01-01T10:19:05.635+0000] {processor.py:840} INFO - DAG(s) 'update_db', 'youtube_video_stats' retrieved from /opt/airflow/dags/main.py
[2026-01-01T10:19:05.872+0000] {logging_mixin.py:188} INFO - [2026-01-01T10:19:05.871+0000] {dag.py:3096} INFO - Sync 2 DAGs
[2026-01-01T10:19:05.902+0000] {logging_mixin.py:188} INFO - [2026-01-01T10:19:05.902+0000] {dag.py:3954} INFO - Setting next_dagrun for update_db to 2025-12-31 15:00:00+00:00, run_after=2026-01-01 15:00:00+00:00
[2026-01-01T10:19:05.914+0000] {logging_mixin.py:188} INFO - [2026-01-01T10:19:05.913+0000] {dag.py:3954} INFO - Setting next_dagrun for youtube_video_stats to 2025-12-31 14:00:00+00:00, run_after=2026-01-01 14:00:00+00:00
[2026-01-01T10:19:05.940+0000] {processor.py:183} INFO - Processing /opt/airflow/dags/main.py took 0.491 seconds
[2026-01-01T10:19:36.376+0000] {processor.py:161} INFO - Started process (PID=22816) to work on /opt/airflow/dags/main.py
[2026-01-01T10:19:36.377+0000] {processor.py:830} INFO - Processing file /opt/airflow/dags/main.py for tasks to queue
[2026-01-01T10:19:36.378+0000] {logging_mixin.py:188} INFO - [2026-01-01T10:19:36.378+0000] {dagbag.py:545} INFO - Filling up the DagBag from /opt/airflow/dags/main.py
[2026-01-01T10:19:36.461+0000] {processor.py:840} INFO - DAG(s) 'youtube_video_stats', 'update_db' retrieved from /opt/airflow/dags/main.py
[2026-01-01T10:19:36.635+0000] {logging_mixin.py:188} INFO - [2026-01-01T10:19:36.635+0000] {dag.py:3096} INFO - Sync 2 DAGs
[2026-01-01T10:19:36.655+0000] {logging_mixin.py:188} INFO - [2026-01-01T10:19:36.655+0000] {dag.py:3954} INFO - Setting next_dagrun for update_db to 2025-12-31 15:00:00+00:00, run_after=2026-01-01 15:00:00+00:00
[2026-01-01T10:19:36.660+0000] {logging_mixin.py:188} INFO - [2026-01-01T10:19:36.660+0000] {dag.py:3954} INFO - Setting next_dagrun for youtube_video_stats to 2025-12-31 14:00:00+00:00, run_after=2026-01-01 14:00:00+00:00
[2026-01-01T10:19:36.680+0000] {processor.py:183} INFO - Processing /opt/airflow/dags/main.py took 0.539 seconds
[2026-01-01T10:20:06.858+0000] {processor.py:161} INFO - Started process (PID=22823) to work on /opt/airflow/dags/main.py
[2026-01-01T10:20:06.859+0000] {processor.py:830} INFO - Processing file /opt/airflow/dags/main.py for tasks to queue
[2026-01-01T10:20:06.860+0000] {logging_mixin.py:188} INFO - [2026-01-01T10:20:06.860+0000] {dagbag.py:545} INFO - Filling up the DagBag from /opt/airflow/dags/main.py
[2026-01-01T10:20:07.062+0000] {processor.py:840} INFO - DAG(s) 'update_db', 'youtube_video_stats' retrieved from /opt/airflow/dags/main.py
[2026-01-01T10:20:07.085+0000] {logging_mixin.py:188} INFO - [2026-01-01T10:20:07.085+0000] {dag.py:3096} INFO - Sync 2 DAGs
[2026-01-01T10:20:07.103+0000] {logging_mixin.py:188} INFO - [2026-01-01T10:20:07.102+0000] {dag.py:3954} INFO - Setting next_dagrun for update_db to 2025-12-31 15:00:00+00:00, run_after=2026-01-01 15:00:00+00:00
[2026-01-01T10:20:07.107+0000] {logging_mixin.py:188} INFO - [2026-01-01T10:20:07.107+0000] {dag.py:3954} INFO - Setting next_dagrun for youtube_video_stats to 2025-12-31 14:00:00+00:00, run_after=2026-01-01 14:00:00+00:00
[2026-01-01T10:20:07.122+0000] {processor.py:183} INFO - Processing /opt/airflow/dags/main.py took 0.270 seconds
[2026-01-01T10:20:37.324+0000] {processor.py:161} INFO - Started process (PID=22830) to work on /opt/airflow/dags/main.py
[2026-01-01T10:20:37.326+0000] {processor.py:830} INFO - Processing file /opt/airflow/dags/main.py for tasks to queue
[2026-01-01T10:20:37.327+0000] {logging_mixin.py:188} INFO - [2026-01-01T10:20:37.327+0000] {dagbag.py:545} INFO - Filling up the DagBag from /opt/airflow/dags/main.py
[2026-01-01T10:20:37.556+0000] {processor.py:840} INFO - DAG(s) 'youtube_video_stats', 'update_db' retrieved from /opt/airflow/dags/main.py
[2026-01-01T10:20:37.588+0000] {logging_mixin.py:188} INFO - [2026-01-01T10:20:37.588+0000] {dag.py:3096} INFO - Sync 2 DAGs
[2026-01-01T10:20:37.608+0000] {logging_mixin.py:188} INFO - [2026-01-01T10:20:37.608+0000] {dag.py:3954} INFO - Setting next_dagrun for update_db to 2025-12-31 15:00:00+00:00, run_after=2026-01-01 15:00:00+00:00
[2026-01-01T10:20:37.614+0000] {logging_mixin.py:188} INFO - [2026-01-01T10:20:37.614+0000] {dag.py:3954} INFO - Setting next_dagrun for youtube_video_stats to 2025-12-31 14:00:00+00:00, run_after=2026-01-01 14:00:00+00:00
[2026-01-01T10:20:37.632+0000] {processor.py:183} INFO - Processing /opt/airflow/dags/main.py took 0.316 seconds
[2026-01-01T10:21:07.818+0000] {processor.py:161} INFO - Started process (PID=22837) to work on /opt/airflow/dags/main.py
[2026-01-01T10:21:07.820+0000] {processor.py:830} INFO - Processing file /opt/airflow/dags/main.py for tasks to queue
[2026-01-01T10:21:07.821+0000] {logging_mixin.py:188} INFO - [2026-01-01T10:21:07.820+0000] {dagbag.py:545} INFO - Filling up the DagBag from /opt/airflow/dags/main.py
[2026-01-01T10:21:07.917+0000] {processor.py:840} INFO - DAG(s) 'update_db', 'youtube_video_stats' retrieved from /opt/airflow/dags/main.py
[2026-01-01T10:21:07.951+0000] {logging_mixin.py:188} INFO - [2026-01-01T10:21:07.950+0000] {dag.py:3096} INFO - Sync 2 DAGs
[2026-01-01T10:21:08.100+0000] {logging_mixin.py:188} INFO - [2026-01-01T10:21:08.100+0000] {dag.py:3954} INFO - Setting next_dagrun for update_db to 2025-12-31 15:00:00+00:00, run_after=2026-01-01 15:00:00+00:00
[2026-01-01T10:21:08.105+0000] {logging_mixin.py:188} INFO - [2026-01-01T10:21:08.105+0000] {dag.py:3954} INFO - Setting next_dagrun for youtube_video_stats to 2025-12-31 14:00:00+00:00, run_after=2026-01-01 14:00:00+00:00
[2026-01-01T10:21:08.123+0000] {processor.py:183} INFO - Processing /opt/airflow/dags/main.py took 0.313 seconds
[2026-01-01T10:21:38.317+0000] {processor.py:161} INFO - Started process (PID=22844) to work on /opt/airflow/dags/main.py
[2026-01-01T10:21:38.319+0000] {processor.py:830} INFO - Processing file /opt/airflow/dags/main.py for tasks to queue
[2026-01-01T10:21:38.320+0000] {logging_mixin.py:188} INFO - [2026-01-01T10:21:38.319+0000] {dagbag.py:545} INFO - Filling up the DagBag from /opt/airflow/dags/main.py
[2026-01-01T10:21:38.385+0000] {processor.py:840} INFO - DAG(s) 'update_db', 'youtube_video_stats' retrieved from /opt/airflow/dags/main.py
[2026-01-01T10:21:38.410+0000] {logging_mixin.py:188} INFO - [2026-01-01T10:21:38.410+0000] {dag.py:3096} INFO - Sync 2 DAGs
[2026-01-01T10:21:38.548+0000] {logging_mixin.py:188} INFO - [2026-01-01T10:21:38.548+0000] {dag.py:3954} INFO - Setting next_dagrun for update_db to 2025-12-31 15:00:00+00:00, run_after=2026-01-01 15:00:00+00:00
[2026-01-01T10:21:38.553+0000] {logging_mixin.py:188} INFO - [2026-01-01T10:21:38.552+0000] {dag.py:3954} INFO - Setting next_dagrun for youtube_video_stats to 2025-12-31 14:00:00+00:00, run_after=2026-01-01 14:00:00+00:00
[2026-01-01T10:21:38.571+0000] {processor.py:183} INFO - Processing /opt/airflow/dags/main.py took 0.259 seconds
[2026-01-01T10:22:08.755+0000] {processor.py:161} INFO - Started process (PID=22851) to work on /opt/airflow/dags/main.py
[2026-01-01T10:22:08.756+0000] {processor.py:830} INFO - Processing file /opt/airflow/dags/main.py for tasks to queue
[2026-01-01T10:22:08.758+0000] {logging_mixin.py:188} INFO - [2026-01-01T10:22:08.757+0000] {dagbag.py:545} INFO - Filling up the DagBag from /opt/airflow/dags/main.py
[2026-01-01T10:22:08.831+0000] {processor.py:840} INFO - DAG(s) 'update_db', 'youtube_video_stats' retrieved from /opt/airflow/dags/main.py
[2026-01-01T10:22:08.978+0000] {logging_mixin.py:188} INFO - [2026-01-01T10:22:08.978+0000] {dag.py:3096} INFO - Sync 2 DAGs
[2026-01-01T10:22:08.995+0000] {logging_mixin.py:188} INFO - [2026-01-01T10:22:08.995+0000] {dag.py:3954} INFO - Setting next_dagrun for update_db to 2025-12-31 15:00:00+00:00, run_after=2026-01-01 15:00:00+00:00
[2026-01-01T10:22:09.000+0000] {logging_mixin.py:188} INFO - [2026-01-01T10:22:09.000+0000] {dag.py:3954} INFO - Setting next_dagrun for youtube_video_stats to 2025-12-31 14:00:00+00:00, run_after=2026-01-01 14:00:00+00:00
[2026-01-01T10:22:09.014+0000] {processor.py:183} INFO - Processing /opt/airflow/dags/main.py took 0.265 seconds
[2026-01-01T10:22:39.193+0000] {processor.py:161} INFO - Started process (PID=22858) to work on /opt/airflow/dags/main.py
[2026-01-01T10:22:39.194+0000] {processor.py:830} INFO - Processing file /opt/airflow/dags/main.py for tasks to queue
[2026-01-01T10:22:39.195+0000] {logging_mixin.py:188} INFO - [2026-01-01T10:22:39.195+0000] {dagbag.py:545} INFO - Filling up the DagBag from /opt/airflow/dags/main.py
[2026-01-01T10:22:39.270+0000] {processor.py:840} INFO - DAG(s) 'update_db', 'youtube_video_stats' retrieved from /opt/airflow/dags/main.py
[2026-01-01T10:22:39.421+0000] {logging_mixin.py:188} INFO - [2026-01-01T10:22:39.421+0000] {dag.py:3096} INFO - Sync 2 DAGs
[2026-01-01T10:22:39.439+0000] {logging_mixin.py:188} INFO - [2026-01-01T10:22:39.438+0000] {dag.py:3954} INFO - Setting next_dagrun for update_db to 2025-12-31 15:00:00+00:00, run_after=2026-01-01 15:00:00+00:00
[2026-01-01T10:22:39.443+0000] {logging_mixin.py:188} INFO - [2026-01-01T10:22:39.443+0000] {dag.py:3954} INFO - Setting next_dagrun for youtube_video_stats to 2025-12-31 14:00:00+00:00, run_after=2026-01-01 14:00:00+00:00
[2026-01-01T10:22:39.461+0000] {processor.py:183} INFO - Processing /opt/airflow/dags/main.py took 0.274 seconds
[2026-01-01T10:23:09.668+0000] {processor.py:161} INFO - Started process (PID=22865) to work on /opt/airflow/dags/main.py
[2026-01-01T10:23:09.669+0000] {processor.py:830} INFO - Processing file /opt/airflow/dags/main.py for tasks to queue
[2026-01-01T10:23:09.670+0000] {logging_mixin.py:188} INFO - [2026-01-01T10:23:09.670+0000] {dagbag.py:545} INFO - Filling up the DagBag from /opt/airflow/dags/main.py
[2026-01-01T10:23:09.866+0000] {processor.py:840} INFO - DAG(s) 'youtube_video_stats', 'update_db' retrieved from /opt/airflow/dags/main.py
[2026-01-01T10:23:09.890+0000] {logging_mixin.py:188} INFO - [2026-01-01T10:23:09.889+0000] {dag.py:3096} INFO - Sync 2 DAGs
[2026-01-01T10:23:09.907+0000] {logging_mixin.py:188} INFO - [2026-01-01T10:23:09.907+0000] {dag.py:3954} INFO - Setting next_dagrun for update_db to 2025-12-31 15:00:00+00:00, run_after=2026-01-01 15:00:00+00:00
[2026-01-01T10:23:09.912+0000] {logging_mixin.py:188} INFO - [2026-01-01T10:23:09.911+0000] {dag.py:3954} INFO - Setting next_dagrun for youtube_video_stats to 2025-12-31 14:00:00+00:00, run_after=2026-01-01 14:00:00+00:00
[2026-01-01T10:23:09.928+0000] {processor.py:183} INFO - Processing /opt/airflow/dags/main.py took 0.266 seconds
[2026-01-01T10:23:40.139+0000] {processor.py:161} INFO - Started process (PID=22872) to work on /opt/airflow/dags/main.py
[2026-01-01T10:23:40.140+0000] {processor.py:830} INFO - Processing file /opt/airflow/dags/main.py for tasks to queue
[2026-01-01T10:23:40.141+0000] {logging_mixin.py:188} INFO - [2026-01-01T10:23:40.141+0000] {dagbag.py:545} INFO - Filling up the DagBag from /opt/airflow/dags/main.py
[2026-01-01T10:23:40.328+0000] {processor.py:840} INFO - DAG(s) 'youtube_video_stats', 'update_db' retrieved from /opt/airflow/dags/main.py
[2026-01-01T10:23:40.350+0000] {logging_mixin.py:188} INFO - [2026-01-01T10:23:40.350+0000] {dag.py:3096} INFO - Sync 2 DAGs
[2026-01-01T10:23:40.368+0000] {logging_mixin.py:188} INFO - [2026-01-01T10:23:40.368+0000] {dag.py:3954} INFO - Setting next_dagrun for update_db to 2025-12-31 15:00:00+00:00, run_after=2026-01-01 15:00:00+00:00
[2026-01-01T10:23:40.372+0000] {logging_mixin.py:188} INFO - [2026-01-01T10:23:40.372+0000] {dag.py:3954} INFO - Setting next_dagrun for youtube_video_stats to 2025-12-31 14:00:00+00:00, run_after=2026-01-01 14:00:00+00:00
[2026-01-01T10:23:40.386+0000] {processor.py:183} INFO - Processing /opt/airflow/dags/main.py took 0.253 seconds
[2026-01-01T10:24:10.611+0000] {processor.py:161} INFO - Started process (PID=22879) to work on /opt/airflow/dags/main.py
[2026-01-01T10:24:10.612+0000] {processor.py:830} INFO - Processing file /opt/airflow/dags/main.py for tasks to queue
[2026-01-01T10:24:10.613+0000] {logging_mixin.py:188} INFO - [2026-01-01T10:24:10.613+0000] {dagbag.py:545} INFO - Filling up the DagBag from /opt/airflow/dags/main.py
[2026-01-01T10:24:10.680+0000] {processor.py:840} INFO - DAG(s) 'update_db', 'youtube_video_stats' retrieved from /opt/airflow/dags/main.py
[2026-01-01T10:24:10.705+0000] {logging_mixin.py:188} INFO - [2026-01-01T10:24:10.705+0000] {dag.py:3096} INFO - Sync 2 DAGs
[2026-01-01T10:24:10.836+0000] {logging_mixin.py:188} INFO - [2026-01-01T10:24:10.836+0000] {dag.py:3954} INFO - Setting next_dagrun for update_db to 2025-12-31 15:00:00+00:00, run_after=2026-01-01 15:00:00+00:00
[2026-01-01T10:24:10.840+0000] {logging_mixin.py:188} INFO - [2026-01-01T10:24:10.840+0000] {dag.py:3954} INFO - Setting next_dagrun for youtube_video_stats to 2025-12-31 14:00:00+00:00, run_after=2026-01-01 14:00:00+00:00
[2026-01-01T10:24:10.861+0000] {processor.py:183} INFO - Processing /opt/airflow/dags/main.py took 0.255 seconds
[2026-01-01T10:24:41.095+0000] {processor.py:161} INFO - Started process (PID=22886) to work on /opt/airflow/dags/main.py
[2026-01-01T10:24:41.096+0000] {processor.py:830} INFO - Processing file /opt/airflow/dags/main.py for tasks to queue
[2026-01-01T10:24:41.097+0000] {logging_mixin.py:188} INFO - [2026-01-01T10:24:41.096+0000] {dagbag.py:545} INFO - Filling up the DagBag from /opt/airflow/dags/main.py
[2026-01-01T10:24:41.161+0000] {processor.py:840} INFO - DAG(s) 'update_db', 'youtube_video_stats' retrieved from /opt/airflow/dags/main.py
[2026-01-01T10:24:41.187+0000] {logging_mixin.py:188} INFO - [2026-01-01T10:24:41.187+0000] {dag.py:3096} INFO - Sync 2 DAGs
[2026-01-01T10:24:41.320+0000] {logging_mixin.py:188} INFO - [2026-01-01T10:24:41.319+0000] {dag.py:3954} INFO - Setting next_dagrun for update_db to 2025-12-31 15:00:00+00:00, run_after=2026-01-01 15:00:00+00:00
[2026-01-01T10:24:41.324+0000] {logging_mixin.py:188} INFO - [2026-01-01T10:24:41.324+0000] {dag.py:3954} INFO - Setting next_dagrun for youtube_video_stats to 2025-12-31 14:00:00+00:00, run_after=2026-01-01 14:00:00+00:00
[2026-01-01T10:24:41.343+0000] {processor.py:183} INFO - Processing /opt/airflow/dags/main.py took 0.253 seconds
[2026-01-01T10:25:11.605+0000] {processor.py:161} INFO - Started process (PID=22893) to work on /opt/airflow/dags/main.py
[2026-01-01T10:25:11.608+0000] {processor.py:830} INFO - Processing file /opt/airflow/dags/main.py for tasks to queue
[2026-01-01T10:25:11.611+0000] {logging_mixin.py:188} INFO - [2026-01-01T10:25:11.610+0000] {dagbag.py:545} INFO - Filling up the DagBag from /opt/airflow/dags/main.py
[2026-01-01T10:25:11.831+0000] {processor.py:840} INFO - DAG(s) 'youtube_video_stats', 'update_db' retrieved from /opt/airflow/dags/main.py
[2026-01-01T10:25:12.010+0000] {logging_mixin.py:188} INFO - [2026-01-01T10:25:12.010+0000] {dag.py:3096} INFO - Sync 2 DAGs
[2026-01-01T10:25:12.030+0000] {logging_mixin.py:188} INFO - [2026-01-01T10:25:12.030+0000] {dag.py:3954} INFO - Setting next_dagrun for update_db to 2025-12-31 15:00:00+00:00, run_after=2026-01-01 15:00:00+00:00
[2026-01-01T10:25:12.036+0000] {logging_mixin.py:188} INFO - [2026-01-01T10:25:12.036+0000] {dag.py:3954} INFO - Setting next_dagrun for youtube_video_stats to 2025-12-31 14:00:00+00:00, run_after=2026-01-01 14:00:00+00:00
[2026-01-01T10:25:12.056+0000] {processor.py:183} INFO - Processing /opt/airflow/dags/main.py took 0.459 seconds
[2026-01-01T10:25:42.368+0000] {processor.py:161} INFO - Started process (PID=22900) to work on /opt/airflow/dags/main.py
[2026-01-01T10:25:42.369+0000] {processor.py:830} INFO - Processing file /opt/airflow/dags/main.py for tasks to queue
[2026-01-01T10:25:42.370+0000] {logging_mixin.py:188} INFO - [2026-01-01T10:25:42.369+0000] {dagbag.py:545} INFO - Filling up the DagBag from /opt/airflow/dags/main.py
[2026-01-01T10:25:42.617+0000] {processor.py:840} INFO - DAG(s) 'youtube_video_stats', 'update_db' retrieved from /opt/airflow/dags/main.py
[2026-01-01T10:25:42.642+0000] {logging_mixin.py:188} INFO - [2026-01-01T10:25:42.642+0000] {dag.py:3096} INFO - Sync 2 DAGs
[2026-01-01T10:25:42.659+0000] {logging_mixin.py:188} INFO - [2026-01-01T10:25:42.659+0000] {dag.py:3954} INFO - Setting next_dagrun for update_db to 2025-12-31 15:00:00+00:00, run_after=2026-01-01 15:00:00+00:00
[2026-01-01T10:25:42.664+0000] {logging_mixin.py:188} INFO - [2026-01-01T10:25:42.664+0000] {dag.py:3954} INFO - Setting next_dagrun for youtube_video_stats to 2025-12-31 14:00:00+00:00, run_after=2026-01-01 14:00:00+00:00
[2026-01-01T10:25:42.683+0000] {processor.py:183} INFO - Processing /opt/airflow/dags/main.py took 0.321 seconds
[2026-01-01T10:26:12.921+0000] {processor.py:161} INFO - Started process (PID=22914) to work on /opt/airflow/dags/main.py
[2026-01-01T10:26:12.922+0000] {processor.py:830} INFO - Processing file /opt/airflow/dags/main.py for tasks to queue
[2026-01-01T10:26:12.923+0000] {logging_mixin.py:188} INFO - [2026-01-01T10:26:12.923+0000] {dagbag.py:545} INFO - Filling up the DagBag from /opt/airflow/dags/main.py
[2026-01-01T10:26:13.132+0000] {processor.py:840} INFO - DAG(s) 'update_db', 'youtube_video_stats' retrieved from /opt/airflow/dags/main.py
[2026-01-01T10:26:13.157+0000] {logging_mixin.py:188} INFO - [2026-01-01T10:26:13.156+0000] {dag.py:3096} INFO - Sync 2 DAGs
[2026-01-01T10:26:13.174+0000] {logging_mixin.py:188} INFO - [2026-01-01T10:26:13.174+0000] {dag.py:3954} INFO - Setting next_dagrun for update_db to 2025-12-31 15:00:00+00:00, run_after=2026-01-01 15:00:00+00:00
[2026-01-01T10:26:13.179+0000] {logging_mixin.py:188} INFO - [2026-01-01T10:26:13.178+0000] {dag.py:3954} INFO - Setting next_dagrun for youtube_video_stats to 2025-12-31 14:00:00+00:00, run_after=2026-01-01 14:00:00+00:00
[2026-01-01T10:26:13.194+0000] {processor.py:183} INFO - Processing /opt/airflow/dags/main.py took 0.278 seconds
[2026-01-01T10:26:43.452+0000] {processor.py:161} INFO - Started process (PID=22921) to work on /opt/airflow/dags/main.py
[2026-01-01T10:26:43.454+0000] {processor.py:830} INFO - Processing file /opt/airflow/dags/main.py for tasks to queue
[2026-01-01T10:26:43.454+0000] {logging_mixin.py:188} INFO - [2026-01-01T10:26:43.454+0000] {dagbag.py:545} INFO - Filling up the DagBag from /opt/airflow/dags/main.py
[2026-01-01T10:26:43.670+0000] {processor.py:840} INFO - DAG(s) 'youtube_video_stats', 'update_db' retrieved from /opt/airflow/dags/main.py
[2026-01-01T10:26:43.694+0000] {logging_mixin.py:188} INFO - [2026-01-01T10:26:43.694+0000] {dag.py:3096} INFO - Sync 2 DAGs
[2026-01-01T10:26:43.711+0000] {logging_mixin.py:188} INFO - [2026-01-01T10:26:43.711+0000] {dag.py:3954} INFO - Setting next_dagrun for update_db to 2025-12-31 15:00:00+00:00, run_after=2026-01-01 15:00:00+00:00
[2026-01-01T10:26:43.716+0000] {logging_mixin.py:188} INFO - [2026-01-01T10:26:43.716+0000] {dag.py:3954} INFO - Setting next_dagrun for youtube_video_stats to 2025-12-31 14:00:00+00:00, run_after=2026-01-01 14:00:00+00:00
[2026-01-01T10:26:43.730+0000] {processor.py:183} INFO - Processing /opt/airflow/dags/main.py took 0.283 seconds
[2026-01-01T10:27:13.964+0000] {processor.py:161} INFO - Started process (PID=22928) to work on /opt/airflow/dags/main.py
[2026-01-01T10:27:13.965+0000] {processor.py:830} INFO - Processing file /opt/airflow/dags/main.py for tasks to queue
[2026-01-01T10:27:13.966+0000] {logging_mixin.py:188} INFO - [2026-01-01T10:27:13.966+0000] {dagbag.py:545} INFO - Filling up the DagBag from /opt/airflow/dags/main.py
[2026-01-01T10:27:14.036+0000] {processor.py:840} INFO - DAG(s) 'youtube_video_stats', 'update_db' retrieved from /opt/airflow/dags/main.py
[2026-01-01T10:27:14.061+0000] {logging_mixin.py:188} INFO - [2026-01-01T10:27:14.061+0000] {dag.py:3096} INFO - Sync 2 DAGs
[2026-01-01T10:27:14.200+0000] {logging_mixin.py:188} INFO - [2026-01-01T10:27:14.200+0000] {dag.py:3954} INFO - Setting next_dagrun for update_db to 2025-12-31 15:00:00+00:00, run_after=2026-01-01 15:00:00+00:00
[2026-01-01T10:27:14.204+0000] {logging_mixin.py:188} INFO - [2026-01-01T10:27:14.204+0000] {dag.py:3954} INFO - Setting next_dagrun for youtube_video_stats to 2025-12-31 14:00:00+00:00, run_after=2026-01-01 14:00:00+00:00
[2026-01-01T10:27:14.224+0000] {processor.py:183} INFO - Processing /opt/airflow/dags/main.py took 0.266 seconds
[2026-01-01T10:27:44.445+0000] {processor.py:161} INFO - Started process (PID=22935) to work on /opt/airflow/dags/main.py
[2026-01-01T10:27:44.446+0000] {processor.py:830} INFO - Processing file /opt/airflow/dags/main.py for tasks to queue
[2026-01-01T10:27:44.447+0000] {logging_mixin.py:188} INFO - [2026-01-01T10:27:44.447+0000] {dagbag.py:545} INFO - Filling up the DagBag from /opt/airflow/dags/main.py
[2026-01-01T10:27:44.519+0000] {processor.py:840} INFO - DAG(s) 'youtube_video_stats', 'update_db' retrieved from /opt/airflow/dags/main.py
[2026-01-01T10:27:44.673+0000] {logging_mixin.py:188} INFO - [2026-01-01T10:27:44.672+0000] {dag.py:3096} INFO - Sync 2 DAGs
[2026-01-01T10:27:44.691+0000] {logging_mixin.py:188} INFO - [2026-01-01T10:27:44.690+0000] {dag.py:3954} INFO - Setting next_dagrun for update_db to 2025-12-31 15:00:00+00:00, run_after=2026-01-01 15:00:00+00:00
[2026-01-01T10:27:44.696+0000] {logging_mixin.py:188} INFO - [2026-01-01T10:27:44.695+0000] {dag.py:3954} INFO - Setting next_dagrun for youtube_video_stats to 2025-12-31 14:00:00+00:00, run_after=2026-01-01 14:00:00+00:00
[2026-01-01T10:27:44.710+0000] {processor.py:183} INFO - Processing /opt/airflow/dags/main.py took 0.270 seconds
[2026-01-01T10:28:14.910+0000] {processor.py:161} INFO - Started process (PID=22942) to work on /opt/airflow/dags/main.py
[2026-01-01T10:28:14.911+0000] {processor.py:830} INFO - Processing file /opt/airflow/dags/main.py for tasks to queue
[2026-01-01T10:28:14.912+0000] {logging_mixin.py:188} INFO - [2026-01-01T10:28:14.912+0000] {dagbag.py:545} INFO - Filling up the DagBag from /opt/airflow/dags/main.py
[2026-01-01T10:28:14.987+0000] {processor.py:840} INFO - DAG(s) 'update_db', 'youtube_video_stats' retrieved from /opt/airflow/dags/main.py
[2026-01-01T10:28:15.154+0000] {logging_mixin.py:188} INFO - [2026-01-01T10:28:15.154+0000] {dag.py:3096} INFO - Sync 2 DAGs
[2026-01-01T10:28:15.173+0000] {logging_mixin.py:188} INFO - [2026-01-01T10:28:15.173+0000] {dag.py:3954} INFO - Setting next_dagrun for update_db to 2025-12-31 15:00:00+00:00, run_after=2026-01-01 15:00:00+00:00
[2026-01-01T10:28:15.178+0000] {logging_mixin.py:188} INFO - [2026-01-01T10:28:15.178+0000] {dag.py:3954} INFO - Setting next_dagrun for youtube_video_stats to 2025-12-31 14:00:00+00:00, run_after=2026-01-01 14:00:00+00:00
[2026-01-01T10:28:15.195+0000] {processor.py:183} INFO - Processing /opt/airflow/dags/main.py took 0.291 seconds
[2026-01-01T10:28:45.370+0000] {processor.py:161} INFO - Started process (PID=22949) to work on /opt/airflow/dags/main.py
[2026-01-01T10:28:45.371+0000] {processor.py:830} INFO - Processing file /opt/airflow/dags/main.py for tasks to queue
[2026-01-01T10:28:45.372+0000] {logging_mixin.py:188} INFO - [2026-01-01T10:28:45.372+0000] {dagbag.py:545} INFO - Filling up the DagBag from /opt/airflow/dags/main.py
[2026-01-01T10:28:45.582+0000] {processor.py:840} INFO - DAG(s) 'youtube_video_stats', 'update_db' retrieved from /opt/airflow/dags/main.py
[2026-01-01T10:28:45.608+0000] {logging_mixin.py:188} INFO - [2026-01-01T10:28:45.608+0000] {dag.py:3096} INFO - Sync 2 DAGs
[2026-01-01T10:28:45.627+0000] {logging_mixin.py:188} INFO - [2026-01-01T10:28:45.626+0000] {dag.py:3954} INFO - Setting next_dagrun for update_db to 2025-12-31 15:00:00+00:00, run_after=2026-01-01 15:00:00+00:00
[2026-01-01T10:28:45.632+0000] {logging_mixin.py:188} INFO - [2026-01-01T10:28:45.632+0000] {dag.py:3954} INFO - Setting next_dagrun for youtube_video_stats to 2025-12-31 14:00:00+00:00, run_after=2026-01-01 14:00:00+00:00
[2026-01-01T10:28:45.650+0000] {processor.py:183} INFO - Processing /opt/airflow/dags/main.py took 0.286 seconds
[2026-01-01T10:29:15.839+0000] {processor.py:161} INFO - Started process (PID=22956) to work on /opt/airflow/dags/main.py
[2026-01-01T10:29:15.840+0000] {processor.py:830} INFO - Processing file /opt/airflow/dags/main.py for tasks to queue
[2026-01-01T10:29:15.841+0000] {logging_mixin.py:188} INFO - [2026-01-01T10:29:15.840+0000] {dagbag.py:545} INFO - Filling up the DagBag from /opt/airflow/dags/main.py
[2026-01-01T10:29:16.051+0000] {processor.py:840} INFO - DAG(s) 'youtube_video_stats', 'update_db' retrieved from /opt/airflow/dags/main.py
[2026-01-01T10:29:16.080+0000] {logging_mixin.py:188} INFO - [2026-01-01T10:29:16.080+0000] {dag.py:3096} INFO - Sync 2 DAGs
[2026-01-01T10:29:16.101+0000] {logging_mixin.py:188} INFO - [2026-01-01T10:29:16.101+0000] {dag.py:3954} INFO - Setting next_dagrun for update_db to 2025-12-31 15:00:00+00:00, run_after=2026-01-01 15:00:00+00:00
[2026-01-01T10:29:16.108+0000] {logging_mixin.py:188} INFO - [2026-01-01T10:29:16.108+0000] {dag.py:3954} INFO - Setting next_dagrun for youtube_video_stats to 2025-12-31 14:00:00+00:00, run_after=2026-01-01 14:00:00+00:00
[2026-01-01T10:29:16.128+0000] {processor.py:183} INFO - Processing /opt/airflow/dags/main.py took 0.296 seconds
[2026-01-01T10:29:46.303+0000] {processor.py:161} INFO - Started process (PID=22963) to work on /opt/airflow/dags/main.py
[2026-01-01T10:29:46.304+0000] {processor.py:830} INFO - Processing file /opt/airflow/dags/main.py for tasks to queue
[2026-01-01T10:29:46.306+0000] {logging_mixin.py:188} INFO - [2026-01-01T10:29:46.305+0000] {dagbag.py:545} INFO - Filling up the DagBag from /opt/airflow/dags/main.py
[2026-01-01T10:29:46.519+0000] {processor.py:840} INFO - DAG(s) 'youtube_video_stats', 'update_db' retrieved from /opt/airflow/dags/main.py
[2026-01-01T10:29:46.547+0000] {logging_mixin.py:188} INFO - [2026-01-01T10:29:46.546+0000] {dag.py:3096} INFO - Sync 2 DAGs
[2026-01-01T10:29:46.568+0000] {logging_mixin.py:188} INFO - [2026-01-01T10:29:46.567+0000] {dag.py:3954} INFO - Setting next_dagrun for update_db to 2025-12-31 15:00:00+00:00, run_after=2026-01-01 15:00:00+00:00
[2026-01-01T10:29:46.574+0000] {logging_mixin.py:188} INFO - [2026-01-01T10:29:46.573+0000] {dag.py:3954} INFO - Setting next_dagrun for youtube_video_stats to 2025-12-31 14:00:00+00:00, run_after=2026-01-01 14:00:00+00:00
[2026-01-01T10:29:46.591+0000] {processor.py:183} INFO - Processing /opt/airflow/dags/main.py took 0.294 seconds
[2026-01-01T10:30:16.771+0000] {processor.py:161} INFO - Started process (PID=22970) to work on /opt/airflow/dags/main.py
[2026-01-01T10:30:16.773+0000] {processor.py:830} INFO - Processing file /opt/airflow/dags/main.py for tasks to queue
[2026-01-01T10:30:16.774+0000] {logging_mixin.py:188} INFO - [2026-01-01T10:30:16.773+0000] {dagbag.py:545} INFO - Filling up the DagBag from /opt/airflow/dags/main.py
[2026-01-01T10:30:16.867+0000] {processor.py:840} INFO - DAG(s) 'update_db', 'youtube_video_stats' retrieved from /opt/airflow/dags/main.py
[2026-01-01T10:30:16.905+0000] {logging_mixin.py:188} INFO - [2026-01-01T10:30:16.905+0000] {dag.py:3096} INFO - Sync 2 DAGs
[2026-01-01T10:30:17.088+0000] {logging_mixin.py:188} INFO - [2026-01-01T10:30:17.088+0000] {dag.py:3954} INFO - Setting next_dagrun for update_db to 2025-12-31 15:00:00+00:00, run_after=2026-01-01 15:00:00+00:00
[2026-01-01T10:30:17.096+0000] {logging_mixin.py:188} INFO - [2026-01-01T10:30:17.095+0000] {dag.py:3954} INFO - Setting next_dagrun for youtube_video_stats to 2025-12-31 14:00:00+00:00, run_after=2026-01-01 14:00:00+00:00
[2026-01-01T10:30:17.151+0000] {processor.py:183} INFO - Processing /opt/airflow/dags/main.py took 0.389 seconds
[2026-01-01T10:30:47.470+0000] {processor.py:161} INFO - Started process (PID=22977) to work on /opt/airflow/dags/main.py
[2026-01-01T10:30:47.472+0000] {processor.py:830} INFO - Processing file /opt/airflow/dags/main.py for tasks to queue
[2026-01-01T10:30:47.473+0000] {logging_mixin.py:188} INFO - [2026-01-01T10:30:47.473+0000] {dagbag.py:545} INFO - Filling up the DagBag from /opt/airflow/dags/main.py
[2026-01-01T10:30:47.572+0000] {processor.py:840} INFO - DAG(s) 'update_db', 'youtube_video_stats' retrieved from /opt/airflow/dags/main.py
[2026-01-01T10:30:47.749+0000] {logging_mixin.py:188} INFO - [2026-01-01T10:30:47.749+0000] {dag.py:3096} INFO - Sync 2 DAGs
[2026-01-01T10:30:47.772+0000] {logging_mixin.py:188} INFO - [2026-01-01T10:30:47.772+0000] {dag.py:3954} INFO - Setting next_dagrun for update_db to 2025-12-31 15:00:00+00:00, run_after=2026-01-01 15:00:00+00:00
[2026-01-01T10:30:47.776+0000] {logging_mixin.py:188} INFO - [2026-01-01T10:30:47.776+0000] {dag.py:3954} INFO - Setting next_dagrun for youtube_video_stats to 2025-12-31 14:00:00+00:00, run_after=2026-01-01 14:00:00+00:00
[2026-01-01T10:30:47.792+0000] {processor.py:183} INFO - Processing /opt/airflow/dags/main.py took 0.332 seconds
[2026-01-01T10:31:17.993+0000] {processor.py:161} INFO - Started process (PID=22985) to work on /opt/airflow/dags/main.py
[2026-01-01T10:31:17.994+0000] {processor.py:830} INFO - Processing file /opt/airflow/dags/main.py for tasks to queue
[2026-01-01T10:31:17.995+0000] {logging_mixin.py:188} INFO - [2026-01-01T10:31:17.994+0000] {dagbag.py:545} INFO - Filling up the DagBag from /opt/airflow/dags/main.py
[2026-01-01T10:31:18.077+0000] {processor.py:840} INFO - DAG(s) 'youtube_video_stats', 'update_db' retrieved from /opt/airflow/dags/main.py
[2026-01-01T10:31:18.243+0000] {logging_mixin.py:188} INFO - [2026-01-01T10:31:18.243+0000] {dag.py:3096} INFO - Sync 2 DAGs
[2026-01-01T10:31:18.264+0000] {logging_mixin.py:188} INFO - [2026-01-01T10:31:18.264+0000] {dag.py:3954} INFO - Setting next_dagrun for update_db to 2025-12-31 15:00:00+00:00, run_after=2026-01-01 15:00:00+00:00
[2026-01-01T10:31:18.272+0000] {logging_mixin.py:188} INFO - [2026-01-01T10:31:18.271+0000] {dag.py:3954} INFO - Setting next_dagrun for youtube_video_stats to 2025-12-31 14:00:00+00:00, run_after=2026-01-01 14:00:00+00:00
[2026-01-01T10:31:18.288+0000] {processor.py:183} INFO - Processing /opt/airflow/dags/main.py took 0.302 seconds
[2026-01-01T10:31:48.474+0000] {processor.py:161} INFO - Started process (PID=22992) to work on /opt/airflow/dags/main.py
[2026-01-01T10:31:48.475+0000] {processor.py:830} INFO - Processing file /opt/airflow/dags/main.py for tasks to queue
[2026-01-01T10:31:48.477+0000] {logging_mixin.py:188} INFO - [2026-01-01T10:31:48.476+0000] {dagbag.py:545} INFO - Filling up the DagBag from /opt/airflow/dags/main.py
[2026-01-01T10:31:48.695+0000] {processor.py:840} INFO - DAG(s) 'update_db', 'youtube_video_stats' retrieved from /opt/airflow/dags/main.py
[2026-01-01T10:31:48.720+0000] {logging_mixin.py:188} INFO - [2026-01-01T10:31:48.720+0000] {dag.py:3096} INFO - Sync 2 DAGs
[2026-01-01T10:31:48.739+0000] {logging_mixin.py:188} INFO - [2026-01-01T10:31:48.739+0000] {dag.py:3954} INFO - Setting next_dagrun for update_db to 2025-12-31 15:00:00+00:00, run_after=2026-01-01 15:00:00+00:00
[2026-01-01T10:31:48.744+0000] {logging_mixin.py:188} INFO - [2026-01-01T10:31:48.743+0000] {dag.py:3954} INFO - Setting next_dagrun for youtube_video_stats to 2025-12-31 14:00:00+00:00, run_after=2026-01-01 14:00:00+00:00
[2026-01-01T10:31:48.763+0000] {processor.py:183} INFO - Processing /opt/airflow/dags/main.py took 0.295 seconds
[2026-01-01T10:32:18.952+0000] {processor.py:161} INFO - Started process (PID=22999) to work on /opt/airflow/dags/main.py
[2026-01-01T10:32:18.953+0000] {processor.py:830} INFO - Processing file /opt/airflow/dags/main.py for tasks to queue
[2026-01-01T10:32:18.954+0000] {logging_mixin.py:188} INFO - [2026-01-01T10:32:18.954+0000] {dagbag.py:545} INFO - Filling up the DagBag from /opt/airflow/dags/main.py
[2026-01-01T10:32:19.172+0000] {processor.py:840} INFO - DAG(s) 'youtube_video_stats', 'update_db' retrieved from /opt/airflow/dags/main.py
[2026-01-01T10:32:19.198+0000] {logging_mixin.py:188} INFO - [2026-01-01T10:32:19.198+0000] {dag.py:3096} INFO - Sync 2 DAGs
[2026-01-01T10:32:19.222+0000] {logging_mixin.py:188} INFO - [2026-01-01T10:32:19.222+0000] {dag.py:3954} INFO - Setting next_dagrun for update_db to 2025-12-31 15:00:00+00:00, run_after=2026-01-01 15:00:00+00:00
[2026-01-01T10:32:19.228+0000] {logging_mixin.py:188} INFO - [2026-01-01T10:32:19.227+0000] {dag.py:3954} INFO - Setting next_dagrun for youtube_video_stats to 2025-12-31 14:00:00+00:00, run_after=2026-01-01 14:00:00+00:00
[2026-01-01T10:32:19.248+0000] {processor.py:183} INFO - Processing /opt/airflow/dags/main.py took 0.302 seconds
[2026-01-01T10:32:49.451+0000] {processor.py:161} INFO - Started process (PID=23006) to work on /opt/airflow/dags/main.py
[2026-01-01T10:32:49.453+0000] {processor.py:830} INFO - Processing file /opt/airflow/dags/main.py for tasks to queue
[2026-01-01T10:32:49.454+0000] {logging_mixin.py:188} INFO - [2026-01-01T10:32:49.453+0000] {dagbag.py:545} INFO - Filling up the DagBag from /opt/airflow/dags/main.py
[2026-01-01T10:32:49.662+0000] {processor.py:840} INFO - DAG(s) 'youtube_video_stats', 'update_db' retrieved from /opt/airflow/dags/main.py
[2026-01-01T10:32:49.686+0000] {logging_mixin.py:188} INFO - [2026-01-01T10:32:49.686+0000] {dag.py:3096} INFO - Sync 2 DAGs
[2026-01-01T10:32:49.704+0000] {logging_mixin.py:188} INFO - [2026-01-01T10:32:49.704+0000] {dag.py:3954} INFO - Setting next_dagrun for update_db to 2025-12-31 15:00:00+00:00, run_after=2026-01-01 15:00:00+00:00
[2026-01-01T10:32:49.708+0000] {logging_mixin.py:188} INFO - [2026-01-01T10:32:49.708+0000] {dag.py:3954} INFO - Setting next_dagrun for youtube_video_stats to 2025-12-31 14:00:00+00:00, run_after=2026-01-01 14:00:00+00:00
[2026-01-01T10:32:49.723+0000] {processor.py:183} INFO - Processing /opt/airflow/dags/main.py took 0.277 seconds
[2026-01-01T10:33:19.925+0000] {processor.py:161} INFO - Started process (PID=23013) to work on /opt/airflow/dags/main.py
[2026-01-01T10:33:19.926+0000] {processor.py:830} INFO - Processing file /opt/airflow/dags/main.py for tasks to queue
[2026-01-01T10:33:19.927+0000] {logging_mixin.py:188} INFO - [2026-01-01T10:33:19.927+0000] {dagbag.py:545} INFO - Filling up the DagBag from /opt/airflow/dags/main.py
[2026-01-01T10:33:20.000+0000] {processor.py:840} INFO - DAG(s) 'update_db', 'youtube_video_stats' retrieved from /opt/airflow/dags/main.py
[2026-01-01T10:33:20.030+0000] {logging_mixin.py:188} INFO - [2026-01-01T10:33:20.030+0000] {dag.py:3096} INFO - Sync 2 DAGs
[2026-01-01T10:33:20.169+0000] {logging_mixin.py:188} INFO - [2026-01-01T10:33:20.169+0000] {dag.py:3954} INFO - Setting next_dagrun for update_db to 2025-12-31 15:00:00+00:00, run_after=2026-01-01 15:00:00+00:00
[2026-01-01T10:33:20.174+0000] {logging_mixin.py:188} INFO - [2026-01-01T10:33:20.173+0000] {dag.py:3954} INFO - Setting next_dagrun for youtube_video_stats to 2025-12-31 14:00:00+00:00, run_after=2026-01-01 14:00:00+00:00
[2026-01-01T10:33:20.189+0000] {processor.py:183} INFO - Processing /opt/airflow/dags/main.py took 0.271 seconds
[2026-01-01T10:33:50.361+0000] {processor.py:161} INFO - Started process (PID=23020) to work on /opt/airflow/dags/main.py
[2026-01-01T10:33:50.362+0000] {processor.py:830} INFO - Processing file /opt/airflow/dags/main.py for tasks to queue
[2026-01-01T10:33:50.363+0000] {logging_mixin.py:188} INFO - [2026-01-01T10:33:50.363+0000] {dagbag.py:545} INFO - Filling up the DagBag from /opt/airflow/dags/main.py
[2026-01-01T10:33:50.434+0000] {processor.py:840} INFO - DAG(s) 'youtube_video_stats', 'update_db' retrieved from /opt/airflow/dags/main.py
[2026-01-01T10:33:50.590+0000] {logging_mixin.py:188} INFO - [2026-01-01T10:33:50.589+0000] {dag.py:3096} INFO - Sync 2 DAGs
[2026-01-01T10:33:50.607+0000] {logging_mixin.py:188} INFO - [2026-01-01T10:33:50.607+0000] {dag.py:3954} INFO - Setting next_dagrun for update_db to 2025-12-31 15:00:00+00:00, run_after=2026-01-01 15:00:00+00:00
[2026-01-01T10:33:50.612+0000] {logging_mixin.py:188} INFO - [2026-01-01T10:33:50.612+0000] {dag.py:3954} INFO - Setting next_dagrun for youtube_video_stats to 2025-12-31 14:00:00+00:00, run_after=2026-01-01 14:00:00+00:00
[2026-01-01T10:33:50.631+0000] {processor.py:183} INFO - Processing /opt/airflow/dags/main.py took 0.277 seconds
[2026-01-01T10:34:20.847+0000] {processor.py:161} INFO - Started process (PID=23027) to work on /opt/airflow/dags/main.py
[2026-01-01T10:34:20.848+0000] {processor.py:830} INFO - Processing file /opt/airflow/dags/main.py for tasks to queue
[2026-01-01T10:34:20.849+0000] {logging_mixin.py:188} INFO - [2026-01-01T10:34:20.849+0000] {dagbag.py:545} INFO - Filling up the DagBag from /opt/airflow/dags/main.py
[2026-01-01T10:34:20.917+0000] {processor.py:840} INFO - DAG(s) 'youtube_video_stats', 'update_db' retrieved from /opt/airflow/dags/main.py
[2026-01-01T10:34:21.064+0000] {logging_mixin.py:188} INFO - [2026-01-01T10:34:21.063+0000] {dag.py:3096} INFO - Sync 2 DAGs
[2026-01-01T10:34:21.080+0000] {logging_mixin.py:188} INFO - [2026-01-01T10:34:21.080+0000] {dag.py:3954} INFO - Setting next_dagrun for update_db to 2025-12-31 15:00:00+00:00, run_after=2026-01-01 15:00:00+00:00
[2026-01-01T10:34:21.085+0000] {logging_mixin.py:188} INFO - [2026-01-01T10:34:21.085+0000] {dag.py:3954} INFO - Setting next_dagrun for youtube_video_stats to 2025-12-31 14:00:00+00:00, run_after=2026-01-01 14:00:00+00:00
[2026-01-01T10:34:21.102+0000] {processor.py:183} INFO - Processing /opt/airflow/dags/main.py took 0.261 seconds
[2026-01-01T10:34:51.301+0000] {processor.py:161} INFO - Started process (PID=23034) to work on /opt/airflow/dags/main.py
[2026-01-01T10:34:51.302+0000] {processor.py:830} INFO - Processing file /opt/airflow/dags/main.py for tasks to queue
[2026-01-01T10:34:51.303+0000] {logging_mixin.py:188} INFO - [2026-01-01T10:34:51.302+0000] {dagbag.py:545} INFO - Filling up the DagBag from /opt/airflow/dags/main.py
[2026-01-01T10:34:51.518+0000] {processor.py:840} INFO - DAG(s) 'update_db', 'youtube_video_stats' retrieved from /opt/airflow/dags/main.py
[2026-01-01T10:34:51.546+0000] {logging_mixin.py:188} INFO - [2026-01-01T10:34:51.546+0000] {dag.py:3096} INFO - Sync 2 DAGs
[2026-01-01T10:34:51.565+0000] {logging_mixin.py:188} INFO - [2026-01-01T10:34:51.564+0000] {dag.py:3954} INFO - Setting next_dagrun for update_db to 2025-12-31 15:00:00+00:00, run_after=2026-01-01 15:00:00+00:00
[2026-01-01T10:34:51.569+0000] {logging_mixin.py:188} INFO - [2026-01-01T10:34:51.569+0000] {dag.py:3954} INFO - Setting next_dagrun for youtube_video_stats to 2025-12-31 14:00:00+00:00, run_after=2026-01-01 14:00:00+00:00
[2026-01-01T10:34:51.586+0000] {processor.py:183} INFO - Processing /opt/airflow/dags/main.py took 0.291 seconds
[2026-01-01T10:35:21.801+0000] {processor.py:161} INFO - Started process (PID=23041) to work on /opt/airflow/dags/main.py
[2026-01-01T10:35:21.802+0000] {processor.py:830} INFO - Processing file /opt/airflow/dags/main.py for tasks to queue
[2026-01-01T10:35:21.804+0000] {logging_mixin.py:188} INFO - [2026-01-01T10:35:21.803+0000] {dagbag.py:545} INFO - Filling up the DagBag from /opt/airflow/dags/main.py
[2026-01-01T10:35:22.022+0000] {processor.py:840} INFO - DAG(s) 'update_db', 'youtube_video_stats' retrieved from /opt/airflow/dags/main.py
[2026-01-01T10:35:22.047+0000] {logging_mixin.py:188} INFO - [2026-01-01T10:35:22.047+0000] {dag.py:3096} INFO - Sync 2 DAGs
[2026-01-01T10:35:22.065+0000] {logging_mixin.py:188} INFO - [2026-01-01T10:35:22.065+0000] {dag.py:3954} INFO - Setting next_dagrun for update_db to 2025-12-31 15:00:00+00:00, run_after=2026-01-01 15:00:00+00:00
[2026-01-01T10:35:22.070+0000] {logging_mixin.py:188} INFO - [2026-01-01T10:35:22.070+0000] {dag.py:3954} INFO - Setting next_dagrun for youtube_video_stats to 2025-12-31 14:00:00+00:00, run_after=2026-01-01 14:00:00+00:00
[2026-01-01T10:35:22.090+0000] {processor.py:183} INFO - Processing /opt/airflow/dags/main.py took 0.296 seconds
[2026-01-01T10:35:52.147+0000] {processor.py:161} INFO - Started process (PID=23048) to work on /opt/airflow/dags/main.py
[2026-01-01T10:35:52.149+0000] {processor.py:830} INFO - Processing file /opt/airflow/dags/main.py for tasks to queue
[2026-01-01T10:35:52.150+0000] {logging_mixin.py:188} INFO - [2026-01-01T10:35:52.150+0000] {dagbag.py:545} INFO - Filling up the DagBag from /opt/airflow/dags/main.py
[2026-01-01T10:35:52.426+0000] {processor.py:840} INFO - DAG(s) 'update_db', 'youtube_video_stats' retrieved from /opt/airflow/dags/main.py
[2026-01-01T10:35:52.458+0000] {logging_mixin.py:188} INFO - [2026-01-01T10:35:52.458+0000] {dag.py:3096} INFO - Sync 2 DAGs
[2026-01-01T10:35:52.483+0000] {logging_mixin.py:188} INFO - [2026-01-01T10:35:52.482+0000] {dag.py:3954} INFO - Setting next_dagrun for update_db to 2025-12-31 15:00:00+00:00, run_after=2026-01-01 15:00:00+00:00
[2026-01-01T10:35:52.490+0000] {logging_mixin.py:188} INFO - [2026-01-01T10:35:52.489+0000] {dag.py:3954} INFO - Setting next_dagrun for youtube_video_stats to 2025-12-31 14:00:00+00:00, run_after=2026-01-01 14:00:00+00:00
[2026-01-01T10:35:52.510+0000] {processor.py:183} INFO - Processing /opt/airflow/dags/main.py took 0.372 seconds
[2026-01-01T10:36:22.688+0000] {processor.py:161} INFO - Started process (PID=23055) to work on /opt/airflow/dags/main.py
[2026-01-01T10:36:22.689+0000] {processor.py:830} INFO - Processing file /opt/airflow/dags/main.py for tasks to queue
[2026-01-01T10:36:22.690+0000] {logging_mixin.py:188} INFO - [2026-01-01T10:36:22.690+0000] {dagbag.py:545} INFO - Filling up the DagBag from /opt/airflow/dags/main.py
[2026-01-01T10:36:22.784+0000] {processor.py:840} INFO - DAG(s) 'update_db', 'youtube_video_stats' retrieved from /opt/airflow/dags/main.py
[2026-01-01T10:36:22.942+0000] {logging_mixin.py:188} INFO - [2026-01-01T10:36:22.942+0000] {dag.py:3096} INFO - Sync 2 DAGs
[2026-01-01T10:36:22.960+0000] {logging_mixin.py:188} INFO - [2026-01-01T10:36:22.960+0000] {dag.py:3954} INFO - Setting next_dagrun for update_db to 2025-12-31 15:00:00+00:00, run_after=2026-01-01 15:00:00+00:00
[2026-01-01T10:36:22.966+0000] {logging_mixin.py:188} INFO - [2026-01-01T10:36:22.965+0000] {dag.py:3954} INFO - Setting next_dagrun for youtube_video_stats to 2025-12-31 14:00:00+00:00, run_after=2026-01-01 14:00:00+00:00
[2026-01-01T10:36:22.984+0000] {processor.py:183} INFO - Processing /opt/airflow/dags/main.py took 0.305 seconds
[2026-01-01T10:36:53.197+0000] {processor.py:161} INFO - Started process (PID=23062) to work on /opt/airflow/dags/main.py
[2026-01-01T10:36:53.198+0000] {processor.py:830} INFO - Processing file /opt/airflow/dags/main.py for tasks to queue
[2026-01-01T10:36:53.199+0000] {logging_mixin.py:188} INFO - [2026-01-01T10:36:53.199+0000] {dagbag.py:545} INFO - Filling up the DagBag from /opt/airflow/dags/main.py
[2026-01-01T10:36:53.294+0000] {processor.py:840} INFO - DAG(s) 'update_db', 'youtube_video_stats' retrieved from /opt/airflow/dags/main.py
[2026-01-01T10:36:53.443+0000] {logging_mixin.py:188} INFO - [2026-01-01T10:36:53.443+0000] {dag.py:3096} INFO - Sync 2 DAGs
[2026-01-01T10:36:53.462+0000] {logging_mixin.py:188} INFO - [2026-01-01T10:36:53.461+0000] {dag.py:3954} INFO - Setting next_dagrun for update_db to 2025-12-31 15:00:00+00:00, run_after=2026-01-01 15:00:00+00:00
[2026-01-01T10:36:53.466+0000] {logging_mixin.py:188} INFO - [2026-01-01T10:36:53.466+0000] {dag.py:3954} INFO - Setting next_dagrun for youtube_video_stats to 2025-12-31 14:00:00+00:00, run_after=2026-01-01 14:00:00+00:00
[2026-01-01T10:36:53.480+0000] {processor.py:183} INFO - Processing /opt/airflow/dags/main.py took 0.290 seconds
[2026-01-01T10:37:23.734+0000] {processor.py:161} INFO - Started process (PID=23069) to work on /opt/airflow/dags/main.py
[2026-01-01T10:37:23.736+0000] {processor.py:830} INFO - Processing file /opt/airflow/dags/main.py for tasks to queue
[2026-01-01T10:37:23.737+0000] {logging_mixin.py:188} INFO - [2026-01-01T10:37:23.736+0000] {dagbag.py:545} INFO - Filling up the DagBag from /opt/airflow/dags/main.py
[2026-01-01T10:37:23.956+0000] {processor.py:840} INFO - DAG(s) 'update_db', 'youtube_video_stats' retrieved from /opt/airflow/dags/main.py
[2026-01-01T10:37:23.982+0000] {logging_mixin.py:188} INFO - [2026-01-01T10:37:23.982+0000] {dag.py:3096} INFO - Sync 2 DAGs
[2026-01-01T10:37:23.998+0000] {logging_mixin.py:188} INFO - [2026-01-01T10:37:23.998+0000] {dag.py:3954} INFO - Setting next_dagrun for update_db to 2025-12-31 15:00:00+00:00, run_after=2026-01-01 15:00:00+00:00
[2026-01-01T10:37:24.002+0000] {logging_mixin.py:188} INFO - [2026-01-01T10:37:24.002+0000] {dag.py:3954} INFO - Setting next_dagrun for youtube_video_stats to 2025-12-31 14:00:00+00:00, run_after=2026-01-01 14:00:00+00:00
[2026-01-01T10:37:24.020+0000] {processor.py:183} INFO - Processing /opt/airflow/dags/main.py took 0.291 seconds
[2026-01-01T10:37:54.245+0000] {processor.py:161} INFO - Started process (PID=23076) to work on /opt/airflow/dags/main.py
[2026-01-01T10:37:54.246+0000] {processor.py:830} INFO - Processing file /opt/airflow/dags/main.py for tasks to queue
[2026-01-01T10:37:54.247+0000] {logging_mixin.py:188} INFO - [2026-01-01T10:37:54.247+0000] {dagbag.py:545} INFO - Filling up the DagBag from /opt/airflow/dags/main.py
[2026-01-01T10:37:54.469+0000] {processor.py:840} INFO - DAG(s) 'update_db', 'youtube_video_stats' retrieved from /opt/airflow/dags/main.py
[2026-01-01T10:37:54.494+0000] {logging_mixin.py:188} INFO - [2026-01-01T10:37:54.494+0000] {dag.py:3096} INFO - Sync 2 DAGs
[2026-01-01T10:37:54.513+0000] {logging_mixin.py:188} INFO - [2026-01-01T10:37:54.512+0000] {dag.py:3954} INFO - Setting next_dagrun for update_db to 2025-12-31 15:00:00+00:00, run_after=2026-01-01 15:00:00+00:00
[2026-01-01T10:37:54.519+0000] {logging_mixin.py:188} INFO - [2026-01-01T10:37:54.518+0000] {dag.py:3954} INFO - Setting next_dagrun for youtube_video_stats to 2025-12-31 14:00:00+00:00, run_after=2026-01-01 14:00:00+00:00
[2026-01-01T10:37:54.542+0000] {processor.py:183} INFO - Processing /opt/airflow/dags/main.py took 0.303 seconds
[2026-01-01T10:38:24.807+0000] {processor.py:161} INFO - Started process (PID=23083) to work on /opt/airflow/dags/main.py
[2026-01-01T10:38:24.809+0000] {processor.py:830} INFO - Processing file /opt/airflow/dags/main.py for tasks to queue
[2026-01-01T10:38:24.812+0000] {logging_mixin.py:188} INFO - [2026-01-01T10:38:24.811+0000] {dagbag.py:545} INFO - Filling up the DagBag from /opt/airflow/dags/main.py
[2026-01-01T10:38:25.083+0000] {processor.py:840} INFO - DAG(s) 'youtube_video_stats', 'update_db' retrieved from /opt/airflow/dags/main.py
[2026-01-01T10:38:25.108+0000] {logging_mixin.py:188} INFO - [2026-01-01T10:38:25.107+0000] {dag.py:3096} INFO - Sync 2 DAGs
[2026-01-01T10:38:25.131+0000] {logging_mixin.py:188} INFO - [2026-01-01T10:38:25.131+0000] {dag.py:3954} INFO - Setting next_dagrun for update_db to 2025-12-31 15:00:00+00:00, run_after=2026-01-01 15:00:00+00:00
[2026-01-01T10:38:25.136+0000] {logging_mixin.py:188} INFO - [2026-01-01T10:38:25.136+0000] {dag.py:3954} INFO - Setting next_dagrun for youtube_video_stats to 2025-12-31 14:00:00+00:00, run_after=2026-01-01 14:00:00+00:00
[2026-01-01T10:38:25.157+0000] {processor.py:183} INFO - Processing /opt/airflow/dags/main.py took 0.357 seconds
[2026-01-01T10:38:55.373+0000] {processor.py:161} INFO - Started process (PID=23090) to work on /opt/airflow/dags/main.py
[2026-01-01T10:38:55.378+0000] {processor.py:830} INFO - Processing file /opt/airflow/dags/main.py for tasks to queue
[2026-01-01T10:38:55.379+0000] {logging_mixin.py:188} INFO - [2026-01-01T10:38:55.379+0000] {dagbag.py:545} INFO - Filling up the DagBag from /opt/airflow/dags/main.py
[2026-01-01T10:38:55.472+0000] {processor.py:840} INFO - DAG(s) 'update_db', 'youtube_video_stats' retrieved from /opt/airflow/dags/main.py
[2026-01-01T10:38:55.500+0000] {logging_mixin.py:188} INFO - [2026-01-01T10:38:55.500+0000] {dag.py:3096} INFO - Sync 2 DAGs
[2026-01-01T10:38:55.649+0000] {logging_mixin.py:188} INFO - [2026-01-01T10:38:55.649+0000] {dag.py:3954} INFO - Setting next_dagrun for update_db to 2025-12-31 15:00:00+00:00, run_after=2026-01-01 15:00:00+00:00
[2026-01-01T10:38:55.653+0000] {logging_mixin.py:188} INFO - [2026-01-01T10:38:55.653+0000] {dag.py:3954} INFO - Setting next_dagrun for youtube_video_stats to 2025-12-31 14:00:00+00:00, run_after=2026-01-01 14:00:00+00:00
[2026-01-01T10:38:55.670+0000] {processor.py:183} INFO - Processing /opt/airflow/dags/main.py took 0.304 seconds
[2026-01-01T10:39:25.867+0000] {processor.py:161} INFO - Started process (PID=23098) to work on /opt/airflow/dags/main.py
[2026-01-01T10:39:25.868+0000] {processor.py:830} INFO - Processing file /opt/airflow/dags/main.py for tasks to queue
[2026-01-01T10:39:25.869+0000] {logging_mixin.py:188} INFO - [2026-01-01T10:39:25.869+0000] {dagbag.py:545} INFO - Filling up the DagBag from /opt/airflow/dags/main.py
[2026-01-01T10:39:25.935+0000] {processor.py:840} INFO - DAG(s) 'update_db', 'youtube_video_stats' retrieved from /opt/airflow/dags/main.py
[2026-01-01T10:39:26.093+0000] {logging_mixin.py:188} INFO - [2026-01-01T10:39:26.093+0000] {dag.py:3096} INFO - Sync 2 DAGs
[2026-01-01T10:39:26.110+0000] {logging_mixin.py:188} INFO - [2026-01-01T10:39:26.109+0000] {dag.py:3954} INFO - Setting next_dagrun for update_db to 2025-12-31 15:00:00+00:00, run_after=2026-01-01 15:00:00+00:00
[2026-01-01T10:39:26.114+0000] {logging_mixin.py:188} INFO - [2026-01-01T10:39:26.114+0000] {dag.py:3954} INFO - Setting next_dagrun for youtube_video_stats to 2025-12-31 14:00:00+00:00, run_after=2026-01-01 14:00:00+00:00
[2026-01-01T10:39:26.136+0000] {processor.py:183} INFO - Processing /opt/airflow/dags/main.py took 0.274 seconds
[2026-01-01T10:39:56.330+0000] {processor.py:161} INFO - Started process (PID=23105) to work on /opt/airflow/dags/main.py
[2026-01-01T10:39:56.331+0000] {processor.py:830} INFO - Processing file /opt/airflow/dags/main.py for tasks to queue
[2026-01-01T10:39:56.332+0000] {logging_mixin.py:188} INFO - [2026-01-01T10:39:56.332+0000] {dagbag.py:545} INFO - Filling up the DagBag from /opt/airflow/dags/main.py
[2026-01-01T10:39:56.401+0000] {processor.py:840} INFO - DAG(s) 'youtube_video_stats', 'update_db' retrieved from /opt/airflow/dags/main.py
[2026-01-01T10:39:56.567+0000] {logging_mixin.py:188} INFO - [2026-01-01T10:39:56.567+0000] {dag.py:3096} INFO - Sync 2 DAGs
[2026-01-01T10:39:56.601+0000] {logging_mixin.py:188} INFO - [2026-01-01T10:39:56.601+0000] {dag.py:3954} INFO - Setting next_dagrun for update_db to 2025-12-31 15:00:00+00:00, run_after=2026-01-01 15:00:00+00:00
[2026-01-01T10:39:56.607+0000] {logging_mixin.py:188} INFO - [2026-01-01T10:39:56.607+0000] {dag.py:3954} INFO - Setting next_dagrun for youtube_video_stats to 2025-12-31 14:00:00+00:00, run_after=2026-01-01 14:00:00+00:00
[2026-01-01T10:39:56.631+0000] {processor.py:183} INFO - Processing /opt/airflow/dags/main.py took 0.309 seconds
[2026-01-01T10:40:26.802+0000] {processor.py:161} INFO - Started process (PID=23112) to work on /opt/airflow/dags/main.py
[2026-01-01T10:40:26.803+0000] {processor.py:830} INFO - Processing file /opt/airflow/dags/main.py for tasks to queue
[2026-01-01T10:40:26.804+0000] {logging_mixin.py:188} INFO - [2026-01-01T10:40:26.804+0000] {dagbag.py:545} INFO - Filling up the DagBag from /opt/airflow/dags/main.py
[2026-01-01T10:40:27.027+0000] {processor.py:840} INFO - DAG(s) 'update_db', 'youtube_video_stats' retrieved from /opt/airflow/dags/main.py
[2026-01-01T10:40:27.052+0000] {logging_mixin.py:188} INFO - [2026-01-01T10:40:27.051+0000] {dag.py:3096} INFO - Sync 2 DAGs
[2026-01-01T10:40:27.069+0000] {logging_mixin.py:188} INFO - [2026-01-01T10:40:27.069+0000] {dag.py:3954} INFO - Setting next_dagrun for update_db to 2025-12-31 15:00:00+00:00, run_after=2026-01-01 15:00:00+00:00
[2026-01-01T10:40:27.074+0000] {logging_mixin.py:188} INFO - [2026-01-01T10:40:27.074+0000] {dag.py:3954} INFO - Setting next_dagrun for youtube_video_stats to 2025-12-31 14:00:00+00:00, run_after=2026-01-01 14:00:00+00:00
[2026-01-01T10:40:27.092+0000] {processor.py:183} INFO - Processing /opt/airflow/dags/main.py took 0.296 seconds
[2026-01-01T10:40:57.307+0000] {processor.py:161} INFO - Started process (PID=23119) to work on /opt/airflow/dags/main.py
[2026-01-01T10:40:57.309+0000] {processor.py:830} INFO - Processing file /opt/airflow/dags/main.py for tasks to queue
[2026-01-01T10:40:57.309+0000] {logging_mixin.py:188} INFO - [2026-01-01T10:40:57.309+0000] {dagbag.py:545} INFO - Filling up the DagBag from /opt/airflow/dags/main.py
[2026-01-01T10:40:57.573+0000] {processor.py:840} INFO - DAG(s) 'youtube_video_stats', 'update_db' retrieved from /opt/airflow/dags/main.py
[2026-01-01T10:40:57.597+0000] {logging_mixin.py:188} INFO - [2026-01-01T10:40:57.597+0000] {dag.py:3096} INFO - Sync 2 DAGs
[2026-01-01T10:40:57.615+0000] {logging_mixin.py:188} INFO - [2026-01-01T10:40:57.615+0000] {dag.py:3954} INFO - Setting next_dagrun for update_db to 2025-12-31 15:00:00+00:00, run_after=2026-01-01 15:00:00+00:00
[2026-01-01T10:40:57.619+0000] {logging_mixin.py:188} INFO - [2026-01-01T10:40:57.619+0000] {dag.py:3954} INFO - Setting next_dagrun for youtube_video_stats to 2025-12-31 14:00:00+00:00, run_after=2026-01-01 14:00:00+00:00
[2026-01-01T10:40:57.635+0000] {processor.py:183} INFO - Processing /opt/airflow/dags/main.py took 0.335 seconds
[2026-01-01T10:41:27.874+0000] {processor.py:161} INFO - Started process (PID=23126) to work on /opt/airflow/dags/main.py
[2026-01-01T10:41:27.875+0000] {processor.py:830} INFO - Processing file /opt/airflow/dags/main.py for tasks to queue
[2026-01-01T10:41:27.877+0000] {logging_mixin.py:188} INFO - [2026-01-01T10:41:27.877+0000] {dagbag.py:545} INFO - Filling up the DagBag from /opt/airflow/dags/main.py
[2026-01-01T10:41:28.077+0000] {processor.py:840} INFO - DAG(s) 'update_db', 'youtube_video_stats' retrieved from /opt/airflow/dags/main.py
[2026-01-01T10:41:28.102+0000] {logging_mixin.py:188} INFO - [2026-01-01T10:41:28.102+0000] {dag.py:3096} INFO - Sync 2 DAGs
[2026-01-01T10:41:28.120+0000] {logging_mixin.py:188} INFO - [2026-01-01T10:41:28.120+0000] {dag.py:3954} INFO - Setting next_dagrun for update_db to 2025-12-31 15:00:00+00:00, run_after=2026-01-01 15:00:00+00:00
[2026-01-01T10:41:28.125+0000] {logging_mixin.py:188} INFO - [2026-01-01T10:41:28.125+0000] {dag.py:3954} INFO - Setting next_dagrun for youtube_video_stats to 2025-12-31 14:00:00+00:00, run_after=2026-01-01 14:00:00+00:00
[2026-01-01T10:41:28.137+0000] {processor.py:183} INFO - Processing /opt/airflow/dags/main.py took 0.269 seconds
[2026-01-01T10:41:58.492+0000] {processor.py:161} INFO - Started process (PID=23133) to work on /opt/airflow/dags/main.py
[2026-01-01T10:41:58.493+0000] {processor.py:830} INFO - Processing file /opt/airflow/dags/main.py for tasks to queue
[2026-01-01T10:41:58.494+0000] {logging_mixin.py:188} INFO - [2026-01-01T10:41:58.494+0000] {dagbag.py:545} INFO - Filling up the DagBag from /opt/airflow/dags/main.py
[2026-01-01T10:41:58.568+0000] {processor.py:840} INFO - DAG(s) 'youtube_video_stats', 'update_db' retrieved from /opt/airflow/dags/main.py
[2026-01-01T10:41:58.596+0000] {logging_mixin.py:188} INFO - [2026-01-01T10:41:58.596+0000] {dag.py:3096} INFO - Sync 2 DAGs
[2026-01-01T10:41:58.614+0000] {logging_mixin.py:188} INFO - [2026-01-01T10:41:58.614+0000] {dag.py:3954} INFO - Setting next_dagrun for update_db to 2025-12-31 15:00:00+00:00, run_after=2026-01-01 15:00:00+00:00
[2026-01-01T10:41:58.618+0000] {logging_mixin.py:188} INFO - [2026-01-01T10:41:58.618+0000] {dag.py:3954} INFO - Setting next_dagrun for youtube_video_stats to 2025-12-31 14:00:00+00:00, run_after=2026-01-01 14:00:00+00:00
[2026-01-01T10:41:58.634+0000] {processor.py:183} INFO - Processing /opt/airflow/dags/main.py took 0.278 seconds
[2026-01-01T10:42:28.797+0000] {processor.py:161} INFO - Started process (PID=23139) to work on /opt/airflow/dags/main.py
[2026-01-01T10:42:28.798+0000] {processor.py:830} INFO - Processing file /opt/airflow/dags/main.py for tasks to queue
[2026-01-01T10:42:28.799+0000] {logging_mixin.py:188} INFO - [2026-01-01T10:42:28.798+0000] {dagbag.py:545} INFO - Filling up the DagBag from /opt/airflow/dags/main.py
[2026-01-01T10:42:28.868+0000] {processor.py:840} INFO - DAG(s) 'youtube_video_stats', 'update_db' retrieved from /opt/airflow/dags/main.py
[2026-01-01T10:42:28.899+0000] {logging_mixin.py:188} INFO - [2026-01-01T10:42:28.899+0000] {dag.py:3096} INFO - Sync 2 DAGs
[2026-01-01T10:42:28.919+0000] {logging_mixin.py:188} INFO - [2026-01-01T10:42:28.919+0000] {dag.py:3954} INFO - Setting next_dagrun for update_db to 2025-12-31 15:00:00+00:00, run_after=2026-01-01 15:00:00+00:00
[2026-01-01T10:42:28.924+0000] {logging_mixin.py:188} INFO - [2026-01-01T10:42:28.924+0000] {dag.py:3954} INFO - Setting next_dagrun for youtube_video_stats to 2025-12-31 14:00:00+00:00, run_after=2026-01-01 14:00:00+00:00
[2026-01-01T10:42:28.937+0000] {processor.py:183} INFO - Processing /opt/airflow/dags/main.py took 0.146 seconds
[2026-01-01T10:42:59.102+0000] {processor.py:161} INFO - Started process (PID=23146) to work on /opt/airflow/dags/main.py
[2026-01-01T10:42:59.104+0000] {processor.py:830} INFO - Processing file /opt/airflow/dags/main.py for tasks to queue
[2026-01-01T10:42:59.106+0000] {logging_mixin.py:188} INFO - [2026-01-01T10:42:59.105+0000] {dagbag.py:545} INFO - Filling up the DagBag from /opt/airflow/dags/main.py
[2026-01-01T10:42:59.193+0000] {processor.py:840} INFO - DAG(s) 'update_db', 'youtube_video_stats' retrieved from /opt/airflow/dags/main.py
[2026-01-01T10:42:59.228+0000] {logging_mixin.py:188} INFO - [2026-01-01T10:42:59.228+0000] {dag.py:3096} INFO - Sync 2 DAGs
[2026-01-01T10:42:59.248+0000] {logging_mixin.py:188} INFO - [2026-01-01T10:42:59.248+0000] {dag.py:3954} INFO - Setting next_dagrun for update_db to 2025-12-31 15:00:00+00:00, run_after=2026-01-01 15:00:00+00:00
[2026-01-01T10:42:59.256+0000] {logging_mixin.py:188} INFO - [2026-01-01T10:42:59.255+0000] {dag.py:3954} INFO - Setting next_dagrun for youtube_video_stats to 2025-12-31 14:00:00+00:00, run_after=2026-01-01 14:00:00+00:00
[2026-01-01T10:42:59.280+0000] {processor.py:183} INFO - Processing /opt/airflow/dags/main.py took 0.185 seconds
[2026-01-01T10:43:29.451+0000] {processor.py:161} INFO - Started process (PID=23153) to work on /opt/airflow/dags/main.py
[2026-01-01T10:43:29.452+0000] {processor.py:830} INFO - Processing file /opt/airflow/dags/main.py for tasks to queue
[2026-01-01T10:43:29.453+0000] {logging_mixin.py:188} INFO - [2026-01-01T10:43:29.453+0000] {dagbag.py:545} INFO - Filling up the DagBag from /opt/airflow/dags/main.py
[2026-01-01T10:43:29.527+0000] {processor.py:840} INFO - DAG(s) 'update_db', 'youtube_video_stats' retrieved from /opt/airflow/dags/main.py
[2026-01-01T10:43:29.556+0000] {logging_mixin.py:188} INFO - [2026-01-01T10:43:29.555+0000] {dag.py:3096} INFO - Sync 2 DAGs
[2026-01-01T10:43:29.577+0000] {logging_mixin.py:188} INFO - [2026-01-01T10:43:29.577+0000] {dag.py:3954} INFO - Setting next_dagrun for update_db to 2025-12-31 15:00:00+00:00, run_after=2026-01-01 15:00:00+00:00
[2026-01-01T10:43:29.582+0000] {logging_mixin.py:188} INFO - [2026-01-01T10:43:29.582+0000] {dag.py:3954} INFO - Setting next_dagrun for youtube_video_stats to 2025-12-31 14:00:00+00:00, run_after=2026-01-01 14:00:00+00:00
[2026-01-01T10:43:29.600+0000] {processor.py:183} INFO - Processing /opt/airflow/dags/main.py took 0.159 seconds
[2026-01-01T10:43:59.781+0000] {processor.py:161} INFO - Started process (PID=23161) to work on /opt/airflow/dags/main.py
[2026-01-01T10:43:59.783+0000] {processor.py:830} INFO - Processing file /opt/airflow/dags/main.py for tasks to queue
[2026-01-01T10:43:59.784+0000] {logging_mixin.py:188} INFO - [2026-01-01T10:43:59.784+0000] {dagbag.py:545} INFO - Filling up the DagBag from /opt/airflow/dags/main.py
[2026-01-01T10:43:59.858+0000] {processor.py:840} INFO - DAG(s) 'youtube_video_stats', 'update_db' retrieved from /opt/airflow/dags/main.py
[2026-01-01T10:43:59.885+0000] {logging_mixin.py:188} INFO - [2026-01-01T10:43:59.885+0000] {dag.py:3096} INFO - Sync 2 DAGs
[2026-01-01T10:43:59.904+0000] {logging_mixin.py:188} INFO - [2026-01-01T10:43:59.904+0000] {dag.py:3954} INFO - Setting next_dagrun for update_db to 2025-12-31 15:00:00+00:00, run_after=2026-01-01 15:00:00+00:00
[2026-01-01T10:43:59.909+0000] {logging_mixin.py:188} INFO - [2026-01-01T10:43:59.909+0000] {dag.py:3954} INFO - Setting next_dagrun for youtube_video_stats to 2025-12-31 14:00:00+00:00, run_after=2026-01-01 14:00:00+00:00
[2026-01-01T10:43:59.924+0000] {processor.py:183} INFO - Processing /opt/airflow/dags/main.py took 0.151 seconds
[2026-01-01T10:44:30.100+0000] {processor.py:161} INFO - Started process (PID=23168) to work on /opt/airflow/dags/main.py
[2026-01-01T10:44:30.102+0000] {processor.py:830} INFO - Processing file /opt/airflow/dags/main.py for tasks to queue
[2026-01-01T10:44:30.103+0000] {logging_mixin.py:188} INFO - [2026-01-01T10:44:30.103+0000] {dagbag.py:545} INFO - Filling up the DagBag from /opt/airflow/dags/main.py
[2026-01-01T10:44:30.172+0000] {processor.py:840} INFO - DAG(s) 'update_db', 'youtube_video_stats' retrieved from /opt/airflow/dags/main.py
[2026-01-01T10:44:30.199+0000] {logging_mixin.py:188} INFO - [2026-01-01T10:44:30.199+0000] {dag.py:3096} INFO - Sync 2 DAGs
[2026-01-01T10:44:30.218+0000] {logging_mixin.py:188} INFO - [2026-01-01T10:44:30.218+0000] {dag.py:3954} INFO - Setting next_dagrun for update_db to 2025-12-31 15:00:00+00:00, run_after=2026-01-01 15:00:00+00:00
[2026-01-01T10:44:30.222+0000] {logging_mixin.py:188} INFO - [2026-01-01T10:44:30.222+0000] {dag.py:3954} INFO - Setting next_dagrun for youtube_video_stats to 2025-12-31 14:00:00+00:00, run_after=2026-01-01 14:00:00+00:00
[2026-01-01T10:44:30.240+0000] {processor.py:183} INFO - Processing /opt/airflow/dags/main.py took 0.145 seconds
[2026-01-01T10:45:00.275+0000] {processor.py:161} INFO - Started process (PID=23175) to work on /opt/airflow/dags/main.py
[2026-01-01T10:45:00.276+0000] {processor.py:830} INFO - Processing file /opt/airflow/dags/main.py for tasks to queue
[2026-01-01T10:45:00.277+0000] {logging_mixin.py:188} INFO - [2026-01-01T10:45:00.277+0000] {dagbag.py:545} INFO - Filling up the DagBag from /opt/airflow/dags/main.py
[2026-01-01T10:45:00.352+0000] {processor.py:840} INFO - DAG(s) 'update_db', 'youtube_video_stats' retrieved from /opt/airflow/dags/main.py
[2026-01-01T10:45:00.382+0000] {logging_mixin.py:188} INFO - [2026-01-01T10:45:00.382+0000] {dag.py:3096} INFO - Sync 2 DAGs
[2026-01-01T10:45:00.406+0000] {logging_mixin.py:188} INFO - [2026-01-01T10:45:00.406+0000] {dag.py:3954} INFO - Setting next_dagrun for update_db to 2025-12-31 15:00:00+00:00, run_after=2026-01-01 15:00:00+00:00
[2026-01-01T10:45:00.412+0000] {logging_mixin.py:188} INFO - [2026-01-01T10:45:00.411+0000] {dag.py:3954} INFO - Setting next_dagrun for youtube_video_stats to 2025-12-31 14:00:00+00:00, run_after=2026-01-01 14:00:00+00:00
[2026-01-01T10:45:00.427+0000] {processor.py:183} INFO - Processing /opt/airflow/dags/main.py took 0.160 seconds
[2026-01-01T10:45:30.663+0000] {processor.py:161} INFO - Started process (PID=23182) to work on /opt/airflow/dags/main.py
[2026-01-01T10:45:30.664+0000] {processor.py:830} INFO - Processing file /opt/airflow/dags/main.py for tasks to queue
[2026-01-01T10:45:30.665+0000] {logging_mixin.py:188} INFO - [2026-01-01T10:45:30.665+0000] {dagbag.py:545} INFO - Filling up the DagBag from /opt/airflow/dags/main.py
[2026-01-01T10:45:30.742+0000] {processor.py:840} INFO - DAG(s) 'youtube_video_stats', 'update_db' retrieved from /opt/airflow/dags/main.py
[2026-01-01T10:45:30.772+0000] {logging_mixin.py:188} INFO - [2026-01-01T10:45:30.772+0000] {dag.py:3096} INFO - Sync 2 DAGs
[2026-01-01T10:45:30.793+0000] {logging_mixin.py:188} INFO - [2026-01-01T10:45:30.793+0000] {dag.py:3954} INFO - Setting next_dagrun for update_db to 2025-12-31 15:00:00+00:00, run_after=2026-01-01 15:00:00+00:00
[2026-01-01T10:45:30.798+0000] {logging_mixin.py:188} INFO - [2026-01-01T10:45:30.798+0000] {dag.py:3954} INFO - Setting next_dagrun for youtube_video_stats to 2025-12-31 14:00:00+00:00, run_after=2026-01-01 14:00:00+00:00
[2026-01-01T10:45:30.816+0000] {processor.py:183} INFO - Processing /opt/airflow/dags/main.py took 0.157 seconds
[2026-01-01T10:46:00.976+0000] {processor.py:161} INFO - Started process (PID=23189) to work on /opt/airflow/dags/main.py
[2026-01-01T10:46:00.977+0000] {processor.py:830} INFO - Processing file /opt/airflow/dags/main.py for tasks to queue
[2026-01-01T10:46:00.978+0000] {logging_mixin.py:188} INFO - [2026-01-01T10:46:00.977+0000] {dagbag.py:545} INFO - Filling up the DagBag from /opt/airflow/dags/main.py
[2026-01-01T10:46:01.057+0000] {processor.py:840} INFO - DAG(s) 'update_db', 'youtube_video_stats' retrieved from /opt/airflow/dags/main.py
[2026-01-01T10:46:01.085+0000] {logging_mixin.py:188} INFO - [2026-01-01T10:46:01.085+0000] {dag.py:3096} INFO - Sync 2 DAGs
[2026-01-01T10:46:01.103+0000] {logging_mixin.py:188} INFO - [2026-01-01T10:46:01.103+0000] {dag.py:3954} INFO - Setting next_dagrun for update_db to 2025-12-31 15:00:00+00:00, run_after=2026-01-01 15:00:00+00:00
[2026-01-01T10:46:01.108+0000] {logging_mixin.py:188} INFO - [2026-01-01T10:46:01.108+0000] {dag.py:3954} INFO - Setting next_dagrun for youtube_video_stats to 2025-12-31 14:00:00+00:00, run_after=2026-01-01 14:00:00+00:00
[2026-01-01T10:46:01.125+0000] {processor.py:183} INFO - Processing /opt/airflow/dags/main.py took 0.155 seconds
[2026-01-01T10:46:31.305+0000] {processor.py:161} INFO - Started process (PID=23196) to work on /opt/airflow/dags/main.py
[2026-01-01T10:46:31.307+0000] {processor.py:830} INFO - Processing file /opt/airflow/dags/main.py for tasks to queue
[2026-01-01T10:46:31.309+0000] {logging_mixin.py:188} INFO - [2026-01-01T10:46:31.308+0000] {dagbag.py:545} INFO - Filling up the DagBag from /opt/airflow/dags/main.py
[2026-01-01T10:46:31.426+0000] {processor.py:840} INFO - DAG(s) 'update_db', 'youtube_video_stats' retrieved from /opt/airflow/dags/main.py
[2026-01-01T10:46:31.461+0000] {logging_mixin.py:188} INFO - [2026-01-01T10:46:31.461+0000] {dag.py:3096} INFO - Sync 2 DAGs
[2026-01-01T10:46:31.489+0000] {logging_mixin.py:188} INFO - [2026-01-01T10:46:31.489+0000] {dag.py:3954} INFO - Setting next_dagrun for update_db to 2025-12-31 15:00:00+00:00, run_after=2026-01-01 15:00:00+00:00
[2026-01-01T10:46:31.496+0000] {logging_mixin.py:188} INFO - [2026-01-01T10:46:31.496+0000] {dag.py:3954} INFO - Setting next_dagrun for youtube_video_stats to 2025-12-31 14:00:00+00:00, run_after=2026-01-01 14:00:00+00:00
[2026-01-01T10:46:31.519+0000] {processor.py:183} INFO - Processing /opt/airflow/dags/main.py took 0.222 seconds
[2026-01-01T10:47:01.684+0000] {processor.py:161} INFO - Started process (PID=23203) to work on /opt/airflow/dags/main.py
[2026-01-01T10:47:01.686+0000] {processor.py:830} INFO - Processing file /opt/airflow/dags/main.py for tasks to queue
[2026-01-01T10:47:01.687+0000] {logging_mixin.py:188} INFO - [2026-01-01T10:47:01.687+0000] {dagbag.py:545} INFO - Filling up the DagBag from /opt/airflow/dags/main.py
[2026-01-01T10:47:01.780+0000] {processor.py:840} INFO - DAG(s) 'youtube_video_stats', 'update_db' retrieved from /opt/airflow/dags/main.py
[2026-01-01T10:47:01.809+0000] {logging_mixin.py:188} INFO - [2026-01-01T10:47:01.809+0000] {dag.py:3096} INFO - Sync 2 DAGs
[2026-01-01T10:47:01.830+0000] {logging_mixin.py:188} INFO - [2026-01-01T10:47:01.830+0000] {dag.py:3954} INFO - Setting next_dagrun for update_db to 2025-12-31 15:00:00+00:00, run_after=2026-01-01 15:00:00+00:00
[2026-01-01T10:47:01.836+0000] {logging_mixin.py:188} INFO - [2026-01-01T10:47:01.835+0000] {dag.py:3954} INFO - Setting next_dagrun for youtube_video_stats to 2025-12-31 14:00:00+00:00, run_after=2026-01-01 14:00:00+00:00
[2026-01-01T10:47:01.860+0000] {processor.py:183} INFO - Processing /opt/airflow/dags/main.py took 0.183 seconds
[2026-01-01T10:47:32.069+0000] {processor.py:161} INFO - Started process (PID=23210) to work on /opt/airflow/dags/main.py
[2026-01-01T10:47:32.070+0000] {processor.py:830} INFO - Processing file /opt/airflow/dags/main.py for tasks to queue
[2026-01-01T10:47:32.072+0000] {logging_mixin.py:188} INFO - [2026-01-01T10:47:32.071+0000] {dagbag.py:545} INFO - Filling up the DagBag from /opt/airflow/dags/main.py
[2026-01-01T10:47:32.154+0000] {processor.py:840} INFO - DAG(s) 'update_db', 'youtube_video_stats' retrieved from /opt/airflow/dags/main.py
[2026-01-01T10:47:32.188+0000] {logging_mixin.py:188} INFO - [2026-01-01T10:47:32.188+0000] {dag.py:3096} INFO - Sync 2 DAGs
[2026-01-01T10:47:32.210+0000] {logging_mixin.py:188} INFO - [2026-01-01T10:47:32.210+0000] {dag.py:3954} INFO - Setting next_dagrun for update_db to 2025-12-31 15:00:00+00:00, run_after=2026-01-01 15:00:00+00:00
[2026-01-01T10:47:32.215+0000] {logging_mixin.py:188} INFO - [2026-01-01T10:47:32.215+0000] {dag.py:3954} INFO - Setting next_dagrun for youtube_video_stats to 2025-12-31 14:00:00+00:00, run_after=2026-01-01 14:00:00+00:00
[2026-01-01T10:47:32.232+0000] {processor.py:183} INFO - Processing /opt/airflow/dags/main.py took 0.169 seconds
[2026-01-01T10:48:02.313+0000] {processor.py:161} INFO - Started process (PID=23217) to work on /opt/airflow/dags/main.py
[2026-01-01T10:48:02.314+0000] {processor.py:830} INFO - Processing file /opt/airflow/dags/main.py for tasks to queue
[2026-01-01T10:48:02.315+0000] {logging_mixin.py:188} INFO - [2026-01-01T10:48:02.315+0000] {dagbag.py:545} INFO - Filling up the DagBag from /opt/airflow/dags/main.py
[2026-01-01T10:48:02.402+0000] {processor.py:840} INFO - DAG(s) 'youtube_video_stats', 'update_db' retrieved from /opt/airflow/dags/main.py
[2026-01-01T10:48:02.431+0000] {logging_mixin.py:188} INFO - [2026-01-01T10:48:02.431+0000] {dag.py:3096} INFO - Sync 2 DAGs
[2026-01-01T10:48:02.450+0000] {logging_mixin.py:188} INFO - [2026-01-01T10:48:02.450+0000] {dag.py:3954} INFO - Setting next_dagrun for update_db to 2025-12-31 15:00:00+00:00, run_after=2026-01-01 15:00:00+00:00
[2026-01-01T10:48:02.455+0000] {logging_mixin.py:188} INFO - [2026-01-01T10:48:02.455+0000] {dag.py:3954} INFO - Setting next_dagrun for youtube_video_stats to 2025-12-31 14:00:00+00:00, run_after=2026-01-01 14:00:00+00:00
[2026-01-01T10:48:02.480+0000] {processor.py:183} INFO - Processing /opt/airflow/dags/main.py took 0.174 seconds
[2026-01-01T10:48:32.698+0000] {processor.py:161} INFO - Started process (PID=23224) to work on /opt/airflow/dags/main.py
[2026-01-01T10:48:32.699+0000] {processor.py:830} INFO - Processing file /opt/airflow/dags/main.py for tasks to queue
[2026-01-01T10:48:32.700+0000] {logging_mixin.py:188} INFO - [2026-01-01T10:48:32.699+0000] {dagbag.py:545} INFO - Filling up the DagBag from /opt/airflow/dags/main.py
[2026-01-01T10:48:32.790+0000] {processor.py:840} INFO - DAG(s) 'update_db', 'youtube_video_stats' retrieved from /opt/airflow/dags/main.py
[2026-01-01T10:48:32.822+0000] {logging_mixin.py:188} INFO - [2026-01-01T10:48:32.822+0000] {dag.py:3096} INFO - Sync 2 DAGs
[2026-01-01T10:48:32.841+0000] {logging_mixin.py:188} INFO - [2026-01-01T10:48:32.841+0000] {dag.py:3954} INFO - Setting next_dagrun for update_db to 2025-12-31 15:00:00+00:00, run_after=2026-01-01 15:00:00+00:00
[2026-01-01T10:48:32.846+0000] {logging_mixin.py:188} INFO - [2026-01-01T10:48:32.846+0000] {dag.py:3954} INFO - Setting next_dagrun for youtube_video_stats to 2025-12-31 14:00:00+00:00, run_after=2026-01-01 14:00:00+00:00
[2026-01-01T10:48:32.894+0000] {processor.py:183} INFO - Processing /opt/airflow/dags/main.py took 0.202 seconds
[2026-01-01T10:49:03.132+0000] {processor.py:161} INFO - Started process (PID=23231) to work on /opt/airflow/dags/main.py
[2026-01-01T10:49:03.133+0000] {processor.py:830} INFO - Processing file /opt/airflow/dags/main.py for tasks to queue
[2026-01-01T10:49:03.134+0000] {logging_mixin.py:188} INFO - [2026-01-01T10:49:03.134+0000] {dagbag.py:545} INFO - Filling up the DagBag from /opt/airflow/dags/main.py
[2026-01-01T10:49:03.201+0000] {processor.py:840} INFO - DAG(s) 'youtube_video_stats', 'update_db' retrieved from /opt/airflow/dags/main.py
[2026-01-01T10:49:03.226+0000] {logging_mixin.py:188} INFO - [2026-01-01T10:49:03.225+0000] {dag.py:3096} INFO - Sync 2 DAGs
[2026-01-01T10:49:03.243+0000] {logging_mixin.py:188} INFO - [2026-01-01T10:49:03.243+0000] {dag.py:3954} INFO - Setting next_dagrun for update_db to 2025-12-31 15:00:00+00:00, run_after=2026-01-01 15:00:00+00:00
[2026-01-01T10:49:03.248+0000] {logging_mixin.py:188} INFO - [2026-01-01T10:49:03.247+0000] {dag.py:3954} INFO - Setting next_dagrun for youtube_video_stats to 2025-12-31 14:00:00+00:00, run_after=2026-01-01 14:00:00+00:00
[2026-01-01T10:49:03.264+0000] {processor.py:183} INFO - Processing /opt/airflow/dags/main.py took 0.139 seconds
[2026-01-01T10:49:33.345+0000] {processor.py:161} INFO - Started process (PID=23238) to work on /opt/airflow/dags/main.py
[2026-01-01T10:49:33.346+0000] {processor.py:830} INFO - Processing file /opt/airflow/dags/main.py for tasks to queue
[2026-01-01T10:49:33.347+0000] {logging_mixin.py:188} INFO - [2026-01-01T10:49:33.346+0000] {dagbag.py:545} INFO - Filling up the DagBag from /opt/airflow/dags/main.py
[2026-01-01T10:49:33.418+0000] {processor.py:840} INFO - DAG(s) 'update_db', 'youtube_video_stats' retrieved from /opt/airflow/dags/main.py
[2026-01-01T10:49:33.447+0000] {logging_mixin.py:188} INFO - [2026-01-01T10:49:33.447+0000] {dag.py:3096} INFO - Sync 2 DAGs
[2026-01-01T10:49:33.471+0000] {logging_mixin.py:188} INFO - [2026-01-01T10:49:33.470+0000] {dag.py:3954} INFO - Setting next_dagrun for update_db to 2025-12-31 15:00:00+00:00, run_after=2026-01-01 15:00:00+00:00
[2026-01-01T10:49:33.477+0000] {logging_mixin.py:188} INFO - [2026-01-01T10:49:33.477+0000] {dag.py:3954} INFO - Setting next_dagrun for youtube_video_stats to 2025-12-31 14:00:00+00:00, run_after=2026-01-01 14:00:00+00:00
[2026-01-01T10:49:33.497+0000] {processor.py:183} INFO - Processing /opt/airflow/dags/main.py took 0.158 seconds
[2026-01-01T10:50:03.721+0000] {processor.py:161} INFO - Started process (PID=23245) to work on /opt/airflow/dags/main.py
[2026-01-01T10:50:03.722+0000] {processor.py:830} INFO - Processing file /opt/airflow/dags/main.py for tasks to queue
[2026-01-01T10:50:03.723+0000] {logging_mixin.py:188} INFO - [2026-01-01T10:50:03.723+0000] {dagbag.py:545} INFO - Filling up the DagBag from /opt/airflow/dags/main.py
[2026-01-01T10:50:03.802+0000] {processor.py:840} INFO - DAG(s) 'youtube_video_stats', 'update_db' retrieved from /opt/airflow/dags/main.py
[2026-01-01T10:50:03.827+0000] {logging_mixin.py:188} INFO - [2026-01-01T10:50:03.827+0000] {dag.py:3096} INFO - Sync 2 DAGs
[2026-01-01T10:50:03.847+0000] {logging_mixin.py:188} INFO - [2026-01-01T10:50:03.847+0000] {dag.py:3954} INFO - Setting next_dagrun for update_db to 2025-12-31 15:00:00+00:00, run_after=2026-01-01 15:00:00+00:00
[2026-01-01T10:50:03.852+0000] {logging_mixin.py:188} INFO - [2026-01-01T10:50:03.852+0000] {dag.py:3954} INFO - Setting next_dagrun for youtube_video_stats to 2025-12-31 14:00:00+00:00, run_after=2026-01-01 14:00:00+00:00
[2026-01-01T10:50:03.870+0000] {processor.py:183} INFO - Processing /opt/airflow/dags/main.py took 0.154 seconds
[2026-01-01T10:50:34.015+0000] {processor.py:161} INFO - Started process (PID=23252) to work on /opt/airflow/dags/main.py
[2026-01-01T10:50:34.016+0000] {processor.py:830} INFO - Processing file /opt/airflow/dags/main.py for tasks to queue
[2026-01-01T10:50:34.017+0000] {logging_mixin.py:188} INFO - [2026-01-01T10:50:34.017+0000] {dagbag.py:545} INFO - Filling up the DagBag from /opt/airflow/dags/main.py
[2026-01-01T10:50:34.101+0000] {processor.py:840} INFO - DAG(s) 'youtube_video_stats', 'update_db' retrieved from /opt/airflow/dags/main.py
[2026-01-01T10:50:34.130+0000] {logging_mixin.py:188} INFO - [2026-01-01T10:50:34.130+0000] {dag.py:3096} INFO - Sync 2 DAGs
[2026-01-01T10:50:34.148+0000] {logging_mixin.py:188} INFO - [2026-01-01T10:50:34.148+0000] {dag.py:3954} INFO - Setting next_dagrun for update_db to 2025-12-31 15:00:00+00:00, run_after=2026-01-01 15:00:00+00:00
[2026-01-01T10:50:34.154+0000] {logging_mixin.py:188} INFO - [2026-01-01T10:50:34.154+0000] {dag.py:3954} INFO - Setting next_dagrun for youtube_video_stats to 2025-12-31 14:00:00+00:00, run_after=2026-01-01 14:00:00+00:00
[2026-01-01T10:50:34.174+0000] {processor.py:183} INFO - Processing /opt/airflow/dags/main.py took 0.165 seconds
[2026-01-01T10:51:04.270+0000] {processor.py:161} INFO - Started process (PID=23259) to work on /opt/airflow/dags/main.py
[2026-01-01T10:51:04.272+0000] {processor.py:830} INFO - Processing file /opt/airflow/dags/main.py for tasks to queue
[2026-01-01T10:51:04.273+0000] {logging_mixin.py:188} INFO - [2026-01-01T10:51:04.273+0000] {dagbag.py:545} INFO - Filling up the DagBag from /opt/airflow/dags/main.py
[2026-01-01T10:51:04.369+0000] {processor.py:840} INFO - DAG(s) 'update_db', 'youtube_video_stats' retrieved from /opt/airflow/dags/main.py
[2026-01-01T10:51:04.402+0000] {logging_mixin.py:188} INFO - [2026-01-01T10:51:04.402+0000] {dag.py:3096} INFO - Sync 2 DAGs
[2026-01-01T10:51:04.423+0000] {logging_mixin.py:188} INFO - [2026-01-01T10:51:04.423+0000] {dag.py:3954} INFO - Setting next_dagrun for update_db to 2025-12-31 15:00:00+00:00, run_after=2026-01-01 15:00:00+00:00
[2026-01-01T10:51:04.430+0000] {logging_mixin.py:188} INFO - [2026-01-01T10:51:04.430+0000] {dag.py:3954} INFO - Setting next_dagrun for youtube_video_stats to 2025-12-31 14:00:00+00:00, run_after=2026-01-01 14:00:00+00:00
[2026-01-01T10:51:04.450+0000] {processor.py:183} INFO - Processing /opt/airflow/dags/main.py took 0.186 seconds
[2026-01-01T10:51:34.603+0000] {processor.py:161} INFO - Started process (PID=23266) to work on /opt/airflow/dags/main.py
[2026-01-01T10:51:34.604+0000] {processor.py:830} INFO - Processing file /opt/airflow/dags/main.py for tasks to queue
[2026-01-01T10:51:34.605+0000] {logging_mixin.py:188} INFO - [2026-01-01T10:51:34.605+0000] {dagbag.py:545} INFO - Filling up the DagBag from /opt/airflow/dags/main.py
[2026-01-01T10:51:34.692+0000] {processor.py:840} INFO - DAG(s) 'update_db', 'youtube_video_stats' retrieved from /opt/airflow/dags/main.py
[2026-01-01T10:51:34.721+0000] {logging_mixin.py:188} INFO - [2026-01-01T10:51:34.721+0000] {dag.py:3096} INFO - Sync 2 DAGs
[2026-01-01T10:51:34.741+0000] {logging_mixin.py:188} INFO - [2026-01-01T10:51:34.741+0000] {dag.py:3954} INFO - Setting next_dagrun for update_db to 2025-12-31 15:00:00+00:00, run_after=2026-01-01 15:00:00+00:00
[2026-01-01T10:51:34.746+0000] {logging_mixin.py:188} INFO - [2026-01-01T10:51:34.746+0000] {dag.py:3954} INFO - Setting next_dagrun for youtube_video_stats to 2025-12-31 14:00:00+00:00, run_after=2026-01-01 14:00:00+00:00
[2026-01-01T10:51:34.764+0000] {processor.py:183} INFO - Processing /opt/airflow/dags/main.py took 0.167 seconds
[2026-01-01T10:52:04.926+0000] {processor.py:161} INFO - Started process (PID=23273) to work on /opt/airflow/dags/main.py
[2026-01-01T10:52:04.927+0000] {processor.py:830} INFO - Processing file /opt/airflow/dags/main.py for tasks to queue
[2026-01-01T10:52:04.928+0000] {logging_mixin.py:188} INFO - [2026-01-01T10:52:04.928+0000] {dagbag.py:545} INFO - Filling up the DagBag from /opt/airflow/dags/main.py
[2026-01-01T10:52:05.016+0000] {processor.py:840} INFO - DAG(s) 'youtube_video_stats', 'update_db' retrieved from /opt/airflow/dags/main.py
[2026-01-01T10:52:05.045+0000] {logging_mixin.py:188} INFO - [2026-01-01T10:52:05.045+0000] {dag.py:3096} INFO - Sync 2 DAGs
[2026-01-01T10:52:05.067+0000] {logging_mixin.py:188} INFO - [2026-01-01T10:52:05.066+0000] {dag.py:3954} INFO - Setting next_dagrun for update_db to 2025-12-31 15:00:00+00:00, run_after=2026-01-01 15:00:00+00:00
[2026-01-01T10:52:05.073+0000] {logging_mixin.py:188} INFO - [2026-01-01T10:52:05.072+0000] {dag.py:3954} INFO - Setting next_dagrun for youtube_video_stats to 2025-12-31 14:00:00+00:00, run_after=2026-01-01 14:00:00+00:00
[2026-01-01T10:52:05.091+0000] {processor.py:183} INFO - Processing /opt/airflow/dags/main.py took 0.171 seconds
[2026-01-01T10:52:35.198+0000] {processor.py:161} INFO - Started process (PID=23280) to work on /opt/airflow/dags/main.py
[2026-01-01T10:52:35.199+0000] {processor.py:830} INFO - Processing file /opt/airflow/dags/main.py for tasks to queue
[2026-01-01T10:52:35.201+0000] {logging_mixin.py:188} INFO - [2026-01-01T10:52:35.200+0000] {dagbag.py:545} INFO - Filling up the DagBag from /opt/airflow/dags/main.py
[2026-01-01T10:52:35.296+0000] {processor.py:840} INFO - DAG(s) 'youtube_video_stats', 'update_db' retrieved from /opt/airflow/dags/main.py
[2026-01-01T10:52:35.324+0000] {logging_mixin.py:188} INFO - [2026-01-01T10:52:35.323+0000] {dag.py:3096} INFO - Sync 2 DAGs
[2026-01-01T10:52:35.344+0000] {logging_mixin.py:188} INFO - [2026-01-01T10:52:35.344+0000] {dag.py:3954} INFO - Setting next_dagrun for update_db to 2025-12-31 15:00:00+00:00, run_after=2026-01-01 15:00:00+00:00
[2026-01-01T10:52:35.349+0000] {logging_mixin.py:188} INFO - [2026-01-01T10:52:35.348+0000] {dag.py:3954} INFO - Setting next_dagrun for youtube_video_stats to 2025-12-31 14:00:00+00:00, run_after=2026-01-01 14:00:00+00:00
[2026-01-01T10:52:35.390+0000] {processor.py:183} INFO - Processing /opt/airflow/dags/main.py took 0.198 seconds
[2026-01-01T10:53:05.488+0000] {processor.py:161} INFO - Started process (PID=23287) to work on /opt/airflow/dags/main.py
[2026-01-01T10:53:05.490+0000] {processor.py:830} INFO - Processing file /opt/airflow/dags/main.py for tasks to queue
[2026-01-01T10:53:05.491+0000] {logging_mixin.py:188} INFO - [2026-01-01T10:53:05.490+0000] {dagbag.py:545} INFO - Filling up the DagBag from /opt/airflow/dags/main.py
[2026-01-01T10:53:05.598+0000] {processor.py:840} INFO - DAG(s) 'youtube_video_stats', 'update_db' retrieved from /opt/airflow/dags/main.py
[2026-01-01T10:53:05.640+0000] {logging_mixin.py:188} INFO - [2026-01-01T10:53:05.640+0000] {dag.py:3096} INFO - Sync 2 DAGs
[2026-01-01T10:53:05.660+0000] {logging_mixin.py:188} INFO - [2026-01-01T10:53:05.660+0000] {dag.py:3954} INFO - Setting next_dagrun for update_db to 2025-12-31 15:00:00+00:00, run_after=2026-01-01 15:00:00+00:00
[2026-01-01T10:53:05.665+0000] {logging_mixin.py:188} INFO - [2026-01-01T10:53:05.665+0000] {dag.py:3954} INFO - Setting next_dagrun for youtube_video_stats to 2025-12-31 14:00:00+00:00, run_after=2026-01-01 14:00:00+00:00
[2026-01-01T10:53:05.680+0000] {processor.py:183} INFO - Processing /opt/airflow/dags/main.py took 0.198 seconds
[2026-01-01T10:53:35.821+0000] {processor.py:161} INFO - Started process (PID=23294) to work on /opt/airflow/dags/main.py
[2026-01-01T10:53:35.823+0000] {processor.py:830} INFO - Processing file /opt/airflow/dags/main.py for tasks to queue
[2026-01-01T10:53:35.824+0000] {logging_mixin.py:188} INFO - [2026-01-01T10:53:35.824+0000] {dagbag.py:545} INFO - Filling up the DagBag from /opt/airflow/dags/main.py
[2026-01-01T10:53:35.917+0000] {processor.py:840} INFO - DAG(s) 'update_db', 'youtube_video_stats' retrieved from /opt/airflow/dags/main.py
[2026-01-01T10:53:35.944+0000] {logging_mixin.py:188} INFO - [2026-01-01T10:53:35.944+0000] {dag.py:3096} INFO - Sync 2 DAGs
[2026-01-01T10:53:35.964+0000] {logging_mixin.py:188} INFO - [2026-01-01T10:53:35.964+0000] {dag.py:3954} INFO - Setting next_dagrun for update_db to 2025-12-31 15:00:00+00:00, run_after=2026-01-01 15:00:00+00:00
[2026-01-01T10:53:35.969+0000] {logging_mixin.py:188} INFO - [2026-01-01T10:53:35.969+0000] {dag.py:3954} INFO - Setting next_dagrun for youtube_video_stats to 2025-12-31 14:00:00+00:00, run_after=2026-01-01 14:00:00+00:00
[2026-01-01T10:53:35.993+0000] {processor.py:183} INFO - Processing /opt/airflow/dags/main.py took 0.182 seconds
[2026-01-01T10:54:06.089+0000] {processor.py:161} INFO - Started process (PID=23301) to work on /opt/airflow/dags/main.py
[2026-01-01T10:54:06.091+0000] {processor.py:830} INFO - Processing file /opt/airflow/dags/main.py for tasks to queue
[2026-01-01T10:54:06.092+0000] {logging_mixin.py:188} INFO - [2026-01-01T10:54:06.092+0000] {dagbag.py:545} INFO - Filling up the DagBag from /opt/airflow/dags/main.py
[2026-01-01T10:54:06.187+0000] {processor.py:840} INFO - DAG(s) 'youtube_video_stats', 'update_db' retrieved from /opt/airflow/dags/main.py
[2026-01-01T10:54:06.215+0000] {logging_mixin.py:188} INFO - [2026-01-01T10:54:06.215+0000] {dag.py:3096} INFO - Sync 2 DAGs
[2026-01-01T10:54:06.236+0000] {logging_mixin.py:188} INFO - [2026-01-01T10:54:06.236+0000] {dag.py:3954} INFO - Setting next_dagrun for update_db to 2025-12-31 15:00:00+00:00, run_after=2026-01-01 15:00:00+00:00
[2026-01-01T10:54:06.242+0000] {logging_mixin.py:188} INFO - [2026-01-01T10:54:06.242+0000] {dag.py:3954} INFO - Setting next_dagrun for youtube_video_stats to 2025-12-31 14:00:00+00:00, run_after=2026-01-01 14:00:00+00:00
[2026-01-01T10:54:06.263+0000] {processor.py:183} INFO - Processing /opt/airflow/dags/main.py took 0.181 seconds
[2026-01-01T10:54:36.372+0000] {processor.py:161} INFO - Started process (PID=23308) to work on /opt/airflow/dags/main.py
[2026-01-01T10:54:36.374+0000] {processor.py:830} INFO - Processing file /opt/airflow/dags/main.py for tasks to queue
[2026-01-01T10:54:36.374+0000] {logging_mixin.py:188} INFO - [2026-01-01T10:54:36.374+0000] {dagbag.py:545} INFO - Filling up the DagBag from /opt/airflow/dags/main.py
[2026-01-01T10:54:36.449+0000] {processor.py:840} INFO - DAG(s) 'youtube_video_stats', 'update_db' retrieved from /opt/airflow/dags/main.py
[2026-01-01T10:54:36.477+0000] {logging_mixin.py:188} INFO - [2026-01-01T10:54:36.476+0000] {dag.py:3096} INFO - Sync 2 DAGs
[2026-01-01T10:54:36.496+0000] {logging_mixin.py:188} INFO - [2026-01-01T10:54:36.496+0000] {dag.py:3954} INFO - Setting next_dagrun for update_db to 2025-12-31 15:00:00+00:00, run_after=2026-01-01 15:00:00+00:00
[2026-01-01T10:54:36.501+0000] {logging_mixin.py:188} INFO - [2026-01-01T10:54:36.501+0000] {dag.py:3954} INFO - Setting next_dagrun for youtube_video_stats to 2025-12-31 14:00:00+00:00, run_after=2026-01-01 14:00:00+00:00
[2026-01-01T10:54:36.517+0000] {processor.py:183} INFO - Processing /opt/airflow/dags/main.py took 0.150 seconds
[2026-01-01T10:55:06.593+0000] {processor.py:161} INFO - Started process (PID=23315) to work on /opt/airflow/dags/main.py
[2026-01-01T10:55:06.595+0000] {processor.py:830} INFO - Processing file /opt/airflow/dags/main.py for tasks to queue
[2026-01-01T10:55:06.596+0000] {logging_mixin.py:188} INFO - [2026-01-01T10:55:06.596+0000] {dagbag.py:545} INFO - Filling up the DagBag from /opt/airflow/dags/main.py
[2026-01-01T10:55:06.661+0000] {processor.py:840} INFO - DAG(s) 'update_db', 'youtube_video_stats' retrieved from /opt/airflow/dags/main.py
[2026-01-01T10:55:06.688+0000] {logging_mixin.py:188} INFO - [2026-01-01T10:55:06.687+0000] {dag.py:3096} INFO - Sync 2 DAGs
[2026-01-01T10:55:06.708+0000] {logging_mixin.py:188} INFO - [2026-01-01T10:55:06.707+0000] {dag.py:3954} INFO - Setting next_dagrun for update_db to 2025-12-31 15:00:00+00:00, run_after=2026-01-01 15:00:00+00:00
[2026-01-01T10:55:06.712+0000] {logging_mixin.py:188} INFO - [2026-01-01T10:55:06.712+0000] {dag.py:3954} INFO - Setting next_dagrun for youtube_video_stats to 2025-12-31 14:00:00+00:00, run_after=2026-01-01 14:00:00+00:00
[2026-01-01T10:55:06.732+0000] {processor.py:183} INFO - Processing /opt/airflow/dags/main.py took 0.144 seconds
[2026-01-01T10:55:36.932+0000] {processor.py:161} INFO - Started process (PID=23322) to work on /opt/airflow/dags/main.py
[2026-01-01T10:55:36.933+0000] {processor.py:830} INFO - Processing file /opt/airflow/dags/main.py for tasks to queue
[2026-01-01T10:55:36.934+0000] {logging_mixin.py:188} INFO - [2026-01-01T10:55:36.934+0000] {dagbag.py:545} INFO - Filling up the DagBag from /opt/airflow/dags/main.py
[2026-01-01T10:55:37.010+0000] {processor.py:840} INFO - DAG(s) 'update_db', 'youtube_video_stats' retrieved from /opt/airflow/dags/main.py
[2026-01-01T10:55:37.039+0000] {logging_mixin.py:188} INFO - [2026-01-01T10:55:37.038+0000] {dag.py:3096} INFO - Sync 2 DAGs
[2026-01-01T10:55:37.063+0000] {logging_mixin.py:188} INFO - [2026-01-01T10:55:37.063+0000] {dag.py:3954} INFO - Setting next_dagrun for update_db to 2025-12-31 15:00:00+00:00, run_after=2026-01-01 15:00:00+00:00
[2026-01-01T10:55:37.068+0000] {logging_mixin.py:188} INFO - [2026-01-01T10:55:37.068+0000] {dag.py:3954} INFO - Setting next_dagrun for youtube_video_stats to 2025-12-31 14:00:00+00:00, run_after=2026-01-01 14:00:00+00:00
[2026-01-01T10:55:37.083+0000] {processor.py:183} INFO - Processing /opt/airflow/dags/main.py took 0.157 seconds
[2026-01-01T10:56:07.246+0000] {processor.py:161} INFO - Started process (PID=23329) to work on /opt/airflow/dags/main.py
[2026-01-01T10:56:07.247+0000] {processor.py:830} INFO - Processing file /opt/airflow/dags/main.py for tasks to queue
[2026-01-01T10:56:07.248+0000] {logging_mixin.py:188} INFO - [2026-01-01T10:56:07.248+0000] {dagbag.py:545} INFO - Filling up the DagBag from /opt/airflow/dags/main.py
[2026-01-01T10:56:07.323+0000] {processor.py:840} INFO - DAG(s) 'update_db', 'youtube_video_stats' retrieved from /opt/airflow/dags/main.py
[2026-01-01T10:56:07.349+0000] {logging_mixin.py:188} INFO - [2026-01-01T10:56:07.349+0000] {dag.py:3096} INFO - Sync 2 DAGs
[2026-01-01T10:56:07.370+0000] {logging_mixin.py:188} INFO - [2026-01-01T10:56:07.370+0000] {dag.py:3954} INFO - Setting next_dagrun for update_db to 2025-12-31 15:00:00+00:00, run_after=2026-01-01 15:00:00+00:00
[2026-01-01T10:56:07.376+0000] {logging_mixin.py:188} INFO - [2026-01-01T10:56:07.376+0000] {dag.py:3954} INFO - Setting next_dagrun for youtube_video_stats to 2025-12-31 14:00:00+00:00, run_after=2026-01-01 14:00:00+00:00
[2026-01-01T10:56:07.393+0000] {processor.py:183} INFO - Processing /opt/airflow/dags/main.py took 0.152 seconds
[2026-01-01T10:56:37.436+0000] {processor.py:161} INFO - Started process (PID=23336) to work on /opt/airflow/dags/main.py
[2026-01-01T10:56:37.437+0000] {processor.py:830} INFO - Processing file /opt/airflow/dags/main.py for tasks to queue
[2026-01-01T10:56:37.438+0000] {logging_mixin.py:188} INFO - [2026-01-01T10:56:37.438+0000] {dagbag.py:545} INFO - Filling up the DagBag from /opt/airflow/dags/main.py
[2026-01-01T10:56:37.535+0000] {processor.py:840} INFO - DAG(s) 'youtube_video_stats', 'update_db' retrieved from /opt/airflow/dags/main.py
[2026-01-01T10:56:37.583+0000] {logging_mixin.py:188} INFO - [2026-01-01T10:56:37.583+0000] {dag.py:3096} INFO - Sync 2 DAGs
[2026-01-01T10:56:37.608+0000] {logging_mixin.py:188} INFO - [2026-01-01T10:56:37.607+0000] {dag.py:3954} INFO - Setting next_dagrun for update_db to 2025-12-31 15:00:00+00:00, run_after=2026-01-01 15:00:00+00:00
[2026-01-01T10:56:37.614+0000] {logging_mixin.py:188} INFO - [2026-01-01T10:56:37.614+0000] {dag.py:3954} INFO - Setting next_dagrun for youtube_video_stats to 2025-12-31 14:00:00+00:00, run_after=2026-01-01 14:00:00+00:00
[2026-01-01T10:56:37.628+0000] {processor.py:183} INFO - Processing /opt/airflow/dags/main.py took 0.199 seconds
[2026-01-01T10:57:07.771+0000] {processor.py:161} INFO - Started process (PID=23342) to work on /opt/airflow/dags/main.py
[2026-01-01T10:57:07.772+0000] {processor.py:830} INFO - Processing file /opt/airflow/dags/main.py for tasks to queue
[2026-01-01T10:57:07.773+0000] {logging_mixin.py:188} INFO - [2026-01-01T10:57:07.773+0000] {dagbag.py:545} INFO - Filling up the DagBag from /opt/airflow/dags/main.py
[2026-01-01T10:57:07.850+0000] {processor.py:840} INFO - DAG(s) 'update_db', 'youtube_video_stats' retrieved from /opt/airflow/dags/main.py
[2026-01-01T10:57:07.877+0000] {logging_mixin.py:188} INFO - [2026-01-01T10:57:07.877+0000] {dag.py:3096} INFO - Sync 2 DAGs
[2026-01-01T10:57:07.900+0000] {logging_mixin.py:188} INFO - [2026-01-01T10:57:07.899+0000] {dag.py:3954} INFO - Setting next_dagrun for update_db to 2025-12-31 15:00:00+00:00, run_after=2026-01-01 15:00:00+00:00
[2026-01-01T10:57:07.905+0000] {logging_mixin.py:188} INFO - [2026-01-01T10:57:07.905+0000] {dag.py:3954} INFO - Setting next_dagrun for youtube_video_stats to 2025-12-31 14:00:00+00:00, run_after=2026-01-01 14:00:00+00:00
[2026-01-01T10:57:07.919+0000] {processor.py:183} INFO - Processing /opt/airflow/dags/main.py took 0.155 seconds
[2026-01-01T10:57:37.980+0000] {processor.py:161} INFO - Started process (PID=23349) to work on /opt/airflow/dags/main.py
[2026-01-01T10:57:37.981+0000] {processor.py:830} INFO - Processing file /opt/airflow/dags/main.py for tasks to queue
[2026-01-01T10:57:37.982+0000] {logging_mixin.py:188} INFO - [2026-01-01T10:57:37.982+0000] {dagbag.py:545} INFO - Filling up the DagBag from /opt/airflow/dags/main.py
[2026-01-01T10:57:38.056+0000] {processor.py:840} INFO - DAG(s) 'youtube_video_stats', 'update_db' retrieved from /opt/airflow/dags/main.py
[2026-01-01T10:57:38.084+0000] {logging_mixin.py:188} INFO - [2026-01-01T10:57:38.084+0000] {dag.py:3096} INFO - Sync 2 DAGs
[2026-01-01T10:57:38.103+0000] {logging_mixin.py:188} INFO - [2026-01-01T10:57:38.103+0000] {dag.py:3954} INFO - Setting next_dagrun for update_db to 2025-12-31 15:00:00+00:00, run_after=2026-01-01 15:00:00+00:00
[2026-01-01T10:57:38.108+0000] {logging_mixin.py:188} INFO - [2026-01-01T10:57:38.108+0000] {dag.py:3954} INFO - Setting next_dagrun for youtube_video_stats to 2025-12-31 14:00:00+00:00, run_after=2026-01-01 14:00:00+00:00
[2026-01-01T10:57:38.124+0000] {processor.py:183} INFO - Processing /opt/airflow/dags/main.py took 0.150 seconds
[2026-01-01T10:58:08.248+0000] {processor.py:161} INFO - Started process (PID=23356) to work on /opt/airflow/dags/main.py
[2026-01-01T10:58:08.249+0000] {processor.py:830} INFO - Processing file /opt/airflow/dags/main.py for tasks to queue
[2026-01-01T10:58:08.250+0000] {logging_mixin.py:188} INFO - [2026-01-01T10:58:08.250+0000] {dagbag.py:545} INFO - Filling up the DagBag from /opt/airflow/dags/main.py
[2026-01-01T10:58:08.321+0000] {processor.py:840} INFO - DAG(s) 'update_db', 'youtube_video_stats' retrieved from /opt/airflow/dags/main.py
[2026-01-01T10:58:08.350+0000] {logging_mixin.py:188} INFO - [2026-01-01T10:58:08.350+0000] {dag.py:3096} INFO - Sync 2 DAGs
[2026-01-01T10:58:08.372+0000] {logging_mixin.py:188} INFO - [2026-01-01T10:58:08.371+0000] {dag.py:3954} INFO - Setting next_dagrun for update_db to 2025-12-31 15:00:00+00:00, run_after=2026-01-01 15:00:00+00:00
[2026-01-01T10:58:08.376+0000] {logging_mixin.py:188} INFO - [2026-01-01T10:58:08.376+0000] {dag.py:3954} INFO - Setting next_dagrun for youtube_video_stats to 2025-12-31 14:00:00+00:00, run_after=2026-01-01 14:00:00+00:00
[2026-01-01T10:58:08.392+0000] {processor.py:183} INFO - Processing /opt/airflow/dags/main.py took 0.150 seconds
[2026-01-01T10:58:38.441+0000] {processor.py:161} INFO - Started process (PID=23363) to work on /opt/airflow/dags/main.py
[2026-01-01T10:58:38.442+0000] {processor.py:830} INFO - Processing file /opt/airflow/dags/main.py for tasks to queue
[2026-01-01T10:58:38.443+0000] {logging_mixin.py:188} INFO - [2026-01-01T10:58:38.443+0000] {dagbag.py:545} INFO - Filling up the DagBag from /opt/airflow/dags/main.py
[2026-01-01T10:58:38.521+0000] {processor.py:840} INFO - DAG(s) 'youtube_video_stats', 'update_db' retrieved from /opt/airflow/dags/main.py
[2026-01-01T10:58:38.554+0000] {logging_mixin.py:188} INFO - [2026-01-01T10:58:38.553+0000] {dag.py:3096} INFO - Sync 2 DAGs
[2026-01-01T10:58:38.575+0000] {logging_mixin.py:188} INFO - [2026-01-01T10:58:38.575+0000] {dag.py:3954} INFO - Setting next_dagrun for update_db to 2025-12-31 15:00:00+00:00, run_after=2026-01-01 15:00:00+00:00
[2026-01-01T10:58:38.581+0000] {logging_mixin.py:188} INFO - [2026-01-01T10:58:38.581+0000] {dag.py:3954} INFO - Setting next_dagrun for youtube_video_stats to 2025-12-31 14:00:00+00:00, run_after=2026-01-01 14:00:00+00:00
[2026-01-01T10:58:38.599+0000] {processor.py:183} INFO - Processing /opt/airflow/dags/main.py took 0.163 seconds
[2026-01-01T10:59:08.706+0000] {processor.py:161} INFO - Started process (PID=23370) to work on /opt/airflow/dags/main.py
[2026-01-01T10:59:08.707+0000] {processor.py:830} INFO - Processing file /opt/airflow/dags/main.py for tasks to queue
[2026-01-01T10:59:08.708+0000] {logging_mixin.py:188} INFO - [2026-01-01T10:59:08.708+0000] {dagbag.py:545} INFO - Filling up the DagBag from /opt/airflow/dags/main.py
[2026-01-01T10:59:08.780+0000] {processor.py:840} INFO - DAG(s) 'update_db', 'youtube_video_stats' retrieved from /opt/airflow/dags/main.py
[2026-01-01T10:59:08.808+0000] {logging_mixin.py:188} INFO - [2026-01-01T10:59:08.807+0000] {dag.py:3096} INFO - Sync 2 DAGs
[2026-01-01T10:59:08.827+0000] {logging_mixin.py:188} INFO - [2026-01-01T10:59:08.827+0000] {dag.py:3954} INFO - Setting next_dagrun for update_db to 2025-12-31 15:00:00+00:00, run_after=2026-01-01 15:00:00+00:00
[2026-01-01T10:59:08.832+0000] {logging_mixin.py:188} INFO - [2026-01-01T10:59:08.832+0000] {dag.py:3954} INFO - Setting next_dagrun for youtube_video_stats to 2025-12-31 14:00:00+00:00, run_after=2026-01-01 14:00:00+00:00
[2026-01-01T10:59:08.850+0000] {processor.py:183} INFO - Processing /opt/airflow/dags/main.py took 0.150 seconds
[2026-01-01T10:59:38.906+0000] {processor.py:161} INFO - Started process (PID=23377) to work on /opt/airflow/dags/main.py
[2026-01-01T10:59:38.907+0000] {processor.py:830} INFO - Processing file /opt/airflow/dags/main.py for tasks to queue
[2026-01-01T10:59:38.908+0000] {logging_mixin.py:188} INFO - [2026-01-01T10:59:38.908+0000] {dagbag.py:545} INFO - Filling up the DagBag from /opt/airflow/dags/main.py
[2026-01-01T10:59:38.979+0000] {processor.py:840} INFO - DAG(s) 'youtube_video_stats', 'update_db' retrieved from /opt/airflow/dags/main.py
[2026-01-01T10:59:39.006+0000] {logging_mixin.py:188} INFO - [2026-01-01T10:59:39.006+0000] {dag.py:3096} INFO - Sync 2 DAGs
[2026-01-01T10:59:39.024+0000] {logging_mixin.py:188} INFO - [2026-01-01T10:59:39.024+0000] {dag.py:3954} INFO - Setting next_dagrun for update_db to 2025-12-31 15:00:00+00:00, run_after=2026-01-01 15:00:00+00:00
[2026-01-01T10:59:39.029+0000] {logging_mixin.py:188} INFO - [2026-01-01T10:59:39.028+0000] {dag.py:3954} INFO - Setting next_dagrun for youtube_video_stats to 2025-12-31 14:00:00+00:00, run_after=2026-01-01 14:00:00+00:00
[2026-01-01T10:59:39.044+0000] {processor.py:183} INFO - Processing /opt/airflow/dags/main.py took 0.145 seconds
[2026-01-01T11:00:09.179+0000] {processor.py:161} INFO - Started process (PID=23384) to work on /opt/airflow/dags/main.py
[2026-01-01T11:00:09.180+0000] {processor.py:830} INFO - Processing file /opt/airflow/dags/main.py for tasks to queue
[2026-01-01T11:00:09.180+0000] {logging_mixin.py:188} INFO - [2026-01-01T11:00:09.180+0000] {dagbag.py:545} INFO - Filling up the DagBag from /opt/airflow/dags/main.py
[2026-01-01T11:00:09.254+0000] {processor.py:840} INFO - DAG(s) 'youtube_video_stats', 'update_db' retrieved from /opt/airflow/dags/main.py
[2026-01-01T11:00:09.281+0000] {logging_mixin.py:188} INFO - [2026-01-01T11:00:09.280+0000] {dag.py:3096} INFO - Sync 2 DAGs
[2026-01-01T11:00:09.300+0000] {logging_mixin.py:188} INFO - [2026-01-01T11:00:09.300+0000] {dag.py:3954} INFO - Setting next_dagrun for update_db to 2025-12-31 15:00:00+00:00, run_after=2026-01-01 15:00:00+00:00
[2026-01-01T11:00:09.304+0000] {logging_mixin.py:188} INFO - [2026-01-01T11:00:09.304+0000] {dag.py:3954} INFO - Setting next_dagrun for youtube_video_stats to 2025-12-31 14:00:00+00:00, run_after=2026-01-01 14:00:00+00:00
[2026-01-01T11:00:09.320+0000] {processor.py:183} INFO - Processing /opt/airflow/dags/main.py took 0.147 seconds
[2026-01-01T11:00:39.475+0000] {processor.py:161} INFO - Started process (PID=23391) to work on /opt/airflow/dags/main.py
[2026-01-01T11:00:39.476+0000] {processor.py:830} INFO - Processing file /opt/airflow/dags/main.py for tasks to queue
[2026-01-01T11:00:39.476+0000] {logging_mixin.py:188} INFO - [2026-01-01T11:00:39.476+0000] {dagbag.py:545} INFO - Filling up the DagBag from /opt/airflow/dags/main.py
[2026-01-01T11:00:39.544+0000] {processor.py:840} INFO - DAG(s) 'update_db', 'youtube_video_stats' retrieved from /opt/airflow/dags/main.py
[2026-01-01T11:00:39.571+0000] {logging_mixin.py:188} INFO - [2026-01-01T11:00:39.571+0000] {dag.py:3096} INFO - Sync 2 DAGs
[2026-01-01T11:00:39.594+0000] {logging_mixin.py:188} INFO - [2026-01-01T11:00:39.593+0000] {dag.py:3954} INFO - Setting next_dagrun for update_db to 2025-12-31 15:00:00+00:00, run_after=2026-01-01 15:00:00+00:00
[2026-01-01T11:00:39.600+0000] {logging_mixin.py:188} INFO - [2026-01-01T11:00:39.600+0000] {dag.py:3954} INFO - Setting next_dagrun for youtube_video_stats to 2025-12-31 14:00:00+00:00, run_after=2026-01-01 14:00:00+00:00
[2026-01-01T11:00:39.618+0000] {processor.py:183} INFO - Processing /opt/airflow/dags/main.py took 0.149 seconds
[2026-01-01T11:01:09.653+0000] {processor.py:161} INFO - Started process (PID=23398) to work on /opt/airflow/dags/main.py
[2026-01-01T11:01:09.654+0000] {processor.py:830} INFO - Processing file /opt/airflow/dags/main.py for tasks to queue
[2026-01-01T11:01:09.656+0000] {logging_mixin.py:188} INFO - [2026-01-01T11:01:09.655+0000] {dagbag.py:545} INFO - Filling up the DagBag from /opt/airflow/dags/main.py
[2026-01-01T11:01:09.742+0000] {processor.py:840} INFO - DAG(s) 'update_db', 'youtube_video_stats' retrieved from /opt/airflow/dags/main.py
[2026-01-01T11:01:09.772+0000] {logging_mixin.py:188} INFO - [2026-01-01T11:01:09.772+0000] {dag.py:3096} INFO - Sync 2 DAGs
[2026-01-01T11:01:09.793+0000] {logging_mixin.py:188} INFO - [2026-01-01T11:01:09.792+0000] {dag.py:3954} INFO - Setting next_dagrun for update_db to 2025-12-31 15:00:00+00:00, run_after=2026-01-01 15:00:00+00:00
[2026-01-01T11:01:09.797+0000] {logging_mixin.py:188} INFO - [2026-01-01T11:01:09.797+0000] {dag.py:3954} INFO - Setting next_dagrun for youtube_video_stats to 2025-12-31 14:00:00+00:00, run_after=2026-01-01 14:00:00+00:00
[2026-01-01T11:01:09.813+0000] {processor.py:183} INFO - Processing /opt/airflow/dags/main.py took 0.165 seconds
[2026-01-01T11:01:39.944+0000] {processor.py:161} INFO - Started process (PID=23405) to work on /opt/airflow/dags/main.py
[2026-01-01T11:01:39.945+0000] {processor.py:830} INFO - Processing file /opt/airflow/dags/main.py for tasks to queue
[2026-01-01T11:01:39.946+0000] {logging_mixin.py:188} INFO - [2026-01-01T11:01:39.946+0000] {dagbag.py:545} INFO - Filling up the DagBag from /opt/airflow/dags/main.py
[2026-01-01T11:01:40.021+0000] {processor.py:840} INFO - DAG(s) 'youtube_video_stats', 'update_db' retrieved from /opt/airflow/dags/main.py
[2026-01-01T11:01:40.052+0000] {logging_mixin.py:188} INFO - [2026-01-01T11:01:40.052+0000] {dag.py:3096} INFO - Sync 2 DAGs
[2026-01-01T11:01:40.071+0000] {logging_mixin.py:188} INFO - [2026-01-01T11:01:40.071+0000] {dag.py:3954} INFO - Setting next_dagrun for update_db to 2025-12-31 15:00:00+00:00, run_after=2026-01-01 15:00:00+00:00
[2026-01-01T11:01:40.076+0000] {logging_mixin.py:188} INFO - [2026-01-01T11:01:40.075+0000] {dag.py:3954} INFO - Setting next_dagrun for youtube_video_stats to 2025-12-31 14:00:00+00:00, run_after=2026-01-01 14:00:00+00:00
[2026-01-01T11:01:40.089+0000] {processor.py:183} INFO - Processing /opt/airflow/dags/main.py took 0.155 seconds
[2026-01-01T11:02:10.150+0000] {processor.py:161} INFO - Started process (PID=23412) to work on /opt/airflow/dags/main.py
[2026-01-01T11:02:10.151+0000] {processor.py:830} INFO - Processing file /opt/airflow/dags/main.py for tasks to queue
[2026-01-01T11:02:10.153+0000] {logging_mixin.py:188} INFO - [2026-01-01T11:02:10.153+0000] {dagbag.py:545} INFO - Filling up the DagBag from /opt/airflow/dags/main.py
[2026-01-01T11:02:10.270+0000] {processor.py:840} INFO - DAG(s) 'youtube_video_stats', 'update_db' retrieved from /opt/airflow/dags/main.py
[2026-01-01T11:02:10.298+0000] {logging_mixin.py:188} INFO - [2026-01-01T11:02:10.298+0000] {dag.py:3096} INFO - Sync 2 DAGs
[2026-01-01T11:02:10.316+0000] {logging_mixin.py:188} INFO - [2026-01-01T11:02:10.316+0000] {dag.py:3954} INFO - Setting next_dagrun for update_db to 2025-12-31 15:00:00+00:00, run_after=2026-01-01 15:00:00+00:00
[2026-01-01T11:02:10.321+0000] {logging_mixin.py:188} INFO - [2026-01-01T11:02:10.321+0000] {dag.py:3954} INFO - Setting next_dagrun for youtube_video_stats to 2025-12-31 14:00:00+00:00, run_after=2026-01-01 14:00:00+00:00
[2026-01-01T11:02:10.337+0000] {processor.py:183} INFO - Processing /opt/airflow/dags/main.py took 0.193 seconds
[2026-01-01T11:02:40.427+0000] {processor.py:161} INFO - Started process (PID=23419) to work on /opt/airflow/dags/main.py
[2026-01-01T11:02:40.433+0000] {processor.py:830} INFO - Processing file /opt/airflow/dags/main.py for tasks to queue
[2026-01-01T11:02:40.434+0000] {logging_mixin.py:188} INFO - [2026-01-01T11:02:40.433+0000] {dagbag.py:545} INFO - Filling up the DagBag from /opt/airflow/dags/main.py
[2026-01-01T11:02:40.505+0000] {processor.py:840} INFO - DAG(s) 'youtube_video_stats', 'update_db' retrieved from /opt/airflow/dags/main.py
[2026-01-01T11:02:40.535+0000] {logging_mixin.py:188} INFO - [2026-01-01T11:02:40.535+0000] {dag.py:3096} INFO - Sync 2 DAGs
[2026-01-01T11:02:40.557+0000] {logging_mixin.py:188} INFO - [2026-01-01T11:02:40.556+0000] {dag.py:3954} INFO - Setting next_dagrun for update_db to 2025-12-31 15:00:00+00:00, run_after=2026-01-01 15:00:00+00:00
[2026-01-01T11:02:40.561+0000] {logging_mixin.py:188} INFO - [2026-01-01T11:02:40.561+0000] {dag.py:3954} INFO - Setting next_dagrun for youtube_video_stats to 2025-12-31 14:00:00+00:00, run_after=2026-01-01 14:00:00+00:00
[2026-01-01T11:02:40.580+0000] {processor.py:183} INFO - Processing /opt/airflow/dags/main.py took 0.159 seconds
[2026-01-01T11:03:10.663+0000] {processor.py:161} INFO - Started process (PID=23426) to work on /opt/airflow/dags/main.py
[2026-01-01T11:03:10.664+0000] {processor.py:830} INFO - Processing file /opt/airflow/dags/main.py for tasks to queue
[2026-01-01T11:03:10.665+0000] {logging_mixin.py:188} INFO - [2026-01-01T11:03:10.665+0000] {dagbag.py:545} INFO - Filling up the DagBag from /opt/airflow/dags/main.py
[2026-01-01T11:03:10.737+0000] {processor.py:840} INFO - DAG(s) 'update_db', 'youtube_video_stats' retrieved from /opt/airflow/dags/main.py
[2026-01-01T11:03:10.763+0000] {logging_mixin.py:188} INFO - [2026-01-01T11:03:10.763+0000] {dag.py:3096} INFO - Sync 2 DAGs
[2026-01-01T11:03:10.781+0000] {logging_mixin.py:188} INFO - [2026-01-01T11:03:10.781+0000] {dag.py:3954} INFO - Setting next_dagrun for update_db to 2025-12-31 15:00:00+00:00, run_after=2026-01-01 15:00:00+00:00
[2026-01-01T11:03:10.785+0000] {logging_mixin.py:188} INFO - [2026-01-01T11:03:10.785+0000] {dag.py:3954} INFO - Setting next_dagrun for youtube_video_stats to 2025-12-31 14:00:00+00:00, run_after=2026-01-01 14:00:00+00:00
[2026-01-01T11:03:10.802+0000] {processor.py:183} INFO - Processing /opt/airflow/dags/main.py took 0.144 seconds
[2026-01-01T11:03:40.891+0000] {processor.py:161} INFO - Started process (PID=23433) to work on /opt/airflow/dags/main.py
[2026-01-01T11:03:40.892+0000] {processor.py:830} INFO - Processing file /opt/airflow/dags/main.py for tasks to queue
[2026-01-01T11:03:40.893+0000] {logging_mixin.py:188} INFO - [2026-01-01T11:03:40.892+0000] {dagbag.py:545} INFO - Filling up the DagBag from /opt/airflow/dags/main.py
[2026-01-01T11:03:40.965+0000] {processor.py:840} INFO - DAG(s) 'update_db', 'youtube_video_stats' retrieved from /opt/airflow/dags/main.py
[2026-01-01T11:03:40.991+0000] {logging_mixin.py:188} INFO - [2026-01-01T11:03:40.991+0000] {dag.py:3096} INFO - Sync 2 DAGs
[2026-01-01T11:03:41.009+0000] {logging_mixin.py:188} INFO - [2026-01-01T11:03:41.009+0000] {dag.py:3954} INFO - Setting next_dagrun for update_db to 2025-12-31 15:00:00+00:00, run_after=2026-01-01 15:00:00+00:00
[2026-01-01T11:03:41.014+0000] {logging_mixin.py:188} INFO - [2026-01-01T11:03:41.014+0000] {dag.py:3954} INFO - Setting next_dagrun for youtube_video_stats to 2025-12-31 14:00:00+00:00, run_after=2026-01-01 14:00:00+00:00
[2026-01-01T11:03:41.030+0000] {processor.py:183} INFO - Processing /opt/airflow/dags/main.py took 0.144 seconds
[2026-01-01T11:04:11.132+0000] {processor.py:161} INFO - Started process (PID=23440) to work on /opt/airflow/dags/main.py
[2026-01-01T11:04:11.133+0000] {processor.py:830} INFO - Processing file /opt/airflow/dags/main.py for tasks to queue
[2026-01-01T11:04:11.134+0000] {logging_mixin.py:188} INFO - [2026-01-01T11:04:11.133+0000] {dagbag.py:545} INFO - Filling up the DagBag from /opt/airflow/dags/main.py
[2026-01-01T11:04:11.210+0000] {processor.py:840} INFO - DAG(s) 'update_db', 'youtube_video_stats' retrieved from /opt/airflow/dags/main.py
[2026-01-01T11:04:11.237+0000] {logging_mixin.py:188} INFO - [2026-01-01T11:04:11.237+0000] {dag.py:3096} INFO - Sync 2 DAGs
[2026-01-01T11:04:11.257+0000] {logging_mixin.py:188} INFO - [2026-01-01T11:04:11.257+0000] {dag.py:3954} INFO - Setting next_dagrun for update_db to 2025-12-31 15:00:00+00:00, run_after=2026-01-01 15:00:00+00:00
[2026-01-01T11:04:11.263+0000] {logging_mixin.py:188} INFO - [2026-01-01T11:04:11.262+0000] {dag.py:3954} INFO - Setting next_dagrun for youtube_video_stats to 2025-12-31 14:00:00+00:00, run_after=2026-01-01 14:00:00+00:00
[2026-01-01T11:04:11.279+0000] {processor.py:183} INFO - Processing /opt/airflow/dags/main.py took 0.153 seconds
[2026-01-01T11:04:41.377+0000] {processor.py:161} INFO - Started process (PID=23446) to work on /opt/airflow/dags/main.py
[2026-01-01T11:04:41.378+0000] {processor.py:830} INFO - Processing file /opt/airflow/dags/main.py for tasks to queue
[2026-01-01T11:04:41.379+0000] {logging_mixin.py:188} INFO - [2026-01-01T11:04:41.378+0000] {dagbag.py:545} INFO - Filling up the DagBag from /opt/airflow/dags/main.py
[2026-01-01T11:04:41.449+0000] {processor.py:840} INFO - DAG(s) 'youtube_video_stats', 'update_db' retrieved from /opt/airflow/dags/main.py
[2026-01-01T11:04:41.475+0000] {logging_mixin.py:188} INFO - [2026-01-01T11:04:41.474+0000] {dag.py:3096} INFO - Sync 2 DAGs
[2026-01-01T11:04:41.496+0000] {logging_mixin.py:188} INFO - [2026-01-01T11:04:41.496+0000] {dag.py:3954} INFO - Setting next_dagrun for update_db to 2025-12-31 15:00:00+00:00, run_after=2026-01-01 15:00:00+00:00
[2026-01-01T11:04:41.501+0000] {logging_mixin.py:188} INFO - [2026-01-01T11:04:41.501+0000] {dag.py:3954} INFO - Setting next_dagrun for youtube_video_stats to 2025-12-31 14:00:00+00:00, run_after=2026-01-01 14:00:00+00:00
[2026-01-01T11:04:41.516+0000] {processor.py:183} INFO - Processing /opt/airflow/dags/main.py took 0.144 seconds
[2026-01-01T11:05:11.735+0000] {processor.py:161} INFO - Started process (PID=23453) to work on /opt/airflow/dags/main.py
[2026-01-01T11:05:11.737+0000] {processor.py:830} INFO - Processing file /opt/airflow/dags/main.py for tasks to queue
[2026-01-01T11:05:11.738+0000] {logging_mixin.py:188} INFO - [2026-01-01T11:05:11.738+0000] {dagbag.py:545} INFO - Filling up the DagBag from /opt/airflow/dags/main.py
[2026-01-01T11:05:12.117+0000] {processor.py:840} INFO - DAG(s) 'update_db', 'youtube_video_stats' retrieved from /opt/airflow/dags/main.py
[2026-01-01T11:05:12.155+0000] {logging_mixin.py:188} INFO - [2026-01-01T11:05:12.155+0000] {dag.py:3096} INFO - Sync 2 DAGs
[2026-01-01T11:05:12.187+0000] {logging_mixin.py:188} INFO - [2026-01-01T11:05:12.187+0000] {dag.py:3954} INFO - Setting next_dagrun for update_db to 2025-12-31 15:00:00+00:00, run_after=2026-01-01 15:00:00+00:00
[2026-01-01T11:05:12.194+0000] {logging_mixin.py:188} INFO - [2026-01-01T11:05:12.193+0000] {dag.py:3954} INFO - Setting next_dagrun for youtube_video_stats to 2025-12-31 14:00:00+00:00, run_after=2026-01-01 14:00:00+00:00
[2026-01-01T11:05:12.216+0000] {processor.py:183} INFO - Processing /opt/airflow/dags/main.py took 0.488 seconds
[2026-01-01T11:05:42.536+0000] {processor.py:161} INFO - Started process (PID=23460) to work on /opt/airflow/dags/main.py
[2026-01-01T11:05:42.538+0000] {processor.py:830} INFO - Processing file /opt/airflow/dags/main.py for tasks to queue
[2026-01-01T11:05:42.539+0000] {logging_mixin.py:188} INFO - [2026-01-01T11:05:42.539+0000] {dagbag.py:545} INFO - Filling up the DagBag from /opt/airflow/dags/main.py
[2026-01-01T11:05:42.631+0000] {processor.py:840} INFO - DAG(s) 'update_db', 'youtube_video_stats' retrieved from /opt/airflow/dags/main.py
[2026-01-01T11:05:42.666+0000] {logging_mixin.py:188} INFO - [2026-01-01T11:05:42.666+0000] {dag.py:3096} INFO - Sync 2 DAGs
[2026-01-01T11:05:42.709+0000] {logging_mixin.py:188} INFO - [2026-01-01T11:05:42.708+0000] {dag.py:3954} INFO - Setting next_dagrun for update_db to 2025-12-31 15:00:00+00:00, run_after=2026-01-01 15:00:00+00:00
[2026-01-01T11:05:42.717+0000] {logging_mixin.py:188} INFO - [2026-01-01T11:05:42.717+0000] {dag.py:3954} INFO - Setting next_dagrun for youtube_video_stats to 2025-12-31 14:00:00+00:00, run_after=2026-01-01 14:00:00+00:00
[2026-01-01T11:05:42.744+0000] {processor.py:183} INFO - Processing /opt/airflow/dags/main.py took 0.215 seconds
[2026-01-01T11:06:12.999+0000] {processor.py:161} INFO - Started process (PID=23467) to work on /opt/airflow/dags/main.py
[2026-01-01T11:06:13.001+0000] {processor.py:830} INFO - Processing file /opt/airflow/dags/main.py for tasks to queue
[2026-01-01T11:06:13.002+0000] {logging_mixin.py:188} INFO - [2026-01-01T11:06:13.002+0000] {dagbag.py:545} INFO - Filling up the DagBag from /opt/airflow/dags/main.py
[2026-01-01T11:06:13.092+0000] {processor.py:840} INFO - DAG(s) 'youtube_video_stats', 'update_db' retrieved from /opt/airflow/dags/main.py
[2026-01-01T11:06:13.123+0000] {logging_mixin.py:188} INFO - [2026-01-01T11:06:13.122+0000] {dag.py:3096} INFO - Sync 2 DAGs
[2026-01-01T11:06:13.144+0000] {logging_mixin.py:188} INFO - [2026-01-01T11:06:13.144+0000] {dag.py:3954} INFO - Setting next_dagrun for update_db to 2025-12-31 15:00:00+00:00, run_after=2026-01-01 15:00:00+00:00
[2026-01-01T11:06:13.151+0000] {logging_mixin.py:188} INFO - [2026-01-01T11:06:13.150+0000] {dag.py:3954} INFO - Setting next_dagrun for youtube_video_stats to 2025-12-31 14:00:00+00:00, run_after=2026-01-01 14:00:00+00:00
[2026-01-01T11:06:13.168+0000] {processor.py:183} INFO - Processing /opt/airflow/dags/main.py took 0.178 seconds
[2026-01-01T11:06:43.400+0000] {processor.py:161} INFO - Started process (PID=23474) to work on /opt/airflow/dags/main.py
[2026-01-01T11:06:43.401+0000] {processor.py:830} INFO - Processing file /opt/airflow/dags/main.py for tasks to queue
[2026-01-01T11:06:43.402+0000] {logging_mixin.py:188} INFO - [2026-01-01T11:06:43.402+0000] {dagbag.py:545} INFO - Filling up the DagBag from /opt/airflow/dags/main.py
[2026-01-01T11:06:43.472+0000] {processor.py:840} INFO - DAG(s) 'update_db', 'youtube_video_stats' retrieved from /opt/airflow/dags/main.py
[2026-01-01T11:06:43.498+0000] {logging_mixin.py:188} INFO - [2026-01-01T11:06:43.498+0000] {dag.py:3096} INFO - Sync 2 DAGs
[2026-01-01T11:06:43.517+0000] {logging_mixin.py:188} INFO - [2026-01-01T11:06:43.517+0000] {dag.py:3954} INFO - Setting next_dagrun for update_db to 2025-12-31 15:00:00+00:00, run_after=2026-01-01 15:00:00+00:00
[2026-01-01T11:06:43.522+0000] {logging_mixin.py:188} INFO - [2026-01-01T11:06:43.522+0000] {dag.py:3954} INFO - Setting next_dagrun for youtube_video_stats to 2025-12-31 14:00:00+00:00, run_after=2026-01-01 14:00:00+00:00
[2026-01-01T11:06:43.537+0000] {processor.py:183} INFO - Processing /opt/airflow/dags/main.py took 0.142 seconds
[2026-01-01T11:07:13.645+0000] {processor.py:161} INFO - Started process (PID=23481) to work on /opt/airflow/dags/main.py
[2026-01-01T11:07:13.646+0000] {processor.py:830} INFO - Processing file /opt/airflow/dags/main.py for tasks to queue
[2026-01-01T11:07:13.647+0000] {logging_mixin.py:188} INFO - [2026-01-01T11:07:13.647+0000] {dagbag.py:545} INFO - Filling up the DagBag from /opt/airflow/dags/main.py
[2026-01-01T11:07:13.727+0000] {processor.py:840} INFO - DAG(s) 'youtube_video_stats', 'update_db' retrieved from /opt/airflow/dags/main.py
[2026-01-01T11:07:13.753+0000] {logging_mixin.py:188} INFO - [2026-01-01T11:07:13.753+0000] {dag.py:3096} INFO - Sync 2 DAGs
[2026-01-01T11:07:13.773+0000] {logging_mixin.py:188} INFO - [2026-01-01T11:07:13.773+0000] {dag.py:3954} INFO - Setting next_dagrun for update_db to 2025-12-31 15:00:00+00:00, run_after=2026-01-01 15:00:00+00:00
[2026-01-01T11:07:13.777+0000] {logging_mixin.py:188} INFO - [2026-01-01T11:07:13.777+0000] {dag.py:3954} INFO - Setting next_dagrun for youtube_video_stats to 2025-12-31 14:00:00+00:00, run_after=2026-01-01 14:00:00+00:00
[2026-01-01T11:07:13.793+0000] {processor.py:183} INFO - Processing /opt/airflow/dags/main.py took 0.154 seconds
[2026-01-01T11:07:43.966+0000] {processor.py:161} INFO - Started process (PID=23488) to work on /opt/airflow/dags/main.py
[2026-01-01T11:07:43.967+0000] {processor.py:830} INFO - Processing file /opt/airflow/dags/main.py for tasks to queue
[2026-01-01T11:07:43.968+0000] {logging_mixin.py:188} INFO - [2026-01-01T11:07:43.968+0000] {dagbag.py:545} INFO - Filling up the DagBag from /opt/airflow/dags/main.py
[2026-01-01T11:07:44.040+0000] {processor.py:840} INFO - DAG(s) 'youtube_video_stats', 'update_db' retrieved from /opt/airflow/dags/main.py
[2026-01-01T11:07:44.071+0000] {logging_mixin.py:188} INFO - [2026-01-01T11:07:44.071+0000] {dag.py:3096} INFO - Sync 2 DAGs
[2026-01-01T11:07:44.089+0000] {logging_mixin.py:188} INFO - [2026-01-01T11:07:44.089+0000] {dag.py:3954} INFO - Setting next_dagrun for update_db to 2025-12-31 15:00:00+00:00, run_after=2026-01-01 15:00:00+00:00
[2026-01-01T11:07:44.094+0000] {logging_mixin.py:188} INFO - [2026-01-01T11:07:44.094+0000] {dag.py:3954} INFO - Setting next_dagrun for youtube_video_stats to 2025-12-31 14:00:00+00:00, run_after=2026-01-01 14:00:00+00:00
[2026-01-01T11:07:44.109+0000] {processor.py:183} INFO - Processing /opt/airflow/dags/main.py took 0.150 seconds
[2026-01-01T11:08:14.221+0000] {processor.py:161} INFO - Started process (PID=23495) to work on /opt/airflow/dags/main.py
[2026-01-01T11:08:14.222+0000] {processor.py:830} INFO - Processing file /opt/airflow/dags/main.py for tasks to queue
[2026-01-01T11:08:14.223+0000] {logging_mixin.py:188} INFO - [2026-01-01T11:08:14.223+0000] {dagbag.py:545} INFO - Filling up the DagBag from /opt/airflow/dags/main.py
[2026-01-01T11:08:14.310+0000] {processor.py:840} INFO - DAG(s) 'youtube_video_stats', 'update_db' retrieved from /opt/airflow/dags/main.py
[2026-01-01T11:08:14.337+0000] {logging_mixin.py:188} INFO - [2026-01-01T11:08:14.337+0000] {dag.py:3096} INFO - Sync 2 DAGs
[2026-01-01T11:08:14.356+0000] {logging_mixin.py:188} INFO - [2026-01-01T11:08:14.355+0000] {dag.py:3954} INFO - Setting next_dagrun for update_db to 2025-12-31 15:00:00+00:00, run_after=2026-01-01 15:00:00+00:00
[2026-01-01T11:08:14.362+0000] {logging_mixin.py:188} INFO - [2026-01-01T11:08:14.362+0000] {dag.py:3954} INFO - Setting next_dagrun for youtube_video_stats to 2025-12-31 14:00:00+00:00, run_after=2026-01-01 14:00:00+00:00
[2026-01-01T11:08:14.382+0000] {processor.py:183} INFO - Processing /opt/airflow/dags/main.py took 0.166 seconds
[2026-01-01T11:08:44.483+0000] {processor.py:161} INFO - Started process (PID=23502) to work on /opt/airflow/dags/main.py
[2026-01-01T11:08:44.484+0000] {processor.py:830} INFO - Processing file /opt/airflow/dags/main.py for tasks to queue
[2026-01-01T11:08:44.485+0000] {logging_mixin.py:188} INFO - [2026-01-01T11:08:44.485+0000] {dagbag.py:545} INFO - Filling up the DagBag from /opt/airflow/dags/main.py
[2026-01-01T11:08:44.576+0000] {processor.py:840} INFO - DAG(s) 'update_db', 'youtube_video_stats' retrieved from /opt/airflow/dags/main.py
[2026-01-01T11:08:44.608+0000] {logging_mixin.py:188} INFO - [2026-01-01T11:08:44.608+0000] {dag.py:3096} INFO - Sync 2 DAGs
[2026-01-01T11:08:44.633+0000] {logging_mixin.py:188} INFO - [2026-01-01T11:08:44.632+0000] {dag.py:3954} INFO - Setting next_dagrun for update_db to 2025-12-31 15:00:00+00:00, run_after=2026-01-01 15:00:00+00:00
[2026-01-01T11:08:44.638+0000] {logging_mixin.py:188} INFO - [2026-01-01T11:08:44.638+0000] {dag.py:3954} INFO - Setting next_dagrun for youtube_video_stats to 2025-12-31 14:00:00+00:00, run_after=2026-01-01 14:00:00+00:00
[2026-01-01T11:08:44.660+0000] {processor.py:183} INFO - Processing /opt/airflow/dags/main.py took 0.184 seconds
[2026-01-01T11:09:14.709+0000] {processor.py:161} INFO - Started process (PID=23509) to work on /opt/airflow/dags/main.py
[2026-01-01T11:09:14.710+0000] {processor.py:830} INFO - Processing file /opt/airflow/dags/main.py for tasks to queue
[2026-01-01T11:09:14.711+0000] {logging_mixin.py:188} INFO - [2026-01-01T11:09:14.711+0000] {dagbag.py:545} INFO - Filling up the DagBag from /opt/airflow/dags/main.py
[2026-01-01T11:09:14.806+0000] {processor.py:840} INFO - DAG(s) 'youtube_video_stats', 'update_db' retrieved from /opt/airflow/dags/main.py
[2026-01-01T11:09:14.834+0000] {logging_mixin.py:188} INFO - [2026-01-01T11:09:14.834+0000] {dag.py:3096} INFO - Sync 2 DAGs
[2026-01-01T11:09:14.853+0000] {logging_mixin.py:188} INFO - [2026-01-01T11:09:14.853+0000] {dag.py:3954} INFO - Setting next_dagrun for update_db to 2025-12-31 15:00:00+00:00, run_after=2026-01-01 15:00:00+00:00
[2026-01-01T11:09:14.860+0000] {logging_mixin.py:188} INFO - [2026-01-01T11:09:14.860+0000] {dag.py:3954} INFO - Setting next_dagrun for youtube_video_stats to 2025-12-31 14:00:00+00:00, run_after=2026-01-01 14:00:00+00:00
[2026-01-01T11:09:14.876+0000] {processor.py:183} INFO - Processing /opt/airflow/dags/main.py took 0.173 seconds
[2026-01-01T11:09:45.017+0000] {processor.py:161} INFO - Started process (PID=23516) to work on /opt/airflow/dags/main.py
[2026-01-01T11:09:45.018+0000] {processor.py:830} INFO - Processing file /opt/airflow/dags/main.py for tasks to queue
[2026-01-01T11:09:45.019+0000] {logging_mixin.py:188} INFO - [2026-01-01T11:09:45.019+0000] {dagbag.py:545} INFO - Filling up the DagBag from /opt/airflow/dags/main.py
[2026-01-01T11:09:45.107+0000] {processor.py:840} INFO - DAG(s) 'youtube_video_stats', 'update_db' retrieved from /opt/airflow/dags/main.py
[2026-01-01T11:09:45.136+0000] {logging_mixin.py:188} INFO - [2026-01-01T11:09:45.136+0000] {dag.py:3096} INFO - Sync 2 DAGs
[2026-01-01T11:09:45.157+0000] {logging_mixin.py:188} INFO - [2026-01-01T11:09:45.157+0000] {dag.py:3954} INFO - Setting next_dagrun for update_db to 2025-12-31 15:00:00+00:00, run_after=2026-01-01 15:00:00+00:00
[2026-01-01T11:09:45.163+0000] {logging_mixin.py:188} INFO - [2026-01-01T11:09:45.163+0000] {dag.py:3954} INFO - Setting next_dagrun for youtube_video_stats to 2025-12-31 14:00:00+00:00, run_after=2026-01-01 14:00:00+00:00
[2026-01-01T11:09:45.180+0000] {processor.py:183} INFO - Processing /opt/airflow/dags/main.py took 0.168 seconds
[2026-01-01T11:10:15.308+0000] {processor.py:161} INFO - Started process (PID=23523) to work on /opt/airflow/dags/main.py
[2026-01-01T11:10:15.310+0000] {processor.py:830} INFO - Processing file /opt/airflow/dags/main.py for tasks to queue
[2026-01-01T11:10:15.311+0000] {logging_mixin.py:188} INFO - [2026-01-01T11:10:15.310+0000] {dagbag.py:545} INFO - Filling up the DagBag from /opt/airflow/dags/main.py
[2026-01-01T11:10:15.399+0000] {processor.py:840} INFO - DAG(s) 'youtube_video_stats', 'update_db' retrieved from /opt/airflow/dags/main.py
[2026-01-01T11:10:15.424+0000] {logging_mixin.py:188} INFO - [2026-01-01T11:10:15.424+0000] {dag.py:3096} INFO - Sync 2 DAGs
[2026-01-01T11:10:15.444+0000] {logging_mixin.py:188} INFO - [2026-01-01T11:10:15.444+0000] {dag.py:3954} INFO - Setting next_dagrun for update_db to 2025-12-31 15:00:00+00:00, run_after=2026-01-01 15:00:00+00:00
[2026-01-01T11:10:15.449+0000] {logging_mixin.py:188} INFO - [2026-01-01T11:10:15.449+0000] {dag.py:3954} INFO - Setting next_dagrun for youtube_video_stats to 2025-12-31 14:00:00+00:00, run_after=2026-01-01 14:00:00+00:00
[2026-01-01T11:10:15.467+0000] {processor.py:183} INFO - Processing /opt/airflow/dags/main.py took 0.165 seconds
[2026-01-01T11:10:45.718+0000] {processor.py:161} INFO - Started process (PID=23530) to work on /opt/airflow/dags/main.py
[2026-01-01T11:10:45.719+0000] {processor.py:830} INFO - Processing file /opt/airflow/dags/main.py for tasks to queue
[2026-01-01T11:10:45.720+0000] {logging_mixin.py:188} INFO - [2026-01-01T11:10:45.720+0000] {dagbag.py:545} INFO - Filling up the DagBag from /opt/airflow/dags/main.py
[2026-01-01T11:10:45.790+0000] {processor.py:840} INFO - DAG(s) 'youtube_video_stats', 'update_db' retrieved from /opt/airflow/dags/main.py
[2026-01-01T11:10:45.815+0000] {logging_mixin.py:188} INFO - [2026-01-01T11:10:45.815+0000] {dag.py:3096} INFO - Sync 2 DAGs
[2026-01-01T11:10:45.833+0000] {logging_mixin.py:188} INFO - [2026-01-01T11:10:45.833+0000] {dag.py:3954} INFO - Setting next_dagrun for update_db to 2025-12-31 15:00:00+00:00, run_after=2026-01-01 15:00:00+00:00
[2026-01-01T11:10:45.837+0000] {logging_mixin.py:188} INFO - [2026-01-01T11:10:45.837+0000] {dag.py:3954} INFO - Setting next_dagrun for youtube_video_stats to 2025-12-31 14:00:00+00:00, run_after=2026-01-01 14:00:00+00:00
[2026-01-01T11:10:45.853+0000] {processor.py:183} INFO - Processing /opt/airflow/dags/main.py took 0.140 seconds
[2026-01-01T11:11:15.928+0000] {processor.py:161} INFO - Started process (PID=23537) to work on /opt/airflow/dags/main.py
[2026-01-01T11:11:15.929+0000] {processor.py:830} INFO - Processing file /opt/airflow/dags/main.py for tasks to queue
[2026-01-01T11:11:15.930+0000] {logging_mixin.py:188} INFO - [2026-01-01T11:11:15.929+0000] {dagbag.py:545} INFO - Filling up the DagBag from /opt/airflow/dags/main.py
[2026-01-01T11:11:16.002+0000] {processor.py:840} INFO - DAG(s) 'update_db', 'youtube_video_stats' retrieved from /opt/airflow/dags/main.py
[2026-01-01T11:11:16.030+0000] {logging_mixin.py:188} INFO - [2026-01-01T11:11:16.030+0000] {dag.py:3096} INFO - Sync 2 DAGs
[2026-01-01T11:11:16.051+0000] {logging_mixin.py:188} INFO - [2026-01-01T11:11:16.050+0000] {dag.py:3954} INFO - Setting next_dagrun for update_db to 2025-12-31 15:00:00+00:00, run_after=2026-01-01 15:00:00+00:00
[2026-01-01T11:11:16.056+0000] {logging_mixin.py:188} INFO - [2026-01-01T11:11:16.056+0000] {dag.py:3954} INFO - Setting next_dagrun for youtube_video_stats to 2025-12-31 14:00:00+00:00, run_after=2026-01-01 14:00:00+00:00
[2026-01-01T11:11:16.069+0000] {processor.py:183} INFO - Processing /opt/airflow/dags/main.py took 0.147 seconds
[2026-01-01T11:11:46.300+0000] {processor.py:161} INFO - Started process (PID=23544) to work on /opt/airflow/dags/main.py
[2026-01-01T11:11:46.301+0000] {processor.py:830} INFO - Processing file /opt/airflow/dags/main.py for tasks to queue
[2026-01-01T11:11:46.302+0000] {logging_mixin.py:188} INFO - [2026-01-01T11:11:46.301+0000] {dagbag.py:545} INFO - Filling up the DagBag from /opt/airflow/dags/main.py
[2026-01-01T11:11:46.372+0000] {processor.py:840} INFO - DAG(s) 'update_db', 'youtube_video_stats' retrieved from /opt/airflow/dags/main.py
[2026-01-01T11:11:46.398+0000] {logging_mixin.py:188} INFO - [2026-01-01T11:11:46.398+0000] {dag.py:3096} INFO - Sync 2 DAGs
[2026-01-01T11:11:46.416+0000] {logging_mixin.py:188} INFO - [2026-01-01T11:11:46.416+0000] {dag.py:3954} INFO - Setting next_dagrun for update_db to 2025-12-31 15:00:00+00:00, run_after=2026-01-01 15:00:00+00:00
[2026-01-01T11:11:46.420+0000] {logging_mixin.py:188} INFO - [2026-01-01T11:11:46.420+0000] {dag.py:3954} INFO - Setting next_dagrun for youtube_video_stats to 2025-12-31 14:00:00+00:00, run_after=2026-01-01 14:00:00+00:00
[2026-01-01T11:11:46.438+0000] {processor.py:183} INFO - Processing /opt/airflow/dags/main.py took 0.143 seconds
[2026-01-01T11:12:16.523+0000] {processor.py:161} INFO - Started process (PID=23551) to work on /opt/airflow/dags/main.py
[2026-01-01T11:12:16.524+0000] {processor.py:830} INFO - Processing file /opt/airflow/dags/main.py for tasks to queue
[2026-01-01T11:12:16.525+0000] {logging_mixin.py:188} INFO - [2026-01-01T11:12:16.524+0000] {dagbag.py:545} INFO - Filling up the DagBag from /opt/airflow/dags/main.py
[2026-01-01T11:12:16.592+0000] {processor.py:840} INFO - DAG(s) 'youtube_video_stats', 'update_db' retrieved from /opt/airflow/dags/main.py
[2026-01-01T11:12:16.622+0000] {logging_mixin.py:188} INFO - [2026-01-01T11:12:16.621+0000] {dag.py:3096} INFO - Sync 2 DAGs
[2026-01-01T11:12:16.641+0000] {logging_mixin.py:188} INFO - [2026-01-01T11:12:16.641+0000] {dag.py:3954} INFO - Setting next_dagrun for update_db to 2025-12-31 15:00:00+00:00, run_after=2026-01-01 15:00:00+00:00
[2026-01-01T11:12:16.646+0000] {logging_mixin.py:188} INFO - [2026-01-01T11:12:16.646+0000] {dag.py:3954} INFO - Setting next_dagrun for youtube_video_stats to 2025-12-31 14:00:00+00:00, run_after=2026-01-01 14:00:00+00:00
[2026-01-01T11:12:16.660+0000] {processor.py:183} INFO - Processing /opt/airflow/dags/main.py took 0.142 seconds
[2026-01-01T11:12:46.906+0000] {processor.py:161} INFO - Started process (PID=23558) to work on /opt/airflow/dags/main.py
[2026-01-01T11:12:46.906+0000] {processor.py:830} INFO - Processing file /opt/airflow/dags/main.py for tasks to queue
[2026-01-01T11:12:46.907+0000] {logging_mixin.py:188} INFO - [2026-01-01T11:12:46.907+0000] {dagbag.py:545} INFO - Filling up the DagBag from /opt/airflow/dags/main.py
[2026-01-01T11:12:46.983+0000] {processor.py:840} INFO - DAG(s) 'update_db', 'youtube_video_stats' retrieved from /opt/airflow/dags/main.py
[2026-01-01T11:12:47.008+0000] {logging_mixin.py:188} INFO - [2026-01-01T11:12:47.008+0000] {dag.py:3096} INFO - Sync 2 DAGs
[2026-01-01T11:12:47.028+0000] {logging_mixin.py:188} INFO - [2026-01-01T11:12:47.028+0000] {dag.py:3954} INFO - Setting next_dagrun for update_db to 2025-12-31 15:00:00+00:00, run_after=2026-01-01 15:00:00+00:00
[2026-01-01T11:12:47.032+0000] {logging_mixin.py:188} INFO - [2026-01-01T11:12:47.032+0000] {dag.py:3954} INFO - Setting next_dagrun for youtube_video_stats to 2025-12-31 14:00:00+00:00, run_after=2026-01-01 14:00:00+00:00
[2026-01-01T11:12:47.048+0000] {processor.py:183} INFO - Processing /opt/airflow/dags/main.py took 0.147 seconds
[2026-01-01T11:13:17.091+0000] {processor.py:161} INFO - Started process (PID=23565) to work on /opt/airflow/dags/main.py
[2026-01-01T11:13:17.092+0000] {processor.py:830} INFO - Processing file /opt/airflow/dags/main.py for tasks to queue
[2026-01-01T11:13:17.093+0000] {logging_mixin.py:188} INFO - [2026-01-01T11:13:17.093+0000] {dagbag.py:545} INFO - Filling up the DagBag from /opt/airflow/dags/main.py
[2026-01-01T11:13:17.167+0000] {processor.py:840} INFO - DAG(s) 'youtube_video_stats', 'update_db' retrieved from /opt/airflow/dags/main.py
[2026-01-01T11:13:17.194+0000] {logging_mixin.py:188} INFO - [2026-01-01T11:13:17.193+0000] {dag.py:3096} INFO - Sync 2 DAGs
[2026-01-01T11:13:17.212+0000] {logging_mixin.py:188} INFO - [2026-01-01T11:13:17.212+0000] {dag.py:3954} INFO - Setting next_dagrun for update_db to 2025-12-31 15:00:00+00:00, run_after=2026-01-01 15:00:00+00:00
[2026-01-01T11:13:17.216+0000] {logging_mixin.py:188} INFO - [2026-01-01T11:13:17.216+0000] {dag.py:3954} INFO - Setting next_dagrun for youtube_video_stats to 2025-12-31 14:00:00+00:00, run_after=2026-01-01 14:00:00+00:00
[2026-01-01T11:13:17.229+0000] {processor.py:183} INFO - Processing /opt/airflow/dags/main.py took 0.144 seconds
[2026-01-01T11:13:47.455+0000] {processor.py:161} INFO - Started process (PID=23572) to work on /opt/airflow/dags/main.py
[2026-01-01T11:13:47.456+0000] {processor.py:830} INFO - Processing file /opt/airflow/dags/main.py for tasks to queue
[2026-01-01T11:13:47.457+0000] {logging_mixin.py:188} INFO - [2026-01-01T11:13:47.456+0000] {dagbag.py:545} INFO - Filling up the DagBag from /opt/airflow/dags/main.py
[2026-01-01T11:13:47.541+0000] {processor.py:840} INFO - DAG(s) 'youtube_video_stats', 'update_db' retrieved from /opt/airflow/dags/main.py
[2026-01-01T11:13:47.570+0000] {logging_mixin.py:188} INFO - [2026-01-01T11:13:47.569+0000] {dag.py:3096} INFO - Sync 2 DAGs
[2026-01-01T11:13:47.590+0000] {logging_mixin.py:188} INFO - [2026-01-01T11:13:47.590+0000] {dag.py:3954} INFO - Setting next_dagrun for update_db to 2025-12-31 15:00:00+00:00, run_after=2026-01-01 15:00:00+00:00
[2026-01-01T11:13:47.596+0000] {logging_mixin.py:188} INFO - [2026-01-01T11:13:47.595+0000] {dag.py:3954} INFO - Setting next_dagrun for youtube_video_stats to 2025-12-31 14:00:00+00:00, run_after=2026-01-01 14:00:00+00:00
[2026-01-01T11:13:47.614+0000] {processor.py:183} INFO - Processing /opt/airflow/dags/main.py took 0.164 seconds
[2026-01-01T11:14:17.684+0000] {processor.py:161} INFO - Started process (PID=23579) to work on /opt/airflow/dags/main.py
[2026-01-01T11:14:17.685+0000] {processor.py:830} INFO - Processing file /opt/airflow/dags/main.py for tasks to queue
[2026-01-01T11:14:17.686+0000] {logging_mixin.py:188} INFO - [2026-01-01T11:14:17.686+0000] {dagbag.py:545} INFO - Filling up the DagBag from /opt/airflow/dags/main.py
[2026-01-01T11:14:17.754+0000] {processor.py:840} INFO - DAG(s) 'update_db', 'youtube_video_stats' retrieved from /opt/airflow/dags/main.py
[2026-01-01T11:14:17.780+0000] {logging_mixin.py:188} INFO - [2026-01-01T11:14:17.779+0000] {dag.py:3096} INFO - Sync 2 DAGs
[2026-01-01T11:14:17.799+0000] {logging_mixin.py:188} INFO - [2026-01-01T11:14:17.798+0000] {dag.py:3954} INFO - Setting next_dagrun for update_db to 2025-12-31 15:00:00+00:00, run_after=2026-01-01 15:00:00+00:00
[2026-01-01T11:14:17.804+0000] {logging_mixin.py:188} INFO - [2026-01-01T11:14:17.803+0000] {dag.py:3954} INFO - Setting next_dagrun for youtube_video_stats to 2025-12-31 14:00:00+00:00, run_after=2026-01-01 14:00:00+00:00
[2026-01-01T11:14:17.818+0000] {processor.py:183} INFO - Processing /opt/airflow/dags/main.py took 0.140 seconds
[2026-01-01T11:14:48.029+0000] {processor.py:161} INFO - Started process (PID=23592) to work on /opt/airflow/dags/main.py
[2026-01-01T11:14:48.030+0000] {processor.py:830} INFO - Processing file /opt/airflow/dags/main.py for tasks to queue
[2026-01-01T11:14:48.031+0000] {logging_mixin.py:188} INFO - [2026-01-01T11:14:48.030+0000] {dagbag.py:545} INFO - Filling up the DagBag from /opt/airflow/dags/main.py
[2026-01-01T11:14:48.101+0000] {processor.py:840} INFO - DAG(s) 'youtube_video_stats', 'update_db' retrieved from /opt/airflow/dags/main.py
[2026-01-01T11:14:48.125+0000] {logging_mixin.py:188} INFO - [2026-01-01T11:14:48.125+0000] {dag.py:3096} INFO - Sync 2 DAGs
[2026-01-01T11:14:48.143+0000] {logging_mixin.py:188} INFO - [2026-01-01T11:14:48.143+0000] {dag.py:3954} INFO - Setting next_dagrun for update_db to 2025-12-31 15:00:00+00:00, run_after=2026-01-01 15:00:00+00:00
[2026-01-01T11:14:48.149+0000] {logging_mixin.py:188} INFO - [2026-01-01T11:14:48.148+0000] {dag.py:3954} INFO - Setting next_dagrun for youtube_video_stats to 2025-12-31 14:00:00+00:00, run_after=2026-01-01 14:00:00+00:00
[2026-01-01T11:14:48.167+0000] {processor.py:183} INFO - Processing /opt/airflow/dags/main.py took 0.143 seconds
[2026-01-01T11:15:18.297+0000] {processor.py:161} INFO - Started process (PID=23599) to work on /opt/airflow/dags/main.py
[2026-01-01T11:15:18.298+0000] {processor.py:830} INFO - Processing file /opt/airflow/dags/main.py for tasks to queue
[2026-01-01T11:15:18.299+0000] {logging_mixin.py:188} INFO - [2026-01-01T11:15:18.299+0000] {dagbag.py:545} INFO - Filling up the DagBag from /opt/airflow/dags/main.py
[2026-01-01T11:15:18.381+0000] {processor.py:840} INFO - DAG(s) 'youtube_video_stats', 'update_db' retrieved from /opt/airflow/dags/main.py
[2026-01-01T11:15:18.406+0000] {logging_mixin.py:188} INFO - [2026-01-01T11:15:18.406+0000] {dag.py:3096} INFO - Sync 2 DAGs
[2026-01-01T11:15:18.425+0000] {logging_mixin.py:188} INFO - [2026-01-01T11:15:18.425+0000] {dag.py:3954} INFO - Setting next_dagrun for update_db to 2025-12-31 15:00:00+00:00, run_after=2026-01-01 15:00:00+00:00
[2026-01-01T11:15:18.429+0000] {logging_mixin.py:188} INFO - [2026-01-01T11:15:18.429+0000] {dag.py:3954} INFO - Setting next_dagrun for youtube_video_stats to 2025-12-31 14:00:00+00:00, run_after=2026-01-01 14:00:00+00:00
[2026-01-01T11:15:18.443+0000] {processor.py:183} INFO - Processing /opt/airflow/dags/main.py took 0.152 seconds
[2026-01-01T11:15:48.591+0000] {processor.py:161} INFO - Started process (PID=23606) to work on /opt/airflow/dags/main.py
[2026-01-01T11:15:48.593+0000] {processor.py:830} INFO - Processing file /opt/airflow/dags/main.py for tasks to queue
[2026-01-01T11:15:48.594+0000] {logging_mixin.py:188} INFO - [2026-01-01T11:15:48.594+0000] {dagbag.py:545} INFO - Filling up the DagBag from /opt/airflow/dags/main.py
[2026-01-01T11:15:48.684+0000] {processor.py:840} INFO - DAG(s) 'update_db', 'youtube_video_stats' retrieved from /opt/airflow/dags/main.py
[2026-01-01T11:15:48.718+0000] {logging_mixin.py:188} INFO - [2026-01-01T11:15:48.717+0000] {dag.py:3096} INFO - Sync 2 DAGs
[2026-01-01T11:15:48.744+0000] {logging_mixin.py:188} INFO - [2026-01-01T11:15:48.744+0000] {dag.py:3954} INFO - Setting next_dagrun for update_db to 2025-12-31 15:00:00+00:00, run_after=2026-01-01 15:00:00+00:00
[2026-01-01T11:15:48.750+0000] {logging_mixin.py:188} INFO - [2026-01-01T11:15:48.750+0000] {dag.py:3954} INFO - Setting next_dagrun for youtube_video_stats to 2025-12-31 14:00:00+00:00, run_after=2026-01-01 14:00:00+00:00
[2026-01-01T11:15:48.768+0000] {processor.py:183} INFO - Processing /opt/airflow/dags/main.py took 0.183 seconds
[2026-01-01T11:16:18.924+0000] {processor.py:161} INFO - Started process (PID=23613) to work on /opt/airflow/dags/main.py
[2026-01-01T11:16:18.926+0000] {processor.py:830} INFO - Processing file /opt/airflow/dags/main.py for tasks to queue
[2026-01-01T11:16:18.927+0000] {logging_mixin.py:188} INFO - [2026-01-01T11:16:18.926+0000] {dagbag.py:545} INFO - Filling up the DagBag from /opt/airflow/dags/main.py
[2026-01-01T11:16:18.999+0000] {processor.py:840} INFO - DAG(s) 'youtube_video_stats', 'update_db' retrieved from /opt/airflow/dags/main.py
[2026-01-01T11:16:19.025+0000] {logging_mixin.py:188} INFO - [2026-01-01T11:16:19.025+0000] {dag.py:3096} INFO - Sync 2 DAGs
[2026-01-01T11:16:19.043+0000] {logging_mixin.py:188} INFO - [2026-01-01T11:16:19.043+0000] {dag.py:3954} INFO - Setting next_dagrun for update_db to 2025-12-31 15:00:00+00:00, run_after=2026-01-01 15:00:00+00:00
[2026-01-01T11:16:19.048+0000] {logging_mixin.py:188} INFO - [2026-01-01T11:16:19.047+0000] {dag.py:3954} INFO - Setting next_dagrun for youtube_video_stats to 2025-12-31 14:00:00+00:00, run_after=2026-01-01 14:00:00+00:00
[2026-01-01T11:16:19.065+0000] {processor.py:183} INFO - Processing /opt/airflow/dags/main.py took 0.147 seconds
[2026-01-01T11:16:49.166+0000] {processor.py:161} INFO - Started process (PID=23620) to work on /opt/airflow/dags/main.py
[2026-01-01T11:16:49.167+0000] {processor.py:830} INFO - Processing file /opt/airflow/dags/main.py for tasks to queue
[2026-01-01T11:16:49.168+0000] {logging_mixin.py:188} INFO - [2026-01-01T11:16:49.168+0000] {dagbag.py:545} INFO - Filling up the DagBag from /opt/airflow/dags/main.py
[2026-01-01T11:16:49.234+0000] {processor.py:840} INFO - DAG(s) 'youtube_video_stats', 'update_db' retrieved from /opt/airflow/dags/main.py
[2026-01-01T11:16:49.260+0000] {logging_mixin.py:188} INFO - [2026-01-01T11:16:49.259+0000] {dag.py:3096} INFO - Sync 2 DAGs
[2026-01-01T11:16:49.277+0000] {logging_mixin.py:188} INFO - [2026-01-01T11:16:49.277+0000] {dag.py:3954} INFO - Setting next_dagrun for update_db to 2025-12-31 15:00:00+00:00, run_after=2026-01-01 15:00:00+00:00
[2026-01-01T11:16:49.282+0000] {logging_mixin.py:188} INFO - [2026-01-01T11:16:49.281+0000] {dag.py:3954} INFO - Setting next_dagrun for youtube_video_stats to 2025-12-31 14:00:00+00:00, run_after=2026-01-01 14:00:00+00:00
[2026-01-01T11:16:49.297+0000] {processor.py:183} INFO - Processing /opt/airflow/dags/main.py took 0.136 seconds
[2026-01-01T11:17:19.527+0000] {processor.py:161} INFO - Started process (PID=23627) to work on /opt/airflow/dags/main.py
[2026-01-01T11:17:19.528+0000] {processor.py:830} INFO - Processing file /opt/airflow/dags/main.py for tasks to queue
[2026-01-01T11:17:19.529+0000] {logging_mixin.py:188} INFO - [2026-01-01T11:17:19.529+0000] {dagbag.py:545} INFO - Filling up the DagBag from /opt/airflow/dags/main.py
[2026-01-01T11:17:19.596+0000] {processor.py:840} INFO - DAG(s) 'update_db', 'youtube_video_stats' retrieved from /opt/airflow/dags/main.py
[2026-01-01T11:17:19.620+0000] {logging_mixin.py:188} INFO - [2026-01-01T11:17:19.620+0000] {dag.py:3096} INFO - Sync 2 DAGs
[2026-01-01T11:17:19.638+0000] {logging_mixin.py:188} INFO - [2026-01-01T11:17:19.638+0000] {dag.py:3954} INFO - Setting next_dagrun for update_db to 2025-12-31 15:00:00+00:00, run_after=2026-01-01 15:00:00+00:00
[2026-01-01T11:17:19.642+0000] {logging_mixin.py:188} INFO - [2026-01-01T11:17:19.642+0000] {dag.py:3954} INFO - Setting next_dagrun for youtube_video_stats to 2025-12-31 14:00:00+00:00, run_after=2026-01-01 14:00:00+00:00
[2026-01-01T11:17:19.659+0000] {processor.py:183} INFO - Processing /opt/airflow/dags/main.py took 0.138 seconds
[2026-01-01T11:17:49.752+0000] {processor.py:161} INFO - Started process (PID=23634) to work on /opt/airflow/dags/main.py
[2026-01-01T11:17:49.753+0000] {processor.py:830} INFO - Processing file /opt/airflow/dags/main.py for tasks to queue
[2026-01-01T11:17:49.754+0000] {logging_mixin.py:188} INFO - [2026-01-01T11:17:49.754+0000] {dagbag.py:545} INFO - Filling up the DagBag from /opt/airflow/dags/main.py
[2026-01-01T11:17:49.836+0000] {processor.py:840} INFO - DAG(s) 'youtube_video_stats', 'update_db' retrieved from /opt/airflow/dags/main.py
[2026-01-01T11:17:49.864+0000] {logging_mixin.py:188} INFO - [2026-01-01T11:17:49.863+0000] {dag.py:3096} INFO - Sync 2 DAGs
[2026-01-01T11:17:49.882+0000] {logging_mixin.py:188} INFO - [2026-01-01T11:17:49.882+0000] {dag.py:3954} INFO - Setting next_dagrun for update_db to 2025-12-31 15:00:00+00:00, run_after=2026-01-01 15:00:00+00:00
[2026-01-01T11:17:49.889+0000] {logging_mixin.py:188} INFO - [2026-01-01T11:17:49.889+0000] {dag.py:3954} INFO - Setting next_dagrun for youtube_video_stats to 2025-12-31 14:00:00+00:00, run_after=2026-01-01 14:00:00+00:00
[2026-01-01T11:17:49.907+0000] {processor.py:183} INFO - Processing /opt/airflow/dags/main.py took 0.160 seconds
[2026-01-01T11:18:20.140+0000] {processor.py:161} INFO - Started process (PID=23641) to work on /opt/airflow/dags/main.py
[2026-01-01T11:18:20.141+0000] {processor.py:830} INFO - Processing file /opt/airflow/dags/main.py for tasks to queue
[2026-01-01T11:18:20.142+0000] {logging_mixin.py:188} INFO - [2026-01-01T11:18:20.142+0000] {dagbag.py:545} INFO - Filling up the DagBag from /opt/airflow/dags/main.py
[2026-01-01T11:18:20.210+0000] {processor.py:840} INFO - DAG(s) 'update_db', 'youtube_video_stats' retrieved from /opt/airflow/dags/main.py
[2026-01-01T11:18:20.244+0000] {logging_mixin.py:188} INFO - [2026-01-01T11:18:20.243+0000] {dag.py:3096} INFO - Sync 2 DAGs
[2026-01-01T11:18:20.265+0000] {logging_mixin.py:188} INFO - [2026-01-01T11:18:20.265+0000] {dag.py:3954} INFO - Setting next_dagrun for update_db to 2025-12-31 15:00:00+00:00, run_after=2026-01-01 15:00:00+00:00
[2026-01-01T11:18:20.270+0000] {logging_mixin.py:188} INFO - [2026-01-01T11:18:20.270+0000] {dag.py:3954} INFO - Setting next_dagrun for youtube_video_stats to 2025-12-31 14:00:00+00:00, run_after=2026-01-01 14:00:00+00:00
[2026-01-01T11:18:20.283+0000] {processor.py:183} INFO - Processing /opt/airflow/dags/main.py took 0.148 seconds
[2026-01-01T11:18:50.380+0000] {processor.py:161} INFO - Started process (PID=23648) to work on /opt/airflow/dags/main.py
[2026-01-01T11:18:50.381+0000] {processor.py:830} INFO - Processing file /opt/airflow/dags/main.py for tasks to queue
[2026-01-01T11:18:50.382+0000] {logging_mixin.py:188} INFO - [2026-01-01T11:18:50.382+0000] {dagbag.py:545} INFO - Filling up the DagBag from /opt/airflow/dags/main.py
[2026-01-01T11:18:50.451+0000] {processor.py:840} INFO - DAG(s) 'update_db', 'youtube_video_stats' retrieved from /opt/airflow/dags/main.py
[2026-01-01T11:18:50.479+0000] {logging_mixin.py:188} INFO - [2026-01-01T11:18:50.478+0000] {dag.py:3096} INFO - Sync 2 DAGs
[2026-01-01T11:18:50.496+0000] {logging_mixin.py:188} INFO - [2026-01-01T11:18:50.496+0000] {dag.py:3954} INFO - Setting next_dagrun for update_db to 2025-12-31 15:00:00+00:00, run_after=2026-01-01 15:00:00+00:00
[2026-01-01T11:18:50.501+0000] {logging_mixin.py:188} INFO - [2026-01-01T11:18:50.501+0000] {dag.py:3954} INFO - Setting next_dagrun for youtube_video_stats to 2025-12-31 14:00:00+00:00, run_after=2026-01-01 14:00:00+00:00
[2026-01-01T11:18:50.516+0000] {processor.py:183} INFO - Processing /opt/airflow/dags/main.py took 0.141 seconds
[2026-01-01T11:19:20.771+0000] {processor.py:161} INFO - Started process (PID=23655) to work on /opt/airflow/dags/main.py
[2026-01-01T11:19:20.772+0000] {processor.py:830} INFO - Processing file /opt/airflow/dags/main.py for tasks to queue
[2026-01-01T11:19:20.773+0000] {logging_mixin.py:188} INFO - [2026-01-01T11:19:20.773+0000] {dagbag.py:545} INFO - Filling up the DagBag from /opt/airflow/dags/main.py
[2026-01-01T11:19:20.837+0000] {processor.py:840} INFO - DAG(s) 'update_db', 'youtube_video_stats' retrieved from /opt/airflow/dags/main.py
[2026-01-01T11:19:20.862+0000] {logging_mixin.py:188} INFO - [2026-01-01T11:19:20.862+0000] {dag.py:3096} INFO - Sync 2 DAGs
[2026-01-01T11:19:20.885+0000] {logging_mixin.py:188} INFO - [2026-01-01T11:19:20.885+0000] {dag.py:3954} INFO - Setting next_dagrun for update_db to 2025-12-31 15:00:00+00:00, run_after=2026-01-01 15:00:00+00:00
[2026-01-01T11:19:20.890+0000] {logging_mixin.py:188} INFO - [2026-01-01T11:19:20.890+0000] {dag.py:3954} INFO - Setting next_dagrun for youtube_video_stats to 2025-12-31 14:00:00+00:00, run_after=2026-01-01 14:00:00+00:00
[2026-01-01T11:19:20.910+0000] {processor.py:183} INFO - Processing /opt/airflow/dags/main.py took 0.144 seconds
[2026-01-01T11:19:51.024+0000] {processor.py:161} INFO - Started process (PID=23662) to work on /opt/airflow/dags/main.py
[2026-01-01T11:19:51.026+0000] {processor.py:830} INFO - Processing file /opt/airflow/dags/main.py for tasks to queue
[2026-01-01T11:19:51.027+0000] {logging_mixin.py:188} INFO - [2026-01-01T11:19:51.026+0000] {dagbag.py:545} INFO - Filling up the DagBag from /opt/airflow/dags/main.py
[2026-01-01T11:19:51.095+0000] {processor.py:840} INFO - DAG(s) 'youtube_video_stats', 'update_db' retrieved from /opt/airflow/dags/main.py
[2026-01-01T11:19:51.119+0000] {logging_mixin.py:188} INFO - [2026-01-01T11:19:51.119+0000] {dag.py:3096} INFO - Sync 2 DAGs
[2026-01-01T11:19:51.137+0000] {logging_mixin.py:188} INFO - [2026-01-01T11:19:51.137+0000] {dag.py:3954} INFO - Setting next_dagrun for update_db to 2025-12-31 15:00:00+00:00, run_after=2026-01-01 15:00:00+00:00
[2026-01-01T11:19:51.141+0000] {logging_mixin.py:188} INFO - [2026-01-01T11:19:51.141+0000] {dag.py:3954} INFO - Setting next_dagrun for youtube_video_stats to 2025-12-31 14:00:00+00:00, run_after=2026-01-01 14:00:00+00:00
[2026-01-01T11:19:51.158+0000] {processor.py:183} INFO - Processing /opt/airflow/dags/main.py took 0.139 seconds
[2026-01-01T11:20:21.350+0000] {processor.py:161} INFO - Started process (PID=23669) to work on /opt/airflow/dags/main.py
[2026-01-01T11:20:21.361+0000] {processor.py:830} INFO - Processing file /opt/airflow/dags/main.py for tasks to queue
[2026-01-01T11:20:21.362+0000] {logging_mixin.py:188} INFO - [2026-01-01T11:20:21.362+0000] {dagbag.py:545} INFO - Filling up the DagBag from /opt/airflow/dags/main.py
[2026-01-01T11:20:21.534+0000] {processor.py:840} INFO - DAG(s) 'update_db', 'youtube_video_stats' retrieved from /opt/airflow/dags/main.py
[2026-01-01T11:20:21.601+0000] {logging_mixin.py:188} INFO - [2026-01-01T11:20:21.600+0000] {dag.py:3096} INFO - Sync 2 DAGs
[2026-01-01T11:20:21.649+0000] {logging_mixin.py:188} INFO - [2026-01-01T11:20:21.649+0000] {dag.py:3954} INFO - Setting next_dagrun for update_db to 2025-12-31 15:00:00+00:00, run_after=2026-01-01 15:00:00+00:00
[2026-01-01T11:20:21.658+0000] {logging_mixin.py:188} INFO - [2026-01-01T11:20:21.657+0000] {dag.py:3954} INFO - Setting next_dagrun for youtube_video_stats to 2025-12-31 14:00:00+00:00, run_after=2026-01-01 14:00:00+00:00
[2026-01-01T11:20:21.700+0000] {processor.py:183} INFO - Processing /opt/airflow/dags/main.py took 0.358 seconds
[2026-01-01T11:20:52.029+0000] {processor.py:161} INFO - Started process (PID=23676) to work on /opt/airflow/dags/main.py
[2026-01-01T11:20:52.030+0000] {processor.py:830} INFO - Processing file /opt/airflow/dags/main.py for tasks to queue
[2026-01-01T11:20:52.031+0000] {logging_mixin.py:188} INFO - [2026-01-01T11:20:52.030+0000] {dagbag.py:545} INFO - Filling up the DagBag from /opt/airflow/dags/main.py
[2026-01-01T11:20:52.118+0000] {processor.py:840} INFO - DAG(s) 'update_db', 'youtube_video_stats' retrieved from /opt/airflow/dags/main.py
[2026-01-01T11:20:52.150+0000] {logging_mixin.py:188} INFO - [2026-01-01T11:20:52.149+0000] {dag.py:3096} INFO - Sync 2 DAGs
[2026-01-01T11:20:52.171+0000] {logging_mixin.py:188} INFO - [2026-01-01T11:20:52.171+0000] {dag.py:3954} INFO - Setting next_dagrun for update_db to 2025-12-31 15:00:00+00:00, run_after=2026-01-01 15:00:00+00:00
[2026-01-01T11:20:52.178+0000] {logging_mixin.py:188} INFO - [2026-01-01T11:20:52.178+0000] {dag.py:3954} INFO - Setting next_dagrun for youtube_video_stats to 2025-12-31 14:00:00+00:00, run_after=2026-01-01 14:00:00+00:00
[2026-01-01T11:20:52.197+0000] {processor.py:183} INFO - Processing /opt/airflow/dags/main.py took 0.175 seconds
[2026-01-01T11:21:22.363+0000] {processor.py:161} INFO - Started process (PID=23683) to work on /opt/airflow/dags/main.py
[2026-01-01T11:21:22.364+0000] {processor.py:830} INFO - Processing file /opt/airflow/dags/main.py for tasks to queue
[2026-01-01T11:21:22.365+0000] {logging_mixin.py:188} INFO - [2026-01-01T11:21:22.365+0000] {dagbag.py:545} INFO - Filling up the DagBag from /opt/airflow/dags/main.py
[2026-01-01T11:21:22.445+0000] {processor.py:840} INFO - DAG(s) 'youtube_video_stats', 'update_db' retrieved from /opt/airflow/dags/main.py
[2026-01-01T11:21:22.473+0000] {logging_mixin.py:188} INFO - [2026-01-01T11:21:22.473+0000] {dag.py:3096} INFO - Sync 2 DAGs
[2026-01-01T11:21:22.494+0000] {logging_mixin.py:188} INFO - [2026-01-01T11:21:22.494+0000] {dag.py:3954} INFO - Setting next_dagrun for update_db to 2025-12-31 15:00:00+00:00, run_after=2026-01-01 15:00:00+00:00
[2026-01-01T11:21:22.499+0000] {logging_mixin.py:188} INFO - [2026-01-01T11:21:22.498+0000] {dag.py:3954} INFO - Setting next_dagrun for youtube_video_stats to 2025-12-31 14:00:00+00:00, run_after=2026-01-01 14:00:00+00:00
[2026-01-01T11:21:22.512+0000] {processor.py:183} INFO - Processing /opt/airflow/dags/main.py took 0.156 seconds
[2026-01-01T11:21:52.554+0000] {processor.py:161} INFO - Started process (PID=23690) to work on /opt/airflow/dags/main.py
[2026-01-01T11:21:52.555+0000] {processor.py:830} INFO - Processing file /opt/airflow/dags/main.py for tasks to queue
[2026-01-01T11:21:52.556+0000] {logging_mixin.py:188} INFO - [2026-01-01T11:21:52.556+0000] {dagbag.py:545} INFO - Filling up the DagBag from /opt/airflow/dags/main.py
[2026-01-01T11:21:52.638+0000] {processor.py:840} INFO - DAG(s) 'youtube_video_stats', 'update_db' retrieved from /opt/airflow/dags/main.py
[2026-01-01T11:21:52.670+0000] {logging_mixin.py:188} INFO - [2026-01-01T11:21:52.670+0000] {dag.py:3096} INFO - Sync 2 DAGs
[2026-01-01T11:21:52.690+0000] {logging_mixin.py:188} INFO - [2026-01-01T11:21:52.690+0000] {dag.py:3954} INFO - Setting next_dagrun for update_db to 2025-12-31 15:00:00+00:00, run_after=2026-01-01 15:00:00+00:00
[2026-01-01T11:21:52.695+0000] {logging_mixin.py:188} INFO - [2026-01-01T11:21:52.695+0000] {dag.py:3954} INFO - Setting next_dagrun for youtube_video_stats to 2025-12-31 14:00:00+00:00, run_after=2026-01-01 14:00:00+00:00
[2026-01-01T11:21:52.709+0000] {processor.py:183} INFO - Processing /opt/airflow/dags/main.py took 0.162 seconds
[2026-01-01T11:22:22.957+0000] {processor.py:161} INFO - Started process (PID=23697) to work on /opt/airflow/dags/main.py
[2026-01-01T11:22:22.958+0000] {processor.py:830} INFO - Processing file /opt/airflow/dags/main.py for tasks to queue
[2026-01-01T11:22:22.959+0000] {logging_mixin.py:188} INFO - [2026-01-01T11:22:22.959+0000] {dagbag.py:545} INFO - Filling up the DagBag from /opt/airflow/dags/main.py
[2026-01-01T11:22:23.043+0000] {processor.py:840} INFO - DAG(s) 'youtube_video_stats', 'update_db' retrieved from /opt/airflow/dags/main.py
[2026-01-01T11:22:23.069+0000] {logging_mixin.py:188} INFO - [2026-01-01T11:22:23.069+0000] {dag.py:3096} INFO - Sync 2 DAGs
[2026-01-01T11:22:23.087+0000] {logging_mixin.py:188} INFO - [2026-01-01T11:22:23.087+0000] {dag.py:3954} INFO - Setting next_dagrun for update_db to 2025-12-31 15:00:00+00:00, run_after=2026-01-01 15:00:00+00:00
[2026-01-01T11:22:23.092+0000] {logging_mixin.py:188} INFO - [2026-01-01T11:22:23.091+0000] {dag.py:3954} INFO - Setting next_dagrun for youtube_video_stats to 2025-12-31 14:00:00+00:00, run_after=2026-01-01 14:00:00+00:00
[2026-01-01T11:22:23.106+0000] {processor.py:183} INFO - Processing /opt/airflow/dags/main.py took 0.154 seconds
[2026-01-01T11:22:53.174+0000] {processor.py:161} INFO - Started process (PID=23705) to work on /opt/airflow/dags/main.py
[2026-01-01T11:22:53.175+0000] {processor.py:830} INFO - Processing file /opt/airflow/dags/main.py for tasks to queue
[2026-01-01T11:22:53.176+0000] {logging_mixin.py:188} INFO - [2026-01-01T11:22:53.176+0000] {dagbag.py:545} INFO - Filling up the DagBag from /opt/airflow/dags/main.py
[2026-01-01T11:22:53.263+0000] {processor.py:840} INFO - DAG(s) 'update_db', 'youtube_video_stats' retrieved from /opt/airflow/dags/main.py
[2026-01-01T11:22:53.292+0000] {logging_mixin.py:188} INFO - [2026-01-01T11:22:53.292+0000] {dag.py:3096} INFO - Sync 2 DAGs
[2026-01-01T11:22:53.312+0000] {logging_mixin.py:188} INFO - [2026-01-01T11:22:53.312+0000] {dag.py:3954} INFO - Setting next_dagrun for update_db to 2025-12-31 15:00:00+00:00, run_after=2026-01-01 15:00:00+00:00
[2026-01-01T11:22:53.317+0000] {logging_mixin.py:188} INFO - [2026-01-01T11:22:53.317+0000] {dag.py:3954} INFO - Setting next_dagrun for youtube_video_stats to 2025-12-31 14:00:00+00:00, run_after=2026-01-01 14:00:00+00:00
[2026-01-01T11:22:53.346+0000] {processor.py:183} INFO - Processing /opt/airflow/dags/main.py took 0.177 seconds
[2026-01-01T11:23:23.582+0000] {processor.py:161} INFO - Started process (PID=23712) to work on /opt/airflow/dags/main.py
[2026-01-01T11:23:23.583+0000] {processor.py:830} INFO - Processing file /opt/airflow/dags/main.py for tasks to queue
[2026-01-01T11:23:23.584+0000] {logging_mixin.py:188} INFO - [2026-01-01T11:23:23.583+0000] {dagbag.py:545} INFO - Filling up the DagBag from /opt/airflow/dags/main.py
[2026-01-01T11:23:23.676+0000] {processor.py:840} INFO - DAG(s) 'youtube_video_stats', 'update_db' retrieved from /opt/airflow/dags/main.py
[2026-01-01T11:23:23.703+0000] {logging_mixin.py:188} INFO - [2026-01-01T11:23:23.703+0000] {dag.py:3096} INFO - Sync 2 DAGs
[2026-01-01T11:23:23.722+0000] {logging_mixin.py:188} INFO - [2026-01-01T11:23:23.722+0000] {dag.py:3954} INFO - Setting next_dagrun for update_db to 2025-12-31 15:00:00+00:00, run_after=2026-01-01 15:00:00+00:00
[2026-01-01T11:23:23.728+0000] {logging_mixin.py:188} INFO - [2026-01-01T11:23:23.728+0000] {dag.py:3954} INFO - Setting next_dagrun for youtube_video_stats to 2025-12-31 14:00:00+00:00, run_after=2026-01-01 14:00:00+00:00
[2026-01-01T11:23:23.744+0000] {processor.py:183} INFO - Processing /opt/airflow/dags/main.py took 0.167 seconds
[2026-01-01T11:23:53.816+0000] {processor.py:161} INFO - Started process (PID=23719) to work on /opt/airflow/dags/main.py
[2026-01-01T11:23:53.817+0000] {processor.py:830} INFO - Processing file /opt/airflow/dags/main.py for tasks to queue
[2026-01-01T11:23:53.818+0000] {logging_mixin.py:188} INFO - [2026-01-01T11:23:53.817+0000] {dagbag.py:545} INFO - Filling up the DagBag from /opt/airflow/dags/main.py
[2026-01-01T11:23:53.904+0000] {processor.py:840} INFO - DAG(s) 'update_db', 'youtube_video_stats' retrieved from /opt/airflow/dags/main.py
[2026-01-01T11:23:53.932+0000] {logging_mixin.py:188} INFO - [2026-01-01T11:23:53.932+0000] {dag.py:3096} INFO - Sync 2 DAGs
[2026-01-01T11:23:53.952+0000] {logging_mixin.py:188} INFO - [2026-01-01T11:23:53.952+0000] {dag.py:3954} INFO - Setting next_dagrun for update_db to 2025-12-31 15:00:00+00:00, run_after=2026-01-01 15:00:00+00:00
[2026-01-01T11:23:53.957+0000] {logging_mixin.py:188} INFO - [2026-01-01T11:23:53.957+0000] {dag.py:3954} INFO - Setting next_dagrun for youtube_video_stats to 2025-12-31 14:00:00+00:00, run_after=2026-01-01 14:00:00+00:00
[2026-01-01T11:23:53.973+0000] {processor.py:183} INFO - Processing /opt/airflow/dags/main.py took 0.164 seconds
[2026-01-01T11:24:24.203+0000] {processor.py:161} INFO - Started process (PID=23727) to work on /opt/airflow/dags/main.py
[2026-01-01T11:24:24.204+0000] {processor.py:830} INFO - Processing file /opt/airflow/dags/main.py for tasks to queue
[2026-01-01T11:24:24.204+0000] {logging_mixin.py:188} INFO - [2026-01-01T11:24:24.204+0000] {dagbag.py:545} INFO - Filling up the DagBag from /opt/airflow/dags/main.py
[2026-01-01T11:24:24.274+0000] {processor.py:840} INFO - DAG(s) 'youtube_video_stats', 'update_db' retrieved from /opt/airflow/dags/main.py
[2026-01-01T11:24:24.300+0000] {logging_mixin.py:188} INFO - [2026-01-01T11:24:24.299+0000] {dag.py:3096} INFO - Sync 2 DAGs
[2026-01-01T11:24:24.318+0000] {logging_mixin.py:188} INFO - [2026-01-01T11:24:24.318+0000] {dag.py:3954} INFO - Setting next_dagrun for update_db to 2025-12-31 15:00:00+00:00, run_after=2026-01-01 15:00:00+00:00
[2026-01-01T11:24:24.323+0000] {logging_mixin.py:188} INFO - [2026-01-01T11:24:24.323+0000] {dag.py:3954} INFO - Setting next_dagrun for youtube_video_stats to 2025-12-31 14:00:00+00:00, run_after=2026-01-01 14:00:00+00:00
[2026-01-01T11:24:24.338+0000] {processor.py:183} INFO - Processing /opt/airflow/dags/main.py took 0.140 seconds
[2026-01-01T11:24:54.420+0000] {processor.py:161} INFO - Started process (PID=23734) to work on /opt/airflow/dags/main.py
[2026-01-01T11:24:54.421+0000] {processor.py:830} INFO - Processing file /opt/airflow/dags/main.py for tasks to queue
[2026-01-01T11:24:54.421+0000] {logging_mixin.py:188} INFO - [2026-01-01T11:24:54.421+0000] {dagbag.py:545} INFO - Filling up the DagBag from /opt/airflow/dags/main.py
[2026-01-01T11:24:54.487+0000] {processor.py:840} INFO - DAG(s) 'update_db', 'youtube_video_stats' retrieved from /opt/airflow/dags/main.py
[2026-01-01T11:24:54.513+0000] {logging_mixin.py:188} INFO - [2026-01-01T11:24:54.513+0000] {dag.py:3096} INFO - Sync 2 DAGs
[2026-01-01T11:24:54.531+0000] {logging_mixin.py:188} INFO - [2026-01-01T11:24:54.530+0000] {dag.py:3954} INFO - Setting next_dagrun for update_db to 2025-12-31 15:00:00+00:00, run_after=2026-01-01 15:00:00+00:00
[2026-01-01T11:24:54.535+0000] {logging_mixin.py:188} INFO - [2026-01-01T11:24:54.535+0000] {dag.py:3954} INFO - Setting next_dagrun for youtube_video_stats to 2025-12-31 14:00:00+00:00, run_after=2026-01-01 14:00:00+00:00
[2026-01-01T11:24:54.552+0000] {processor.py:183} INFO - Processing /opt/airflow/dags/main.py took 0.137 seconds
[2026-01-01T11:25:24.865+0000] {processor.py:161} INFO - Started process (PID=23741) to work on /opt/airflow/dags/main.py
[2026-01-01T11:25:24.866+0000] {processor.py:830} INFO - Processing file /opt/airflow/dags/main.py for tasks to queue
[2026-01-01T11:25:24.867+0000] {logging_mixin.py:188} INFO - [2026-01-01T11:25:24.867+0000] {dagbag.py:545} INFO - Filling up the DagBag from /opt/airflow/dags/main.py
[2026-01-01T11:25:24.940+0000] {processor.py:840} INFO - DAG(s) 'youtube_video_stats', 'update_db' retrieved from /opt/airflow/dags/main.py
[2026-01-01T11:25:24.967+0000] {logging_mixin.py:188} INFO - [2026-01-01T11:25:24.967+0000] {dag.py:3096} INFO - Sync 2 DAGs
[2026-01-01T11:25:24.985+0000] {logging_mixin.py:188} INFO - [2026-01-01T11:25:24.985+0000] {dag.py:3954} INFO - Setting next_dagrun for update_db to 2025-12-31 15:00:00+00:00, run_after=2026-01-01 15:00:00+00:00
[2026-01-01T11:25:24.991+0000] {logging_mixin.py:188} INFO - [2026-01-01T11:25:24.991+0000] {dag.py:3954} INFO - Setting next_dagrun for youtube_video_stats to 2025-12-31 14:00:00+00:00, run_after=2026-01-01 14:00:00+00:00
[2026-01-01T11:25:25.004+0000] {processor.py:183} INFO - Processing /opt/airflow/dags/main.py took 0.144 seconds
[2026-01-01T11:25:55.076+0000] {processor.py:161} INFO - Started process (PID=23748) to work on /opt/airflow/dags/main.py
[2026-01-01T11:25:55.077+0000] {processor.py:830} INFO - Processing file /opt/airflow/dags/main.py for tasks to queue
[2026-01-01T11:25:55.078+0000] {logging_mixin.py:188} INFO - [2026-01-01T11:25:55.078+0000] {dagbag.py:545} INFO - Filling up the DagBag from /opt/airflow/dags/main.py
[2026-01-01T11:25:55.153+0000] {processor.py:840} INFO - DAG(s) 'update_db', 'youtube_video_stats' retrieved from /opt/airflow/dags/main.py
[2026-01-01T11:25:55.181+0000] {logging_mixin.py:188} INFO - [2026-01-01T11:25:55.181+0000] {dag.py:3096} INFO - Sync 2 DAGs
[2026-01-01T11:25:55.202+0000] {logging_mixin.py:188} INFO - [2026-01-01T11:25:55.202+0000] {dag.py:3954} INFO - Setting next_dagrun for update_db to 2025-12-31 15:00:00+00:00, run_after=2026-01-01 15:00:00+00:00
[2026-01-01T11:25:55.207+0000] {logging_mixin.py:188} INFO - [2026-01-01T11:25:55.207+0000] {dag.py:3954} INFO - Setting next_dagrun for youtube_video_stats to 2025-12-31 14:00:00+00:00, run_after=2026-01-01 14:00:00+00:00
[2026-01-01T11:25:55.228+0000] {processor.py:183} INFO - Processing /opt/airflow/dags/main.py took 0.159 seconds
[2026-01-01T11:26:25.413+0000] {processor.py:161} INFO - Started process (PID=23755) to work on /opt/airflow/dags/main.py
[2026-01-01T11:26:25.414+0000] {processor.py:830} INFO - Processing file /opt/airflow/dags/main.py for tasks to queue
[2026-01-01T11:26:25.415+0000] {logging_mixin.py:188} INFO - [2026-01-01T11:26:25.415+0000] {dagbag.py:545} INFO - Filling up the DagBag from /opt/airflow/dags/main.py
[2026-01-01T11:26:25.491+0000] {processor.py:840} INFO - DAG(s) 'update_db', 'youtube_video_stats' retrieved from /opt/airflow/dags/main.py
[2026-01-01T11:26:25.518+0000] {logging_mixin.py:188} INFO - [2026-01-01T11:26:25.517+0000] {dag.py:3096} INFO - Sync 2 DAGs
[2026-01-01T11:26:25.536+0000] {logging_mixin.py:188} INFO - [2026-01-01T11:26:25.536+0000] {dag.py:3954} INFO - Setting next_dagrun for update_db to 2025-12-31 15:00:00+00:00, run_after=2026-01-01 15:00:00+00:00
[2026-01-01T11:26:25.541+0000] {logging_mixin.py:188} INFO - [2026-01-01T11:26:25.541+0000] {dag.py:3954} INFO - Setting next_dagrun for youtube_video_stats to 2025-12-31 14:00:00+00:00, run_after=2026-01-01 14:00:00+00:00
[2026-01-01T11:26:25.553+0000] {processor.py:183} INFO - Processing /opt/airflow/dags/main.py took 0.146 seconds
[2026-01-01T11:26:55.608+0000] {processor.py:161} INFO - Started process (PID=23762) to work on /opt/airflow/dags/main.py
[2026-01-01T11:26:55.609+0000] {processor.py:830} INFO - Processing file /opt/airflow/dags/main.py for tasks to queue
[2026-01-01T11:26:55.610+0000] {logging_mixin.py:188} INFO - [2026-01-01T11:26:55.609+0000] {dagbag.py:545} INFO - Filling up the DagBag from /opt/airflow/dags/main.py
[2026-01-01T11:26:55.681+0000] {processor.py:840} INFO - DAG(s) 'update_db', 'youtube_video_stats' retrieved from /opt/airflow/dags/main.py
[2026-01-01T11:26:55.706+0000] {logging_mixin.py:188} INFO - [2026-01-01T11:26:55.706+0000] {dag.py:3096} INFO - Sync 2 DAGs
[2026-01-01T11:26:55.725+0000] {logging_mixin.py:188} INFO - [2026-01-01T11:26:55.725+0000] {dag.py:3954} INFO - Setting next_dagrun for update_db to 2025-12-31 15:00:00+00:00, run_after=2026-01-01 15:00:00+00:00
[2026-01-01T11:26:55.730+0000] {logging_mixin.py:188} INFO - [2026-01-01T11:26:55.730+0000] {dag.py:3954} INFO - Setting next_dagrun for youtube_video_stats to 2025-12-31 14:00:00+00:00, run_after=2026-01-01 14:00:00+00:00
[2026-01-01T11:26:55.744+0000] {processor.py:183} INFO - Processing /opt/airflow/dags/main.py took 0.142 seconds
[2026-01-01T11:27:25.948+0000] {processor.py:161} INFO - Started process (PID=23769) to work on /opt/airflow/dags/main.py
[2026-01-01T11:27:25.949+0000] {processor.py:830} INFO - Processing file /opt/airflow/dags/main.py for tasks to queue
[2026-01-01T11:27:25.950+0000] {logging_mixin.py:188} INFO - [2026-01-01T11:27:25.949+0000] {dagbag.py:545} INFO - Filling up the DagBag from /opt/airflow/dags/main.py
[2026-01-01T11:27:26.025+0000] {processor.py:840} INFO - DAG(s) 'youtube_video_stats', 'update_db' retrieved from /opt/airflow/dags/main.py
[2026-01-01T11:27:26.051+0000] {logging_mixin.py:188} INFO - [2026-01-01T11:27:26.051+0000] {dag.py:3096} INFO - Sync 2 DAGs
[2026-01-01T11:27:26.069+0000] {logging_mixin.py:188} INFO - [2026-01-01T11:27:26.068+0000] {dag.py:3954} INFO - Setting next_dagrun for update_db to 2025-12-31 15:00:00+00:00, run_after=2026-01-01 15:00:00+00:00
[2026-01-01T11:27:26.073+0000] {logging_mixin.py:188} INFO - [2026-01-01T11:27:26.073+0000] {dag.py:3954} INFO - Setting next_dagrun for youtube_video_stats to 2025-12-31 14:00:00+00:00, run_after=2026-01-01 14:00:00+00:00
[2026-01-01T11:27:26.086+0000] {processor.py:183} INFO - Processing /opt/airflow/dags/main.py took 0.143 seconds
[2026-01-01T11:27:56.132+0000] {processor.py:161} INFO - Started process (PID=23777) to work on /opt/airflow/dags/main.py
[2026-01-01T11:27:56.134+0000] {processor.py:830} INFO - Processing file /opt/airflow/dags/main.py for tasks to queue
[2026-01-01T11:27:56.146+0000] {logging_mixin.py:188} INFO - [2026-01-01T11:27:56.145+0000] {dagbag.py:545} INFO - Filling up the DagBag from /opt/airflow/dags/main.py
[2026-01-01T11:27:56.217+0000] {processor.py:840} INFO - DAG(s) 'youtube_video_stats', 'update_db' retrieved from /opt/airflow/dags/main.py
[2026-01-01T11:27:56.244+0000] {logging_mixin.py:188} INFO - [2026-01-01T11:27:56.244+0000] {dag.py:3096} INFO - Sync 2 DAGs
[2026-01-01T11:27:56.264+0000] {logging_mixin.py:188} INFO - [2026-01-01T11:27:56.263+0000] {dag.py:3954} INFO - Setting next_dagrun for update_db to 2025-12-31 15:00:00+00:00, run_after=2026-01-01 15:00:00+00:00
[2026-01-01T11:27:56.268+0000] {logging_mixin.py:188} INFO - [2026-01-01T11:27:56.268+0000] {dag.py:3954} INFO - Setting next_dagrun for youtube_video_stats to 2025-12-31 14:00:00+00:00, run_after=2026-01-01 14:00:00+00:00
[2026-01-01T11:27:56.284+0000] {processor.py:183} INFO - Processing /opt/airflow/dags/main.py took 0.157 seconds
[2026-01-01T11:28:26.471+0000] {processor.py:161} INFO - Started process (PID=23784) to work on /opt/airflow/dags/main.py
[2026-01-01T11:28:26.472+0000] {processor.py:830} INFO - Processing file /opt/airflow/dags/main.py for tasks to queue
[2026-01-01T11:28:26.474+0000] {logging_mixin.py:188} INFO - [2026-01-01T11:28:26.473+0000] {dagbag.py:545} INFO - Filling up the DagBag from /opt/airflow/dags/main.py
[2026-01-01T11:28:26.544+0000] {processor.py:840} INFO - DAG(s) 'youtube_video_stats', 'update_db' retrieved from /opt/airflow/dags/main.py
[2026-01-01T11:28:26.570+0000] {logging_mixin.py:188} INFO - [2026-01-01T11:28:26.570+0000] {dag.py:3096} INFO - Sync 2 DAGs
[2026-01-01T11:28:26.587+0000] {logging_mixin.py:188} INFO - [2026-01-01T11:28:26.587+0000] {dag.py:3954} INFO - Setting next_dagrun for update_db to 2025-12-31 15:00:00+00:00, run_after=2026-01-01 15:00:00+00:00
[2026-01-01T11:28:26.592+0000] {logging_mixin.py:188} INFO - [2026-01-01T11:28:26.591+0000] {dag.py:3954} INFO - Setting next_dagrun for youtube_video_stats to 2025-12-31 14:00:00+00:00, run_after=2026-01-01 14:00:00+00:00
[2026-01-01T11:28:26.608+0000] {processor.py:183} INFO - Processing /opt/airflow/dags/main.py took 0.141 seconds
[2026-01-01T11:28:56.705+0000] {processor.py:161} INFO - Started process (PID=23791) to work on /opt/airflow/dags/main.py
[2026-01-01T11:28:56.706+0000] {processor.py:830} INFO - Processing file /opt/airflow/dags/main.py for tasks to queue
[2026-01-01T11:28:56.707+0000] {logging_mixin.py:188} INFO - [2026-01-01T11:28:56.707+0000] {dagbag.py:545} INFO - Filling up the DagBag from /opt/airflow/dags/main.py
[2026-01-01T11:28:56.777+0000] {processor.py:840} INFO - DAG(s) 'youtube_video_stats', 'update_db' retrieved from /opt/airflow/dags/main.py
[2026-01-01T11:28:56.806+0000] {logging_mixin.py:188} INFO - [2026-01-01T11:28:56.806+0000] {dag.py:3096} INFO - Sync 2 DAGs
[2026-01-01T11:28:56.827+0000] {logging_mixin.py:188} INFO - [2026-01-01T11:28:56.826+0000] {dag.py:3954} INFO - Setting next_dagrun for update_db to 2025-12-31 15:00:00+00:00, run_after=2026-01-01 15:00:00+00:00
[2026-01-01T11:28:56.831+0000] {logging_mixin.py:188} INFO - [2026-01-01T11:28:56.831+0000] {dag.py:3954} INFO - Setting next_dagrun for youtube_video_stats to 2025-12-31 14:00:00+00:00, run_after=2026-01-01 14:00:00+00:00
[2026-01-01T11:28:56.848+0000] {processor.py:183} INFO - Processing /opt/airflow/dags/main.py took 0.148 seconds
[2026-01-01T11:29:27.019+0000] {processor.py:161} INFO - Started process (PID=23798) to work on /opt/airflow/dags/main.py
[2026-01-01T11:29:27.020+0000] {processor.py:830} INFO - Processing file /opt/airflow/dags/main.py for tasks to queue
[2026-01-01T11:29:27.021+0000] {logging_mixin.py:188} INFO - [2026-01-01T11:29:27.021+0000] {dagbag.py:545} INFO - Filling up the DagBag from /opt/airflow/dags/main.py
[2026-01-01T11:29:27.094+0000] {processor.py:840} INFO - DAG(s) 'youtube_video_stats', 'update_db' retrieved from /opt/airflow/dags/main.py
[2026-01-01T11:29:27.119+0000] {logging_mixin.py:188} INFO - [2026-01-01T11:29:27.119+0000] {dag.py:3096} INFO - Sync 2 DAGs
[2026-01-01T11:29:27.138+0000] {logging_mixin.py:188} INFO - [2026-01-01T11:29:27.138+0000] {dag.py:3954} INFO - Setting next_dagrun for update_db to 2025-12-31 15:00:00+00:00, run_after=2026-01-01 15:00:00+00:00
[2026-01-01T11:29:27.143+0000] {logging_mixin.py:188} INFO - [2026-01-01T11:29:27.143+0000] {dag.py:3954} INFO - Setting next_dagrun for youtube_video_stats to 2025-12-31 14:00:00+00:00, run_after=2026-01-01 14:00:00+00:00
[2026-01-01T11:29:27.157+0000] {processor.py:183} INFO - Processing /opt/airflow/dags/main.py took 0.143 seconds
[2026-01-01T11:29:57.202+0000] {processor.py:161} INFO - Started process (PID=23805) to work on /opt/airflow/dags/main.py
[2026-01-01T11:29:57.203+0000] {processor.py:830} INFO - Processing file /opt/airflow/dags/main.py for tasks to queue
[2026-01-01T11:29:57.204+0000] {logging_mixin.py:188} INFO - [2026-01-01T11:29:57.204+0000] {dagbag.py:545} INFO - Filling up the DagBag from /opt/airflow/dags/main.py
[2026-01-01T11:29:57.274+0000] {processor.py:840} INFO - DAG(s) 'youtube_video_stats', 'update_db' retrieved from /opt/airflow/dags/main.py
[2026-01-01T11:29:57.300+0000] {logging_mixin.py:188} INFO - [2026-01-01T11:29:57.300+0000] {dag.py:3096} INFO - Sync 2 DAGs
[2026-01-01T11:29:57.320+0000] {logging_mixin.py:188} INFO - [2026-01-01T11:29:57.320+0000] {dag.py:3954} INFO - Setting next_dagrun for update_db to 2025-12-31 15:00:00+00:00, run_after=2026-01-01 15:00:00+00:00
[2026-01-01T11:29:57.324+0000] {logging_mixin.py:188} INFO - [2026-01-01T11:29:57.324+0000] {dag.py:3954} INFO - Setting next_dagrun for youtube_video_stats to 2025-12-31 14:00:00+00:00, run_after=2026-01-01 14:00:00+00:00
[2026-01-01T11:29:57.338+0000] {processor.py:183} INFO - Processing /opt/airflow/dags/main.py took 0.142 seconds
[2026-01-01T11:30:27.625+0000] {processor.py:161} INFO - Started process (PID=23812) to work on /opt/airflow/dags/main.py
[2026-01-01T11:30:27.626+0000] {processor.py:830} INFO - Processing file /opt/airflow/dags/main.py for tasks to queue
[2026-01-01T11:30:27.627+0000] {logging_mixin.py:188} INFO - [2026-01-01T11:30:27.627+0000] {dagbag.py:545} INFO - Filling up the DagBag from /opt/airflow/dags/main.py
[2026-01-01T11:30:27.710+0000] {processor.py:840} INFO - DAG(s) 'update_db', 'youtube_video_stats' retrieved from /opt/airflow/dags/main.py
[2026-01-01T11:30:27.738+0000] {logging_mixin.py:188} INFO - [2026-01-01T11:30:27.738+0000] {dag.py:3096} INFO - Sync 2 DAGs
[2026-01-01T11:30:27.758+0000] {logging_mixin.py:188} INFO - [2026-01-01T11:30:27.758+0000] {dag.py:3954} INFO - Setting next_dagrun for update_db to 2025-12-31 15:00:00+00:00, run_after=2026-01-01 15:00:00+00:00
[2026-01-01T11:30:27.763+0000] {logging_mixin.py:188} INFO - [2026-01-01T11:30:27.763+0000] {dag.py:3954} INFO - Setting next_dagrun for youtube_video_stats to 2025-12-31 14:00:00+00:00, run_after=2026-01-01 14:00:00+00:00
[2026-01-01T11:30:27.779+0000] {processor.py:183} INFO - Processing /opt/airflow/dags/main.py took 0.158 seconds
[2026-01-01T11:30:57.967+0000] {processor.py:161} INFO - Started process (PID=23819) to work on /opt/airflow/dags/main.py
[2026-01-01T11:30:57.968+0000] {processor.py:830} INFO - Processing file /opt/airflow/dags/main.py for tasks to queue
[2026-01-01T11:30:57.969+0000] {logging_mixin.py:188} INFO - [2026-01-01T11:30:57.969+0000] {dagbag.py:545} INFO - Filling up the DagBag from /opt/airflow/dags/main.py
[2026-01-01T11:30:58.043+0000] {processor.py:840} INFO - DAG(s) 'youtube_video_stats', 'update_db' retrieved from /opt/airflow/dags/main.py
[2026-01-01T11:30:58.071+0000] {logging_mixin.py:188} INFO - [2026-01-01T11:30:58.071+0000] {dag.py:3096} INFO - Sync 2 DAGs
[2026-01-01T11:30:58.089+0000] {logging_mixin.py:188} INFO - [2026-01-01T11:30:58.089+0000] {dag.py:3954} INFO - Setting next_dagrun for update_db to 2025-12-31 15:00:00+00:00, run_after=2026-01-01 15:00:00+00:00
[2026-01-01T11:30:58.094+0000] {logging_mixin.py:188} INFO - [2026-01-01T11:30:58.093+0000] {dag.py:3954} INFO - Setting next_dagrun for youtube_video_stats to 2025-12-31 14:00:00+00:00, run_after=2026-01-01 14:00:00+00:00
[2026-01-01T11:30:58.109+0000] {processor.py:183} INFO - Processing /opt/airflow/dags/main.py took 0.148 seconds
[2026-01-01T11:31:28.167+0000] {processor.py:161} INFO - Started process (PID=23826) to work on /opt/airflow/dags/main.py
[2026-01-01T11:31:28.168+0000] {processor.py:830} INFO - Processing file /opt/airflow/dags/main.py for tasks to queue
[2026-01-01T11:31:28.169+0000] {logging_mixin.py:188} INFO - [2026-01-01T11:31:28.169+0000] {dagbag.py:545} INFO - Filling up the DagBag from /opt/airflow/dags/main.py
[2026-01-01T11:31:28.278+0000] {processor.py:840} INFO - DAG(s) 'youtube_video_stats', 'update_db' retrieved from /opt/airflow/dags/main.py
[2026-01-01T11:31:28.313+0000] {logging_mixin.py:188} INFO - [2026-01-01T11:31:28.313+0000] {dag.py:3096} INFO - Sync 2 DAGs
[2026-01-01T11:31:28.334+0000] {logging_mixin.py:188} INFO - [2026-01-01T11:31:28.334+0000] {dag.py:3954} INFO - Setting next_dagrun for update_db to 2025-12-31 15:00:00+00:00, run_after=2026-01-01 15:00:00+00:00
[2026-01-01T11:31:28.339+0000] {logging_mixin.py:188} INFO - [2026-01-01T11:31:28.339+0000] {dag.py:3954} INFO - Setting next_dagrun for youtube_video_stats to 2025-12-31 14:00:00+00:00, run_after=2026-01-01 14:00:00+00:00
[2026-01-01T11:31:28.355+0000] {processor.py:183} INFO - Processing /opt/airflow/dags/main.py took 0.206 seconds
[2026-01-01T11:31:58.511+0000] {processor.py:161} INFO - Started process (PID=23833) to work on /opt/airflow/dags/main.py
[2026-01-01T11:31:58.512+0000] {processor.py:830} INFO - Processing file /opt/airflow/dags/main.py for tasks to queue
[2026-01-01T11:31:58.513+0000] {logging_mixin.py:188} INFO - [2026-01-01T11:31:58.513+0000] {dagbag.py:545} INFO - Filling up the DagBag from /opt/airflow/dags/main.py
[2026-01-01T11:31:58.585+0000] {processor.py:840} INFO - DAG(s) 'update_db', 'youtube_video_stats' retrieved from /opt/airflow/dags/main.py
[2026-01-01T11:31:58.609+0000] {logging_mixin.py:188} INFO - [2026-01-01T11:31:58.609+0000] {dag.py:3096} INFO - Sync 2 DAGs
[2026-01-01T11:31:58.627+0000] {logging_mixin.py:188} INFO - [2026-01-01T11:31:58.627+0000] {dag.py:3954} INFO - Setting next_dagrun for update_db to 2025-12-31 15:00:00+00:00, run_after=2026-01-01 15:00:00+00:00
[2026-01-01T11:31:58.632+0000] {logging_mixin.py:188} INFO - [2026-01-01T11:31:58.632+0000] {dag.py:3954} INFO - Setting next_dagrun for youtube_video_stats to 2025-12-31 14:00:00+00:00, run_after=2026-01-01 14:00:00+00:00
[2026-01-01T11:31:58.648+0000] {processor.py:183} INFO - Processing /opt/airflow/dags/main.py took 0.144 seconds
[2026-01-01T11:32:28.812+0000] {processor.py:161} INFO - Started process (PID=23840) to work on /opt/airflow/dags/main.py
[2026-01-01T11:32:28.816+0000] {processor.py:830} INFO - Processing file /opt/airflow/dags/main.py for tasks to queue
[2026-01-01T11:32:28.818+0000] {logging_mixin.py:188} INFO - [2026-01-01T11:32:28.818+0000] {dagbag.py:545} INFO - Filling up the DagBag from /opt/airflow/dags/main.py
[2026-01-01T11:32:28.901+0000] {processor.py:840} INFO - DAG(s) 'update_db', 'youtube_video_stats' retrieved from /opt/airflow/dags/main.py
[2026-01-01T11:32:28.926+0000] {logging_mixin.py:188} INFO - [2026-01-01T11:32:28.926+0000] {dag.py:3096} INFO - Sync 2 DAGs
[2026-01-01T11:32:28.945+0000] {logging_mixin.py:188} INFO - [2026-01-01T11:32:28.944+0000] {dag.py:3954} INFO - Setting next_dagrun for update_db to 2025-12-31 15:00:00+00:00, run_after=2026-01-01 15:00:00+00:00
[2026-01-01T11:32:28.949+0000] {logging_mixin.py:188} INFO - [2026-01-01T11:32:28.949+0000] {dag.py:3954} INFO - Setting next_dagrun for youtube_video_stats to 2025-12-31 14:00:00+00:00, run_after=2026-01-01 14:00:00+00:00
[2026-01-01T11:32:28.965+0000] {processor.py:183} INFO - Processing /opt/airflow/dags/main.py took 0.161 seconds
[2026-01-01T11:32:59.108+0000] {processor.py:161} INFO - Started process (PID=23847) to work on /opt/airflow/dags/main.py
[2026-01-01T11:32:59.109+0000] {processor.py:830} INFO - Processing file /opt/airflow/dags/main.py for tasks to queue
[2026-01-01T11:32:59.110+0000] {logging_mixin.py:188} INFO - [2026-01-01T11:32:59.110+0000] {dagbag.py:545} INFO - Filling up the DagBag from /opt/airflow/dags/main.py
[2026-01-01T11:32:59.181+0000] {processor.py:840} INFO - DAG(s) 'update_db', 'youtube_video_stats' retrieved from /opt/airflow/dags/main.py
[2026-01-01T11:32:59.206+0000] {logging_mixin.py:188} INFO - [2026-01-01T11:32:59.206+0000] {dag.py:3096} INFO - Sync 2 DAGs
[2026-01-01T11:32:59.227+0000] {logging_mixin.py:188} INFO - [2026-01-01T11:32:59.227+0000] {dag.py:3954} INFO - Setting next_dagrun for update_db to 2025-12-31 15:00:00+00:00, run_after=2026-01-01 15:00:00+00:00
[2026-01-01T11:32:59.231+0000] {logging_mixin.py:188} INFO - [2026-01-01T11:32:59.231+0000] {dag.py:3954} INFO - Setting next_dagrun for youtube_video_stats to 2025-12-31 14:00:00+00:00, run_after=2026-01-01 14:00:00+00:00
[2026-01-01T11:32:59.246+0000] {processor.py:183} INFO - Processing /opt/airflow/dags/main.py took 0.143 seconds
[2026-01-01T11:33:29.426+0000] {processor.py:161} INFO - Started process (PID=23854) to work on /opt/airflow/dags/main.py
[2026-01-01T11:33:29.427+0000] {processor.py:830} INFO - Processing file /opt/airflow/dags/main.py for tasks to queue
[2026-01-01T11:33:29.428+0000] {logging_mixin.py:188} INFO - [2026-01-01T11:33:29.428+0000] {dagbag.py:545} INFO - Filling up the DagBag from /opt/airflow/dags/main.py
[2026-01-01T11:33:29.493+0000] {processor.py:840} INFO - DAG(s) 'youtube_video_stats', 'update_db' retrieved from /opt/airflow/dags/main.py
[2026-01-01T11:33:29.521+0000] {logging_mixin.py:188} INFO - [2026-01-01T11:33:29.521+0000] {dag.py:3096} INFO - Sync 2 DAGs
[2026-01-01T11:33:29.539+0000] {logging_mixin.py:188} INFO - [2026-01-01T11:33:29.539+0000] {dag.py:3954} INFO - Setting next_dagrun for update_db to 2025-12-31 15:00:00+00:00, run_after=2026-01-01 15:00:00+00:00
[2026-01-01T11:33:29.544+0000] {logging_mixin.py:188} INFO - [2026-01-01T11:33:29.544+0000] {dag.py:3954} INFO - Setting next_dagrun for youtube_video_stats to 2025-12-31 14:00:00+00:00, run_after=2026-01-01 14:00:00+00:00
[2026-01-01T11:33:29.558+0000] {processor.py:183} INFO - Processing /opt/airflow/dags/main.py took 0.137 seconds
[2026-01-01T11:33:59.664+0000] {processor.py:161} INFO - Started process (PID=23861) to work on /opt/airflow/dags/main.py
[2026-01-01T11:33:59.665+0000] {processor.py:830} INFO - Processing file /opt/airflow/dags/main.py for tasks to queue
[2026-01-01T11:33:59.666+0000] {logging_mixin.py:188} INFO - [2026-01-01T11:33:59.666+0000] {dagbag.py:545} INFO - Filling up the DagBag from /opt/airflow/dags/main.py
[2026-01-01T11:33:59.737+0000] {processor.py:840} INFO - DAG(s) 'update_db', 'youtube_video_stats' retrieved from /opt/airflow/dags/main.py
[2026-01-01T11:33:59.763+0000] {logging_mixin.py:188} INFO - [2026-01-01T11:33:59.763+0000] {dag.py:3096} INFO - Sync 2 DAGs
[2026-01-01T11:33:59.780+0000] {logging_mixin.py:188} INFO - [2026-01-01T11:33:59.780+0000] {dag.py:3954} INFO - Setting next_dagrun for update_db to 2025-12-31 15:00:00+00:00, run_after=2026-01-01 15:00:00+00:00
[2026-01-01T11:33:59.785+0000] {logging_mixin.py:188} INFO - [2026-01-01T11:33:59.785+0000] {dag.py:3954} INFO - Setting next_dagrun for youtube_video_stats to 2025-12-31 14:00:00+00:00, run_after=2026-01-01 14:00:00+00:00
[2026-01-01T11:33:59.798+0000] {processor.py:183} INFO - Processing /opt/airflow/dags/main.py took 0.139 seconds
[2026-01-01T11:34:30.027+0000] {processor.py:161} INFO - Started process (PID=23868) to work on /opt/airflow/dags/main.py
[2026-01-01T11:34:30.029+0000] {processor.py:830} INFO - Processing file /opt/airflow/dags/main.py for tasks to queue
[2026-01-01T11:34:30.030+0000] {logging_mixin.py:188} INFO - [2026-01-01T11:34:30.030+0000] {dagbag.py:545} INFO - Filling up the DagBag from /opt/airflow/dags/main.py
[2026-01-01T11:34:30.110+0000] {processor.py:840} INFO - DAG(s) 'youtube_video_stats', 'update_db' retrieved from /opt/airflow/dags/main.py
[2026-01-01T11:34:30.137+0000] {logging_mixin.py:188} INFO - [2026-01-01T11:34:30.137+0000] {dag.py:3096} INFO - Sync 2 DAGs
[2026-01-01T11:34:30.157+0000] {logging_mixin.py:188} INFO - [2026-01-01T11:34:30.157+0000] {dag.py:3954} INFO - Setting next_dagrun for update_db to 2025-12-31 15:00:00+00:00, run_after=2026-01-01 15:00:00+00:00
[2026-01-01T11:34:30.161+0000] {logging_mixin.py:188} INFO - [2026-01-01T11:34:30.161+0000] {dag.py:3954} INFO - Setting next_dagrun for youtube_video_stats to 2025-12-31 14:00:00+00:00, run_after=2026-01-01 14:00:00+00:00
[2026-01-01T11:34:30.178+0000] {processor.py:183} INFO - Processing /opt/airflow/dags/main.py took 0.156 seconds
[2026-01-01T11:35:00.258+0000] {processor.py:161} INFO - Started process (PID=23875) to work on /opt/airflow/dags/main.py
[2026-01-01T11:35:00.259+0000] {processor.py:830} INFO - Processing file /opt/airflow/dags/main.py for tasks to queue
[2026-01-01T11:35:00.260+0000] {logging_mixin.py:188} INFO - [2026-01-01T11:35:00.259+0000] {dagbag.py:545} INFO - Filling up the DagBag from /opt/airflow/dags/main.py
[2026-01-01T11:35:00.325+0000] {processor.py:840} INFO - DAG(s) 'youtube_video_stats', 'update_db' retrieved from /opt/airflow/dags/main.py
[2026-01-01T11:35:00.351+0000] {logging_mixin.py:188} INFO - [2026-01-01T11:35:00.351+0000] {dag.py:3096} INFO - Sync 2 DAGs
[2026-01-01T11:35:00.370+0000] {logging_mixin.py:188} INFO - [2026-01-01T11:35:00.370+0000] {dag.py:3954} INFO - Setting next_dagrun for update_db to 2025-12-31 15:00:00+00:00, run_after=2026-01-01 15:00:00+00:00
[2026-01-01T11:35:00.375+0000] {logging_mixin.py:188} INFO - [2026-01-01T11:35:00.374+0000] {dag.py:3954} INFO - Setting next_dagrun for youtube_video_stats to 2025-12-31 14:00:00+00:00, run_after=2026-01-01 14:00:00+00:00
[2026-01-01T11:35:00.388+0000] {processor.py:183} INFO - Processing /opt/airflow/dags/main.py took 0.136 seconds
[2026-01-01T11:35:31.230+0000] {processor.py:161} INFO - Started process (PID=23882) to work on /opt/airflow/dags/main.py
[2026-01-01T11:35:31.235+0000] {processor.py:830} INFO - Processing file /opt/airflow/dags/main.py for tasks to queue
[2026-01-01T11:35:31.238+0000] {logging_mixin.py:188} INFO - [2026-01-01T11:35:31.237+0000] {dagbag.py:545} INFO - Filling up the DagBag from /opt/airflow/dags/main.py
[2026-01-01T11:35:31.385+0000] {processor.py:840} INFO - DAG(s) 'youtube_video_stats', 'update_db' retrieved from /opt/airflow/dags/main.py
[2026-01-01T11:35:31.439+0000] {logging_mixin.py:188} INFO - [2026-01-01T11:35:31.439+0000] {dag.py:3096} INFO - Sync 2 DAGs
[2026-01-01T11:35:31.488+0000] {logging_mixin.py:188} INFO - [2026-01-01T11:35:31.488+0000] {dag.py:3954} INFO - Setting next_dagrun for update_db to 2025-12-31 15:00:00+00:00, run_after=2026-01-01 15:00:00+00:00
[2026-01-01T11:35:31.504+0000] {logging_mixin.py:188} INFO - [2026-01-01T11:35:31.504+0000] {dag.py:3954} INFO - Setting next_dagrun for youtube_video_stats to 2025-12-31 14:00:00+00:00, run_after=2026-01-01 14:00:00+00:00
[2026-01-01T11:35:31.534+0000] {processor.py:183} INFO - Processing /opt/airflow/dags/main.py took 0.321 seconds
[2026-01-01T11:36:01.800+0000] {processor.py:161} INFO - Started process (PID=23889) to work on /opt/airflow/dags/main.py
[2026-01-01T11:36:01.804+0000] {processor.py:830} INFO - Processing file /opt/airflow/dags/main.py for tasks to queue
[2026-01-01T11:36:01.806+0000] {logging_mixin.py:188} INFO - [2026-01-01T11:36:01.805+0000] {dagbag.py:545} INFO - Filling up the DagBag from /opt/airflow/dags/main.py
[2026-01-01T11:36:01.962+0000] {processor.py:840} INFO - DAG(s) 'update_db', 'youtube_video_stats' retrieved from /opt/airflow/dags/main.py
[2026-01-01T11:36:02.009+0000] {logging_mixin.py:188} INFO - [2026-01-01T11:36:02.008+0000] {dag.py:3096} INFO - Sync 2 DAGs
[2026-01-01T11:36:02.040+0000] {logging_mixin.py:188} INFO - [2026-01-01T11:36:02.040+0000] {dag.py:3954} INFO - Setting next_dagrun for update_db to 2025-12-31 15:00:00+00:00, run_after=2026-01-01 15:00:00+00:00
[2026-01-01T11:36:02.046+0000] {logging_mixin.py:188} INFO - [2026-01-01T11:36:02.046+0000] {dag.py:3954} INFO - Setting next_dagrun for youtube_video_stats to 2025-12-31 14:00:00+00:00, run_after=2026-01-01 14:00:00+00:00
[2026-01-01T11:36:02.089+0000] {processor.py:183} INFO - Processing /opt/airflow/dags/main.py took 0.299 seconds
[2026-01-01T14:30:10.726+0000] {processor.py:161} INFO - Started process (PID=23896) to work on /opt/airflow/dags/main.py
[2026-01-01T14:30:10.727+0000] {processor.py:830} INFO - Processing file /opt/airflow/dags/main.py for tasks to queue
[2026-01-01T14:30:10.729+0000] {logging_mixin.py:188} INFO - [2026-01-01T14:30:10.729+0000] {dagbag.py:545} INFO - Filling up the DagBag from /opt/airflow/dags/main.py
[2026-01-01T14:30:10.970+0000] {processor.py:840} INFO - DAG(s) 'youtube_video_stats', 'update_db' retrieved from /opt/airflow/dags/main.py
[2026-01-01T14:30:11.082+0000] {logging_mixin.py:188} INFO - [2026-01-01T14:30:11.081+0000] {dag.py:3096} INFO - Sync 2 DAGs
[2026-01-01T14:30:11.176+0000] {logging_mixin.py:188} INFO - [2026-01-01T14:30:11.176+0000] {dag.py:3954} INFO - Setting next_dagrun for update_db to 2025-12-31 15:00:00+00:00, run_after=2026-01-01 15:00:00+00:00
[2026-01-01T14:30:11.197+0000] {logging_mixin.py:188} INFO - [2026-01-01T14:30:11.197+0000] {dag.py:3954} INFO - Setting next_dagrun for youtube_video_stats to 2026-01-01 14:00:00+00:00, run_after=2026-01-02 14:00:00+00:00
[2026-01-01T14:30:11.254+0000] {processor.py:183} INFO - Processing /opt/airflow/dags/main.py took 0.541 seconds
