[2025-12-17T05:29:46.245+0000] {processor.py:161} INFO - Started process (PID=9779) to work on /opt/airflow/dags/main.py
[2025-12-17T05:29:46.261+0000] {processor.py:830} INFO - Processing file /opt/airflow/dags/main.py for tasks to queue
[2025-12-17T05:29:46.266+0000] {logging_mixin.py:188} INFO - [2025-12-17T05:29:46.265+0000] {dagbag.py:545} INFO - Filling up the DagBag from /opt/airflow/dags/main.py
[2025-12-17T05:29:46.739+0000] {processor.py:840} INFO - DAG(s) 'youtube_video_stats', 'update_db' retrieved from /opt/airflow/dags/main.py
[2025-12-17T05:29:46.861+0000] {logging_mixin.py:188} INFO - [2025-12-17T05:29:46.861+0000] {dag.py:3096} INFO - Sync 2 DAGs
[2025-12-17T05:29:46.992+0000] {logging_mixin.py:188} INFO - [2025-12-17T05:29:46.991+0000] {dag.py:3954} INFO - Setting next_dagrun for update_db to 2025-12-16 15:00:00+00:00, run_after=2025-12-17 15:00:00+00:00
[2025-12-17T05:29:47.048+0000] {logging_mixin.py:188} INFO - [2025-12-17T05:29:47.048+0000] {dag.py:3954} INFO - Setting next_dagrun for youtube_video_stats to 2025-12-16 14:00:00+00:00, run_after=2025-12-17 14:00:00+00:00
[2025-12-17T05:29:47.178+0000] {processor.py:183} INFO - Processing /opt/airflow/dags/main.py took 0.955 seconds
[2025-12-17T05:30:17.896+0000] {processor.py:161} INFO - Started process (PID=9792) to work on /opt/airflow/dags/main.py
[2025-12-17T05:30:17.931+0000] {processor.py:830} INFO - Processing file /opt/airflow/dags/main.py for tasks to queue
[2025-12-17T05:30:17.938+0000] {logging_mixin.py:188} INFO - [2025-12-17T05:30:17.937+0000] {dagbag.py:545} INFO - Filling up the DagBag from /opt/airflow/dags/main.py
[2025-12-17T05:30:18.927+0000] {processor.py:840} INFO - DAG(s) 'update_db', 'youtube_video_stats' retrieved from /opt/airflow/dags/main.py
[2025-12-17T05:30:19.327+0000] {logging_mixin.py:188} INFO - [2025-12-17T05:30:19.326+0000] {dag.py:3096} INFO - Sync 2 DAGs
[2025-12-17T05:30:19.506+0000] {logging_mixin.py:188} INFO - [2025-12-17T05:30:19.503+0000] {dag.py:3954} INFO - Setting next_dagrun for update_db to 2025-12-16 15:00:00+00:00, run_after=2025-12-17 15:00:00+00:00
[2025-12-17T05:30:19.551+0000] {logging_mixin.py:188} INFO - [2025-12-17T05:30:19.550+0000] {dag.py:3954} INFO - Setting next_dagrun for youtube_video_stats to 2025-12-16 14:00:00+00:00, run_after=2025-12-17 14:00:00+00:00
[2025-12-17T05:30:19.657+0000] {processor.py:183} INFO - Processing /opt/airflow/dags/main.py took 1.810 seconds
[2025-12-17T05:30:50.576+0000] {processor.py:161} INFO - Started process (PID=9799) to work on /opt/airflow/dags/main.py
[2025-12-17T05:30:50.580+0000] {processor.py:830} INFO - Processing file /opt/airflow/dags/main.py for tasks to queue
[2025-12-17T05:30:50.592+0000] {logging_mixin.py:188} INFO - [2025-12-17T05:30:50.591+0000] {dagbag.py:545} INFO - Filling up the DagBag from /opt/airflow/dags/main.py
[2025-12-17T05:30:51.008+0000] {processor.py:840} INFO - DAG(s) 'youtube_video_stats', 'update_db' retrieved from /opt/airflow/dags/main.py
[2025-12-17T05:30:51.130+0000] {logging_mixin.py:188} INFO - [2025-12-17T05:30:51.129+0000] {dag.py:3096} INFO - Sync 2 DAGs
[2025-12-17T05:30:51.196+0000] {logging_mixin.py:188} INFO - [2025-12-17T05:30:51.196+0000] {dag.py:3954} INFO - Setting next_dagrun for update_db to 2025-12-16 15:00:00+00:00, run_after=2025-12-17 15:00:00+00:00
[2025-12-17T05:30:51.209+0000] {logging_mixin.py:188} INFO - [2025-12-17T05:30:51.208+0000] {dag.py:3954} INFO - Setting next_dagrun for youtube_video_stats to 2025-12-16 14:00:00+00:00, run_after=2025-12-17 14:00:00+00:00
[2025-12-17T05:30:51.356+0000] {processor.py:183} INFO - Processing /opt/airflow/dags/main.py took 0.825 seconds
[2025-12-17T05:31:22.072+0000] {processor.py:161} INFO - Started process (PID=9807) to work on /opt/airflow/dags/main.py
[2025-12-17T05:31:22.077+0000] {processor.py:830} INFO - Processing file /opt/airflow/dags/main.py for tasks to queue
[2025-12-17T05:31:22.088+0000] {logging_mixin.py:188} INFO - [2025-12-17T05:31:22.087+0000] {dagbag.py:545} INFO - Filling up the DagBag from /opt/airflow/dags/main.py
[2025-12-17T05:31:22.581+0000] {processor.py:840} INFO - DAG(s) 'youtube_video_stats', 'update_db' retrieved from /opt/airflow/dags/main.py
[2025-12-17T05:31:22.747+0000] {logging_mixin.py:188} INFO - [2025-12-17T05:31:22.746+0000] {dag.py:3096} INFO - Sync 2 DAGs
[2025-12-17T05:31:22.925+0000] {logging_mixin.py:188} INFO - [2025-12-17T05:31:22.925+0000] {dag.py:3954} INFO - Setting next_dagrun for update_db to 2025-12-16 15:00:00+00:00, run_after=2025-12-17 15:00:00+00:00
[2025-12-17T05:31:22.987+0000] {logging_mixin.py:188} INFO - [2025-12-17T05:31:22.987+0000] {dag.py:3954} INFO - Setting next_dagrun for youtube_video_stats to 2025-12-16 14:00:00+00:00, run_after=2025-12-17 14:00:00+00:00
[2025-12-17T05:31:23.098+0000] {processor.py:183} INFO - Processing /opt/airflow/dags/main.py took 1.064 seconds
[2025-12-17T05:31:53.538+0000] {processor.py:161} INFO - Started process (PID=9814) to work on /opt/airflow/dags/main.py
[2025-12-17T05:31:53.542+0000] {processor.py:830} INFO - Processing file /opt/airflow/dags/main.py for tasks to queue
[2025-12-17T05:31:53.554+0000] {logging_mixin.py:188} INFO - [2025-12-17T05:31:53.544+0000] {dagbag.py:545} INFO - Filling up the DagBag from /opt/airflow/dags/main.py
[2025-12-17T05:31:54.107+0000] {processor.py:840} INFO - DAG(s) 'update_db', 'youtube_video_stats' retrieved from /opt/airflow/dags/main.py
[2025-12-17T05:31:54.253+0000] {logging_mixin.py:188} INFO - [2025-12-17T05:31:54.252+0000] {dag.py:3096} INFO - Sync 2 DAGs
[2025-12-17T05:31:54.367+0000] {logging_mixin.py:188} INFO - [2025-12-17T05:31:54.367+0000] {dag.py:3954} INFO - Setting next_dagrun for update_db to 2025-12-16 15:00:00+00:00, run_after=2025-12-17 15:00:00+00:00
[2025-12-17T05:31:54.406+0000] {logging_mixin.py:188} INFO - [2025-12-17T05:31:54.405+0000] {dag.py:3954} INFO - Setting next_dagrun for youtube_video_stats to 2025-12-16 14:00:00+00:00, run_after=2025-12-17 14:00:00+00:00
[2025-12-17T05:31:54.517+0000] {processor.py:183} INFO - Processing /opt/airflow/dags/main.py took 1.010 seconds
[2025-12-17T05:32:25.021+0000] {processor.py:161} INFO - Started process (PID=9822) to work on /opt/airflow/dags/main.py
[2025-12-17T05:32:25.033+0000] {processor.py:830} INFO - Processing file /opt/airflow/dags/main.py for tasks to queue
[2025-12-17T05:32:25.036+0000] {logging_mixin.py:188} INFO - [2025-12-17T05:32:25.036+0000] {dagbag.py:545} INFO - Filling up the DagBag from /opt/airflow/dags/main.py
[2025-12-17T05:32:25.430+0000] {processor.py:840} INFO - DAG(s) 'update_db', 'youtube_video_stats' retrieved from /opt/airflow/dags/main.py
[2025-12-17T05:32:25.684+0000] {logging_mixin.py:188} INFO - [2025-12-17T05:32:25.683+0000] {dag.py:3096} INFO - Sync 2 DAGs
[2025-12-17T05:32:25.773+0000] {logging_mixin.py:188} INFO - [2025-12-17T05:32:25.772+0000] {dag.py:3954} INFO - Setting next_dagrun for update_db to 2025-12-16 15:00:00+00:00, run_after=2025-12-17 15:00:00+00:00
[2025-12-17T05:32:25.798+0000] {logging_mixin.py:188} INFO - [2025-12-17T05:32:25.797+0000] {dag.py:3954} INFO - Setting next_dagrun for youtube_video_stats to 2025-12-16 14:00:00+00:00, run_after=2025-12-17 14:00:00+00:00
[2025-12-17T05:32:25.863+0000] {processor.py:183} INFO - Processing /opt/airflow/dags/main.py took 0.868 seconds
[2025-12-17T05:32:56.264+0000] {processor.py:161} INFO - Started process (PID=9829) to work on /opt/airflow/dags/main.py
[2025-12-17T05:32:56.267+0000] {processor.py:830} INFO - Processing file /opt/airflow/dags/main.py for tasks to queue
[2025-12-17T05:32:56.269+0000] {logging_mixin.py:188} INFO - [2025-12-17T05:32:56.268+0000] {dagbag.py:545} INFO - Filling up the DagBag from /opt/airflow/dags/main.py
[2025-12-17T05:32:56.533+0000] {processor.py:840} INFO - DAG(s) 'youtube_video_stats', 'update_db' retrieved from /opt/airflow/dags/main.py
[2025-12-17T05:32:56.601+0000] {logging_mixin.py:188} INFO - [2025-12-17T05:32:56.600+0000] {dag.py:3096} INFO - Sync 2 DAGs
[2025-12-17T05:32:56.649+0000] {logging_mixin.py:188} INFO - [2025-12-17T05:32:56.649+0000] {dag.py:3954} INFO - Setting next_dagrun for update_db to 2025-12-16 15:00:00+00:00, run_after=2025-12-17 15:00:00+00:00
[2025-12-17T05:32:56.663+0000] {logging_mixin.py:188} INFO - [2025-12-17T05:32:56.662+0000] {dag.py:3954} INFO - Setting next_dagrun for youtube_video_stats to 2025-12-16 14:00:00+00:00, run_after=2025-12-17 14:00:00+00:00
[2025-12-17T05:32:56.697+0000] {processor.py:183} INFO - Processing /opt/airflow/dags/main.py took 0.447 seconds
[2025-12-17T05:33:27.035+0000] {processor.py:161} INFO - Started process (PID=9836) to work on /opt/airflow/dags/main.py
[2025-12-17T05:33:27.038+0000] {processor.py:830} INFO - Processing file /opt/airflow/dags/main.py for tasks to queue
[2025-12-17T05:33:27.041+0000] {logging_mixin.py:188} INFO - [2025-12-17T05:33:27.041+0000] {dagbag.py:545} INFO - Filling up the DagBag from /opt/airflow/dags/main.py
[2025-12-17T05:33:27.306+0000] {processor.py:840} INFO - DAG(s) 'youtube_video_stats', 'update_db' retrieved from /opt/airflow/dags/main.py
[2025-12-17T05:33:27.403+0000] {logging_mixin.py:188} INFO - [2025-12-17T05:33:27.403+0000] {dag.py:3096} INFO - Sync 2 DAGs
[2025-12-17T05:33:27.484+0000] {logging_mixin.py:188} INFO - [2025-12-17T05:33:27.484+0000] {dag.py:3954} INFO - Setting next_dagrun for update_db to 2025-12-16 15:00:00+00:00, run_after=2025-12-17 15:00:00+00:00
[2025-12-17T05:33:27.509+0000] {logging_mixin.py:188} INFO - [2025-12-17T05:33:27.509+0000] {dag.py:3954} INFO - Setting next_dagrun for youtube_video_stats to 2025-12-16 14:00:00+00:00, run_after=2025-12-17 14:00:00+00:00
[2025-12-17T05:33:27.559+0000] {processor.py:183} INFO - Processing /opt/airflow/dags/main.py took 0.542 seconds
[2025-12-17T05:33:58.304+0000] {processor.py:161} INFO - Started process (PID=9843) to work on /opt/airflow/dags/main.py
[2025-12-17T05:33:58.306+0000] {processor.py:830} INFO - Processing file /opt/airflow/dags/main.py for tasks to queue
[2025-12-17T05:33:58.309+0000] {logging_mixin.py:188} INFO - [2025-12-17T05:33:58.308+0000] {dagbag.py:545} INFO - Filling up the DagBag from /opt/airflow/dags/main.py
[2025-12-17T05:33:58.505+0000] {processor.py:840} INFO - DAG(s) 'update_db', 'youtube_video_stats' retrieved from /opt/airflow/dags/main.py
[2025-12-17T05:33:58.562+0000] {logging_mixin.py:188} INFO - [2025-12-17T05:33:58.561+0000] {dag.py:3096} INFO - Sync 2 DAGs
[2025-12-17T05:33:58.602+0000] {logging_mixin.py:188} INFO - [2025-12-17T05:33:58.602+0000] {dag.py:3954} INFO - Setting next_dagrun for update_db to 2025-12-16 15:00:00+00:00, run_after=2025-12-17 15:00:00+00:00
[2025-12-17T05:33:58.613+0000] {logging_mixin.py:188} INFO - [2025-12-17T05:33:58.613+0000] {dag.py:3954} INFO - Setting next_dagrun for youtube_video_stats to 2025-12-16 14:00:00+00:00, run_after=2025-12-17 14:00:00+00:00
[2025-12-17T05:33:58.646+0000] {processor.py:183} INFO - Processing /opt/airflow/dags/main.py took 0.351 seconds
[2025-12-17T05:34:28.751+0000] {processor.py:161} INFO - Started process (PID=9850) to work on /opt/airflow/dags/main.py
[2025-12-17T05:34:28.755+0000] {processor.py:830} INFO - Processing file /opt/airflow/dags/main.py for tasks to queue
[2025-12-17T05:34:28.758+0000] {logging_mixin.py:188} INFO - [2025-12-17T05:34:28.757+0000] {dagbag.py:545} INFO - Filling up the DagBag from /opt/airflow/dags/main.py
[2025-12-17T05:34:29.080+0000] {processor.py:840} INFO - DAG(s) 'update_db', 'youtube_video_stats' retrieved from /opt/airflow/dags/main.py
[2025-12-17T05:34:29.293+0000] {logging_mixin.py:188} INFO - [2025-12-17T05:34:29.292+0000] {dag.py:3096} INFO - Sync 2 DAGs
[2025-12-17T05:34:29.400+0000] {logging_mixin.py:188} INFO - [2025-12-17T05:34:29.399+0000] {dag.py:3954} INFO - Setting next_dagrun for update_db to 2025-12-16 15:00:00+00:00, run_after=2025-12-17 15:00:00+00:00
[2025-12-17T05:34:29.423+0000] {logging_mixin.py:188} INFO - [2025-12-17T05:34:29.422+0000] {dag.py:3954} INFO - Setting next_dagrun for youtube_video_stats to 2025-12-16 14:00:00+00:00, run_after=2025-12-17 14:00:00+00:00
[2025-12-17T05:34:29.512+0000] {processor.py:183} INFO - Processing /opt/airflow/dags/main.py took 0.781 seconds
[2025-12-17T05:35:00.478+0000] {processor.py:161} INFO - Started process (PID=9857) to work on /opt/airflow/dags/main.py
[2025-12-17T05:35:00.482+0000] {processor.py:830} INFO - Processing file /opt/airflow/dags/main.py for tasks to queue
[2025-12-17T05:35:00.485+0000] {logging_mixin.py:188} INFO - [2025-12-17T05:35:00.484+0000] {dagbag.py:545} INFO - Filling up the DagBag from /opt/airflow/dags/main.py
[2025-12-17T05:35:01.085+0000] {processor.py:840} INFO - DAG(s) 'update_db', 'youtube_video_stats' retrieved from /opt/airflow/dags/main.py
[2025-12-17T05:35:01.256+0000] {logging_mixin.py:188} INFO - [2025-12-17T05:35:01.255+0000] {dag.py:3096} INFO - Sync 2 DAGs
[2025-12-17T05:35:01.393+0000] {logging_mixin.py:188} INFO - [2025-12-17T05:35:01.392+0000] {dag.py:3954} INFO - Setting next_dagrun for update_db to 2025-12-16 15:00:00+00:00, run_after=2025-12-17 15:00:00+00:00
[2025-12-17T05:35:01.422+0000] {logging_mixin.py:188} INFO - [2025-12-17T05:35:01.421+0000] {dag.py:3954} INFO - Setting next_dagrun for youtube_video_stats to 2025-12-16 14:00:00+00:00, run_after=2025-12-17 14:00:00+00:00
[2025-12-17T05:35:01.511+0000] {processor.py:183} INFO - Processing /opt/airflow/dags/main.py took 1.068 seconds
[2025-12-17T05:35:32.256+0000] {processor.py:161} INFO - Started process (PID=9864) to work on /opt/airflow/dags/main.py
[2025-12-17T05:35:32.260+0000] {processor.py:830} INFO - Processing file /opt/airflow/dags/main.py for tasks to queue
[2025-12-17T05:35:32.265+0000] {logging_mixin.py:188} INFO - [2025-12-17T05:35:32.264+0000] {dagbag.py:545} INFO - Filling up the DagBag from /opt/airflow/dags/main.py
[2025-12-17T05:35:32.629+0000] {processor.py:840} INFO - DAG(s) 'youtube_video_stats', 'update_db' retrieved from /opt/airflow/dags/main.py
[2025-12-17T05:35:32.739+0000] {logging_mixin.py:188} INFO - [2025-12-17T05:35:32.738+0000] {dag.py:3096} INFO - Sync 2 DAGs
[2025-12-17T05:35:32.859+0000] {logging_mixin.py:188} INFO - [2025-12-17T05:35:32.858+0000] {dag.py:3954} INFO - Setting next_dagrun for update_db to 2025-12-16 15:00:00+00:00, run_after=2025-12-17 15:00:00+00:00
[2025-12-17T05:35:32.882+0000] {logging_mixin.py:188} INFO - [2025-12-17T05:35:32.882+0000] {dag.py:3954} INFO - Setting next_dagrun for youtube_video_stats to 2025-12-16 14:00:00+00:00, run_after=2025-12-17 14:00:00+00:00
[2025-12-17T05:35:32.949+0000] {processor.py:183} INFO - Processing /opt/airflow/dags/main.py took 0.718 seconds
[2025-12-17T05:36:03.415+0000] {processor.py:161} INFO - Started process (PID=9871) to work on /opt/airflow/dags/main.py
[2025-12-17T05:36:03.418+0000] {processor.py:830} INFO - Processing file /opt/airflow/dags/main.py for tasks to queue
[2025-12-17T05:36:03.421+0000] {logging_mixin.py:188} INFO - [2025-12-17T05:36:03.420+0000] {dagbag.py:545} INFO - Filling up the DagBag from /opt/airflow/dags/main.py
[2025-12-17T05:36:03.718+0000] {processor.py:840} INFO - DAG(s) 'update_db', 'youtube_video_stats' retrieved from /opt/airflow/dags/main.py
[2025-12-17T05:36:03.812+0000] {logging_mixin.py:188} INFO - [2025-12-17T05:36:03.811+0000] {dag.py:3096} INFO - Sync 2 DAGs
[2025-12-17T05:36:03.885+0000] {logging_mixin.py:188} INFO - [2025-12-17T05:36:03.884+0000] {dag.py:3954} INFO - Setting next_dagrun for update_db to 2025-12-16 15:00:00+00:00, run_after=2025-12-17 15:00:00+00:00
[2025-12-17T05:36:03.901+0000] {logging_mixin.py:188} INFO - [2025-12-17T05:36:03.901+0000] {dag.py:3954} INFO - Setting next_dagrun for youtube_video_stats to 2025-12-16 14:00:00+00:00, run_after=2025-12-17 14:00:00+00:00
[2025-12-17T05:36:03.958+0000] {processor.py:183} INFO - Processing /opt/airflow/dags/main.py took 0.562 seconds
[2025-12-17T05:36:34.412+0000] {processor.py:161} INFO - Started process (PID=9878) to work on /opt/airflow/dags/main.py
[2025-12-17T05:36:34.417+0000] {processor.py:830} INFO - Processing file /opt/airflow/dags/main.py for tasks to queue
[2025-12-17T05:36:34.421+0000] {logging_mixin.py:188} INFO - [2025-12-17T05:36:34.420+0000] {dagbag.py:545} INFO - Filling up the DagBag from /opt/airflow/dags/main.py
[2025-12-17T05:36:34.765+0000] {processor.py:840} INFO - DAG(s) 'update_db', 'youtube_video_stats' retrieved from /opt/airflow/dags/main.py
[2025-12-17T05:36:34.873+0000] {logging_mixin.py:188} INFO - [2025-12-17T05:36:34.873+0000] {dag.py:3096} INFO - Sync 2 DAGs
[2025-12-17T05:36:34.949+0000] {logging_mixin.py:188} INFO - [2025-12-17T05:36:34.949+0000] {dag.py:3954} INFO - Setting next_dagrun for update_db to 2025-12-16 15:00:00+00:00, run_after=2025-12-17 15:00:00+00:00
[2025-12-17T05:36:34.970+0000] {logging_mixin.py:188} INFO - [2025-12-17T05:36:34.969+0000] {dag.py:3954} INFO - Setting next_dagrun for youtube_video_stats to 2025-12-16 14:00:00+00:00, run_after=2025-12-17 14:00:00+00:00
[2025-12-17T05:36:35.021+0000] {processor.py:183} INFO - Processing /opt/airflow/dags/main.py took 0.636 seconds
[2025-12-17T05:37:05.216+0000] {processor.py:161} INFO - Started process (PID=9885) to work on /opt/airflow/dags/main.py
[2025-12-17T05:37:05.220+0000] {processor.py:830} INFO - Processing file /opt/airflow/dags/main.py for tasks to queue
[2025-12-17T05:37:05.226+0000] {logging_mixin.py:188} INFO - [2025-12-17T05:37:05.224+0000] {dagbag.py:545} INFO - Filling up the DagBag from /opt/airflow/dags/main.py
[2025-12-17T05:37:05.804+0000] {processor.py:840} INFO - DAG(s) 'update_db', 'youtube_video_stats' retrieved from /opt/airflow/dags/main.py
[2025-12-17T05:37:05.920+0000] {logging_mixin.py:188} INFO - [2025-12-17T05:37:05.918+0000] {dag.py:3096} INFO - Sync 2 DAGs
[2025-12-17T05:37:06.005+0000] {logging_mixin.py:188} INFO - [2025-12-17T05:37:06.004+0000] {dag.py:3954} INFO - Setting next_dagrun for update_db to 2025-12-16 15:00:00+00:00, run_after=2025-12-17 15:00:00+00:00
[2025-12-17T05:37:06.025+0000] {logging_mixin.py:188} INFO - [2025-12-17T05:37:06.024+0000] {dag.py:3954} INFO - Setting next_dagrun for youtube_video_stats to 2025-12-16 14:00:00+00:00, run_after=2025-12-17 14:00:00+00:00
[2025-12-17T05:37:06.087+0000] {processor.py:183} INFO - Processing /opt/airflow/dags/main.py took 0.901 seconds
[2025-12-17T05:37:36.554+0000] {processor.py:161} INFO - Started process (PID=9892) to work on /opt/airflow/dags/main.py
[2025-12-17T05:37:36.558+0000] {processor.py:830} INFO - Processing file /opt/airflow/dags/main.py for tasks to queue
[2025-12-17T05:37:36.561+0000] {logging_mixin.py:188} INFO - [2025-12-17T05:37:36.560+0000] {dagbag.py:545} INFO - Filling up the DagBag from /opt/airflow/dags/main.py
[2025-12-17T05:37:36.948+0000] {processor.py:840} INFO - DAG(s) 'update_db', 'youtube_video_stats' retrieved from /opt/airflow/dags/main.py
[2025-12-17T05:37:37.113+0000] {logging_mixin.py:188} INFO - [2025-12-17T05:37:37.112+0000] {dag.py:3096} INFO - Sync 2 DAGs
[2025-12-17T05:37:37.258+0000] {logging_mixin.py:188} INFO - [2025-12-17T05:37:37.258+0000] {dag.py:3954} INFO - Setting next_dagrun for update_db to 2025-12-16 15:00:00+00:00, run_after=2025-12-17 15:00:00+00:00
[2025-12-17T05:37:37.297+0000] {logging_mixin.py:188} INFO - [2025-12-17T05:37:37.296+0000] {dag.py:3954} INFO - Setting next_dagrun for youtube_video_stats to 2025-12-16 14:00:00+00:00, run_after=2025-12-17 14:00:00+00:00
[2025-12-17T05:37:37.407+0000] {processor.py:183} INFO - Processing /opt/airflow/dags/main.py took 0.891 seconds
[2025-12-17T05:38:07.846+0000] {processor.py:161} INFO - Started process (PID=9899) to work on /opt/airflow/dags/main.py
[2025-12-17T05:38:07.848+0000] {processor.py:830} INFO - Processing file /opt/airflow/dags/main.py for tasks to queue
[2025-12-17T05:38:07.850+0000] {logging_mixin.py:188} INFO - [2025-12-17T05:38:07.850+0000] {dagbag.py:545} INFO - Filling up the DagBag from /opt/airflow/dags/main.py
[2025-12-17T05:38:08.118+0000] {processor.py:840} INFO - DAG(s) 'youtube_video_stats', 'update_db' retrieved from /opt/airflow/dags/main.py
[2025-12-17T05:38:08.209+0000] {logging_mixin.py:188} INFO - [2025-12-17T05:38:08.206+0000] {dag.py:3096} INFO - Sync 2 DAGs
[2025-12-17T05:38:08.314+0000] {logging_mixin.py:188} INFO - [2025-12-17T05:38:08.314+0000] {dag.py:3954} INFO - Setting next_dagrun for update_db to 2025-12-16 15:00:00+00:00, run_after=2025-12-17 15:00:00+00:00
[2025-12-17T05:38:08.328+0000] {logging_mixin.py:188} INFO - [2025-12-17T05:38:08.327+0000] {dag.py:3954} INFO - Setting next_dagrun for youtube_video_stats to 2025-12-16 14:00:00+00:00, run_after=2025-12-17 14:00:00+00:00
[2025-12-17T05:38:08.371+0000] {processor.py:183} INFO - Processing /opt/airflow/dags/main.py took 0.542 seconds
[2025-12-17T05:38:38.849+0000] {processor.py:161} INFO - Started process (PID=9906) to work on /opt/airflow/dags/main.py
[2025-12-17T05:38:38.852+0000] {processor.py:830} INFO - Processing file /opt/airflow/dags/main.py for tasks to queue
[2025-12-17T05:38:38.856+0000] {logging_mixin.py:188} INFO - [2025-12-17T05:38:38.855+0000] {dagbag.py:545} INFO - Filling up the DagBag from /opt/airflow/dags/main.py
[2025-12-17T05:38:39.174+0000] {processor.py:840} INFO - DAG(s) 'youtube_video_stats', 'update_db' retrieved from /opt/airflow/dags/main.py
[2025-12-17T05:38:39.272+0000] {logging_mixin.py:188} INFO - [2025-12-17T05:38:39.271+0000] {dag.py:3096} INFO - Sync 2 DAGs
[2025-12-17T05:38:39.349+0000] {logging_mixin.py:188} INFO - [2025-12-17T05:38:39.348+0000] {dag.py:3954} INFO - Setting next_dagrun for update_db to 2025-12-16 15:00:00+00:00, run_after=2025-12-17 15:00:00+00:00
[2025-12-17T05:38:39.378+0000] {logging_mixin.py:188} INFO - [2025-12-17T05:38:39.377+0000] {dag.py:3954} INFO - Setting next_dagrun for youtube_video_stats to 2025-12-16 14:00:00+00:00, run_after=2025-12-17 14:00:00+00:00
[2025-12-17T05:38:39.432+0000] {processor.py:183} INFO - Processing /opt/airflow/dags/main.py took 0.610 seconds
[2025-12-17T05:39:09.600+0000] {processor.py:161} INFO - Started process (PID=9913) to work on /opt/airflow/dags/main.py
[2025-12-17T05:39:09.606+0000] {processor.py:830} INFO - Processing file /opt/airflow/dags/main.py for tasks to queue
[2025-12-17T05:39:09.609+0000] {logging_mixin.py:188} INFO - [2025-12-17T05:39:09.608+0000] {dagbag.py:545} INFO - Filling up the DagBag from /opt/airflow/dags/main.py
[2025-12-17T05:39:09.852+0000] {processor.py:840} INFO - DAG(s) 'update_db', 'youtube_video_stats' retrieved from /opt/airflow/dags/main.py
[2025-12-17T05:39:09.948+0000] {logging_mixin.py:188} INFO - [2025-12-17T05:39:09.948+0000] {dag.py:3096} INFO - Sync 2 DAGs
[2025-12-17T05:39:10.017+0000] {logging_mixin.py:188} INFO - [2025-12-17T05:39:10.016+0000] {dag.py:3954} INFO - Setting next_dagrun for update_db to 2025-12-16 15:00:00+00:00, run_after=2025-12-17 15:00:00+00:00
[2025-12-17T05:39:10.035+0000] {logging_mixin.py:188} INFO - [2025-12-17T05:39:10.034+0000] {dag.py:3954} INFO - Setting next_dagrun for youtube_video_stats to 2025-12-16 14:00:00+00:00, run_after=2025-12-17 14:00:00+00:00
[2025-12-17T05:39:10.076+0000] {processor.py:183} INFO - Processing /opt/airflow/dags/main.py took 0.506 seconds
[2025-12-17T05:39:40.519+0000] {processor.py:161} INFO - Started process (PID=9920) to work on /opt/airflow/dags/main.py
[2025-12-17T05:39:40.522+0000] {processor.py:830} INFO - Processing file /opt/airflow/dags/main.py for tasks to queue
[2025-12-17T05:39:40.525+0000] {logging_mixin.py:188} INFO - [2025-12-17T05:39:40.524+0000] {dagbag.py:545} INFO - Filling up the DagBag from /opt/airflow/dags/main.py
[2025-12-17T05:39:41.180+0000] {processor.py:840} INFO - DAG(s) 'youtube_video_stats', 'update_db' retrieved from /opt/airflow/dags/main.py
[2025-12-17T05:39:41.261+0000] {logging_mixin.py:188} INFO - [2025-12-17T05:39:41.261+0000] {dag.py:3096} INFO - Sync 2 DAGs
[2025-12-17T05:39:41.324+0000] {logging_mixin.py:188} INFO - [2025-12-17T05:39:41.323+0000] {dag.py:3954} INFO - Setting next_dagrun for update_db to 2025-12-16 15:00:00+00:00, run_after=2025-12-17 15:00:00+00:00
[2025-12-17T05:39:41.338+0000] {logging_mixin.py:188} INFO - [2025-12-17T05:39:41.338+0000] {dag.py:3954} INFO - Setting next_dagrun for youtube_video_stats to 2025-12-16 14:00:00+00:00, run_after=2025-12-17 14:00:00+00:00
[2025-12-17T05:39:41.374+0000] {processor.py:183} INFO - Processing /opt/airflow/dags/main.py took 0.974 seconds
[2025-12-17T05:40:12.180+0000] {processor.py:161} INFO - Started process (PID=9927) to work on /opt/airflow/dags/main.py
[2025-12-17T05:40:12.183+0000] {processor.py:830} INFO - Processing file /opt/airflow/dags/main.py for tasks to queue
[2025-12-17T05:40:12.185+0000] {logging_mixin.py:188} INFO - [2025-12-17T05:40:12.184+0000] {dagbag.py:545} INFO - Filling up the DagBag from /opt/airflow/dags/main.py
[2025-12-17T05:40:12.471+0000] {processor.py:840} INFO - DAG(s) 'update_db', 'youtube_video_stats' retrieved from /opt/airflow/dags/main.py
[2025-12-17T05:40:12.562+0000] {logging_mixin.py:188} INFO - [2025-12-17T05:40:12.561+0000] {dag.py:3096} INFO - Sync 2 DAGs
[2025-12-17T05:40:12.624+0000] {logging_mixin.py:188} INFO - [2025-12-17T05:40:12.623+0000] {dag.py:3954} INFO - Setting next_dagrun for update_db to 2025-12-16 15:00:00+00:00, run_after=2025-12-17 15:00:00+00:00
[2025-12-17T05:40:12.641+0000] {logging_mixin.py:188} INFO - [2025-12-17T05:40:12.640+0000] {dag.py:3954} INFO - Setting next_dagrun for youtube_video_stats to 2025-12-16 14:00:00+00:00, run_after=2025-12-17 14:00:00+00:00
[2025-12-17T05:40:12.689+0000] {processor.py:183} INFO - Processing /opt/airflow/dags/main.py took 0.526 seconds
[2025-12-17T05:40:43.059+0000] {processor.py:161} INFO - Started process (PID=9934) to work on /opt/airflow/dags/main.py
[2025-12-17T05:40:43.063+0000] {processor.py:830} INFO - Processing file /opt/airflow/dags/main.py for tasks to queue
[2025-12-17T05:40:43.066+0000] {logging_mixin.py:188} INFO - [2025-12-17T05:40:43.066+0000] {dagbag.py:545} INFO - Filling up the DagBag from /opt/airflow/dags/main.py
[2025-12-17T05:40:43.362+0000] {processor.py:840} INFO - DAG(s) 'youtube_video_stats', 'update_db' retrieved from /opt/airflow/dags/main.py
[2025-12-17T05:40:43.465+0000] {logging_mixin.py:188} INFO - [2025-12-17T05:40:43.464+0000] {dag.py:3096} INFO - Sync 2 DAGs
[2025-12-17T05:40:43.533+0000] {logging_mixin.py:188} INFO - [2025-12-17T05:40:43.532+0000] {dag.py:3954} INFO - Setting next_dagrun for update_db to 2025-12-16 15:00:00+00:00, run_after=2025-12-17 15:00:00+00:00
[2025-12-17T05:40:43.554+0000] {logging_mixin.py:188} INFO - [2025-12-17T05:40:43.553+0000] {dag.py:3954} INFO - Setting next_dagrun for youtube_video_stats to 2025-12-16 14:00:00+00:00, run_after=2025-12-17 14:00:00+00:00
[2025-12-17T05:40:43.600+0000] {processor.py:183} INFO - Processing /opt/airflow/dags/main.py took 0.559 seconds
[2025-12-17T05:41:13.690+0000] {processor.py:161} INFO - Started process (PID=9941) to work on /opt/airflow/dags/main.py
[2025-12-17T05:41:13.692+0000] {processor.py:830} INFO - Processing file /opt/airflow/dags/main.py for tasks to queue
[2025-12-17T05:41:13.694+0000] {logging_mixin.py:188} INFO - [2025-12-17T05:41:13.693+0000] {dagbag.py:545} INFO - Filling up the DagBag from /opt/airflow/dags/main.py
[2025-12-17T05:41:13.897+0000] {processor.py:840} INFO - DAG(s) 'youtube_video_stats', 'update_db' retrieved from /opt/airflow/dags/main.py
[2025-12-17T05:41:13.952+0000] {logging_mixin.py:188} INFO - [2025-12-17T05:41:13.952+0000] {dag.py:3096} INFO - Sync 2 DAGs
[2025-12-17T05:41:13.998+0000] {logging_mixin.py:188} INFO - [2025-12-17T05:41:13.998+0000] {dag.py:3954} INFO - Setting next_dagrun for update_db to 2025-12-16 15:00:00+00:00, run_after=2025-12-17 15:00:00+00:00
[2025-12-17T05:41:14.009+0000] {logging_mixin.py:188} INFO - [2025-12-17T05:41:14.009+0000] {dag.py:3954} INFO - Setting next_dagrun for youtube_video_stats to 2025-12-16 14:00:00+00:00, run_after=2025-12-17 14:00:00+00:00
[2025-12-17T05:41:14.038+0000] {processor.py:183} INFO - Processing /opt/airflow/dags/main.py took 0.360 seconds
[2025-12-17T05:41:44.125+0000] {processor.py:161} INFO - Started process (PID=9947) to work on /opt/airflow/dags/main.py
[2025-12-17T05:41:44.127+0000] {processor.py:830} INFO - Processing file /opt/airflow/dags/main.py for tasks to queue
[2025-12-17T05:41:44.129+0000] {logging_mixin.py:188} INFO - [2025-12-17T05:41:44.128+0000] {dagbag.py:545} INFO - Filling up the DagBag from /opt/airflow/dags/main.py
[2025-12-17T05:41:44.313+0000] {processor.py:840} INFO - DAG(s) 'update_db', 'youtube_video_stats' retrieved from /opt/airflow/dags/main.py
[2025-12-17T05:41:44.371+0000] {logging_mixin.py:188} INFO - [2025-12-17T05:41:44.371+0000] {dag.py:3096} INFO - Sync 2 DAGs
[2025-12-17T05:41:44.417+0000] {logging_mixin.py:188} INFO - [2025-12-17T05:41:44.416+0000] {dag.py:3954} INFO - Setting next_dagrun for update_db to 2025-12-16 15:00:00+00:00, run_after=2025-12-17 15:00:00+00:00
[2025-12-17T05:41:44.429+0000] {logging_mixin.py:188} INFO - [2025-12-17T05:41:44.429+0000] {dag.py:3954} INFO - Setting next_dagrun for youtube_video_stats to 2025-12-16 14:00:00+00:00, run_after=2025-12-17 14:00:00+00:00
[2025-12-17T05:41:44.461+0000] {processor.py:183} INFO - Processing /opt/airflow/dags/main.py took 0.347 seconds
[2025-12-17T05:42:14.725+0000] {processor.py:161} INFO - Started process (PID=9954) to work on /opt/airflow/dags/main.py
[2025-12-17T05:42:14.728+0000] {processor.py:830} INFO - Processing file /opt/airflow/dags/main.py for tasks to queue
[2025-12-17T05:42:14.730+0000] {logging_mixin.py:188} INFO - [2025-12-17T05:42:14.729+0000] {dagbag.py:545} INFO - Filling up the DagBag from /opt/airflow/dags/main.py
[2025-12-17T05:42:14.897+0000] {processor.py:840} INFO - DAG(s) 'update_db', 'youtube_video_stats' retrieved from /opt/airflow/dags/main.py
[2025-12-17T05:42:14.953+0000] {logging_mixin.py:188} INFO - [2025-12-17T05:42:14.953+0000] {dag.py:3096} INFO - Sync 2 DAGs
[2025-12-17T05:42:14.993+0000] {logging_mixin.py:188} INFO - [2025-12-17T05:42:14.993+0000] {dag.py:3954} INFO - Setting next_dagrun for update_db to 2025-12-16 15:00:00+00:00, run_after=2025-12-17 15:00:00+00:00
[2025-12-17T05:42:15.003+0000] {logging_mixin.py:188} INFO - [2025-12-17T05:42:15.002+0000] {dag.py:3954} INFO - Setting next_dagrun for youtube_video_stats to 2025-12-16 14:00:00+00:00, run_after=2025-12-17 14:00:00+00:00
[2025-12-17T05:42:15.033+0000] {processor.py:183} INFO - Processing /opt/airflow/dags/main.py took 0.317 seconds
[2025-12-17T05:42:45.551+0000] {processor.py:161} INFO - Started process (PID=9961) to work on /opt/airflow/dags/main.py
[2025-12-17T05:42:45.554+0000] {processor.py:830} INFO - Processing file /opt/airflow/dags/main.py for tasks to queue
[2025-12-17T05:42:45.556+0000] {logging_mixin.py:188} INFO - [2025-12-17T05:42:45.556+0000] {dagbag.py:545} INFO - Filling up the DagBag from /opt/airflow/dags/main.py
[2025-12-17T05:42:45.877+0000] {processor.py:840} INFO - DAG(s) 'update_db', 'youtube_video_stats' retrieved from /opt/airflow/dags/main.py
[2025-12-17T05:42:45.968+0000] {logging_mixin.py:188} INFO - [2025-12-17T05:42:45.968+0000] {dag.py:3096} INFO - Sync 2 DAGs
[2025-12-17T05:42:46.039+0000] {logging_mixin.py:188} INFO - [2025-12-17T05:42:46.038+0000] {dag.py:3954} INFO - Setting next_dagrun for update_db to 2025-12-16 15:00:00+00:00, run_after=2025-12-17 15:00:00+00:00
[2025-12-17T05:42:46.058+0000] {logging_mixin.py:188} INFO - [2025-12-17T05:42:46.057+0000] {dag.py:3954} INFO - Setting next_dagrun for youtube_video_stats to 2025-12-16 14:00:00+00:00, run_after=2025-12-17 14:00:00+00:00
[2025-12-17T05:42:46.123+0000] {processor.py:183} INFO - Processing /opt/airflow/dags/main.py took 0.592 seconds
[2025-12-17T05:43:16.477+0000] {processor.py:161} INFO - Started process (PID=9968) to work on /opt/airflow/dags/main.py
[2025-12-17T05:43:16.480+0000] {processor.py:830} INFO - Processing file /opt/airflow/dags/main.py for tasks to queue
[2025-12-17T05:43:16.483+0000] {logging_mixin.py:188} INFO - [2025-12-17T05:43:16.483+0000] {dagbag.py:545} INFO - Filling up the DagBag from /opt/airflow/dags/main.py
[2025-12-17T05:43:17.260+0000] {processor.py:840} INFO - DAG(s) 'youtube_video_stats', 'update_db' retrieved from /opt/airflow/dags/main.py
[2025-12-17T05:43:17.335+0000] {logging_mixin.py:188} INFO - [2025-12-17T05:43:17.334+0000] {dag.py:3096} INFO - Sync 2 DAGs
[2025-12-17T05:43:17.386+0000] {logging_mixin.py:188} INFO - [2025-12-17T05:43:17.385+0000] {dag.py:3954} INFO - Setting next_dagrun for update_db to 2025-12-16 15:00:00+00:00, run_after=2025-12-17 15:00:00+00:00
[2025-12-17T05:43:17.398+0000] {logging_mixin.py:188} INFO - [2025-12-17T05:43:17.398+0000] {dag.py:3954} INFO - Setting next_dagrun for youtube_video_stats to 2025-12-16 14:00:00+00:00, run_after=2025-12-17 14:00:00+00:00
[2025-12-17T05:43:17.441+0000] {processor.py:183} INFO - Processing /opt/airflow/dags/main.py took 0.984 seconds
[2025-12-17T05:43:47.726+0000] {processor.py:161} INFO - Started process (PID=9975) to work on /opt/airflow/dags/main.py
[2025-12-17T05:43:47.728+0000] {processor.py:830} INFO - Processing file /opt/airflow/dags/main.py for tasks to queue
[2025-12-17T05:43:47.730+0000] {logging_mixin.py:188} INFO - [2025-12-17T05:43:47.730+0000] {dagbag.py:545} INFO - Filling up the DagBag from /opt/airflow/dags/main.py
[2025-12-17T05:43:47.958+0000] {processor.py:840} INFO - DAG(s) 'youtube_video_stats', 'update_db' retrieved from /opt/airflow/dags/main.py
[2025-12-17T05:43:48.041+0000] {logging_mixin.py:188} INFO - [2025-12-17T05:43:48.040+0000] {dag.py:3096} INFO - Sync 2 DAGs
[2025-12-17T05:43:48.109+0000] {logging_mixin.py:188} INFO - [2025-12-17T05:43:48.108+0000] {dag.py:3954} INFO - Setting next_dagrun for update_db to 2025-12-16 15:00:00+00:00, run_after=2025-12-17 15:00:00+00:00
[2025-12-17T05:43:48.126+0000] {logging_mixin.py:188} INFO - [2025-12-17T05:43:48.125+0000] {dag.py:3954} INFO - Setting next_dagrun for youtube_video_stats to 2025-12-16 14:00:00+00:00, run_after=2025-12-17 14:00:00+00:00
[2025-12-17T05:43:48.169+0000] {processor.py:183} INFO - Processing /opt/airflow/dags/main.py took 0.454 seconds
[2025-12-17T05:44:20.983+0000] {processor.py:161} INFO - Started process (PID=9982) to work on /opt/airflow/dags/main.py
[2025-12-17T05:44:20.989+0000] {processor.py:830} INFO - Processing file /opt/airflow/dags/main.py for tasks to queue
[2025-12-17T05:44:20.993+0000] {logging_mixin.py:188} INFO - [2025-12-17T05:44:20.993+0000] {dagbag.py:545} INFO - Filling up the DagBag from /opt/airflow/dags/main.py
[2025-12-17T05:44:21.367+0000] {processor.py:840} INFO - DAG(s) 'update_db', 'youtube_video_stats' retrieved from /opt/airflow/dags/main.py
[2025-12-17T05:44:21.460+0000] {logging_mixin.py:188} INFO - [2025-12-17T05:44:21.459+0000] {dag.py:3096} INFO - Sync 2 DAGs
[2025-12-17T05:44:21.524+0000] {logging_mixin.py:188} INFO - [2025-12-17T05:44:21.523+0000] {dag.py:3954} INFO - Setting next_dagrun for update_db to 2025-12-16 15:00:00+00:00, run_after=2025-12-17 15:00:00+00:00
[2025-12-17T05:44:21.540+0000] {logging_mixin.py:188} INFO - [2025-12-17T05:44:21.540+0000] {dag.py:3954} INFO - Setting next_dagrun for youtube_video_stats to 2025-12-16 14:00:00+00:00, run_after=2025-12-17 14:00:00+00:00
[2025-12-17T05:44:21.590+0000] {processor.py:183} INFO - Processing /opt/airflow/dags/main.py took 0.631 seconds
[2025-12-17T05:44:52.116+0000] {processor.py:161} INFO - Started process (PID=9989) to work on /opt/airflow/dags/main.py
[2025-12-17T05:44:52.118+0000] {processor.py:830} INFO - Processing file /opt/airflow/dags/main.py for tasks to queue
[2025-12-17T05:44:52.119+0000] {logging_mixin.py:188} INFO - [2025-12-17T05:44:52.119+0000] {dagbag.py:545} INFO - Filling up the DagBag from /opt/airflow/dags/main.py
[2025-12-17T05:44:52.226+0000] {processor.py:840} INFO - DAG(s) 'youtube_video_stats', 'update_db' retrieved from /opt/airflow/dags/main.py
[2025-12-17T05:44:52.261+0000] {logging_mixin.py:188} INFO - [2025-12-17T05:44:52.261+0000] {dag.py:3096} INFO - Sync 2 DAGs
[2025-12-17T05:44:52.288+0000] {logging_mixin.py:188} INFO - [2025-12-17T05:44:52.288+0000] {dag.py:3954} INFO - Setting next_dagrun for update_db to 2025-12-16 15:00:00+00:00, run_after=2025-12-17 15:00:00+00:00
[2025-12-17T05:44:52.295+0000] {logging_mixin.py:188} INFO - [2025-12-17T05:44:52.295+0000] {dag.py:3954} INFO - Setting next_dagrun for youtube_video_stats to 2025-12-16 14:00:00+00:00, run_after=2025-12-17 14:00:00+00:00
[2025-12-17T05:44:52.314+0000] {processor.py:183} INFO - Processing /opt/airflow/dags/main.py took 0.205 seconds
[2025-12-17T05:45:22.390+0000] {processor.py:161} INFO - Started process (PID=9996) to work on /opt/airflow/dags/main.py
[2025-12-17T05:45:22.392+0000] {processor.py:830} INFO - Processing file /opt/airflow/dags/main.py for tasks to queue
[2025-12-17T05:45:22.394+0000] {logging_mixin.py:188} INFO - [2025-12-17T05:45:22.393+0000] {dagbag.py:545} INFO - Filling up the DagBag from /opt/airflow/dags/main.py
[2025-12-17T05:45:22.502+0000] {processor.py:840} INFO - DAG(s) 'youtube_video_stats', 'update_db' retrieved from /opt/airflow/dags/main.py
[2025-12-17T05:45:22.537+0000] {logging_mixin.py:188} INFO - [2025-12-17T05:45:22.536+0000] {dag.py:3096} INFO - Sync 2 DAGs
[2025-12-17T05:45:22.559+0000] {logging_mixin.py:188} INFO - [2025-12-17T05:45:22.559+0000] {dag.py:3954} INFO - Setting next_dagrun for update_db to 2025-12-16 15:00:00+00:00, run_after=2025-12-17 15:00:00+00:00
[2025-12-17T05:45:22.564+0000] {logging_mixin.py:188} INFO - [2025-12-17T05:45:22.564+0000] {dag.py:3954} INFO - Setting next_dagrun for youtube_video_stats to 2025-12-16 14:00:00+00:00, run_after=2025-12-17 14:00:00+00:00
[2025-12-17T05:45:22.586+0000] {processor.py:183} INFO - Processing /opt/airflow/dags/main.py took 0.202 seconds
[2025-12-17T05:45:52.883+0000] {processor.py:161} INFO - Started process (PID=10003) to work on /opt/airflow/dags/main.py
[2025-12-17T05:45:52.884+0000] {processor.py:830} INFO - Processing file /opt/airflow/dags/main.py for tasks to queue
[2025-12-17T05:45:52.885+0000] {logging_mixin.py:188} INFO - [2025-12-17T05:45:52.885+0000] {dagbag.py:545} INFO - Filling up the DagBag from /opt/airflow/dags/main.py
[2025-12-17T05:45:52.997+0000] {processor.py:840} INFO - DAG(s) 'update_db', 'youtube_video_stats' retrieved from /opt/airflow/dags/main.py
[2025-12-17T05:45:53.032+0000] {logging_mixin.py:188} INFO - [2025-12-17T05:45:53.032+0000] {dag.py:3096} INFO - Sync 2 DAGs
[2025-12-17T05:45:53.058+0000] {logging_mixin.py:188} INFO - [2025-12-17T05:45:53.058+0000] {dag.py:3954} INFO - Setting next_dagrun for update_db to 2025-12-16 15:00:00+00:00, run_after=2025-12-17 15:00:00+00:00
[2025-12-17T05:45:53.065+0000] {logging_mixin.py:188} INFO - [2025-12-17T05:45:53.065+0000] {dag.py:3954} INFO - Setting next_dagrun for youtube_video_stats to 2025-12-16 14:00:00+00:00, run_after=2025-12-17 14:00:00+00:00
[2025-12-17T05:45:53.091+0000] {processor.py:183} INFO - Processing /opt/airflow/dags/main.py took 0.214 seconds
[2025-12-17T05:46:23.137+0000] {processor.py:161} INFO - Started process (PID=10010) to work on /opt/airflow/dags/main.py
[2025-12-17T05:46:23.139+0000] {processor.py:830} INFO - Processing file /opt/airflow/dags/main.py for tasks to queue
[2025-12-17T05:46:23.140+0000] {logging_mixin.py:188} INFO - [2025-12-17T05:46:23.140+0000] {dagbag.py:545} INFO - Filling up the DagBag from /opt/airflow/dags/main.py
[2025-12-17T05:46:23.262+0000] {processor.py:840} INFO - DAG(s) 'update_db', 'youtube_video_stats' retrieved from /opt/airflow/dags/main.py
[2025-12-17T05:46:23.296+0000] {logging_mixin.py:188} INFO - [2025-12-17T05:46:23.296+0000] {dag.py:3096} INFO - Sync 2 DAGs
[2025-12-17T05:46:23.321+0000] {logging_mixin.py:188} INFO - [2025-12-17T05:46:23.320+0000] {dag.py:3954} INFO - Setting next_dagrun for update_db to 2025-12-16 15:00:00+00:00, run_after=2025-12-17 15:00:00+00:00
[2025-12-17T05:46:23.326+0000] {logging_mixin.py:188} INFO - [2025-12-17T05:46:23.326+0000] {dag.py:3954} INFO - Setting next_dagrun for youtube_video_stats to 2025-12-16 14:00:00+00:00, run_after=2025-12-17 14:00:00+00:00
[2025-12-17T05:46:23.348+0000] {processor.py:183} INFO - Processing /opt/airflow/dags/main.py took 0.219 seconds
[2025-12-17T06:45:46.555+0000] {processor.py:161} INFO - Started process (PID=10017) to work on /opt/airflow/dags/main.py
[2025-12-17T06:45:46.560+0000] {processor.py:830} INFO - Processing file /opt/airflow/dags/main.py for tasks to queue
[2025-12-17T06:45:46.563+0000] {logging_mixin.py:188} INFO - [2025-12-17T06:45:46.562+0000] {dagbag.py:545} INFO - Filling up the DagBag from /opt/airflow/dags/main.py
[2025-12-17T06:45:47.394+0000] {processor.py:840} INFO - DAG(s) 'update_db', 'youtube_video_stats' retrieved from /opt/airflow/dags/main.py
[2025-12-17T06:45:47.510+0000] {logging_mixin.py:188} INFO - [2025-12-17T06:45:47.509+0000] {dag.py:3096} INFO - Sync 2 DAGs
[2025-12-17T06:45:47.624+0000] {logging_mixin.py:188} INFO - [2025-12-17T06:45:47.623+0000] {dag.py:3954} INFO - Setting next_dagrun for update_db to 2025-12-16 15:00:00+00:00, run_after=2025-12-17 15:00:00+00:00
[2025-12-17T06:45:47.651+0000] {logging_mixin.py:188} INFO - [2025-12-17T06:45:47.651+0000] {dag.py:3954} INFO - Setting next_dagrun for youtube_video_stats to 2025-12-16 14:00:00+00:00, run_after=2025-12-17 14:00:00+00:00
[2025-12-17T06:45:47.809+0000] {processor.py:183} INFO - Processing /opt/airflow/dags/main.py took 1.295 seconds
[2025-12-17T06:46:17.981+0000] {processor.py:161} INFO - Started process (PID=10024) to work on /opt/airflow/dags/main.py
[2025-12-17T06:46:17.986+0000] {processor.py:830} INFO - Processing file /opt/airflow/dags/main.py for tasks to queue
[2025-12-17T06:46:17.989+0000] {logging_mixin.py:188} INFO - [2025-12-17T06:46:17.988+0000] {dagbag.py:545} INFO - Filling up the DagBag from /opt/airflow/dags/main.py
[2025-12-17T06:46:18.352+0000] {processor.py:840} INFO - DAG(s) 'update_db', 'youtube_video_stats' retrieved from /opt/airflow/dags/main.py
[2025-12-17T06:46:18.569+0000] {logging_mixin.py:188} INFO - [2025-12-17T06:46:18.568+0000] {dag.py:3096} INFO - Sync 2 DAGs
[2025-12-17T06:46:18.765+0000] {logging_mixin.py:188} INFO - [2025-12-17T06:46:18.765+0000] {dag.py:3954} INFO - Setting next_dagrun for update_db to 2025-12-16 15:00:00+00:00, run_after=2025-12-17 15:00:00+00:00
[2025-12-17T06:46:18.815+0000] {logging_mixin.py:188} INFO - [2025-12-17T06:46:18.814+0000] {dag.py:3954} INFO - Setting next_dagrun for youtube_video_stats to 2025-12-16 14:00:00+00:00, run_after=2025-12-17 14:00:00+00:00
[2025-12-17T06:46:18.940+0000] {processor.py:183} INFO - Processing /opt/airflow/dags/main.py took 0.977 seconds
[2025-12-17T11:37:22.843+0000] {processor.py:161} INFO - Started process (PID=10031) to work on /opt/airflow/dags/main.py
[2025-12-17T11:37:22.844+0000] {processor.py:830} INFO - Processing file /opt/airflow/dags/main.py for tasks to queue
[2025-12-17T11:37:22.846+0000] {logging_mixin.py:188} INFO - [2025-12-17T11:37:22.846+0000] {dagbag.py:545} INFO - Filling up the DagBag from /opt/airflow/dags/main.py
[2025-12-17T11:37:23.017+0000] {processor.py:840} INFO - DAG(s) 'youtube_video_stats', 'update_db' retrieved from /opt/airflow/dags/main.py
[2025-12-17T11:37:23.147+0000] {logging_mixin.py:188} INFO - [2025-12-17T11:37:23.147+0000] {dag.py:3096} INFO - Sync 2 DAGs
[2025-12-17T11:37:23.225+0000] {logging_mixin.py:188} INFO - [2025-12-17T11:37:23.225+0000] {dag.py:3954} INFO - Setting next_dagrun for update_db to 2025-12-16 15:00:00+00:00, run_after=2025-12-17 15:00:00+00:00
[2025-12-17T11:37:23.246+0000] {logging_mixin.py:188} INFO - [2025-12-17T11:37:23.246+0000] {dag.py:3954} INFO - Setting next_dagrun for youtube_video_stats to 2025-12-16 14:00:00+00:00, run_after=2025-12-17 14:00:00+00:00
[2025-12-17T11:37:23.564+0000] {processor.py:183} INFO - Processing /opt/airflow/dags/main.py took 0.736 seconds
[2025-12-17T11:37:54.062+0000] {processor.py:161} INFO - Started process (PID=10038) to work on /opt/airflow/dags/main.py
[2025-12-17T11:37:54.092+0000] {processor.py:830} INFO - Processing file /opt/airflow/dags/main.py for tasks to queue
[2025-12-17T11:37:54.094+0000] {logging_mixin.py:188} INFO - [2025-12-17T11:37:54.094+0000] {dagbag.py:545} INFO - Filling up the DagBag from /opt/airflow/dags/main.py
[2025-12-17T11:37:54.324+0000] {processor.py:840} INFO - DAG(s) 'youtube_video_stats', 'update_db' retrieved from /opt/airflow/dags/main.py
[2025-12-17T11:37:54.419+0000] {logging_mixin.py:188} INFO - [2025-12-17T11:37:54.419+0000] {dag.py:3096} INFO - Sync 2 DAGs
[2025-12-17T11:37:54.524+0000] {logging_mixin.py:188} INFO - [2025-12-17T11:37:54.524+0000] {dag.py:3954} INFO - Setting next_dagrun for update_db to 2025-12-16 15:00:00+00:00, run_after=2025-12-17 15:00:00+00:00
[2025-12-17T11:37:54.544+0000] {logging_mixin.py:188} INFO - [2025-12-17T11:37:54.543+0000] {dag.py:3954} INFO - Setting next_dagrun for youtube_video_stats to 2025-12-16 14:00:00+00:00, run_after=2025-12-17 14:00:00+00:00
[2025-12-17T11:37:54.626+0000] {processor.py:183} INFO - Processing /opt/airflow/dags/main.py took 0.579 seconds
[2025-12-17T11:38:25.044+0000] {processor.py:161} INFO - Started process (PID=10046) to work on /opt/airflow/dags/main.py
[2025-12-17T11:38:25.057+0000] {processor.py:830} INFO - Processing file /opt/airflow/dags/main.py for tasks to queue
[2025-12-17T11:38:25.062+0000] {logging_mixin.py:188} INFO - [2025-12-17T11:38:25.060+0000] {dagbag.py:545} INFO - Filling up the DagBag from /opt/airflow/dags/main.py
[2025-12-17T11:38:25.520+0000] {processor.py:840} INFO - DAG(s) 'update_db', 'youtube_video_stats' retrieved from /opt/airflow/dags/main.py
[2025-12-17T11:38:25.722+0000] {logging_mixin.py:188} INFO - [2025-12-17T11:38:25.721+0000] {dag.py:3096} INFO - Sync 2 DAGs
[2025-12-17T11:38:25.861+0000] {logging_mixin.py:188} INFO - [2025-12-17T11:38:25.860+0000] {dag.py:3954} INFO - Setting next_dagrun for update_db to 2025-12-16 15:00:00+00:00, run_after=2025-12-17 15:00:00+00:00
[2025-12-17T11:38:25.897+0000] {logging_mixin.py:188} INFO - [2025-12-17T11:38:25.897+0000] {dag.py:3954} INFO - Setting next_dagrun for youtube_video_stats to 2025-12-16 14:00:00+00:00, run_after=2025-12-17 14:00:00+00:00
[2025-12-17T11:38:25.994+0000] {processor.py:183} INFO - Processing /opt/airflow/dags/main.py took 1.000 seconds
[2025-12-17T11:38:56.303+0000] {processor.py:161} INFO - Started process (PID=10053) to work on /opt/airflow/dags/main.py
[2025-12-17T11:38:56.306+0000] {processor.py:830} INFO - Processing file /opt/airflow/dags/main.py for tasks to queue
[2025-12-17T11:38:56.308+0000] {logging_mixin.py:188} INFO - [2025-12-17T11:38:56.307+0000] {dagbag.py:545} INFO - Filling up the DagBag from /opt/airflow/dags/main.py
[2025-12-17T11:38:56.556+0000] {processor.py:840} INFO - DAG(s) 'youtube_video_stats', 'update_db' retrieved from /opt/airflow/dags/main.py
[2025-12-17T11:38:56.635+0000] {logging_mixin.py:188} INFO - [2025-12-17T11:38:56.635+0000] {dag.py:3096} INFO - Sync 2 DAGs
[2025-12-17T11:38:56.696+0000] {logging_mixin.py:188} INFO - [2025-12-17T11:38:56.696+0000] {dag.py:3954} INFO - Setting next_dagrun for update_db to 2025-12-16 15:00:00+00:00, run_after=2025-12-17 15:00:00+00:00
[2025-12-17T11:38:56.707+0000] {logging_mixin.py:188} INFO - [2025-12-17T11:38:56.706+0000] {dag.py:3954} INFO - Setting next_dagrun for youtube_video_stats to 2025-12-16 14:00:00+00:00, run_after=2025-12-17 14:00:00+00:00
[2025-12-17T11:38:56.832+0000] {processor.py:183} INFO - Processing /opt/airflow/dags/main.py took 0.548 seconds
[2025-12-17T11:39:27.217+0000] {processor.py:161} INFO - Started process (PID=10060) to work on /opt/airflow/dags/main.py
[2025-12-17T11:39:27.219+0000] {processor.py:830} INFO - Processing file /opt/airflow/dags/main.py for tasks to queue
[2025-12-17T11:39:27.220+0000] {logging_mixin.py:188} INFO - [2025-12-17T11:39:27.220+0000] {dagbag.py:545} INFO - Filling up the DagBag from /opt/airflow/dags/main.py
[2025-12-17T11:39:27.579+0000] {processor.py:840} INFO - DAG(s) 'youtube_video_stats', 'update_db' retrieved from /opt/airflow/dags/main.py
[2025-12-17T11:39:27.625+0000] {logging_mixin.py:188} INFO - [2025-12-17T11:39:27.625+0000] {dag.py:3096} INFO - Sync 2 DAGs
[2025-12-17T11:39:27.659+0000] {logging_mixin.py:188} INFO - [2025-12-17T11:39:27.658+0000] {dag.py:3954} INFO - Setting next_dagrun for update_db to 2025-12-16 15:00:00+00:00, run_after=2025-12-17 15:00:00+00:00
[2025-12-17T11:39:27.669+0000] {logging_mixin.py:188} INFO - [2025-12-17T11:39:27.669+0000] {dag.py:3954} INFO - Setting next_dagrun for youtube_video_stats to 2025-12-16 14:00:00+00:00, run_after=2025-12-17 14:00:00+00:00
[2025-12-17T11:39:27.951+0000] {processor.py:183} INFO - Processing /opt/airflow/dags/main.py took 0.745 seconds
[2025-12-17T11:39:58.213+0000] {processor.py:161} INFO - Started process (PID=10067) to work on /opt/airflow/dags/main.py
[2025-12-17T11:39:58.215+0000] {processor.py:830} INFO - Processing file /opt/airflow/dags/main.py for tasks to queue
[2025-12-17T11:39:58.216+0000] {logging_mixin.py:188} INFO - [2025-12-17T11:39:58.216+0000] {dagbag.py:545} INFO - Filling up the DagBag from /opt/airflow/dags/main.py
[2025-12-17T11:39:58.366+0000] {processor.py:840} INFO - DAG(s) 'update_db', 'youtube_video_stats' retrieved from /opt/airflow/dags/main.py
[2025-12-17T11:39:58.410+0000] {logging_mixin.py:188} INFO - [2025-12-17T11:39:58.409+0000] {dag.py:3096} INFO - Sync 2 DAGs
[2025-12-17T11:39:58.444+0000] {logging_mixin.py:188} INFO - [2025-12-17T11:39:58.444+0000] {dag.py:3954} INFO - Setting next_dagrun for update_db to 2025-12-16 15:00:00+00:00, run_after=2025-12-17 15:00:00+00:00
[2025-12-17T11:39:58.452+0000] {logging_mixin.py:188} INFO - [2025-12-17T11:39:58.451+0000] {dag.py:3954} INFO - Setting next_dagrun for youtube_video_stats to 2025-12-16 14:00:00+00:00, run_after=2025-12-17 14:00:00+00:00
[2025-12-17T11:39:58.481+0000] {processor.py:183} INFO - Processing /opt/airflow/dags/main.py took 0.277 seconds
[2025-12-17T11:40:28.731+0000] {processor.py:161} INFO - Started process (PID=10074) to work on /opt/airflow/dags/main.py
[2025-12-17T11:40:28.733+0000] {processor.py:830} INFO - Processing file /opt/airflow/dags/main.py for tasks to queue
[2025-12-17T11:40:28.735+0000] {logging_mixin.py:188} INFO - [2025-12-17T11:40:28.734+0000] {dagbag.py:545} INFO - Filling up the DagBag from /opt/airflow/dags/main.py
[2025-12-17T11:40:28.909+0000] {processor.py:840} INFO - DAG(s) 'youtube_video_stats', 'update_db' retrieved from /opt/airflow/dags/main.py
[2025-12-17T11:40:28.971+0000] {logging_mixin.py:188} INFO - [2025-12-17T11:40:28.970+0000] {dag.py:3096} INFO - Sync 2 DAGs
[2025-12-17T11:40:29.015+0000] {logging_mixin.py:188} INFO - [2025-12-17T11:40:29.015+0000] {dag.py:3954} INFO - Setting next_dagrun for update_db to 2025-12-16 15:00:00+00:00, run_after=2025-12-17 15:00:00+00:00
[2025-12-17T11:40:29.025+0000] {logging_mixin.py:188} INFO - [2025-12-17T11:40:29.025+0000] {dag.py:3954} INFO - Setting next_dagrun for youtube_video_stats to 2025-12-16 14:00:00+00:00, run_after=2025-12-17 14:00:00+00:00
[2025-12-17T11:40:29.058+0000] {processor.py:183} INFO - Processing /opt/airflow/dags/main.py took 0.338 seconds
[2025-12-17T11:40:59.342+0000] {processor.py:161} INFO - Started process (PID=10081) to work on /opt/airflow/dags/main.py
[2025-12-17T11:40:59.344+0000] {processor.py:830} INFO - Processing file /opt/airflow/dags/main.py for tasks to queue
[2025-12-17T11:40:59.345+0000] {logging_mixin.py:188} INFO - [2025-12-17T11:40:59.345+0000] {dagbag.py:545} INFO - Filling up the DagBag from /opt/airflow/dags/main.py
[2025-12-17T11:40:59.466+0000] {processor.py:840} INFO - DAG(s) 'update_db', 'youtube_video_stats' retrieved from /opt/airflow/dags/main.py
[2025-12-17T11:40:59.519+0000] {logging_mixin.py:188} INFO - [2025-12-17T11:40:59.519+0000] {dag.py:3096} INFO - Sync 2 DAGs
[2025-12-17T11:40:59.568+0000] {logging_mixin.py:188} INFO - [2025-12-17T11:40:59.568+0000] {dag.py:3954} INFO - Setting next_dagrun for update_db to 2025-12-16 15:00:00+00:00, run_after=2025-12-17 15:00:00+00:00
[2025-12-17T11:40:59.575+0000] {logging_mixin.py:188} INFO - [2025-12-17T11:40:59.574+0000] {dag.py:3954} INFO - Setting next_dagrun for youtube_video_stats to 2025-12-16 14:00:00+00:00, run_after=2025-12-17 14:00:00+00:00
[2025-12-17T11:40:59.600+0000] {processor.py:183} INFO - Processing /opt/airflow/dags/main.py took 0.265 seconds
[2025-12-17T11:41:29.829+0000] {processor.py:161} INFO - Started process (PID=10088) to work on /opt/airflow/dags/main.py
[2025-12-17T11:41:29.830+0000] {processor.py:830} INFO - Processing file /opt/airflow/dags/main.py for tasks to queue
[2025-12-17T11:41:29.831+0000] {logging_mixin.py:188} INFO - [2025-12-17T11:41:29.831+0000] {dagbag.py:545} INFO - Filling up the DagBag from /opt/airflow/dags/main.py
[2025-12-17T11:41:29.946+0000] {processor.py:840} INFO - DAG(s) 'youtube_video_stats', 'update_db' retrieved from /opt/airflow/dags/main.py
[2025-12-17T11:41:29.981+0000] {logging_mixin.py:188} INFO - [2025-12-17T11:41:29.981+0000] {dag.py:3096} INFO - Sync 2 DAGs
[2025-12-17T11:41:30.004+0000] {logging_mixin.py:188} INFO - [2025-12-17T11:41:30.003+0000] {dag.py:3954} INFO - Setting next_dagrun for update_db to 2025-12-16 15:00:00+00:00, run_after=2025-12-17 15:00:00+00:00
[2025-12-17T11:41:30.009+0000] {logging_mixin.py:188} INFO - [2025-12-17T11:41:30.009+0000] {dag.py:3954} INFO - Setting next_dagrun for youtube_video_stats to 2025-12-16 14:00:00+00:00, run_after=2025-12-17 14:00:00+00:00
[2025-12-17T11:41:30.029+0000] {processor.py:183} INFO - Processing /opt/airflow/dags/main.py took 0.208 seconds
[2025-12-17T11:42:00.156+0000] {processor.py:161} INFO - Started process (PID=10095) to work on /opt/airflow/dags/main.py
[2025-12-17T11:42:00.159+0000] {processor.py:830} INFO - Processing file /opt/airflow/dags/main.py for tasks to queue
[2025-12-17T11:42:00.162+0000] {logging_mixin.py:188} INFO - [2025-12-17T11:42:00.161+0000] {dagbag.py:545} INFO - Filling up the DagBag from /opt/airflow/dags/main.py
[2025-12-17T11:42:00.786+0000] {processor.py:840} INFO - DAG(s) 'youtube_video_stats', 'update_db' retrieved from /opt/airflow/dags/main.py
[2025-12-17T11:42:00.875+0000] {logging_mixin.py:188} INFO - [2025-12-17T11:42:00.875+0000] {dag.py:3096} INFO - Sync 2 DAGs
[2025-12-17T11:42:00.991+0000] {logging_mixin.py:188} INFO - [2025-12-17T11:42:00.991+0000] {dag.py:3954} INFO - Setting next_dagrun for update_db to 2025-12-16 15:00:00+00:00, run_after=2025-12-17 15:00:00+00:00
[2025-12-17T11:42:01.031+0000] {logging_mixin.py:188} INFO - [2025-12-17T11:42:01.030+0000] {dag.py:3954} INFO - Setting next_dagrun for youtube_video_stats to 2025-12-16 14:00:00+00:00, run_after=2025-12-17 14:00:00+00:00
[2025-12-17T11:42:01.100+0000] {processor.py:183} INFO - Processing /opt/airflow/dags/main.py took 0.964 seconds
[2025-12-17T11:42:31.758+0000] {processor.py:161} INFO - Started process (PID=10109) to work on /opt/airflow/dags/main.py
[2025-12-17T11:42:31.760+0000] {processor.py:830} INFO - Processing file /opt/airflow/dags/main.py for tasks to queue
[2025-12-17T11:42:31.762+0000] {logging_mixin.py:188} INFO - [2025-12-17T11:42:31.762+0000] {dagbag.py:545} INFO - Filling up the DagBag from /opt/airflow/dags/main.py
[2025-12-17T11:42:31.987+0000] {processor.py:840} INFO - DAG(s) 'update_db', 'youtube_video_stats' retrieved from /opt/airflow/dags/main.py
[2025-12-17T11:42:32.055+0000] {logging_mixin.py:188} INFO - [2025-12-17T11:42:32.054+0000] {dag.py:3096} INFO - Sync 2 DAGs
[2025-12-17T11:42:32.103+0000] {logging_mixin.py:188} INFO - [2025-12-17T11:42:32.103+0000] {dag.py:3954} INFO - Setting next_dagrun for update_db to 2025-12-16 15:00:00+00:00, run_after=2025-12-17 15:00:00+00:00
[2025-12-17T11:42:32.118+0000] {logging_mixin.py:188} INFO - [2025-12-17T11:42:32.116+0000] {dag.py:3954} INFO - Setting next_dagrun for youtube_video_stats to 2025-12-16 14:00:00+00:00, run_after=2025-12-17 14:00:00+00:00
[2025-12-17T11:42:32.154+0000] {processor.py:183} INFO - Processing /opt/airflow/dags/main.py took 0.410 seconds
[2025-12-17T11:43:02.414+0000] {processor.py:161} INFO - Started process (PID=10116) to work on /opt/airflow/dags/main.py
[2025-12-17T11:43:02.416+0000] {processor.py:830} INFO - Processing file /opt/airflow/dags/main.py for tasks to queue
[2025-12-17T11:43:02.417+0000] {logging_mixin.py:188} INFO - [2025-12-17T11:43:02.417+0000] {dagbag.py:545} INFO - Filling up the DagBag from /opt/airflow/dags/main.py
[2025-12-17T11:43:02.541+0000] {processor.py:840} INFO - DAG(s) 'update_db', 'youtube_video_stats' retrieved from /opt/airflow/dags/main.py
[2025-12-17T11:43:02.578+0000] {logging_mixin.py:188} INFO - [2025-12-17T11:43:02.577+0000] {dag.py:3096} INFO - Sync 2 DAGs
[2025-12-17T11:43:02.614+0000] {logging_mixin.py:188} INFO - [2025-12-17T11:43:02.614+0000] {dag.py:3954} INFO - Setting next_dagrun for update_db to 2025-12-16 15:00:00+00:00, run_after=2025-12-17 15:00:00+00:00
[2025-12-17T11:43:02.623+0000] {logging_mixin.py:188} INFO - [2025-12-17T11:43:02.622+0000] {dag.py:3954} INFO - Setting next_dagrun for youtube_video_stats to 2025-12-16 14:00:00+00:00, run_after=2025-12-17 14:00:00+00:00
[2025-12-17T11:43:02.646+0000] {processor.py:183} INFO - Processing /opt/airflow/dags/main.py took 0.240 seconds
[2025-12-17T11:57:51.024+0000] {processor.py:161} INFO - Started process (PID=10117) to work on /opt/airflow/dags/main.py
[2025-12-17T11:57:51.026+0000] {processor.py:830} INFO - Processing file /opt/airflow/dags/main.py for tasks to queue
[2025-12-17T11:57:51.028+0000] {logging_mixin.py:188} INFO - [2025-12-17T11:57:51.028+0000] {dagbag.py:545} INFO - Filling up the DagBag from /opt/airflow/dags/main.py
[2025-12-17T11:57:51.303+0000] {processor.py:840} INFO - DAG(s) 'youtube_video_stats', 'update_db' retrieved from /opt/airflow/dags/main.py
[2025-12-17T11:57:51.435+0000] {logging_mixin.py:188} INFO - [2025-12-17T11:57:51.435+0000] {dag.py:3096} INFO - Sync 2 DAGs
[2025-12-17T11:57:51.508+0000] {logging_mixin.py:188} INFO - [2025-12-17T11:57:51.508+0000] {dag.py:3954} INFO - Setting next_dagrun for update_db to 2025-12-16 15:00:00+00:00, run_after=2025-12-17 15:00:00+00:00
[2025-12-17T11:57:51.538+0000] {logging_mixin.py:188} INFO - [2025-12-17T11:57:51.538+0000] {dag.py:3954} INFO - Setting next_dagrun for youtube_video_stats to 2025-12-16 14:00:00+00:00, run_after=2025-12-17 14:00:00+00:00
[2025-12-17T11:57:51.585+0000] {processor.py:183} INFO - Processing /opt/airflow/dags/main.py took 0.578 seconds
[2025-12-17T11:58:21.943+0000] {processor.py:161} INFO - Started process (PID=10124) to work on /opt/airflow/dags/main.py
[2025-12-17T11:58:21.945+0000] {processor.py:830} INFO - Processing file /opt/airflow/dags/main.py for tasks to queue
[2025-12-17T11:58:21.947+0000] {logging_mixin.py:188} INFO - [2025-12-17T11:58:21.946+0000] {dagbag.py:545} INFO - Filling up the DagBag from /opt/airflow/dags/main.py
[2025-12-17T11:58:22.156+0000] {processor.py:840} INFO - DAG(s) 'update_db', 'youtube_video_stats' retrieved from /opt/airflow/dags/main.py
[2025-12-17T11:58:22.195+0000] {logging_mixin.py:188} INFO - [2025-12-17T11:58:22.195+0000] {dag.py:3096} INFO - Sync 2 DAGs
[2025-12-17T11:58:22.220+0000] {logging_mixin.py:188} INFO - [2025-12-17T11:58:22.220+0000] {dag.py:3954} INFO - Setting next_dagrun for update_db to 2025-12-16 15:00:00+00:00, run_after=2025-12-17 15:00:00+00:00
[2025-12-17T11:58:22.225+0000] {logging_mixin.py:188} INFO - [2025-12-17T11:58:22.225+0000] {dag.py:3954} INFO - Setting next_dagrun for youtube_video_stats to 2025-12-16 14:00:00+00:00, run_after=2025-12-17 14:00:00+00:00
[2025-12-17T11:58:22.248+0000] {processor.py:183} INFO - Processing /opt/airflow/dags/main.py took 0.315 seconds
[2025-12-17T11:58:52.461+0000] {processor.py:161} INFO - Started process (PID=10131) to work on /opt/airflow/dags/main.py
[2025-12-17T11:58:52.462+0000] {processor.py:830} INFO - Processing file /opt/airflow/dags/main.py for tasks to queue
[2025-12-17T11:58:52.463+0000] {logging_mixin.py:188} INFO - [2025-12-17T11:58:52.463+0000] {dagbag.py:545} INFO - Filling up the DagBag from /opt/airflow/dags/main.py
[2025-12-17T11:58:52.549+0000] {processor.py:840} INFO - DAG(s) 'youtube_video_stats', 'update_db' retrieved from /opt/airflow/dags/main.py
[2025-12-17T11:58:52.576+0000] {logging_mixin.py:188} INFO - [2025-12-17T11:58:52.576+0000] {dag.py:3096} INFO - Sync 2 DAGs
[2025-12-17T11:58:52.596+0000] {logging_mixin.py:188} INFO - [2025-12-17T11:58:52.595+0000] {dag.py:3954} INFO - Setting next_dagrun for update_db to 2025-12-16 15:00:00+00:00, run_after=2025-12-17 15:00:00+00:00
[2025-12-17T11:58:52.601+0000] {logging_mixin.py:188} INFO - [2025-12-17T11:58:52.600+0000] {dag.py:3954} INFO - Setting next_dagrun for youtube_video_stats to 2025-12-16 14:00:00+00:00, run_after=2025-12-17 14:00:00+00:00
[2025-12-17T11:58:52.619+0000] {processor.py:183} INFO - Processing /opt/airflow/dags/main.py took 0.163 seconds
[2025-12-17T11:59:22.829+0000] {processor.py:161} INFO - Started process (PID=10138) to work on /opt/airflow/dags/main.py
[2025-12-17T11:59:22.830+0000] {processor.py:830} INFO - Processing file /opt/airflow/dags/main.py for tasks to queue
[2025-12-17T11:59:22.831+0000] {logging_mixin.py:188} INFO - [2025-12-17T11:59:22.831+0000] {dagbag.py:545} INFO - Filling up the DagBag from /opt/airflow/dags/main.py
[2025-12-17T11:59:22.909+0000] {processor.py:840} INFO - DAG(s) 'update_db', 'youtube_video_stats' retrieved from /opt/airflow/dags/main.py
[2025-12-17T11:59:22.940+0000] {logging_mixin.py:188} INFO - [2025-12-17T11:59:22.940+0000] {dag.py:3096} INFO - Sync 2 DAGs
[2025-12-17T11:59:22.961+0000] {logging_mixin.py:188} INFO - [2025-12-17T11:59:22.961+0000] {dag.py:3954} INFO - Setting next_dagrun for update_db to 2025-12-16 15:00:00+00:00, run_after=2025-12-17 15:00:00+00:00
[2025-12-17T11:59:22.969+0000] {logging_mixin.py:188} INFO - [2025-12-17T11:59:22.969+0000] {dag.py:3954} INFO - Setting next_dagrun for youtube_video_stats to 2025-12-16 14:00:00+00:00, run_after=2025-12-17 14:00:00+00:00
[2025-12-17T11:59:22.990+0000] {processor.py:183} INFO - Processing /opt/airflow/dags/main.py took 0.166 seconds
[2025-12-17T11:59:53.035+0000] {processor.py:161} INFO - Started process (PID=10145) to work on /opt/airflow/dags/main.py
[2025-12-17T11:59:53.036+0000] {processor.py:830} INFO - Processing file /opt/airflow/dags/main.py for tasks to queue
[2025-12-17T11:59:53.037+0000] {logging_mixin.py:188} INFO - [2025-12-17T11:59:53.037+0000] {dagbag.py:545} INFO - Filling up the DagBag from /opt/airflow/dags/main.py
[2025-12-17T11:59:53.108+0000] {processor.py:840} INFO - DAG(s) 'update_db', 'youtube_video_stats' retrieved from /opt/airflow/dags/main.py
[2025-12-17T11:59:53.135+0000] {logging_mixin.py:188} INFO - [2025-12-17T11:59:53.135+0000] {dag.py:3096} INFO - Sync 2 DAGs
[2025-12-17T11:59:53.157+0000] {logging_mixin.py:188} INFO - [2025-12-17T11:59:53.157+0000] {dag.py:3954} INFO - Setting next_dagrun for update_db to 2025-12-16 15:00:00+00:00, run_after=2025-12-17 15:00:00+00:00
[2025-12-17T11:59:53.162+0000] {logging_mixin.py:188} INFO - [2025-12-17T11:59:53.162+0000] {dag.py:3954} INFO - Setting next_dagrun for youtube_video_stats to 2025-12-16 14:00:00+00:00, run_after=2025-12-17 14:00:00+00:00
[2025-12-17T11:59:53.183+0000] {processor.py:183} INFO - Processing /opt/airflow/dags/main.py took 0.155 seconds
[2025-12-17T12:00:23.420+0000] {processor.py:161} INFO - Started process (PID=10152) to work on /opt/airflow/dags/main.py
[2025-12-17T12:00:23.422+0000] {processor.py:830} INFO - Processing file /opt/airflow/dags/main.py for tasks to queue
[2025-12-17T12:00:23.423+0000] {logging_mixin.py:188} INFO - [2025-12-17T12:00:23.422+0000] {dagbag.py:545} INFO - Filling up the DagBag from /opt/airflow/dags/main.py
[2025-12-17T12:00:23.494+0000] {processor.py:840} INFO - DAG(s) 'youtube_video_stats', 'update_db' retrieved from /opt/airflow/dags/main.py
[2025-12-17T12:00:23.520+0000] {logging_mixin.py:188} INFO - [2025-12-17T12:00:23.520+0000] {dag.py:3096} INFO - Sync 2 DAGs
[2025-12-17T12:00:23.542+0000] {logging_mixin.py:188} INFO - [2025-12-17T12:00:23.541+0000] {dag.py:3954} INFO - Setting next_dagrun for update_db to 2025-12-16 15:00:00+00:00, run_after=2025-12-17 15:00:00+00:00
[2025-12-17T12:00:23.547+0000] {logging_mixin.py:188} INFO - [2025-12-17T12:00:23.547+0000] {dag.py:3954} INFO - Setting next_dagrun for youtube_video_stats to 2025-12-16 14:00:00+00:00, run_after=2025-12-17 14:00:00+00:00
[2025-12-17T12:00:23.562+0000] {processor.py:183} INFO - Processing /opt/airflow/dags/main.py took 0.146 seconds
[2025-12-17T12:00:53.627+0000] {processor.py:161} INFO - Started process (PID=10159) to work on /opt/airflow/dags/main.py
[2025-12-17T12:00:53.629+0000] {processor.py:830} INFO - Processing file /opt/airflow/dags/main.py for tasks to queue
[2025-12-17T12:00:53.630+0000] {logging_mixin.py:188} INFO - [2025-12-17T12:00:53.629+0000] {dagbag.py:545} INFO - Filling up the DagBag from /opt/airflow/dags/main.py
[2025-12-17T12:00:53.707+0000] {processor.py:840} INFO - DAG(s) 'update_db', 'youtube_video_stats' retrieved from /opt/airflow/dags/main.py
[2025-12-17T12:00:53.734+0000] {logging_mixin.py:188} INFO - [2025-12-17T12:00:53.734+0000] {dag.py:3096} INFO - Sync 2 DAGs
[2025-12-17T12:00:53.753+0000] {logging_mixin.py:188} INFO - [2025-12-17T12:00:53.753+0000] {dag.py:3954} INFO - Setting next_dagrun for update_db to 2025-12-16 15:00:00+00:00, run_after=2025-12-17 15:00:00+00:00
[2025-12-17T12:00:53.758+0000] {logging_mixin.py:188} INFO - [2025-12-17T12:00:53.758+0000] {dag.py:3954} INFO - Setting next_dagrun for youtube_video_stats to 2025-12-16 14:00:00+00:00, run_after=2025-12-17 14:00:00+00:00
[2025-12-17T12:00:53.777+0000] {processor.py:183} INFO - Processing /opt/airflow/dags/main.py took 0.155 seconds
[2025-12-17T12:01:24.004+0000] {processor.py:161} INFO - Started process (PID=10166) to work on /opt/airflow/dags/main.py
[2025-12-17T12:01:24.006+0000] {processor.py:830} INFO - Processing file /opt/airflow/dags/main.py for tasks to queue
[2025-12-17T12:01:24.007+0000] {logging_mixin.py:188} INFO - [2025-12-17T12:01:24.007+0000] {dagbag.py:545} INFO - Filling up the DagBag from /opt/airflow/dags/main.py
[2025-12-17T12:01:24.101+0000] {processor.py:840} INFO - DAG(s) 'update_db', 'youtube_video_stats' retrieved from /opt/airflow/dags/main.py
[2025-12-17T12:01:24.180+0000] {logging_mixin.py:188} INFO - [2025-12-17T12:01:24.180+0000] {dag.py:3096} INFO - Sync 2 DAGs
[2025-12-17T12:01:24.273+0000] {logging_mixin.py:188} INFO - [2025-12-17T12:01:24.272+0000] {dag.py:3954} INFO - Setting next_dagrun for update_db to 2025-12-16 15:00:00+00:00, run_after=2025-12-17 15:00:00+00:00
[2025-12-17T12:01:24.287+0000] {logging_mixin.py:188} INFO - [2025-12-17T12:01:24.286+0000] {dag.py:3954} INFO - Setting next_dagrun for youtube_video_stats to 2025-12-16 14:00:00+00:00, run_after=2025-12-17 14:00:00+00:00
[2025-12-17T12:01:24.327+0000] {processor.py:183} INFO - Processing /opt/airflow/dags/main.py took 0.330 seconds
[2025-12-17T12:01:54.559+0000] {processor.py:161} INFO - Started process (PID=10173) to work on /opt/airflow/dags/main.py
[2025-12-17T12:01:54.561+0000] {processor.py:830} INFO - Processing file /opt/airflow/dags/main.py for tasks to queue
[2025-12-17T12:01:54.562+0000] {logging_mixin.py:188} INFO - [2025-12-17T12:01:54.561+0000] {dagbag.py:545} INFO - Filling up the DagBag from /opt/airflow/dags/main.py
[2025-12-17T12:01:54.659+0000] {processor.py:840} INFO - DAG(s) 'update_db', 'youtube_video_stats' retrieved from /opt/airflow/dags/main.py
[2025-12-17T12:01:54.688+0000] {logging_mixin.py:188} INFO - [2025-12-17T12:01:54.687+0000] {dag.py:3096} INFO - Sync 2 DAGs
[2025-12-17T12:01:54.709+0000] {logging_mixin.py:188} INFO - [2025-12-17T12:01:54.709+0000] {dag.py:3954} INFO - Setting next_dagrun for update_db to 2025-12-16 15:00:00+00:00, run_after=2025-12-17 15:00:00+00:00
[2025-12-17T12:01:54.714+0000] {logging_mixin.py:188} INFO - [2025-12-17T12:01:54.714+0000] {dag.py:3954} INFO - Setting next_dagrun for youtube_video_stats to 2025-12-16 14:00:00+00:00, run_after=2025-12-17 14:00:00+00:00
[2025-12-17T12:01:54.733+0000] {processor.py:183} INFO - Processing /opt/airflow/dags/main.py took 0.180 seconds
[2025-12-17T12:02:24.774+0000] {processor.py:161} INFO - Started process (PID=10180) to work on /opt/airflow/dags/main.py
[2025-12-17T12:02:24.776+0000] {processor.py:830} INFO - Processing file /opt/airflow/dags/main.py for tasks to queue
[2025-12-17T12:02:24.776+0000] {logging_mixin.py:188} INFO - [2025-12-17T12:02:24.776+0000] {dagbag.py:545} INFO - Filling up the DagBag from /opt/airflow/dags/main.py
[2025-12-17T12:02:24.849+0000] {processor.py:840} INFO - DAG(s) 'update_db', 'youtube_video_stats' retrieved from /opt/airflow/dags/main.py
[2025-12-17T12:02:24.875+0000] {logging_mixin.py:188} INFO - [2025-12-17T12:02:24.874+0000] {dag.py:3096} INFO - Sync 2 DAGs
[2025-12-17T12:02:24.894+0000] {logging_mixin.py:188} INFO - [2025-12-17T12:02:24.894+0000] {dag.py:3954} INFO - Setting next_dagrun for update_db to 2025-12-16 15:00:00+00:00, run_after=2025-12-17 15:00:00+00:00
[2025-12-17T12:02:24.899+0000] {logging_mixin.py:188} INFO - [2025-12-17T12:02:24.899+0000] {dag.py:3954} INFO - Setting next_dagrun for youtube_video_stats to 2025-12-16 14:00:00+00:00, run_after=2025-12-17 14:00:00+00:00
[2025-12-17T12:02:24.918+0000] {processor.py:183} INFO - Processing /opt/airflow/dags/main.py took 0.149 seconds
[2025-12-17T12:02:55.126+0000] {processor.py:161} INFO - Started process (PID=10187) to work on /opt/airflow/dags/main.py
[2025-12-17T12:02:55.127+0000] {processor.py:830} INFO - Processing file /opt/airflow/dags/main.py for tasks to queue
[2025-12-17T12:02:55.128+0000] {logging_mixin.py:188} INFO - [2025-12-17T12:02:55.128+0000] {dagbag.py:545} INFO - Filling up the DagBag from /opt/airflow/dags/main.py
[2025-12-17T12:02:55.209+0000] {processor.py:840} INFO - DAG(s) 'youtube_video_stats', 'update_db' retrieved from /opt/airflow/dags/main.py
[2025-12-17T12:02:55.239+0000] {logging_mixin.py:188} INFO - [2025-12-17T12:02:55.239+0000] {dag.py:3096} INFO - Sync 2 DAGs
[2025-12-17T12:02:55.259+0000] {logging_mixin.py:188} INFO - [2025-12-17T12:02:55.258+0000] {dag.py:3954} INFO - Setting next_dagrun for update_db to 2025-12-16 15:00:00+00:00, run_after=2025-12-17 15:00:00+00:00
[2025-12-17T12:02:55.263+0000] {logging_mixin.py:188} INFO - [2025-12-17T12:02:55.263+0000] {dag.py:3954} INFO - Setting next_dagrun for youtube_video_stats to 2025-12-16 14:00:00+00:00, run_after=2025-12-17 14:00:00+00:00
[2025-12-17T12:02:55.278+0000] {processor.py:183} INFO - Processing /opt/airflow/dags/main.py took 0.158 seconds
[2025-12-17T12:03:25.384+0000] {processor.py:161} INFO - Started process (PID=10194) to work on /opt/airflow/dags/main.py
[2025-12-17T12:03:25.385+0000] {processor.py:830} INFO - Processing file /opt/airflow/dags/main.py for tasks to queue
[2025-12-17T12:03:25.386+0000] {logging_mixin.py:188} INFO - [2025-12-17T12:03:25.386+0000] {dagbag.py:545} INFO - Filling up the DagBag from /opt/airflow/dags/main.py
[2025-12-17T12:03:25.477+0000] {processor.py:840} INFO - DAG(s) 'update_db', 'youtube_video_stats' retrieved from /opt/airflow/dags/main.py
[2025-12-17T12:03:25.513+0000] {logging_mixin.py:188} INFO - [2025-12-17T12:03:25.513+0000] {dag.py:3096} INFO - Sync 2 DAGs
[2025-12-17T12:03:25.536+0000] {logging_mixin.py:188} INFO - [2025-12-17T12:03:25.536+0000] {dag.py:3954} INFO - Setting next_dagrun for update_db to 2025-12-16 15:00:00+00:00, run_after=2025-12-17 15:00:00+00:00
[2025-12-17T12:03:25.541+0000] {logging_mixin.py:188} INFO - [2025-12-17T12:03:25.541+0000] {dag.py:3954} INFO - Setting next_dagrun for youtube_video_stats to 2025-12-16 14:00:00+00:00, run_after=2025-12-17 14:00:00+00:00
[2025-12-17T12:03:25.560+0000] {processor.py:183} INFO - Processing /opt/airflow/dags/main.py took 0.182 seconds
[2025-12-17T12:03:55.716+0000] {processor.py:161} INFO - Started process (PID=10201) to work on /opt/airflow/dags/main.py
[2025-12-17T12:03:55.717+0000] {processor.py:830} INFO - Processing file /opt/airflow/dags/main.py for tasks to queue
[2025-12-17T12:03:55.718+0000] {logging_mixin.py:188} INFO - [2025-12-17T12:03:55.718+0000] {dagbag.py:545} INFO - Filling up the DagBag from /opt/airflow/dags/main.py
[2025-12-17T12:03:55.791+0000] {processor.py:840} INFO - DAG(s) 'update_db', 'youtube_video_stats' retrieved from /opt/airflow/dags/main.py
[2025-12-17T12:03:55.818+0000] {logging_mixin.py:188} INFO - [2025-12-17T12:03:55.818+0000] {dag.py:3096} INFO - Sync 2 DAGs
[2025-12-17T12:03:55.837+0000] {logging_mixin.py:188} INFO - [2025-12-17T12:03:55.836+0000] {dag.py:3954} INFO - Setting next_dagrun for update_db to 2025-12-16 15:00:00+00:00, run_after=2025-12-17 15:00:00+00:00
[2025-12-17T12:03:55.842+0000] {logging_mixin.py:188} INFO - [2025-12-17T12:03:55.842+0000] {dag.py:3954} INFO - Setting next_dagrun for youtube_video_stats to 2025-12-16 14:00:00+00:00, run_after=2025-12-17 14:00:00+00:00
[2025-12-17T12:03:55.859+0000] {processor.py:183} INFO - Processing /opt/airflow/dags/main.py took 0.148 seconds
[2025-12-17T12:04:25.985+0000] {processor.py:161} INFO - Started process (PID=10208) to work on /opt/airflow/dags/main.py
[2025-12-17T12:04:25.987+0000] {processor.py:830} INFO - Processing file /opt/airflow/dags/main.py for tasks to queue
[2025-12-17T12:04:25.987+0000] {logging_mixin.py:188} INFO - [2025-12-17T12:04:25.987+0000] {dagbag.py:545} INFO - Filling up the DagBag from /opt/airflow/dags/main.py
[2025-12-17T12:04:26.077+0000] {processor.py:840} INFO - DAG(s) 'youtube_video_stats', 'update_db' retrieved from /opt/airflow/dags/main.py
[2025-12-17T12:04:26.102+0000] {logging_mixin.py:188} INFO - [2025-12-17T12:04:26.102+0000] {dag.py:3096} INFO - Sync 2 DAGs
[2025-12-17T12:04:26.121+0000] {logging_mixin.py:188} INFO - [2025-12-17T12:04:26.120+0000] {dag.py:3954} INFO - Setting next_dagrun for update_db to 2025-12-16 15:00:00+00:00, run_after=2025-12-17 15:00:00+00:00
[2025-12-17T12:04:26.127+0000] {logging_mixin.py:188} INFO - [2025-12-17T12:04:26.127+0000] {dag.py:3954} INFO - Setting next_dagrun for youtube_video_stats to 2025-12-16 14:00:00+00:00, run_after=2025-12-17 14:00:00+00:00
[2025-12-17T12:04:26.145+0000] {processor.py:183} INFO - Processing /opt/airflow/dags/main.py took 0.165 seconds
[2025-12-17T12:04:56.230+0000] {processor.py:161} INFO - Started process (PID=10215) to work on /opt/airflow/dags/main.py
[2025-12-17T12:04:56.231+0000] {processor.py:830} INFO - Processing file /opt/airflow/dags/main.py for tasks to queue
[2025-12-17T12:04:56.232+0000] {logging_mixin.py:188} INFO - [2025-12-17T12:04:56.232+0000] {dagbag.py:545} INFO - Filling up the DagBag from /opt/airflow/dags/main.py
[2025-12-17T12:04:56.313+0000] {processor.py:840} INFO - DAG(s) 'youtube_video_stats', 'update_db' retrieved from /opt/airflow/dags/main.py
[2025-12-17T12:04:56.341+0000] {logging_mixin.py:188} INFO - [2025-12-17T12:04:56.341+0000] {dag.py:3096} INFO - Sync 2 DAGs
[2025-12-17T12:04:56.362+0000] {logging_mixin.py:188} INFO - [2025-12-17T12:04:56.362+0000] {dag.py:3954} INFO - Setting next_dagrun for update_db to 2025-12-16 15:00:00+00:00, run_after=2025-12-17 15:00:00+00:00
[2025-12-17T12:04:56.367+0000] {logging_mixin.py:188} INFO - [2025-12-17T12:04:56.367+0000] {dag.py:3954} INFO - Setting next_dagrun for youtube_video_stats to 2025-12-16 14:00:00+00:00, run_after=2025-12-17 14:00:00+00:00
[2025-12-17T12:04:56.383+0000] {processor.py:183} INFO - Processing /opt/airflow/dags/main.py took 0.158 seconds
[2025-12-17T12:05:26.486+0000] {processor.py:161} INFO - Started process (PID=10222) to work on /opt/airflow/dags/main.py
[2025-12-17T12:05:26.488+0000] {processor.py:830} INFO - Processing file /opt/airflow/dags/main.py for tasks to queue
[2025-12-17T12:05:26.489+0000] {logging_mixin.py:188} INFO - [2025-12-17T12:05:26.489+0000] {dagbag.py:545} INFO - Filling up the DagBag from /opt/airflow/dags/main.py
[2025-12-17T12:05:26.590+0000] {processor.py:840} INFO - DAG(s) 'youtube_video_stats', 'update_db' retrieved from /opt/airflow/dags/main.py
[2025-12-17T12:05:26.619+0000] {logging_mixin.py:188} INFO - [2025-12-17T12:05:26.618+0000] {dag.py:3096} INFO - Sync 2 DAGs
[2025-12-17T12:05:26.641+0000] {logging_mixin.py:188} INFO - [2025-12-17T12:05:26.640+0000] {dag.py:3954} INFO - Setting next_dagrun for update_db to 2025-12-16 15:00:00+00:00, run_after=2025-12-17 15:00:00+00:00
[2025-12-17T12:05:26.646+0000] {logging_mixin.py:188} INFO - [2025-12-17T12:05:26.645+0000] {dag.py:3954} INFO - Setting next_dagrun for youtube_video_stats to 2025-12-16 14:00:00+00:00, run_after=2025-12-17 14:00:00+00:00
[2025-12-17T12:05:26.664+0000] {processor.py:183} INFO - Processing /opt/airflow/dags/main.py took 0.187 seconds
[2025-12-17T12:05:56.832+0000] {processor.py:161} INFO - Started process (PID=10229) to work on /opt/airflow/dags/main.py
[2025-12-17T12:05:56.841+0000] {processor.py:830} INFO - Processing file /opt/airflow/dags/main.py for tasks to queue
[2025-12-17T12:05:56.843+0000] {logging_mixin.py:188} INFO - [2025-12-17T12:05:56.843+0000] {dagbag.py:545} INFO - Filling up the DagBag from /opt/airflow/dags/main.py
[2025-12-17T12:05:57.258+0000] {processor.py:840} INFO - DAG(s) 'youtube_video_stats', 'update_db' retrieved from /opt/airflow/dags/main.py
[2025-12-17T12:05:57.314+0000] {logging_mixin.py:188} INFO - [2025-12-17T12:05:57.313+0000] {dag.py:3096} INFO - Sync 2 DAGs
[2025-12-17T12:05:57.380+0000] {logging_mixin.py:188} INFO - [2025-12-17T12:05:57.379+0000] {dag.py:3954} INFO - Setting next_dagrun for update_db to 2025-12-16 15:00:00+00:00, run_after=2025-12-17 15:00:00+00:00
[2025-12-17T12:05:57.391+0000] {logging_mixin.py:188} INFO - [2025-12-17T12:05:57.390+0000] {dag.py:3954} INFO - Setting next_dagrun for youtube_video_stats to 2025-12-16 14:00:00+00:00, run_after=2025-12-17 14:00:00+00:00
[2025-12-17T12:05:57.425+0000] {processor.py:183} INFO - Processing /opt/airflow/dags/main.py took 0.647 seconds
[2025-12-17T12:06:27.682+0000] {processor.py:161} INFO - Started process (PID=10237) to work on /opt/airflow/dags/main.py
[2025-12-17T12:06:27.683+0000] {processor.py:830} INFO - Processing file /opt/airflow/dags/main.py for tasks to queue
[2025-12-17T12:06:27.684+0000] {logging_mixin.py:188} INFO - [2025-12-17T12:06:27.684+0000] {dagbag.py:545} INFO - Filling up the DagBag from /opt/airflow/dags/main.py
[2025-12-17T12:06:27.761+0000] {processor.py:840} INFO - DAG(s) 'update_db', 'youtube_video_stats' retrieved from /opt/airflow/dags/main.py
[2025-12-17T12:06:27.790+0000] {logging_mixin.py:188} INFO - [2025-12-17T12:06:27.790+0000] {dag.py:3096} INFO - Sync 2 DAGs
[2025-12-17T12:06:27.810+0000] {logging_mixin.py:188} INFO - [2025-12-17T12:06:27.809+0000] {dag.py:3954} INFO - Setting next_dagrun for update_db to 2025-12-16 15:00:00+00:00, run_after=2025-12-17 15:00:00+00:00
[2025-12-17T12:06:27.814+0000] {logging_mixin.py:188} INFO - [2025-12-17T12:06:27.814+0000] {dag.py:3954} INFO - Setting next_dagrun for youtube_video_stats to 2025-12-16 14:00:00+00:00, run_after=2025-12-17 14:00:00+00:00
[2025-12-17T12:06:27.833+0000] {processor.py:183} INFO - Processing /opt/airflow/dags/main.py took 0.157 seconds
[2025-12-17T12:06:57.891+0000] {processor.py:161} INFO - Started process (PID=10244) to work on /opt/airflow/dags/main.py
[2025-12-17T12:06:57.893+0000] {processor.py:830} INFO - Processing file /opt/airflow/dags/main.py for tasks to queue
[2025-12-17T12:06:57.894+0000] {logging_mixin.py:188} INFO - [2025-12-17T12:06:57.894+0000] {dagbag.py:545} INFO - Filling up the DagBag from /opt/airflow/dags/main.py
[2025-12-17T12:06:57.975+0000] {processor.py:840} INFO - DAG(s) 'update_db', 'youtube_video_stats' retrieved from /opt/airflow/dags/main.py
[2025-12-17T12:06:58.002+0000] {logging_mixin.py:188} INFO - [2025-12-17T12:06:58.002+0000] {dag.py:3096} INFO - Sync 2 DAGs
[2025-12-17T12:06:58.021+0000] {logging_mixin.py:188} INFO - [2025-12-17T12:06:58.021+0000] {dag.py:3954} INFO - Setting next_dagrun for update_db to 2025-12-16 15:00:00+00:00, run_after=2025-12-17 15:00:00+00:00
[2025-12-17T12:06:58.026+0000] {logging_mixin.py:188} INFO - [2025-12-17T12:06:58.025+0000] {dag.py:3954} INFO - Setting next_dagrun for youtube_video_stats to 2025-12-16 14:00:00+00:00, run_after=2025-12-17 14:00:00+00:00
[2025-12-17T12:06:58.043+0000] {processor.py:183} INFO - Processing /opt/airflow/dags/main.py took 0.157 seconds
[2025-12-17T12:07:28.249+0000] {processor.py:161} INFO - Started process (PID=10251) to work on /opt/airflow/dags/main.py
[2025-12-17T12:07:28.250+0000] {processor.py:830} INFO - Processing file /opt/airflow/dags/main.py for tasks to queue
[2025-12-17T12:07:28.251+0000] {logging_mixin.py:188} INFO - [2025-12-17T12:07:28.251+0000] {dagbag.py:545} INFO - Filling up the DagBag from /opt/airflow/dags/main.py
[2025-12-17T12:07:28.337+0000] {processor.py:840} INFO - DAG(s) 'youtube_video_stats', 'update_db' retrieved from /opt/airflow/dags/main.py
[2025-12-17T12:07:28.367+0000] {logging_mixin.py:188} INFO - [2025-12-17T12:07:28.367+0000] {dag.py:3096} INFO - Sync 2 DAGs
[2025-12-17T12:07:28.386+0000] {logging_mixin.py:188} INFO - [2025-12-17T12:07:28.386+0000] {dag.py:3954} INFO - Setting next_dagrun for update_db to 2025-12-16 15:00:00+00:00, run_after=2025-12-17 15:00:00+00:00
[2025-12-17T12:07:28.391+0000] {logging_mixin.py:188} INFO - [2025-12-17T12:07:28.391+0000] {dag.py:3954} INFO - Setting next_dagrun for youtube_video_stats to 2025-12-16 14:00:00+00:00, run_after=2025-12-17 14:00:00+00:00
[2025-12-17T12:07:28.410+0000] {processor.py:183} INFO - Processing /opt/airflow/dags/main.py took 0.166 seconds
[2025-12-17T12:07:58.614+0000] {processor.py:161} INFO - Started process (PID=10258) to work on /opt/airflow/dags/main.py
[2025-12-17T12:07:58.615+0000] {processor.py:830} INFO - Processing file /opt/airflow/dags/main.py for tasks to queue
[2025-12-17T12:07:58.617+0000] {logging_mixin.py:188} INFO - [2025-12-17T12:07:58.616+0000] {dagbag.py:545} INFO - Filling up the DagBag from /opt/airflow/dags/main.py
[2025-12-17T12:07:58.726+0000] {processor.py:840} INFO - DAG(s) 'youtube_video_stats', 'update_db' retrieved from /opt/airflow/dags/main.py
[2025-12-17T12:07:58.764+0000] {logging_mixin.py:188} INFO - [2025-12-17T12:07:58.764+0000] {dag.py:3096} INFO - Sync 2 DAGs
[2025-12-17T12:07:58.798+0000] {logging_mixin.py:188} INFO - [2025-12-17T12:07:58.798+0000] {dag.py:3954} INFO - Setting next_dagrun for update_db to 2025-12-16 15:00:00+00:00, run_after=2025-12-17 15:00:00+00:00
[2025-12-17T12:07:58.806+0000] {logging_mixin.py:188} INFO - [2025-12-17T12:07:58.806+0000] {dag.py:3954} INFO - Setting next_dagrun for youtube_video_stats to 2025-12-16 14:00:00+00:00, run_after=2025-12-17 14:00:00+00:00
[2025-12-17T12:07:58.827+0000] {processor.py:183} INFO - Processing /opt/airflow/dags/main.py took 0.219 seconds
[2025-12-17T12:08:29.010+0000] {processor.py:161} INFO - Started process (PID=10265) to work on /opt/airflow/dags/main.py
[2025-12-17T12:08:29.011+0000] {processor.py:830} INFO - Processing file /opt/airflow/dags/main.py for tasks to queue
[2025-12-17T12:08:29.012+0000] {logging_mixin.py:188} INFO - [2025-12-17T12:08:29.012+0000] {dagbag.py:545} INFO - Filling up the DagBag from /opt/airflow/dags/main.py
[2025-12-17T12:08:29.089+0000] {processor.py:840} INFO - DAG(s) 'youtube_video_stats', 'update_db' retrieved from /opt/airflow/dags/main.py
[2025-12-17T12:08:29.117+0000] {logging_mixin.py:188} INFO - [2025-12-17T12:08:29.117+0000] {dag.py:3096} INFO - Sync 2 DAGs
[2025-12-17T12:08:29.138+0000] {logging_mixin.py:188} INFO - [2025-12-17T12:08:29.138+0000] {dag.py:3954} INFO - Setting next_dagrun for update_db to 2025-12-16 15:00:00+00:00, run_after=2025-12-17 15:00:00+00:00
[2025-12-17T12:08:29.143+0000] {logging_mixin.py:188} INFO - [2025-12-17T12:08:29.143+0000] {dag.py:3954} INFO - Setting next_dagrun for youtube_video_stats to 2025-12-16 14:00:00+00:00, run_after=2025-12-17 14:00:00+00:00
[2025-12-17T12:08:29.160+0000] {processor.py:183} INFO - Processing /opt/airflow/dags/main.py took 0.156 seconds
[2025-12-17T12:08:59.338+0000] {processor.py:161} INFO - Started process (PID=10272) to work on /opt/airflow/dags/main.py
[2025-12-17T12:08:59.339+0000] {processor.py:830} INFO - Processing file /opt/airflow/dags/main.py for tasks to queue
[2025-12-17T12:08:59.341+0000] {logging_mixin.py:188} INFO - [2025-12-17T12:08:59.340+0000] {dagbag.py:545} INFO - Filling up the DagBag from /opt/airflow/dags/main.py
[2025-12-17T12:08:59.444+0000] {processor.py:840} INFO - DAG(s) 'youtube_video_stats', 'update_db' retrieved from /opt/airflow/dags/main.py
[2025-12-17T12:08:59.481+0000] {logging_mixin.py:188} INFO - [2025-12-17T12:08:59.480+0000] {dag.py:3096} INFO - Sync 2 DAGs
[2025-12-17T12:08:59.518+0000] {logging_mixin.py:188} INFO - [2025-12-17T12:08:59.517+0000] {dag.py:3954} INFO - Setting next_dagrun for update_db to 2025-12-16 15:00:00+00:00, run_after=2025-12-17 15:00:00+00:00
[2025-12-17T12:08:59.527+0000] {logging_mixin.py:188} INFO - [2025-12-17T12:08:59.527+0000] {dag.py:3954} INFO - Setting next_dagrun for youtube_video_stats to 2025-12-16 14:00:00+00:00, run_after=2025-12-17 14:00:00+00:00
[2025-12-17T12:08:59.553+0000] {processor.py:183} INFO - Processing /opt/airflow/dags/main.py took 0.223 seconds
[2025-12-17T12:09:30.218+0000] {processor.py:161} INFO - Started process (PID=10278) to work on /opt/airflow/dags/main.py
[2025-12-17T12:09:30.236+0000] {processor.py:830} INFO - Processing file /opt/airflow/dags/main.py for tasks to queue
[2025-12-17T12:09:30.241+0000] {logging_mixin.py:188} INFO - [2025-12-17T12:09:30.240+0000] {dagbag.py:545} INFO - Filling up the DagBag from /opt/airflow/dags/main.py
[2025-12-17T12:09:30.634+0000] {processor.py:840} INFO - DAG(s) 'update_db', 'youtube_video_stats' retrieved from /opt/airflow/dags/main.py
[2025-12-17T12:09:30.801+0000] {logging_mixin.py:188} INFO - [2025-12-17T12:09:30.800+0000] {dag.py:3096} INFO - Sync 2 DAGs
[2025-12-17T12:09:30.884+0000] {logging_mixin.py:188} INFO - [2025-12-17T12:09:30.884+0000] {dag.py:3954} INFO - Setting next_dagrun for update_db to 2025-12-16 15:00:00+00:00, run_after=2025-12-17 15:00:00+00:00
[2025-12-17T12:09:30.904+0000] {logging_mixin.py:188} INFO - [2025-12-17T12:09:30.904+0000] {dag.py:3954} INFO - Setting next_dagrun for youtube_video_stats to 2025-12-16 14:00:00+00:00, run_after=2025-12-17 14:00:00+00:00
[2025-12-17T12:09:31.010+0000] {processor.py:183} INFO - Processing /opt/airflow/dags/main.py took 0.809 seconds
[2025-12-17T12:10:01.261+0000] {processor.py:161} INFO - Started process (PID=10285) to work on /opt/airflow/dags/main.py
[2025-12-17T12:10:01.263+0000] {processor.py:830} INFO - Processing file /opt/airflow/dags/main.py for tasks to queue
[2025-12-17T12:10:01.264+0000] {logging_mixin.py:188} INFO - [2025-12-17T12:10:01.264+0000] {dagbag.py:545} INFO - Filling up the DagBag from /opt/airflow/dags/main.py
[2025-12-17T12:10:01.402+0000] {processor.py:840} INFO - DAG(s) 'update_db', 'youtube_video_stats' retrieved from /opt/airflow/dags/main.py
[2025-12-17T12:10:01.458+0000] {logging_mixin.py:188} INFO - [2025-12-17T12:10:01.458+0000] {dag.py:3096} INFO - Sync 2 DAGs
[2025-12-17T12:10:01.503+0000] {logging_mixin.py:188} INFO - [2025-12-17T12:10:01.502+0000] {dag.py:3954} INFO - Setting next_dagrun for update_db to 2025-12-16 15:00:00+00:00, run_after=2025-12-17 15:00:00+00:00
[2025-12-17T12:10:01.521+0000] {logging_mixin.py:188} INFO - [2025-12-17T12:10:01.521+0000] {dag.py:3954} INFO - Setting next_dagrun for youtube_video_stats to 2025-12-16 14:00:00+00:00, run_after=2025-12-17 14:00:00+00:00
[2025-12-17T12:10:01.547+0000] {processor.py:183} INFO - Processing /opt/airflow/dags/main.py took 0.294 seconds
[2025-12-17T12:10:31.904+0000] {processor.py:161} INFO - Started process (PID=10293) to work on /opt/airflow/dags/main.py
[2025-12-17T12:10:32.714+0000] {processor.py:830} INFO - Processing file /opt/airflow/dags/main.py for tasks to queue
[2025-12-17T12:10:32.716+0000] {logging_mixin.py:188} INFO - [2025-12-17T12:10:32.715+0000] {dagbag.py:545} INFO - Filling up the DagBag from /opt/airflow/dags/main.py
[2025-12-17T12:10:33.794+0000] {processor.py:840} INFO - DAG(s) 'youtube_video_stats', 'update_db' retrieved from /opt/airflow/dags/main.py
[2025-12-17T12:10:33.876+0000] {logging_mixin.py:188} INFO - [2025-12-17T12:10:33.876+0000] {dag.py:3096} INFO - Sync 2 DAGs
[2025-12-17T12:10:33.959+0000] {logging_mixin.py:188} INFO - [2025-12-17T12:10:33.958+0000] {dag.py:3954} INFO - Setting next_dagrun for update_db to 2025-12-16 15:00:00+00:00, run_after=2025-12-17 15:00:00+00:00
[2025-12-17T12:10:33.980+0000] {logging_mixin.py:188} INFO - [2025-12-17T12:10:33.979+0000] {dag.py:3954} INFO - Setting next_dagrun for youtube_video_stats to 2025-12-16 14:00:00+00:00, run_after=2025-12-17 14:00:00+00:00
[2025-12-17T12:10:34.032+0000] {processor.py:183} INFO - Processing /opt/airflow/dags/main.py took 2.134 seconds
[2025-12-17T12:11:04.099+0000] {processor.py:161} INFO - Started process (PID=10301) to work on /opt/airflow/dags/main.py
[2025-12-17T12:11:04.101+0000] {processor.py:830} INFO - Processing file /opt/airflow/dags/main.py for tasks to queue
[2025-12-17T12:11:04.105+0000] {logging_mixin.py:188} INFO - [2025-12-17T12:11:04.104+0000] {dagbag.py:545} INFO - Filling up the DagBag from /opt/airflow/dags/main.py
[2025-12-17T12:11:04.316+0000] {processor.py:840} INFO - DAG(s) 'update_db', 'youtube_video_stats' retrieved from /opt/airflow/dags/main.py
[2025-12-17T12:11:04.417+0000] {logging_mixin.py:188} INFO - [2025-12-17T12:11:04.417+0000] {dag.py:3096} INFO - Sync 2 DAGs
[2025-12-17T12:11:04.475+0000] {logging_mixin.py:188} INFO - [2025-12-17T12:11:04.474+0000] {dag.py:3954} INFO - Setting next_dagrun for update_db to 2025-12-16 15:00:00+00:00, run_after=2025-12-17 15:00:00+00:00
[2025-12-17T12:11:04.489+0000] {logging_mixin.py:188} INFO - [2025-12-17T12:11:04.488+0000] {dag.py:3954} INFO - Setting next_dagrun for youtube_video_stats to 2025-12-16 14:00:00+00:00, run_after=2025-12-17 14:00:00+00:00
[2025-12-17T12:11:04.534+0000] {processor.py:183} INFO - Processing /opt/airflow/dags/main.py took 0.445 seconds
[2025-12-17T12:11:34.795+0000] {processor.py:161} INFO - Started process (PID=10308) to work on /opt/airflow/dags/main.py
[2025-12-17T12:11:34.797+0000] {processor.py:830} INFO - Processing file /opt/airflow/dags/main.py for tasks to queue
[2025-12-17T12:11:34.798+0000] {logging_mixin.py:188} INFO - [2025-12-17T12:11:34.798+0000] {dagbag.py:545} INFO - Filling up the DagBag from /opt/airflow/dags/main.py
[2025-12-17T12:11:34.925+0000] {processor.py:840} INFO - DAG(s) 'youtube_video_stats', 'update_db' retrieved from /opt/airflow/dags/main.py
[2025-12-17T12:11:34.966+0000] {logging_mixin.py:188} INFO - [2025-12-17T12:11:34.966+0000] {dag.py:3096} INFO - Sync 2 DAGs
[2025-12-17T12:11:34.993+0000] {logging_mixin.py:188} INFO - [2025-12-17T12:11:34.993+0000] {dag.py:3954} INFO - Setting next_dagrun for update_db to 2025-12-16 15:00:00+00:00, run_after=2025-12-17 15:00:00+00:00
[2025-12-17T12:11:35.000+0000] {logging_mixin.py:188} INFO - [2025-12-17T12:11:35.000+0000] {dag.py:3954} INFO - Setting next_dagrun for youtube_video_stats to 2025-12-16 14:00:00+00:00, run_after=2025-12-17 14:00:00+00:00
[2025-12-17T12:11:35.029+0000] {processor.py:183} INFO - Processing /opt/airflow/dags/main.py took 0.241 seconds
[2025-12-17T12:12:05.292+0000] {processor.py:161} INFO - Started process (PID=10315) to work on /opt/airflow/dags/main.py
[2025-12-17T12:12:05.294+0000] {processor.py:830} INFO - Processing file /opt/airflow/dags/main.py for tasks to queue
[2025-12-17T12:12:05.295+0000] {logging_mixin.py:188} INFO - [2025-12-17T12:12:05.295+0000] {dagbag.py:545} INFO - Filling up the DagBag from /opt/airflow/dags/main.py
[2025-12-17T12:12:05.443+0000] {processor.py:840} INFO - DAG(s) 'youtube_video_stats', 'update_db' retrieved from /opt/airflow/dags/main.py
[2025-12-17T12:12:05.488+0000] {logging_mixin.py:188} INFO - [2025-12-17T12:12:05.488+0000] {dag.py:3096} INFO - Sync 2 DAGs
[2025-12-17T12:12:05.522+0000] {logging_mixin.py:188} INFO - [2025-12-17T12:12:05.521+0000] {dag.py:3954} INFO - Setting next_dagrun for update_db to 2025-12-16 15:00:00+00:00, run_after=2025-12-17 15:00:00+00:00
[2025-12-17T12:12:05.530+0000] {logging_mixin.py:188} INFO - [2025-12-17T12:12:05.529+0000] {dag.py:3954} INFO - Setting next_dagrun for youtube_video_stats to 2025-12-16 14:00:00+00:00, run_after=2025-12-17 14:00:00+00:00
[2025-12-17T12:12:05.553+0000] {processor.py:183} INFO - Processing /opt/airflow/dags/main.py took 0.280 seconds
[2025-12-17T12:12:35.739+0000] {processor.py:161} INFO - Started process (PID=10322) to work on /opt/airflow/dags/main.py
[2025-12-17T12:12:35.741+0000] {processor.py:830} INFO - Processing file /opt/airflow/dags/main.py for tasks to queue
[2025-12-17T12:12:35.742+0000] {logging_mixin.py:188} INFO - [2025-12-17T12:12:35.741+0000] {dagbag.py:545} INFO - Filling up the DagBag from /opt/airflow/dags/main.py
[2025-12-17T12:12:35.843+0000] {processor.py:840} INFO - DAG(s) 'update_db', 'youtube_video_stats' retrieved from /opt/airflow/dags/main.py
[2025-12-17T12:12:35.878+0000] {logging_mixin.py:188} INFO - [2025-12-17T12:12:35.878+0000] {dag.py:3096} INFO - Sync 2 DAGs
[2025-12-17T12:12:35.902+0000] {logging_mixin.py:188} INFO - [2025-12-17T12:12:35.902+0000] {dag.py:3954} INFO - Setting next_dagrun for update_db to 2025-12-16 15:00:00+00:00, run_after=2025-12-17 15:00:00+00:00
[2025-12-17T12:12:35.909+0000] {logging_mixin.py:188} INFO - [2025-12-17T12:12:35.909+0000] {dag.py:3954} INFO - Setting next_dagrun for youtube_video_stats to 2025-12-16 14:00:00+00:00, run_after=2025-12-17 14:00:00+00:00
[2025-12-17T12:12:35.932+0000] {processor.py:183} INFO - Processing /opt/airflow/dags/main.py took 0.202 seconds
[2025-12-17T12:13:06.091+0000] {processor.py:161} INFO - Started process (PID=10329) to work on /opt/airflow/dags/main.py
[2025-12-17T12:13:06.093+0000] {processor.py:830} INFO - Processing file /opt/airflow/dags/main.py for tasks to queue
[2025-12-17T12:13:06.094+0000] {logging_mixin.py:188} INFO - [2025-12-17T12:13:06.094+0000] {dagbag.py:545} INFO - Filling up the DagBag from /opt/airflow/dags/main.py
[2025-12-17T12:13:06.202+0000] {processor.py:840} INFO - DAG(s) 'youtube_video_stats', 'update_db' retrieved from /opt/airflow/dags/main.py
[2025-12-17T12:13:06.236+0000] {logging_mixin.py:188} INFO - [2025-12-17T12:13:06.235+0000] {dag.py:3096} INFO - Sync 2 DAGs
[2025-12-17T12:13:06.257+0000] {logging_mixin.py:188} INFO - [2025-12-17T12:13:06.257+0000] {dag.py:3954} INFO - Setting next_dagrun for update_db to 2025-12-16 15:00:00+00:00, run_after=2025-12-17 15:00:00+00:00
[2025-12-17T12:13:06.263+0000] {logging_mixin.py:188} INFO - [2025-12-17T12:13:06.263+0000] {dag.py:3954} INFO - Setting next_dagrun for youtube_video_stats to 2025-12-16 14:00:00+00:00, run_after=2025-12-17 14:00:00+00:00
[2025-12-17T12:13:06.281+0000] {processor.py:183} INFO - Processing /opt/airflow/dags/main.py took 0.197 seconds
[2025-12-17T12:13:36.467+0000] {processor.py:161} INFO - Started process (PID=10336) to work on /opt/airflow/dags/main.py
[2025-12-17T12:13:36.468+0000] {processor.py:830} INFO - Processing file /opt/airflow/dags/main.py for tasks to queue
[2025-12-17T12:13:36.470+0000] {logging_mixin.py:188} INFO - [2025-12-17T12:13:36.469+0000] {dagbag.py:545} INFO - Filling up the DagBag from /opt/airflow/dags/main.py
[2025-12-17T12:13:36.580+0000] {processor.py:840} INFO - DAG(s) 'youtube_video_stats', 'update_db' retrieved from /opt/airflow/dags/main.py
[2025-12-17T12:13:36.615+0000] {logging_mixin.py:188} INFO - [2025-12-17T12:13:36.615+0000] {dag.py:3096} INFO - Sync 2 DAGs
[2025-12-17T12:13:36.643+0000] {logging_mixin.py:188} INFO - [2025-12-17T12:13:36.643+0000] {dag.py:3954} INFO - Setting next_dagrun for update_db to 2025-12-16 15:00:00+00:00, run_after=2025-12-17 15:00:00+00:00
[2025-12-17T12:13:36.650+0000] {logging_mixin.py:188} INFO - [2025-12-17T12:13:36.649+0000] {dag.py:3954} INFO - Setting next_dagrun for youtube_video_stats to 2025-12-16 14:00:00+00:00, run_after=2025-12-17 14:00:00+00:00
[2025-12-17T12:13:36.670+0000] {processor.py:183} INFO - Processing /opt/airflow/dags/main.py took 0.211 seconds
[2025-12-17T12:14:06.854+0000] {processor.py:161} INFO - Started process (PID=10343) to work on /opt/airflow/dags/main.py
[2025-12-17T12:14:06.855+0000] {processor.py:830} INFO - Processing file /opt/airflow/dags/main.py for tasks to queue
[2025-12-17T12:14:06.856+0000] {logging_mixin.py:188} INFO - [2025-12-17T12:14:06.855+0000] {dagbag.py:545} INFO - Filling up the DagBag from /opt/airflow/dags/main.py
[2025-12-17T12:14:06.934+0000] {processor.py:840} INFO - DAG(s) 'update_db', 'youtube_video_stats' retrieved from /opt/airflow/dags/main.py
[2025-12-17T12:14:06.963+0000] {logging_mixin.py:188} INFO - [2025-12-17T12:14:06.963+0000] {dag.py:3096} INFO - Sync 2 DAGs
[2025-12-17T12:14:06.985+0000] {logging_mixin.py:188} INFO - [2025-12-17T12:14:06.985+0000] {dag.py:3954} INFO - Setting next_dagrun for update_db to 2025-12-16 15:00:00+00:00, run_after=2025-12-17 15:00:00+00:00
[2025-12-17T12:14:06.990+0000] {logging_mixin.py:188} INFO - [2025-12-17T12:14:06.990+0000] {dag.py:3954} INFO - Setting next_dagrun for youtube_video_stats to 2025-12-16 14:00:00+00:00, run_after=2025-12-17 14:00:00+00:00
[2025-12-17T12:14:07.006+0000] {processor.py:183} INFO - Processing /opt/airflow/dags/main.py took 0.158 seconds
[2025-12-17T12:14:37.051+0000] {processor.py:161} INFO - Started process (PID=10350) to work on /opt/airflow/dags/main.py
[2025-12-17T12:14:37.052+0000] {processor.py:830} INFO - Processing file /opt/airflow/dags/main.py for tasks to queue
[2025-12-17T12:14:37.053+0000] {logging_mixin.py:188} INFO - [2025-12-17T12:14:37.053+0000] {dagbag.py:545} INFO - Filling up the DagBag from /opt/airflow/dags/main.py
[2025-12-17T12:14:37.151+0000] {processor.py:840} INFO - DAG(s) 'update_db', 'youtube_video_stats' retrieved from /opt/airflow/dags/main.py
[2025-12-17T12:14:37.183+0000] {logging_mixin.py:188} INFO - [2025-12-17T12:14:37.182+0000] {dag.py:3096} INFO - Sync 2 DAGs
[2025-12-17T12:14:37.212+0000] {logging_mixin.py:188} INFO - [2025-12-17T12:14:37.211+0000] {dag.py:3954} INFO - Setting next_dagrun for update_db to 2025-12-16 15:00:00+00:00, run_after=2025-12-17 15:00:00+00:00
[2025-12-17T12:14:37.220+0000] {logging_mixin.py:188} INFO - [2025-12-17T12:14:37.219+0000] {dag.py:3954} INFO - Setting next_dagrun for youtube_video_stats to 2025-12-16 14:00:00+00:00, run_after=2025-12-17 14:00:00+00:00
[2025-12-17T12:14:37.240+0000] {processor.py:183} INFO - Processing /opt/airflow/dags/main.py took 0.196 seconds
[2025-12-17T12:15:07.440+0000] {processor.py:161} INFO - Started process (PID=10357) to work on /opt/airflow/dags/main.py
[2025-12-17T12:15:07.442+0000] {processor.py:830} INFO - Processing file /opt/airflow/dags/main.py for tasks to queue
[2025-12-17T12:15:07.444+0000] {logging_mixin.py:188} INFO - [2025-12-17T12:15:07.443+0000] {dagbag.py:545} INFO - Filling up the DagBag from /opt/airflow/dags/main.py
[2025-12-17T12:15:07.600+0000] {processor.py:840} INFO - DAG(s) 'update_db', 'youtube_video_stats' retrieved from /opt/airflow/dags/main.py
[2025-12-17T12:15:07.665+0000] {logging_mixin.py:188} INFO - [2025-12-17T12:15:07.665+0000] {dag.py:3096} INFO - Sync 2 DAGs
[2025-12-17T12:15:07.710+0000] {logging_mixin.py:188} INFO - [2025-12-17T12:15:07.709+0000] {dag.py:3954} INFO - Setting next_dagrun for update_db to 2025-12-16 15:00:00+00:00, run_after=2025-12-17 15:00:00+00:00
[2025-12-17T12:15:07.720+0000] {logging_mixin.py:188} INFO - [2025-12-17T12:15:07.720+0000] {dag.py:3954} INFO - Setting next_dagrun for youtube_video_stats to 2025-12-16 14:00:00+00:00, run_after=2025-12-17 14:00:00+00:00
[2025-12-17T12:15:07.749+0000] {processor.py:183} INFO - Processing /opt/airflow/dags/main.py took 0.320 seconds
[2025-12-17T12:15:37.952+0000] {processor.py:161} INFO - Started process (PID=10364) to work on /opt/airflow/dags/main.py
[2025-12-17T12:15:37.954+0000] {processor.py:830} INFO - Processing file /opt/airflow/dags/main.py for tasks to queue
[2025-12-17T12:15:37.955+0000] {logging_mixin.py:188} INFO - [2025-12-17T12:15:37.955+0000] {dagbag.py:545} INFO - Filling up the DagBag from /opt/airflow/dags/main.py
[2025-12-17T12:15:38.066+0000] {processor.py:840} INFO - DAG(s) 'update_db', 'youtube_video_stats' retrieved from /opt/airflow/dags/main.py
[2025-12-17T12:15:38.103+0000] {logging_mixin.py:188} INFO - [2025-12-17T12:15:38.103+0000] {dag.py:3096} INFO - Sync 2 DAGs
[2025-12-17T12:15:38.131+0000] {logging_mixin.py:188} INFO - [2025-12-17T12:15:38.130+0000] {dag.py:3954} INFO - Setting next_dagrun for update_db to 2025-12-16 15:00:00+00:00, run_after=2025-12-17 15:00:00+00:00
[2025-12-17T12:15:38.137+0000] {logging_mixin.py:188} INFO - [2025-12-17T12:15:38.136+0000] {dag.py:3954} INFO - Setting next_dagrun for youtube_video_stats to 2025-12-16 14:00:00+00:00, run_after=2025-12-17 14:00:00+00:00
[2025-12-17T12:15:38.159+0000] {processor.py:183} INFO - Processing /opt/airflow/dags/main.py took 0.214 seconds
[2025-12-17T12:16:08.384+0000] {processor.py:161} INFO - Started process (PID=10371) to work on /opt/airflow/dags/main.py
[2025-12-17T12:16:08.386+0000] {processor.py:830} INFO - Processing file /opt/airflow/dags/main.py for tasks to queue
[2025-12-17T12:16:08.387+0000] {logging_mixin.py:188} INFO - [2025-12-17T12:16:08.387+0000] {dagbag.py:545} INFO - Filling up the DagBag from /opt/airflow/dags/main.py
[2025-12-17T12:16:08.497+0000] {processor.py:840} INFO - DAG(s) 'youtube_video_stats', 'update_db' retrieved from /opt/airflow/dags/main.py
[2025-12-17T12:16:08.533+0000] {logging_mixin.py:188} INFO - [2025-12-17T12:16:08.533+0000] {dag.py:3096} INFO - Sync 2 DAGs
[2025-12-17T12:16:08.558+0000] {logging_mixin.py:188} INFO - [2025-12-17T12:16:08.558+0000] {dag.py:3954} INFO - Setting next_dagrun for update_db to 2025-12-16 15:00:00+00:00, run_after=2025-12-17 15:00:00+00:00
[2025-12-17T12:16:08.564+0000] {logging_mixin.py:188} INFO - [2025-12-17T12:16:08.563+0000] {dag.py:3954} INFO - Setting next_dagrun for youtube_video_stats to 2025-12-16 14:00:00+00:00, run_after=2025-12-17 14:00:00+00:00
[2025-12-17T12:16:08.587+0000] {processor.py:183} INFO - Processing /opt/airflow/dags/main.py took 0.210 seconds
[2025-12-17T12:16:38.794+0000] {processor.py:161} INFO - Started process (PID=10378) to work on /opt/airflow/dags/main.py
[2025-12-17T12:16:38.795+0000] {processor.py:830} INFO - Processing file /opt/airflow/dags/main.py for tasks to queue
[2025-12-17T12:16:38.796+0000] {logging_mixin.py:188} INFO - [2025-12-17T12:16:38.795+0000] {dagbag.py:545} INFO - Filling up the DagBag from /opt/airflow/dags/main.py
[2025-12-17T12:16:38.863+0000] {processor.py:840} INFO - DAG(s) 'youtube_video_stats', 'update_db' retrieved from /opt/airflow/dags/main.py
[2025-12-17T12:16:38.890+0000] {logging_mixin.py:188} INFO - [2025-12-17T12:16:38.890+0000] {dag.py:3096} INFO - Sync 2 DAGs
[2025-12-17T12:16:38.908+0000] {logging_mixin.py:188} INFO - [2025-12-17T12:16:38.908+0000] {dag.py:3954} INFO - Setting next_dagrun for update_db to 2025-12-16 15:00:00+00:00, run_after=2025-12-17 15:00:00+00:00
[2025-12-17T12:16:38.914+0000] {logging_mixin.py:188} INFO - [2025-12-17T12:16:38.914+0000] {dag.py:3954} INFO - Setting next_dagrun for youtube_video_stats to 2025-12-16 14:00:00+00:00, run_after=2025-12-17 14:00:00+00:00
[2025-12-17T12:16:38.934+0000] {processor.py:183} INFO - Processing /opt/airflow/dags/main.py took 0.146 seconds
[2025-12-17T12:17:09.000+0000] {processor.py:161} INFO - Started process (PID=10385) to work on /opt/airflow/dags/main.py
[2025-12-17T12:17:09.002+0000] {processor.py:830} INFO - Processing file /opt/airflow/dags/main.py for tasks to queue
[2025-12-17T12:17:09.002+0000] {logging_mixin.py:188} INFO - [2025-12-17T12:17:09.002+0000] {dagbag.py:545} INFO - Filling up the DagBag from /opt/airflow/dags/main.py
[2025-12-17T12:17:09.080+0000] {processor.py:840} INFO - DAG(s) 'update_db', 'youtube_video_stats' retrieved from /opt/airflow/dags/main.py
[2025-12-17T12:17:09.107+0000] {logging_mixin.py:188} INFO - [2025-12-17T12:17:09.106+0000] {dag.py:3096} INFO - Sync 2 DAGs
[2025-12-17T12:17:09.128+0000] {logging_mixin.py:188} INFO - [2025-12-17T12:17:09.127+0000] {dag.py:3954} INFO - Setting next_dagrun for update_db to 2025-12-16 15:00:00+00:00, run_after=2025-12-17 15:00:00+00:00
[2025-12-17T12:17:09.133+0000] {logging_mixin.py:188} INFO - [2025-12-17T12:17:09.132+0000] {dag.py:3954} INFO - Setting next_dagrun for youtube_video_stats to 2025-12-16 14:00:00+00:00, run_after=2025-12-17 14:00:00+00:00
[2025-12-17T12:17:09.152+0000] {processor.py:183} INFO - Processing /opt/airflow/dags/main.py took 0.157 seconds
[2025-12-17T12:17:39.354+0000] {processor.py:161} INFO - Started process (PID=10392) to work on /opt/airflow/dags/main.py
[2025-12-17T12:17:39.355+0000] {processor.py:830} INFO - Processing file /opt/airflow/dags/main.py for tasks to queue
[2025-12-17T12:17:39.356+0000] {logging_mixin.py:188} INFO - [2025-12-17T12:17:39.356+0000] {dagbag.py:545} INFO - Filling up the DagBag from /opt/airflow/dags/main.py
[2025-12-17T12:17:39.434+0000] {processor.py:840} INFO - DAG(s) 'youtube_video_stats', 'update_db' retrieved from /opt/airflow/dags/main.py
[2025-12-17T12:17:39.462+0000] {logging_mixin.py:188} INFO - [2025-12-17T12:17:39.462+0000] {dag.py:3096} INFO - Sync 2 DAGs
[2025-12-17T12:17:39.482+0000] {logging_mixin.py:188} INFO - [2025-12-17T12:17:39.482+0000] {dag.py:3954} INFO - Setting next_dagrun for update_db to 2025-12-16 15:00:00+00:00, run_after=2025-12-17 15:00:00+00:00
[2025-12-17T12:17:39.487+0000] {logging_mixin.py:188} INFO - [2025-12-17T12:17:39.487+0000] {dag.py:3954} INFO - Setting next_dagrun for youtube_video_stats to 2025-12-16 14:00:00+00:00, run_after=2025-12-17 14:00:00+00:00
[2025-12-17T12:17:39.507+0000] {processor.py:183} INFO - Processing /opt/airflow/dags/main.py took 0.158 seconds
[2025-12-17T12:18:09.679+0000] {processor.py:161} INFO - Started process (PID=10399) to work on /opt/airflow/dags/main.py
[2025-12-17T12:18:09.680+0000] {processor.py:830} INFO - Processing file /opt/airflow/dags/main.py for tasks to queue
[2025-12-17T12:18:09.682+0000] {logging_mixin.py:188} INFO - [2025-12-17T12:18:09.681+0000] {dagbag.py:545} INFO - Filling up the DagBag from /opt/airflow/dags/main.py
[2025-12-17T12:18:09.754+0000] {processor.py:840} INFO - DAG(s) 'update_db', 'youtube_video_stats' retrieved from /opt/airflow/dags/main.py
[2025-12-17T12:18:09.783+0000] {logging_mixin.py:188} INFO - [2025-12-17T12:18:09.782+0000] {dag.py:3096} INFO - Sync 2 DAGs
[2025-12-17T12:18:09.805+0000] {logging_mixin.py:188} INFO - [2025-12-17T12:18:09.804+0000] {dag.py:3954} INFO - Setting next_dagrun for update_db to 2025-12-16 15:00:00+00:00, run_after=2025-12-17 15:00:00+00:00
[2025-12-17T12:18:09.810+0000] {logging_mixin.py:188} INFO - [2025-12-17T12:18:09.809+0000] {dag.py:3954} INFO - Setting next_dagrun for youtube_video_stats to 2025-12-16 14:00:00+00:00, run_after=2025-12-17 14:00:00+00:00
[2025-12-17T12:18:09.843+0000] {processor.py:183} INFO - Processing /opt/airflow/dags/main.py took 0.168 seconds
[2025-12-17T12:18:39.902+0000] {processor.py:161} INFO - Started process (PID=10406) to work on /opt/airflow/dags/main.py
[2025-12-17T12:18:39.903+0000] {processor.py:830} INFO - Processing file /opt/airflow/dags/main.py for tasks to queue
[2025-12-17T12:18:39.913+0000] {logging_mixin.py:188} INFO - [2025-12-17T12:18:39.908+0000] {dagbag.py:545} INFO - Filling up the DagBag from /opt/airflow/dags/main.py
[2025-12-17T12:18:39.992+0000] {processor.py:840} INFO - DAG(s) 'update_db', 'youtube_video_stats' retrieved from /opt/airflow/dags/main.py
[2025-12-17T12:18:40.020+0000] {logging_mixin.py:188} INFO - [2025-12-17T12:18:40.020+0000] {dag.py:3096} INFO - Sync 2 DAGs
[2025-12-17T12:18:40.039+0000] {logging_mixin.py:188} INFO - [2025-12-17T12:18:40.039+0000] {dag.py:3954} INFO - Setting next_dagrun for update_db to 2025-12-16 15:00:00+00:00, run_after=2025-12-17 15:00:00+00:00
[2025-12-17T12:18:40.044+0000] {logging_mixin.py:188} INFO - [2025-12-17T12:18:40.044+0000] {dag.py:3954} INFO - Setting next_dagrun for youtube_video_stats to 2025-12-16 14:00:00+00:00, run_after=2025-12-17 14:00:00+00:00
[2025-12-17T12:18:40.060+0000] {processor.py:183} INFO - Processing /opt/airflow/dags/main.py took 0.165 seconds
[2025-12-17T12:19:10.248+0000] {processor.py:161} INFO - Started process (PID=10420) to work on /opt/airflow/dags/main.py
[2025-12-17T12:19:10.250+0000] {processor.py:830} INFO - Processing file /opt/airflow/dags/main.py for tasks to queue
[2025-12-17T12:19:10.251+0000] {logging_mixin.py:188} INFO - [2025-12-17T12:19:10.250+0000] {dagbag.py:545} INFO - Filling up the DagBag from /opt/airflow/dags/main.py
[2025-12-17T12:19:10.324+0000] {processor.py:840} INFO - DAG(s) 'youtube_video_stats', 'update_db' retrieved from /opt/airflow/dags/main.py
[2025-12-17T12:19:10.349+0000] {logging_mixin.py:188} INFO - [2025-12-17T12:19:10.349+0000] {dag.py:3096} INFO - Sync 2 DAGs
[2025-12-17T12:19:10.368+0000] {logging_mixin.py:188} INFO - [2025-12-17T12:19:10.368+0000] {dag.py:3954} INFO - Setting next_dagrun for update_db to 2025-12-16 15:00:00+00:00, run_after=2025-12-17 15:00:00+00:00
[2025-12-17T12:19:10.374+0000] {logging_mixin.py:188} INFO - [2025-12-17T12:19:10.374+0000] {dag.py:3954} INFO - Setting next_dagrun for youtube_video_stats to 2025-12-16 14:00:00+00:00, run_after=2025-12-17 14:00:00+00:00
[2025-12-17T12:19:10.392+0000] {processor.py:183} INFO - Processing /opt/airflow/dags/main.py took 0.149 seconds
[2025-12-17T12:19:40.438+0000] {processor.py:161} INFO - Started process (PID=10427) to work on /opt/airflow/dags/main.py
[2025-12-17T12:19:40.440+0000] {processor.py:830} INFO - Processing file /opt/airflow/dags/main.py for tasks to queue
[2025-12-17T12:19:40.441+0000] {logging_mixin.py:188} INFO - [2025-12-17T12:19:40.441+0000] {dagbag.py:545} INFO - Filling up the DagBag from /opt/airflow/dags/main.py
[2025-12-17T12:19:40.528+0000] {processor.py:840} INFO - DAG(s) 'update_db', 'youtube_video_stats' retrieved from /opt/airflow/dags/main.py
[2025-12-17T12:19:40.556+0000] {logging_mixin.py:188} INFO - [2025-12-17T12:19:40.555+0000] {dag.py:3096} INFO - Sync 2 DAGs
[2025-12-17T12:19:40.576+0000] {logging_mixin.py:188} INFO - [2025-12-17T12:19:40.576+0000] {dag.py:3954} INFO - Setting next_dagrun for update_db to 2025-12-16 15:00:00+00:00, run_after=2025-12-17 15:00:00+00:00
[2025-12-17T12:19:40.581+0000] {logging_mixin.py:188} INFO - [2025-12-17T12:19:40.581+0000] {dag.py:3954} INFO - Setting next_dagrun for youtube_video_stats to 2025-12-16 14:00:00+00:00, run_after=2025-12-17 14:00:00+00:00
[2025-12-17T12:19:40.601+0000] {processor.py:183} INFO - Processing /opt/airflow/dags/main.py took 0.172 seconds
[2025-12-17T12:20:10.779+0000] {processor.py:161} INFO - Started process (PID=10435) to work on /opt/airflow/dags/main.py
[2025-12-17T12:20:10.780+0000] {processor.py:830} INFO - Processing file /opt/airflow/dags/main.py for tasks to queue
[2025-12-17T12:20:10.782+0000] {logging_mixin.py:188} INFO - [2025-12-17T12:20:10.781+0000] {dagbag.py:545} INFO - Filling up the DagBag from /opt/airflow/dags/main.py
[2025-12-17T12:20:10.896+0000] {processor.py:840} INFO - DAG(s) 'update_db', 'youtube_video_stats' retrieved from /opt/airflow/dags/main.py
[2025-12-17T12:20:10.923+0000] {logging_mixin.py:188} INFO - [2025-12-17T12:20:10.923+0000] {dag.py:3096} INFO - Sync 2 DAGs
[2025-12-17T12:20:10.943+0000] {logging_mixin.py:188} INFO - [2025-12-17T12:20:10.942+0000] {dag.py:3954} INFO - Setting next_dagrun for update_db to 2025-12-16 15:00:00+00:00, run_after=2025-12-17 15:00:00+00:00
[2025-12-17T12:20:10.948+0000] {logging_mixin.py:188} INFO - [2025-12-17T12:20:10.948+0000] {dag.py:3954} INFO - Setting next_dagrun for youtube_video_stats to 2025-12-16 14:00:00+00:00, run_after=2025-12-17 14:00:00+00:00
[2025-12-17T12:20:10.967+0000] {processor.py:183} INFO - Processing /opt/airflow/dags/main.py took 0.194 seconds
[2025-12-17T12:20:41.015+0000] {processor.py:161} INFO - Started process (PID=10442) to work on /opt/airflow/dags/main.py
[2025-12-17T12:20:41.019+0000] {processor.py:830} INFO - Processing file /opt/airflow/dags/main.py for tasks to queue
[2025-12-17T12:20:41.020+0000] {logging_mixin.py:188} INFO - [2025-12-17T12:20:41.020+0000] {dagbag.py:545} INFO - Filling up the DagBag from /opt/airflow/dags/main.py
[2025-12-17T12:20:41.207+0000] {processor.py:840} INFO - DAG(s) 'update_db', 'youtube_video_stats' retrieved from /opt/airflow/dags/main.py
[2025-12-17T12:20:41.244+0000] {logging_mixin.py:188} INFO - [2025-12-17T12:20:41.244+0000] {dag.py:3096} INFO - Sync 2 DAGs
[2025-12-17T12:20:41.271+0000] {logging_mixin.py:188} INFO - [2025-12-17T12:20:41.271+0000] {dag.py:3954} INFO - Setting next_dagrun for update_db to 2025-12-16 15:00:00+00:00, run_after=2025-12-17 15:00:00+00:00
[2025-12-17T12:20:41.279+0000] {logging_mixin.py:188} INFO - [2025-12-17T12:20:41.278+0000] {dag.py:3954} INFO - Setting next_dagrun for youtube_video_stats to 2025-12-16 14:00:00+00:00, run_after=2025-12-17 14:00:00+00:00
[2025-12-17T12:20:41.301+0000] {processor.py:183} INFO - Processing /opt/airflow/dags/main.py took 0.298 seconds
[2025-12-17T12:21:11.388+0000] {processor.py:161} INFO - Started process (PID=10449) to work on /opt/airflow/dags/main.py
[2025-12-17T12:21:11.391+0000] {processor.py:830} INFO - Processing file /opt/airflow/dags/main.py for tasks to queue
[2025-12-17T12:21:11.392+0000] {logging_mixin.py:188} INFO - [2025-12-17T12:21:11.392+0000] {dagbag.py:545} INFO - Filling up the DagBag from /opt/airflow/dags/main.py
[2025-12-17T12:21:11.525+0000] {processor.py:840} INFO - DAG(s) 'update_db', 'youtube_video_stats' retrieved from /opt/airflow/dags/main.py
[2025-12-17T12:21:11.559+0000] {logging_mixin.py:188} INFO - [2025-12-17T12:21:11.559+0000] {dag.py:3096} INFO - Sync 2 DAGs
[2025-12-17T12:21:11.583+0000] {logging_mixin.py:188} INFO - [2025-12-17T12:21:11.583+0000] {dag.py:3954} INFO - Setting next_dagrun for update_db to 2025-12-16 15:00:00+00:00, run_after=2025-12-17 15:00:00+00:00
[2025-12-17T12:21:11.588+0000] {logging_mixin.py:188} INFO - [2025-12-17T12:21:11.588+0000] {dag.py:3954} INFO - Setting next_dagrun for youtube_video_stats to 2025-12-16 14:00:00+00:00, run_after=2025-12-17 14:00:00+00:00
[2025-12-17T12:21:11.609+0000] {processor.py:183} INFO - Processing /opt/airflow/dags/main.py took 0.229 seconds
[2025-12-17T12:21:41.673+0000] {processor.py:161} INFO - Started process (PID=10456) to work on /opt/airflow/dags/main.py
[2025-12-17T12:21:41.674+0000] {processor.py:830} INFO - Processing file /opt/airflow/dags/main.py for tasks to queue
[2025-12-17T12:21:41.675+0000] {logging_mixin.py:188} INFO - [2025-12-17T12:21:41.674+0000] {dagbag.py:545} INFO - Filling up the DagBag from /opt/airflow/dags/main.py
[2025-12-17T12:21:41.746+0000] {processor.py:840} INFO - DAG(s) 'youtube_video_stats', 'update_db' retrieved from /opt/airflow/dags/main.py
[2025-12-17T12:21:41.781+0000] {logging_mixin.py:188} INFO - [2025-12-17T12:21:41.780+0000] {dag.py:3096} INFO - Sync 2 DAGs
[2025-12-17T12:21:41.805+0000] {logging_mixin.py:188} INFO - [2025-12-17T12:21:41.804+0000] {dag.py:3954} INFO - Setting next_dagrun for update_db to 2025-12-16 15:00:00+00:00, run_after=2025-12-17 15:00:00+00:00
[2025-12-17T12:21:41.812+0000] {logging_mixin.py:188} INFO - [2025-12-17T12:21:41.811+0000] {dag.py:3954} INFO - Setting next_dagrun for youtube_video_stats to 2025-12-16 14:00:00+00:00, run_after=2025-12-17 14:00:00+00:00
[2025-12-17T12:21:41.837+0000] {processor.py:183} INFO - Processing /opt/airflow/dags/main.py took 0.170 seconds
[2025-12-17T12:22:12.014+0000] {processor.py:161} INFO - Started process (PID=10463) to work on /opt/airflow/dags/main.py
[2025-12-17T12:22:12.019+0000] {processor.py:830} INFO - Processing file /opt/airflow/dags/main.py for tasks to queue
[2025-12-17T12:22:12.023+0000] {logging_mixin.py:188} INFO - [2025-12-17T12:22:12.022+0000] {dagbag.py:545} INFO - Filling up the DagBag from /opt/airflow/dags/main.py
[2025-12-17T12:22:12.199+0000] {processor.py:840} INFO - DAG(s) 'update_db', 'youtube_video_stats' retrieved from /opt/airflow/dags/main.py
[2025-12-17T12:22:12.228+0000] {logging_mixin.py:188} INFO - [2025-12-17T12:22:12.227+0000] {dag.py:3096} INFO - Sync 2 DAGs
[2025-12-17T12:22:12.248+0000] {logging_mixin.py:188} INFO - [2025-12-17T12:22:12.247+0000] {dag.py:3954} INFO - Setting next_dagrun for update_db to 2025-12-16 15:00:00+00:00, run_after=2025-12-17 15:00:00+00:00
[2025-12-17T12:22:12.252+0000] {logging_mixin.py:188} INFO - [2025-12-17T12:22:12.252+0000] {dag.py:3954} INFO - Setting next_dagrun for youtube_video_stats to 2025-12-16 14:00:00+00:00, run_after=2025-12-17 14:00:00+00:00
[2025-12-17T12:22:12.269+0000] {processor.py:183} INFO - Processing /opt/airflow/dags/main.py took 0.282 seconds
[2025-12-17T12:22:42.490+0000] {processor.py:161} INFO - Started process (PID=10470) to work on /opt/airflow/dags/main.py
[2025-12-17T12:22:42.491+0000] {processor.py:830} INFO - Processing file /opt/airflow/dags/main.py for tasks to queue
[2025-12-17T12:22:42.493+0000] {logging_mixin.py:188} INFO - [2025-12-17T12:22:42.493+0000] {dagbag.py:545} INFO - Filling up the DagBag from /opt/airflow/dags/main.py
[2025-12-17T12:22:42.621+0000] {processor.py:840} INFO - DAG(s) 'youtube_video_stats', 'update_db' retrieved from /opt/airflow/dags/main.py
[2025-12-17T12:22:42.669+0000] {logging_mixin.py:188} INFO - [2025-12-17T12:22:42.669+0000] {dag.py:3096} INFO - Sync 2 DAGs
[2025-12-17T12:22:42.702+0000] {logging_mixin.py:188} INFO - [2025-12-17T12:22:42.701+0000] {dag.py:3954} INFO - Setting next_dagrun for update_db to 2025-12-16 15:00:00+00:00, run_after=2025-12-17 15:00:00+00:00
[2025-12-17T12:22:42.709+0000] {logging_mixin.py:188} INFO - [2025-12-17T12:22:42.709+0000] {dag.py:3954} INFO - Setting next_dagrun for youtube_video_stats to 2025-12-16 14:00:00+00:00, run_after=2025-12-17 14:00:00+00:00
[2025-12-17T12:22:42.735+0000] {processor.py:183} INFO - Processing /opt/airflow/dags/main.py took 0.252 seconds
[2025-12-17T12:23:12.873+0000] {processor.py:161} INFO - Started process (PID=10477) to work on /opt/airflow/dags/main.py
[2025-12-17T12:23:12.874+0000] {processor.py:830} INFO - Processing file /opt/airflow/dags/main.py for tasks to queue
[2025-12-17T12:23:12.875+0000] {logging_mixin.py:188} INFO - [2025-12-17T12:23:12.875+0000] {dagbag.py:545} INFO - Filling up the DagBag from /opt/airflow/dags/main.py
[2025-12-17T12:23:12.963+0000] {processor.py:840} INFO - DAG(s) 'youtube_video_stats', 'update_db' retrieved from /opt/airflow/dags/main.py
[2025-12-17T12:23:12.994+0000] {logging_mixin.py:188} INFO - [2025-12-17T12:23:12.994+0000] {dag.py:3096} INFO - Sync 2 DAGs
[2025-12-17T12:23:13.018+0000] {logging_mixin.py:188} INFO - [2025-12-17T12:23:13.017+0000] {dag.py:3954} INFO - Setting next_dagrun for update_db to 2025-12-16 15:00:00+00:00, run_after=2025-12-17 15:00:00+00:00
[2025-12-17T12:23:13.023+0000] {logging_mixin.py:188} INFO - [2025-12-17T12:23:13.023+0000] {dag.py:3954} INFO - Setting next_dagrun for youtube_video_stats to 2025-12-16 14:00:00+00:00, run_after=2025-12-17 14:00:00+00:00
[2025-12-17T12:23:13.047+0000] {processor.py:183} INFO - Processing /opt/airflow/dags/main.py took 0.180 seconds
[2025-12-17T12:23:43.117+0000] {processor.py:161} INFO - Started process (PID=10484) to work on /opt/airflow/dags/main.py
[2025-12-17T12:23:43.119+0000] {processor.py:830} INFO - Processing file /opt/airflow/dags/main.py for tasks to queue
[2025-12-17T12:23:43.120+0000] {logging_mixin.py:188} INFO - [2025-12-17T12:23:43.120+0000] {dagbag.py:545} INFO - Filling up the DagBag from /opt/airflow/dags/main.py
[2025-12-17T12:23:43.203+0000] {processor.py:840} INFO - DAG(s) 'youtube_video_stats', 'update_db' retrieved from /opt/airflow/dags/main.py
[2025-12-17T12:23:43.241+0000] {logging_mixin.py:188} INFO - [2025-12-17T12:23:43.241+0000] {dag.py:3096} INFO - Sync 2 DAGs
[2025-12-17T12:23:43.265+0000] {logging_mixin.py:188} INFO - [2025-12-17T12:23:43.264+0000] {dag.py:3954} INFO - Setting next_dagrun for update_db to 2025-12-16 15:00:00+00:00, run_after=2025-12-17 15:00:00+00:00
[2025-12-17T12:23:43.272+0000] {logging_mixin.py:188} INFO - [2025-12-17T12:23:43.272+0000] {dag.py:3954} INFO - Setting next_dagrun for youtube_video_stats to 2025-12-16 14:00:00+00:00, run_after=2025-12-17 14:00:00+00:00
[2025-12-17T12:23:43.292+0000] {processor.py:183} INFO - Processing /opt/airflow/dags/main.py took 0.181 seconds
[2025-12-17T12:24:13.412+0000] {processor.py:161} INFO - Started process (PID=10491) to work on /opt/airflow/dags/main.py
[2025-12-17T12:24:13.414+0000] {processor.py:830} INFO - Processing file /opt/airflow/dags/main.py for tasks to queue
[2025-12-17T12:24:13.415+0000] {logging_mixin.py:188} INFO - [2025-12-17T12:24:13.414+0000] {dagbag.py:545} INFO - Filling up the DagBag from /opt/airflow/dags/main.py
[2025-12-17T12:24:13.503+0000] {processor.py:840} INFO - DAG(s) 'youtube_video_stats', 'update_db' retrieved from /opt/airflow/dags/main.py
[2025-12-17T12:24:13.539+0000] {logging_mixin.py:188} INFO - [2025-12-17T12:24:13.539+0000] {dag.py:3096} INFO - Sync 2 DAGs
[2025-12-17T12:24:13.562+0000] {logging_mixin.py:188} INFO - [2025-12-17T12:24:13.561+0000] {dag.py:3954} INFO - Setting next_dagrun for update_db to 2025-12-16 15:00:00+00:00, run_after=2025-12-17 15:00:00+00:00
[2025-12-17T12:24:13.569+0000] {logging_mixin.py:188} INFO - [2025-12-17T12:24:13.569+0000] {dag.py:3954} INFO - Setting next_dagrun for youtube_video_stats to 2025-12-16 14:00:00+00:00, run_after=2025-12-17 14:00:00+00:00
[2025-12-17T12:24:13.603+0000] {processor.py:183} INFO - Processing /opt/airflow/dags/main.py took 0.197 seconds
[2025-12-17T12:24:43.799+0000] {processor.py:161} INFO - Started process (PID=10498) to work on /opt/airflow/dags/main.py
[2025-12-17T12:24:43.801+0000] {processor.py:830} INFO - Processing file /opt/airflow/dags/main.py for tasks to queue
[2025-12-17T12:24:43.802+0000] {logging_mixin.py:188} INFO - [2025-12-17T12:24:43.802+0000] {dagbag.py:545} INFO - Filling up the DagBag from /opt/airflow/dags/main.py
[2025-12-17T12:24:43.891+0000] {processor.py:840} INFO - DAG(s) 'youtube_video_stats', 'update_db' retrieved from /opt/airflow/dags/main.py
[2025-12-17T12:24:43.924+0000] {logging_mixin.py:188} INFO - [2025-12-17T12:24:43.923+0000] {dag.py:3096} INFO - Sync 2 DAGs
[2025-12-17T12:24:43.949+0000] {logging_mixin.py:188} INFO - [2025-12-17T12:24:43.949+0000] {dag.py:3954} INFO - Setting next_dagrun for update_db to 2025-12-16 15:00:00+00:00, run_after=2025-12-17 15:00:00+00:00
[2025-12-17T12:24:43.955+0000] {logging_mixin.py:188} INFO - [2025-12-17T12:24:43.954+0000] {dag.py:3954} INFO - Setting next_dagrun for youtube_video_stats to 2025-12-16 14:00:00+00:00, run_after=2025-12-17 14:00:00+00:00
[2025-12-17T12:24:43.971+0000] {processor.py:183} INFO - Processing /opt/airflow/dags/main.py took 0.178 seconds
[2025-12-17T12:25:14.180+0000] {processor.py:161} INFO - Started process (PID=10505) to work on /opt/airflow/dags/main.py
[2025-12-17T12:25:14.181+0000] {processor.py:830} INFO - Processing file /opt/airflow/dags/main.py for tasks to queue
[2025-12-17T12:25:14.182+0000] {logging_mixin.py:188} INFO - [2025-12-17T12:25:14.182+0000] {dagbag.py:545} INFO - Filling up the DagBag from /opt/airflow/dags/main.py
[2025-12-17T12:25:14.257+0000] {processor.py:840} INFO - DAG(s) 'youtube_video_stats', 'update_db' retrieved from /opt/airflow/dags/main.py
[2025-12-17T12:25:14.284+0000] {logging_mixin.py:188} INFO - [2025-12-17T12:25:14.283+0000] {dag.py:3096} INFO - Sync 2 DAGs
[2025-12-17T12:25:14.302+0000] {logging_mixin.py:188} INFO - [2025-12-17T12:25:14.302+0000] {dag.py:3954} INFO - Setting next_dagrun for update_db to 2025-12-16 15:00:00+00:00, run_after=2025-12-17 15:00:00+00:00
[2025-12-17T12:25:14.308+0000] {logging_mixin.py:188} INFO - [2025-12-17T12:25:14.308+0000] {dag.py:3954} INFO - Setting next_dagrun for youtube_video_stats to 2025-12-16 14:00:00+00:00, run_after=2025-12-17 14:00:00+00:00
[2025-12-17T12:25:14.328+0000] {processor.py:183} INFO - Processing /opt/airflow/dags/main.py took 0.153 seconds
[2025-12-17T12:25:44.366+0000] {processor.py:161} INFO - Started process (PID=10512) to work on /opt/airflow/dags/main.py
[2025-12-17T12:25:44.367+0000] {processor.py:830} INFO - Processing file /opt/airflow/dags/main.py for tasks to queue
[2025-12-17T12:25:44.368+0000] {logging_mixin.py:188} INFO - [2025-12-17T12:25:44.368+0000] {dagbag.py:545} INFO - Filling up the DagBag from /opt/airflow/dags/main.py
[2025-12-17T12:25:44.444+0000] {processor.py:840} INFO - DAG(s) 'youtube_video_stats', 'update_db' retrieved from /opt/airflow/dags/main.py
[2025-12-17T12:25:44.470+0000] {logging_mixin.py:188} INFO - [2025-12-17T12:25:44.470+0000] {dag.py:3096} INFO - Sync 2 DAGs
[2025-12-17T12:25:44.490+0000] {logging_mixin.py:188} INFO - [2025-12-17T12:25:44.490+0000] {dag.py:3954} INFO - Setting next_dagrun for update_db to 2025-12-16 15:00:00+00:00, run_after=2025-12-17 15:00:00+00:00
[2025-12-17T12:25:44.496+0000] {logging_mixin.py:188} INFO - [2025-12-17T12:25:44.496+0000] {dag.py:3954} INFO - Setting next_dagrun for youtube_video_stats to 2025-12-16 14:00:00+00:00, run_after=2025-12-17 14:00:00+00:00
[2025-12-17T12:25:44.512+0000] {processor.py:183} INFO - Processing /opt/airflow/dags/main.py took 0.152 seconds
[2025-12-17T12:26:14.712+0000] {processor.py:161} INFO - Started process (PID=10519) to work on /opt/airflow/dags/main.py
[2025-12-17T12:26:14.713+0000] {processor.py:830} INFO - Processing file /opt/airflow/dags/main.py for tasks to queue
[2025-12-17T12:26:14.714+0000] {logging_mixin.py:188} INFO - [2025-12-17T12:26:14.713+0000] {dagbag.py:545} INFO - Filling up the DagBag from /opt/airflow/dags/main.py
[2025-12-17T12:26:14.787+0000] {processor.py:840} INFO - DAG(s) 'youtube_video_stats', 'update_db' retrieved from /opt/airflow/dags/main.py
[2025-12-17T12:26:14.814+0000] {logging_mixin.py:188} INFO - [2025-12-17T12:26:14.814+0000] {dag.py:3096} INFO - Sync 2 DAGs
[2025-12-17T12:26:14.836+0000] {logging_mixin.py:188} INFO - [2025-12-17T12:26:14.836+0000] {dag.py:3954} INFO - Setting next_dagrun for update_db to 2025-12-16 15:00:00+00:00, run_after=2025-12-17 15:00:00+00:00
[2025-12-17T12:26:14.841+0000] {logging_mixin.py:188} INFO - [2025-12-17T12:26:14.841+0000] {dag.py:3954} INFO - Setting next_dagrun for youtube_video_stats to 2025-12-16 14:00:00+00:00, run_after=2025-12-17 14:00:00+00:00
[2025-12-17T12:26:14.857+0000] {processor.py:183} INFO - Processing /opt/airflow/dags/main.py took 0.151 seconds
[2025-12-17T12:26:44.919+0000] {processor.py:161} INFO - Started process (PID=10526) to work on /opt/airflow/dags/main.py
[2025-12-17T12:26:44.920+0000] {processor.py:830} INFO - Processing file /opt/airflow/dags/main.py for tasks to queue
[2025-12-17T12:26:44.921+0000] {logging_mixin.py:188} INFO - [2025-12-17T12:26:44.921+0000] {dagbag.py:545} INFO - Filling up the DagBag from /opt/airflow/dags/main.py
[2025-12-17T12:26:44.996+0000] {processor.py:840} INFO - DAG(s) 'update_db', 'youtube_video_stats' retrieved from /opt/airflow/dags/main.py
[2025-12-17T12:26:45.023+0000] {logging_mixin.py:188} INFO - [2025-12-17T12:26:45.023+0000] {dag.py:3096} INFO - Sync 2 DAGs
[2025-12-17T12:26:45.045+0000] {logging_mixin.py:188} INFO - [2025-12-17T12:26:45.044+0000] {dag.py:3954} INFO - Setting next_dagrun for update_db to 2025-12-16 15:00:00+00:00, run_after=2025-12-17 15:00:00+00:00
[2025-12-17T12:26:45.050+0000] {logging_mixin.py:188} INFO - [2025-12-17T12:26:45.050+0000] {dag.py:3954} INFO - Setting next_dagrun for youtube_video_stats to 2025-12-16 14:00:00+00:00, run_after=2025-12-17 14:00:00+00:00
[2025-12-17T12:26:45.067+0000] {processor.py:183} INFO - Processing /opt/airflow/dags/main.py took 0.154 seconds
[2025-12-17T12:27:15.287+0000] {processor.py:161} INFO - Started process (PID=10533) to work on /opt/airflow/dags/main.py
[2025-12-17T12:27:15.288+0000] {processor.py:830} INFO - Processing file /opt/airflow/dags/main.py for tasks to queue
[2025-12-17T12:27:15.289+0000] {logging_mixin.py:188} INFO - [2025-12-17T12:27:15.289+0000] {dagbag.py:545} INFO - Filling up the DagBag from /opt/airflow/dags/main.py
[2025-12-17T12:27:15.376+0000] {processor.py:840} INFO - DAG(s) 'update_db', 'youtube_video_stats' retrieved from /opt/airflow/dags/main.py
[2025-12-17T12:27:15.404+0000] {logging_mixin.py:188} INFO - [2025-12-17T12:27:15.404+0000] {dag.py:3096} INFO - Sync 2 DAGs
[2025-12-17T12:27:15.426+0000] {logging_mixin.py:188} INFO - [2025-12-17T12:27:15.426+0000] {dag.py:3954} INFO - Setting next_dagrun for update_db to 2025-12-16 15:00:00+00:00, run_after=2025-12-17 15:00:00+00:00
[2025-12-17T12:27:15.431+0000] {logging_mixin.py:188} INFO - [2025-12-17T12:27:15.431+0000] {dag.py:3954} INFO - Setting next_dagrun for youtube_video_stats to 2025-12-16 14:00:00+00:00, run_after=2025-12-17 14:00:00+00:00
[2025-12-17T12:27:15.453+0000] {processor.py:183} INFO - Processing /opt/airflow/dags/main.py took 0.171 seconds
[2025-12-17T12:27:45.645+0000] {processor.py:161} INFO - Started process (PID=10540) to work on /opt/airflow/dags/main.py
[2025-12-17T12:27:45.647+0000] {processor.py:830} INFO - Processing file /opt/airflow/dags/main.py for tasks to queue
[2025-12-17T12:27:45.648+0000] {logging_mixin.py:188} INFO - [2025-12-17T12:27:45.648+0000] {dagbag.py:545} INFO - Filling up the DagBag from /opt/airflow/dags/main.py
[2025-12-17T12:27:45.763+0000] {processor.py:840} INFO - DAG(s) 'update_db', 'youtube_video_stats' retrieved from /opt/airflow/dags/main.py
[2025-12-17T12:27:45.795+0000] {logging_mixin.py:188} INFO - [2025-12-17T12:27:45.795+0000] {dag.py:3096} INFO - Sync 2 DAGs
[2025-12-17T12:27:45.816+0000] {logging_mixin.py:188} INFO - [2025-12-17T12:27:45.816+0000] {dag.py:3954} INFO - Setting next_dagrun for update_db to 2025-12-16 15:00:00+00:00, run_after=2025-12-17 15:00:00+00:00
[2025-12-17T12:27:45.821+0000] {logging_mixin.py:188} INFO - [2025-12-17T12:27:45.821+0000] {dag.py:3954} INFO - Setting next_dagrun for youtube_video_stats to 2025-12-16 14:00:00+00:00, run_after=2025-12-17 14:00:00+00:00
[2025-12-17T12:27:45.838+0000] {processor.py:183} INFO - Processing /opt/airflow/dags/main.py took 0.203 seconds
[2025-12-17T12:28:15.943+0000] {processor.py:161} INFO - Started process (PID=10547) to work on /opt/airflow/dags/main.py
[2025-12-17T12:28:15.945+0000] {processor.py:830} INFO - Processing file /opt/airflow/dags/main.py for tasks to queue
[2025-12-17T12:28:15.947+0000] {logging_mixin.py:188} INFO - [2025-12-17T12:28:15.946+0000] {dagbag.py:545} INFO - Filling up the DagBag from /opt/airflow/dags/main.py
[2025-12-17T12:28:16.045+0000] {processor.py:840} INFO - DAG(s) 'update_db', 'youtube_video_stats' retrieved from /opt/airflow/dags/main.py
[2025-12-17T12:28:16.073+0000] {logging_mixin.py:188} INFO - [2025-12-17T12:28:16.073+0000] {dag.py:3096} INFO - Sync 2 DAGs
[2025-12-17T12:28:16.108+0000] {logging_mixin.py:188} INFO - [2025-12-17T12:28:16.108+0000] {dag.py:3954} INFO - Setting next_dagrun for update_db to 2025-12-16 15:00:00+00:00, run_after=2025-12-17 15:00:00+00:00
[2025-12-17T12:28:16.115+0000] {logging_mixin.py:188} INFO - [2025-12-17T12:28:16.115+0000] {dag.py:3954} INFO - Setting next_dagrun for youtube_video_stats to 2025-12-16 14:00:00+00:00, run_after=2025-12-17 14:00:00+00:00
[2025-12-17T12:28:16.136+0000] {processor.py:183} INFO - Processing /opt/airflow/dags/main.py took 0.200 seconds
[2025-12-17T12:28:46.228+0000] {processor.py:161} INFO - Started process (PID=10554) to work on /opt/airflow/dags/main.py
[2025-12-17T12:28:46.231+0000] {processor.py:830} INFO - Processing file /opt/airflow/dags/main.py for tasks to queue
[2025-12-17T12:28:46.233+0000] {logging_mixin.py:188} INFO - [2025-12-17T12:28:46.232+0000] {dagbag.py:545} INFO - Filling up the DagBag from /opt/airflow/dags/main.py
[2025-12-17T12:28:46.409+0000] {processor.py:840} INFO - DAG(s) 'youtube_video_stats', 'update_db' retrieved from /opt/airflow/dags/main.py
[2025-12-17T12:28:46.467+0000] {logging_mixin.py:188} INFO - [2025-12-17T12:28:46.467+0000] {dag.py:3096} INFO - Sync 2 DAGs
[2025-12-17T12:28:46.517+0000] {logging_mixin.py:188} INFO - [2025-12-17T12:28:46.516+0000] {dag.py:3954} INFO - Setting next_dagrun for update_db to 2025-12-16 15:00:00+00:00, run_after=2025-12-17 15:00:00+00:00
[2025-12-17T12:28:46.532+0000] {logging_mixin.py:188} INFO - [2025-12-17T12:28:46.532+0000] {dag.py:3954} INFO - Setting next_dagrun for youtube_video_stats to 2025-12-16 14:00:00+00:00, run_after=2025-12-17 14:00:00+00:00
[2025-12-17T12:28:46.564+0000] {processor.py:183} INFO - Processing /opt/airflow/dags/main.py took 0.348 seconds
[2025-12-17T12:29:16.765+0000] {processor.py:161} INFO - Started process (PID=10561) to work on /opt/airflow/dags/main.py
[2025-12-17T12:29:16.767+0000] {processor.py:830} INFO - Processing file /opt/airflow/dags/main.py for tasks to queue
[2025-12-17T12:29:16.768+0000] {logging_mixin.py:188} INFO - [2025-12-17T12:29:16.767+0000] {dagbag.py:545} INFO - Filling up the DagBag from /opt/airflow/dags/main.py
[2025-12-17T12:29:16.848+0000] {processor.py:840} INFO - DAG(s) 'youtube_video_stats', 'update_db' retrieved from /opt/airflow/dags/main.py
[2025-12-17T12:29:16.877+0000] {logging_mixin.py:188} INFO - [2025-12-17T12:29:16.876+0000] {dag.py:3096} INFO - Sync 2 DAGs
[2025-12-17T12:29:16.898+0000] {logging_mixin.py:188} INFO - [2025-12-17T12:29:16.898+0000] {dag.py:3954} INFO - Setting next_dagrun for update_db to 2025-12-16 15:00:00+00:00, run_after=2025-12-17 15:00:00+00:00
[2025-12-17T12:29:16.903+0000] {logging_mixin.py:188} INFO - [2025-12-17T12:29:16.903+0000] {dag.py:3954} INFO - Setting next_dagrun for youtube_video_stats to 2025-12-16 14:00:00+00:00, run_after=2025-12-17 14:00:00+00:00
[2025-12-17T12:29:16.921+0000] {processor.py:183} INFO - Processing /opt/airflow/dags/main.py took 0.162 seconds
[2025-12-17T12:29:47.002+0000] {processor.py:161} INFO - Started process (PID=10568) to work on /opt/airflow/dags/main.py
[2025-12-17T12:29:47.003+0000] {processor.py:830} INFO - Processing file /opt/airflow/dags/main.py for tasks to queue
[2025-12-17T12:29:47.005+0000] {logging_mixin.py:188} INFO - [2025-12-17T12:29:47.004+0000] {dagbag.py:545} INFO - Filling up the DagBag from /opt/airflow/dags/main.py
[2025-12-17T12:29:47.151+0000] {processor.py:840} INFO - DAG(s) 'youtube_video_stats', 'update_db' retrieved from /opt/airflow/dags/main.py
[2025-12-17T12:29:47.194+0000] {logging_mixin.py:188} INFO - [2025-12-17T12:29:47.194+0000] {dag.py:3096} INFO - Sync 2 DAGs
[2025-12-17T12:29:47.220+0000] {logging_mixin.py:188} INFO - [2025-12-17T12:29:47.220+0000] {dag.py:3954} INFO - Setting next_dagrun for update_db to 2025-12-16 15:00:00+00:00, run_after=2025-12-17 15:00:00+00:00
[2025-12-17T12:29:47.227+0000] {logging_mixin.py:188} INFO - [2025-12-17T12:29:47.227+0000] {dag.py:3954} INFO - Setting next_dagrun for youtube_video_stats to 2025-12-16 14:00:00+00:00, run_after=2025-12-17 14:00:00+00:00
[2025-12-17T12:29:47.252+0000] {processor.py:183} INFO - Processing /opt/airflow/dags/main.py took 0.257 seconds
[2025-12-17T12:30:17.466+0000] {processor.py:161} INFO - Started process (PID=10575) to work on /opt/airflow/dags/main.py
[2025-12-17T12:30:17.467+0000] {processor.py:830} INFO - Processing file /opt/airflow/dags/main.py for tasks to queue
[2025-12-17T12:30:17.468+0000] {logging_mixin.py:188} INFO - [2025-12-17T12:30:17.468+0000] {dagbag.py:545} INFO - Filling up the DagBag from /opt/airflow/dags/main.py
[2025-12-17T12:30:17.661+0000] {processor.py:840} INFO - DAG(s) 'youtube_video_stats', 'update_db' retrieved from /opt/airflow/dags/main.py
[2025-12-17T12:30:17.776+0000] {logging_mixin.py:188} INFO - [2025-12-17T12:30:17.775+0000] {dag.py:3096} INFO - Sync 2 DAGs
[2025-12-17T12:30:17.859+0000] {logging_mixin.py:188} INFO - [2025-12-17T12:30:17.858+0000] {dag.py:3954} INFO - Setting next_dagrun for update_db to 2025-12-16 15:00:00+00:00, run_after=2025-12-17 15:00:00+00:00
[2025-12-17T12:30:17.872+0000] {logging_mixin.py:188} INFO - [2025-12-17T12:30:17.872+0000] {dag.py:3954} INFO - Setting next_dagrun for youtube_video_stats to 2025-12-16 14:00:00+00:00, run_after=2025-12-17 14:00:00+00:00
[2025-12-17T12:30:17.917+0000] {processor.py:183} INFO - Processing /opt/airflow/dags/main.py took 0.475 seconds
[2025-12-17T12:30:48.127+0000] {processor.py:161} INFO - Started process (PID=10582) to work on /opt/airflow/dags/main.py
[2025-12-17T12:30:48.129+0000] {processor.py:830} INFO - Processing file /opt/airflow/dags/main.py for tasks to queue
[2025-12-17T12:30:48.130+0000] {logging_mixin.py:188} INFO - [2025-12-17T12:30:48.130+0000] {dagbag.py:545} INFO - Filling up the DagBag from /opt/airflow/dags/main.py
[2025-12-17T12:30:48.223+0000] {processor.py:840} INFO - DAG(s) 'youtube_video_stats', 'update_db' retrieved from /opt/airflow/dags/main.py
[2025-12-17T12:30:48.259+0000] {logging_mixin.py:188} INFO - [2025-12-17T12:30:48.259+0000] {dag.py:3096} INFO - Sync 2 DAGs
[2025-12-17T12:30:48.282+0000] {logging_mixin.py:188} INFO - [2025-12-17T12:30:48.282+0000] {dag.py:3954} INFO - Setting next_dagrun for update_db to 2025-12-16 15:00:00+00:00, run_after=2025-12-17 15:00:00+00:00
[2025-12-17T12:30:48.289+0000] {logging_mixin.py:188} INFO - [2025-12-17T12:30:48.289+0000] {dag.py:3954} INFO - Setting next_dagrun for youtube_video_stats to 2025-12-16 14:00:00+00:00, run_after=2025-12-17 14:00:00+00:00
[2025-12-17T12:30:48.311+0000] {processor.py:183} INFO - Processing /opt/airflow/dags/main.py took 0.192 seconds
[2025-12-17T12:31:18.507+0000] {processor.py:161} INFO - Started process (PID=10589) to work on /opt/airflow/dags/main.py
[2025-12-17T12:31:18.508+0000] {processor.py:830} INFO - Processing file /opt/airflow/dags/main.py for tasks to queue
[2025-12-17T12:31:18.509+0000] {logging_mixin.py:188} INFO - [2025-12-17T12:31:18.509+0000] {dagbag.py:545} INFO - Filling up the DagBag from /opt/airflow/dags/main.py
[2025-12-17T12:31:18.585+0000] {processor.py:840} INFO - DAG(s) 'youtube_video_stats', 'update_db' retrieved from /opt/airflow/dags/main.py
[2025-12-17T12:31:18.614+0000] {logging_mixin.py:188} INFO - [2025-12-17T12:31:18.614+0000] {dag.py:3096} INFO - Sync 2 DAGs
[2025-12-17T12:31:18.634+0000] {logging_mixin.py:188} INFO - [2025-12-17T12:31:18.634+0000] {dag.py:3954} INFO - Setting next_dagrun for update_db to 2025-12-16 15:00:00+00:00, run_after=2025-12-17 15:00:00+00:00
[2025-12-17T12:31:18.640+0000] {logging_mixin.py:188} INFO - [2025-12-17T12:31:18.640+0000] {dag.py:3954} INFO - Setting next_dagrun for youtube_video_stats to 2025-12-16 14:00:00+00:00, run_after=2025-12-17 14:00:00+00:00
[2025-12-17T12:31:18.659+0000] {processor.py:183} INFO - Processing /opt/airflow/dags/main.py took 0.157 seconds
[2025-12-17T12:31:48.778+0000] {processor.py:161} INFO - Started process (PID=10596) to work on /opt/airflow/dags/main.py
[2025-12-17T12:31:48.780+0000] {processor.py:830} INFO - Processing file /opt/airflow/dags/main.py for tasks to queue
[2025-12-17T12:31:48.782+0000] {logging_mixin.py:188} INFO - [2025-12-17T12:31:48.782+0000] {dagbag.py:545} INFO - Filling up the DagBag from /opt/airflow/dags/main.py
[2025-12-17T12:31:48.936+0000] {processor.py:840} INFO - DAG(s) 'update_db', 'youtube_video_stats' retrieved from /opt/airflow/dags/main.py
[2025-12-17T12:31:49.000+0000] {logging_mixin.py:188} INFO - [2025-12-17T12:31:49.000+0000] {dag.py:3096} INFO - Sync 2 DAGs
[2025-12-17T12:31:49.064+0000] {logging_mixin.py:188} INFO - [2025-12-17T12:31:49.064+0000] {dag.py:3954} INFO - Setting next_dagrun for update_db to 2025-12-16 15:00:00+00:00, run_after=2025-12-17 15:00:00+00:00
[2025-12-17T12:31:49.077+0000] {logging_mixin.py:188} INFO - [2025-12-17T12:31:49.077+0000] {dag.py:3954} INFO - Setting next_dagrun for youtube_video_stats to 2025-12-16 14:00:00+00:00, run_after=2025-12-17 14:00:00+00:00
[2025-12-17T12:31:49.109+0000] {processor.py:183} INFO - Processing /opt/airflow/dags/main.py took 0.345 seconds
[2025-12-17T12:32:19.299+0000] {processor.py:161} INFO - Started process (PID=10603) to work on /opt/airflow/dags/main.py
[2025-12-17T12:32:19.300+0000] {processor.py:830} INFO - Processing file /opt/airflow/dags/main.py for tasks to queue
[2025-12-17T12:32:19.301+0000] {logging_mixin.py:188} INFO - [2025-12-17T12:32:19.301+0000] {dagbag.py:545} INFO - Filling up the DagBag from /opt/airflow/dags/main.py
[2025-12-17T12:32:19.381+0000] {processor.py:840} INFO - DAG(s) 'update_db', 'youtube_video_stats' retrieved from /opt/airflow/dags/main.py
[2025-12-17T12:32:19.414+0000] {logging_mixin.py:188} INFO - [2025-12-17T12:32:19.414+0000] {dag.py:3096} INFO - Sync 2 DAGs
[2025-12-17T12:32:19.436+0000] {logging_mixin.py:188} INFO - [2025-12-17T12:32:19.436+0000] {dag.py:3954} INFO - Setting next_dagrun for update_db to 2025-12-16 15:00:00+00:00, run_after=2025-12-17 15:00:00+00:00
[2025-12-17T12:32:19.443+0000] {logging_mixin.py:188} INFO - [2025-12-17T12:32:19.442+0000] {dag.py:3954} INFO - Setting next_dagrun for youtube_video_stats to 2025-12-16 14:00:00+00:00, run_after=2025-12-17 14:00:00+00:00
[2025-12-17T12:32:19.465+0000] {processor.py:183} INFO - Processing /opt/airflow/dags/main.py took 0.173 seconds
[2025-12-17T12:32:49.507+0000] {processor.py:161} INFO - Started process (PID=10610) to work on /opt/airflow/dags/main.py
[2025-12-17T12:32:49.509+0000] {processor.py:830} INFO - Processing file /opt/airflow/dags/main.py for tasks to queue
[2025-12-17T12:32:49.510+0000] {logging_mixin.py:188} INFO - [2025-12-17T12:32:49.510+0000] {dagbag.py:545} INFO - Filling up the DagBag from /opt/airflow/dags/main.py
[2025-12-17T12:32:49.607+0000] {processor.py:840} INFO - DAG(s) 'update_db', 'youtube_video_stats' retrieved from /opt/airflow/dags/main.py
[2025-12-17T12:32:49.641+0000] {logging_mixin.py:188} INFO - [2025-12-17T12:32:49.641+0000] {dag.py:3096} INFO - Sync 2 DAGs
[2025-12-17T12:32:49.668+0000] {logging_mixin.py:188} INFO - [2025-12-17T12:32:49.668+0000] {dag.py:3954} INFO - Setting next_dagrun for update_db to 2025-12-16 15:00:00+00:00, run_after=2025-12-17 15:00:00+00:00
[2025-12-17T12:32:49.676+0000] {logging_mixin.py:188} INFO - [2025-12-17T12:32:49.676+0000] {dag.py:3954} INFO - Setting next_dagrun for youtube_video_stats to 2025-12-16 14:00:00+00:00, run_after=2025-12-17 14:00:00+00:00
[2025-12-17T12:32:49.697+0000] {processor.py:183} INFO - Processing /opt/airflow/dags/main.py took 0.196 seconds
[2025-12-17T12:33:19.850+0000] {processor.py:161} INFO - Started process (PID=10617) to work on /opt/airflow/dags/main.py
[2025-12-17T12:33:19.851+0000] {processor.py:830} INFO - Processing file /opt/airflow/dags/main.py for tasks to queue
[2025-12-17T12:33:19.853+0000] {logging_mixin.py:188} INFO - [2025-12-17T12:33:19.852+0000] {dagbag.py:545} INFO - Filling up the DagBag from /opt/airflow/dags/main.py
[2025-12-17T12:33:19.965+0000] {processor.py:840} INFO - DAG(s) 'youtube_video_stats', 'update_db' retrieved from /opt/airflow/dags/main.py
[2025-12-17T12:33:19.998+0000] {logging_mixin.py:188} INFO - [2025-12-17T12:33:19.998+0000] {dag.py:3096} INFO - Sync 2 DAGs
[2025-12-17T12:33:20.022+0000] {logging_mixin.py:188} INFO - [2025-12-17T12:33:20.022+0000] {dag.py:3954} INFO - Setting next_dagrun for update_db to 2025-12-16 15:00:00+00:00, run_after=2025-12-17 15:00:00+00:00
[2025-12-17T12:33:20.029+0000] {logging_mixin.py:188} INFO - [2025-12-17T12:33:20.029+0000] {dag.py:3954} INFO - Setting next_dagrun for youtube_video_stats to 2025-12-16 14:00:00+00:00, run_after=2025-12-17 14:00:00+00:00
[2025-12-17T12:33:20.050+0000] {processor.py:183} INFO - Processing /opt/airflow/dags/main.py took 0.207 seconds
[2025-12-17T12:33:50.272+0000] {processor.py:161} INFO - Started process (PID=10624) to work on /opt/airflow/dags/main.py
[2025-12-17T12:33:50.273+0000] {processor.py:830} INFO - Processing file /opt/airflow/dags/main.py for tasks to queue
[2025-12-17T12:33:50.274+0000] {logging_mixin.py:188} INFO - [2025-12-17T12:33:50.274+0000] {dagbag.py:545} INFO - Filling up the DagBag from /opt/airflow/dags/main.py
[2025-12-17T12:33:50.383+0000] {processor.py:840} INFO - DAG(s) 'update_db', 'youtube_video_stats' retrieved from /opt/airflow/dags/main.py
[2025-12-17T12:33:50.417+0000] {logging_mixin.py:188} INFO - [2025-12-17T12:33:50.416+0000] {dag.py:3096} INFO - Sync 2 DAGs
[2025-12-17T12:33:50.445+0000] {logging_mixin.py:188} INFO - [2025-12-17T12:33:50.445+0000] {dag.py:3954} INFO - Setting next_dagrun for update_db to 2025-12-16 15:00:00+00:00, run_after=2025-12-17 15:00:00+00:00
[2025-12-17T12:33:50.458+0000] {logging_mixin.py:188} INFO - [2025-12-17T12:33:50.457+0000] {dag.py:3954} INFO - Setting next_dagrun for youtube_video_stats to 2025-12-16 14:00:00+00:00, run_after=2025-12-17 14:00:00+00:00
[2025-12-17T12:33:50.485+0000] {processor.py:183} INFO - Processing /opt/airflow/dags/main.py took 0.221 seconds
[2025-12-17T12:34:20.700+0000] {processor.py:161} INFO - Started process (PID=10631) to work on /opt/airflow/dags/main.py
[2025-12-17T12:34:20.702+0000] {processor.py:830} INFO - Processing file /opt/airflow/dags/main.py for tasks to queue
[2025-12-17T12:34:20.703+0000] {logging_mixin.py:188} INFO - [2025-12-17T12:34:20.703+0000] {dagbag.py:545} INFO - Filling up the DagBag from /opt/airflow/dags/main.py
[2025-12-17T12:34:20.843+0000] {processor.py:840} INFO - DAG(s) 'update_db', 'youtube_video_stats' retrieved from /opt/airflow/dags/main.py
[2025-12-17T12:34:20.886+0000] {logging_mixin.py:188} INFO - [2025-12-17T12:34:20.885+0000] {dag.py:3096} INFO - Sync 2 DAGs
[2025-12-17T12:34:20.918+0000] {logging_mixin.py:188} INFO - [2025-12-17T12:34:20.918+0000] {dag.py:3954} INFO - Setting next_dagrun for update_db to 2025-12-16 15:00:00+00:00, run_after=2025-12-17 15:00:00+00:00
[2025-12-17T12:34:20.926+0000] {logging_mixin.py:188} INFO - [2025-12-17T12:34:20.925+0000] {dag.py:3954} INFO - Setting next_dagrun for youtube_video_stats to 2025-12-16 14:00:00+00:00, run_after=2025-12-17 14:00:00+00:00
[2025-12-17T12:34:20.949+0000] {processor.py:183} INFO - Processing /opt/airflow/dags/main.py took 0.260 seconds
[2025-12-17T12:34:51.119+0000] {processor.py:161} INFO - Started process (PID=10638) to work on /opt/airflow/dags/main.py
[2025-12-17T12:34:51.120+0000] {processor.py:830} INFO - Processing file /opt/airflow/dags/main.py for tasks to queue
[2025-12-17T12:34:51.122+0000] {logging_mixin.py:188} INFO - [2025-12-17T12:34:51.121+0000] {dagbag.py:545} INFO - Filling up the DagBag from /opt/airflow/dags/main.py
[2025-12-17T12:34:51.257+0000] {processor.py:840} INFO - DAG(s) 'update_db', 'youtube_video_stats' retrieved from /opt/airflow/dags/main.py
[2025-12-17T12:34:51.305+0000] {logging_mixin.py:188} INFO - [2025-12-17T12:34:51.305+0000] {dag.py:3096} INFO - Sync 2 DAGs
[2025-12-17T12:34:51.339+0000] {logging_mixin.py:188} INFO - [2025-12-17T12:34:51.339+0000] {dag.py:3954} INFO - Setting next_dagrun for update_db to 2025-12-16 15:00:00+00:00, run_after=2025-12-17 15:00:00+00:00
[2025-12-17T12:34:51.346+0000] {logging_mixin.py:188} INFO - [2025-12-17T12:34:51.346+0000] {dag.py:3954} INFO - Setting next_dagrun for youtube_video_stats to 2025-12-16 14:00:00+00:00, run_after=2025-12-17 14:00:00+00:00
[2025-12-17T12:34:51.376+0000] {processor.py:183} INFO - Processing /opt/airflow/dags/main.py took 0.267 seconds
[2025-12-17T12:35:21.586+0000] {processor.py:161} INFO - Started process (PID=10645) to work on /opt/airflow/dags/main.py
[2025-12-17T12:35:21.587+0000] {processor.py:830} INFO - Processing file /opt/airflow/dags/main.py for tasks to queue
[2025-12-17T12:35:21.588+0000] {logging_mixin.py:188} INFO - [2025-12-17T12:35:21.588+0000] {dagbag.py:545} INFO - Filling up the DagBag from /opt/airflow/dags/main.py
[2025-12-17T12:35:21.693+0000] {processor.py:840} INFO - DAG(s) 'youtube_video_stats', 'update_db' retrieved from /opt/airflow/dags/main.py
[2025-12-17T12:35:21.730+0000] {logging_mixin.py:188} INFO - [2025-12-17T12:35:21.730+0000] {dag.py:3096} INFO - Sync 2 DAGs
[2025-12-17T12:35:21.751+0000] {logging_mixin.py:188} INFO - [2025-12-17T12:35:21.751+0000] {dag.py:3954} INFO - Setting next_dagrun for update_db to 2025-12-16 15:00:00+00:00, run_after=2025-12-17 15:00:00+00:00
[2025-12-17T12:35:21.758+0000] {logging_mixin.py:188} INFO - [2025-12-17T12:35:21.758+0000] {dag.py:3954} INFO - Setting next_dagrun for youtube_video_stats to 2025-12-16 14:00:00+00:00, run_after=2025-12-17 14:00:00+00:00
[2025-12-17T12:35:21.782+0000] {processor.py:183} INFO - Processing /opt/airflow/dags/main.py took 0.203 seconds
[2025-12-17T12:35:51.978+0000] {processor.py:161} INFO - Started process (PID=10652) to work on /opt/airflow/dags/main.py
[2025-12-17T12:35:51.979+0000] {processor.py:830} INFO - Processing file /opt/airflow/dags/main.py for tasks to queue
[2025-12-17T12:35:51.980+0000] {logging_mixin.py:188} INFO - [2025-12-17T12:35:51.980+0000] {dagbag.py:545} INFO - Filling up the DagBag from /opt/airflow/dags/main.py
[2025-12-17T12:35:52.058+0000] {processor.py:840} INFO - DAG(s) 'update_db', 'youtube_video_stats' retrieved from /opt/airflow/dags/main.py
[2025-12-17T12:35:52.088+0000] {logging_mixin.py:188} INFO - [2025-12-17T12:35:52.088+0000] {dag.py:3096} INFO - Sync 2 DAGs
[2025-12-17T12:35:52.111+0000] {logging_mixin.py:188} INFO - [2025-12-17T12:35:52.110+0000] {dag.py:3954} INFO - Setting next_dagrun for update_db to 2025-12-16 15:00:00+00:00, run_after=2025-12-17 15:00:00+00:00
[2025-12-17T12:35:52.115+0000] {logging_mixin.py:188} INFO - [2025-12-17T12:35:52.115+0000] {dag.py:3954} INFO - Setting next_dagrun for youtube_video_stats to 2025-12-16 14:00:00+00:00, run_after=2025-12-17 14:00:00+00:00
[2025-12-17T12:35:52.136+0000] {processor.py:183} INFO - Processing /opt/airflow/dags/main.py took 0.164 seconds
[2025-12-17T12:36:22.332+0000] {processor.py:161} INFO - Started process (PID=10659) to work on /opt/airflow/dags/main.py
[2025-12-17T12:36:22.334+0000] {processor.py:830} INFO - Processing file /opt/airflow/dags/main.py for tasks to queue
[2025-12-17T12:36:22.334+0000] {logging_mixin.py:188} INFO - [2025-12-17T12:36:22.334+0000] {dagbag.py:545} INFO - Filling up the DagBag from /opt/airflow/dags/main.py
[2025-12-17T12:36:22.413+0000] {processor.py:840} INFO - DAG(s) 'youtube_video_stats', 'update_db' retrieved from /opt/airflow/dags/main.py
[2025-12-17T12:36:22.440+0000] {logging_mixin.py:188} INFO - [2025-12-17T12:36:22.440+0000] {dag.py:3096} INFO - Sync 2 DAGs
[2025-12-17T12:36:22.461+0000] {logging_mixin.py:188} INFO - [2025-12-17T12:36:22.461+0000] {dag.py:3954} INFO - Setting next_dagrun for update_db to 2025-12-16 15:00:00+00:00, run_after=2025-12-17 15:00:00+00:00
[2025-12-17T12:36:22.466+0000] {logging_mixin.py:188} INFO - [2025-12-17T12:36:22.466+0000] {dag.py:3954} INFO - Setting next_dagrun for youtube_video_stats to 2025-12-16 14:00:00+00:00, run_after=2025-12-17 14:00:00+00:00
[2025-12-17T12:36:22.485+0000] {processor.py:183} INFO - Processing /opt/airflow/dags/main.py took 0.158 seconds
[2025-12-17T12:36:52.563+0000] {processor.py:161} INFO - Started process (PID=10666) to work on /opt/airflow/dags/main.py
[2025-12-17T12:36:52.568+0000] {processor.py:830} INFO - Processing file /opt/airflow/dags/main.py for tasks to queue
[2025-12-17T12:36:52.570+0000] {logging_mixin.py:188} INFO - [2025-12-17T12:36:52.569+0000] {dagbag.py:545} INFO - Filling up the DagBag from /opt/airflow/dags/main.py
[2025-12-17T12:36:52.689+0000] {processor.py:840} INFO - DAG(s) 'youtube_video_stats', 'update_db' retrieved from /opt/airflow/dags/main.py
[2025-12-17T12:36:52.714+0000] {logging_mixin.py:188} INFO - [2025-12-17T12:36:52.714+0000] {dag.py:3096} INFO - Sync 2 DAGs
[2025-12-17T12:36:52.735+0000] {logging_mixin.py:188} INFO - [2025-12-17T12:36:52.735+0000] {dag.py:3954} INFO - Setting next_dagrun for update_db to 2025-12-16 15:00:00+00:00, run_after=2025-12-17 15:00:00+00:00
[2025-12-17T12:36:52.741+0000] {logging_mixin.py:188} INFO - [2025-12-17T12:36:52.740+0000] {dag.py:3954} INFO - Setting next_dagrun for youtube_video_stats to 2025-12-16 14:00:00+00:00, run_after=2025-12-17 14:00:00+00:00
[2025-12-17T12:36:52.759+0000] {processor.py:183} INFO - Processing /opt/airflow/dags/main.py took 0.228 seconds
[2025-12-17T12:37:23.064+0000] {processor.py:161} INFO - Started process (PID=10673) to work on /opt/airflow/dags/main.py
[2025-12-17T12:37:23.067+0000] {processor.py:830} INFO - Processing file /opt/airflow/dags/main.py for tasks to queue
[2025-12-17T12:37:23.071+0000] {logging_mixin.py:188} INFO - [2025-12-17T12:37:23.070+0000] {dagbag.py:545} INFO - Filling up the DagBag from /opt/airflow/dags/main.py
[2025-12-17T12:37:23.472+0000] {processor.py:840} INFO - DAG(s) 'youtube_video_stats', 'update_db' retrieved from /opt/airflow/dags/main.py
[2025-12-17T12:37:23.556+0000] {logging_mixin.py:188} INFO - [2025-12-17T12:37:23.556+0000] {dag.py:3096} INFO - Sync 2 DAGs
[2025-12-17T12:37:23.615+0000] {logging_mixin.py:188} INFO - [2025-12-17T12:37:23.614+0000] {dag.py:3954} INFO - Setting next_dagrun for update_db to 2025-12-16 15:00:00+00:00, run_after=2025-12-17 15:00:00+00:00
[2025-12-17T12:37:23.625+0000] {logging_mixin.py:188} INFO - [2025-12-17T12:37:23.625+0000] {dag.py:3954} INFO - Setting next_dagrun for youtube_video_stats to 2025-12-16 14:00:00+00:00, run_after=2025-12-17 14:00:00+00:00
[2025-12-17T12:37:23.657+0000] {processor.py:183} INFO - Processing /opt/airflow/dags/main.py took 0.633 seconds
[2025-12-17T12:37:53.986+0000] {processor.py:161} INFO - Started process (PID=10680) to work on /opt/airflow/dags/main.py
[2025-12-17T12:37:53.987+0000] {processor.py:830} INFO - Processing file /opt/airflow/dags/main.py for tasks to queue
[2025-12-17T12:37:53.988+0000] {logging_mixin.py:188} INFO - [2025-12-17T12:37:53.988+0000] {dagbag.py:545} INFO - Filling up the DagBag from /opt/airflow/dags/main.py
[2025-12-17T12:37:54.078+0000] {processor.py:840} INFO - DAG(s) 'youtube_video_stats', 'update_db' retrieved from /opt/airflow/dags/main.py
[2025-12-17T12:37:54.110+0000] {logging_mixin.py:188} INFO - [2025-12-17T12:37:54.110+0000] {dag.py:3096} INFO - Sync 2 DAGs
[2025-12-17T12:37:54.129+0000] {logging_mixin.py:188} INFO - [2025-12-17T12:37:54.129+0000] {dag.py:3954} INFO - Setting next_dagrun for update_db to 2025-12-16 15:00:00+00:00, run_after=2025-12-17 15:00:00+00:00
[2025-12-17T12:37:54.134+0000] {logging_mixin.py:188} INFO - [2025-12-17T12:37:54.134+0000] {dag.py:3954} INFO - Setting next_dagrun for youtube_video_stats to 2025-12-16 14:00:00+00:00, run_after=2025-12-17 14:00:00+00:00
[2025-12-17T12:37:54.151+0000] {processor.py:183} INFO - Processing /opt/airflow/dags/main.py took 0.171 seconds
[2025-12-17T12:38:24.370+0000] {processor.py:161} INFO - Started process (PID=10687) to work on /opt/airflow/dags/main.py
[2025-12-17T12:38:24.371+0000] {processor.py:830} INFO - Processing file /opt/airflow/dags/main.py for tasks to queue
[2025-12-17T12:38:24.372+0000] {logging_mixin.py:188} INFO - [2025-12-17T12:38:24.372+0000] {dagbag.py:545} INFO - Filling up the DagBag from /opt/airflow/dags/main.py
[2025-12-17T12:38:24.445+0000] {processor.py:840} INFO - DAG(s) 'youtube_video_stats', 'update_db' retrieved from /opt/airflow/dags/main.py
[2025-12-17T12:38:24.473+0000] {logging_mixin.py:188} INFO - [2025-12-17T12:38:24.473+0000] {dag.py:3096} INFO - Sync 2 DAGs
[2025-12-17T12:38:24.494+0000] {logging_mixin.py:188} INFO - [2025-12-17T12:38:24.494+0000] {dag.py:3954} INFO - Setting next_dagrun for update_db to 2025-12-16 15:00:00+00:00, run_after=2025-12-17 15:00:00+00:00
[2025-12-17T12:38:24.508+0000] {logging_mixin.py:188} INFO - [2025-12-17T12:38:24.508+0000] {dag.py:3954} INFO - Setting next_dagrun for youtube_video_stats to 2025-12-16 14:00:00+00:00, run_after=2025-12-17 14:00:00+00:00
[2025-12-17T12:38:24.539+0000] {processor.py:183} INFO - Processing /opt/airflow/dags/main.py took 0.175 seconds
[2025-12-17T12:38:54.599+0000] {processor.py:161} INFO - Started process (PID=10694) to work on /opt/airflow/dags/main.py
[2025-12-17T12:38:54.601+0000] {processor.py:830} INFO - Processing file /opt/airflow/dags/main.py for tasks to queue
[2025-12-17T12:38:54.603+0000] {logging_mixin.py:188} INFO - [2025-12-17T12:38:54.603+0000] {dagbag.py:545} INFO - Filling up the DagBag from /opt/airflow/dags/main.py
[2025-12-17T12:38:54.776+0000] {processor.py:840} INFO - DAG(s) 'update_db', 'youtube_video_stats' retrieved from /opt/airflow/dags/main.py
[2025-12-17T12:38:54.827+0000] {logging_mixin.py:188} INFO - [2025-12-17T12:38:54.827+0000] {dag.py:3096} INFO - Sync 2 DAGs
[2025-12-17T12:38:54.869+0000] {logging_mixin.py:188} INFO - [2025-12-17T12:38:54.869+0000] {dag.py:3954} INFO - Setting next_dagrun for update_db to 2025-12-16 15:00:00+00:00, run_after=2025-12-17 15:00:00+00:00
[2025-12-17T12:38:54.879+0000] {logging_mixin.py:188} INFO - [2025-12-17T12:38:54.879+0000] {dag.py:3954} INFO - Setting next_dagrun for youtube_video_stats to 2025-12-16 14:00:00+00:00, run_after=2025-12-17 14:00:00+00:00
[2025-12-17T12:38:54.910+0000] {processor.py:183} INFO - Processing /opt/airflow/dags/main.py took 0.322 seconds
[2025-12-17T12:39:24.967+0000] {processor.py:161} INFO - Started process (PID=10701) to work on /opt/airflow/dags/main.py
[2025-12-17T12:39:24.968+0000] {processor.py:830} INFO - Processing file /opt/airflow/dags/main.py for tasks to queue
[2025-12-17T12:39:24.969+0000] {logging_mixin.py:188} INFO - [2025-12-17T12:39:24.969+0000] {dagbag.py:545} INFO - Filling up the DagBag from /opt/airflow/dags/main.py
[2025-12-17T12:39:25.073+0000] {processor.py:840} INFO - DAG(s) 'update_db', 'youtube_video_stats' retrieved from /opt/airflow/dags/main.py
[2025-12-17T12:39:25.107+0000] {logging_mixin.py:188} INFO - [2025-12-17T12:39:25.106+0000] {dag.py:3096} INFO - Sync 2 DAGs
[2025-12-17T12:39:25.130+0000] {logging_mixin.py:188} INFO - [2025-12-17T12:39:25.129+0000] {dag.py:3954} INFO - Setting next_dagrun for update_db to 2025-12-16 15:00:00+00:00, run_after=2025-12-17 15:00:00+00:00
[2025-12-17T12:39:25.135+0000] {logging_mixin.py:188} INFO - [2025-12-17T12:39:25.135+0000] {dag.py:3954} INFO - Setting next_dagrun for youtube_video_stats to 2025-12-16 14:00:00+00:00, run_after=2025-12-17 14:00:00+00:00
[2025-12-17T12:39:25.157+0000] {processor.py:183} INFO - Processing /opt/airflow/dags/main.py took 0.195 seconds
[2025-12-17T12:39:55.312+0000] {processor.py:161} INFO - Started process (PID=10708) to work on /opt/airflow/dags/main.py
[2025-12-17T12:39:55.313+0000] {processor.py:830} INFO - Processing file /opt/airflow/dags/main.py for tasks to queue
[2025-12-17T12:39:55.314+0000] {logging_mixin.py:188} INFO - [2025-12-17T12:39:55.314+0000] {dagbag.py:545} INFO - Filling up the DagBag from /opt/airflow/dags/main.py
[2025-12-17T12:39:55.387+0000] {processor.py:840} INFO - DAG(s) 'update_db', 'youtube_video_stats' retrieved from /opt/airflow/dags/main.py
[2025-12-17T12:39:55.420+0000] {logging_mixin.py:188} INFO - [2025-12-17T12:39:55.419+0000] {dag.py:3096} INFO - Sync 2 DAGs
[2025-12-17T12:39:55.444+0000] {logging_mixin.py:188} INFO - [2025-12-17T12:39:55.444+0000] {dag.py:3954} INFO - Setting next_dagrun for update_db to 2025-12-16 15:00:00+00:00, run_after=2025-12-17 15:00:00+00:00
[2025-12-17T12:39:55.452+0000] {logging_mixin.py:188} INFO - [2025-12-17T12:39:55.452+0000] {dag.py:3954} INFO - Setting next_dagrun for youtube_video_stats to 2025-12-16 14:00:00+00:00, run_after=2025-12-17 14:00:00+00:00
[2025-12-17T12:39:55.473+0000] {processor.py:183} INFO - Processing /opt/airflow/dags/main.py took 0.167 seconds
[2025-12-17T12:40:25.572+0000] {processor.py:161} INFO - Started process (PID=10715) to work on /opt/airflow/dags/main.py
[2025-12-17T12:40:25.573+0000] {processor.py:830} INFO - Processing file /opt/airflow/dags/main.py for tasks to queue
[2025-12-17T12:40:25.574+0000] {logging_mixin.py:188} INFO - [2025-12-17T12:40:25.574+0000] {dagbag.py:545} INFO - Filling up the DagBag from /opt/airflow/dags/main.py
[2025-12-17T12:40:25.649+0000] {processor.py:840} INFO - DAG(s) 'youtube_video_stats', 'update_db' retrieved from /opt/airflow/dags/main.py
[2025-12-17T12:40:25.676+0000] {logging_mixin.py:188} INFO - [2025-12-17T12:40:25.676+0000] {dag.py:3096} INFO - Sync 2 DAGs
[2025-12-17T12:40:25.695+0000] {logging_mixin.py:188} INFO - [2025-12-17T12:40:25.695+0000] {dag.py:3954} INFO - Setting next_dagrun for update_db to 2025-12-16 15:00:00+00:00, run_after=2025-12-17 15:00:00+00:00
[2025-12-17T12:40:25.700+0000] {logging_mixin.py:188} INFO - [2025-12-17T12:40:25.699+0000] {dag.py:3954} INFO - Setting next_dagrun for youtube_video_stats to 2025-12-16 14:00:00+00:00, run_after=2025-12-17 14:00:00+00:00
[2025-12-17T12:40:25.716+0000] {processor.py:183} INFO - Processing /opt/airflow/dags/main.py took 0.149 seconds
[2025-12-17T12:40:55.889+0000] {processor.py:161} INFO - Started process (PID=10722) to work on /opt/airflow/dags/main.py
[2025-12-17T12:40:55.891+0000] {processor.py:830} INFO - Processing file /opt/airflow/dags/main.py for tasks to queue
[2025-12-17T12:40:55.892+0000] {logging_mixin.py:188} INFO - [2025-12-17T12:40:55.891+0000] {dagbag.py:545} INFO - Filling up the DagBag from /opt/airflow/dags/main.py
[2025-12-17T12:40:55.987+0000] {processor.py:840} INFO - DAG(s) 'update_db', 'youtube_video_stats' retrieved from /opt/airflow/dags/main.py
[2025-12-17T12:40:56.015+0000] {logging_mixin.py:188} INFO - [2025-12-17T12:40:56.015+0000] {dag.py:3096} INFO - Sync 2 DAGs
[2025-12-17T12:40:56.035+0000] {logging_mixin.py:188} INFO - [2025-12-17T12:40:56.034+0000] {dag.py:3954} INFO - Setting next_dagrun for update_db to 2025-12-16 15:00:00+00:00, run_after=2025-12-17 15:00:00+00:00
[2025-12-17T12:40:56.040+0000] {logging_mixin.py:188} INFO - [2025-12-17T12:40:56.039+0000] {dag.py:3954} INFO - Setting next_dagrun for youtube_video_stats to 2025-12-16 14:00:00+00:00, run_after=2025-12-17 14:00:00+00:00
[2025-12-17T12:40:56.055+0000] {processor.py:183} INFO - Processing /opt/airflow/dags/main.py took 0.171 seconds
[2025-12-17T12:41:26.148+0000] {processor.py:161} INFO - Started process (PID=10729) to work on /opt/airflow/dags/main.py
[2025-12-17T12:41:26.150+0000] {processor.py:830} INFO - Processing file /opt/airflow/dags/main.py for tasks to queue
[2025-12-17T12:41:26.150+0000] {logging_mixin.py:188} INFO - [2025-12-17T12:41:26.150+0000] {dagbag.py:545} INFO - Filling up the DagBag from /opt/airflow/dags/main.py
[2025-12-17T12:41:26.220+0000] {processor.py:840} INFO - DAG(s) 'update_db', 'youtube_video_stats' retrieved from /opt/airflow/dags/main.py
[2025-12-17T12:41:26.247+0000] {logging_mixin.py:188} INFO - [2025-12-17T12:41:26.247+0000] {dag.py:3096} INFO - Sync 2 DAGs
[2025-12-17T12:41:26.267+0000] {logging_mixin.py:188} INFO - [2025-12-17T12:41:26.266+0000] {dag.py:3954} INFO - Setting next_dagrun for update_db to 2025-12-16 15:00:00+00:00, run_after=2025-12-17 15:00:00+00:00
[2025-12-17T12:41:26.273+0000] {logging_mixin.py:188} INFO - [2025-12-17T12:41:26.272+0000] {dag.py:3954} INFO - Setting next_dagrun for youtube_video_stats to 2025-12-16 14:00:00+00:00, run_after=2025-12-17 14:00:00+00:00
[2025-12-17T12:41:26.292+0000] {processor.py:183} INFO - Processing /opt/airflow/dags/main.py took 0.149 seconds
[2025-12-17T12:41:56.446+0000] {processor.py:161} INFO - Started process (PID=10736) to work on /opt/airflow/dags/main.py
[2025-12-17T12:41:56.447+0000] {processor.py:830} INFO - Processing file /opt/airflow/dags/main.py for tasks to queue
[2025-12-17T12:41:56.448+0000] {logging_mixin.py:188} INFO - [2025-12-17T12:41:56.448+0000] {dagbag.py:545} INFO - Filling up the DagBag from /opt/airflow/dags/main.py
[2025-12-17T12:41:56.522+0000] {processor.py:840} INFO - DAG(s) 'update_db', 'youtube_video_stats' retrieved from /opt/airflow/dags/main.py
[2025-12-17T12:41:56.547+0000] {logging_mixin.py:188} INFO - [2025-12-17T12:41:56.546+0000] {dag.py:3096} INFO - Sync 2 DAGs
[2025-12-17T12:41:56.566+0000] {logging_mixin.py:188} INFO - [2025-12-17T12:41:56.566+0000] {dag.py:3954} INFO - Setting next_dagrun for update_db to 2025-12-16 15:00:00+00:00, run_after=2025-12-17 15:00:00+00:00
[2025-12-17T12:41:56.570+0000] {logging_mixin.py:188} INFO - [2025-12-17T12:41:56.570+0000] {dag.py:3954} INFO - Setting next_dagrun for youtube_video_stats to 2025-12-16 14:00:00+00:00, run_after=2025-12-17 14:00:00+00:00
[2025-12-17T12:41:56.588+0000] {processor.py:183} INFO - Processing /opt/airflow/dags/main.py took 0.148 seconds
[2025-12-17T12:42:26.662+0000] {processor.py:161} INFO - Started process (PID=10743) to work on /opt/airflow/dags/main.py
[2025-12-17T12:42:26.663+0000] {processor.py:830} INFO - Processing file /opt/airflow/dags/main.py for tasks to queue
[2025-12-17T12:42:26.664+0000] {logging_mixin.py:188} INFO - [2025-12-17T12:42:26.664+0000] {dagbag.py:545} INFO - Filling up the DagBag from /opt/airflow/dags/main.py
[2025-12-17T12:42:26.772+0000] {processor.py:840} INFO - DAG(s) 'youtube_video_stats', 'update_db' retrieved from /opt/airflow/dags/main.py
[2025-12-17T12:42:26.798+0000] {logging_mixin.py:188} INFO - [2025-12-17T12:42:26.798+0000] {dag.py:3096} INFO - Sync 2 DAGs
[2025-12-17T12:42:26.816+0000] {logging_mixin.py:188} INFO - [2025-12-17T12:42:26.816+0000] {dag.py:3954} INFO - Setting next_dagrun for update_db to 2025-12-16 15:00:00+00:00, run_after=2025-12-17 15:00:00+00:00
[2025-12-17T12:42:26.822+0000] {logging_mixin.py:188} INFO - [2025-12-17T12:42:26.822+0000] {dag.py:3954} INFO - Setting next_dagrun for youtube_video_stats to 2025-12-16 14:00:00+00:00, run_after=2025-12-17 14:00:00+00:00
[2025-12-17T12:42:26.838+0000] {processor.py:183} INFO - Processing /opt/airflow/dags/main.py took 0.182 seconds
[2025-12-17T12:42:57.068+0000] {processor.py:161} INFO - Started process (PID=10750) to work on /opt/airflow/dags/main.py
[2025-12-17T12:42:57.069+0000] {processor.py:830} INFO - Processing file /opt/airflow/dags/main.py for tasks to queue
[2025-12-17T12:42:57.070+0000] {logging_mixin.py:188} INFO - [2025-12-17T12:42:57.070+0000] {dagbag.py:545} INFO - Filling up the DagBag from /opt/airflow/dags/main.py
[2025-12-17T12:42:57.147+0000] {processor.py:840} INFO - DAG(s) 'youtube_video_stats', 'update_db' retrieved from /opt/airflow/dags/main.py
[2025-12-17T12:42:57.172+0000] {logging_mixin.py:188} INFO - [2025-12-17T12:42:57.172+0000] {dag.py:3096} INFO - Sync 2 DAGs
[2025-12-17T12:42:57.192+0000] {logging_mixin.py:188} INFO - [2025-12-17T12:42:57.192+0000] {dag.py:3954} INFO - Setting next_dagrun for update_db to 2025-12-16 15:00:00+00:00, run_after=2025-12-17 15:00:00+00:00
[2025-12-17T12:42:57.197+0000] {logging_mixin.py:188} INFO - [2025-12-17T12:42:57.197+0000] {dag.py:3954} INFO - Setting next_dagrun for youtube_video_stats to 2025-12-16 14:00:00+00:00, run_after=2025-12-17 14:00:00+00:00
[2025-12-17T12:42:57.214+0000] {processor.py:183} INFO - Processing /opt/airflow/dags/main.py took 0.151 seconds
[2025-12-17T12:43:27.310+0000] {processor.py:161} INFO - Started process (PID=10757) to work on /opt/airflow/dags/main.py
[2025-12-17T12:43:27.311+0000] {processor.py:830} INFO - Processing file /opt/airflow/dags/main.py for tasks to queue
[2025-12-17T12:43:27.312+0000] {logging_mixin.py:188} INFO - [2025-12-17T12:43:27.312+0000] {dagbag.py:545} INFO - Filling up the DagBag from /opt/airflow/dags/main.py
[2025-12-17T12:43:27.405+0000] {processor.py:840} INFO - DAG(s) 'youtube_video_stats', 'update_db' retrieved from /opt/airflow/dags/main.py
[2025-12-17T12:43:27.438+0000] {logging_mixin.py:188} INFO - [2025-12-17T12:43:27.438+0000] {dag.py:3096} INFO - Sync 2 DAGs
[2025-12-17T12:43:27.461+0000] {logging_mixin.py:188} INFO - [2025-12-17T12:43:27.461+0000] {dag.py:3954} INFO - Setting next_dagrun for update_db to 2025-12-16 15:00:00+00:00, run_after=2025-12-17 15:00:00+00:00
[2025-12-17T12:43:27.467+0000] {logging_mixin.py:188} INFO - [2025-12-17T12:43:27.467+0000] {dag.py:3954} INFO - Setting next_dagrun for youtube_video_stats to 2025-12-16 14:00:00+00:00, run_after=2025-12-17 14:00:00+00:00
[2025-12-17T12:43:27.489+0000] {processor.py:183} INFO - Processing /opt/airflow/dags/main.py took 0.186 seconds
[2025-12-17T12:43:57.624+0000] {processor.py:161} INFO - Started process (PID=10764) to work on /opt/airflow/dags/main.py
[2025-12-17T12:43:57.625+0000] {processor.py:830} INFO - Processing file /opt/airflow/dags/main.py for tasks to queue
[2025-12-17T12:43:57.626+0000] {logging_mixin.py:188} INFO - [2025-12-17T12:43:57.626+0000] {dagbag.py:545} INFO - Filling up the DagBag from /opt/airflow/dags/main.py
[2025-12-17T12:43:57.698+0000] {processor.py:840} INFO - DAG(s) 'update_db', 'youtube_video_stats' retrieved from /opt/airflow/dags/main.py
[2025-12-17T12:43:57.723+0000] {logging_mixin.py:188} INFO - [2025-12-17T12:43:57.723+0000] {dag.py:3096} INFO - Sync 2 DAGs
[2025-12-17T12:43:57.742+0000] {logging_mixin.py:188} INFO - [2025-12-17T12:43:57.742+0000] {dag.py:3954} INFO - Setting next_dagrun for update_db to 2025-12-16 15:00:00+00:00, run_after=2025-12-17 15:00:00+00:00
[2025-12-17T12:43:57.747+0000] {logging_mixin.py:188} INFO - [2025-12-17T12:43:57.747+0000] {dag.py:3954} INFO - Setting next_dagrun for youtube_video_stats to 2025-12-16 14:00:00+00:00, run_after=2025-12-17 14:00:00+00:00
[2025-12-17T12:43:57.763+0000] {processor.py:183} INFO - Processing /opt/airflow/dags/main.py took 0.144 seconds
[2025-12-17T12:44:27.894+0000] {processor.py:161} INFO - Started process (PID=10771) to work on /opt/airflow/dags/main.py
[2025-12-17T12:44:27.895+0000] {processor.py:830} INFO - Processing file /opt/airflow/dags/main.py for tasks to queue
[2025-12-17T12:44:27.896+0000] {logging_mixin.py:188} INFO - [2025-12-17T12:44:27.896+0000] {dagbag.py:545} INFO - Filling up the DagBag from /opt/airflow/dags/main.py
[2025-12-17T12:44:27.972+0000] {processor.py:840} INFO - DAG(s) 'youtube_video_stats', 'update_db' retrieved from /opt/airflow/dags/main.py
[2025-12-17T12:44:27.997+0000] {logging_mixin.py:188} INFO - [2025-12-17T12:44:27.997+0000] {dag.py:3096} INFO - Sync 2 DAGs
[2025-12-17T12:44:28.016+0000] {logging_mixin.py:188} INFO - [2025-12-17T12:44:28.015+0000] {dag.py:3954} INFO - Setting next_dagrun for update_db to 2025-12-16 15:00:00+00:00, run_after=2025-12-17 15:00:00+00:00
[2025-12-17T12:44:28.020+0000] {logging_mixin.py:188} INFO - [2025-12-17T12:44:28.020+0000] {dag.py:3954} INFO - Setting next_dagrun for youtube_video_stats to 2025-12-16 14:00:00+00:00, run_after=2025-12-17 14:00:00+00:00
[2025-12-17T12:44:28.037+0000] {processor.py:183} INFO - Processing /opt/airflow/dags/main.py took 0.149 seconds
[2025-12-17T12:44:58.157+0000] {processor.py:161} INFO - Started process (PID=10778) to work on /opt/airflow/dags/main.py
[2025-12-17T12:44:58.159+0000] {processor.py:830} INFO - Processing file /opt/airflow/dags/main.py for tasks to queue
[2025-12-17T12:44:58.159+0000] {logging_mixin.py:188} INFO - [2025-12-17T12:44:58.159+0000] {dagbag.py:545} INFO - Filling up the DagBag from /opt/airflow/dags/main.py
[2025-12-17T12:44:58.235+0000] {processor.py:840} INFO - DAG(s) 'update_db', 'youtube_video_stats' retrieved from /opt/airflow/dags/main.py
[2025-12-17T12:44:58.259+0000] {logging_mixin.py:188} INFO - [2025-12-17T12:44:58.259+0000] {dag.py:3096} INFO - Sync 2 DAGs
[2025-12-17T12:44:58.278+0000] {logging_mixin.py:188} INFO - [2025-12-17T12:44:58.277+0000] {dag.py:3954} INFO - Setting next_dagrun for update_db to 2025-12-16 15:00:00+00:00, run_after=2025-12-17 15:00:00+00:00
[2025-12-17T12:44:58.283+0000] {logging_mixin.py:188} INFO - [2025-12-17T12:44:58.283+0000] {dag.py:3954} INFO - Setting next_dagrun for youtube_video_stats to 2025-12-16 14:00:00+00:00, run_after=2025-12-17 14:00:00+00:00
[2025-12-17T12:44:58.302+0000] {processor.py:183} INFO - Processing /opt/airflow/dags/main.py took 0.150 seconds
[2025-12-17T12:45:28.441+0000] {processor.py:161} INFO - Started process (PID=10785) to work on /opt/airflow/dags/main.py
[2025-12-17T12:45:28.443+0000] {processor.py:830} INFO - Processing file /opt/airflow/dags/main.py for tasks to queue
[2025-12-17T12:45:28.444+0000] {logging_mixin.py:188} INFO - [2025-12-17T12:45:28.443+0000] {dagbag.py:545} INFO - Filling up the DagBag from /opt/airflow/dags/main.py
[2025-12-17T12:45:28.539+0000] {processor.py:840} INFO - DAG(s) 'youtube_video_stats', 'update_db' retrieved from /opt/airflow/dags/main.py
[2025-12-17T12:45:28.568+0000] {logging_mixin.py:188} INFO - [2025-12-17T12:45:28.567+0000] {dag.py:3096} INFO - Sync 2 DAGs
[2025-12-17T12:45:28.588+0000] {logging_mixin.py:188} INFO - [2025-12-17T12:45:28.588+0000] {dag.py:3954} INFO - Setting next_dagrun for update_db to 2025-12-16 15:00:00+00:00, run_after=2025-12-17 15:00:00+00:00
[2025-12-17T12:45:28.594+0000] {logging_mixin.py:188} INFO - [2025-12-17T12:45:28.593+0000] {dag.py:3954} INFO - Setting next_dagrun for youtube_video_stats to 2025-12-16 14:00:00+00:00, run_after=2025-12-17 14:00:00+00:00
[2025-12-17T12:45:28.611+0000] {processor.py:183} INFO - Processing /opt/airflow/dags/main.py took 0.176 seconds
[2025-12-17T12:45:58.672+0000] {processor.py:161} INFO - Started process (PID=10792) to work on /opt/airflow/dags/main.py
[2025-12-17T12:45:58.674+0000] {processor.py:830} INFO - Processing file /opt/airflow/dags/main.py for tasks to queue
[2025-12-17T12:45:58.675+0000] {logging_mixin.py:188} INFO - [2025-12-17T12:45:58.675+0000] {dagbag.py:545} INFO - Filling up the DagBag from /opt/airflow/dags/main.py
[2025-12-17T12:45:58.768+0000] {processor.py:840} INFO - DAG(s) 'update_db', 'youtube_video_stats' retrieved from /opt/airflow/dags/main.py
[2025-12-17T12:45:58.804+0000] {logging_mixin.py:188} INFO - [2025-12-17T12:45:58.804+0000] {dag.py:3096} INFO - Sync 2 DAGs
[2025-12-17T12:45:58.827+0000] {logging_mixin.py:188} INFO - [2025-12-17T12:45:58.827+0000] {dag.py:3954} INFO - Setting next_dagrun for update_db to 2025-12-16 15:00:00+00:00, run_after=2025-12-17 15:00:00+00:00
[2025-12-17T12:45:58.833+0000] {logging_mixin.py:188} INFO - [2025-12-17T12:45:58.833+0000] {dag.py:3954} INFO - Setting next_dagrun for youtube_video_stats to 2025-12-16 14:00:00+00:00, run_after=2025-12-17 14:00:00+00:00
[2025-12-17T12:45:58.853+0000] {processor.py:183} INFO - Processing /opt/airflow/dags/main.py took 0.188 seconds
[2025-12-17T12:46:29.010+0000] {processor.py:161} INFO - Started process (PID=10799) to work on /opt/airflow/dags/main.py
[2025-12-17T12:46:29.012+0000] {processor.py:830} INFO - Processing file /opt/airflow/dags/main.py for tasks to queue
[2025-12-17T12:46:29.013+0000] {logging_mixin.py:188} INFO - [2025-12-17T12:46:29.012+0000] {dagbag.py:545} INFO - Filling up the DagBag from /opt/airflow/dags/main.py
[2025-12-17T12:46:29.085+0000] {processor.py:840} INFO - DAG(s) 'youtube_video_stats', 'update_db' retrieved from /opt/airflow/dags/main.py
[2025-12-17T12:46:29.114+0000] {logging_mixin.py:188} INFO - [2025-12-17T12:46:29.114+0000] {dag.py:3096} INFO - Sync 2 DAGs
[2025-12-17T12:46:29.134+0000] {logging_mixin.py:188} INFO - [2025-12-17T12:46:29.134+0000] {dag.py:3954} INFO - Setting next_dagrun for update_db to 2025-12-16 15:00:00+00:00, run_after=2025-12-17 15:00:00+00:00
[2025-12-17T12:46:29.139+0000] {logging_mixin.py:188} INFO - [2025-12-17T12:46:29.138+0000] {dag.py:3954} INFO - Setting next_dagrun for youtube_video_stats to 2025-12-16 14:00:00+00:00, run_after=2025-12-17 14:00:00+00:00
[2025-12-17T12:46:29.156+0000] {processor.py:183} INFO - Processing /opt/airflow/dags/main.py took 0.151 seconds
[2025-12-17T12:46:59.227+0000] {processor.py:161} INFO - Started process (PID=10806) to work on /opt/airflow/dags/main.py
[2025-12-17T12:46:59.228+0000] {processor.py:830} INFO - Processing file /opt/airflow/dags/main.py for tasks to queue
[2025-12-17T12:46:59.229+0000] {logging_mixin.py:188} INFO - [2025-12-17T12:46:59.229+0000] {dagbag.py:545} INFO - Filling up the DagBag from /opt/airflow/dags/main.py
[2025-12-17T12:46:59.306+0000] {processor.py:840} INFO - DAG(s) 'update_db', 'youtube_video_stats' retrieved from /opt/airflow/dags/main.py
[2025-12-17T12:46:59.337+0000] {logging_mixin.py:188} INFO - [2025-12-17T12:46:59.336+0000] {dag.py:3096} INFO - Sync 2 DAGs
[2025-12-17T12:46:59.356+0000] {logging_mixin.py:188} INFO - [2025-12-17T12:46:59.356+0000] {dag.py:3954} INFO - Setting next_dagrun for update_db to 2025-12-16 15:00:00+00:00, run_after=2025-12-17 15:00:00+00:00
[2025-12-17T12:46:59.362+0000] {logging_mixin.py:188} INFO - [2025-12-17T12:46:59.361+0000] {dag.py:3954} INFO - Setting next_dagrun for youtube_video_stats to 2025-12-16 14:00:00+00:00, run_after=2025-12-17 14:00:00+00:00
[2025-12-17T12:46:59.380+0000] {processor.py:183} INFO - Processing /opt/airflow/dags/main.py took 0.160 seconds
[2025-12-17T12:47:29.565+0000] {processor.py:161} INFO - Started process (PID=10813) to work on /opt/airflow/dags/main.py
[2025-12-17T12:47:29.566+0000] {processor.py:830} INFO - Processing file /opt/airflow/dags/main.py for tasks to queue
[2025-12-17T12:47:29.567+0000] {logging_mixin.py:188} INFO - [2025-12-17T12:47:29.567+0000] {dagbag.py:545} INFO - Filling up the DagBag from /opt/airflow/dags/main.py
[2025-12-17T12:47:29.657+0000] {processor.py:840} INFO - DAG(s) 'update_db', 'youtube_video_stats' retrieved from /opt/airflow/dags/main.py
[2025-12-17T12:47:29.697+0000] {logging_mixin.py:188} INFO - [2025-12-17T12:47:29.697+0000] {dag.py:3096} INFO - Sync 2 DAGs
[2025-12-17T12:47:29.721+0000] {logging_mixin.py:188} INFO - [2025-12-17T12:47:29.720+0000] {dag.py:3954} INFO - Setting next_dagrun for update_db to 2025-12-16 15:00:00+00:00, run_after=2025-12-17 15:00:00+00:00
[2025-12-17T12:47:29.729+0000] {logging_mixin.py:188} INFO - [2025-12-17T12:47:29.728+0000] {dag.py:3954} INFO - Setting next_dagrun for youtube_video_stats to 2025-12-16 14:00:00+00:00, run_after=2025-12-17 14:00:00+00:00
[2025-12-17T12:47:29.754+0000] {processor.py:183} INFO - Processing /opt/airflow/dags/main.py took 0.197 seconds
[2025-12-17T12:48:00.047+0000] {processor.py:161} INFO - Started process (PID=10820) to work on /opt/airflow/dags/main.py
[2025-12-17T12:48:00.049+0000] {processor.py:830} INFO - Processing file /opt/airflow/dags/main.py for tasks to queue
[2025-12-17T12:48:00.050+0000] {logging_mixin.py:188} INFO - [2025-12-17T12:48:00.050+0000] {dagbag.py:545} INFO - Filling up the DagBag from /opt/airflow/dags/main.py
[2025-12-17T12:48:00.170+0000] {processor.py:840} INFO - DAG(s) 'youtube_video_stats', 'update_db' retrieved from /opt/airflow/dags/main.py
[2025-12-17T12:48:00.209+0000] {logging_mixin.py:188} INFO - [2025-12-17T12:48:00.208+0000] {dag.py:3096} INFO - Sync 2 DAGs
[2025-12-17T12:48:00.243+0000] {logging_mixin.py:188} INFO - [2025-12-17T12:48:00.242+0000] {dag.py:3954} INFO - Setting next_dagrun for update_db to 2025-12-16 15:00:00+00:00, run_after=2025-12-17 15:00:00+00:00
[2025-12-17T12:48:00.252+0000] {logging_mixin.py:188} INFO - [2025-12-17T12:48:00.252+0000] {dag.py:3954} INFO - Setting next_dagrun for youtube_video_stats to 2025-12-16 14:00:00+00:00, run_after=2025-12-17 14:00:00+00:00
[2025-12-17T12:48:00.297+0000] {processor.py:183} INFO - Processing /opt/airflow/dags/main.py took 0.256 seconds
[2025-12-17T12:48:30.505+0000] {processor.py:161} INFO - Started process (PID=10827) to work on /opt/airflow/dags/main.py
[2025-12-17T12:48:30.506+0000] {processor.py:830} INFO - Processing file /opt/airflow/dags/main.py for tasks to queue
[2025-12-17T12:48:30.507+0000] {logging_mixin.py:188} INFO - [2025-12-17T12:48:30.507+0000] {dagbag.py:545} INFO - Filling up the DagBag from /opt/airflow/dags/main.py
[2025-12-17T12:48:30.627+0000] {processor.py:840} INFO - DAG(s) 'youtube_video_stats', 'update_db' retrieved from /opt/airflow/dags/main.py
[2025-12-17T12:48:30.662+0000] {logging_mixin.py:188} INFO - [2025-12-17T12:48:30.661+0000] {dag.py:3096} INFO - Sync 2 DAGs
[2025-12-17T12:48:30.689+0000] {logging_mixin.py:188} INFO - [2025-12-17T12:48:30.688+0000] {dag.py:3954} INFO - Setting next_dagrun for update_db to 2025-12-16 15:00:00+00:00, run_after=2025-12-17 15:00:00+00:00
[2025-12-17T12:48:30.696+0000] {logging_mixin.py:188} INFO - [2025-12-17T12:48:30.696+0000] {dag.py:3954} INFO - Setting next_dagrun for youtube_video_stats to 2025-12-16 14:00:00+00:00, run_after=2025-12-17 14:00:00+00:00
[2025-12-17T12:48:30.723+0000] {processor.py:183} INFO - Processing /opt/airflow/dags/main.py took 0.226 seconds
[2025-12-17T12:49:00.918+0000] {processor.py:161} INFO - Started process (PID=10834) to work on /opt/airflow/dags/main.py
[2025-12-17T12:49:00.920+0000] {processor.py:830} INFO - Processing file /opt/airflow/dags/main.py for tasks to queue
[2025-12-17T12:49:00.923+0000] {logging_mixin.py:188} INFO - [2025-12-17T12:49:00.923+0000] {dagbag.py:545} INFO - Filling up the DagBag from /opt/airflow/dags/main.py
[2025-12-17T12:49:01.007+0000] {processor.py:840} INFO - DAG(s) 'youtube_video_stats', 'update_db' retrieved from /opt/airflow/dags/main.py
[2025-12-17T12:49:01.039+0000] {logging_mixin.py:188} INFO - [2025-12-17T12:49:01.038+0000] {dag.py:3096} INFO - Sync 2 DAGs
[2025-12-17T12:49:01.065+0000] {logging_mixin.py:188} INFO - [2025-12-17T12:49:01.065+0000] {dag.py:3954} INFO - Setting next_dagrun for update_db to 2025-12-16 15:00:00+00:00, run_after=2025-12-17 15:00:00+00:00
[2025-12-17T12:49:01.074+0000] {logging_mixin.py:188} INFO - [2025-12-17T12:49:01.073+0000] {dag.py:3954} INFO - Setting next_dagrun for youtube_video_stats to 2025-12-16 14:00:00+00:00, run_after=2025-12-17 14:00:00+00:00
[2025-12-17T12:49:01.096+0000] {processor.py:183} INFO - Processing /opt/airflow/dags/main.py took 0.184 seconds
[2025-12-17T12:49:31.295+0000] {processor.py:161} INFO - Started process (PID=10841) to work on /opt/airflow/dags/main.py
[2025-12-17T12:49:31.296+0000] {processor.py:830} INFO - Processing file /opt/airflow/dags/main.py for tasks to queue
[2025-12-17T12:49:31.297+0000] {logging_mixin.py:188} INFO - [2025-12-17T12:49:31.297+0000] {dagbag.py:545} INFO - Filling up the DagBag from /opt/airflow/dags/main.py
[2025-12-17T12:49:31.379+0000] {processor.py:840} INFO - DAG(s) 'update_db', 'youtube_video_stats' retrieved from /opt/airflow/dags/main.py
[2025-12-17T12:49:31.408+0000] {logging_mixin.py:188} INFO - [2025-12-17T12:49:31.407+0000] {dag.py:3096} INFO - Sync 2 DAGs
[2025-12-17T12:49:31.433+0000] {logging_mixin.py:188} INFO - [2025-12-17T12:49:31.433+0000] {dag.py:3954} INFO - Setting next_dagrun for update_db to 2025-12-16 15:00:00+00:00, run_after=2025-12-17 15:00:00+00:00
[2025-12-17T12:49:31.437+0000] {logging_mixin.py:188} INFO - [2025-12-17T12:49:31.437+0000] {dag.py:3954} INFO - Setting next_dagrun for youtube_video_stats to 2025-12-16 14:00:00+00:00, run_after=2025-12-17 14:00:00+00:00
[2025-12-17T12:49:31.454+0000] {processor.py:183} INFO - Processing /opt/airflow/dags/main.py took 0.166 seconds
[2025-12-17T12:50:01.517+0000] {processor.py:161} INFO - Started process (PID=10848) to work on /opt/airflow/dags/main.py
[2025-12-17T12:50:01.518+0000] {processor.py:830} INFO - Processing file /opt/airflow/dags/main.py for tasks to queue
[2025-12-17T12:50:01.519+0000] {logging_mixin.py:188} INFO - [2025-12-17T12:50:01.519+0000] {dagbag.py:545} INFO - Filling up the DagBag from /opt/airflow/dags/main.py
[2025-12-17T12:50:01.618+0000] {processor.py:840} INFO - DAG(s) 'update_db', 'youtube_video_stats' retrieved from /opt/airflow/dags/main.py
[2025-12-17T12:50:01.653+0000] {logging_mixin.py:188} INFO - [2025-12-17T12:50:01.653+0000] {dag.py:3096} INFO - Sync 2 DAGs
[2025-12-17T12:50:01.675+0000] {logging_mixin.py:188} INFO - [2025-12-17T12:50:01.675+0000] {dag.py:3954} INFO - Setting next_dagrun for update_db to 2025-12-16 15:00:00+00:00, run_after=2025-12-17 15:00:00+00:00
[2025-12-17T12:50:01.680+0000] {logging_mixin.py:188} INFO - [2025-12-17T12:50:01.680+0000] {dag.py:3954} INFO - Setting next_dagrun for youtube_video_stats to 2025-12-16 14:00:00+00:00, run_after=2025-12-17 14:00:00+00:00
[2025-12-17T12:50:01.699+0000] {processor.py:183} INFO - Processing /opt/airflow/dags/main.py took 0.190 seconds
[2025-12-17T12:50:31.845+0000] {processor.py:161} INFO - Started process (PID=10855) to work on /opt/airflow/dags/main.py
[2025-12-17T12:50:31.847+0000] {processor.py:830} INFO - Processing file /opt/airflow/dags/main.py for tasks to queue
[2025-12-17T12:50:31.848+0000] {logging_mixin.py:188} INFO - [2025-12-17T12:50:31.848+0000] {dagbag.py:545} INFO - Filling up the DagBag from /opt/airflow/dags/main.py
[2025-12-17T12:50:31.940+0000] {processor.py:840} INFO - DAG(s) 'update_db', 'youtube_video_stats' retrieved from /opt/airflow/dags/main.py
[2025-12-17T12:50:31.974+0000] {logging_mixin.py:188} INFO - [2025-12-17T12:50:31.973+0000] {dag.py:3096} INFO - Sync 2 DAGs
[2025-12-17T12:50:31.996+0000] {logging_mixin.py:188} INFO - [2025-12-17T12:50:31.996+0000] {dag.py:3954} INFO - Setting next_dagrun for update_db to 2025-12-16 15:00:00+00:00, run_after=2025-12-17 15:00:00+00:00
[2025-12-17T12:50:32.002+0000] {logging_mixin.py:188} INFO - [2025-12-17T12:50:32.001+0000] {dag.py:3954} INFO - Setting next_dagrun for youtube_video_stats to 2025-12-16 14:00:00+00:00, run_after=2025-12-17 14:00:00+00:00
[2025-12-17T12:50:32.022+0000] {processor.py:183} INFO - Processing /opt/airflow/dags/main.py took 0.184 seconds
[2025-12-17T12:51:02.221+0000] {processor.py:161} INFO - Started process (PID=10862) to work on /opt/airflow/dags/main.py
[2025-12-17T12:51:02.223+0000] {processor.py:830} INFO - Processing file /opt/airflow/dags/main.py for tasks to queue
[2025-12-17T12:51:02.224+0000] {logging_mixin.py:188} INFO - [2025-12-17T12:51:02.224+0000] {dagbag.py:545} INFO - Filling up the DagBag from /opt/airflow/dags/main.py
[2025-12-17T12:51:02.335+0000] {processor.py:840} INFO - DAG(s) 'youtube_video_stats', 'update_db' retrieved from /opt/airflow/dags/main.py
[2025-12-17T12:51:02.374+0000] {logging_mixin.py:188} INFO - [2025-12-17T12:51:02.374+0000] {dag.py:3096} INFO - Sync 2 DAGs
[2025-12-17T12:51:02.406+0000] {logging_mixin.py:188} INFO - [2025-12-17T12:51:02.405+0000] {dag.py:3954} INFO - Setting next_dagrun for update_db to 2025-12-16 15:00:00+00:00, run_after=2025-12-17 15:00:00+00:00
[2025-12-17T12:51:02.414+0000] {logging_mixin.py:188} INFO - [2025-12-17T12:51:02.414+0000] {dag.py:3954} INFO - Setting next_dagrun for youtube_video_stats to 2025-12-16 14:00:00+00:00, run_after=2025-12-17 14:00:00+00:00
[2025-12-17T12:51:02.446+0000] {processor.py:183} INFO - Processing /opt/airflow/dags/main.py took 0.232 seconds
[2025-12-17T12:51:32.680+0000] {processor.py:161} INFO - Started process (PID=10869) to work on /opt/airflow/dags/main.py
[2025-12-17T12:51:32.682+0000] {processor.py:830} INFO - Processing file /opt/airflow/dags/main.py for tasks to queue
[2025-12-17T12:51:32.684+0000] {logging_mixin.py:188} INFO - [2025-12-17T12:51:32.684+0000] {dagbag.py:545} INFO - Filling up the DagBag from /opt/airflow/dags/main.py
[2025-12-17T12:51:32.847+0000] {processor.py:840} INFO - DAG(s) 'youtube_video_stats', 'update_db' retrieved from /opt/airflow/dags/main.py
[2025-12-17T12:51:32.891+0000] {logging_mixin.py:188} INFO - [2025-12-17T12:51:32.891+0000] {dag.py:3096} INFO - Sync 2 DAGs
[2025-12-17T12:51:32.921+0000] {logging_mixin.py:188} INFO - [2025-12-17T12:51:32.921+0000] {dag.py:3954} INFO - Setting next_dagrun for update_db to 2025-12-16 15:00:00+00:00, run_after=2025-12-17 15:00:00+00:00
[2025-12-17T12:51:32.934+0000] {logging_mixin.py:188} INFO - [2025-12-17T12:51:32.933+0000] {dag.py:3954} INFO - Setting next_dagrun for youtube_video_stats to 2025-12-16 14:00:00+00:00, run_after=2025-12-17 14:00:00+00:00
[2025-12-17T12:51:32.987+0000] {processor.py:183} INFO - Processing /opt/airflow/dags/main.py took 0.321 seconds
[2025-12-17T12:52:03.224+0000] {processor.py:161} INFO - Started process (PID=10876) to work on /opt/airflow/dags/main.py
[2025-12-17T12:52:03.226+0000] {processor.py:830} INFO - Processing file /opt/airflow/dags/main.py for tasks to queue
[2025-12-17T12:52:03.227+0000] {logging_mixin.py:188} INFO - [2025-12-17T12:52:03.227+0000] {dagbag.py:545} INFO - Filling up the DagBag from /opt/airflow/dags/main.py
[2025-12-17T12:52:03.358+0000] {processor.py:840} INFO - DAG(s) 'youtube_video_stats', 'update_db' retrieved from /opt/airflow/dags/main.py
[2025-12-17T12:52:03.408+0000] {logging_mixin.py:188} INFO - [2025-12-17T12:52:03.408+0000] {dag.py:3096} INFO - Sync 2 DAGs
[2025-12-17T12:52:03.447+0000] {logging_mixin.py:188} INFO - [2025-12-17T12:52:03.446+0000] {dag.py:3954} INFO - Setting next_dagrun for update_db to 2025-12-16 15:00:00+00:00, run_after=2025-12-17 15:00:00+00:00
[2025-12-17T12:52:03.456+0000] {logging_mixin.py:188} INFO - [2025-12-17T12:52:03.456+0000] {dag.py:3954} INFO - Setting next_dagrun for youtube_video_stats to 2025-12-16 14:00:00+00:00, run_after=2025-12-17 14:00:00+00:00
[2025-12-17T12:52:03.483+0000] {processor.py:183} INFO - Processing /opt/airflow/dags/main.py took 0.269 seconds
[2025-12-17T12:52:33.713+0000] {processor.py:161} INFO - Started process (PID=10883) to work on /opt/airflow/dags/main.py
[2025-12-17T12:52:33.718+0000] {processor.py:830} INFO - Processing file /opt/airflow/dags/main.py for tasks to queue
[2025-12-17T12:52:33.724+0000] {logging_mixin.py:188} INFO - [2025-12-17T12:52:33.723+0000] {dagbag.py:545} INFO - Filling up the DagBag from /opt/airflow/dags/main.py
[2025-12-17T12:52:34.058+0000] {processor.py:840} INFO - DAG(s) 'update_db', 'youtube_video_stats' retrieved from /opt/airflow/dags/main.py
[2025-12-17T12:52:34.304+0000] {logging_mixin.py:188} INFO - [2025-12-17T12:52:34.304+0000] {dag.py:3096} INFO - Sync 2 DAGs
[2025-12-17T12:52:34.556+0000] {logging_mixin.py:188} INFO - [2025-12-17T12:52:34.555+0000] {dag.py:3954} INFO - Setting next_dagrun for update_db to 2025-12-16 15:00:00+00:00, run_after=2025-12-17 15:00:00+00:00
[2025-12-17T12:52:34.577+0000] {logging_mixin.py:188} INFO - [2025-12-17T12:52:34.577+0000] {dag.py:3954} INFO - Setting next_dagrun for youtube_video_stats to 2025-12-16 14:00:00+00:00, run_after=2025-12-17 14:00:00+00:00
[2025-12-17T12:52:34.659+0000] {processor.py:183} INFO - Processing /opt/airflow/dags/main.py took 0.961 seconds
[2025-12-17T12:53:05.089+0000] {processor.py:161} INFO - Started process (PID=10891) to work on /opt/airflow/dags/main.py
[2025-12-17T12:53:05.091+0000] {processor.py:830} INFO - Processing file /opt/airflow/dags/main.py for tasks to queue
[2025-12-17T12:53:05.092+0000] {logging_mixin.py:188} INFO - [2025-12-17T12:53:05.092+0000] {dagbag.py:545} INFO - Filling up the DagBag from /opt/airflow/dags/main.py
[2025-12-17T12:53:05.238+0000] {processor.py:840} INFO - DAG(s) 'youtube_video_stats', 'update_db' retrieved from /opt/airflow/dags/main.py
[2025-12-17T12:53:05.285+0000] {logging_mixin.py:188} INFO - [2025-12-17T12:53:05.284+0000] {dag.py:3096} INFO - Sync 2 DAGs
[2025-12-17T12:53:05.321+0000] {logging_mixin.py:188} INFO - [2025-12-17T12:53:05.321+0000] {dag.py:3954} INFO - Setting next_dagrun for update_db to 2025-12-16 15:00:00+00:00, run_after=2025-12-17 15:00:00+00:00
[2025-12-17T12:53:05.328+0000] {logging_mixin.py:188} INFO - [2025-12-17T12:53:05.328+0000] {dag.py:3954} INFO - Setting next_dagrun for youtube_video_stats to 2025-12-16 14:00:00+00:00, run_after=2025-12-17 14:00:00+00:00
[2025-12-17T12:53:05.354+0000] {processor.py:183} INFO - Processing /opt/airflow/dags/main.py took 0.275 seconds
[2025-12-17T12:53:35.552+0000] {processor.py:161} INFO - Started process (PID=10898) to work on /opt/airflow/dags/main.py
[2025-12-17T12:53:35.554+0000] {processor.py:830} INFO - Processing file /opt/airflow/dags/main.py for tasks to queue
[2025-12-17T12:53:35.555+0000] {logging_mixin.py:188} INFO - [2025-12-17T12:53:35.554+0000] {dagbag.py:545} INFO - Filling up the DagBag from /opt/airflow/dags/main.py
[2025-12-17T12:53:35.660+0000] {processor.py:840} INFO - DAG(s) 'youtube_video_stats', 'update_db' retrieved from /opt/airflow/dags/main.py
[2025-12-17T12:53:35.695+0000] {logging_mixin.py:188} INFO - [2025-12-17T12:53:35.694+0000] {dag.py:3096} INFO - Sync 2 DAGs
[2025-12-17T12:53:35.720+0000] {logging_mixin.py:188} INFO - [2025-12-17T12:53:35.719+0000] {dag.py:3954} INFO - Setting next_dagrun for update_db to 2025-12-16 15:00:00+00:00, run_after=2025-12-17 15:00:00+00:00
[2025-12-17T12:53:35.727+0000] {logging_mixin.py:188} INFO - [2025-12-17T12:53:35.726+0000] {dag.py:3954} INFO - Setting next_dagrun for youtube_video_stats to 2025-12-16 14:00:00+00:00, run_after=2025-12-17 14:00:00+00:00
[2025-12-17T12:53:35.747+0000] {processor.py:183} INFO - Processing /opt/airflow/dags/main.py took 0.201 seconds
[2025-12-17T12:54:05.956+0000] {processor.py:161} INFO - Started process (PID=10905) to work on /opt/airflow/dags/main.py
[2025-12-17T12:54:05.957+0000] {processor.py:830} INFO - Processing file /opt/airflow/dags/main.py for tasks to queue
[2025-12-17T12:54:05.958+0000] {logging_mixin.py:188} INFO - [2025-12-17T12:54:05.957+0000] {dagbag.py:545} INFO - Filling up the DagBag from /opt/airflow/dags/main.py
[2025-12-17T12:54:06.041+0000] {processor.py:840} INFO - DAG(s) 'youtube_video_stats', 'update_db' retrieved from /opt/airflow/dags/main.py
[2025-12-17T12:54:06.070+0000] {logging_mixin.py:188} INFO - [2025-12-17T12:54:06.070+0000] {dag.py:3096} INFO - Sync 2 DAGs
[2025-12-17T12:54:06.091+0000] {logging_mixin.py:188} INFO - [2025-12-17T12:54:06.091+0000] {dag.py:3954} INFO - Setting next_dagrun for update_db to 2025-12-16 15:00:00+00:00, run_after=2025-12-17 15:00:00+00:00
[2025-12-17T12:54:06.096+0000] {logging_mixin.py:188} INFO - [2025-12-17T12:54:06.096+0000] {dag.py:3954} INFO - Setting next_dagrun for youtube_video_stats to 2025-12-16 14:00:00+00:00, run_after=2025-12-17 14:00:00+00:00
[2025-12-17T12:54:06.116+0000] {processor.py:183} INFO - Processing /opt/airflow/dags/main.py took 0.167 seconds
[2025-12-17T12:54:36.188+0000] {processor.py:161} INFO - Started process (PID=10912) to work on /opt/airflow/dags/main.py
[2025-12-17T12:54:36.189+0000] {processor.py:830} INFO - Processing file /opt/airflow/dags/main.py for tasks to queue
[2025-12-17T12:54:36.190+0000] {logging_mixin.py:188} INFO - [2025-12-17T12:54:36.190+0000] {dagbag.py:545} INFO - Filling up the DagBag from /opt/airflow/dags/main.py
[2025-12-17T12:54:36.264+0000] {processor.py:840} INFO - DAG(s) 'update_db', 'youtube_video_stats' retrieved from /opt/airflow/dags/main.py
[2025-12-17T12:54:36.292+0000] {logging_mixin.py:188} INFO - [2025-12-17T12:54:36.292+0000] {dag.py:3096} INFO - Sync 2 DAGs
[2025-12-17T12:54:36.314+0000] {logging_mixin.py:188} INFO - [2025-12-17T12:54:36.314+0000] {dag.py:3954} INFO - Setting next_dagrun for update_db to 2025-12-16 15:00:00+00:00, run_after=2025-12-17 15:00:00+00:00
[2025-12-17T12:54:36.319+0000] {logging_mixin.py:188} INFO - [2025-12-17T12:54:36.319+0000] {dag.py:3954} INFO - Setting next_dagrun for youtube_video_stats to 2025-12-16 14:00:00+00:00, run_after=2025-12-17 14:00:00+00:00
[2025-12-17T12:54:36.338+0000] {processor.py:183} INFO - Processing /opt/airflow/dags/main.py took 0.156 seconds
[2025-12-17T12:55:06.542+0000] {processor.py:161} INFO - Started process (PID=10919) to work on /opt/airflow/dags/main.py
[2025-12-17T12:55:06.544+0000] {processor.py:830} INFO - Processing file /opt/airflow/dags/main.py for tasks to queue
[2025-12-17T12:55:06.546+0000] {logging_mixin.py:188} INFO - [2025-12-17T12:55:06.545+0000] {dagbag.py:545} INFO - Filling up the DagBag from /opt/airflow/dags/main.py
[2025-12-17T12:55:06.911+0000] {processor.py:840} INFO - DAG(s) 'update_db', 'youtube_video_stats' retrieved from /opt/airflow/dags/main.py
[2025-12-17T12:55:07.048+0000] {logging_mixin.py:188} INFO - [2025-12-17T12:55:07.048+0000] {dag.py:3096} INFO - Sync 2 DAGs
[2025-12-17T12:55:07.153+0000] {logging_mixin.py:188} INFO - [2025-12-17T12:55:07.152+0000] {dag.py:3954} INFO - Setting next_dagrun for update_db to 2025-12-16 15:00:00+00:00, run_after=2025-12-17 15:00:00+00:00
[2025-12-17T12:55:07.184+0000] {logging_mixin.py:188} INFO - [2025-12-17T12:55:07.184+0000] {dag.py:3954} INFO - Setting next_dagrun for youtube_video_stats to 2025-12-16 14:00:00+00:00, run_after=2025-12-17 14:00:00+00:00
[2025-12-17T12:55:07.260+0000] {processor.py:183} INFO - Processing /opt/airflow/dags/main.py took 0.730 seconds
[2025-12-17T12:55:37.563+0000] {processor.py:161} INFO - Started process (PID=10927) to work on /opt/airflow/dags/main.py
[2025-12-17T12:55:37.564+0000] {processor.py:830} INFO - Processing file /opt/airflow/dags/main.py for tasks to queue
[2025-12-17T12:55:37.565+0000] {logging_mixin.py:188} INFO - [2025-12-17T12:55:37.565+0000] {dagbag.py:545} INFO - Filling up the DagBag from /opt/airflow/dags/main.py
[2025-12-17T12:55:37.649+0000] {processor.py:840} INFO - DAG(s) 'update_db', 'youtube_video_stats' retrieved from /opt/airflow/dags/main.py
[2025-12-17T12:55:37.683+0000] {logging_mixin.py:188} INFO - [2025-12-17T12:55:37.683+0000] {dag.py:3096} INFO - Sync 2 DAGs
[2025-12-17T12:55:37.706+0000] {logging_mixin.py:188} INFO - [2025-12-17T12:55:37.706+0000] {dag.py:3954} INFO - Setting next_dagrun for update_db to 2025-12-16 15:00:00+00:00, run_after=2025-12-17 15:00:00+00:00
[2025-12-17T12:55:37.713+0000] {logging_mixin.py:188} INFO - [2025-12-17T12:55:37.712+0000] {dag.py:3954} INFO - Setting next_dagrun for youtube_video_stats to 2025-12-16 14:00:00+00:00, run_after=2025-12-17 14:00:00+00:00
[2025-12-17T12:55:37.733+0000] {processor.py:183} INFO - Processing /opt/airflow/dags/main.py took 0.176 seconds
[2025-12-17T12:56:07.913+0000] {processor.py:161} INFO - Started process (PID=10934) to work on /opt/airflow/dags/main.py
[2025-12-17T12:56:07.914+0000] {processor.py:830} INFO - Processing file /opt/airflow/dags/main.py for tasks to queue
[2025-12-17T12:56:07.915+0000] {logging_mixin.py:188} INFO - [2025-12-17T12:56:07.915+0000] {dagbag.py:545} INFO - Filling up the DagBag from /opt/airflow/dags/main.py
[2025-12-17T12:56:08.001+0000] {processor.py:840} INFO - DAG(s) 'update_db', 'youtube_video_stats' retrieved from /opt/airflow/dags/main.py
[2025-12-17T12:56:08.031+0000] {logging_mixin.py:188} INFO - [2025-12-17T12:56:08.031+0000] {dag.py:3096} INFO - Sync 2 DAGs
[2025-12-17T12:56:08.052+0000] {logging_mixin.py:188} INFO - [2025-12-17T12:56:08.052+0000] {dag.py:3954} INFO - Setting next_dagrun for update_db to 2025-12-16 15:00:00+00:00, run_after=2025-12-17 15:00:00+00:00
[2025-12-17T12:56:08.057+0000] {logging_mixin.py:188} INFO - [2025-12-17T12:56:08.057+0000] {dag.py:3954} INFO - Setting next_dagrun for youtube_video_stats to 2025-12-16 14:00:00+00:00, run_after=2025-12-17 14:00:00+00:00
[2025-12-17T12:56:08.078+0000] {processor.py:183} INFO - Processing /opt/airflow/dags/main.py took 0.172 seconds
[2025-12-17T12:56:38.337+0000] {processor.py:161} INFO - Started process (PID=10941) to work on /opt/airflow/dags/main.py
[2025-12-17T12:56:38.338+0000] {processor.py:830} INFO - Processing file /opt/airflow/dags/main.py for tasks to queue
[2025-12-17T12:56:38.339+0000] {logging_mixin.py:188} INFO - [2025-12-17T12:56:38.339+0000] {dagbag.py:545} INFO - Filling up the DagBag from /opt/airflow/dags/main.py
[2025-12-17T12:56:38.431+0000] {processor.py:840} INFO - DAG(s) 'youtube_video_stats', 'update_db' retrieved from /opt/airflow/dags/main.py
[2025-12-17T12:56:38.462+0000] {logging_mixin.py:188} INFO - [2025-12-17T12:56:38.462+0000] {dag.py:3096} INFO - Sync 2 DAGs
[2025-12-17T12:56:38.487+0000] {logging_mixin.py:188} INFO - [2025-12-17T12:56:38.486+0000] {dag.py:3954} INFO - Setting next_dagrun for update_db to 2025-12-16 15:00:00+00:00, run_after=2025-12-17 15:00:00+00:00
[2025-12-17T12:56:38.494+0000] {logging_mixin.py:188} INFO - [2025-12-17T12:56:38.494+0000] {dag.py:3954} INFO - Setting next_dagrun for youtube_video_stats to 2025-12-16 14:00:00+00:00, run_after=2025-12-17 14:00:00+00:00
[2025-12-17T12:56:38.515+0000] {processor.py:183} INFO - Processing /opt/airflow/dags/main.py took 0.183 seconds
[2025-12-17T12:57:08.703+0000] {processor.py:161} INFO - Started process (PID=10948) to work on /opt/airflow/dags/main.py
[2025-12-17T12:57:08.704+0000] {processor.py:830} INFO - Processing file /opt/airflow/dags/main.py for tasks to queue
[2025-12-17T12:57:08.705+0000] {logging_mixin.py:188} INFO - [2025-12-17T12:57:08.704+0000] {dagbag.py:545} INFO - Filling up the DagBag from /opt/airflow/dags/main.py
[2025-12-17T12:57:08.790+0000] {processor.py:840} INFO - DAG(s) 'update_db', 'youtube_video_stats' retrieved from /opt/airflow/dags/main.py
[2025-12-17T12:57:08.821+0000] {logging_mixin.py:188} INFO - [2025-12-17T12:57:08.820+0000] {dag.py:3096} INFO - Sync 2 DAGs
[2025-12-17T12:57:08.847+0000] {logging_mixin.py:188} INFO - [2025-12-17T12:57:08.847+0000] {dag.py:3954} INFO - Setting next_dagrun for update_db to 2025-12-16 15:00:00+00:00, run_after=2025-12-17 15:00:00+00:00
[2025-12-17T12:57:08.853+0000] {logging_mixin.py:188} INFO - [2025-12-17T12:57:08.853+0000] {dag.py:3954} INFO - Setting next_dagrun for youtube_video_stats to 2025-12-16 14:00:00+00:00, run_after=2025-12-17 14:00:00+00:00
[2025-12-17T12:57:08.872+0000] {processor.py:183} INFO - Processing /opt/airflow/dags/main.py took 0.175 seconds
[2025-12-17T12:57:39.062+0000] {processor.py:161} INFO - Started process (PID=10955) to work on /opt/airflow/dags/main.py
[2025-12-17T12:57:39.063+0000] {processor.py:830} INFO - Processing file /opt/airflow/dags/main.py for tasks to queue
[2025-12-17T12:57:39.064+0000] {logging_mixin.py:188} INFO - [2025-12-17T12:57:39.063+0000] {dagbag.py:545} INFO - Filling up the DagBag from /opt/airflow/dags/main.py
[2025-12-17T12:57:39.144+0000] {processor.py:840} INFO - DAG(s) 'youtube_video_stats', 'update_db' retrieved from /opt/airflow/dags/main.py
[2025-12-17T12:57:39.174+0000] {logging_mixin.py:188} INFO - [2025-12-17T12:57:39.173+0000] {dag.py:3096} INFO - Sync 2 DAGs
[2025-12-17T12:57:39.196+0000] {logging_mixin.py:188} INFO - [2025-12-17T12:57:39.195+0000] {dag.py:3954} INFO - Setting next_dagrun for update_db to 2025-12-16 15:00:00+00:00, run_after=2025-12-17 15:00:00+00:00
[2025-12-17T12:57:39.200+0000] {logging_mixin.py:188} INFO - [2025-12-17T12:57:39.200+0000] {dag.py:3954} INFO - Setting next_dagrun for youtube_video_stats to 2025-12-16 14:00:00+00:00, run_after=2025-12-17 14:00:00+00:00
[2025-12-17T12:57:39.217+0000] {processor.py:183} INFO - Processing /opt/airflow/dags/main.py took 0.161 seconds
[2025-12-17T12:58:09.476+0000] {processor.py:161} INFO - Started process (PID=10962) to work on /opt/airflow/dags/main.py
[2025-12-17T12:58:09.478+0000] {processor.py:830} INFO - Processing file /opt/airflow/dags/main.py for tasks to queue
[2025-12-17T12:58:09.479+0000] {logging_mixin.py:188} INFO - [2025-12-17T12:58:09.479+0000] {dagbag.py:545} INFO - Filling up the DagBag from /opt/airflow/dags/main.py
[2025-12-17T12:58:09.588+0000] {processor.py:840} INFO - DAG(s) 'youtube_video_stats', 'update_db' retrieved from /opt/airflow/dags/main.py
[2025-12-17T12:58:09.626+0000] {logging_mixin.py:188} INFO - [2025-12-17T12:58:09.626+0000] {dag.py:3096} INFO - Sync 2 DAGs
[2025-12-17T12:58:09.650+0000] {logging_mixin.py:188} INFO - [2025-12-17T12:58:09.650+0000] {dag.py:3954} INFO - Setting next_dagrun for update_db to 2025-12-16 15:00:00+00:00, run_after=2025-12-17 15:00:00+00:00
[2025-12-17T12:58:09.656+0000] {logging_mixin.py:188} INFO - [2025-12-17T12:58:09.656+0000] {dag.py:3954} INFO - Setting next_dagrun for youtube_video_stats to 2025-12-16 14:00:00+00:00, run_after=2025-12-17 14:00:00+00:00
[2025-12-17T12:58:09.676+0000] {processor.py:183} INFO - Processing /opt/airflow/dags/main.py took 0.205 seconds
[2025-12-17T12:58:39.890+0000] {processor.py:161} INFO - Started process (PID=10969) to work on /opt/airflow/dags/main.py
[2025-12-17T12:58:39.891+0000] {processor.py:830} INFO - Processing file /opt/airflow/dags/main.py for tasks to queue
[2025-12-17T12:58:39.893+0000] {logging_mixin.py:188} INFO - [2025-12-17T12:58:39.892+0000] {dagbag.py:545} INFO - Filling up the DagBag from /opt/airflow/dags/main.py
[2025-12-17T12:58:39.976+0000] {processor.py:840} INFO - DAG(s) 'update_db', 'youtube_video_stats' retrieved from /opt/airflow/dags/main.py
[2025-12-17T12:58:40.007+0000] {logging_mixin.py:188} INFO - [2025-12-17T12:58:40.006+0000] {dag.py:3096} INFO - Sync 2 DAGs
[2025-12-17T12:58:40.028+0000] {logging_mixin.py:188} INFO - [2025-12-17T12:58:40.028+0000] {dag.py:3954} INFO - Setting next_dagrun for update_db to 2025-12-16 15:00:00+00:00, run_after=2025-12-17 15:00:00+00:00
[2025-12-17T12:58:40.034+0000] {logging_mixin.py:188} INFO - [2025-12-17T12:58:40.034+0000] {dag.py:3954} INFO - Setting next_dagrun for youtube_video_stats to 2025-12-16 14:00:00+00:00, run_after=2025-12-17 14:00:00+00:00
[2025-12-17T12:58:40.054+0000] {processor.py:183} INFO - Processing /opt/airflow/dags/main.py took 0.171 seconds
[2025-12-17T12:59:10.266+0000] {processor.py:161} INFO - Started process (PID=10976) to work on /opt/airflow/dags/main.py
[2025-12-17T12:59:10.269+0000] {processor.py:830} INFO - Processing file /opt/airflow/dags/main.py for tasks to queue
[2025-12-17T12:59:10.271+0000] {logging_mixin.py:188} INFO - [2025-12-17T12:59:10.270+0000] {dagbag.py:545} INFO - Filling up the DagBag from /opt/airflow/dags/main.py
[2025-12-17T12:59:10.440+0000] {processor.py:840} INFO - DAG(s) 'update_db', 'youtube_video_stats' retrieved from /opt/airflow/dags/main.py
[2025-12-17T12:59:10.503+0000] {logging_mixin.py:188} INFO - [2025-12-17T12:59:10.503+0000] {dag.py:3096} INFO - Sync 2 DAGs
[2025-12-17T12:59:10.598+0000] {logging_mixin.py:188} INFO - [2025-12-17T12:59:10.597+0000] {dag.py:3954} INFO - Setting next_dagrun for update_db to 2025-12-16 15:00:00+00:00, run_after=2025-12-17 15:00:00+00:00
[2025-12-17T12:59:10.610+0000] {logging_mixin.py:188} INFO - [2025-12-17T12:59:10.610+0000] {dag.py:3954} INFO - Setting next_dagrun for youtube_video_stats to 2025-12-16 14:00:00+00:00, run_after=2025-12-17 14:00:00+00:00
[2025-12-17T12:59:10.670+0000] {processor.py:183} INFO - Processing /opt/airflow/dags/main.py took 0.418 seconds
[2025-12-17T12:59:40.941+0000] {processor.py:161} INFO - Started process (PID=10983) to work on /opt/airflow/dags/main.py
[2025-12-17T12:59:40.943+0000] {processor.py:830} INFO - Processing file /opt/airflow/dags/main.py for tasks to queue
[2025-12-17T12:59:40.944+0000] {logging_mixin.py:188} INFO - [2025-12-17T12:59:40.944+0000] {dagbag.py:545} INFO - Filling up the DagBag from /opt/airflow/dags/main.py
[2025-12-17T12:59:41.103+0000] {processor.py:840} INFO - DAG(s) 'youtube_video_stats', 'update_db' retrieved from /opt/airflow/dags/main.py
[2025-12-17T12:59:41.161+0000] {logging_mixin.py:188} INFO - [2025-12-17T12:59:41.160+0000] {dag.py:3096} INFO - Sync 2 DAGs
[2025-12-17T12:59:41.210+0000] {logging_mixin.py:188} INFO - [2025-12-17T12:59:41.209+0000] {dag.py:3954} INFO - Setting next_dagrun for update_db to 2025-12-16 15:00:00+00:00, run_after=2025-12-17 15:00:00+00:00
[2025-12-17T12:59:41.220+0000] {logging_mixin.py:188} INFO - [2025-12-17T12:59:41.219+0000] {dag.py:3954} INFO - Setting next_dagrun for youtube_video_stats to 2025-12-16 14:00:00+00:00, run_after=2025-12-17 14:00:00+00:00
[2025-12-17T12:59:41.258+0000] {processor.py:183} INFO - Processing /opt/airflow/dags/main.py took 0.329 seconds
[2025-12-17T13:00:11.512+0000] {processor.py:161} INFO - Started process (PID=10990) to work on /opt/airflow/dags/main.py
[2025-12-17T13:00:11.514+0000] {processor.py:830} INFO - Processing file /opt/airflow/dags/main.py for tasks to queue
[2025-12-17T13:00:11.516+0000] {logging_mixin.py:188} INFO - [2025-12-17T13:00:11.515+0000] {dagbag.py:545} INFO - Filling up the DagBag from /opt/airflow/dags/main.py
[2025-12-17T13:00:11.621+0000] {processor.py:840} INFO - DAG(s) 'update_db', 'youtube_video_stats' retrieved from /opt/airflow/dags/main.py
[2025-12-17T13:00:11.653+0000] {logging_mixin.py:188} INFO - [2025-12-17T13:00:11.652+0000] {dag.py:3096} INFO - Sync 2 DAGs
[2025-12-17T13:00:11.677+0000] {logging_mixin.py:188} INFO - [2025-12-17T13:00:11.677+0000] {dag.py:3954} INFO - Setting next_dagrun for update_db to 2025-12-16 15:00:00+00:00, run_after=2025-12-17 15:00:00+00:00
[2025-12-17T13:00:11.683+0000] {logging_mixin.py:188} INFO - [2025-12-17T13:00:11.683+0000] {dag.py:3954} INFO - Setting next_dagrun for youtube_video_stats to 2025-12-16 14:00:00+00:00, run_after=2025-12-17 14:00:00+00:00
[2025-12-17T13:00:11.703+0000] {processor.py:183} INFO - Processing /opt/airflow/dags/main.py took 0.198 seconds
[2025-12-17T13:00:41.902+0000] {processor.py:161} INFO - Started process (PID=10997) to work on /opt/airflow/dags/main.py
[2025-12-17T13:00:41.903+0000] {processor.py:830} INFO - Processing file /opt/airflow/dags/main.py for tasks to queue
[2025-12-17T13:00:41.904+0000] {logging_mixin.py:188} INFO - [2025-12-17T13:00:41.904+0000] {dagbag.py:545} INFO - Filling up the DagBag from /opt/airflow/dags/main.py
[2025-12-17T13:00:41.989+0000] {processor.py:840} INFO - DAG(s) 'update_db', 'youtube_video_stats' retrieved from /opt/airflow/dags/main.py
[2025-12-17T13:00:42.020+0000] {logging_mixin.py:188} INFO - [2025-12-17T13:00:42.020+0000] {dag.py:3096} INFO - Sync 2 DAGs
[2025-12-17T13:00:42.055+0000] {logging_mixin.py:188} INFO - [2025-12-17T13:00:42.055+0000] {dag.py:3954} INFO - Setting next_dagrun for update_db to 2025-12-16 15:00:00+00:00, run_after=2025-12-17 15:00:00+00:00
[2025-12-17T13:00:42.062+0000] {logging_mixin.py:188} INFO - [2025-12-17T13:00:42.061+0000] {dag.py:3954} INFO - Setting next_dagrun for youtube_video_stats to 2025-12-16 14:00:00+00:00, run_after=2025-12-17 14:00:00+00:00
[2025-12-17T13:00:42.082+0000] {processor.py:183} INFO - Processing /opt/airflow/dags/main.py took 0.186 seconds
[2025-12-17T13:01:12.278+0000] {processor.py:161} INFO - Started process (PID=11004) to work on /opt/airflow/dags/main.py
[2025-12-17T13:01:12.279+0000] {processor.py:830} INFO - Processing file /opt/airflow/dags/main.py for tasks to queue
[2025-12-17T13:01:12.280+0000] {logging_mixin.py:188} INFO - [2025-12-17T13:01:12.280+0000] {dagbag.py:545} INFO - Filling up the DagBag from /opt/airflow/dags/main.py
[2025-12-17T13:01:12.377+0000] {processor.py:840} INFO - DAG(s) 'update_db', 'youtube_video_stats' retrieved from /opt/airflow/dags/main.py
[2025-12-17T13:01:12.406+0000] {logging_mixin.py:188} INFO - [2025-12-17T13:01:12.406+0000] {dag.py:3096} INFO - Sync 2 DAGs
[2025-12-17T13:01:12.428+0000] {logging_mixin.py:188} INFO - [2025-12-17T13:01:12.428+0000] {dag.py:3954} INFO - Setting next_dagrun for update_db to 2025-12-16 15:00:00+00:00, run_after=2025-12-17 15:00:00+00:00
[2025-12-17T13:01:12.435+0000] {logging_mixin.py:188} INFO - [2025-12-17T13:01:12.435+0000] {dag.py:3954} INFO - Setting next_dagrun for youtube_video_stats to 2025-12-16 14:00:00+00:00, run_after=2025-12-17 14:00:00+00:00
[2025-12-17T13:01:12.458+0000] {processor.py:183} INFO - Processing /opt/airflow/dags/main.py took 0.186 seconds
[2025-12-17T13:01:42.703+0000] {processor.py:161} INFO - Started process (PID=11011) to work on /opt/airflow/dags/main.py
[2025-12-17T13:01:42.705+0000] {processor.py:830} INFO - Processing file /opt/airflow/dags/main.py for tasks to queue
[2025-12-17T13:01:42.706+0000] {logging_mixin.py:188} INFO - [2025-12-17T13:01:42.705+0000] {dagbag.py:545} INFO - Filling up the DagBag from /opt/airflow/dags/main.py
[2025-12-17T13:01:42.770+0000] {processor.py:840} INFO - DAG(s) 'update_db', 'youtube_video_stats' retrieved from /opt/airflow/dags/main.py
[2025-12-17T13:01:42.798+0000] {logging_mixin.py:188} INFO - [2025-12-17T13:01:42.798+0000] {dag.py:3096} INFO - Sync 2 DAGs
[2025-12-17T13:01:42.818+0000] {logging_mixin.py:188} INFO - [2025-12-17T13:01:42.818+0000] {dag.py:3954} INFO - Setting next_dagrun for update_db to 2025-12-16 15:00:00+00:00, run_after=2025-12-17 15:00:00+00:00
[2025-12-17T13:01:42.824+0000] {logging_mixin.py:188} INFO - [2025-12-17T13:01:42.824+0000] {dag.py:3954} INFO - Setting next_dagrun for youtube_video_stats to 2025-12-16 14:00:00+00:00, run_after=2025-12-17 14:00:00+00:00
[2025-12-17T13:01:42.841+0000] {processor.py:183} INFO - Processing /opt/airflow/dags/main.py took 0.144 seconds
[2025-12-17T13:02:12.927+0000] {processor.py:161} INFO - Started process (PID=11018) to work on /opt/airflow/dags/main.py
[2025-12-17T13:02:12.928+0000] {processor.py:830} INFO - Processing file /opt/airflow/dags/main.py for tasks to queue
[2025-12-17T13:02:12.929+0000] {logging_mixin.py:188} INFO - [2025-12-17T13:02:12.928+0000] {dagbag.py:545} INFO - Filling up the DagBag from /opt/airflow/dags/main.py
[2025-12-17T13:02:13.007+0000] {processor.py:840} INFO - DAG(s) 'youtube_video_stats', 'update_db' retrieved from /opt/airflow/dags/main.py
[2025-12-17T13:02:13.034+0000] {logging_mixin.py:188} INFO - [2025-12-17T13:02:13.034+0000] {dag.py:3096} INFO - Sync 2 DAGs
[2025-12-17T13:02:13.053+0000] {logging_mixin.py:188} INFO - [2025-12-17T13:02:13.053+0000] {dag.py:3954} INFO - Setting next_dagrun for update_db to 2025-12-16 15:00:00+00:00, run_after=2025-12-17 15:00:00+00:00
[2025-12-17T13:02:13.057+0000] {logging_mixin.py:188} INFO - [2025-12-17T13:02:13.057+0000] {dag.py:3954} INFO - Setting next_dagrun for youtube_video_stats to 2025-12-16 14:00:00+00:00, run_after=2025-12-17 14:00:00+00:00
[2025-12-17T13:02:13.073+0000] {processor.py:183} INFO - Processing /opt/airflow/dags/main.py took 0.152 seconds
[2025-12-17T13:02:43.257+0000] {processor.py:161} INFO - Started process (PID=11025) to work on /opt/airflow/dags/main.py
[2025-12-17T13:02:43.258+0000] {processor.py:830} INFO - Processing file /opt/airflow/dags/main.py for tasks to queue
[2025-12-17T13:02:43.259+0000] {logging_mixin.py:188} INFO - [2025-12-17T13:02:43.259+0000] {dagbag.py:545} INFO - Filling up the DagBag from /opt/airflow/dags/main.py
[2025-12-17T13:02:43.334+0000] {processor.py:840} INFO - DAG(s) 'youtube_video_stats', 'update_db' retrieved from /opt/airflow/dags/main.py
[2025-12-17T13:02:43.359+0000] {logging_mixin.py:188} INFO - [2025-12-17T13:02:43.358+0000] {dag.py:3096} INFO - Sync 2 DAGs
[2025-12-17T13:02:43.377+0000] {logging_mixin.py:188} INFO - [2025-12-17T13:02:43.377+0000] {dag.py:3954} INFO - Setting next_dagrun for update_db to 2025-12-16 15:00:00+00:00, run_after=2025-12-17 15:00:00+00:00
[2025-12-17T13:02:43.382+0000] {logging_mixin.py:188} INFO - [2025-12-17T13:02:43.382+0000] {dag.py:3954} INFO - Setting next_dagrun for youtube_video_stats to 2025-12-16 14:00:00+00:00, run_after=2025-12-17 14:00:00+00:00
[2025-12-17T13:02:43.397+0000] {processor.py:183} INFO - Processing /opt/airflow/dags/main.py took 0.146 seconds
[2025-12-17T13:03:13.572+0000] {processor.py:161} INFO - Started process (PID=11033) to work on /opt/airflow/dags/main.py
[2025-12-17T13:03:13.573+0000] {processor.py:830} INFO - Processing file /opt/airflow/dags/main.py for tasks to queue
[2025-12-17T13:03:13.574+0000] {logging_mixin.py:188} INFO - [2025-12-17T13:03:13.574+0000] {dagbag.py:545} INFO - Filling up the DagBag from /opt/airflow/dags/main.py
[2025-12-17T13:03:13.645+0000] {processor.py:840} INFO - DAG(s) 'youtube_video_stats', 'update_db' retrieved from /opt/airflow/dags/main.py
[2025-12-17T13:03:13.669+0000] {logging_mixin.py:188} INFO - [2025-12-17T13:03:13.669+0000] {dag.py:3096} INFO - Sync 2 DAGs
[2025-12-17T13:03:13.692+0000] {logging_mixin.py:188} INFO - [2025-12-17T13:03:13.691+0000] {dag.py:3954} INFO - Setting next_dagrun for update_db to 2025-12-16 15:00:00+00:00, run_after=2025-12-17 15:00:00+00:00
[2025-12-17T13:03:13.697+0000] {logging_mixin.py:188} INFO - [2025-12-17T13:03:13.697+0000] {dag.py:3954} INFO - Setting next_dagrun for youtube_video_stats to 2025-12-16 14:00:00+00:00, run_after=2025-12-17 14:00:00+00:00
[2025-12-17T13:03:13.716+0000] {processor.py:183} INFO - Processing /opt/airflow/dags/main.py took 0.149 seconds
[2025-12-17T13:03:43.785+0000] {processor.py:161} INFO - Started process (PID=11040) to work on /opt/airflow/dags/main.py
[2025-12-17T13:03:43.786+0000] {processor.py:830} INFO - Processing file /opt/airflow/dags/main.py for tasks to queue
[2025-12-17T13:03:43.788+0000] {logging_mixin.py:188} INFO - [2025-12-17T13:03:43.788+0000] {dagbag.py:545} INFO - Filling up the DagBag from /opt/airflow/dags/main.py
[2025-12-17T13:03:43.873+0000] {processor.py:840} INFO - DAG(s) 'youtube_video_stats', 'update_db' retrieved from /opt/airflow/dags/main.py
[2025-12-17T13:03:43.905+0000] {logging_mixin.py:188} INFO - [2025-12-17T13:03:43.904+0000] {dag.py:3096} INFO - Sync 2 DAGs
[2025-12-17T13:03:43.929+0000] {logging_mixin.py:188} INFO - [2025-12-17T13:03:43.929+0000] {dag.py:3954} INFO - Setting next_dagrun for update_db to 2025-12-16 15:00:00+00:00, run_after=2025-12-17 15:00:00+00:00
[2025-12-17T13:03:43.934+0000] {logging_mixin.py:188} INFO - [2025-12-17T13:03:43.934+0000] {dag.py:3954} INFO - Setting next_dagrun for youtube_video_stats to 2025-12-16 14:00:00+00:00, run_after=2025-12-17 14:00:00+00:00
[2025-12-17T13:03:43.951+0000] {processor.py:183} INFO - Processing /opt/airflow/dags/main.py took 0.172 seconds
[2025-12-17T13:04:14.118+0000] {processor.py:161} INFO - Started process (PID=11047) to work on /opt/airflow/dags/main.py
[2025-12-17T13:04:14.119+0000] {processor.py:830} INFO - Processing file /opt/airflow/dags/main.py for tasks to queue
[2025-12-17T13:04:14.120+0000] {logging_mixin.py:188} INFO - [2025-12-17T13:04:14.120+0000] {dagbag.py:545} INFO - Filling up the DagBag from /opt/airflow/dags/main.py
[2025-12-17T13:04:14.196+0000] {processor.py:840} INFO - DAG(s) 'update_db', 'youtube_video_stats' retrieved from /opt/airflow/dags/main.py
[2025-12-17T13:04:14.224+0000] {logging_mixin.py:188} INFO - [2025-12-17T13:04:14.224+0000] {dag.py:3096} INFO - Sync 2 DAGs
[2025-12-17T13:04:14.245+0000] {logging_mixin.py:188} INFO - [2025-12-17T13:04:14.245+0000] {dag.py:3954} INFO - Setting next_dagrun for update_db to 2025-12-16 15:00:00+00:00, run_after=2025-12-17 15:00:00+00:00
[2025-12-17T13:04:14.251+0000] {logging_mixin.py:188} INFO - [2025-12-17T13:04:14.251+0000] {dag.py:3954} INFO - Setting next_dagrun for youtube_video_stats to 2025-12-16 14:00:00+00:00, run_after=2025-12-17 14:00:00+00:00
[2025-12-17T13:04:14.268+0000] {processor.py:183} INFO - Processing /opt/airflow/dags/main.py took 0.155 seconds
[2025-12-17T13:04:44.331+0000] {processor.py:161} INFO - Started process (PID=11054) to work on /opt/airflow/dags/main.py
[2025-12-17T13:04:44.332+0000] {processor.py:830} INFO - Processing file /opt/airflow/dags/main.py for tasks to queue
[2025-12-17T13:04:44.333+0000] {logging_mixin.py:188} INFO - [2025-12-17T13:04:44.333+0000] {dagbag.py:545} INFO - Filling up the DagBag from /opt/airflow/dags/main.py
[2025-12-17T13:04:44.411+0000] {processor.py:840} INFO - DAG(s) 'youtube_video_stats', 'update_db' retrieved from /opt/airflow/dags/main.py
[2025-12-17T13:04:44.442+0000] {logging_mixin.py:188} INFO - [2025-12-17T13:04:44.442+0000] {dag.py:3096} INFO - Sync 2 DAGs
[2025-12-17T13:04:44.462+0000] {logging_mixin.py:188} INFO - [2025-12-17T13:04:44.462+0000] {dag.py:3954} INFO - Setting next_dagrun for update_db to 2025-12-16 15:00:00+00:00, run_after=2025-12-17 15:00:00+00:00
[2025-12-17T13:04:44.467+0000] {logging_mixin.py:188} INFO - [2025-12-17T13:04:44.467+0000] {dag.py:3954} INFO - Setting next_dagrun for youtube_video_stats to 2025-12-16 14:00:00+00:00, run_after=2025-12-17 14:00:00+00:00
[2025-12-17T13:04:44.483+0000] {processor.py:183} INFO - Processing /opt/airflow/dags/main.py took 0.157 seconds
[2025-12-17T13:05:14.633+0000] {processor.py:161} INFO - Started process (PID=11061) to work on /opt/airflow/dags/main.py
[2025-12-17T13:05:14.635+0000] {processor.py:830} INFO - Processing file /opt/airflow/dags/main.py for tasks to queue
[2025-12-17T13:05:14.635+0000] {logging_mixin.py:188} INFO - [2025-12-17T13:05:14.635+0000] {dagbag.py:545} INFO - Filling up the DagBag from /opt/airflow/dags/main.py
[2025-12-17T13:05:14.707+0000] {processor.py:840} INFO - DAG(s) 'youtube_video_stats', 'update_db' retrieved from /opt/airflow/dags/main.py
[2025-12-17T13:05:14.733+0000] {logging_mixin.py:188} INFO - [2025-12-17T13:05:14.733+0000] {dag.py:3096} INFO - Sync 2 DAGs
[2025-12-17T13:05:14.752+0000] {logging_mixin.py:188} INFO - [2025-12-17T13:05:14.752+0000] {dag.py:3954} INFO - Setting next_dagrun for update_db to 2025-12-16 15:00:00+00:00, run_after=2025-12-17 15:00:00+00:00
[2025-12-17T13:05:14.760+0000] {logging_mixin.py:188} INFO - [2025-12-17T13:05:14.759+0000] {dag.py:3954} INFO - Setting next_dagrun for youtube_video_stats to 2025-12-16 14:00:00+00:00, run_after=2025-12-17 14:00:00+00:00
[2025-12-17T13:05:14.779+0000] {processor.py:183} INFO - Processing /opt/airflow/dags/main.py took 0.152 seconds
[2025-12-17T13:05:44.844+0000] {processor.py:161} INFO - Started process (PID=11068) to work on /opt/airflow/dags/main.py
[2025-12-17T13:05:44.846+0000] {processor.py:830} INFO - Processing file /opt/airflow/dags/main.py for tasks to queue
[2025-12-17T13:05:44.846+0000] {logging_mixin.py:188} INFO - [2025-12-17T13:05:44.846+0000] {dagbag.py:545} INFO - Filling up the DagBag from /opt/airflow/dags/main.py
[2025-12-17T13:05:44.920+0000] {processor.py:840} INFO - DAG(s) 'update_db', 'youtube_video_stats' retrieved from /opt/airflow/dags/main.py
[2025-12-17T13:05:44.948+0000] {logging_mixin.py:188} INFO - [2025-12-17T13:05:44.947+0000] {dag.py:3096} INFO - Sync 2 DAGs
[2025-12-17T13:05:44.969+0000] {logging_mixin.py:188} INFO - [2025-12-17T13:05:44.968+0000] {dag.py:3954} INFO - Setting next_dagrun for update_db to 2025-12-16 15:00:00+00:00, run_after=2025-12-17 15:00:00+00:00
[2025-12-17T13:05:44.974+0000] {logging_mixin.py:188} INFO - [2025-12-17T13:05:44.974+0000] {dag.py:3954} INFO - Setting next_dagrun for youtube_video_stats to 2025-12-16 14:00:00+00:00, run_after=2025-12-17 14:00:00+00:00
[2025-12-17T13:05:44.992+0000] {processor.py:183} INFO - Processing /opt/airflow/dags/main.py took 0.153 seconds
[2025-12-17T13:06:15.177+0000] {processor.py:161} INFO - Started process (PID=11080) to work on /opt/airflow/dags/main.py
[2025-12-17T13:06:15.178+0000] {processor.py:830} INFO - Processing file /opt/airflow/dags/main.py for tasks to queue
[2025-12-17T13:06:15.179+0000] {logging_mixin.py:188} INFO - [2025-12-17T13:06:15.179+0000] {dagbag.py:545} INFO - Filling up the DagBag from /opt/airflow/dags/main.py
[2025-12-17T13:06:15.291+0000] {processor.py:840} INFO - DAG(s) 'youtube_video_stats', 'update_db' retrieved from /opt/airflow/dags/main.py
[2025-12-17T13:06:15.326+0000] {logging_mixin.py:188} INFO - [2025-12-17T13:06:15.326+0000] {dag.py:3096} INFO - Sync 2 DAGs
[2025-12-17T13:06:15.353+0000] {logging_mixin.py:188} INFO - [2025-12-17T13:06:15.352+0000] {dag.py:3954} INFO - Setting next_dagrun for update_db to 2025-12-16 15:00:00+00:00, run_after=2025-12-17 15:00:00+00:00
[2025-12-17T13:06:15.359+0000] {logging_mixin.py:188} INFO - [2025-12-17T13:06:15.359+0000] {dag.py:3954} INFO - Setting next_dagrun for youtube_video_stats to 2025-12-16 14:00:00+00:00, run_after=2025-12-17 14:00:00+00:00
[2025-12-17T13:06:15.383+0000] {processor.py:183} INFO - Processing /opt/airflow/dags/main.py took 0.212 seconds
[2025-12-17T13:06:45.584+0000] {processor.py:161} INFO - Started process (PID=11087) to work on /opt/airflow/dags/main.py
[2025-12-17T13:06:45.587+0000] {processor.py:830} INFO - Processing file /opt/airflow/dags/main.py for tasks to queue
[2025-12-17T13:06:45.588+0000] {logging_mixin.py:188} INFO - [2025-12-17T13:06:45.588+0000] {dagbag.py:545} INFO - Filling up the DagBag from /opt/airflow/dags/main.py
[2025-12-17T13:06:45.699+0000] {processor.py:840} INFO - DAG(s) 'youtube_video_stats', 'update_db' retrieved from /opt/airflow/dags/main.py
[2025-12-17T13:06:45.822+0000] {logging_mixin.py:188} INFO - [2025-12-17T13:06:45.822+0000] {dag.py:3096} INFO - Sync 2 DAGs
[2025-12-17T13:06:45.906+0000] {logging_mixin.py:188} INFO - [2025-12-17T13:06:45.905+0000] {dag.py:3954} INFO - Setting next_dagrun for update_db to 2025-12-16 15:00:00+00:00, run_after=2025-12-17 15:00:00+00:00
[2025-12-17T13:06:45.920+0000] {logging_mixin.py:188} INFO - [2025-12-17T13:06:45.919+0000] {dag.py:3954} INFO - Setting next_dagrun for youtube_video_stats to 2025-12-16 14:00:00+00:00, run_after=2025-12-17 14:00:00+00:00
[2025-12-17T13:06:45.951+0000] {processor.py:183} INFO - Processing /opt/airflow/dags/main.py took 0.377 seconds
[2025-12-17T13:07:16.164+0000] {processor.py:161} INFO - Started process (PID=11094) to work on /opt/airflow/dags/main.py
[2025-12-17T13:07:16.165+0000] {processor.py:830} INFO - Processing file /opt/airflow/dags/main.py for tasks to queue
[2025-12-17T13:07:16.166+0000] {logging_mixin.py:188} INFO - [2025-12-17T13:07:16.165+0000] {dagbag.py:545} INFO - Filling up the DagBag from /opt/airflow/dags/main.py
[2025-12-17T13:07:16.251+0000] {processor.py:840} INFO - DAG(s) 'youtube_video_stats', 'update_db' retrieved from /opt/airflow/dags/main.py
[2025-12-17T13:07:16.283+0000] {logging_mixin.py:188} INFO - [2025-12-17T13:07:16.283+0000] {dag.py:3096} INFO - Sync 2 DAGs
[2025-12-17T13:07:16.306+0000] {logging_mixin.py:188} INFO - [2025-12-17T13:07:16.305+0000] {dag.py:3954} INFO - Setting next_dagrun for update_db to 2025-12-16 15:00:00+00:00, run_after=2025-12-17 15:00:00+00:00
[2025-12-17T13:07:16.313+0000] {logging_mixin.py:188} INFO - [2025-12-17T13:07:16.313+0000] {dag.py:3954} INFO - Setting next_dagrun for youtube_video_stats to 2025-12-16 14:00:00+00:00, run_after=2025-12-17 14:00:00+00:00
[2025-12-17T13:07:16.338+0000] {processor.py:183} INFO - Processing /opt/airflow/dags/main.py took 0.181 seconds
[2025-12-17T13:07:46.498+0000] {processor.py:161} INFO - Started process (PID=11101) to work on /opt/airflow/dags/main.py
[2025-12-17T13:07:46.500+0000] {processor.py:830} INFO - Processing file /opt/airflow/dags/main.py for tasks to queue
[2025-12-17T13:07:46.500+0000] {logging_mixin.py:188} INFO - [2025-12-17T13:07:46.500+0000] {dagbag.py:545} INFO - Filling up the DagBag from /opt/airflow/dags/main.py
[2025-12-17T13:07:46.577+0000] {processor.py:840} INFO - DAG(s) 'youtube_video_stats', 'update_db' retrieved from /opt/airflow/dags/main.py
[2025-12-17T13:07:46.604+0000] {logging_mixin.py:188} INFO - [2025-12-17T13:07:46.604+0000] {dag.py:3096} INFO - Sync 2 DAGs
[2025-12-17T13:07:46.625+0000] {logging_mixin.py:188} INFO - [2025-12-17T13:07:46.625+0000] {dag.py:3954} INFO - Setting next_dagrun for update_db to 2025-12-16 15:00:00+00:00, run_after=2025-12-17 15:00:00+00:00
[2025-12-17T13:07:46.630+0000] {logging_mixin.py:188} INFO - [2025-12-17T13:07:46.630+0000] {dag.py:3954} INFO - Setting next_dagrun for youtube_video_stats to 2025-12-16 14:00:00+00:00, run_after=2025-12-17 14:00:00+00:00
[2025-12-17T13:07:46.651+0000] {processor.py:183} INFO - Processing /opt/airflow/dags/main.py took 0.159 seconds
[2025-12-17T13:08:16.827+0000] {processor.py:161} INFO - Started process (PID=11108) to work on /opt/airflow/dags/main.py
[2025-12-17T13:08:16.828+0000] {processor.py:830} INFO - Processing file /opt/airflow/dags/main.py for tasks to queue
[2025-12-17T13:08:16.829+0000] {logging_mixin.py:188} INFO - [2025-12-17T13:08:16.829+0000] {dagbag.py:545} INFO - Filling up the DagBag from /opt/airflow/dags/main.py
[2025-12-17T13:08:16.921+0000] {processor.py:840} INFO - DAG(s) 'update_db', 'youtube_video_stats' retrieved from /opt/airflow/dags/main.py
[2025-12-17T13:08:16.956+0000] {logging_mixin.py:188} INFO - [2025-12-17T13:08:16.956+0000] {dag.py:3096} INFO - Sync 2 DAGs
[2025-12-17T13:08:16.982+0000] {logging_mixin.py:188} INFO - [2025-12-17T13:08:16.982+0000] {dag.py:3954} INFO - Setting next_dagrun for update_db to 2025-12-16 15:00:00+00:00, run_after=2025-12-17 15:00:00+00:00
[2025-12-17T13:08:16.990+0000] {logging_mixin.py:188} INFO - [2025-12-17T13:08:16.990+0000] {dag.py:3954} INFO - Setting next_dagrun for youtube_video_stats to 2025-12-16 14:00:00+00:00, run_after=2025-12-17 14:00:00+00:00
[2025-12-17T13:08:17.014+0000] {processor.py:183} INFO - Processing /opt/airflow/dags/main.py took 0.193 seconds
[2025-12-17T13:08:47.294+0000] {processor.py:161} INFO - Started process (PID=11115) to work on /opt/airflow/dags/main.py
[2025-12-17T13:08:47.296+0000] {processor.py:830} INFO - Processing file /opt/airflow/dags/main.py for tasks to queue
[2025-12-17T13:08:47.297+0000] {logging_mixin.py:188} INFO - [2025-12-17T13:08:47.296+0000] {dagbag.py:545} INFO - Filling up the DagBag from /opt/airflow/dags/main.py
[2025-12-17T13:08:47.379+0000] {processor.py:840} INFO - DAG(s) 'update_db', 'youtube_video_stats' retrieved from /opt/airflow/dags/main.py
[2025-12-17T13:08:47.408+0000] {logging_mixin.py:188} INFO - [2025-12-17T13:08:47.408+0000] {dag.py:3096} INFO - Sync 2 DAGs
[2025-12-17T13:08:47.430+0000] {logging_mixin.py:188} INFO - [2025-12-17T13:08:47.430+0000] {dag.py:3954} INFO - Setting next_dagrun for update_db to 2025-12-16 15:00:00+00:00, run_after=2025-12-17 15:00:00+00:00
[2025-12-17T13:08:47.436+0000] {logging_mixin.py:188} INFO - [2025-12-17T13:08:47.436+0000] {dag.py:3954} INFO - Setting next_dagrun for youtube_video_stats to 2025-12-16 14:00:00+00:00, run_after=2025-12-17 14:00:00+00:00
[2025-12-17T13:08:47.456+0000] {processor.py:183} INFO - Processing /opt/airflow/dags/main.py took 0.168 seconds
[2025-12-17T13:09:17.507+0000] {processor.py:161} INFO - Started process (PID=11123) to work on /opt/airflow/dags/main.py
[2025-12-17T13:09:17.508+0000] {processor.py:830} INFO - Processing file /opt/airflow/dags/main.py for tasks to queue
[2025-12-17T13:09:17.509+0000] {logging_mixin.py:188} INFO - [2025-12-17T13:09:17.509+0000] {dagbag.py:545} INFO - Filling up the DagBag from /opt/airflow/dags/main.py
[2025-12-17T13:09:17.582+0000] {processor.py:840} INFO - DAG(s) 'update_db', 'youtube_video_stats' retrieved from /opt/airflow/dags/main.py
[2025-12-17T13:09:17.609+0000] {logging_mixin.py:188} INFO - [2025-12-17T13:09:17.608+0000] {dag.py:3096} INFO - Sync 2 DAGs
[2025-12-17T13:09:17.628+0000] {logging_mixin.py:188} INFO - [2025-12-17T13:09:17.628+0000] {dag.py:3954} INFO - Setting next_dagrun for update_db to 2025-12-16 15:00:00+00:00, run_after=2025-12-17 15:00:00+00:00
[2025-12-17T13:09:17.634+0000] {logging_mixin.py:188} INFO - [2025-12-17T13:09:17.633+0000] {dag.py:3954} INFO - Setting next_dagrun for youtube_video_stats to 2025-12-16 14:00:00+00:00, run_after=2025-12-17 14:00:00+00:00
[2025-12-17T13:09:17.652+0000] {processor.py:183} INFO - Processing /opt/airflow/dags/main.py took 0.150 seconds
[2025-12-17T13:09:47.852+0000] {processor.py:161} INFO - Started process (PID=11130) to work on /opt/airflow/dags/main.py
[2025-12-17T13:09:47.853+0000] {processor.py:830} INFO - Processing file /opt/airflow/dags/main.py for tasks to queue
[2025-12-17T13:09:47.854+0000] {logging_mixin.py:188} INFO - [2025-12-17T13:09:47.854+0000] {dagbag.py:545} INFO - Filling up the DagBag from /opt/airflow/dags/main.py
[2025-12-17T13:09:47.949+0000] {processor.py:840} INFO - DAG(s) 'update_db', 'youtube_video_stats' retrieved from /opt/airflow/dags/main.py
[2025-12-17T13:09:47.978+0000] {logging_mixin.py:188} INFO - [2025-12-17T13:09:47.978+0000] {dag.py:3096} INFO - Sync 2 DAGs
[2025-12-17T13:09:47.998+0000] {logging_mixin.py:188} INFO - [2025-12-17T13:09:47.997+0000] {dag.py:3954} INFO - Setting next_dagrun for update_db to 2025-12-16 15:00:00+00:00, run_after=2025-12-17 15:00:00+00:00
[2025-12-17T13:09:48.003+0000] {logging_mixin.py:188} INFO - [2025-12-17T13:09:48.002+0000] {dag.py:3954} INFO - Setting next_dagrun for youtube_video_stats to 2025-12-16 14:00:00+00:00, run_after=2025-12-17 14:00:00+00:00
[2025-12-17T13:09:48.021+0000] {processor.py:183} INFO - Processing /opt/airflow/dags/main.py took 0.175 seconds
[2025-12-17T13:10:18.056+0000] {processor.py:161} INFO - Started process (PID=11137) to work on /opt/airflow/dags/main.py
[2025-12-17T13:10:18.057+0000] {processor.py:830} INFO - Processing file /opt/airflow/dags/main.py for tasks to queue
[2025-12-17T13:10:18.058+0000] {logging_mixin.py:188} INFO - [2025-12-17T13:10:18.058+0000] {dagbag.py:545} INFO - Filling up the DagBag from /opt/airflow/dags/main.py
[2025-12-17T13:10:18.132+0000] {processor.py:840} INFO - DAG(s) 'update_db', 'youtube_video_stats' retrieved from /opt/airflow/dags/main.py
[2025-12-17T13:10:18.157+0000] {logging_mixin.py:188} INFO - [2025-12-17T13:10:18.157+0000] {dag.py:3096} INFO - Sync 2 DAGs
[2025-12-17T13:10:18.177+0000] {logging_mixin.py:188} INFO - [2025-12-17T13:10:18.177+0000] {dag.py:3954} INFO - Setting next_dagrun for update_db to 2025-12-16 15:00:00+00:00, run_after=2025-12-17 15:00:00+00:00
[2025-12-17T13:10:18.183+0000] {logging_mixin.py:188} INFO - [2025-12-17T13:10:18.182+0000] {dag.py:3954} INFO - Setting next_dagrun for youtube_video_stats to 2025-12-16 14:00:00+00:00, run_after=2025-12-17 14:00:00+00:00
[2025-12-17T13:10:18.200+0000] {processor.py:183} INFO - Processing /opt/airflow/dags/main.py took 0.150 seconds
[2025-12-17T13:10:48.309+0000] {processor.py:161} INFO - Started process (PID=11144) to work on /opt/airflow/dags/main.py
[2025-12-17T13:10:48.310+0000] {processor.py:830} INFO - Processing file /opt/airflow/dags/main.py for tasks to queue
[2025-12-17T13:10:48.311+0000] {logging_mixin.py:188} INFO - [2025-12-17T13:10:48.311+0000] {dagbag.py:545} INFO - Filling up the DagBag from /opt/airflow/dags/main.py
[2025-12-17T13:10:48.385+0000] {processor.py:840} INFO - DAG(s) 'youtube_video_stats', 'update_db' retrieved from /opt/airflow/dags/main.py
[2025-12-17T13:10:48.411+0000] {logging_mixin.py:188} INFO - [2025-12-17T13:10:48.410+0000] {dag.py:3096} INFO - Sync 2 DAGs
[2025-12-17T13:10:48.431+0000] {logging_mixin.py:188} INFO - [2025-12-17T13:10:48.430+0000] {dag.py:3954} INFO - Setting next_dagrun for update_db to 2025-12-16 15:00:00+00:00, run_after=2025-12-17 15:00:00+00:00
[2025-12-17T13:10:48.436+0000] {logging_mixin.py:188} INFO - [2025-12-17T13:10:48.436+0000] {dag.py:3954} INFO - Setting next_dagrun for youtube_video_stats to 2025-12-16 14:00:00+00:00, run_after=2025-12-17 14:00:00+00:00
[2025-12-17T13:10:48.456+0000] {processor.py:183} INFO - Processing /opt/airflow/dags/main.py took 0.153 seconds
[2025-12-17T13:11:18.620+0000] {processor.py:161} INFO - Started process (PID=11151) to work on /opt/airflow/dags/main.py
[2025-12-17T13:11:18.621+0000] {processor.py:830} INFO - Processing file /opt/airflow/dags/main.py for tasks to queue
[2025-12-17T13:11:18.622+0000] {logging_mixin.py:188} INFO - [2025-12-17T13:11:18.621+0000] {dagbag.py:545} INFO - Filling up the DagBag from /opt/airflow/dags/main.py
[2025-12-17T13:11:18.703+0000] {processor.py:840} INFO - DAG(s) 'youtube_video_stats', 'update_db' retrieved from /opt/airflow/dags/main.py
[2025-12-17T13:11:18.731+0000] {logging_mixin.py:188} INFO - [2025-12-17T13:11:18.730+0000] {dag.py:3096} INFO - Sync 2 DAGs
[2025-12-17T13:11:18.753+0000] {logging_mixin.py:188} INFO - [2025-12-17T13:11:18.753+0000] {dag.py:3954} INFO - Setting next_dagrun for update_db to 2025-12-16 15:00:00+00:00, run_after=2025-12-17 15:00:00+00:00
[2025-12-17T13:11:18.759+0000] {logging_mixin.py:188} INFO - [2025-12-17T13:11:18.759+0000] {dag.py:3954} INFO - Setting next_dagrun for youtube_video_stats to 2025-12-16 14:00:00+00:00, run_after=2025-12-17 14:00:00+00:00
[2025-12-17T13:11:18.779+0000] {processor.py:183} INFO - Processing /opt/airflow/dags/main.py took 0.165 seconds
[2025-12-17T13:11:48.845+0000] {processor.py:161} INFO - Started process (PID=11158) to work on /opt/airflow/dags/main.py
[2025-12-17T13:11:48.846+0000] {processor.py:830} INFO - Processing file /opt/airflow/dags/main.py for tasks to queue
[2025-12-17T13:11:48.847+0000] {logging_mixin.py:188} INFO - [2025-12-17T13:11:48.847+0000] {dagbag.py:545} INFO - Filling up the DagBag from /opt/airflow/dags/main.py
[2025-12-17T13:11:48.920+0000] {processor.py:840} INFO - DAG(s) 'update_db', 'youtube_video_stats' retrieved from /opt/airflow/dags/main.py
[2025-12-17T13:11:48.947+0000] {logging_mixin.py:188} INFO - [2025-12-17T13:11:48.947+0000] {dag.py:3096} INFO - Sync 2 DAGs
[2025-12-17T13:11:48.968+0000] {logging_mixin.py:188} INFO - [2025-12-17T13:11:48.968+0000] {dag.py:3954} INFO - Setting next_dagrun for update_db to 2025-12-16 15:00:00+00:00, run_after=2025-12-17 15:00:00+00:00
[2025-12-17T13:11:48.973+0000] {logging_mixin.py:188} INFO - [2025-12-17T13:11:48.973+0000] {dag.py:3954} INFO - Setting next_dagrun for youtube_video_stats to 2025-12-16 14:00:00+00:00, run_after=2025-12-17 14:00:00+00:00
[2025-12-17T13:11:48.991+0000] {processor.py:183} INFO - Processing /opt/airflow/dags/main.py took 0.152 seconds
[2025-12-17T13:12:19.178+0000] {processor.py:161} INFO - Started process (PID=11166) to work on /opt/airflow/dags/main.py
[2025-12-17T13:12:19.179+0000] {processor.py:830} INFO - Processing file /opt/airflow/dags/main.py for tasks to queue
[2025-12-17T13:12:19.180+0000] {logging_mixin.py:188} INFO - [2025-12-17T13:12:19.180+0000] {dagbag.py:545} INFO - Filling up the DagBag from /opt/airflow/dags/main.py
[2025-12-17T13:12:19.269+0000] {processor.py:840} INFO - DAG(s) 'youtube_video_stats', 'update_db' retrieved from /opt/airflow/dags/main.py
[2025-12-17T13:12:19.298+0000] {logging_mixin.py:188} INFO - [2025-12-17T13:12:19.298+0000] {dag.py:3096} INFO - Sync 2 DAGs
[2025-12-17T13:12:19.318+0000] {logging_mixin.py:188} INFO - [2025-12-17T13:12:19.318+0000] {dag.py:3954} INFO - Setting next_dagrun for update_db to 2025-12-16 15:00:00+00:00, run_after=2025-12-17 15:00:00+00:00
[2025-12-17T13:12:19.323+0000] {logging_mixin.py:188} INFO - [2025-12-17T13:12:19.323+0000] {dag.py:3954} INFO - Setting next_dagrun for youtube_video_stats to 2025-12-16 14:00:00+00:00, run_after=2025-12-17 14:00:00+00:00
[2025-12-17T13:12:19.340+0000] {processor.py:183} INFO - Processing /opt/airflow/dags/main.py took 0.167 seconds
[2025-12-17T13:12:49.420+0000] {processor.py:161} INFO - Started process (PID=11173) to work on /opt/airflow/dags/main.py
[2025-12-17T13:12:49.421+0000] {processor.py:830} INFO - Processing file /opt/airflow/dags/main.py for tasks to queue
[2025-12-17T13:12:49.422+0000] {logging_mixin.py:188} INFO - [2025-12-17T13:12:49.422+0000] {dagbag.py:545} INFO - Filling up the DagBag from /opt/airflow/dags/main.py
[2025-12-17T13:12:49.496+0000] {processor.py:840} INFO - DAG(s) 'update_db', 'youtube_video_stats' retrieved from /opt/airflow/dags/main.py
[2025-12-17T13:12:49.537+0000] {logging_mixin.py:188} INFO - [2025-12-17T13:12:49.537+0000] {dag.py:3096} INFO - Sync 2 DAGs
[2025-12-17T13:12:49.557+0000] {logging_mixin.py:188} INFO - [2025-12-17T13:12:49.557+0000] {dag.py:3954} INFO - Setting next_dagrun for update_db to 2025-12-16 15:00:00+00:00, run_after=2025-12-17 15:00:00+00:00
[2025-12-17T13:12:49.562+0000] {logging_mixin.py:188} INFO - [2025-12-17T13:12:49.562+0000] {dag.py:3954} INFO - Setting next_dagrun for youtube_video_stats to 2025-12-16 14:00:00+00:00, run_after=2025-12-17 14:00:00+00:00
[2025-12-17T13:12:49.583+0000] {processor.py:183} INFO - Processing /opt/airflow/dags/main.py took 0.174 seconds
[2025-12-17T13:13:19.752+0000] {processor.py:161} INFO - Started process (PID=11180) to work on /opt/airflow/dags/main.py
[2025-12-17T13:13:19.753+0000] {processor.py:830} INFO - Processing file /opt/airflow/dags/main.py for tasks to queue
[2025-12-17T13:13:19.754+0000] {logging_mixin.py:188} INFO - [2025-12-17T13:13:19.754+0000] {dagbag.py:545} INFO - Filling up the DagBag from /opt/airflow/dags/main.py
[2025-12-17T13:13:19.833+0000] {processor.py:840} INFO - DAG(s) 'youtube_video_stats', 'update_db' retrieved from /opt/airflow/dags/main.py
[2025-12-17T13:13:19.865+0000] {logging_mixin.py:188} INFO - [2025-12-17T13:13:19.865+0000] {dag.py:3096} INFO - Sync 2 DAGs
[2025-12-17T13:13:19.885+0000] {logging_mixin.py:188} INFO - [2025-12-17T13:13:19.885+0000] {dag.py:3954} INFO - Setting next_dagrun for update_db to 2025-12-16 15:00:00+00:00, run_after=2025-12-17 15:00:00+00:00
[2025-12-17T13:13:19.890+0000] {logging_mixin.py:188} INFO - [2025-12-17T13:13:19.889+0000] {dag.py:3954} INFO - Setting next_dagrun for youtube_video_stats to 2025-12-16 14:00:00+00:00, run_after=2025-12-17 14:00:00+00:00
[2025-12-17T13:13:19.942+0000] {processor.py:183} INFO - Processing /opt/airflow/dags/main.py took 0.196 seconds
[2025-12-17T13:13:50.102+0000] {processor.py:161} INFO - Started process (PID=11187) to work on /opt/airflow/dags/main.py
[2025-12-17T13:13:50.103+0000] {processor.py:830} INFO - Processing file /opt/airflow/dags/main.py for tasks to queue
[2025-12-17T13:13:50.104+0000] {logging_mixin.py:188} INFO - [2025-12-17T13:13:50.104+0000] {dagbag.py:545} INFO - Filling up the DagBag from /opt/airflow/dags/main.py
[2025-12-17T13:13:50.179+0000] {processor.py:840} INFO - DAG(s) 'update_db', 'youtube_video_stats' retrieved from /opt/airflow/dags/main.py
[2025-12-17T13:13:50.208+0000] {logging_mixin.py:188} INFO - [2025-12-17T13:13:50.208+0000] {dag.py:3096} INFO - Sync 2 DAGs
[2025-12-17T13:13:50.238+0000] {logging_mixin.py:188} INFO - [2025-12-17T13:13:50.237+0000] {dag.py:3954} INFO - Setting next_dagrun for update_db to 2025-12-16 15:00:00+00:00, run_after=2025-12-17 15:00:00+00:00
[2025-12-17T13:13:50.244+0000] {logging_mixin.py:188} INFO - [2025-12-17T13:13:50.244+0000] {dag.py:3954} INFO - Setting next_dagrun for youtube_video_stats to 2025-12-16 14:00:00+00:00, run_after=2025-12-17 14:00:00+00:00
[2025-12-17T13:13:50.274+0000] {processor.py:183} INFO - Processing /opt/airflow/dags/main.py took 0.178 seconds
[2025-12-17T13:14:30.293+0000] {processor.py:161} INFO - Started process (PID=11195) to work on /opt/airflow/dags/main.py
[2025-12-17T13:14:30.332+0000] {processor.py:830} INFO - Processing file /opt/airflow/dags/main.py for tasks to queue
[2025-12-17T13:14:30.516+0000] {logging_mixin.py:188} INFO - [2025-12-17T13:14:30.403+0000] {dagbag.py:545} INFO - Filling up the DagBag from /opt/airflow/dags/main.py
[2025-12-17T13:25:50.950+0000] {processor.py:840} INFO - DAG(s) 'update_db', 'youtube_video_stats' retrieved from /opt/airflow/dags/main.py
[2025-12-17T13:25:51.076+0000] {logging_mixin.py:188} INFO - [2025-12-17T13:25:51.075+0000] {dag.py:3096} INFO - Sync 2 DAGs
[2025-12-17T13:25:51.175+0000] {logging_mixin.py:188} INFO - [2025-12-17T13:25:51.174+0000] {dag.py:3954} INFO - Setting next_dagrun for update_db to 2025-12-16 15:00:00+00:00, run_after=2025-12-17 15:00:00+00:00
[2025-12-17T13:25:51.195+0000] {logging_mixin.py:188} INFO - [2025-12-17T13:25:51.195+0000] {dag.py:3954} INFO - Setting next_dagrun for youtube_video_stats to 2025-12-16 14:00:00+00:00, run_after=2025-12-17 14:00:00+00:00
[2025-12-17T13:25:51.286+0000] {processor.py:183} INFO - Processing /opt/airflow/dags/main.py took 3.826 seconds
[2025-12-17T13:26:22.613+0000] {processor.py:161} INFO - Started process (PID=11202) to work on /opt/airflow/dags/main.py
[2025-12-17T13:26:22.616+0000] {processor.py:830} INFO - Processing file /opt/airflow/dags/main.py for tasks to queue
[2025-12-17T13:26:22.618+0000] {logging_mixin.py:188} INFO - [2025-12-17T13:26:22.618+0000] {dagbag.py:545} INFO - Filling up the DagBag from /opt/airflow/dags/main.py
[2025-12-17T13:26:22.740+0000] {processor.py:840} INFO - DAG(s) 'update_db', 'youtube_video_stats' retrieved from /opt/airflow/dags/main.py
[2025-12-17T13:26:22.776+0000] {logging_mixin.py:188} INFO - [2025-12-17T13:26:22.776+0000] {dag.py:3096} INFO - Sync 2 DAGs
[2025-12-17T13:26:22.809+0000] {logging_mixin.py:188} INFO - [2025-12-17T13:26:22.809+0000] {dag.py:3954} INFO - Setting next_dagrun for update_db to 2025-12-16 15:00:00+00:00, run_after=2025-12-17 15:00:00+00:00
[2025-12-17T13:26:22.815+0000] {logging_mixin.py:188} INFO - [2025-12-17T13:26:22.815+0000] {dag.py:3954} INFO - Setting next_dagrun for youtube_video_stats to 2025-12-16 14:00:00+00:00, run_after=2025-12-17 14:00:00+00:00
[2025-12-17T13:26:22.857+0000] {processor.py:183} INFO - Processing /opt/airflow/dags/main.py took 0.256 seconds
[2025-12-17T13:26:53.183+0000] {processor.py:161} INFO - Started process (PID=11209) to work on /opt/airflow/dags/main.py
[2025-12-17T13:26:53.187+0000] {processor.py:830} INFO - Processing file /opt/airflow/dags/main.py for tasks to queue
[2025-12-17T13:26:53.190+0000] {logging_mixin.py:188} INFO - [2025-12-17T13:26:53.189+0000] {dagbag.py:545} INFO - Filling up the DagBag from /opt/airflow/dags/main.py
[2025-12-17T13:26:53.426+0000] {processor.py:840} INFO - DAG(s) 'youtube_video_stats', 'update_db' retrieved from /opt/airflow/dags/main.py
[2025-12-17T13:26:53.509+0000] {logging_mixin.py:188} INFO - [2025-12-17T13:26:53.509+0000] {dag.py:3096} INFO - Sync 2 DAGs
[2025-12-17T13:26:53.558+0000] {logging_mixin.py:188} INFO - [2025-12-17T13:26:53.557+0000] {dag.py:3954} INFO - Setting next_dagrun for update_db to 2025-12-16 15:00:00+00:00, run_after=2025-12-17 15:00:00+00:00
[2025-12-17T13:26:53.576+0000] {logging_mixin.py:188} INFO - [2025-12-17T13:26:53.576+0000] {dag.py:3954} INFO - Setting next_dagrun for youtube_video_stats to 2025-12-16 14:00:00+00:00, run_after=2025-12-17 14:00:00+00:00
[2025-12-17T13:26:53.613+0000] {processor.py:183} INFO - Processing /opt/airflow/dags/main.py took 0.443 seconds
[2025-12-17T13:27:24.005+0000] {processor.py:161} INFO - Started process (PID=11216) to work on /opt/airflow/dags/main.py
[2025-12-17T13:27:24.009+0000] {processor.py:830} INFO - Processing file /opt/airflow/dags/main.py for tasks to queue
[2025-12-17T13:27:24.013+0000] {logging_mixin.py:188} INFO - [2025-12-17T13:27:24.011+0000] {dagbag.py:545} INFO - Filling up the DagBag from /opt/airflow/dags/main.py
[2025-12-17T13:27:24.317+0000] {processor.py:840} INFO - DAG(s) 'youtube_video_stats', 'update_db' retrieved from /opt/airflow/dags/main.py
[2025-12-17T13:27:24.405+0000] {logging_mixin.py:188} INFO - [2025-12-17T13:27:24.404+0000] {dag.py:3096} INFO - Sync 2 DAGs
[2025-12-17T13:27:24.473+0000] {logging_mixin.py:188} INFO - [2025-12-17T13:27:24.473+0000] {dag.py:3954} INFO - Setting next_dagrun for update_db to 2025-12-16 15:00:00+00:00, run_after=2025-12-17 15:00:00+00:00
[2025-12-17T13:27:24.505+0000] {logging_mixin.py:188} INFO - [2025-12-17T13:27:24.500+0000] {dag.py:3954} INFO - Setting next_dagrun for youtube_video_stats to 2025-12-16 14:00:00+00:00, run_after=2025-12-17 14:00:00+00:00
[2025-12-17T13:27:24.580+0000] {processor.py:183} INFO - Processing /opt/airflow/dags/main.py took 0.591 seconds
[2025-12-17T13:27:54.974+0000] {processor.py:161} INFO - Started process (PID=11223) to work on /opt/airflow/dags/main.py
[2025-12-17T13:27:54.977+0000] {processor.py:830} INFO - Processing file /opt/airflow/dags/main.py for tasks to queue
[2025-12-17T13:27:54.980+0000] {logging_mixin.py:188} INFO - [2025-12-17T13:27:54.979+0000] {dagbag.py:545} INFO - Filling up the DagBag from /opt/airflow/dags/main.py
[2025-12-17T13:27:55.259+0000] {processor.py:840} INFO - DAG(s) 'youtube_video_stats', 'update_db' retrieved from /opt/airflow/dags/main.py
[2025-12-17T13:27:55.391+0000] {logging_mixin.py:188} INFO - [2025-12-17T13:27:55.391+0000] {dag.py:3096} INFO - Sync 2 DAGs
[2025-12-17T13:27:55.507+0000] {logging_mixin.py:188} INFO - [2025-12-17T13:27:55.506+0000] {dag.py:3954} INFO - Setting next_dagrun for update_db to 2025-12-16 15:00:00+00:00, run_after=2025-12-17 15:00:00+00:00
[2025-12-17T13:27:55.534+0000] {logging_mixin.py:188} INFO - [2025-12-17T13:27:55.534+0000] {dag.py:3954} INFO - Setting next_dagrun for youtube_video_stats to 2025-12-16 14:00:00+00:00, run_after=2025-12-17 14:00:00+00:00
[2025-12-17T13:27:55.605+0000] {processor.py:183} INFO - Processing /opt/airflow/dags/main.py took 0.649 seconds
[2025-12-17T13:28:25.904+0000] {processor.py:161} INFO - Started process (PID=11230) to work on /opt/airflow/dags/main.py
[2025-12-17T13:28:25.906+0000] {processor.py:830} INFO - Processing file /opt/airflow/dags/main.py for tasks to queue
[2025-12-17T13:28:25.908+0000] {logging_mixin.py:188} INFO - [2025-12-17T13:28:25.908+0000] {dagbag.py:545} INFO - Filling up the DagBag from /opt/airflow/dags/main.py
[2025-12-17T13:28:26.099+0000] {processor.py:840} INFO - DAG(s) 'youtube_video_stats', 'update_db' retrieved from /opt/airflow/dags/main.py
[2025-12-17T13:28:26.154+0000] {logging_mixin.py:188} INFO - [2025-12-17T13:28:26.154+0000] {dag.py:3096} INFO - Sync 2 DAGs
[2025-12-17T13:28:26.193+0000] {logging_mixin.py:188} INFO - [2025-12-17T13:28:26.192+0000] {dag.py:3954} INFO - Setting next_dagrun for update_db to 2025-12-16 15:00:00+00:00, run_after=2025-12-17 15:00:00+00:00
[2025-12-17T13:28:26.203+0000] {logging_mixin.py:188} INFO - [2025-12-17T13:28:26.202+0000] {dag.py:3954} INFO - Setting next_dagrun for youtube_video_stats to 2025-12-16 14:00:00+00:00, run_after=2025-12-17 14:00:00+00:00
[2025-12-17T13:28:26.229+0000] {processor.py:183} INFO - Processing /opt/airflow/dags/main.py took 0.337 seconds
[2025-12-17T13:28:56.447+0000] {processor.py:161} INFO - Started process (PID=11237) to work on /opt/airflow/dags/main.py
[2025-12-17T13:28:56.449+0000] {processor.py:830} INFO - Processing file /opt/airflow/dags/main.py for tasks to queue
[2025-12-17T13:28:56.451+0000] {logging_mixin.py:188} INFO - [2025-12-17T13:28:56.450+0000] {dagbag.py:545} INFO - Filling up the DagBag from /opt/airflow/dags/main.py
[2025-12-17T13:28:56.800+0000] {processor.py:840} INFO - DAG(s) 'update_db', 'youtube_video_stats' retrieved from /opt/airflow/dags/main.py
[2025-12-17T13:28:56.854+0000] {logging_mixin.py:188} INFO - [2025-12-17T13:28:56.854+0000] {dag.py:3096} INFO - Sync 2 DAGs
[2025-12-17T13:28:56.888+0000] {logging_mixin.py:188} INFO - [2025-12-17T13:28:56.888+0000] {dag.py:3954} INFO - Setting next_dagrun for update_db to 2025-12-16 15:00:00+00:00, run_after=2025-12-17 15:00:00+00:00
[2025-12-17T13:28:56.895+0000] {logging_mixin.py:188} INFO - [2025-12-17T13:28:56.895+0000] {dag.py:3954} INFO - Setting next_dagrun for youtube_video_stats to 2025-12-16 14:00:00+00:00, run_after=2025-12-17 14:00:00+00:00
[2025-12-17T13:28:56.934+0000] {processor.py:183} INFO - Processing /opt/airflow/dags/main.py took 0.497 seconds
[2025-12-17T13:29:27.214+0000] {processor.py:161} INFO - Started process (PID=11244) to work on /opt/airflow/dags/main.py
[2025-12-17T13:29:27.218+0000] {processor.py:830} INFO - Processing file /opt/airflow/dags/main.py for tasks to queue
[2025-12-17T13:29:27.220+0000] {logging_mixin.py:188} INFO - [2025-12-17T13:29:27.220+0000] {dagbag.py:545} INFO - Filling up the DagBag from /opt/airflow/dags/main.py
[2025-12-17T13:29:27.434+0000] {processor.py:840} INFO - DAG(s) 'youtube_video_stats', 'update_db' retrieved from /opt/airflow/dags/main.py
[2025-12-17T13:29:27.503+0000] {logging_mixin.py:188} INFO - [2025-12-17T13:29:27.503+0000] {dag.py:3096} INFO - Sync 2 DAGs
[2025-12-17T13:29:27.548+0000] {logging_mixin.py:188} INFO - [2025-12-17T13:29:27.548+0000] {dag.py:3954} INFO - Setting next_dagrun for update_db to 2025-12-16 15:00:00+00:00, run_after=2025-12-17 15:00:00+00:00
[2025-12-17T13:29:27.562+0000] {logging_mixin.py:188} INFO - [2025-12-17T13:29:27.561+0000] {dag.py:3954} INFO - Setting next_dagrun for youtube_video_stats to 2025-12-16 14:00:00+00:00, run_after=2025-12-17 14:00:00+00:00
[2025-12-17T13:29:27.596+0000] {processor.py:183} INFO - Processing /opt/airflow/dags/main.py took 0.397 seconds
[2025-12-17T13:29:57.879+0000] {processor.py:161} INFO - Started process (PID=11252) to work on /opt/airflow/dags/main.py
[2025-12-17T13:29:57.881+0000] {processor.py:830} INFO - Processing file /opt/airflow/dags/main.py for tasks to queue
[2025-12-17T13:29:57.882+0000] {logging_mixin.py:188} INFO - [2025-12-17T13:29:57.882+0000] {dagbag.py:545} INFO - Filling up the DagBag from /opt/airflow/dags/main.py
[2025-12-17T13:29:57.994+0000] {processor.py:840} INFO - DAG(s) 'youtube_video_stats', 'update_db' retrieved from /opt/airflow/dags/main.py
[2025-12-17T13:29:58.027+0000] {logging_mixin.py:188} INFO - [2025-12-17T13:29:58.026+0000] {dag.py:3096} INFO - Sync 2 DAGs
[2025-12-17T13:29:58.051+0000] {logging_mixin.py:188} INFO - [2025-12-17T13:29:58.051+0000] {dag.py:3954} INFO - Setting next_dagrun for update_db to 2025-12-16 15:00:00+00:00, run_after=2025-12-17 15:00:00+00:00
[2025-12-17T13:29:58.059+0000] {logging_mixin.py:188} INFO - [2025-12-17T13:29:58.059+0000] {dag.py:3954} INFO - Setting next_dagrun for youtube_video_stats to 2025-12-16 14:00:00+00:00, run_after=2025-12-17 14:00:00+00:00
[2025-12-17T13:29:58.117+0000] {processor.py:183} INFO - Processing /opt/airflow/dags/main.py took 0.245 seconds
[2025-12-17T13:30:28.341+0000] {processor.py:161} INFO - Started process (PID=11259) to work on /opt/airflow/dags/main.py
[2025-12-17T13:30:28.342+0000] {processor.py:830} INFO - Processing file /opt/airflow/dags/main.py for tasks to queue
[2025-12-17T13:30:28.344+0000] {logging_mixin.py:188} INFO - [2025-12-17T13:30:28.343+0000] {dagbag.py:545} INFO - Filling up the DagBag from /opt/airflow/dags/main.py
[2025-12-17T13:30:28.479+0000] {processor.py:840} INFO - DAG(s) 'update_db', 'youtube_video_stats' retrieved from /opt/airflow/dags/main.py
[2025-12-17T13:30:28.531+0000] {logging_mixin.py:188} INFO - [2025-12-17T13:30:28.531+0000] {dag.py:3096} INFO - Sync 2 DAGs
[2025-12-17T13:30:28.559+0000] {logging_mixin.py:188} INFO - [2025-12-17T13:30:28.558+0000] {dag.py:3954} INFO - Setting next_dagrun for update_db to 2025-12-16 15:00:00+00:00, run_after=2025-12-17 15:00:00+00:00
[2025-12-17T13:30:28.566+0000] {logging_mixin.py:188} INFO - [2025-12-17T13:30:28.566+0000] {dag.py:3954} INFO - Setting next_dagrun for youtube_video_stats to 2025-12-16 14:00:00+00:00, run_after=2025-12-17 14:00:00+00:00
[2025-12-17T13:30:28.626+0000] {processor.py:183} INFO - Processing /opt/airflow/dags/main.py took 0.292 seconds
[2025-12-17T13:30:59.004+0000] {processor.py:161} INFO - Started process (PID=11266) to work on /opt/airflow/dags/main.py
[2025-12-17T13:30:59.005+0000] {processor.py:830} INFO - Processing file /opt/airflow/dags/main.py for tasks to queue
[2025-12-17T13:30:59.006+0000] {logging_mixin.py:188} INFO - [2025-12-17T13:30:59.005+0000] {dagbag.py:545} INFO - Filling up the DagBag from /opt/airflow/dags/main.py
[2025-12-17T13:30:59.097+0000] {processor.py:840} INFO - DAG(s) 'youtube_video_stats', 'update_db' retrieved from /opt/airflow/dags/main.py
[2025-12-17T13:30:59.128+0000] {logging_mixin.py:188} INFO - [2025-12-17T13:30:59.128+0000] {dag.py:3096} INFO - Sync 2 DAGs
[2025-12-17T13:30:59.151+0000] {logging_mixin.py:188} INFO - [2025-12-17T13:30:59.150+0000] {dag.py:3954} INFO - Setting next_dagrun for update_db to 2025-12-16 15:00:00+00:00, run_after=2025-12-17 15:00:00+00:00
[2025-12-17T13:30:59.156+0000] {logging_mixin.py:188} INFO - [2025-12-17T13:30:59.156+0000] {dag.py:3954} INFO - Setting next_dagrun for youtube_video_stats to 2025-12-16 14:00:00+00:00, run_after=2025-12-17 14:00:00+00:00
[2025-12-17T13:30:59.179+0000] {processor.py:183} INFO - Processing /opt/airflow/dags/main.py took 0.180 seconds
[2025-12-17T13:31:29.264+0000] {processor.py:161} INFO - Started process (PID=11273) to work on /opt/airflow/dags/main.py
[2025-12-17T13:31:29.266+0000] {processor.py:830} INFO - Processing file /opt/airflow/dags/main.py for tasks to queue
[2025-12-17T13:31:29.267+0000] {logging_mixin.py:188} INFO - [2025-12-17T13:31:29.267+0000] {dagbag.py:545} INFO - Filling up the DagBag from /opt/airflow/dags/main.py
[2025-12-17T13:31:29.388+0000] {processor.py:840} INFO - DAG(s) 'update_db', 'youtube_video_stats' retrieved from /opt/airflow/dags/main.py
[2025-12-17T13:31:29.427+0000] {logging_mixin.py:188} INFO - [2025-12-17T13:31:29.427+0000] {dag.py:3096} INFO - Sync 2 DAGs
[2025-12-17T13:31:29.457+0000] {logging_mixin.py:188} INFO - [2025-12-17T13:31:29.457+0000] {dag.py:3954} INFO - Setting next_dagrun for update_db to 2025-12-16 15:00:00+00:00, run_after=2025-12-17 15:00:00+00:00
[2025-12-17T13:31:29.463+0000] {logging_mixin.py:188} INFO - [2025-12-17T13:31:29.463+0000] {dag.py:3954} INFO - Setting next_dagrun for youtube_video_stats to 2025-12-16 14:00:00+00:00, run_after=2025-12-17 14:00:00+00:00
[2025-12-17T13:31:29.484+0000] {processor.py:183} INFO - Processing /opt/airflow/dags/main.py took 0.228 seconds
[2025-12-17T13:37:21.783+0000] {processor.py:161} INFO - Started process (PID=11274) to work on /opt/airflow/dags/main.py
[2025-12-17T13:37:21.784+0000] {processor.py:830} INFO - Processing file /opt/airflow/dags/main.py for tasks to queue
[2025-12-17T13:37:21.788+0000] {logging_mixin.py:188} INFO - [2025-12-17T13:37:21.787+0000] {dagbag.py:545} INFO - Filling up the DagBag from /opt/airflow/dags/main.py
[2025-12-17T13:37:22.413+0000] {processor.py:840} INFO - DAG(s) 'youtube_video_stats', 'update_db' retrieved from /opt/airflow/dags/main.py
[2025-12-17T13:37:22.510+0000] {logging_mixin.py:188} INFO - [2025-12-17T13:37:22.509+0000] {dag.py:3096} INFO - Sync 2 DAGs
[2025-12-17T13:37:22.605+0000] {logging_mixin.py:188} INFO - [2025-12-17T13:37:22.601+0000] {dag.py:3954} INFO - Setting next_dagrun for update_db to 2025-12-16 15:00:00+00:00, run_after=2025-12-17 15:00:00+00:00
[2025-12-17T13:37:22.626+0000] {logging_mixin.py:188} INFO - [2025-12-17T13:37:22.626+0000] {dag.py:3954} INFO - Setting next_dagrun for youtube_video_stats to 2025-12-16 14:00:00+00:00, run_after=2025-12-17 14:00:00+00:00
[2025-12-17T13:37:22.692+0000] {processor.py:183} INFO - Processing /opt/airflow/dags/main.py took 0.917 seconds
[2025-12-17T13:37:52.944+0000] {processor.py:161} INFO - Started process (PID=11281) to work on /opt/airflow/dags/main.py
[2025-12-17T13:37:52.945+0000] {processor.py:830} INFO - Processing file /opt/airflow/dags/main.py for tasks to queue
[2025-12-17T13:37:52.947+0000] {logging_mixin.py:188} INFO - [2025-12-17T13:37:52.946+0000] {dagbag.py:545} INFO - Filling up the DagBag from /opt/airflow/dags/main.py
[2025-12-17T13:37:53.046+0000] {processor.py:840} INFO - DAG(s) 'update_db', 'youtube_video_stats' retrieved from /opt/airflow/dags/main.py
[2025-12-17T13:37:53.076+0000] {logging_mixin.py:188} INFO - [2025-12-17T13:37:53.076+0000] {dag.py:3096} INFO - Sync 2 DAGs
[2025-12-17T13:37:53.098+0000] {logging_mixin.py:188} INFO - [2025-12-17T13:37:53.098+0000] {dag.py:3954} INFO - Setting next_dagrun for update_db to 2025-12-16 15:00:00+00:00, run_after=2025-12-17 15:00:00+00:00
[2025-12-17T13:37:53.104+0000] {logging_mixin.py:188} INFO - [2025-12-17T13:37:53.103+0000] {dag.py:3954} INFO - Setting next_dagrun for youtube_video_stats to 2025-12-16 14:00:00+00:00, run_after=2025-12-17 14:00:00+00:00
[2025-12-17T13:37:53.121+0000] {processor.py:183} INFO - Processing /opt/airflow/dags/main.py took 0.183 seconds
[2025-12-17T13:38:23.330+0000] {processor.py:161} INFO - Started process (PID=11289) to work on /opt/airflow/dags/main.py
[2025-12-17T13:38:23.331+0000] {processor.py:830} INFO - Processing file /opt/airflow/dags/main.py for tasks to queue
[2025-12-17T13:38:23.332+0000] {logging_mixin.py:188} INFO - [2025-12-17T13:38:23.332+0000] {dagbag.py:545} INFO - Filling up the DagBag from /opt/airflow/dags/main.py
[2025-12-17T13:38:23.426+0000] {processor.py:840} INFO - DAG(s) 'update_db', 'youtube_video_stats' retrieved from /opt/airflow/dags/main.py
[2025-12-17T13:38:23.479+0000] {logging_mixin.py:188} INFO - [2025-12-17T13:38:23.479+0000] {dag.py:3096} INFO - Sync 2 DAGs
[2025-12-17T13:38:23.512+0000] {logging_mixin.py:188} INFO - [2025-12-17T13:38:23.511+0000] {dag.py:3954} INFO - Setting next_dagrun for update_db to 2025-12-16 15:00:00+00:00, run_after=2025-12-17 15:00:00+00:00
[2025-12-17T13:38:23.517+0000] {logging_mixin.py:188} INFO - [2025-12-17T13:38:23.517+0000] {dag.py:3954} INFO - Setting next_dagrun for youtube_video_stats to 2025-12-16 14:00:00+00:00, run_after=2025-12-17 14:00:00+00:00
[2025-12-17T13:38:23.536+0000] {processor.py:183} INFO - Processing /opt/airflow/dags/main.py took 0.212 seconds
[2025-12-17T13:38:53.763+0000] {processor.py:161} INFO - Started process (PID=11302) to work on /opt/airflow/dags/main.py
[2025-12-17T13:38:53.764+0000] {processor.py:830} INFO - Processing file /opt/airflow/dags/main.py for tasks to queue
[2025-12-17T13:38:53.766+0000] {logging_mixin.py:188} INFO - [2025-12-17T13:38:53.765+0000] {dagbag.py:545} INFO - Filling up the DagBag from /opt/airflow/dags/main.py
[2025-12-17T13:38:53.851+0000] {processor.py:840} INFO - DAG(s) 'youtube_video_stats', 'update_db' retrieved from /opt/airflow/dags/main.py
[2025-12-17T13:38:53.877+0000] {logging_mixin.py:188} INFO - [2025-12-17T13:38:53.877+0000] {dag.py:3096} INFO - Sync 2 DAGs
[2025-12-17T13:38:53.896+0000] {logging_mixin.py:188} INFO - [2025-12-17T13:38:53.896+0000] {dag.py:3954} INFO - Setting next_dagrun for update_db to 2025-12-16 15:00:00+00:00, run_after=2025-12-17 15:00:00+00:00
[2025-12-17T13:38:53.901+0000] {logging_mixin.py:188} INFO - [2025-12-17T13:38:53.901+0000] {dag.py:3954} INFO - Setting next_dagrun for youtube_video_stats to 2025-12-16 14:00:00+00:00, run_after=2025-12-17 14:00:00+00:00
[2025-12-17T13:38:53.922+0000] {processor.py:183} INFO - Processing /opt/airflow/dags/main.py took 0.166 seconds
[2025-12-17T13:39:24.165+0000] {processor.py:161} INFO - Started process (PID=11309) to work on /opt/airflow/dags/main.py
[2025-12-17T13:39:24.166+0000] {processor.py:830} INFO - Processing file /opt/airflow/dags/main.py for tasks to queue
[2025-12-17T13:39:24.168+0000] {logging_mixin.py:188} INFO - [2025-12-17T13:39:24.167+0000] {dagbag.py:545} INFO - Filling up the DagBag from /opt/airflow/dags/main.py
[2025-12-17T13:39:24.240+0000] {processor.py:840} INFO - DAG(s) 'update_db', 'youtube_video_stats' retrieved from /opt/airflow/dags/main.py
[2025-12-17T13:39:24.266+0000] {logging_mixin.py:188} INFO - [2025-12-17T13:39:24.266+0000] {dag.py:3096} INFO - Sync 2 DAGs
[2025-12-17T13:39:24.285+0000] {logging_mixin.py:188} INFO - [2025-12-17T13:39:24.285+0000] {dag.py:3954} INFO - Setting next_dagrun for update_db to 2025-12-16 15:00:00+00:00, run_after=2025-12-17 15:00:00+00:00
[2025-12-17T13:39:24.290+0000] {logging_mixin.py:188} INFO - [2025-12-17T13:39:24.290+0000] {dag.py:3954} INFO - Setting next_dagrun for youtube_video_stats to 2025-12-16 14:00:00+00:00, run_after=2025-12-17 14:00:00+00:00
[2025-12-17T13:39:24.307+0000] {processor.py:183} INFO - Processing /opt/airflow/dags/main.py took 0.147 seconds
[2025-12-17T13:39:54.359+0000] {processor.py:161} INFO - Started process (PID=11316) to work on /opt/airflow/dags/main.py
[2025-12-17T13:39:54.360+0000] {processor.py:830} INFO - Processing file /opt/airflow/dags/main.py for tasks to queue
[2025-12-17T13:39:54.361+0000] {logging_mixin.py:188} INFO - [2025-12-17T13:39:54.361+0000] {dagbag.py:545} INFO - Filling up the DagBag from /opt/airflow/dags/main.py
[2025-12-17T13:39:54.440+0000] {processor.py:840} INFO - DAG(s) 'youtube_video_stats', 'update_db' retrieved from /opt/airflow/dags/main.py
[2025-12-17T13:39:54.470+0000] {logging_mixin.py:188} INFO - [2025-12-17T13:39:54.470+0000] {dag.py:3096} INFO - Sync 2 DAGs
[2025-12-17T13:39:54.492+0000] {logging_mixin.py:188} INFO - [2025-12-17T13:39:54.492+0000] {dag.py:3954} INFO - Setting next_dagrun for update_db to 2025-12-16 15:00:00+00:00, run_after=2025-12-17 15:00:00+00:00
[2025-12-17T13:39:54.497+0000] {logging_mixin.py:188} INFO - [2025-12-17T13:39:54.497+0000] {dag.py:3954} INFO - Setting next_dagrun for youtube_video_stats to 2025-12-16 14:00:00+00:00, run_after=2025-12-17 14:00:00+00:00
[2025-12-17T13:39:54.518+0000] {processor.py:183} INFO - Processing /opt/airflow/dags/main.py took 0.165 seconds
[2025-12-17T13:40:24.703+0000] {processor.py:161} INFO - Started process (PID=11323) to work on /opt/airflow/dags/main.py
[2025-12-17T13:40:24.704+0000] {processor.py:830} INFO - Processing file /opt/airflow/dags/main.py for tasks to queue
[2025-12-17T13:40:24.704+0000] {logging_mixin.py:188} INFO - [2025-12-17T13:40:24.704+0000] {dagbag.py:545} INFO - Filling up the DagBag from /opt/airflow/dags/main.py
[2025-12-17T13:40:24.773+0000] {processor.py:840} INFO - DAG(s) 'update_db', 'youtube_video_stats' retrieved from /opt/airflow/dags/main.py
[2025-12-17T13:40:24.800+0000] {logging_mixin.py:188} INFO - [2025-12-17T13:40:24.800+0000] {dag.py:3096} INFO - Sync 2 DAGs
[2025-12-17T13:40:24.820+0000] {logging_mixin.py:188} INFO - [2025-12-17T13:40:24.820+0000] {dag.py:3954} INFO - Setting next_dagrun for update_db to 2025-12-16 15:00:00+00:00, run_after=2025-12-17 15:00:00+00:00
[2025-12-17T13:40:24.825+0000] {logging_mixin.py:188} INFO - [2025-12-17T13:40:24.824+0000] {dag.py:3954} INFO - Setting next_dagrun for youtube_video_stats to 2025-12-16 14:00:00+00:00, run_after=2025-12-17 14:00:00+00:00
[2025-12-17T13:40:24.845+0000] {processor.py:183} INFO - Processing /opt/airflow/dags/main.py took 0.147 seconds
[2025-12-17T13:40:54.929+0000] {processor.py:161} INFO - Started process (PID=11330) to work on /opt/airflow/dags/main.py
[2025-12-17T13:40:54.930+0000] {processor.py:830} INFO - Processing file /opt/airflow/dags/main.py for tasks to queue
[2025-12-17T13:40:54.931+0000] {logging_mixin.py:188} INFO - [2025-12-17T13:40:54.931+0000] {dagbag.py:545} INFO - Filling up the DagBag from /opt/airflow/dags/main.py
[2025-12-17T13:40:55.009+0000] {processor.py:840} INFO - DAG(s) 'update_db', 'youtube_video_stats' retrieved from /opt/airflow/dags/main.py
[2025-12-17T13:40:55.038+0000] {logging_mixin.py:188} INFO - [2025-12-17T13:40:55.038+0000] {dag.py:3096} INFO - Sync 2 DAGs
[2025-12-17T13:40:55.058+0000] {logging_mixin.py:188} INFO - [2025-12-17T13:40:55.057+0000] {dag.py:3954} INFO - Setting next_dagrun for update_db to 2025-12-16 15:00:00+00:00, run_after=2025-12-17 15:00:00+00:00
[2025-12-17T13:40:55.063+0000] {logging_mixin.py:188} INFO - [2025-12-17T13:40:55.062+0000] {dag.py:3954} INFO - Setting next_dagrun for youtube_video_stats to 2025-12-16 14:00:00+00:00, run_after=2025-12-17 14:00:00+00:00
[2025-12-17T13:40:55.078+0000] {processor.py:183} INFO - Processing /opt/airflow/dags/main.py took 0.155 seconds
[2025-12-17T13:41:25.273+0000] {processor.py:161} INFO - Started process (PID=11337) to work on /opt/airflow/dags/main.py
[2025-12-17T13:41:25.274+0000] {processor.py:830} INFO - Processing file /opt/airflow/dags/main.py for tasks to queue
[2025-12-17T13:41:25.275+0000] {logging_mixin.py:188} INFO - [2025-12-17T13:41:25.275+0000] {dagbag.py:545} INFO - Filling up the DagBag from /opt/airflow/dags/main.py
[2025-12-17T13:41:25.355+0000] {processor.py:840} INFO - DAG(s) 'youtube_video_stats', 'update_db' retrieved from /opt/airflow/dags/main.py
[2025-12-17T13:41:25.382+0000] {logging_mixin.py:188} INFO - [2025-12-17T13:41:25.382+0000] {dag.py:3096} INFO - Sync 2 DAGs
[2025-12-17T13:41:25.402+0000] {logging_mixin.py:188} INFO - [2025-12-17T13:41:25.402+0000] {dag.py:3954} INFO - Setting next_dagrun for update_db to 2025-12-16 15:00:00+00:00, run_after=2025-12-17 15:00:00+00:00
[2025-12-17T13:41:25.407+0000] {logging_mixin.py:188} INFO - [2025-12-17T13:41:25.407+0000] {dag.py:3954} INFO - Setting next_dagrun for youtube_video_stats to 2025-12-16 14:00:00+00:00, run_after=2025-12-17 14:00:00+00:00
[2025-12-17T13:41:25.426+0000] {processor.py:183} INFO - Processing /opt/airflow/dags/main.py took 0.160 seconds
[2025-12-17T13:41:55.487+0000] {processor.py:161} INFO - Started process (PID=11344) to work on /opt/airflow/dags/main.py
[2025-12-17T13:41:55.488+0000] {processor.py:830} INFO - Processing file /opt/airflow/dags/main.py for tasks to queue
[2025-12-17T13:41:55.489+0000] {logging_mixin.py:188} INFO - [2025-12-17T13:41:55.488+0000] {dagbag.py:545} INFO - Filling up the DagBag from /opt/airflow/dags/main.py
[2025-12-17T13:41:55.565+0000] {processor.py:840} INFO - DAG(s) 'youtube_video_stats', 'update_db' retrieved from /opt/airflow/dags/main.py
[2025-12-17T13:41:55.591+0000] {logging_mixin.py:188} INFO - [2025-12-17T13:41:55.591+0000] {dag.py:3096} INFO - Sync 2 DAGs
[2025-12-17T13:41:55.611+0000] {logging_mixin.py:188} INFO - [2025-12-17T13:41:55.611+0000] {dag.py:3954} INFO - Setting next_dagrun for update_db to 2025-12-16 15:00:00+00:00, run_after=2025-12-17 15:00:00+00:00
[2025-12-17T13:41:55.616+0000] {logging_mixin.py:188} INFO - [2025-12-17T13:41:55.616+0000] {dag.py:3954} INFO - Setting next_dagrun for youtube_video_stats to 2025-12-16 14:00:00+00:00, run_after=2025-12-17 14:00:00+00:00
[2025-12-17T13:41:55.635+0000] {processor.py:183} INFO - Processing /opt/airflow/dags/main.py took 0.154 seconds
[2025-12-17T13:42:25.942+0000] {processor.py:161} INFO - Started process (PID=11351) to work on /opt/airflow/dags/main.py
[2025-12-17T13:42:25.943+0000] {processor.py:830} INFO - Processing file /opt/airflow/dags/main.py for tasks to queue
[2025-12-17T13:42:25.944+0000] {logging_mixin.py:188} INFO - [2025-12-17T13:42:25.944+0000] {dagbag.py:545} INFO - Filling up the DagBag from /opt/airflow/dags/main.py
[2025-12-17T13:42:26.021+0000] {processor.py:840} INFO - DAG(s) 'youtube_video_stats', 'update_db' retrieved from /opt/airflow/dags/main.py
[2025-12-17T13:42:26.047+0000] {logging_mixin.py:188} INFO - [2025-12-17T13:42:26.047+0000] {dag.py:3096} INFO - Sync 2 DAGs
[2025-12-17T13:42:26.067+0000] {logging_mixin.py:188} INFO - [2025-12-17T13:42:26.067+0000] {dag.py:3954} INFO - Setting next_dagrun for update_db to 2025-12-16 15:00:00+00:00, run_after=2025-12-17 15:00:00+00:00
[2025-12-17T13:42:26.073+0000] {logging_mixin.py:188} INFO - [2025-12-17T13:42:26.073+0000] {dag.py:3954} INFO - Setting next_dagrun for youtube_video_stats to 2025-12-16 14:00:00+00:00, run_after=2025-12-17 14:00:00+00:00
[2025-12-17T13:42:26.092+0000] {processor.py:183} INFO - Processing /opt/airflow/dags/main.py took 0.156 seconds
[2025-12-17T13:42:56.160+0000] {processor.py:161} INFO - Started process (PID=11358) to work on /opt/airflow/dags/main.py
[2025-12-17T13:42:56.161+0000] {processor.py:830} INFO - Processing file /opt/airflow/dags/main.py for tasks to queue
[2025-12-17T13:42:56.162+0000] {logging_mixin.py:188} INFO - [2025-12-17T13:42:56.161+0000] {dagbag.py:545} INFO - Filling up the DagBag from /opt/airflow/dags/main.py
[2025-12-17T13:42:56.240+0000] {processor.py:840} INFO - DAG(s) 'youtube_video_stats', 'update_db' retrieved from /opt/airflow/dags/main.py
[2025-12-17T13:42:56.265+0000] {logging_mixin.py:188} INFO - [2025-12-17T13:42:56.265+0000] {dag.py:3096} INFO - Sync 2 DAGs
[2025-12-17T13:42:56.286+0000] {logging_mixin.py:188} INFO - [2025-12-17T13:42:56.286+0000] {dag.py:3954} INFO - Setting next_dagrun for update_db to 2025-12-16 15:00:00+00:00, run_after=2025-12-17 15:00:00+00:00
[2025-12-17T13:42:56.291+0000] {logging_mixin.py:188} INFO - [2025-12-17T13:42:56.291+0000] {dag.py:3954} INFO - Setting next_dagrun for youtube_video_stats to 2025-12-16 14:00:00+00:00, run_after=2025-12-17 14:00:00+00:00
[2025-12-17T13:42:56.306+0000] {processor.py:183} INFO - Processing /opt/airflow/dags/main.py took 0.152 seconds
[2025-12-17T13:43:26.541+0000] {processor.py:161} INFO - Started process (PID=11365) to work on /opt/airflow/dags/main.py
[2025-12-17T13:43:26.542+0000] {processor.py:830} INFO - Processing file /opt/airflow/dags/main.py for tasks to queue
[2025-12-17T13:43:26.543+0000] {logging_mixin.py:188} INFO - [2025-12-17T13:43:26.543+0000] {dagbag.py:545} INFO - Filling up the DagBag from /opt/airflow/dags/main.py
[2025-12-17T13:43:26.615+0000] {processor.py:840} INFO - DAG(s) 'update_db', 'youtube_video_stats' retrieved from /opt/airflow/dags/main.py
[2025-12-17T13:43:26.646+0000] {logging_mixin.py:188} INFO - [2025-12-17T13:43:26.646+0000] {dag.py:3096} INFO - Sync 2 DAGs
[2025-12-17T13:43:26.668+0000] {logging_mixin.py:188} INFO - [2025-12-17T13:43:26.668+0000] {dag.py:3954} INFO - Setting next_dagrun for update_db to 2025-12-16 15:00:00+00:00, run_after=2025-12-17 15:00:00+00:00
[2025-12-17T13:43:26.674+0000] {logging_mixin.py:188} INFO - [2025-12-17T13:43:26.674+0000] {dag.py:3954} INFO - Setting next_dagrun for youtube_video_stats to 2025-12-16 14:00:00+00:00, run_after=2025-12-17 14:00:00+00:00
[2025-12-17T13:43:26.692+0000] {processor.py:183} INFO - Processing /opt/airflow/dags/main.py took 0.156 seconds
[2025-12-17T13:43:56.745+0000] {processor.py:161} INFO - Started process (PID=11372) to work on /opt/airflow/dags/main.py
[2025-12-17T13:43:56.746+0000] {processor.py:830} INFO - Processing file /opt/airflow/dags/main.py for tasks to queue
[2025-12-17T13:43:56.747+0000] {logging_mixin.py:188} INFO - [2025-12-17T13:43:56.747+0000] {dagbag.py:545} INFO - Filling up the DagBag from /opt/airflow/dags/main.py
[2025-12-17T13:43:56.823+0000] {processor.py:840} INFO - DAG(s) 'update_db', 'youtube_video_stats' retrieved from /opt/airflow/dags/main.py
[2025-12-17T13:43:56.852+0000] {logging_mixin.py:188} INFO - [2025-12-17T13:43:56.852+0000] {dag.py:3096} INFO - Sync 2 DAGs
[2025-12-17T13:43:56.872+0000] {logging_mixin.py:188} INFO - [2025-12-17T13:43:56.871+0000] {dag.py:3954} INFO - Setting next_dagrun for update_db to 2025-12-16 15:00:00+00:00, run_after=2025-12-17 15:00:00+00:00
[2025-12-17T13:43:56.876+0000] {logging_mixin.py:188} INFO - [2025-12-17T13:43:56.875+0000] {dag.py:3954} INFO - Setting next_dagrun for youtube_video_stats to 2025-12-16 14:00:00+00:00, run_after=2025-12-17 14:00:00+00:00
[2025-12-17T13:43:56.892+0000] {processor.py:183} INFO - Processing /opt/airflow/dags/main.py took 0.152 seconds
[2025-12-17T13:44:27.105+0000] {processor.py:161} INFO - Started process (PID=11379) to work on /opt/airflow/dags/main.py
[2025-12-17T13:44:27.106+0000] {processor.py:830} INFO - Processing file /opt/airflow/dags/main.py for tasks to queue
[2025-12-17T13:44:27.107+0000] {logging_mixin.py:188} INFO - [2025-12-17T13:44:27.107+0000] {dagbag.py:545} INFO - Filling up the DagBag from /opt/airflow/dags/main.py
[2025-12-17T13:44:27.183+0000] {processor.py:840} INFO - DAG(s) 'youtube_video_stats', 'update_db' retrieved from /opt/airflow/dags/main.py
[2025-12-17T13:44:27.210+0000] {logging_mixin.py:188} INFO - [2025-12-17T13:44:27.210+0000] {dag.py:3096} INFO - Sync 2 DAGs
[2025-12-17T13:44:27.227+0000] {logging_mixin.py:188} INFO - [2025-12-17T13:44:27.227+0000] {dag.py:3954} INFO - Setting next_dagrun for update_db to 2025-12-16 15:00:00+00:00, run_after=2025-12-17 15:00:00+00:00
[2025-12-17T13:44:27.232+0000] {logging_mixin.py:188} INFO - [2025-12-17T13:44:27.232+0000] {dag.py:3954} INFO - Setting next_dagrun for youtube_video_stats to 2025-12-16 14:00:00+00:00, run_after=2025-12-17 14:00:00+00:00
[2025-12-17T13:44:27.247+0000] {processor.py:183} INFO - Processing /opt/airflow/dags/main.py took 0.147 seconds
[2025-12-17T13:44:57.329+0000] {processor.py:161} INFO - Started process (PID=11386) to work on /opt/airflow/dags/main.py
[2025-12-17T13:44:57.331+0000] {processor.py:830} INFO - Processing file /opt/airflow/dags/main.py for tasks to queue
[2025-12-17T13:44:57.332+0000] {logging_mixin.py:188} INFO - [2025-12-17T13:44:57.332+0000] {dagbag.py:545} INFO - Filling up the DagBag from /opt/airflow/dags/main.py
[2025-12-17T13:44:57.449+0000] {processor.py:840} INFO - DAG(s) 'youtube_video_stats', 'update_db' retrieved from /opt/airflow/dags/main.py
[2025-12-17T13:44:57.478+0000] {logging_mixin.py:188} INFO - [2025-12-17T13:44:57.477+0000] {dag.py:3096} INFO - Sync 2 DAGs
[2025-12-17T13:44:57.498+0000] {logging_mixin.py:188} INFO - [2025-12-17T13:44:57.498+0000] {dag.py:3954} INFO - Setting next_dagrun for update_db to 2025-12-16 15:00:00+00:00, run_after=2025-12-17 15:00:00+00:00
[2025-12-17T13:44:57.503+0000] {logging_mixin.py:188} INFO - [2025-12-17T13:44:57.503+0000] {dag.py:3954} INFO - Setting next_dagrun for youtube_video_stats to 2025-12-16 14:00:00+00:00, run_after=2025-12-17 14:00:00+00:00
[2025-12-17T13:44:57.520+0000] {processor.py:183} INFO - Processing /opt/airflow/dags/main.py took 0.197 seconds
[2025-12-17T13:45:27.646+0000] {processor.py:161} INFO - Started process (PID=11393) to work on /opt/airflow/dags/main.py
[2025-12-17T13:45:27.647+0000] {processor.py:830} INFO - Processing file /opt/airflow/dags/main.py for tasks to queue
[2025-12-17T13:45:27.648+0000] {logging_mixin.py:188} INFO - [2025-12-17T13:45:27.648+0000] {dagbag.py:545} INFO - Filling up the DagBag from /opt/airflow/dags/main.py
[2025-12-17T13:45:27.721+0000] {processor.py:840} INFO - DAG(s) 'youtube_video_stats', 'update_db' retrieved from /opt/airflow/dags/main.py
[2025-12-17T13:45:27.748+0000] {logging_mixin.py:188} INFO - [2025-12-17T13:45:27.747+0000] {dag.py:3096} INFO - Sync 2 DAGs
[2025-12-17T13:45:27.766+0000] {logging_mixin.py:188} INFO - [2025-12-17T13:45:27.766+0000] {dag.py:3954} INFO - Setting next_dagrun for update_db to 2025-12-16 15:00:00+00:00, run_after=2025-12-17 15:00:00+00:00
[2025-12-17T13:45:27.772+0000] {logging_mixin.py:188} INFO - [2025-12-17T13:45:27.772+0000] {dag.py:3954} INFO - Setting next_dagrun for youtube_video_stats to 2025-12-16 14:00:00+00:00, run_after=2025-12-17 14:00:00+00:00
[2025-12-17T13:45:27.792+0000] {processor.py:183} INFO - Processing /opt/airflow/dags/main.py took 0.152 seconds
[2025-12-17T16:51:32.210+0000] {processor.py:161} INFO - Started process (PID=11400) to work on /opt/airflow/dags/main.py
[2025-12-17T16:51:32.349+0000] {processor.py:830} INFO - Processing file /opt/airflow/dags/main.py for tasks to queue
[2025-12-17T16:51:32.378+0000] {logging_mixin.py:188} INFO - [2025-12-17T16:51:32.378+0000] {dagbag.py:545} INFO - Filling up the DagBag from /opt/airflow/dags/main.py
[2025-12-17T16:51:33.785+0000] {processor.py:840} INFO - DAG(s) 'update_db', 'youtube_video_stats' retrieved from /opt/airflow/dags/main.py
[2025-12-17T16:51:33.997+0000] {logging_mixin.py:188} INFO - [2025-12-17T16:51:33.996+0000] {dag.py:3096} INFO - Sync 2 DAGs
[2025-12-17T16:51:34.087+0000] {logging_mixin.py:188} INFO - [2025-12-17T16:51:34.087+0000] {dag.py:3954} INFO - Setting next_dagrun for update_db to 2025-12-17 15:00:00+00:00, run_after=2025-12-18 15:00:00+00:00
[2025-12-17T16:51:34.110+0000] {logging_mixin.py:188} INFO - [2025-12-17T16:51:34.110+0000] {dag.py:3954} INFO - Setting next_dagrun for youtube_video_stats to 2025-12-17 14:00:00+00:00, run_after=2025-12-18 14:00:00+00:00
[2025-12-17T16:51:34.189+0000] {processor.py:183} INFO - Processing /opt/airflow/dags/main.py took 2.003 seconds
[2025-12-17T16:52:05.057+0000] {processor.py:161} INFO - Started process (PID=11411) to work on /opt/airflow/dags/main.py
[2025-12-17T16:52:05.086+0000] {processor.py:830} INFO - Processing file /opt/airflow/dags/main.py for tasks to queue
[2025-12-17T16:52:05.101+0000] {logging_mixin.py:188} INFO - [2025-12-17T16:52:05.094+0000] {dagbag.py:545} INFO - Filling up the DagBag from /opt/airflow/dags/main.py
[2025-12-17T16:52:06.493+0000] {processor.py:840} INFO - DAG(s) 'update_db', 'youtube_video_stats' retrieved from /opt/airflow/dags/main.py
[2025-12-17T16:52:06.693+0000] {logging_mixin.py:188} INFO - [2025-12-17T16:52:06.692+0000] {dag.py:3096} INFO - Sync 2 DAGs
[2025-12-17T16:52:06.865+0000] {logging_mixin.py:188} INFO - [2025-12-17T16:52:06.865+0000] {dag.py:3954} INFO - Setting next_dagrun for update_db to 2025-12-17 15:00:00+00:00, run_after=2025-12-18 15:00:00+00:00
[2025-12-17T16:52:06.913+0000] {logging_mixin.py:188} INFO - [2025-12-17T16:52:06.912+0000] {dag.py:3954} INFO - Setting next_dagrun for youtube_video_stats to 2025-12-17 14:00:00+00:00, run_after=2025-12-18 14:00:00+00:00
[2025-12-17T16:52:07.015+0000] {processor.py:183} INFO - Processing /opt/airflow/dags/main.py took 2.016 seconds
[2025-12-17T16:52:37.834+0000] {processor.py:161} INFO - Started process (PID=11418) to work on /opt/airflow/dags/main.py
[2025-12-17T16:52:37.838+0000] {processor.py:830} INFO - Processing file /opt/airflow/dags/main.py for tasks to queue
[2025-12-17T16:52:37.850+0000] {logging_mixin.py:188} INFO - [2025-12-17T16:52:37.849+0000] {dagbag.py:545} INFO - Filling up the DagBag from /opt/airflow/dags/main.py
[2025-12-17T16:52:38.410+0000] {processor.py:840} INFO - DAG(s) 'youtube_video_stats', 'update_db' retrieved from /opt/airflow/dags/main.py
[2025-12-17T16:52:38.636+0000] {logging_mixin.py:188} INFO - [2025-12-17T16:52:38.635+0000] {dag.py:3096} INFO - Sync 2 DAGs
[2025-12-17T16:52:38.812+0000] {logging_mixin.py:188} INFO - [2025-12-17T16:52:38.812+0000] {dag.py:3954} INFO - Setting next_dagrun for update_db to 2025-12-17 15:00:00+00:00, run_after=2025-12-18 15:00:00+00:00
[2025-12-17T16:52:38.861+0000] {logging_mixin.py:188} INFO - [2025-12-17T16:52:38.860+0000] {dag.py:3954} INFO - Setting next_dagrun for youtube_video_stats to 2025-12-17 14:00:00+00:00, run_after=2025-12-18 14:00:00+00:00
[2025-12-17T16:52:38.973+0000] {processor.py:183} INFO - Processing /opt/airflow/dags/main.py took 1.180 seconds
[2025-12-17T16:53:09.188+0000] {processor.py:161} INFO - Started process (PID=11425) to work on /opt/airflow/dags/main.py
[2025-12-17T16:53:09.189+0000] {processor.py:830} INFO - Processing file /opt/airflow/dags/main.py for tasks to queue
[2025-12-17T16:53:09.191+0000] {logging_mixin.py:188} INFO - [2025-12-17T16:53:09.191+0000] {dagbag.py:545} INFO - Filling up the DagBag from /opt/airflow/dags/main.py
[2025-12-17T16:53:09.361+0000] {processor.py:840} INFO - DAG(s) 'update_db', 'youtube_video_stats' retrieved from /opt/airflow/dags/main.py
[2025-12-17T16:53:09.410+0000] {logging_mixin.py:188} INFO - [2025-12-17T16:53:09.409+0000] {dag.py:3096} INFO - Sync 2 DAGs
[2025-12-17T16:53:09.451+0000] {logging_mixin.py:188} INFO - [2025-12-17T16:53:09.450+0000] {dag.py:3954} INFO - Setting next_dagrun for update_db to 2025-12-17 15:00:00+00:00, run_after=2025-12-18 15:00:00+00:00
[2025-12-17T16:53:09.461+0000] {logging_mixin.py:188} INFO - [2025-12-17T16:53:09.461+0000] {dag.py:3954} INFO - Setting next_dagrun for youtube_video_stats to 2025-12-17 14:00:00+00:00, run_after=2025-12-18 14:00:00+00:00
[2025-12-17T16:53:09.487+0000] {processor.py:183} INFO - Processing /opt/airflow/dags/main.py took 0.308 seconds
[2025-12-17T17:41:03.349+0000] {processor.py:161} INFO - Started process (PID=11432) to work on /opt/airflow/dags/main.py
[2025-12-17T17:41:03.366+0000] {processor.py:830} INFO - Processing file /opt/airflow/dags/main.py for tasks to queue
[2025-12-17T17:41:03.384+0000] {logging_mixin.py:188} INFO - [2025-12-17T17:41:03.383+0000] {dagbag.py:545} INFO - Filling up the DagBag from /opt/airflow/dags/main.py
[2025-12-17T17:41:04.515+0000] {processor.py:840} INFO - DAG(s) 'youtube_video_stats', 'update_db' retrieved from /opt/airflow/dags/main.py
[2025-12-17T17:41:04.631+0000] {logging_mixin.py:188} INFO - [2025-12-17T17:41:04.630+0000] {dag.py:3096} INFO - Sync 2 DAGs
[2025-12-17T17:41:04.718+0000] {logging_mixin.py:188} INFO - [2025-12-17T17:41:04.717+0000] {dag.py:3954} INFO - Setting next_dagrun for update_db to 2025-12-17 15:00:00+00:00, run_after=2025-12-18 15:00:00+00:00
[2025-12-17T17:41:04.744+0000] {logging_mixin.py:188} INFO - [2025-12-17T17:41:04.744+0000] {dag.py:3954} INFO - Setting next_dagrun for youtube_video_stats to 2025-12-17 14:00:00+00:00, run_after=2025-12-18 14:00:00+00:00
[2025-12-17T17:41:04.909+0000] {processor.py:183} INFO - Processing /opt/airflow/dags/main.py took 1.571 seconds
[2025-12-17T17:41:35.513+0000] {processor.py:161} INFO - Started process (PID=11439) to work on /opt/airflow/dags/main.py
[2025-12-17T17:41:35.515+0000] {processor.py:830} INFO - Processing file /opt/airflow/dags/main.py for tasks to queue
[2025-12-17T17:41:35.515+0000] {logging_mixin.py:188} INFO - [2025-12-17T17:41:35.515+0000] {dagbag.py:545} INFO - Filling up the DagBag from /opt/airflow/dags/main.py
[2025-12-17T17:41:35.596+0000] {processor.py:840} INFO - DAG(s) 'update_db', 'youtube_video_stats' retrieved from /opt/airflow/dags/main.py
[2025-12-17T17:41:35.625+0000] {logging_mixin.py:188} INFO - [2025-12-17T17:41:35.625+0000] {dag.py:3096} INFO - Sync 2 DAGs
[2025-12-17T17:41:35.647+0000] {logging_mixin.py:188} INFO - [2025-12-17T17:41:35.647+0000] {dag.py:3954} INFO - Setting next_dagrun for update_db to 2025-12-17 15:00:00+00:00, run_after=2025-12-18 15:00:00+00:00
[2025-12-17T17:41:35.653+0000] {logging_mixin.py:188} INFO - [2025-12-17T17:41:35.653+0000] {dag.py:3954} INFO - Setting next_dagrun for youtube_video_stats to 2025-12-17 14:00:00+00:00, run_after=2025-12-18 14:00:00+00:00
[2025-12-17T17:41:35.672+0000] {processor.py:183} INFO - Processing /opt/airflow/dags/main.py took 0.164 seconds
[2025-12-17T17:42:05.715+0000] {processor.py:161} INFO - Started process (PID=11446) to work on /opt/airflow/dags/main.py
[2025-12-17T17:42:05.717+0000] {processor.py:830} INFO - Processing file /opt/airflow/dags/main.py for tasks to queue
[2025-12-17T17:42:05.719+0000] {logging_mixin.py:188} INFO - [2025-12-17T17:42:05.718+0000] {dagbag.py:545} INFO - Filling up the DagBag from /opt/airflow/dags/main.py
[2025-12-17T17:42:05.814+0000] {processor.py:840} INFO - DAG(s) 'update_db', 'youtube_video_stats' retrieved from /opt/airflow/dags/main.py
[2025-12-17T17:42:05.847+0000] {logging_mixin.py:188} INFO - [2025-12-17T17:42:05.846+0000] {dag.py:3096} INFO - Sync 2 DAGs
[2025-12-17T17:42:05.870+0000] {logging_mixin.py:188} INFO - [2025-12-17T17:42:05.870+0000] {dag.py:3954} INFO - Setting next_dagrun for update_db to 2025-12-17 15:00:00+00:00, run_after=2025-12-18 15:00:00+00:00
[2025-12-17T17:42:05.875+0000] {logging_mixin.py:188} INFO - [2025-12-17T17:42:05.875+0000] {dag.py:3954} INFO - Setting next_dagrun for youtube_video_stats to 2025-12-17 14:00:00+00:00, run_after=2025-12-18 14:00:00+00:00
[2025-12-17T17:42:05.894+0000] {processor.py:183} INFO - Processing /opt/airflow/dags/main.py took 0.185 seconds
[2025-12-17T17:42:36.128+0000] {processor.py:161} INFO - Started process (PID=11453) to work on /opt/airflow/dags/main.py
[2025-12-17T17:42:36.135+0000] {processor.py:830} INFO - Processing file /opt/airflow/dags/main.py for tasks to queue
[2025-12-17T17:42:36.140+0000] {logging_mixin.py:188} INFO - [2025-12-17T17:42:36.138+0000] {dagbag.py:545} INFO - Filling up the DagBag from /opt/airflow/dags/main.py
[2025-12-17T17:42:36.339+0000] {processor.py:840} INFO - DAG(s) 'youtube_video_stats', 'update_db' retrieved from /opt/airflow/dags/main.py
[2025-12-17T17:42:36.386+0000] {logging_mixin.py:188} INFO - [2025-12-17T17:42:36.386+0000] {dag.py:3096} INFO - Sync 2 DAGs
[2025-12-17T17:42:36.429+0000] {logging_mixin.py:188} INFO - [2025-12-17T17:42:36.428+0000] {dag.py:3954} INFO - Setting next_dagrun for update_db to 2025-12-17 15:00:00+00:00, run_after=2025-12-18 15:00:00+00:00
[2025-12-17T17:42:36.438+0000] {logging_mixin.py:188} INFO - [2025-12-17T17:42:36.438+0000] {dag.py:3954} INFO - Setting next_dagrun for youtube_video_stats to 2025-12-17 14:00:00+00:00, run_after=2025-12-18 14:00:00+00:00
[2025-12-17T17:42:36.465+0000] {processor.py:183} INFO - Processing /opt/airflow/dags/main.py took 0.382 seconds
[2025-12-17T17:43:06.983+0000] {processor.py:161} INFO - Started process (PID=11460) to work on /opt/airflow/dags/main.py
[2025-12-17T17:43:06.985+0000] {processor.py:830} INFO - Processing file /opt/airflow/dags/main.py for tasks to queue
[2025-12-17T17:43:06.986+0000] {logging_mixin.py:188} INFO - [2025-12-17T17:43:06.986+0000] {dagbag.py:545} INFO - Filling up the DagBag from /opt/airflow/dags/main.py
[2025-12-17T17:43:07.105+0000] {processor.py:840} INFO - DAG(s) 'youtube_video_stats', 'update_db' retrieved from /opt/airflow/dags/main.py
[2025-12-17T17:43:07.148+0000] {logging_mixin.py:188} INFO - [2025-12-17T17:43:07.148+0000] {dag.py:3096} INFO - Sync 2 DAGs
[2025-12-17T17:43:07.186+0000] {logging_mixin.py:188} INFO - [2025-12-17T17:43:07.185+0000] {dag.py:3954} INFO - Setting next_dagrun for update_db to 2025-12-17 15:00:00+00:00, run_after=2025-12-18 15:00:00+00:00
[2025-12-17T17:43:07.192+0000] {logging_mixin.py:188} INFO - [2025-12-17T17:43:07.192+0000] {dag.py:3954} INFO - Setting next_dagrun for youtube_video_stats to 2025-12-17 14:00:00+00:00, run_after=2025-12-18 14:00:00+00:00
[2025-12-17T17:43:07.214+0000] {processor.py:183} INFO - Processing /opt/airflow/dags/main.py took 0.239 seconds
[2025-12-17T17:43:37.413+0000] {processor.py:161} INFO - Started process (PID=11467) to work on /opt/airflow/dags/main.py
[2025-12-17T17:43:37.415+0000] {processor.py:830} INFO - Processing file /opt/airflow/dags/main.py for tasks to queue
[2025-12-17T17:43:37.416+0000] {logging_mixin.py:188} INFO - [2025-12-17T17:43:37.416+0000] {dagbag.py:545} INFO - Filling up the DagBag from /opt/airflow/dags/main.py
[2025-12-17T17:43:37.575+0000] {processor.py:840} INFO - DAG(s) 'youtube_video_stats', 'update_db' retrieved from /opt/airflow/dags/main.py
[2025-12-17T17:43:37.616+0000] {logging_mixin.py:188} INFO - [2025-12-17T17:43:37.616+0000] {dag.py:3096} INFO - Sync 2 DAGs
[2025-12-17T17:43:37.643+0000] {logging_mixin.py:188} INFO - [2025-12-17T17:43:37.643+0000] {dag.py:3954} INFO - Setting next_dagrun for update_db to 2025-12-17 15:00:00+00:00, run_after=2025-12-18 15:00:00+00:00
[2025-12-17T17:43:37.651+0000] {logging_mixin.py:188} INFO - [2025-12-17T17:43:37.651+0000] {dag.py:3954} INFO - Setting next_dagrun for youtube_video_stats to 2025-12-17 14:00:00+00:00, run_after=2025-12-18 14:00:00+00:00
[2025-12-17T17:43:37.671+0000] {processor.py:183} INFO - Processing /opt/airflow/dags/main.py took 0.268 seconds
[2025-12-17T17:44:07.877+0000] {processor.py:161} INFO - Started process (PID=11474) to work on /opt/airflow/dags/main.py
[2025-12-17T17:44:07.878+0000] {processor.py:830} INFO - Processing file /opt/airflow/dags/main.py for tasks to queue
[2025-12-17T17:44:07.879+0000] {logging_mixin.py:188} INFO - [2025-12-17T17:44:07.879+0000] {dagbag.py:545} INFO - Filling up the DagBag from /opt/airflow/dags/main.py
[2025-12-17T17:44:07.963+0000] {processor.py:840} INFO - DAG(s) 'update_db', 'youtube_video_stats' retrieved from /opt/airflow/dags/main.py
[2025-12-17T17:44:07.991+0000] {logging_mixin.py:188} INFO - [2025-12-17T17:44:07.990+0000] {dag.py:3096} INFO - Sync 2 DAGs
[2025-12-17T17:44:08.011+0000] {logging_mixin.py:188} INFO - [2025-12-17T17:44:08.010+0000] {dag.py:3954} INFO - Setting next_dagrun for update_db to 2025-12-17 15:00:00+00:00, run_after=2025-12-18 15:00:00+00:00
[2025-12-17T17:44:08.016+0000] {logging_mixin.py:188} INFO - [2025-12-17T17:44:08.016+0000] {dag.py:3954} INFO - Setting next_dagrun for youtube_video_stats to 2025-12-17 14:00:00+00:00, run_after=2025-12-18 14:00:00+00:00
[2025-12-17T17:44:08.037+0000] {processor.py:183} INFO - Processing /opt/airflow/dags/main.py took 0.166 seconds
[2025-12-17T17:44:38.222+0000] {processor.py:161} INFO - Started process (PID=11481) to work on /opt/airflow/dags/main.py
[2025-12-17T17:44:38.223+0000] {processor.py:830} INFO - Processing file /opt/airflow/dags/main.py for tasks to queue
[2025-12-17T17:44:38.224+0000] {logging_mixin.py:188} INFO - [2025-12-17T17:44:38.224+0000] {dagbag.py:545} INFO - Filling up the DagBag from /opt/airflow/dags/main.py
[2025-12-17T17:44:38.299+0000] {processor.py:840} INFO - DAG(s) 'update_db', 'youtube_video_stats' retrieved from /opt/airflow/dags/main.py
[2025-12-17T17:44:38.326+0000] {logging_mixin.py:188} INFO - [2025-12-17T17:44:38.326+0000] {dag.py:3096} INFO - Sync 2 DAGs
[2025-12-17T17:44:38.346+0000] {logging_mixin.py:188} INFO - [2025-12-17T17:44:38.345+0000] {dag.py:3954} INFO - Setting next_dagrun for update_db to 2025-12-17 15:00:00+00:00, run_after=2025-12-18 15:00:00+00:00
[2025-12-17T17:44:38.350+0000] {logging_mixin.py:188} INFO - [2025-12-17T17:44:38.350+0000] {dag.py:3954} INFO - Setting next_dagrun for youtube_video_stats to 2025-12-17 14:00:00+00:00, run_after=2025-12-18 14:00:00+00:00
[2025-12-17T17:44:38.369+0000] {processor.py:183} INFO - Processing /opt/airflow/dags/main.py took 0.152 seconds
[2025-12-17T17:45:08.414+0000] {processor.py:161} INFO - Started process (PID=11488) to work on /opt/airflow/dags/main.py
[2025-12-17T17:45:08.415+0000] {processor.py:830} INFO - Processing file /opt/airflow/dags/main.py for tasks to queue
[2025-12-17T17:45:08.416+0000] {logging_mixin.py:188} INFO - [2025-12-17T17:45:08.415+0000] {dagbag.py:545} INFO - Filling up the DagBag from /opt/airflow/dags/main.py
[2025-12-17T17:45:08.501+0000] {processor.py:840} INFO - DAG(s) 'youtube_video_stats', 'update_db' retrieved from /opt/airflow/dags/main.py
[2025-12-17T17:45:08.529+0000] {logging_mixin.py:188} INFO - [2025-12-17T17:45:08.528+0000] {dag.py:3096} INFO - Sync 2 DAGs
[2025-12-17T17:45:08.551+0000] {logging_mixin.py:188} INFO - [2025-12-17T17:45:08.551+0000] {dag.py:3954} INFO - Setting next_dagrun for update_db to 2025-12-17 15:00:00+00:00, run_after=2025-12-18 15:00:00+00:00
[2025-12-17T17:45:08.557+0000] {logging_mixin.py:188} INFO - [2025-12-17T17:45:08.557+0000] {dag.py:3954} INFO - Setting next_dagrun for youtube_video_stats to 2025-12-17 14:00:00+00:00, run_after=2025-12-18 14:00:00+00:00
[2025-12-17T17:45:08.578+0000] {processor.py:183} INFO - Processing /opt/airflow/dags/main.py took 0.170 seconds
[2025-12-17T17:45:38.755+0000] {processor.py:161} INFO - Started process (PID=11495) to work on /opt/airflow/dags/main.py
[2025-12-17T17:45:38.756+0000] {processor.py:830} INFO - Processing file /opt/airflow/dags/main.py for tasks to queue
[2025-12-17T17:45:38.757+0000] {logging_mixin.py:188} INFO - [2025-12-17T17:45:38.757+0000] {dagbag.py:545} INFO - Filling up the DagBag from /opt/airflow/dags/main.py
[2025-12-17T17:45:38.840+0000] {processor.py:840} INFO - DAG(s) 'youtube_video_stats', 'update_db' retrieved from /opt/airflow/dags/main.py
[2025-12-17T17:45:38.872+0000] {logging_mixin.py:188} INFO - [2025-12-17T17:45:38.871+0000] {dag.py:3096} INFO - Sync 2 DAGs
[2025-12-17T17:45:38.893+0000] {logging_mixin.py:188} INFO - [2025-12-17T17:45:38.893+0000] {dag.py:3954} INFO - Setting next_dagrun for update_db to 2025-12-17 15:00:00+00:00, run_after=2025-12-18 15:00:00+00:00
[2025-12-17T17:45:38.898+0000] {logging_mixin.py:188} INFO - [2025-12-17T17:45:38.898+0000] {dag.py:3954} INFO - Setting next_dagrun for youtube_video_stats to 2025-12-17 14:00:00+00:00, run_after=2025-12-18 14:00:00+00:00
[2025-12-17T17:45:38.913+0000] {processor.py:183} INFO - Processing /opt/airflow/dags/main.py took 0.164 seconds
[2025-12-17T17:46:09.094+0000] {processor.py:161} INFO - Started process (PID=11502) to work on /opt/airflow/dags/main.py
[2025-12-17T17:46:09.095+0000] {processor.py:830} INFO - Processing file /opt/airflow/dags/main.py for tasks to queue
[2025-12-17T17:46:09.096+0000] {logging_mixin.py:188} INFO - [2025-12-17T17:46:09.096+0000] {dagbag.py:545} INFO - Filling up the DagBag from /opt/airflow/dags/main.py
[2025-12-17T17:46:09.171+0000] {processor.py:840} INFO - DAG(s) 'youtube_video_stats', 'update_db' retrieved from /opt/airflow/dags/main.py
[2025-12-17T17:46:09.202+0000] {logging_mixin.py:188} INFO - [2025-12-17T17:46:09.202+0000] {dag.py:3096} INFO - Sync 2 DAGs
[2025-12-17T17:46:09.227+0000] {logging_mixin.py:188} INFO - [2025-12-17T17:46:09.227+0000] {dag.py:3954} INFO - Setting next_dagrun for update_db to 2025-12-17 15:00:00+00:00, run_after=2025-12-18 15:00:00+00:00
[2025-12-17T17:46:09.234+0000] {logging_mixin.py:188} INFO - [2025-12-17T17:46:09.234+0000] {dag.py:3954} INFO - Setting next_dagrun for youtube_video_stats to 2025-12-17 14:00:00+00:00, run_after=2025-12-18 14:00:00+00:00
[2025-12-17T17:46:09.257+0000] {processor.py:183} INFO - Processing /opt/airflow/dags/main.py took 0.168 seconds
[2025-12-17T17:46:39.338+0000] {processor.py:161} INFO - Started process (PID=11509) to work on /opt/airflow/dags/main.py
[2025-12-17T17:46:39.340+0000] {processor.py:830} INFO - Processing file /opt/airflow/dags/main.py for tasks to queue
[2025-12-17T17:46:39.341+0000] {logging_mixin.py:188} INFO - [2025-12-17T17:46:39.341+0000] {dagbag.py:545} INFO - Filling up the DagBag from /opt/airflow/dags/main.py
[2025-12-17T17:46:39.447+0000] {processor.py:840} INFO - DAG(s) 'youtube_video_stats', 'update_db' retrieved from /opt/airflow/dags/main.py
[2025-12-17T17:46:39.480+0000] {logging_mixin.py:188} INFO - [2025-12-17T17:46:39.480+0000] {dag.py:3096} INFO - Sync 2 DAGs
[2025-12-17T17:46:39.503+0000] {logging_mixin.py:188} INFO - [2025-12-17T17:46:39.503+0000] {dag.py:3954} INFO - Setting next_dagrun for update_db to 2025-12-17 15:00:00+00:00, run_after=2025-12-18 15:00:00+00:00
[2025-12-17T17:46:39.509+0000] {logging_mixin.py:188} INFO - [2025-12-17T17:46:39.509+0000] {dag.py:3954} INFO - Setting next_dagrun for youtube_video_stats to 2025-12-17 14:00:00+00:00, run_after=2025-12-18 14:00:00+00:00
[2025-12-17T17:46:39.533+0000] {processor.py:183} INFO - Processing /opt/airflow/dags/main.py took 0.202 seconds
[2025-12-17T17:47:09.650+0000] {processor.py:161} INFO - Started process (PID=11516) to work on /opt/airflow/dags/main.py
[2025-12-17T17:47:09.652+0000] {processor.py:830} INFO - Processing file /opt/airflow/dags/main.py for tasks to queue
[2025-12-17T17:47:09.654+0000] {logging_mixin.py:188} INFO - [2025-12-17T17:47:09.653+0000] {dagbag.py:545} INFO - Filling up the DagBag from /opt/airflow/dags/main.py
[2025-12-17T17:47:09.801+0000] {processor.py:840} INFO - DAG(s) 'youtube_video_stats', 'update_db' retrieved from /opt/airflow/dags/main.py
[2025-12-17T17:47:09.848+0000] {logging_mixin.py:188} INFO - [2025-12-17T17:47:09.848+0000] {dag.py:3096} INFO - Sync 2 DAGs
[2025-12-17T17:47:10.000+0000] {logging_mixin.py:188} INFO - [2025-12-17T17:47:10.000+0000] {dag.py:3954} INFO - Setting next_dagrun for update_db to 2025-12-17 15:00:00+00:00, run_after=2025-12-18 15:00:00+00:00
[2025-12-17T17:47:10.016+0000] {logging_mixin.py:188} INFO - [2025-12-17T17:47:10.016+0000] {dag.py:3954} INFO - Setting next_dagrun for youtube_video_stats to 2025-12-17 14:00:00+00:00, run_after=2025-12-18 14:00:00+00:00
[2025-12-17T17:47:10.058+0000] {processor.py:183} INFO - Processing /opt/airflow/dags/main.py took 0.420 seconds
[2025-12-17T17:47:40.267+0000] {processor.py:161} INFO - Started process (PID=11523) to work on /opt/airflow/dags/main.py
[2025-12-17T17:47:40.268+0000] {processor.py:830} INFO - Processing file /opt/airflow/dags/main.py for tasks to queue
[2025-12-17T17:47:40.269+0000] {logging_mixin.py:188} INFO - [2025-12-17T17:47:40.269+0000] {dagbag.py:545} INFO - Filling up the DagBag from /opt/airflow/dags/main.py
[2025-12-17T17:47:40.352+0000] {processor.py:840} INFO - DAG(s) 'update_db', 'youtube_video_stats' retrieved from /opt/airflow/dags/main.py
[2025-12-17T17:47:40.383+0000] {logging_mixin.py:188} INFO - [2025-12-17T17:47:40.383+0000] {dag.py:3096} INFO - Sync 2 DAGs
[2025-12-17T17:47:40.406+0000] {logging_mixin.py:188} INFO - [2025-12-17T17:47:40.406+0000] {dag.py:3954} INFO - Setting next_dagrun for update_db to 2025-12-17 15:00:00+00:00, run_after=2025-12-18 15:00:00+00:00
[2025-12-17T17:47:40.413+0000] {logging_mixin.py:188} INFO - [2025-12-17T17:47:40.413+0000] {dag.py:3954} INFO - Setting next_dagrun for youtube_video_stats to 2025-12-17 14:00:00+00:00, run_after=2025-12-18 14:00:00+00:00
[2025-12-17T17:47:40.434+0000] {processor.py:183} INFO - Processing /opt/airflow/dags/main.py took 0.173 seconds
[2025-12-17T17:48:10.629+0000] {processor.py:161} INFO - Started process (PID=11530) to work on /opt/airflow/dags/main.py
[2025-12-17T17:48:10.630+0000] {processor.py:830} INFO - Processing file /opt/airflow/dags/main.py for tasks to queue
[2025-12-17T17:48:10.631+0000] {logging_mixin.py:188} INFO - [2025-12-17T17:48:10.631+0000] {dagbag.py:545} INFO - Filling up the DagBag from /opt/airflow/dags/main.py
[2025-12-17T17:48:10.727+0000] {processor.py:840} INFO - DAG(s) 'youtube_video_stats', 'update_db' retrieved from /opt/airflow/dags/main.py
[2025-12-17T17:48:10.758+0000] {logging_mixin.py:188} INFO - [2025-12-17T17:48:10.758+0000] {dag.py:3096} INFO - Sync 2 DAGs
[2025-12-17T17:48:10.778+0000] {logging_mixin.py:188} INFO - [2025-12-17T17:48:10.778+0000] {dag.py:3954} INFO - Setting next_dagrun for update_db to 2025-12-17 15:00:00+00:00, run_after=2025-12-18 15:00:00+00:00
[2025-12-17T17:48:10.784+0000] {logging_mixin.py:188} INFO - [2025-12-17T17:48:10.784+0000] {dag.py:3954} INFO - Setting next_dagrun for youtube_video_stats to 2025-12-17 14:00:00+00:00, run_after=2025-12-18 14:00:00+00:00
[2025-12-17T17:48:10.805+0000] {processor.py:183} INFO - Processing /opt/airflow/dags/main.py took 0.182 seconds
[2025-12-17T17:48:40.992+0000] {processor.py:161} INFO - Started process (PID=11537) to work on /opt/airflow/dags/main.py
[2025-12-17T17:48:40.993+0000] {processor.py:830} INFO - Processing file /opt/airflow/dags/main.py for tasks to queue
[2025-12-17T17:48:40.994+0000] {logging_mixin.py:188} INFO - [2025-12-17T17:48:40.994+0000] {dagbag.py:545} INFO - Filling up the DagBag from /opt/airflow/dags/main.py
[2025-12-17T17:48:41.077+0000] {processor.py:840} INFO - DAG(s) 'update_db', 'youtube_video_stats' retrieved from /opt/airflow/dags/main.py
[2025-12-17T17:48:41.109+0000] {logging_mixin.py:188} INFO - [2025-12-17T17:48:41.109+0000] {dag.py:3096} INFO - Sync 2 DAGs
[2025-12-17T17:48:41.130+0000] {logging_mixin.py:188} INFO - [2025-12-17T17:48:41.130+0000] {dag.py:3954} INFO - Setting next_dagrun for update_db to 2025-12-17 15:00:00+00:00, run_after=2025-12-18 15:00:00+00:00
[2025-12-17T17:48:41.135+0000] {logging_mixin.py:188} INFO - [2025-12-17T17:48:41.135+0000] {dag.py:3954} INFO - Setting next_dagrun for youtube_video_stats to 2025-12-17 14:00:00+00:00, run_after=2025-12-18 14:00:00+00:00
[2025-12-17T17:48:41.155+0000] {processor.py:183} INFO - Processing /opt/airflow/dags/main.py took 0.169 seconds
[2025-12-17T17:49:11.334+0000] {processor.py:161} INFO - Started process (PID=11545) to work on /opt/airflow/dags/main.py
[2025-12-17T17:49:11.336+0000] {processor.py:830} INFO - Processing file /opt/airflow/dags/main.py for tasks to queue
[2025-12-17T17:49:11.337+0000] {logging_mixin.py:188} INFO - [2025-12-17T17:49:11.336+0000] {dagbag.py:545} INFO - Filling up the DagBag from /opt/airflow/dags/main.py
[2025-12-17T17:49:11.449+0000] {processor.py:840} INFO - DAG(s) 'youtube_video_stats', 'update_db' retrieved from /opt/airflow/dags/main.py
[2025-12-17T17:49:11.477+0000] {logging_mixin.py:188} INFO - [2025-12-17T17:49:11.477+0000] {dag.py:3096} INFO - Sync 2 DAGs
[2025-12-17T17:49:11.497+0000] {logging_mixin.py:188} INFO - [2025-12-17T17:49:11.497+0000] {dag.py:3954} INFO - Setting next_dagrun for update_db to 2025-12-17 15:00:00+00:00, run_after=2025-12-18 15:00:00+00:00
[2025-12-17T17:49:11.504+0000] {logging_mixin.py:188} INFO - [2025-12-17T17:49:11.504+0000] {dag.py:3954} INFO - Setting next_dagrun for youtube_video_stats to 2025-12-17 14:00:00+00:00, run_after=2025-12-18 14:00:00+00:00
[2025-12-17T17:49:11.521+0000] {processor.py:183} INFO - Processing /opt/airflow/dags/main.py took 0.193 seconds
[2025-12-17T17:49:41.708+0000] {processor.py:161} INFO - Started process (PID=11552) to work on /opt/airflow/dags/main.py
[2025-12-17T17:49:41.710+0000] {processor.py:830} INFO - Processing file /opt/airflow/dags/main.py for tasks to queue
[2025-12-17T17:49:41.711+0000] {logging_mixin.py:188} INFO - [2025-12-17T17:49:41.710+0000] {dagbag.py:545} INFO - Filling up the DagBag from /opt/airflow/dags/main.py
[2025-12-17T17:49:41.799+0000] {processor.py:840} INFO - DAG(s) 'youtube_video_stats', 'update_db' retrieved from /opt/airflow/dags/main.py
[2025-12-17T17:49:41.828+0000] {logging_mixin.py:188} INFO - [2025-12-17T17:49:41.827+0000] {dag.py:3096} INFO - Sync 2 DAGs
[2025-12-17T17:49:41.847+0000] {logging_mixin.py:188} INFO - [2025-12-17T17:49:41.847+0000] {dag.py:3954} INFO - Setting next_dagrun for update_db to 2025-12-17 15:00:00+00:00, run_after=2025-12-18 15:00:00+00:00
[2025-12-17T17:49:41.853+0000] {logging_mixin.py:188} INFO - [2025-12-17T17:49:41.853+0000] {dag.py:3954} INFO - Setting next_dagrun for youtube_video_stats to 2025-12-17 14:00:00+00:00, run_after=2025-12-18 14:00:00+00:00
[2025-12-17T17:49:41.877+0000] {processor.py:183} INFO - Processing /opt/airflow/dags/main.py took 0.175 seconds
[2025-12-17T17:50:12.076+0000] {processor.py:161} INFO - Started process (PID=11559) to work on /opt/airflow/dags/main.py
[2025-12-17T17:50:12.077+0000] {processor.py:830} INFO - Processing file /opt/airflow/dags/main.py for tasks to queue
[2025-12-17T17:50:12.078+0000] {logging_mixin.py:188} INFO - [2025-12-17T17:50:12.078+0000] {dagbag.py:545} INFO - Filling up the DagBag from /opt/airflow/dags/main.py
[2025-12-17T17:50:12.212+0000] {processor.py:840} INFO - DAG(s) 'youtube_video_stats', 'update_db' retrieved from /opt/airflow/dags/main.py
[2025-12-17T17:50:12.317+0000] {logging_mixin.py:188} INFO - [2025-12-17T17:50:12.316+0000] {dag.py:3096} INFO - Sync 2 DAGs
[2025-12-17T17:50:12.367+0000] {logging_mixin.py:188} INFO - [2025-12-17T17:50:12.366+0000] {dag.py:3954} INFO - Setting next_dagrun for update_db to 2025-12-17 15:00:00+00:00, run_after=2025-12-18 15:00:00+00:00
[2025-12-17T17:50:12.374+0000] {logging_mixin.py:188} INFO - [2025-12-17T17:50:12.374+0000] {dag.py:3954} INFO - Setting next_dagrun for youtube_video_stats to 2025-12-17 14:00:00+00:00, run_after=2025-12-18 14:00:00+00:00
[2025-12-17T17:50:12.405+0000] {processor.py:183} INFO - Processing /opt/airflow/dags/main.py took 0.336 seconds
[2025-12-17T17:50:42.632+0000] {processor.py:161} INFO - Started process (PID=11566) to work on /opt/airflow/dags/main.py
[2025-12-17T17:50:42.633+0000] {processor.py:830} INFO - Processing file /opt/airflow/dags/main.py for tasks to queue
[2025-12-17T17:50:42.634+0000] {logging_mixin.py:188} INFO - [2025-12-17T17:50:42.634+0000] {dagbag.py:545} INFO - Filling up the DagBag from /opt/airflow/dags/main.py
[2025-12-17T17:50:42.711+0000] {processor.py:840} INFO - DAG(s) 'update_db', 'youtube_video_stats' retrieved from /opt/airflow/dags/main.py
[2025-12-17T17:50:42.740+0000] {logging_mixin.py:188} INFO - [2025-12-17T17:50:42.740+0000] {dag.py:3096} INFO - Sync 2 DAGs
[2025-12-17T17:50:42.761+0000] {logging_mixin.py:188} INFO - [2025-12-17T17:50:42.761+0000] {dag.py:3954} INFO - Setting next_dagrun for update_db to 2025-12-17 15:00:00+00:00, run_after=2025-12-18 15:00:00+00:00
[2025-12-17T17:50:42.766+0000] {logging_mixin.py:188} INFO - [2025-12-17T17:50:42.766+0000] {dag.py:3954} INFO - Setting next_dagrun for youtube_video_stats to 2025-12-17 14:00:00+00:00, run_after=2025-12-18 14:00:00+00:00
[2025-12-17T17:50:42.786+0000] {processor.py:183} INFO - Processing /opt/airflow/dags/main.py took 0.160 seconds
[2025-12-17T17:51:13.081+0000] {processor.py:161} INFO - Started process (PID=11574) to work on /opt/airflow/dags/main.py
[2025-12-17T17:51:13.083+0000] {processor.py:830} INFO - Processing file /opt/airflow/dags/main.py for tasks to queue
[2025-12-17T17:51:13.084+0000] {logging_mixin.py:188} INFO - [2025-12-17T17:51:13.083+0000] {dagbag.py:545} INFO - Filling up the DagBag from /opt/airflow/dags/main.py
[2025-12-17T17:51:13.169+0000] {processor.py:840} INFO - DAG(s) 'update_db', 'youtube_video_stats' retrieved from /opt/airflow/dags/main.py
[2025-12-17T17:51:13.200+0000] {logging_mixin.py:188} INFO - [2025-12-17T17:51:13.200+0000] {dag.py:3096} INFO - Sync 2 DAGs
[2025-12-17T17:51:13.223+0000] {logging_mixin.py:188} INFO - [2025-12-17T17:51:13.223+0000] {dag.py:3954} INFO - Setting next_dagrun for update_db to 2025-12-17 15:00:00+00:00, run_after=2025-12-18 15:00:00+00:00
[2025-12-17T17:51:13.228+0000] {logging_mixin.py:188} INFO - [2025-12-17T17:51:13.228+0000] {dag.py:3954} INFO - Setting next_dagrun for youtube_video_stats to 2025-12-17 14:00:00+00:00, run_after=2025-12-18 14:00:00+00:00
[2025-12-17T17:51:13.247+0000] {processor.py:183} INFO - Processing /opt/airflow/dags/main.py took 0.172 seconds
[2025-12-17T17:51:43.441+0000] {processor.py:161} INFO - Started process (PID=11581) to work on /opt/airflow/dags/main.py
[2025-12-17T17:51:43.442+0000] {processor.py:830} INFO - Processing file /opt/airflow/dags/main.py for tasks to queue
[2025-12-17T17:51:43.443+0000] {logging_mixin.py:188} INFO - [2025-12-17T17:51:43.443+0000] {dagbag.py:545} INFO - Filling up the DagBag from /opt/airflow/dags/main.py
[2025-12-17T17:51:43.531+0000] {processor.py:840} INFO - DAG(s) 'youtube_video_stats', 'update_db' retrieved from /opt/airflow/dags/main.py
[2025-12-17T17:51:43.562+0000] {logging_mixin.py:188} INFO - [2025-12-17T17:51:43.562+0000] {dag.py:3096} INFO - Sync 2 DAGs
[2025-12-17T17:51:43.585+0000] {logging_mixin.py:188} INFO - [2025-12-17T17:51:43.585+0000] {dag.py:3954} INFO - Setting next_dagrun for update_db to 2025-12-17 15:00:00+00:00, run_after=2025-12-18 15:00:00+00:00
[2025-12-17T17:51:43.592+0000] {logging_mixin.py:188} INFO - [2025-12-17T17:51:43.592+0000] {dag.py:3954} INFO - Setting next_dagrun for youtube_video_stats to 2025-12-17 14:00:00+00:00, run_after=2025-12-18 14:00:00+00:00
[2025-12-17T17:51:43.613+0000] {processor.py:183} INFO - Processing /opt/airflow/dags/main.py took 0.179 seconds
[2025-12-17T17:52:13.953+0000] {processor.py:161} INFO - Started process (PID=11588) to work on /opt/airflow/dags/main.py
[2025-12-17T17:52:13.954+0000] {processor.py:830} INFO - Processing file /opt/airflow/dags/main.py for tasks to queue
[2025-12-17T17:52:13.955+0000] {logging_mixin.py:188} INFO - [2025-12-17T17:52:13.955+0000] {dagbag.py:545} INFO - Filling up the DagBag from /opt/airflow/dags/main.py
[2025-12-17T17:52:14.064+0000] {processor.py:840} INFO - DAG(s) 'update_db', 'youtube_video_stats' retrieved from /opt/airflow/dags/main.py
[2025-12-17T17:52:14.102+0000] {logging_mixin.py:188} INFO - [2025-12-17T17:52:14.101+0000] {dag.py:3096} INFO - Sync 2 DAGs
[2025-12-17T17:52:14.130+0000] {logging_mixin.py:188} INFO - [2025-12-17T17:52:14.130+0000] {dag.py:3954} INFO - Setting next_dagrun for update_db to 2025-12-17 15:00:00+00:00, run_after=2025-12-18 15:00:00+00:00
[2025-12-17T17:52:14.140+0000] {logging_mixin.py:188} INFO - [2025-12-17T17:52:14.140+0000] {dag.py:3954} INFO - Setting next_dagrun for youtube_video_stats to 2025-12-17 14:00:00+00:00, run_after=2025-12-18 14:00:00+00:00
[2025-12-17T17:52:14.163+0000] {processor.py:183} INFO - Processing /opt/airflow/dags/main.py took 0.219 seconds
[2025-12-17T17:52:44.385+0000] {processor.py:161} INFO - Started process (PID=11596) to work on /opt/airflow/dags/main.py
[2025-12-17T17:52:44.386+0000] {processor.py:830} INFO - Processing file /opt/airflow/dags/main.py for tasks to queue
[2025-12-17T17:52:44.387+0000] {logging_mixin.py:188} INFO - [2025-12-17T17:52:44.387+0000] {dagbag.py:545} INFO - Filling up the DagBag from /opt/airflow/dags/main.py
[2025-12-17T17:52:44.518+0000] {processor.py:840} INFO - DAG(s) 'youtube_video_stats', 'update_db' retrieved from /opt/airflow/dags/main.py
[2025-12-17T17:52:44.562+0000] {logging_mixin.py:188} INFO - [2025-12-17T17:52:44.562+0000] {dag.py:3096} INFO - Sync 2 DAGs
[2025-12-17T17:52:44.600+0000] {logging_mixin.py:188} INFO - [2025-12-17T17:52:44.599+0000] {dag.py:3954} INFO - Setting next_dagrun for update_db to 2025-12-17 15:00:00+00:00, run_after=2025-12-18 15:00:00+00:00
[2025-12-17T17:52:44.613+0000] {logging_mixin.py:188} INFO - [2025-12-17T17:52:44.612+0000] {dag.py:3954} INFO - Setting next_dagrun for youtube_video_stats to 2025-12-17 14:00:00+00:00, run_after=2025-12-18 14:00:00+00:00
[2025-12-17T17:52:44.661+0000] {processor.py:183} INFO - Processing /opt/airflow/dags/main.py took 0.284 seconds
[2025-12-17T17:53:14.898+0000] {processor.py:161} INFO - Started process (PID=11603) to work on /opt/airflow/dags/main.py
[2025-12-17T17:53:14.899+0000] {processor.py:830} INFO - Processing file /opt/airflow/dags/main.py for tasks to queue
[2025-12-17T17:53:14.900+0000] {logging_mixin.py:188} INFO - [2025-12-17T17:53:14.900+0000] {dagbag.py:545} INFO - Filling up the DagBag from /opt/airflow/dags/main.py
[2025-12-17T17:53:15.206+0000] {processor.py:840} INFO - DAG(s) 'update_db', 'youtube_video_stats' retrieved from /opt/airflow/dags/main.py
[2025-12-17T17:53:15.244+0000] {logging_mixin.py:188} INFO - [2025-12-17T17:53:15.244+0000] {dag.py:3096} INFO - Sync 2 DAGs
[2025-12-17T17:53:15.272+0000] {logging_mixin.py:188} INFO - [2025-12-17T17:53:15.272+0000] {dag.py:3954} INFO - Setting next_dagrun for update_db to 2025-12-17 15:00:00+00:00, run_after=2025-12-18 15:00:00+00:00
[2025-12-17T17:53:15.280+0000] {logging_mixin.py:188} INFO - [2025-12-17T17:53:15.279+0000] {dag.py:3954} INFO - Setting next_dagrun for youtube_video_stats to 2025-12-17 14:00:00+00:00, run_after=2025-12-18 14:00:00+00:00
[2025-12-17T17:53:15.361+0000] {processor.py:183} INFO - Processing /opt/airflow/dags/main.py took 0.471 seconds
[2025-12-17T17:53:45.554+0000] {processor.py:161} INFO - Started process (PID=11610) to work on /opt/airflow/dags/main.py
[2025-12-17T17:53:45.556+0000] {processor.py:830} INFO - Processing file /opt/airflow/dags/main.py for tasks to queue
[2025-12-17T17:53:45.557+0000] {logging_mixin.py:188} INFO - [2025-12-17T17:53:45.557+0000] {dagbag.py:545} INFO - Filling up the DagBag from /opt/airflow/dags/main.py
[2025-12-17T17:53:45.647+0000] {processor.py:840} INFO - DAG(s) 'youtube_video_stats', 'update_db' retrieved from /opt/airflow/dags/main.py
[2025-12-17T17:53:45.677+0000] {logging_mixin.py:188} INFO - [2025-12-17T17:53:45.676+0000] {dag.py:3096} INFO - Sync 2 DAGs
[2025-12-17T17:53:45.701+0000] {logging_mixin.py:188} INFO - [2025-12-17T17:53:45.701+0000] {dag.py:3954} INFO - Setting next_dagrun for update_db to 2025-12-17 15:00:00+00:00, run_after=2025-12-18 15:00:00+00:00
[2025-12-17T17:53:45.707+0000] {logging_mixin.py:188} INFO - [2025-12-17T17:53:45.707+0000] {dag.py:3954} INFO - Setting next_dagrun for youtube_video_stats to 2025-12-17 14:00:00+00:00, run_after=2025-12-18 14:00:00+00:00
[2025-12-17T17:53:45.725+0000] {processor.py:183} INFO - Processing /opt/airflow/dags/main.py took 0.177 seconds
[2025-12-17T17:54:15.786+0000] {processor.py:161} INFO - Started process (PID=11617) to work on /opt/airflow/dags/main.py
[2025-12-17T17:54:15.788+0000] {processor.py:830} INFO - Processing file /opt/airflow/dags/main.py for tasks to queue
[2025-12-17T17:54:15.789+0000] {logging_mixin.py:188} INFO - [2025-12-17T17:54:15.788+0000] {dagbag.py:545} INFO - Filling up the DagBag from /opt/airflow/dags/main.py
[2025-12-17T17:54:15.889+0000] {processor.py:840} INFO - DAG(s) 'youtube_video_stats', 'update_db' retrieved from /opt/airflow/dags/main.py
[2025-12-17T17:54:15.922+0000] {logging_mixin.py:188} INFO - [2025-12-17T17:54:15.922+0000] {dag.py:3096} INFO - Sync 2 DAGs
[2025-12-17T17:54:15.945+0000] {logging_mixin.py:188} INFO - [2025-12-17T17:54:15.945+0000] {dag.py:3954} INFO - Setting next_dagrun for update_db to 2025-12-17 15:00:00+00:00, run_after=2025-12-18 15:00:00+00:00
[2025-12-17T17:54:15.953+0000] {logging_mixin.py:188} INFO - [2025-12-17T17:54:15.953+0000] {dag.py:3954} INFO - Setting next_dagrun for youtube_video_stats to 2025-12-17 14:00:00+00:00, run_after=2025-12-18 14:00:00+00:00
[2025-12-17T17:54:15.977+0000] {processor.py:183} INFO - Processing /opt/airflow/dags/main.py took 0.198 seconds
[2025-12-17T17:54:46.109+0000] {processor.py:161} INFO - Started process (PID=11624) to work on /opt/airflow/dags/main.py
[2025-12-17T17:54:46.111+0000] {processor.py:830} INFO - Processing file /opt/airflow/dags/main.py for tasks to queue
[2025-12-17T17:54:46.112+0000] {logging_mixin.py:188} INFO - [2025-12-17T17:54:46.111+0000] {dagbag.py:545} INFO - Filling up the DagBag from /opt/airflow/dags/main.py
[2025-12-17T17:54:46.192+0000] {processor.py:840} INFO - DAG(s) 'update_db', 'youtube_video_stats' retrieved from /opt/airflow/dags/main.py
[2025-12-17T17:54:46.241+0000] {logging_mixin.py:188} INFO - [2025-12-17T17:54:46.240+0000] {dag.py:3096} INFO - Sync 2 DAGs
[2025-12-17T17:54:46.276+0000] {logging_mixin.py:188} INFO - [2025-12-17T17:54:46.276+0000] {dag.py:3954} INFO - Setting next_dagrun for update_db to 2025-12-17 15:00:00+00:00, run_after=2025-12-18 15:00:00+00:00
[2025-12-17T17:54:46.282+0000] {logging_mixin.py:188} INFO - [2025-12-17T17:54:46.281+0000] {dag.py:3954} INFO - Setting next_dagrun for youtube_video_stats to 2025-12-17 14:00:00+00:00, run_after=2025-12-18 14:00:00+00:00
[2025-12-17T17:54:46.300+0000] {processor.py:183} INFO - Processing /opt/airflow/dags/main.py took 0.198 seconds
[2025-12-17T17:55:16.343+0000] {processor.py:161} INFO - Started process (PID=11631) to work on /opt/airflow/dags/main.py
[2025-12-17T17:55:16.344+0000] {processor.py:830} INFO - Processing file /opt/airflow/dags/main.py for tasks to queue
[2025-12-17T17:55:16.345+0000] {logging_mixin.py:188} INFO - [2025-12-17T17:55:16.345+0000] {dagbag.py:545} INFO - Filling up the DagBag from /opt/airflow/dags/main.py
[2025-12-17T17:55:16.424+0000] {processor.py:840} INFO - DAG(s) 'youtube_video_stats', 'update_db' retrieved from /opt/airflow/dags/main.py
[2025-12-17T17:55:16.456+0000] {logging_mixin.py:188} INFO - [2025-12-17T17:55:16.456+0000] {dag.py:3096} INFO - Sync 2 DAGs
[2025-12-17T17:55:16.476+0000] {logging_mixin.py:188} INFO - [2025-12-17T17:55:16.476+0000] {dag.py:3954} INFO - Setting next_dagrun for update_db to 2025-12-17 15:00:00+00:00, run_after=2025-12-18 15:00:00+00:00
[2025-12-17T17:55:16.482+0000] {logging_mixin.py:188} INFO - [2025-12-17T17:55:16.482+0000] {dag.py:3954} INFO - Setting next_dagrun for youtube_video_stats to 2025-12-17 14:00:00+00:00, run_after=2025-12-18 14:00:00+00:00
[2025-12-17T17:55:16.506+0000] {processor.py:183} INFO - Processing /opt/airflow/dags/main.py took 0.169 seconds
[2025-12-17T17:55:46.664+0000] {processor.py:161} INFO - Started process (PID=11638) to work on /opt/airflow/dags/main.py
[2025-12-17T17:55:46.665+0000] {processor.py:830} INFO - Processing file /opt/airflow/dags/main.py for tasks to queue
[2025-12-17T17:55:46.665+0000] {logging_mixin.py:188} INFO - [2025-12-17T17:55:46.665+0000] {dagbag.py:545} INFO - Filling up the DagBag from /opt/airflow/dags/main.py
[2025-12-17T17:55:46.746+0000] {processor.py:840} INFO - DAG(s) 'youtube_video_stats', 'update_db' retrieved from /opt/airflow/dags/main.py
[2025-12-17T17:55:46.776+0000] {logging_mixin.py:188} INFO - [2025-12-17T17:55:46.775+0000] {dag.py:3096} INFO - Sync 2 DAGs
[2025-12-17T17:55:46.796+0000] {logging_mixin.py:188} INFO - [2025-12-17T17:55:46.796+0000] {dag.py:3954} INFO - Setting next_dagrun for update_db to 2025-12-17 15:00:00+00:00, run_after=2025-12-18 15:00:00+00:00
[2025-12-17T17:55:46.802+0000] {logging_mixin.py:188} INFO - [2025-12-17T17:55:46.802+0000] {dag.py:3954} INFO - Setting next_dagrun for youtube_video_stats to 2025-12-17 14:00:00+00:00, run_after=2025-12-18 14:00:00+00:00
[2025-12-17T17:55:46.824+0000] {processor.py:183} INFO - Processing /opt/airflow/dags/main.py took 0.165 seconds
[2025-12-17T17:56:16.865+0000] {processor.py:161} INFO - Started process (PID=11645) to work on /opt/airflow/dags/main.py
[2025-12-17T17:56:16.867+0000] {processor.py:830} INFO - Processing file /opt/airflow/dags/main.py for tasks to queue
[2025-12-17T17:56:16.868+0000] {logging_mixin.py:188} INFO - [2025-12-17T17:56:16.868+0000] {dagbag.py:545} INFO - Filling up the DagBag from /opt/airflow/dags/main.py
[2025-12-17T17:56:16.987+0000] {processor.py:840} INFO - DAG(s) 'youtube_video_stats', 'update_db' retrieved from /opt/airflow/dags/main.py
[2025-12-17T17:56:17.022+0000] {logging_mixin.py:188} INFO - [2025-12-17T17:56:17.021+0000] {dag.py:3096} INFO - Sync 2 DAGs
[2025-12-17T17:56:17.048+0000] {logging_mixin.py:188} INFO - [2025-12-17T17:56:17.048+0000] {dag.py:3954} INFO - Setting next_dagrun for update_db to 2025-12-17 15:00:00+00:00, run_after=2025-12-18 15:00:00+00:00
[2025-12-17T17:56:17.054+0000] {logging_mixin.py:188} INFO - [2025-12-17T17:56:17.054+0000] {dag.py:3954} INFO - Setting next_dagrun for youtube_video_stats to 2025-12-17 14:00:00+00:00, run_after=2025-12-18 14:00:00+00:00
[2025-12-17T17:56:17.076+0000] {processor.py:183} INFO - Processing /opt/airflow/dags/main.py took 0.219 seconds
[2025-12-17T17:56:47.293+0000] {processor.py:161} INFO - Started process (PID=11652) to work on /opt/airflow/dags/main.py
[2025-12-17T17:56:47.294+0000] {processor.py:830} INFO - Processing file /opt/airflow/dags/main.py for tasks to queue
[2025-12-17T17:56:47.296+0000] {logging_mixin.py:188} INFO - [2025-12-17T17:56:47.295+0000] {dagbag.py:545} INFO - Filling up the DagBag from /opt/airflow/dags/main.py
[2025-12-17T17:56:47.401+0000] {processor.py:840} INFO - DAG(s) 'update_db', 'youtube_video_stats' retrieved from /opt/airflow/dags/main.py
[2025-12-17T17:56:47.450+0000] {logging_mixin.py:188} INFO - [2025-12-17T17:56:47.450+0000] {dag.py:3096} INFO - Sync 2 DAGs
[2025-12-17T17:56:47.498+0000] {logging_mixin.py:188} INFO - [2025-12-17T17:56:47.498+0000] {dag.py:3954} INFO - Setting next_dagrun for update_db to 2025-12-17 15:00:00+00:00, run_after=2025-12-18 15:00:00+00:00
[2025-12-17T17:56:47.507+0000] {logging_mixin.py:188} INFO - [2025-12-17T17:56:47.506+0000] {dag.py:3954} INFO - Setting next_dagrun for youtube_video_stats to 2025-12-17 14:00:00+00:00, run_after=2025-12-18 14:00:00+00:00
[2025-12-17T17:56:47.534+0000] {processor.py:183} INFO - Processing /opt/airflow/dags/main.py took 0.253 seconds
[2025-12-17T17:57:17.779+0000] {processor.py:161} INFO - Started process (PID=11659) to work on /opt/airflow/dags/main.py
[2025-12-17T17:57:17.780+0000] {processor.py:830} INFO - Processing file /opt/airflow/dags/main.py for tasks to queue
[2025-12-17T17:57:17.782+0000] {logging_mixin.py:188} INFO - [2025-12-17T17:57:17.781+0000] {dagbag.py:545} INFO - Filling up the DagBag from /opt/airflow/dags/main.py
[2025-12-17T17:57:17.859+0000] {processor.py:840} INFO - DAG(s) 'youtube_video_stats', 'update_db' retrieved from /opt/airflow/dags/main.py
[2025-12-17T17:57:17.888+0000] {logging_mixin.py:188} INFO - [2025-12-17T17:57:17.888+0000] {dag.py:3096} INFO - Sync 2 DAGs
[2025-12-17T17:57:17.908+0000] {logging_mixin.py:188} INFO - [2025-12-17T17:57:17.908+0000] {dag.py:3954} INFO - Setting next_dagrun for update_db to 2025-12-17 15:00:00+00:00, run_after=2025-12-18 15:00:00+00:00
[2025-12-17T17:57:17.913+0000] {logging_mixin.py:188} INFO - [2025-12-17T17:57:17.913+0000] {dag.py:3954} INFO - Setting next_dagrun for youtube_video_stats to 2025-12-17 14:00:00+00:00, run_after=2025-12-18 14:00:00+00:00
[2025-12-17T17:57:17.934+0000] {processor.py:183} INFO - Processing /opt/airflow/dags/main.py took 0.162 seconds
[2025-12-17T17:57:48.137+0000] {processor.py:161} INFO - Started process (PID=11666) to work on /opt/airflow/dags/main.py
[2025-12-17T17:57:48.139+0000] {processor.py:830} INFO - Processing file /opt/airflow/dags/main.py for tasks to queue
[2025-12-17T17:57:48.140+0000] {logging_mixin.py:188} INFO - [2025-12-17T17:57:48.139+0000] {dagbag.py:545} INFO - Filling up the DagBag from /opt/airflow/dags/main.py
[2025-12-17T17:57:48.251+0000] {processor.py:840} INFO - DAG(s) 'youtube_video_stats', 'update_db' retrieved from /opt/airflow/dags/main.py
[2025-12-17T17:57:48.313+0000] {logging_mixin.py:188} INFO - [2025-12-17T17:57:48.312+0000] {dag.py:3096} INFO - Sync 2 DAGs
[2025-12-17T17:57:48.355+0000] {logging_mixin.py:188} INFO - [2025-12-17T17:57:48.355+0000] {dag.py:3954} INFO - Setting next_dagrun for update_db to 2025-12-17 15:00:00+00:00, run_after=2025-12-18 15:00:00+00:00
[2025-12-17T17:57:48.362+0000] {logging_mixin.py:188} INFO - [2025-12-17T17:57:48.361+0000] {dag.py:3954} INFO - Setting next_dagrun for youtube_video_stats to 2025-12-17 14:00:00+00:00, run_after=2025-12-18 14:00:00+00:00
[2025-12-17T17:57:48.389+0000] {processor.py:183} INFO - Processing /opt/airflow/dags/main.py took 0.259 seconds
[2025-12-17T17:58:18.608+0000] {processor.py:161} INFO - Started process (PID=11673) to work on /opt/airflow/dags/main.py
[2025-12-17T17:58:18.613+0000] {processor.py:830} INFO - Processing file /opt/airflow/dags/main.py for tasks to queue
[2025-12-17T17:58:18.615+0000] {logging_mixin.py:188} INFO - [2025-12-17T17:58:18.615+0000] {dagbag.py:545} INFO - Filling up the DagBag from /opt/airflow/dags/main.py
[2025-12-17T17:58:18.887+0000] {processor.py:840} INFO - DAG(s) 'update_db', 'youtube_video_stats' retrieved from /opt/airflow/dags/main.py
[2025-12-17T17:58:18.999+0000] {logging_mixin.py:188} INFO - [2025-12-17T17:58:18.999+0000] {dag.py:3096} INFO - Sync 2 DAGs
[2025-12-17T17:58:19.078+0000] {logging_mixin.py:188} INFO - [2025-12-17T17:58:19.078+0000] {dag.py:3954} INFO - Setting next_dagrun for update_db to 2025-12-17 15:00:00+00:00, run_after=2025-12-18 15:00:00+00:00
[2025-12-17T17:58:19.097+0000] {logging_mixin.py:188} INFO - [2025-12-17T17:58:19.097+0000] {dag.py:3954} INFO - Setting next_dagrun for youtube_video_stats to 2025-12-17 14:00:00+00:00, run_after=2025-12-18 14:00:00+00:00
[2025-12-17T17:58:19.164+0000] {processor.py:183} INFO - Processing /opt/airflow/dags/main.py took 0.567 seconds
[2025-12-17T17:58:49.402+0000] {processor.py:161} INFO - Started process (PID=11680) to work on /opt/airflow/dags/main.py
[2025-12-17T17:58:49.404+0000] {processor.py:830} INFO - Processing file /opt/airflow/dags/main.py for tasks to queue
[2025-12-17T17:58:49.405+0000] {logging_mixin.py:188} INFO - [2025-12-17T17:58:49.404+0000] {dagbag.py:545} INFO - Filling up the DagBag from /opt/airflow/dags/main.py
[2025-12-17T17:58:49.478+0000] {processor.py:840} INFO - DAG(s) 'youtube_video_stats', 'update_db' retrieved from /opt/airflow/dags/main.py
[2025-12-17T17:58:49.513+0000] {logging_mixin.py:188} INFO - [2025-12-17T17:58:49.513+0000] {dag.py:3096} INFO - Sync 2 DAGs
[2025-12-17T17:58:49.536+0000] {logging_mixin.py:188} INFO - [2025-12-17T17:58:49.536+0000] {dag.py:3954} INFO - Setting next_dagrun for update_db to 2025-12-17 15:00:00+00:00, run_after=2025-12-18 15:00:00+00:00
[2025-12-17T17:58:49.543+0000] {logging_mixin.py:188} INFO - [2025-12-17T17:58:49.543+0000] {dag.py:3954} INFO - Setting next_dagrun for youtube_video_stats to 2025-12-17 14:00:00+00:00, run_after=2025-12-18 14:00:00+00:00
[2025-12-17T17:58:49.559+0000] {processor.py:183} INFO - Processing /opt/airflow/dags/main.py took 0.162 seconds
[2025-12-17T17:59:19.680+0000] {processor.py:161} INFO - Started process (PID=11687) to work on /opt/airflow/dags/main.py
[2025-12-17T17:59:19.681+0000] {processor.py:830} INFO - Processing file /opt/airflow/dags/main.py for tasks to queue
[2025-12-17T17:59:19.682+0000] {logging_mixin.py:188} INFO - [2025-12-17T17:59:19.682+0000] {dagbag.py:545} INFO - Filling up the DagBag from /opt/airflow/dags/main.py
[2025-12-17T17:59:19.792+0000] {processor.py:840} INFO - DAG(s) 'youtube_video_stats', 'update_db' retrieved from /opt/airflow/dags/main.py
[2025-12-17T17:59:19.834+0000] {logging_mixin.py:188} INFO - [2025-12-17T17:59:19.833+0000] {dag.py:3096} INFO - Sync 2 DAGs
[2025-12-17T17:59:19.870+0000] {logging_mixin.py:188} INFO - [2025-12-17T17:59:19.870+0000] {dag.py:3954} INFO - Setting next_dagrun for update_db to 2025-12-17 15:00:00+00:00, run_after=2025-12-18 15:00:00+00:00
[2025-12-17T17:59:19.877+0000] {logging_mixin.py:188} INFO - [2025-12-17T17:59:19.876+0000] {dag.py:3954} INFO - Setting next_dagrun for youtube_video_stats to 2025-12-17 14:00:00+00:00, run_after=2025-12-18 14:00:00+00:00
[2025-12-17T17:59:19.916+0000] {processor.py:183} INFO - Processing /opt/airflow/dags/main.py took 0.244 seconds
[2025-12-17T17:59:50.121+0000] {processor.py:161} INFO - Started process (PID=11694) to work on /opt/airflow/dags/main.py
[2025-12-17T17:59:50.122+0000] {processor.py:830} INFO - Processing file /opt/airflow/dags/main.py for tasks to queue
[2025-12-17T17:59:50.123+0000] {logging_mixin.py:188} INFO - [2025-12-17T17:59:50.123+0000] {dagbag.py:545} INFO - Filling up the DagBag from /opt/airflow/dags/main.py
[2025-12-17T17:59:50.207+0000] {processor.py:840} INFO - DAG(s) 'youtube_video_stats', 'update_db' retrieved from /opt/airflow/dags/main.py
[2025-12-17T17:59:50.242+0000] {logging_mixin.py:188} INFO - [2025-12-17T17:59:50.242+0000] {dag.py:3096} INFO - Sync 2 DAGs
[2025-12-17T17:59:50.263+0000] {logging_mixin.py:188} INFO - [2025-12-17T17:59:50.263+0000] {dag.py:3954} INFO - Setting next_dagrun for update_db to 2025-12-17 15:00:00+00:00, run_after=2025-12-18 15:00:00+00:00
[2025-12-17T17:59:50.269+0000] {logging_mixin.py:188} INFO - [2025-12-17T17:59:50.268+0000] {dag.py:3954} INFO - Setting next_dagrun for youtube_video_stats to 2025-12-17 14:00:00+00:00, run_after=2025-12-18 14:00:00+00:00
[2025-12-17T17:59:50.285+0000] {processor.py:183} INFO - Processing /opt/airflow/dags/main.py took 0.169 seconds
[2025-12-17T18:00:20.483+0000] {processor.py:161} INFO - Started process (PID=11701) to work on /opt/airflow/dags/main.py
[2025-12-17T18:00:20.484+0000] {processor.py:830} INFO - Processing file /opt/airflow/dags/main.py for tasks to queue
[2025-12-17T18:00:20.485+0000] {logging_mixin.py:188} INFO - [2025-12-17T18:00:20.485+0000] {dagbag.py:545} INFO - Filling up the DagBag from /opt/airflow/dags/main.py
[2025-12-17T18:00:20.570+0000] {processor.py:840} INFO - DAG(s) 'youtube_video_stats', 'update_db' retrieved from /opt/airflow/dags/main.py
[2025-12-17T18:00:20.600+0000] {logging_mixin.py:188} INFO - [2025-12-17T18:00:20.600+0000] {dag.py:3096} INFO - Sync 2 DAGs
[2025-12-17T18:00:20.627+0000] {logging_mixin.py:188} INFO - [2025-12-17T18:00:20.627+0000] {dag.py:3954} INFO - Setting next_dagrun for update_db to 2025-12-17 15:00:00+00:00, run_after=2025-12-18 15:00:00+00:00
[2025-12-17T18:00:20.633+0000] {logging_mixin.py:188} INFO - [2025-12-17T18:00:20.633+0000] {dag.py:3954} INFO - Setting next_dagrun for youtube_video_stats to 2025-12-17 14:00:00+00:00, run_after=2025-12-18 14:00:00+00:00
[2025-12-17T18:00:20.650+0000] {processor.py:183} INFO - Processing /opt/airflow/dags/main.py took 0.173 seconds
[2025-12-17T18:00:50.826+0000] {processor.py:161} INFO - Started process (PID=11708) to work on /opt/airflow/dags/main.py
[2025-12-17T18:00:50.827+0000] {processor.py:830} INFO - Processing file /opt/airflow/dags/main.py for tasks to queue
[2025-12-17T18:00:50.828+0000] {logging_mixin.py:188} INFO - [2025-12-17T18:00:50.828+0000] {dagbag.py:545} INFO - Filling up the DagBag from /opt/airflow/dags/main.py
[2025-12-17T18:00:50.905+0000] {processor.py:840} INFO - DAG(s) 'update_db', 'youtube_video_stats' retrieved from /opt/airflow/dags/main.py
[2025-12-17T18:00:50.935+0000] {logging_mixin.py:188} INFO - [2025-12-17T18:00:50.934+0000] {dag.py:3096} INFO - Sync 2 DAGs
[2025-12-17T18:00:50.955+0000] {logging_mixin.py:188} INFO - [2025-12-17T18:00:50.955+0000] {dag.py:3954} INFO - Setting next_dagrun for update_db to 2025-12-17 15:00:00+00:00, run_after=2025-12-18 15:00:00+00:00
[2025-12-17T18:00:50.960+0000] {logging_mixin.py:188} INFO - [2025-12-17T18:00:50.960+0000] {dag.py:3954} INFO - Setting next_dagrun for youtube_video_stats to 2025-12-17 14:00:00+00:00, run_after=2025-12-18 14:00:00+00:00
[2025-12-17T18:00:50.979+0000] {processor.py:183} INFO - Processing /opt/airflow/dags/main.py took 0.158 seconds
[2025-12-17T18:01:21.068+0000] {processor.py:161} INFO - Started process (PID=11715) to work on /opt/airflow/dags/main.py
[2025-12-17T18:01:21.069+0000] {processor.py:830} INFO - Processing file /opt/airflow/dags/main.py for tasks to queue
[2025-12-17T18:01:21.070+0000] {logging_mixin.py:188} INFO - [2025-12-17T18:01:21.070+0000] {dagbag.py:545} INFO - Filling up the DagBag from /opt/airflow/dags/main.py
[2025-12-17T18:01:21.187+0000] {processor.py:840} INFO - DAG(s) 'update_db', 'youtube_video_stats' retrieved from /opt/airflow/dags/main.py
[2025-12-17T18:01:21.221+0000] {logging_mixin.py:188} INFO - [2025-12-17T18:01:21.221+0000] {dag.py:3096} INFO - Sync 2 DAGs
[2025-12-17T18:01:21.250+0000] {logging_mixin.py:188} INFO - [2025-12-17T18:01:21.250+0000] {dag.py:3954} INFO - Setting next_dagrun for update_db to 2025-12-17 15:00:00+00:00, run_after=2025-12-18 15:00:00+00:00
[2025-12-17T18:01:21.258+0000] {logging_mixin.py:188} INFO - [2025-12-17T18:01:21.258+0000] {dag.py:3954} INFO - Setting next_dagrun for youtube_video_stats to 2025-12-17 14:00:00+00:00, run_after=2025-12-18 14:00:00+00:00
[2025-12-17T18:01:21.279+0000] {processor.py:183} INFO - Processing /opt/airflow/dags/main.py took 0.218 seconds
[2025-12-17T18:01:51.487+0000] {processor.py:161} INFO - Started process (PID=11722) to work on /opt/airflow/dags/main.py
[2025-12-17T18:01:51.488+0000] {processor.py:830} INFO - Processing file /opt/airflow/dags/main.py for tasks to queue
[2025-12-17T18:01:51.490+0000] {logging_mixin.py:188} INFO - [2025-12-17T18:01:51.489+0000] {dagbag.py:545} INFO - Filling up the DagBag from /opt/airflow/dags/main.py
[2025-12-17T18:01:51.586+0000] {processor.py:840} INFO - DAG(s) 'youtube_video_stats', 'update_db' retrieved from /opt/airflow/dags/main.py
[2025-12-17T18:01:51.617+0000] {logging_mixin.py:188} INFO - [2025-12-17T18:01:51.616+0000] {dag.py:3096} INFO - Sync 2 DAGs
[2025-12-17T18:01:51.641+0000] {logging_mixin.py:188} INFO - [2025-12-17T18:01:51.641+0000] {dag.py:3954} INFO - Setting next_dagrun for update_db to 2025-12-17 15:00:00+00:00, run_after=2025-12-18 15:00:00+00:00
[2025-12-17T18:01:51.646+0000] {logging_mixin.py:188} INFO - [2025-12-17T18:01:51.646+0000] {dag.py:3954} INFO - Setting next_dagrun for youtube_video_stats to 2025-12-17 14:00:00+00:00, run_after=2025-12-18 14:00:00+00:00
[2025-12-17T18:01:51.666+0000] {processor.py:183} INFO - Processing /opt/airflow/dags/main.py took 0.185 seconds
[2025-12-17T18:02:21.959+0000] {processor.py:161} INFO - Started process (PID=11729) to work on /opt/airflow/dags/main.py
[2025-12-17T18:02:21.960+0000] {processor.py:830} INFO - Processing file /opt/airflow/dags/main.py for tasks to queue
[2025-12-17T18:02:21.961+0000] {logging_mixin.py:188} INFO - [2025-12-17T18:02:21.961+0000] {dagbag.py:545} INFO - Filling up the DagBag from /opt/airflow/dags/main.py
[2025-12-17T18:02:22.050+0000] {processor.py:840} INFO - DAG(s) 'update_db', 'youtube_video_stats' retrieved from /opt/airflow/dags/main.py
[2025-12-17T18:02:22.077+0000] {logging_mixin.py:188} INFO - [2025-12-17T18:02:22.077+0000] {dag.py:3096} INFO - Sync 2 DAGs
[2025-12-17T18:02:22.100+0000] {logging_mixin.py:188} INFO - [2025-12-17T18:02:22.099+0000] {dag.py:3954} INFO - Setting next_dagrun for update_db to 2025-12-17 15:00:00+00:00, run_after=2025-12-18 15:00:00+00:00
[2025-12-17T18:02:22.105+0000] {logging_mixin.py:188} INFO - [2025-12-17T18:02:22.105+0000] {dag.py:3954} INFO - Setting next_dagrun for youtube_video_stats to 2025-12-17 14:00:00+00:00, run_after=2025-12-18 14:00:00+00:00
[2025-12-17T18:02:22.125+0000] {processor.py:183} INFO - Processing /opt/airflow/dags/main.py took 0.172 seconds
[2025-12-17T18:02:52.344+0000] {processor.py:161} INFO - Started process (PID=11736) to work on /opt/airflow/dags/main.py
[2025-12-17T18:02:52.345+0000] {processor.py:830} INFO - Processing file /opt/airflow/dags/main.py for tasks to queue
[2025-12-17T18:02:52.346+0000] {logging_mixin.py:188} INFO - [2025-12-17T18:02:52.345+0000] {dagbag.py:545} INFO - Filling up the DagBag from /opt/airflow/dags/main.py
[2025-12-17T18:02:52.422+0000] {processor.py:840} INFO - DAG(s) 'update_db', 'youtube_video_stats' retrieved from /opt/airflow/dags/main.py
[2025-12-17T18:02:52.452+0000] {logging_mixin.py:188} INFO - [2025-12-17T18:02:52.452+0000] {dag.py:3096} INFO - Sync 2 DAGs
[2025-12-17T18:02:52.473+0000] {logging_mixin.py:188} INFO - [2025-12-17T18:02:52.472+0000] {dag.py:3954} INFO - Setting next_dagrun for update_db to 2025-12-17 15:00:00+00:00, run_after=2025-12-18 15:00:00+00:00
[2025-12-17T18:02:52.478+0000] {logging_mixin.py:188} INFO - [2025-12-17T18:02:52.477+0000] {dag.py:3954} INFO - Setting next_dagrun for youtube_video_stats to 2025-12-17 14:00:00+00:00, run_after=2025-12-18 14:00:00+00:00
[2025-12-17T18:02:52.497+0000] {processor.py:183} INFO - Processing /opt/airflow/dags/main.py took 0.159 seconds
[2025-12-17T18:03:22.561+0000] {processor.py:161} INFO - Started process (PID=11743) to work on /opt/airflow/dags/main.py
[2025-12-17T18:03:22.563+0000] {processor.py:830} INFO - Processing file /opt/airflow/dags/main.py for tasks to queue
[2025-12-17T18:03:22.564+0000] {logging_mixin.py:188} INFO - [2025-12-17T18:03:22.564+0000] {dagbag.py:545} INFO - Filling up the DagBag from /opt/airflow/dags/main.py
[2025-12-17T18:03:22.644+0000] {processor.py:840} INFO - DAG(s) 'youtube_video_stats', 'update_db' retrieved from /opt/airflow/dags/main.py
[2025-12-17T18:03:22.676+0000] {logging_mixin.py:188} INFO - [2025-12-17T18:03:22.676+0000] {dag.py:3096} INFO - Sync 2 DAGs
[2025-12-17T18:03:22.696+0000] {logging_mixin.py:188} INFO - [2025-12-17T18:03:22.696+0000] {dag.py:3954} INFO - Setting next_dagrun for update_db to 2025-12-17 15:00:00+00:00, run_after=2025-12-18 15:00:00+00:00
[2025-12-17T18:03:22.702+0000] {logging_mixin.py:188} INFO - [2025-12-17T18:03:22.701+0000] {dag.py:3954} INFO - Setting next_dagrun for youtube_video_stats to 2025-12-17 14:00:00+00:00, run_after=2025-12-18 14:00:00+00:00
[2025-12-17T18:03:22.720+0000] {processor.py:183} INFO - Processing /opt/airflow/dags/main.py took 0.166 seconds
[2025-12-17T18:03:52.944+0000] {processor.py:161} INFO - Started process (PID=11750) to work on /opt/airflow/dags/main.py
[2025-12-17T18:03:52.945+0000] {processor.py:830} INFO - Processing file /opt/airflow/dags/main.py for tasks to queue
[2025-12-17T18:03:52.946+0000] {logging_mixin.py:188} INFO - [2025-12-17T18:03:52.946+0000] {dagbag.py:545} INFO - Filling up the DagBag from /opt/airflow/dags/main.py
[2025-12-17T18:03:53.023+0000] {processor.py:840} INFO - DAG(s) 'update_db', 'youtube_video_stats' retrieved from /opt/airflow/dags/main.py
[2025-12-17T18:03:53.049+0000] {logging_mixin.py:188} INFO - [2025-12-17T18:03:53.049+0000] {dag.py:3096} INFO - Sync 2 DAGs
[2025-12-17T18:03:53.068+0000] {logging_mixin.py:188} INFO - [2025-12-17T18:03:53.068+0000] {dag.py:3954} INFO - Setting next_dagrun for update_db to 2025-12-17 15:00:00+00:00, run_after=2025-12-18 15:00:00+00:00
[2025-12-17T18:03:53.074+0000] {logging_mixin.py:188} INFO - [2025-12-17T18:03:53.074+0000] {dag.py:3954} INFO - Setting next_dagrun for youtube_video_stats to 2025-12-17 14:00:00+00:00, run_after=2025-12-18 14:00:00+00:00
[2025-12-17T18:03:53.092+0000] {processor.py:183} INFO - Processing /opt/airflow/dags/main.py took 0.153 seconds
[2025-12-17T18:04:23.195+0000] {processor.py:161} INFO - Started process (PID=11757) to work on /opt/airflow/dags/main.py
[2025-12-17T18:04:23.197+0000] {processor.py:830} INFO - Processing file /opt/airflow/dags/main.py for tasks to queue
[2025-12-17T18:04:23.198+0000] {logging_mixin.py:188} INFO - [2025-12-17T18:04:23.198+0000] {dagbag.py:545} INFO - Filling up the DagBag from /opt/airflow/dags/main.py
[2025-12-17T18:04:23.416+0000] {processor.py:840} INFO - DAG(s) 'update_db', 'youtube_video_stats' retrieved from /opt/airflow/dags/main.py
[2025-12-17T18:04:23.489+0000] {logging_mixin.py:188} INFO - [2025-12-17T18:04:23.489+0000] {dag.py:3096} INFO - Sync 2 DAGs
[2025-12-17T18:04:23.541+0000] {logging_mixin.py:188} INFO - [2025-12-17T18:04:23.541+0000] {dag.py:3954} INFO - Setting next_dagrun for update_db to 2025-12-17 15:00:00+00:00, run_after=2025-12-18 15:00:00+00:00
[2025-12-17T18:04:23.551+0000] {logging_mixin.py:188} INFO - [2025-12-17T18:04:23.551+0000] {dag.py:3954} INFO - Setting next_dagrun for youtube_video_stats to 2025-12-17 14:00:00+00:00, run_after=2025-12-18 14:00:00+00:00
[2025-12-17T18:04:23.588+0000] {processor.py:183} INFO - Processing /opt/airflow/dags/main.py took 0.428 seconds
[2025-12-17T18:04:53.866+0000] {processor.py:161} INFO - Started process (PID=11764) to work on /opt/airflow/dags/main.py
[2025-12-17T18:04:53.867+0000] {processor.py:830} INFO - Processing file /opt/airflow/dags/main.py for tasks to queue
[2025-12-17T18:04:53.869+0000] {logging_mixin.py:188} INFO - [2025-12-17T18:04:53.869+0000] {dagbag.py:545} INFO - Filling up the DagBag from /opt/airflow/dags/main.py
[2025-12-17T18:04:53.956+0000] {processor.py:840} INFO - DAG(s) 'youtube_video_stats', 'update_db' retrieved from /opt/airflow/dags/main.py
[2025-12-17T18:04:53.988+0000] {logging_mixin.py:188} INFO - [2025-12-17T18:04:53.987+0000] {dag.py:3096} INFO - Sync 2 DAGs
[2025-12-17T18:04:54.012+0000] {logging_mixin.py:188} INFO - [2025-12-17T18:04:54.012+0000] {dag.py:3954} INFO - Setting next_dagrun for update_db to 2025-12-17 15:00:00+00:00, run_after=2025-12-18 15:00:00+00:00
[2025-12-17T18:04:54.018+0000] {logging_mixin.py:188} INFO - [2025-12-17T18:04:54.018+0000] {dag.py:3954} INFO - Setting next_dagrun for youtube_video_stats to 2025-12-17 14:00:00+00:00, run_after=2025-12-18 14:00:00+00:00
[2025-12-17T18:04:54.040+0000] {processor.py:183} INFO - Processing /opt/airflow/dags/main.py took 0.180 seconds
[2025-12-17T18:05:24.238+0000] {processor.py:161} INFO - Started process (PID=11771) to work on /opt/airflow/dags/main.py
[2025-12-17T18:05:24.240+0000] {processor.py:830} INFO - Processing file /opt/airflow/dags/main.py for tasks to queue
[2025-12-17T18:05:24.242+0000] {logging_mixin.py:188} INFO - [2025-12-17T18:05:24.241+0000] {dagbag.py:545} INFO - Filling up the DagBag from /opt/airflow/dags/main.py
[2025-12-17T18:05:24.380+0000] {processor.py:840} INFO - DAG(s) 'update_db', 'youtube_video_stats' retrieved from /opt/airflow/dags/main.py
[2025-12-17T18:05:24.434+0000] {logging_mixin.py:188} INFO - [2025-12-17T18:05:24.434+0000] {dag.py:3096} INFO - Sync 2 DAGs
[2025-12-17T18:05:24.476+0000] {logging_mixin.py:188} INFO - [2025-12-17T18:05:24.475+0000] {dag.py:3954} INFO - Setting next_dagrun for update_db to 2025-12-17 15:00:00+00:00, run_after=2025-12-18 15:00:00+00:00
[2025-12-17T18:05:24.485+0000] {logging_mixin.py:188} INFO - [2025-12-17T18:05:24.484+0000] {dag.py:3954} INFO - Setting next_dagrun for youtube_video_stats to 2025-12-17 14:00:00+00:00, run_after=2025-12-18 14:00:00+00:00
[2025-12-17T18:05:24.520+0000] {processor.py:183} INFO - Processing /opt/airflow/dags/main.py took 0.295 seconds
[2025-12-17T18:05:54.779+0000] {processor.py:161} INFO - Started process (PID=11778) to work on /opt/airflow/dags/main.py
[2025-12-17T18:05:54.780+0000] {processor.py:830} INFO - Processing file /opt/airflow/dags/main.py for tasks to queue
[2025-12-17T18:05:54.781+0000] {logging_mixin.py:188} INFO - [2025-12-17T18:05:54.781+0000] {dagbag.py:545} INFO - Filling up the DagBag from /opt/airflow/dags/main.py
[2025-12-17T18:05:54.860+0000] {processor.py:840} INFO - DAG(s) 'youtube_video_stats', 'update_db' retrieved from /opt/airflow/dags/main.py
[2025-12-17T18:05:54.890+0000] {logging_mixin.py:188} INFO - [2025-12-17T18:05:54.890+0000] {dag.py:3096} INFO - Sync 2 DAGs
[2025-12-17T18:05:54.912+0000] {logging_mixin.py:188} INFO - [2025-12-17T18:05:54.912+0000] {dag.py:3954} INFO - Setting next_dagrun for update_db to 2025-12-17 15:00:00+00:00, run_after=2025-12-18 15:00:00+00:00
[2025-12-17T18:05:54.919+0000] {logging_mixin.py:188} INFO - [2025-12-17T18:05:54.918+0000] {dag.py:3954} INFO - Setting next_dagrun for youtube_video_stats to 2025-12-17 14:00:00+00:00, run_after=2025-12-18 14:00:00+00:00
[2025-12-17T18:05:54.943+0000] {processor.py:183} INFO - Processing /opt/airflow/dags/main.py took 0.171 seconds
[2025-12-17T18:06:25.205+0000] {processor.py:161} INFO - Started process (PID=11785) to work on /opt/airflow/dags/main.py
[2025-12-17T18:06:25.217+0000] {processor.py:830} INFO - Processing file /opt/airflow/dags/main.py for tasks to queue
[2025-12-17T18:06:25.219+0000] {logging_mixin.py:188} INFO - [2025-12-17T18:06:25.219+0000] {dagbag.py:545} INFO - Filling up the DagBag from /opt/airflow/dags/main.py
[2025-12-17T18:06:25.544+0000] {processor.py:840} INFO - DAG(s) 'update_db', 'youtube_video_stats' retrieved from /opt/airflow/dags/main.py
[2025-12-17T18:06:25.638+0000] {logging_mixin.py:188} INFO - [2025-12-17T18:06:25.638+0000] {dag.py:3096} INFO - Sync 2 DAGs
[2025-12-17T18:06:25.696+0000] {logging_mixin.py:188} INFO - [2025-12-17T18:06:25.696+0000] {dag.py:3954} INFO - Setting next_dagrun for update_db to 2025-12-17 15:00:00+00:00, run_after=2025-12-18 15:00:00+00:00
[2025-12-17T18:06:25.715+0000] {logging_mixin.py:188} INFO - [2025-12-17T18:06:25.715+0000] {dag.py:3954} INFO - Setting next_dagrun for youtube_video_stats to 2025-12-17 14:00:00+00:00, run_after=2025-12-18 14:00:00+00:00
[2025-12-17T18:06:25.776+0000] {processor.py:183} INFO - Processing /opt/airflow/dags/main.py took 0.585 seconds
[2025-12-17T18:06:56.140+0000] {processor.py:161} INFO - Started process (PID=11792) to work on /opt/airflow/dags/main.py
[2025-12-17T18:06:56.141+0000] {processor.py:830} INFO - Processing file /opt/airflow/dags/main.py for tasks to queue
[2025-12-17T18:06:56.142+0000] {logging_mixin.py:188} INFO - [2025-12-17T18:06:56.142+0000] {dagbag.py:545} INFO - Filling up the DagBag from /opt/airflow/dags/main.py
[2025-12-17T18:06:56.259+0000] {processor.py:840} INFO - DAG(s) 'update_db', 'youtube_video_stats' retrieved from /opt/airflow/dags/main.py
[2025-12-17T18:06:56.326+0000] {logging_mixin.py:188} INFO - [2025-12-17T18:06:56.326+0000] {dag.py:3096} INFO - Sync 2 DAGs
[2025-12-17T18:06:56.372+0000] {logging_mixin.py:188} INFO - [2025-12-17T18:06:56.372+0000] {dag.py:3954} INFO - Setting next_dagrun for update_db to 2025-12-17 15:00:00+00:00, run_after=2025-12-18 15:00:00+00:00
[2025-12-17T18:06:56.379+0000] {logging_mixin.py:188} INFO - [2025-12-17T18:06:56.379+0000] {dag.py:3954} INFO - Setting next_dagrun for youtube_video_stats to 2025-12-17 14:00:00+00:00, run_after=2025-12-18 14:00:00+00:00
[2025-12-17T18:06:56.402+0000] {processor.py:183} INFO - Processing /opt/airflow/dags/main.py took 0.269 seconds
[2025-12-17T18:07:26.602+0000] {processor.py:161} INFO - Started process (PID=11805) to work on /opt/airflow/dags/main.py
[2025-12-17T18:07:26.603+0000] {processor.py:830} INFO - Processing file /opt/airflow/dags/main.py for tasks to queue
[2025-12-17T18:07:26.604+0000] {logging_mixin.py:188} INFO - [2025-12-17T18:07:26.604+0000] {dagbag.py:545} INFO - Filling up the DagBag from /opt/airflow/dags/main.py
[2025-12-17T18:07:26.677+0000] {processor.py:840} INFO - DAG(s) 'update_db', 'youtube_video_stats' retrieved from /opt/airflow/dags/main.py
[2025-12-17T18:07:26.702+0000] {logging_mixin.py:188} INFO - [2025-12-17T18:07:26.702+0000] {dag.py:3096} INFO - Sync 2 DAGs
[2025-12-17T18:07:26.722+0000] {logging_mixin.py:188} INFO - [2025-12-17T18:07:26.722+0000] {dag.py:3954} INFO - Setting next_dagrun for update_db to 2025-12-17 15:00:00+00:00, run_after=2025-12-18 15:00:00+00:00
[2025-12-17T18:07:26.727+0000] {logging_mixin.py:188} INFO - [2025-12-17T18:07:26.727+0000] {dag.py:3954} INFO - Setting next_dagrun for youtube_video_stats to 2025-12-17 14:00:00+00:00, run_after=2025-12-18 14:00:00+00:00
[2025-12-17T18:07:26.744+0000] {processor.py:183} INFO - Processing /opt/airflow/dags/main.py took 0.147 seconds
[2025-12-17T18:07:56.794+0000] {processor.py:161} INFO - Started process (PID=11812) to work on /opt/airflow/dags/main.py
[2025-12-17T18:07:56.795+0000] {processor.py:830} INFO - Processing file /opt/airflow/dags/main.py for tasks to queue
[2025-12-17T18:07:56.796+0000] {logging_mixin.py:188} INFO - [2025-12-17T18:07:56.795+0000] {dagbag.py:545} INFO - Filling up the DagBag from /opt/airflow/dags/main.py
[2025-12-17T18:07:56.956+0000] {processor.py:840} INFO - DAG(s) 'youtube_video_stats', 'update_db' retrieved from /opt/airflow/dags/main.py
[2025-12-17T18:07:56.989+0000] {logging_mixin.py:188} INFO - [2025-12-17T18:07:56.988+0000] {dag.py:3096} INFO - Sync 2 DAGs
[2025-12-17T18:07:57.013+0000] {logging_mixin.py:188} INFO - [2025-12-17T18:07:57.013+0000] {dag.py:3954} INFO - Setting next_dagrun for update_db to 2025-12-17 15:00:00+00:00, run_after=2025-12-18 15:00:00+00:00
[2025-12-17T18:07:57.020+0000] {logging_mixin.py:188} INFO - [2025-12-17T18:07:57.019+0000] {dag.py:3954} INFO - Setting next_dagrun for youtube_video_stats to 2025-12-17 14:00:00+00:00, run_after=2025-12-18 14:00:00+00:00
[2025-12-17T18:07:57.042+0000] {processor.py:183} INFO - Processing /opt/airflow/dags/main.py took 0.254 seconds
[2025-12-17T18:08:27.135+0000] {processor.py:161} INFO - Started process (PID=11819) to work on /opt/airflow/dags/main.py
[2025-12-17T18:08:27.136+0000] {processor.py:830} INFO - Processing file /opt/airflow/dags/main.py for tasks to queue
[2025-12-17T18:08:27.137+0000] {logging_mixin.py:188} INFO - [2025-12-17T18:08:27.137+0000] {dagbag.py:545} INFO - Filling up the DagBag from /opt/airflow/dags/main.py
[2025-12-17T18:08:27.217+0000] {processor.py:840} INFO - DAG(s) 'update_db', 'youtube_video_stats' retrieved from /opt/airflow/dags/main.py
[2025-12-17T18:08:27.245+0000] {logging_mixin.py:188} INFO - [2025-12-17T18:08:27.245+0000] {dag.py:3096} INFO - Sync 2 DAGs
[2025-12-17T18:08:27.264+0000] {logging_mixin.py:188} INFO - [2025-12-17T18:08:27.264+0000] {dag.py:3954} INFO - Setting next_dagrun for update_db to 2025-12-17 15:00:00+00:00, run_after=2025-12-18 15:00:00+00:00
[2025-12-17T18:08:27.270+0000] {logging_mixin.py:188} INFO - [2025-12-17T18:08:27.269+0000] {dag.py:3954} INFO - Setting next_dagrun for youtube_video_stats to 2025-12-17 14:00:00+00:00, run_after=2025-12-18 14:00:00+00:00
[2025-12-17T18:08:27.290+0000] {processor.py:183} INFO - Processing /opt/airflow/dags/main.py took 0.160 seconds
[2025-12-17T18:08:57.543+0000] {processor.py:161} INFO - Started process (PID=11826) to work on /opt/airflow/dags/main.py
[2025-12-17T18:08:57.544+0000] {processor.py:830} INFO - Processing file /opt/airflow/dags/main.py for tasks to queue
[2025-12-17T18:08:57.545+0000] {logging_mixin.py:188} INFO - [2025-12-17T18:08:57.545+0000] {dagbag.py:545} INFO - Filling up the DagBag from /opt/airflow/dags/main.py
[2025-12-17T18:08:57.645+0000] {processor.py:840} INFO - DAG(s) 'update_db', 'youtube_video_stats' retrieved from /opt/airflow/dags/main.py
[2025-12-17T18:08:57.675+0000] {logging_mixin.py:188} INFO - [2025-12-17T18:08:57.675+0000] {dag.py:3096} INFO - Sync 2 DAGs
[2025-12-17T18:08:57.699+0000] {logging_mixin.py:188} INFO - [2025-12-17T18:08:57.698+0000] {dag.py:3954} INFO - Setting next_dagrun for update_db to 2025-12-17 15:00:00+00:00, run_after=2025-12-18 15:00:00+00:00
[2025-12-17T18:08:57.705+0000] {logging_mixin.py:188} INFO - [2025-12-17T18:08:57.705+0000] {dag.py:3954} INFO - Setting next_dagrun for youtube_video_stats to 2025-12-17 14:00:00+00:00, run_after=2025-12-18 14:00:00+00:00
[2025-12-17T18:08:57.725+0000] {processor.py:183} INFO - Processing /opt/airflow/dags/main.py took 0.189 seconds
[2025-12-17T18:09:27.870+0000] {processor.py:161} INFO - Started process (PID=11833) to work on /opt/airflow/dags/main.py
[2025-12-17T18:09:27.872+0000] {processor.py:830} INFO - Processing file /opt/airflow/dags/main.py for tasks to queue
[2025-12-17T18:09:27.873+0000] {logging_mixin.py:188} INFO - [2025-12-17T18:09:27.873+0000] {dagbag.py:545} INFO - Filling up the DagBag from /opt/airflow/dags/main.py
[2025-12-17T18:09:28.010+0000] {processor.py:840} INFO - DAG(s) 'update_db', 'youtube_video_stats' retrieved from /opt/airflow/dags/main.py
[2025-12-17T18:09:28.054+0000] {logging_mixin.py:188} INFO - [2025-12-17T18:09:28.054+0000] {dag.py:3096} INFO - Sync 2 DAGs
[2025-12-17T18:09:28.085+0000] {logging_mixin.py:188} INFO - [2025-12-17T18:09:28.085+0000] {dag.py:3954} INFO - Setting next_dagrun for update_db to 2025-12-17 15:00:00+00:00, run_after=2025-12-18 15:00:00+00:00
[2025-12-17T18:09:28.094+0000] {logging_mixin.py:188} INFO - [2025-12-17T18:09:28.093+0000] {dag.py:3954} INFO - Setting next_dagrun for youtube_video_stats to 2025-12-17 14:00:00+00:00, run_after=2025-12-18 14:00:00+00:00
[2025-12-17T18:09:28.122+0000] {processor.py:183} INFO - Processing /opt/airflow/dags/main.py took 0.260 seconds
[2025-12-17T18:09:58.501+0000] {processor.py:161} INFO - Started process (PID=11840) to work on /opt/airflow/dags/main.py
[2025-12-17T18:09:58.503+0000] {processor.py:830} INFO - Processing file /opt/airflow/dags/main.py for tasks to queue
[2025-12-17T18:09:58.505+0000] {logging_mixin.py:188} INFO - [2025-12-17T18:09:58.504+0000] {dagbag.py:545} INFO - Filling up the DagBag from /opt/airflow/dags/main.py
[2025-12-17T18:09:58.761+0000] {processor.py:840} INFO - DAG(s) 'update_db', 'youtube_video_stats' retrieved from /opt/airflow/dags/main.py
[2025-12-17T18:09:58.840+0000] {logging_mixin.py:188} INFO - [2025-12-17T18:09:58.840+0000] {dag.py:3096} INFO - Sync 2 DAGs
[2025-12-17T18:09:58.926+0000] {logging_mixin.py:188} INFO - [2025-12-17T18:09:58.926+0000] {dag.py:3954} INFO - Setting next_dagrun for update_db to 2025-12-17 15:00:00+00:00, run_after=2025-12-18 15:00:00+00:00
[2025-12-17T18:09:58.935+0000] {logging_mixin.py:188} INFO - [2025-12-17T18:09:58.935+0000] {dag.py:3954} INFO - Setting next_dagrun for youtube_video_stats to 2025-12-17 14:00:00+00:00, run_after=2025-12-18 14:00:00+00:00
[2025-12-17T18:09:58.970+0000] {processor.py:183} INFO - Processing /opt/airflow/dags/main.py took 0.485 seconds
[2025-12-17T18:10:29.566+0000] {processor.py:161} INFO - Started process (PID=11848) to work on /opt/airflow/dags/main.py
[2025-12-17T18:10:29.578+0000] {processor.py:830} INFO - Processing file /opt/airflow/dags/main.py for tasks to queue
[2025-12-17T18:10:29.583+0000] {logging_mixin.py:188} INFO - [2025-12-17T18:10:29.582+0000] {dagbag.py:545} INFO - Filling up the DagBag from /opt/airflow/dags/main.py
[2025-12-17T18:10:29.803+0000] {processor.py:840} INFO - DAG(s) 'youtube_video_stats', 'update_db' retrieved from /opt/airflow/dags/main.py
[2025-12-17T18:10:29.870+0000] {logging_mixin.py:188} INFO - [2025-12-17T18:10:29.869+0000] {dag.py:3096} INFO - Sync 2 DAGs
[2025-12-17T18:10:29.915+0000] {logging_mixin.py:188} INFO - [2025-12-17T18:10:29.915+0000] {dag.py:3954} INFO - Setting next_dagrun for update_db to 2025-12-17 15:00:00+00:00, run_after=2025-12-18 15:00:00+00:00
[2025-12-17T18:10:29.925+0000] {logging_mixin.py:188} INFO - [2025-12-17T18:10:29.925+0000] {dag.py:3954} INFO - Setting next_dagrun for youtube_video_stats to 2025-12-17 14:00:00+00:00, run_after=2025-12-18 14:00:00+00:00
[2025-12-17T18:10:29.951+0000] {processor.py:183} INFO - Processing /opt/airflow/dags/main.py took 0.470 seconds
[2025-12-17T18:11:00.349+0000] {processor.py:161} INFO - Started process (PID=11855) to work on /opt/airflow/dags/main.py
[2025-12-17T18:11:00.352+0000] {processor.py:830} INFO - Processing file /opt/airflow/dags/main.py for tasks to queue
[2025-12-17T18:11:00.362+0000] {logging_mixin.py:188} INFO - [2025-12-17T18:11:00.361+0000] {dagbag.py:545} INFO - Filling up the DagBag from /opt/airflow/dags/main.py
[2025-12-17T18:11:01.749+0000] {processor.py:840} INFO - DAG(s) 'youtube_video_stats', 'update_db' retrieved from /opt/airflow/dags/main.py
[2025-12-17T18:11:02.260+0000] {logging_mixin.py:188} INFO - [2025-12-17T18:11:02.260+0000] {dag.py:3096} INFO - Sync 2 DAGs
[2025-12-17T18:11:02.296+0000] {logging_mixin.py:188} INFO - [2025-12-17T18:11:02.295+0000] {dag.py:3954} INFO - Setting next_dagrun for update_db to 2025-12-17 15:00:00+00:00, run_after=2025-12-18 15:00:00+00:00
[2025-12-17T18:11:02.303+0000] {logging_mixin.py:188} INFO - [2025-12-17T18:11:02.303+0000] {dag.py:3954} INFO - Setting next_dagrun for youtube_video_stats to 2025-12-17 14:00:00+00:00, run_after=2025-12-18 14:00:00+00:00
[2025-12-17T18:11:02.579+0000] {processor.py:183} INFO - Processing /opt/airflow/dags/main.py took 2.251 seconds
[2025-12-17T18:11:33.357+0000] {processor.py:161} INFO - Started process (PID=11863) to work on /opt/airflow/dags/main.py
[2025-12-17T18:11:33.360+0000] {processor.py:830} INFO - Processing file /opt/airflow/dags/main.py for tasks to queue
[2025-12-17T18:11:33.362+0000] {logging_mixin.py:188} INFO - [2025-12-17T18:11:33.361+0000] {dagbag.py:545} INFO - Filling up the DagBag from /opt/airflow/dags/main.py
[2025-12-17T18:11:33.488+0000] {processor.py:840} INFO - DAG(s) 'update_db', 'youtube_video_stats' retrieved from /opt/airflow/dags/main.py
[2025-12-17T18:11:33.538+0000] {logging_mixin.py:188} INFO - [2025-12-17T18:11:33.538+0000] {dag.py:3096} INFO - Sync 2 DAGs
[2025-12-17T18:11:33.569+0000] {logging_mixin.py:188} INFO - [2025-12-17T18:11:33.569+0000] {dag.py:3954} INFO - Setting next_dagrun for update_db to 2025-12-17 15:00:00+00:00, run_after=2025-12-18 15:00:00+00:00
[2025-12-17T18:11:33.576+0000] {logging_mixin.py:188} INFO - [2025-12-17T18:11:33.576+0000] {dag.py:3954} INFO - Setting next_dagrun for youtube_video_stats to 2025-12-17 14:00:00+00:00, run_after=2025-12-18 14:00:00+00:00
[2025-12-17T18:11:33.622+0000] {processor.py:183} INFO - Processing /opt/airflow/dags/main.py took 0.291 seconds
[2025-12-17T18:12:04.481+0000] {processor.py:161} INFO - Started process (PID=11870) to work on /opt/airflow/dags/main.py
[2025-12-17T18:12:04.482+0000] {processor.py:830} INFO - Processing file /opt/airflow/dags/main.py for tasks to queue
[2025-12-17T18:12:04.484+0000] {logging_mixin.py:188} INFO - [2025-12-17T18:12:04.484+0000] {dagbag.py:545} INFO - Filling up the DagBag from /opt/airflow/dags/main.py
[2025-12-17T18:12:04.598+0000] {processor.py:840} INFO - DAG(s) 'update_db', 'youtube_video_stats' retrieved from /opt/airflow/dags/main.py
[2025-12-17T18:12:04.633+0000] {logging_mixin.py:188} INFO - [2025-12-17T18:12:04.632+0000] {dag.py:3096} INFO - Sync 2 DAGs
[2025-12-17T18:12:04.657+0000] {logging_mixin.py:188} INFO - [2025-12-17T18:12:04.657+0000] {dag.py:3954} INFO - Setting next_dagrun for update_db to 2025-12-17 15:00:00+00:00, run_after=2025-12-18 15:00:00+00:00
[2025-12-17T18:12:04.664+0000] {logging_mixin.py:188} INFO - [2025-12-17T18:12:04.664+0000] {dag.py:3954} INFO - Setting next_dagrun for youtube_video_stats to 2025-12-17 14:00:00+00:00, run_after=2025-12-18 14:00:00+00:00
[2025-12-17T18:12:04.688+0000] {processor.py:183} INFO - Processing /opt/airflow/dags/main.py took 0.215 seconds
[2025-12-17T18:12:34.915+0000] {processor.py:161} INFO - Started process (PID=11877) to work on /opt/airflow/dags/main.py
[2025-12-17T18:12:34.916+0000] {processor.py:830} INFO - Processing file /opt/airflow/dags/main.py for tasks to queue
[2025-12-17T18:12:34.919+0000] {logging_mixin.py:188} INFO - [2025-12-17T18:12:34.917+0000] {dagbag.py:545} INFO - Filling up the DagBag from /opt/airflow/dags/main.py
[2025-12-17T18:12:35.068+0000] {processor.py:840} INFO - DAG(s) 'update_db', 'youtube_video_stats' retrieved from /opt/airflow/dags/main.py
[2025-12-17T18:12:35.112+0000] {logging_mixin.py:188} INFO - [2025-12-17T18:12:35.112+0000] {dag.py:3096} INFO - Sync 2 DAGs
[2025-12-17T18:12:35.148+0000] {logging_mixin.py:188} INFO - [2025-12-17T18:12:35.148+0000] {dag.py:3954} INFO - Setting next_dagrun for update_db to 2025-12-17 15:00:00+00:00, run_after=2025-12-18 15:00:00+00:00
[2025-12-17T18:12:35.156+0000] {logging_mixin.py:188} INFO - [2025-12-17T18:12:35.156+0000] {dag.py:3954} INFO - Setting next_dagrun for youtube_video_stats to 2025-12-17 14:00:00+00:00, run_after=2025-12-18 14:00:00+00:00
[2025-12-17T18:12:35.180+0000] {processor.py:183} INFO - Processing /opt/airflow/dags/main.py took 0.274 seconds
[2025-12-17T18:13:05.391+0000] {processor.py:161} INFO - Started process (PID=11884) to work on /opt/airflow/dags/main.py
[2025-12-17T18:13:05.392+0000] {processor.py:830} INFO - Processing file /opt/airflow/dags/main.py for tasks to queue
[2025-12-17T18:13:05.393+0000] {logging_mixin.py:188} INFO - [2025-12-17T18:13:05.393+0000] {dagbag.py:545} INFO - Filling up the DagBag from /opt/airflow/dags/main.py
[2025-12-17T18:13:05.478+0000] {processor.py:840} INFO - DAG(s) 'youtube_video_stats', 'update_db' retrieved from /opt/airflow/dags/main.py
[2025-12-17T18:13:05.506+0000] {logging_mixin.py:188} INFO - [2025-12-17T18:13:05.506+0000] {dag.py:3096} INFO - Sync 2 DAGs
[2025-12-17T18:13:05.529+0000] {logging_mixin.py:188} INFO - [2025-12-17T18:13:05.528+0000] {dag.py:3954} INFO - Setting next_dagrun for update_db to 2025-12-17 15:00:00+00:00, run_after=2025-12-18 15:00:00+00:00
[2025-12-17T18:13:05.535+0000] {logging_mixin.py:188} INFO - [2025-12-17T18:13:05.535+0000] {dag.py:3954} INFO - Setting next_dagrun for youtube_video_stats to 2025-12-17 14:00:00+00:00, run_after=2025-12-18 14:00:00+00:00
[2025-12-17T18:13:05.556+0000] {processor.py:183} INFO - Processing /opt/airflow/dags/main.py took 0.170 seconds
[2025-12-17T18:13:35.729+0000] {processor.py:161} INFO - Started process (PID=11891) to work on /opt/airflow/dags/main.py
[2025-12-17T18:13:35.730+0000] {processor.py:830} INFO - Processing file /opt/airflow/dags/main.py for tasks to queue
[2025-12-17T18:13:35.731+0000] {logging_mixin.py:188} INFO - [2025-12-17T18:13:35.731+0000] {dagbag.py:545} INFO - Filling up the DagBag from /opt/airflow/dags/main.py
[2025-12-17T18:13:35.827+0000] {processor.py:840} INFO - DAG(s) 'update_db', 'youtube_video_stats' retrieved from /opt/airflow/dags/main.py
[2025-12-17T18:13:35.862+0000] {logging_mixin.py:188} INFO - [2025-12-17T18:13:35.862+0000] {dag.py:3096} INFO - Sync 2 DAGs
[2025-12-17T18:13:35.889+0000] {logging_mixin.py:188} INFO - [2025-12-17T18:13:35.889+0000] {dag.py:3954} INFO - Setting next_dagrun for update_db to 2025-12-17 15:00:00+00:00, run_after=2025-12-18 15:00:00+00:00
[2025-12-17T18:13:35.895+0000] {logging_mixin.py:188} INFO - [2025-12-17T18:13:35.895+0000] {dag.py:3954} INFO - Setting next_dagrun for youtube_video_stats to 2025-12-17 14:00:00+00:00, run_after=2025-12-18 14:00:00+00:00
[2025-12-17T18:13:35.917+0000] {processor.py:183} INFO - Processing /opt/airflow/dags/main.py took 0.193 seconds
[2025-12-17T18:14:06.019+0000] {processor.py:161} INFO - Started process (PID=11899) to work on /opt/airflow/dags/main.py
[2025-12-17T18:14:06.022+0000] {processor.py:830} INFO - Processing file /opt/airflow/dags/main.py for tasks to queue
[2025-12-17T18:14:06.024+0000] {logging_mixin.py:188} INFO - [2025-12-17T18:14:06.023+0000] {dagbag.py:545} INFO - Filling up the DagBag from /opt/airflow/dags/main.py
[2025-12-17T18:14:06.296+0000] {processor.py:840} INFO - DAG(s) 'youtube_video_stats', 'update_db' retrieved from /opt/airflow/dags/main.py
[2025-12-17T18:14:06.421+0000] {logging_mixin.py:188} INFO - [2025-12-17T18:14:06.420+0000] {dag.py:3096} INFO - Sync 2 DAGs
[2025-12-17T18:14:06.515+0000] {logging_mixin.py:188} INFO - [2025-12-17T18:14:06.515+0000] {dag.py:3954} INFO - Setting next_dagrun for update_db to 2025-12-17 15:00:00+00:00, run_after=2025-12-18 15:00:00+00:00
[2025-12-17T18:14:06.534+0000] {logging_mixin.py:188} INFO - [2025-12-17T18:14:06.533+0000] {dag.py:3954} INFO - Setting next_dagrun for youtube_video_stats to 2025-12-17 14:00:00+00:00, run_after=2025-12-18 14:00:00+00:00
[2025-12-17T18:14:06.614+0000] {processor.py:183} INFO - Processing /opt/airflow/dags/main.py took 0.627 seconds
[2025-12-17T18:14:36.864+0000] {processor.py:161} INFO - Started process (PID=11906) to work on /opt/airflow/dags/main.py
[2025-12-17T18:14:36.868+0000] {processor.py:830} INFO - Processing file /opt/airflow/dags/main.py for tasks to queue
[2025-12-17T18:14:36.871+0000] {logging_mixin.py:188} INFO - [2025-12-17T18:14:36.869+0000] {dagbag.py:545} INFO - Filling up the DagBag from /opt/airflow/dags/main.py
[2025-12-17T18:14:37.023+0000] {processor.py:840} INFO - DAG(s) 'youtube_video_stats', 'update_db' retrieved from /opt/airflow/dags/main.py
[2025-12-17T18:14:37.070+0000] {logging_mixin.py:188} INFO - [2025-12-17T18:14:37.069+0000] {dag.py:3096} INFO - Sync 2 DAGs
[2025-12-17T18:14:37.102+0000] {logging_mixin.py:188} INFO - [2025-12-17T18:14:37.101+0000] {dag.py:3954} INFO - Setting next_dagrun for update_db to 2025-12-17 15:00:00+00:00, run_after=2025-12-18 15:00:00+00:00
[2025-12-17T18:14:37.110+0000] {logging_mixin.py:188} INFO - [2025-12-17T18:14:37.110+0000] {dag.py:3954} INFO - Setting next_dagrun for youtube_video_stats to 2025-12-17 14:00:00+00:00, run_after=2025-12-18 14:00:00+00:00
[2025-12-17T18:14:37.133+0000] {processor.py:183} INFO - Processing /opt/airflow/dags/main.py took 0.280 seconds
[2025-12-17T18:15:07.381+0000] {processor.py:161} INFO - Started process (PID=11913) to work on /opt/airflow/dags/main.py
[2025-12-17T18:15:07.383+0000] {processor.py:830} INFO - Processing file /opt/airflow/dags/main.py for tasks to queue
[2025-12-17T18:15:07.385+0000] {logging_mixin.py:188} INFO - [2025-12-17T18:15:07.385+0000] {dagbag.py:545} INFO - Filling up the DagBag from /opt/airflow/dags/main.py
[2025-12-17T18:15:07.661+0000] {processor.py:840} INFO - DAG(s) 'update_db', 'youtube_video_stats' retrieved from /opt/airflow/dags/main.py
[2025-12-17T18:15:07.752+0000] {logging_mixin.py:188} INFO - [2025-12-17T18:15:07.751+0000] {dag.py:3096} INFO - Sync 2 DAGs
[2025-12-17T18:15:07.798+0000] {logging_mixin.py:188} INFO - [2025-12-17T18:15:07.797+0000] {dag.py:3954} INFO - Setting next_dagrun for update_db to 2025-12-17 15:00:00+00:00, run_after=2025-12-18 15:00:00+00:00
[2025-12-17T18:15:07.811+0000] {logging_mixin.py:188} INFO - [2025-12-17T18:15:07.811+0000] {dag.py:3954} INFO - Setting next_dagrun for youtube_video_stats to 2025-12-17 14:00:00+00:00, run_after=2025-12-18 14:00:00+00:00
[2025-12-17T18:15:07.851+0000] {processor.py:183} INFO - Processing /opt/airflow/dags/main.py took 0.491 seconds
[2025-12-17T18:15:38.127+0000] {processor.py:161} INFO - Started process (PID=11920) to work on /opt/airflow/dags/main.py
[2025-12-17T18:15:38.129+0000] {processor.py:830} INFO - Processing file /opt/airflow/dags/main.py for tasks to queue
[2025-12-17T18:15:38.130+0000] {logging_mixin.py:188} INFO - [2025-12-17T18:15:38.129+0000] {dagbag.py:545} INFO - Filling up the DagBag from /opt/airflow/dags/main.py
[2025-12-17T18:15:38.252+0000] {processor.py:840} INFO - DAG(s) 'update_db', 'youtube_video_stats' retrieved from /opt/airflow/dags/main.py
[2025-12-17T18:15:38.296+0000] {logging_mixin.py:188} INFO - [2025-12-17T18:15:38.295+0000] {dag.py:3096} INFO - Sync 2 DAGs
[2025-12-17T18:15:38.329+0000] {logging_mixin.py:188} INFO - [2025-12-17T18:15:38.329+0000] {dag.py:3954} INFO - Setting next_dagrun for update_db to 2025-12-17 15:00:00+00:00, run_after=2025-12-18 15:00:00+00:00
[2025-12-17T18:15:38.336+0000] {logging_mixin.py:188} INFO - [2025-12-17T18:15:38.336+0000] {dag.py:3954} INFO - Setting next_dagrun for youtube_video_stats to 2025-12-17 14:00:00+00:00, run_after=2025-12-18 14:00:00+00:00
[2025-12-17T18:15:38.359+0000] {processor.py:183} INFO - Processing /opt/airflow/dags/main.py took 0.240 seconds
[2025-12-17T18:16:08.632+0000] {processor.py:161} INFO - Started process (PID=11927) to work on /opt/airflow/dags/main.py
[2025-12-17T18:16:08.640+0000] {processor.py:830} INFO - Processing file /opt/airflow/dags/main.py for tasks to queue
[2025-12-17T18:16:08.642+0000] {logging_mixin.py:188} INFO - [2025-12-17T18:16:08.642+0000] {dagbag.py:545} INFO - Filling up the DagBag from /opt/airflow/dags/main.py
[2025-12-17T18:16:08.897+0000] {processor.py:840} INFO - DAG(s) 'update_db', 'youtube_video_stats' retrieved from /opt/airflow/dags/main.py
[2025-12-17T18:16:09.007+0000] {logging_mixin.py:188} INFO - [2025-12-17T18:16:09.006+0000] {dag.py:3096} INFO - Sync 2 DAGs
[2025-12-17T18:16:09.086+0000] {logging_mixin.py:188} INFO - [2025-12-17T18:16:09.086+0000] {dag.py:3954} INFO - Setting next_dagrun for update_db to 2025-12-17 15:00:00+00:00, run_after=2025-12-18 15:00:00+00:00
[2025-12-17T18:16:09.096+0000] {logging_mixin.py:188} INFO - [2025-12-17T18:16:09.096+0000] {dag.py:3954} INFO - Setting next_dagrun for youtube_video_stats to 2025-12-17 14:00:00+00:00, run_after=2025-12-18 14:00:00+00:00
[2025-12-17T18:16:09.130+0000] {processor.py:183} INFO - Processing /opt/airflow/dags/main.py took 0.509 seconds
[2025-12-17T18:16:39.394+0000] {processor.py:161} INFO - Started process (PID=11934) to work on /opt/airflow/dags/main.py
[2025-12-17T18:16:39.396+0000] {processor.py:830} INFO - Processing file /opt/airflow/dags/main.py for tasks to queue
[2025-12-17T18:16:39.397+0000] {logging_mixin.py:188} INFO - [2025-12-17T18:16:39.397+0000] {dagbag.py:545} INFO - Filling up the DagBag from /opt/airflow/dags/main.py
[2025-12-17T18:16:39.841+0000] {processor.py:840} INFO - DAG(s) 'youtube_video_stats', 'update_db' retrieved from /opt/airflow/dags/main.py
[2025-12-17T18:16:39.958+0000] {logging_mixin.py:188} INFO - [2025-12-17T18:16:39.957+0000] {dag.py:3096} INFO - Sync 2 DAGs
[2025-12-17T18:16:40.052+0000] {logging_mixin.py:188} INFO - [2025-12-17T18:16:40.052+0000] {dag.py:3954} INFO - Setting next_dagrun for update_db to 2025-12-17 15:00:00+00:00, run_after=2025-12-18 15:00:00+00:00
[2025-12-17T18:16:40.082+0000] {logging_mixin.py:188} INFO - [2025-12-17T18:16:40.082+0000] {dag.py:3954} INFO - Setting next_dagrun for youtube_video_stats to 2025-12-17 14:00:00+00:00, run_after=2025-12-18 14:00:00+00:00
[2025-12-17T18:16:40.145+0000] {processor.py:183} INFO - Processing /opt/airflow/dags/main.py took 0.771 seconds
[2025-12-17T18:17:10.388+0000] {processor.py:161} INFO - Started process (PID=11941) to work on /opt/airflow/dags/main.py
[2025-12-17T18:17:10.400+0000] {processor.py:830} INFO - Processing file /opt/airflow/dags/main.py for tasks to queue
[2025-12-17T18:17:10.402+0000] {logging_mixin.py:188} INFO - [2025-12-17T18:17:10.402+0000] {dagbag.py:545} INFO - Filling up the DagBag from /opt/airflow/dags/main.py
[2025-12-17T18:17:10.627+0000] {processor.py:840} INFO - DAG(s) 'update_db', 'youtube_video_stats' retrieved from /opt/airflow/dags/main.py
[2025-12-17T18:17:10.734+0000] {logging_mixin.py:188} INFO - [2025-12-17T18:17:10.733+0000] {dag.py:3096} INFO - Sync 2 DAGs
[2025-12-17T18:17:10.805+0000] {logging_mixin.py:188} INFO - [2025-12-17T18:17:10.805+0000] {dag.py:3954} INFO - Setting next_dagrun for update_db to 2025-12-17 15:00:00+00:00, run_after=2025-12-18 15:00:00+00:00
[2025-12-17T18:17:10.826+0000] {logging_mixin.py:188} INFO - [2025-12-17T18:17:10.817+0000] {dag.py:3954} INFO - Setting next_dagrun for youtube_video_stats to 2025-12-17 14:00:00+00:00, run_after=2025-12-18 14:00:00+00:00
[2025-12-17T18:17:10.871+0000] {processor.py:183} INFO - Processing /opt/airflow/dags/main.py took 0.504 seconds
[2025-12-17T18:17:41.116+0000] {processor.py:161} INFO - Started process (PID=11948) to work on /opt/airflow/dags/main.py
[2025-12-17T18:17:41.118+0000] {processor.py:830} INFO - Processing file /opt/airflow/dags/main.py for tasks to queue
[2025-12-17T18:17:41.119+0000] {logging_mixin.py:188} INFO - [2025-12-17T18:17:41.119+0000] {dagbag.py:545} INFO - Filling up the DagBag from /opt/airflow/dags/main.py
[2025-12-17T18:17:41.239+0000] {processor.py:840} INFO - DAG(s) 'update_db', 'youtube_video_stats' retrieved from /opt/airflow/dags/main.py
[2025-12-17T18:17:41.277+0000] {logging_mixin.py:188} INFO - [2025-12-17T18:17:41.277+0000] {dag.py:3096} INFO - Sync 2 DAGs
[2025-12-17T18:17:41.303+0000] {logging_mixin.py:188} INFO - [2025-12-17T18:17:41.303+0000] {dag.py:3954} INFO - Setting next_dagrun for update_db to 2025-12-17 15:00:00+00:00, run_after=2025-12-18 15:00:00+00:00
[2025-12-17T18:17:41.311+0000] {logging_mixin.py:188} INFO - [2025-12-17T18:17:41.311+0000] {dag.py:3954} INFO - Setting next_dagrun for youtube_video_stats to 2025-12-17 14:00:00+00:00, run_after=2025-12-18 14:00:00+00:00
[2025-12-17T18:17:41.331+0000] {processor.py:183} INFO - Processing /opt/airflow/dags/main.py took 0.222 seconds
[2025-12-17T18:18:11.541+0000] {processor.py:161} INFO - Started process (PID=11955) to work on /opt/airflow/dags/main.py
[2025-12-17T18:18:11.542+0000] {processor.py:830} INFO - Processing file /opt/airflow/dags/main.py for tasks to queue
[2025-12-17T18:18:11.543+0000] {logging_mixin.py:188} INFO - [2025-12-17T18:18:11.543+0000] {dagbag.py:545} INFO - Filling up the DagBag from /opt/airflow/dags/main.py
[2025-12-17T18:18:11.649+0000] {processor.py:840} INFO - DAG(s) 'youtube_video_stats', 'update_db' retrieved from /opt/airflow/dags/main.py
[2025-12-17T18:18:11.687+0000] {logging_mixin.py:188} INFO - [2025-12-17T18:18:11.687+0000] {dag.py:3096} INFO - Sync 2 DAGs
[2025-12-17T18:18:11.712+0000] {logging_mixin.py:188} INFO - [2025-12-17T18:18:11.712+0000] {dag.py:3954} INFO - Setting next_dagrun for update_db to 2025-12-17 15:00:00+00:00, run_after=2025-12-18 15:00:00+00:00
[2025-12-17T18:18:11.718+0000] {logging_mixin.py:188} INFO - [2025-12-17T18:18:11.718+0000] {dag.py:3954} INFO - Setting next_dagrun for youtube_video_stats to 2025-12-17 14:00:00+00:00, run_after=2025-12-18 14:00:00+00:00
[2025-12-17T18:18:11.740+0000] {processor.py:183} INFO - Processing /opt/airflow/dags/main.py took 0.208 seconds
[2025-12-17T18:18:41.803+0000] {processor.py:161} INFO - Started process (PID=11962) to work on /opt/airflow/dags/main.py
[2025-12-17T18:18:41.807+0000] {processor.py:830} INFO - Processing file /opt/airflow/dags/main.py for tasks to queue
[2025-12-17T18:18:41.808+0000] {logging_mixin.py:188} INFO - [2025-12-17T18:18:41.807+0000] {dagbag.py:545} INFO - Filling up the DagBag from /opt/airflow/dags/main.py
[2025-12-17T18:18:41.908+0000] {processor.py:840} INFO - DAG(s) 'youtube_video_stats', 'update_db' retrieved from /opt/airflow/dags/main.py
[2025-12-17T18:18:41.946+0000] {logging_mixin.py:188} INFO - [2025-12-17T18:18:41.945+0000] {dag.py:3096} INFO - Sync 2 DAGs
[2025-12-17T18:18:41.973+0000] {logging_mixin.py:188} INFO - [2025-12-17T18:18:41.972+0000] {dag.py:3954} INFO - Setting next_dagrun for update_db to 2025-12-17 15:00:00+00:00, run_after=2025-12-18 15:00:00+00:00
[2025-12-17T18:18:41.979+0000] {logging_mixin.py:188} INFO - [2025-12-17T18:18:41.979+0000] {dag.py:3954} INFO - Setting next_dagrun for youtube_video_stats to 2025-12-17 14:00:00+00:00, run_after=2025-12-18 14:00:00+00:00
[2025-12-17T18:18:41.997+0000] {processor.py:183} INFO - Processing /opt/airflow/dags/main.py took 0.200 seconds
[2025-12-17T18:19:12.126+0000] {processor.py:161} INFO - Started process (PID=11969) to work on /opt/airflow/dags/main.py
[2025-12-17T18:19:12.127+0000] {processor.py:830} INFO - Processing file /opt/airflow/dags/main.py for tasks to queue
[2025-12-17T18:19:12.128+0000] {logging_mixin.py:188} INFO - [2025-12-17T18:19:12.127+0000] {dagbag.py:545} INFO - Filling up the DagBag from /opt/airflow/dags/main.py
[2025-12-17T18:19:12.213+0000] {processor.py:840} INFO - DAG(s) 'update_db', 'youtube_video_stats' retrieved from /opt/airflow/dags/main.py
[2025-12-17T18:19:12.245+0000] {logging_mixin.py:188} INFO - [2025-12-17T18:19:12.245+0000] {dag.py:3096} INFO - Sync 2 DAGs
[2025-12-17T18:19:12.270+0000] {logging_mixin.py:188} INFO - [2025-12-17T18:19:12.270+0000] {dag.py:3954} INFO - Setting next_dagrun for update_db to 2025-12-17 15:00:00+00:00, run_after=2025-12-18 15:00:00+00:00
[2025-12-17T18:19:12.276+0000] {logging_mixin.py:188} INFO - [2025-12-17T18:19:12.276+0000] {dag.py:3954} INFO - Setting next_dagrun for youtube_video_stats to 2025-12-17 14:00:00+00:00, run_after=2025-12-18 14:00:00+00:00
[2025-12-17T18:19:12.298+0000] {processor.py:183} INFO - Processing /opt/airflow/dags/main.py took 0.178 seconds
[2025-12-17T18:19:42.370+0000] {processor.py:161} INFO - Started process (PID=11977) to work on /opt/airflow/dags/main.py
[2025-12-17T18:19:42.371+0000] {processor.py:830} INFO - Processing file /opt/airflow/dags/main.py for tasks to queue
[2025-12-17T18:19:42.372+0000] {logging_mixin.py:188} INFO - [2025-12-17T18:19:42.372+0000] {dagbag.py:545} INFO - Filling up the DagBag from /opt/airflow/dags/main.py
[2025-12-17T18:19:42.480+0000] {processor.py:840} INFO - DAG(s) 'update_db', 'youtube_video_stats' retrieved from /opt/airflow/dags/main.py
[2025-12-17T18:19:42.514+0000] {logging_mixin.py:188} INFO - [2025-12-17T18:19:42.513+0000] {dag.py:3096} INFO - Sync 2 DAGs
[2025-12-17T18:19:42.539+0000] {logging_mixin.py:188} INFO - [2025-12-17T18:19:42.539+0000] {dag.py:3954} INFO - Setting next_dagrun for update_db to 2025-12-17 15:00:00+00:00, run_after=2025-12-18 15:00:00+00:00
[2025-12-17T18:19:42.545+0000] {logging_mixin.py:188} INFO - [2025-12-17T18:19:42.544+0000] {dag.py:3954} INFO - Setting next_dagrun for youtube_video_stats to 2025-12-17 14:00:00+00:00, run_after=2025-12-18 14:00:00+00:00
[2025-12-17T18:19:42.570+0000] {processor.py:183} INFO - Processing /opt/airflow/dags/main.py took 0.208 seconds
[2025-12-17T18:20:12.756+0000] {processor.py:161} INFO - Started process (PID=11984) to work on /opt/airflow/dags/main.py
[2025-12-17T18:20:12.758+0000] {processor.py:830} INFO - Processing file /opt/airflow/dags/main.py for tasks to queue
[2025-12-17T18:20:12.760+0000] {logging_mixin.py:188} INFO - [2025-12-17T18:20:12.759+0000] {dagbag.py:545} INFO - Filling up the DagBag from /opt/airflow/dags/main.py
[2025-12-17T18:20:12.898+0000] {processor.py:840} INFO - DAG(s) 'youtube_video_stats', 'update_db' retrieved from /opt/airflow/dags/main.py
[2025-12-17T18:20:12.937+0000] {logging_mixin.py:188} INFO - [2025-12-17T18:20:12.937+0000] {dag.py:3096} INFO - Sync 2 DAGs
[2025-12-17T18:20:12.967+0000] {logging_mixin.py:188} INFO - [2025-12-17T18:20:12.967+0000] {dag.py:3954} INFO - Setting next_dagrun for update_db to 2025-12-17 15:00:00+00:00, run_after=2025-12-18 15:00:00+00:00
[2025-12-17T18:20:12.974+0000] {logging_mixin.py:188} INFO - [2025-12-17T18:20:12.974+0000] {dag.py:3954} INFO - Setting next_dagrun for youtube_video_stats to 2025-12-17 14:00:00+00:00, run_after=2025-12-18 14:00:00+00:00
[2025-12-17T18:20:12.996+0000] {processor.py:183} INFO - Processing /opt/airflow/dags/main.py took 0.247 seconds
[2025-12-17T18:20:43.228+0000] {processor.py:161} INFO - Started process (PID=11991) to work on /opt/airflow/dags/main.py
[2025-12-17T18:20:43.231+0000] {processor.py:830} INFO - Processing file /opt/airflow/dags/main.py for tasks to queue
[2025-12-17T18:20:43.235+0000] {logging_mixin.py:188} INFO - [2025-12-17T18:20:43.234+0000] {dagbag.py:545} INFO - Filling up the DagBag from /opt/airflow/dags/main.py
[2025-12-17T18:20:43.481+0000] {processor.py:840} INFO - DAG(s) 'update_db', 'youtube_video_stats' retrieved from /opt/airflow/dags/main.py
[2025-12-17T18:20:43.546+0000] {logging_mixin.py:188} INFO - [2025-12-17T18:20:43.545+0000] {dag.py:3096} INFO - Sync 2 DAGs
[2025-12-17T18:20:43.588+0000] {logging_mixin.py:188} INFO - [2025-12-17T18:20:43.587+0000] {dag.py:3954} INFO - Setting next_dagrun for update_db to 2025-12-17 15:00:00+00:00, run_after=2025-12-18 15:00:00+00:00
[2025-12-17T18:20:43.599+0000] {logging_mixin.py:188} INFO - [2025-12-17T18:20:43.599+0000] {dag.py:3954} INFO - Setting next_dagrun for youtube_video_stats to 2025-12-17 14:00:00+00:00, run_after=2025-12-18 14:00:00+00:00
[2025-12-17T18:20:43.630+0000] {processor.py:183} INFO - Processing /opt/airflow/dags/main.py took 0.425 seconds
[2025-12-17T18:21:13.712+0000] {processor.py:161} INFO - Started process (PID=11999) to work on /opt/airflow/dags/main.py
[2025-12-17T18:21:13.715+0000] {processor.py:830} INFO - Processing file /opt/airflow/dags/main.py for tasks to queue
[2025-12-17T18:21:13.717+0000] {logging_mixin.py:188} INFO - [2025-12-17T18:21:13.716+0000] {dagbag.py:545} INFO - Filling up the DagBag from /opt/airflow/dags/main.py
[2025-12-17T18:21:14.007+0000] {processor.py:840} INFO - DAG(s) 'youtube_video_stats', 'update_db' retrieved from /opt/airflow/dags/main.py
[2025-12-17T18:21:14.080+0000] {logging_mixin.py:188} INFO - [2025-12-17T18:21:14.080+0000] {dag.py:3096} INFO - Sync 2 DAGs
[2025-12-17T18:21:14.122+0000] {logging_mixin.py:188} INFO - [2025-12-17T18:21:14.121+0000] {dag.py:3954} INFO - Setting next_dagrun for update_db to 2025-12-17 15:00:00+00:00, run_after=2025-12-18 15:00:00+00:00
[2025-12-17T18:21:14.131+0000] {logging_mixin.py:188} INFO - [2025-12-17T18:21:14.131+0000] {dag.py:3954} INFO - Setting next_dagrun for youtube_video_stats to 2025-12-17 14:00:00+00:00, run_after=2025-12-18 14:00:00+00:00
[2025-12-17T18:21:14.165+0000] {processor.py:183} INFO - Processing /opt/airflow/dags/main.py took 0.465 seconds
[2025-12-17T18:21:44.814+0000] {processor.py:161} INFO - Started process (PID=12006) to work on /opt/airflow/dags/main.py
[2025-12-17T18:21:44.816+0000] {processor.py:830} INFO - Processing file /opt/airflow/dags/main.py for tasks to queue
[2025-12-17T18:21:44.817+0000] {logging_mixin.py:188} INFO - [2025-12-17T18:21:44.817+0000] {dagbag.py:545} INFO - Filling up the DagBag from /opt/airflow/dags/main.py
[2025-12-17T18:21:44.902+0000] {processor.py:840} INFO - DAG(s) 'youtube_video_stats', 'update_db' retrieved from /opt/airflow/dags/main.py
[2025-12-17T18:21:44.936+0000] {logging_mixin.py:188} INFO - [2025-12-17T18:21:44.935+0000] {dag.py:3096} INFO - Sync 2 DAGs
[2025-12-17T18:21:44.960+0000] {logging_mixin.py:188} INFO - [2025-12-17T18:21:44.960+0000] {dag.py:3954} INFO - Setting next_dagrun for update_db to 2025-12-17 15:00:00+00:00, run_after=2025-12-18 15:00:00+00:00
[2025-12-17T18:21:44.967+0000] {logging_mixin.py:188} INFO - [2025-12-17T18:21:44.966+0000] {dag.py:3954} INFO - Setting next_dagrun for youtube_video_stats to 2025-12-17 14:00:00+00:00, run_after=2025-12-18 14:00:00+00:00
[2025-12-17T18:21:45.000+0000] {processor.py:183} INFO - Processing /opt/airflow/dags/main.py took 0.192 seconds
[2025-12-17T18:22:15.378+0000] {processor.py:161} INFO - Started process (PID=12013) to work on /opt/airflow/dags/main.py
[2025-12-17T18:22:15.380+0000] {processor.py:830} INFO - Processing file /opt/airflow/dags/main.py for tasks to queue
[2025-12-17T18:22:15.382+0000] {logging_mixin.py:188} INFO - [2025-12-17T18:22:15.382+0000] {dagbag.py:545} INFO - Filling up the DagBag from /opt/airflow/dags/main.py
[2025-12-17T18:22:15.518+0000] {processor.py:840} INFO - DAG(s) 'youtube_video_stats', 'update_db' retrieved from /opt/airflow/dags/main.py
[2025-12-17T18:22:15.565+0000] {logging_mixin.py:188} INFO - [2025-12-17T18:22:15.565+0000] {dag.py:3096} INFO - Sync 2 DAGs
[2025-12-17T18:22:15.600+0000] {logging_mixin.py:188} INFO - [2025-12-17T18:22:15.600+0000] {dag.py:3954} INFO - Setting next_dagrun for update_db to 2025-12-17 15:00:00+00:00, run_after=2025-12-18 15:00:00+00:00
[2025-12-17T18:22:15.609+0000] {logging_mixin.py:188} INFO - [2025-12-17T18:22:15.609+0000] {dag.py:3954} INFO - Setting next_dagrun for youtube_video_stats to 2025-12-17 14:00:00+00:00, run_after=2025-12-18 14:00:00+00:00
[2025-12-17T18:22:15.634+0000] {processor.py:183} INFO - Processing /opt/airflow/dags/main.py took 0.268 seconds
[2025-12-17T18:22:45.906+0000] {processor.py:161} INFO - Started process (PID=12020) to work on /opt/airflow/dags/main.py
[2025-12-17T18:22:45.908+0000] {processor.py:830} INFO - Processing file /opt/airflow/dags/main.py for tasks to queue
[2025-12-17T18:22:45.912+0000] {logging_mixin.py:188} INFO - [2025-12-17T18:22:45.911+0000] {dagbag.py:545} INFO - Filling up the DagBag from /opt/airflow/dags/main.py
[2025-12-17T18:22:46.192+0000] {processor.py:840} INFO - DAG(s) 'youtube_video_stats', 'update_db' retrieved from /opt/airflow/dags/main.py
[2025-12-17T18:22:46.278+0000] {logging_mixin.py:188} INFO - [2025-12-17T18:22:46.277+0000] {dag.py:3096} INFO - Sync 2 DAGs
[2025-12-17T18:22:46.338+0000] {logging_mixin.py:188} INFO - [2025-12-17T18:22:46.337+0000] {dag.py:3954} INFO - Setting next_dagrun for update_db to 2025-12-17 15:00:00+00:00, run_after=2025-12-18 15:00:00+00:00
[2025-12-17T18:22:46.350+0000] {logging_mixin.py:188} INFO - [2025-12-17T18:22:46.350+0000] {dag.py:3954} INFO - Setting next_dagrun for youtube_video_stats to 2025-12-17 14:00:00+00:00, run_after=2025-12-18 14:00:00+00:00
[2025-12-17T18:22:46.389+0000] {processor.py:183} INFO - Processing /opt/airflow/dags/main.py took 0.510 seconds
[2025-12-17T18:23:16.659+0000] {processor.py:161} INFO - Started process (PID=12027) to work on /opt/airflow/dags/main.py
[2025-12-17T18:23:16.661+0000] {processor.py:830} INFO - Processing file /opt/airflow/dags/main.py for tasks to queue
[2025-12-17T18:23:16.663+0000] {logging_mixin.py:188} INFO - [2025-12-17T18:23:16.662+0000] {dagbag.py:545} INFO - Filling up the DagBag from /opt/airflow/dags/main.py
[2025-12-17T18:23:16.832+0000] {processor.py:840} INFO - DAG(s) 'youtube_video_stats', 'update_db' retrieved from /opt/airflow/dags/main.py
[2025-12-17T18:23:16.925+0000] {logging_mixin.py:188} INFO - [2025-12-17T18:23:16.924+0000] {dag.py:3096} INFO - Sync 2 DAGs
[2025-12-17T18:23:16.976+0000] {logging_mixin.py:188} INFO - [2025-12-17T18:23:16.976+0000] {dag.py:3954} INFO - Setting next_dagrun for update_db to 2025-12-17 15:00:00+00:00, run_after=2025-12-18 15:00:00+00:00
[2025-12-17T18:23:16.993+0000] {logging_mixin.py:188} INFO - [2025-12-17T18:23:16.993+0000] {dag.py:3954} INFO - Setting next_dagrun for youtube_video_stats to 2025-12-17 14:00:00+00:00, run_after=2025-12-18 14:00:00+00:00
[2025-12-17T18:23:17.061+0000] {processor.py:183} INFO - Processing /opt/airflow/dags/main.py took 0.415 seconds
[2025-12-17T18:26:27.739+0000] {processor.py:161} INFO - Started process (PID=67) to work on /opt/airflow/dags/main.py
[2025-12-17T18:26:27.748+0000] {processor.py:830} INFO - Processing file /opt/airflow/dags/main.py for tasks to queue
[2025-12-17T18:26:27.762+0000] {logging_mixin.py:188} INFO - [2025-12-17T18:26:27.761+0000] {dagbag.py:545} INFO - Filling up the DagBag from /opt/airflow/dags/main.py
[2025-12-17T18:26:28.291+0000] {processor.py:840} INFO - DAG(s) 'update_db', 'youtube_video_stats' retrieved from /opt/airflow/dags/main.py
[2025-12-17T18:26:28.918+0000] {logging_mixin.py:188} INFO - [2025-12-17T18:26:28.918+0000] {dag.py:3096} INFO - Sync 2 DAGs
[2025-12-17T18:26:28.990+0000] {logging_mixin.py:188} INFO - [2025-12-17T18:26:28.990+0000] {dag.py:3954} INFO - Setting next_dagrun for update_db to 2025-12-17 15:00:00+00:00, run_after=2025-12-18 15:00:00+00:00
[2025-12-17T18:26:29.003+0000] {logging_mixin.py:188} INFO - [2025-12-17T18:26:29.003+0000] {dag.py:3954} INFO - Setting next_dagrun for youtube_video_stats to 2025-12-17 14:00:00+00:00, run_after=2025-12-18 14:00:00+00:00
[2025-12-17T18:26:29.065+0000] {processor.py:183} INFO - Processing /opt/airflow/dags/main.py took 1.348 seconds
[2025-12-17T18:26:59.557+0000] {processor.py:161} INFO - Started process (PID=74) to work on /opt/airflow/dags/main.py
[2025-12-17T18:26:59.559+0000] {processor.py:830} INFO - Processing file /opt/airflow/dags/main.py for tasks to queue
[2025-12-17T18:26:59.569+0000] {logging_mixin.py:188} INFO - [2025-12-17T18:26:59.568+0000] {dagbag.py:545} INFO - Filling up the DagBag from /opt/airflow/dags/main.py
[2025-12-17T18:26:59.746+0000] {processor.py:840} INFO - DAG(s) 'youtube_video_stats', 'update_db' retrieved from /opt/airflow/dags/main.py
[2025-12-17T18:26:59.809+0000] {logging_mixin.py:188} INFO - [2025-12-17T18:26:59.808+0000] {dag.py:3096} INFO - Sync 2 DAGs
[2025-12-17T18:26:59.856+0000] {logging_mixin.py:188} INFO - [2025-12-17T18:26:59.856+0000] {dag.py:3954} INFO - Setting next_dagrun for update_db to 2025-12-17 15:00:00+00:00, run_after=2025-12-18 15:00:00+00:00
[2025-12-17T18:26:59.864+0000] {logging_mixin.py:188} INFO - [2025-12-17T18:26:59.864+0000] {dag.py:3954} INFO - Setting next_dagrun for youtube_video_stats to 2025-12-17 14:00:00+00:00, run_after=2025-12-18 14:00:00+00:00
[2025-12-17T18:26:59.927+0000] {processor.py:183} INFO - Processing /opt/airflow/dags/main.py took 0.393 seconds
[2025-12-17T18:27:30.387+0000] {processor.py:161} INFO - Started process (PID=81) to work on /opt/airflow/dags/main.py
[2025-12-17T18:27:30.388+0000] {processor.py:830} INFO - Processing file /opt/airflow/dags/main.py for tasks to queue
[2025-12-17T18:27:30.391+0000] {logging_mixin.py:188} INFO - [2025-12-17T18:27:30.391+0000] {dagbag.py:545} INFO - Filling up the DagBag from /opt/airflow/dags/main.py
[2025-12-17T18:27:30.508+0000] {processor.py:840} INFO - DAG(s) 'youtube_video_stats', 'update_db' retrieved from /opt/airflow/dags/main.py
[2025-12-17T18:27:30.549+0000] {logging_mixin.py:188} INFO - [2025-12-17T18:27:30.549+0000] {dag.py:3096} INFO - Sync 2 DAGs
[2025-12-17T18:27:30.580+0000] {logging_mixin.py:188} INFO - [2025-12-17T18:27:30.580+0000] {dag.py:3954} INFO - Setting next_dagrun for update_db to 2025-12-17 15:00:00+00:00, run_after=2025-12-18 15:00:00+00:00
[2025-12-17T18:27:30.586+0000] {logging_mixin.py:188} INFO - [2025-12-17T18:27:30.586+0000] {dag.py:3954} INFO - Setting next_dagrun for youtube_video_stats to 2025-12-17 14:00:00+00:00, run_after=2025-12-18 14:00:00+00:00
[2025-12-17T18:28:05.081+0000] {processor.py:183} INFO - Processing /opt/airflow/dags/main.py took 34.706 seconds
[2025-12-17T18:28:35.281+0000] {processor.py:161} INFO - Started process (PID=100) to work on /opt/airflow/dags/main.py
[2025-12-17T18:28:35.283+0000] {processor.py:830} INFO - Processing file /opt/airflow/dags/main.py for tasks to queue
[2025-12-17T18:28:35.287+0000] {logging_mixin.py:188} INFO - [2025-12-17T18:28:35.286+0000] {dagbag.py:545} INFO - Filling up the DagBag from /opt/airflow/dags/main.py
[2025-12-17T18:28:35.448+0000] {processor.py:840} INFO - DAG(s) 'youtube_video_stats', 'update_db' retrieved from /opt/airflow/dags/main.py
[2025-12-17T18:28:35.500+0000] {logging_mixin.py:188} INFO - [2025-12-17T18:28:35.500+0000] {dag.py:3096} INFO - Sync 2 DAGs
[2025-12-17T18:28:35.551+0000] {logging_mixin.py:188} INFO - [2025-12-17T18:28:35.550+0000] {dag.py:3954} INFO - Setting next_dagrun for update_db to 2025-12-17 15:00:00+00:00, run_after=2025-12-18 15:00:00+00:00
[2025-12-17T18:28:35.559+0000] {logging_mixin.py:188} INFO - [2025-12-17T18:28:35.559+0000] {dag.py:3954} INFO - Setting next_dagrun for youtube_video_stats to 2025-12-17 14:00:00+00:00, run_after=2025-12-18 14:00:00+00:00
[2025-12-17T18:28:35.597+0000] {processor.py:183} INFO - Processing /opt/airflow/dags/main.py took 0.326 seconds
[2025-12-17T18:29:05.835+0000] {processor.py:161} INFO - Started process (PID=107) to work on /opt/airflow/dags/main.py
[2025-12-17T18:29:05.836+0000] {processor.py:830} INFO - Processing file /opt/airflow/dags/main.py for tasks to queue
[2025-12-17T18:29:05.838+0000] {logging_mixin.py:188} INFO - [2025-12-17T18:29:05.838+0000] {dagbag.py:545} INFO - Filling up the DagBag from /opt/airflow/dags/main.py
[2025-12-17T18:29:05.971+0000] {processor.py:840} INFO - DAG(s) 'youtube_video_stats', 'update_db' retrieved from /opt/airflow/dags/main.py
[2025-12-17T18:29:06.009+0000] {logging_mixin.py:188} INFO - [2025-12-17T18:29:06.009+0000] {dag.py:3096} INFO - Sync 2 DAGs
[2025-12-17T18:29:06.037+0000] {logging_mixin.py:188} INFO - [2025-12-17T18:29:06.037+0000] {dag.py:3954} INFO - Setting next_dagrun for update_db to 2025-12-17 15:00:00+00:00, run_after=2025-12-18 15:00:00+00:00
[2025-12-17T18:29:06.043+0000] {logging_mixin.py:188} INFO - [2025-12-17T18:29:06.043+0000] {dag.py:3954} INFO - Setting next_dagrun for youtube_video_stats to 2025-12-17 14:00:00+00:00, run_after=2025-12-18 14:00:00+00:00
[2025-12-17T18:29:06.067+0000] {processor.py:183} INFO - Processing /opt/airflow/dags/main.py took 0.239 seconds
[2025-12-17T18:29:36.357+0000] {processor.py:161} INFO - Started process (PID=114) to work on /opt/airflow/dags/main.py
[2025-12-17T18:29:36.359+0000] {processor.py:830} INFO - Processing file /opt/airflow/dags/main.py for tasks to queue
[2025-12-17T18:29:36.361+0000] {logging_mixin.py:188} INFO - [2025-12-17T18:29:36.361+0000] {dagbag.py:545} INFO - Filling up the DagBag from /opt/airflow/dags/main.py
[2025-12-17T18:29:36.476+0000] {processor.py:840} INFO - DAG(s) 'update_db', 'youtube_video_stats' retrieved from /opt/airflow/dags/main.py
[2025-12-17T18:29:36.512+0000] {logging_mixin.py:188} INFO - [2025-12-17T18:29:36.511+0000] {dag.py:3096} INFO - Sync 2 DAGs
[2025-12-17T18:29:36.556+0000] {logging_mixin.py:188} INFO - [2025-12-17T18:29:36.556+0000] {dag.py:3954} INFO - Setting next_dagrun for update_db to 2025-12-17 15:00:00+00:00, run_after=2025-12-18 15:00:00+00:00
[2025-12-17T18:29:36.563+0000] {logging_mixin.py:188} INFO - [2025-12-17T18:29:36.563+0000] {dag.py:3954} INFO - Setting next_dagrun for youtube_video_stats to 2025-12-17 14:00:00+00:00, run_after=2025-12-18 14:00:00+00:00
[2025-12-17T18:29:36.628+0000] {processor.py:183} INFO - Processing /opt/airflow/dags/main.py took 0.279 seconds
[2025-12-17T18:30:06.876+0000] {processor.py:161} INFO - Started process (PID=122) to work on /opt/airflow/dags/main.py
[2025-12-17T18:30:06.877+0000] {processor.py:830} INFO - Processing file /opt/airflow/dags/main.py for tasks to queue
[2025-12-17T18:30:06.879+0000] {logging_mixin.py:188} INFO - [2025-12-17T18:30:06.879+0000] {dagbag.py:545} INFO - Filling up the DagBag from /opt/airflow/dags/main.py
[2025-12-17T18:30:07.003+0000] {processor.py:840} INFO - DAG(s) 'update_db', 'youtube_video_stats' retrieved from /opt/airflow/dags/main.py
[2025-12-17T18:30:07.050+0000] {logging_mixin.py:188} INFO - [2025-12-17T18:30:07.049+0000] {dag.py:3096} INFO - Sync 2 DAGs
[2025-12-17T18:30:07.078+0000] {logging_mixin.py:188} INFO - [2025-12-17T18:30:07.077+0000] {dag.py:3954} INFO - Setting next_dagrun for update_db to 2025-12-17 15:00:00+00:00, run_after=2025-12-18 15:00:00+00:00
[2025-12-17T18:30:07.087+0000] {logging_mixin.py:188} INFO - [2025-12-17T18:30:07.086+0000] {dag.py:3954} INFO - Setting next_dagrun for youtube_video_stats to 2025-12-17 14:00:00+00:00, run_after=2025-12-18 14:00:00+00:00
[2025-12-17T18:30:07.112+0000] {processor.py:183} INFO - Processing /opt/airflow/dags/main.py took 0.243 seconds
[2025-12-17T18:30:37.442+0000] {processor.py:161} INFO - Started process (PID=129) to work on /opt/airflow/dags/main.py
[2025-12-17T18:30:37.443+0000] {processor.py:830} INFO - Processing file /opt/airflow/dags/main.py for tasks to queue
[2025-12-17T18:30:37.446+0000] {logging_mixin.py:188} INFO - [2025-12-17T18:30:37.445+0000] {dagbag.py:545} INFO - Filling up the DagBag from /opt/airflow/dags/main.py
[2025-12-17T18:30:37.650+0000] {processor.py:840} INFO - DAG(s) 'youtube_video_stats', 'update_db' retrieved from /opt/airflow/dags/main.py
[2025-12-17T18:30:37.728+0000] {logging_mixin.py:188} INFO - [2025-12-17T18:30:37.728+0000] {dag.py:3096} INFO - Sync 2 DAGs
[2025-12-17T18:30:37.767+0000] {logging_mixin.py:188} INFO - [2025-12-17T18:30:37.767+0000] {dag.py:3954} INFO - Setting next_dagrun for update_db to 2025-12-17 15:00:00+00:00, run_after=2025-12-18 15:00:00+00:00
[2025-12-17T18:30:37.774+0000] {logging_mixin.py:188} INFO - [2025-12-17T18:30:37.774+0000] {dag.py:3954} INFO - Setting next_dagrun for youtube_video_stats to 2025-12-17 14:00:00+00:00, run_after=2025-12-18 14:00:00+00:00
[2025-12-17T18:30:38.490+0000] {processor.py:183} INFO - Processing /opt/airflow/dags/main.py took 1.056 seconds
[2025-12-17T18:31:08.656+0000] {processor.py:161} INFO - Started process (PID=136) to work on /opt/airflow/dags/main.py
[2025-12-17T18:31:08.658+0000] {processor.py:830} INFO - Processing file /opt/airflow/dags/main.py for tasks to queue
[2025-12-17T18:31:08.664+0000] {logging_mixin.py:188} INFO - [2025-12-17T18:31:08.663+0000] {dagbag.py:545} INFO - Filling up the DagBag from /opt/airflow/dags/main.py
[2025-12-17T18:31:08.802+0000] {processor.py:840} INFO - DAG(s) 'update_db', 'youtube_video_stats' retrieved from /opt/airflow/dags/main.py
[2025-12-17T18:31:08.849+0000] {logging_mixin.py:188} INFO - [2025-12-17T18:31:08.849+0000] {dag.py:3096} INFO - Sync 2 DAGs
[2025-12-17T18:31:08.886+0000] {logging_mixin.py:188} INFO - [2025-12-17T18:31:08.886+0000] {dag.py:3954} INFO - Setting next_dagrun for update_db to 2025-12-17 15:00:00+00:00, run_after=2025-12-18 15:00:00+00:00
[2025-12-17T18:31:08.893+0000] {logging_mixin.py:188} INFO - [2025-12-17T18:31:08.893+0000] {dag.py:3954} INFO - Setting next_dagrun for youtube_video_stats to 2025-12-17 14:00:00+00:00, run_after=2025-12-18 14:00:00+00:00
[2025-12-17T18:31:08.921+0000] {processor.py:183} INFO - Processing /opt/airflow/dags/main.py took 0.277 seconds
[2025-12-17T18:31:39.051+0000] {processor.py:161} INFO - Started process (PID=143) to work on /opt/airflow/dags/main.py
[2025-12-17T18:31:39.053+0000] {processor.py:830} INFO - Processing file /opt/airflow/dags/main.py for tasks to queue
[2025-12-17T18:31:39.056+0000] {logging_mixin.py:188} INFO - [2025-12-17T18:31:39.056+0000] {dagbag.py:545} INFO - Filling up the DagBag from /opt/airflow/dags/main.py
[2025-12-17T18:31:39.190+0000] {processor.py:840} INFO - DAG(s) 'update_db', 'youtube_video_stats' retrieved from /opt/airflow/dags/main.py
[2025-12-17T18:31:39.229+0000] {logging_mixin.py:188} INFO - [2025-12-17T18:31:39.229+0000] {dag.py:3096} INFO - Sync 2 DAGs
[2025-12-17T18:31:39.262+0000] {logging_mixin.py:188} INFO - [2025-12-17T18:31:39.262+0000] {dag.py:3954} INFO - Setting next_dagrun for update_db to 2025-12-17 15:00:00+00:00, run_after=2025-12-18 15:00:00+00:00
[2025-12-17T18:31:39.271+0000] {logging_mixin.py:188} INFO - [2025-12-17T18:31:39.270+0000] {dag.py:3954} INFO - Setting next_dagrun for youtube_video_stats to 2025-12-17 14:00:00+00:00, run_after=2025-12-18 14:00:00+00:00
[2025-12-17T18:31:39.299+0000] {processor.py:183} INFO - Processing /opt/airflow/dags/main.py took 0.257 seconds
[2025-12-17T18:32:09.405+0000] {processor.py:161} INFO - Started process (PID=150) to work on /opt/airflow/dags/main.py
[2025-12-17T18:32:09.407+0000] {processor.py:830} INFO - Processing file /opt/airflow/dags/main.py for tasks to queue
[2025-12-17T18:32:09.411+0000] {logging_mixin.py:188} INFO - [2025-12-17T18:32:09.411+0000] {dagbag.py:545} INFO - Filling up the DagBag from /opt/airflow/dags/main.py
[2025-12-17T18:32:09.548+0000] {processor.py:840} INFO - DAG(s) 'youtube_video_stats', 'update_db' retrieved from /opt/airflow/dags/main.py
[2025-12-17T18:32:09.605+0000] {logging_mixin.py:188} INFO - [2025-12-17T18:32:09.604+0000] {dag.py:3096} INFO - Sync 2 DAGs
[2025-12-17T18:32:09.644+0000] {logging_mixin.py:188} INFO - [2025-12-17T18:32:09.643+0000] {dag.py:3954} INFO - Setting next_dagrun for update_db to 2025-12-17 15:00:00+00:00, run_after=2025-12-18 15:00:00+00:00
[2025-12-17T18:32:09.652+0000] {logging_mixin.py:188} INFO - [2025-12-17T18:32:09.652+0000] {dag.py:3954} INFO - Setting next_dagrun for youtube_video_stats to 2025-12-17 14:00:00+00:00, run_after=2025-12-18 14:00:00+00:00
[2025-12-17T18:32:09.683+0000] {processor.py:183} INFO - Processing /opt/airflow/dags/main.py took 0.290 seconds
[2025-12-17T18:32:39.884+0000] {processor.py:161} INFO - Started process (PID=157) to work on /opt/airflow/dags/main.py
[2025-12-17T18:32:39.886+0000] {processor.py:830} INFO - Processing file /opt/airflow/dags/main.py for tasks to queue
[2025-12-17T18:32:39.889+0000] {logging_mixin.py:188} INFO - [2025-12-17T18:32:39.889+0000] {dagbag.py:545} INFO - Filling up the DagBag from /opt/airflow/dags/main.py
[2025-12-17T18:32:39.983+0000] {processor.py:840} INFO - DAG(s) 'youtube_video_stats', 'update_db' retrieved from /opt/airflow/dags/main.py
[2025-12-17T18:32:40.019+0000] {logging_mixin.py:188} INFO - [2025-12-17T18:32:40.018+0000] {dag.py:3096} INFO - Sync 2 DAGs
[2025-12-17T18:32:40.041+0000] {logging_mixin.py:188} INFO - [2025-12-17T18:32:40.041+0000] {dag.py:3954} INFO - Setting next_dagrun for update_db to 2025-12-17 15:00:00+00:00, run_after=2025-12-18 15:00:00+00:00
[2025-12-17T18:32:40.046+0000] {logging_mixin.py:188} INFO - [2025-12-17T18:32:40.046+0000] {dag.py:3954} INFO - Setting next_dagrun for youtube_video_stats to 2025-12-17 14:00:00+00:00, run_after=2025-12-18 14:00:00+00:00
[2025-12-17T18:32:40.066+0000] {processor.py:183} INFO - Processing /opt/airflow/dags/main.py took 0.192 seconds
[2025-12-17T18:33:10.151+0000] {processor.py:161} INFO - Started process (PID=164) to work on /opt/airflow/dags/main.py
[2025-12-17T18:33:10.152+0000] {processor.py:830} INFO - Processing file /opt/airflow/dags/main.py for tasks to queue
[2025-12-17T18:33:10.155+0000] {logging_mixin.py:188} INFO - [2025-12-17T18:33:10.155+0000] {dagbag.py:545} INFO - Filling up the DagBag from /opt/airflow/dags/main.py
[2025-12-17T18:33:10.294+0000] {processor.py:840} INFO - DAG(s) 'update_db', 'youtube_video_stats' retrieved from /opt/airflow/dags/main.py
[2025-12-17T18:33:10.339+0000] {logging_mixin.py:188} INFO - [2025-12-17T18:33:10.339+0000] {dag.py:3096} INFO - Sync 2 DAGs
[2025-12-17T18:33:10.370+0000] {logging_mixin.py:188} INFO - [2025-12-17T18:33:10.370+0000] {dag.py:3954} INFO - Setting next_dagrun for update_db to 2025-12-17 15:00:00+00:00, run_after=2025-12-18 15:00:00+00:00
[2025-12-17T18:33:10.378+0000] {logging_mixin.py:188} INFO - [2025-12-17T18:33:10.378+0000] {dag.py:3954} INFO - Setting next_dagrun for youtube_video_stats to 2025-12-17 14:00:00+00:00, run_after=2025-12-18 14:00:00+00:00
[2025-12-17T18:33:10.406+0000] {processor.py:183} INFO - Processing /opt/airflow/dags/main.py took 0.270 seconds
[2025-12-17T18:33:40.598+0000] {processor.py:161} INFO - Started process (PID=171) to work on /opt/airflow/dags/main.py
[2025-12-17T18:33:40.599+0000] {processor.py:830} INFO - Processing file /opt/airflow/dags/main.py for tasks to queue
[2025-12-17T18:33:40.601+0000] {logging_mixin.py:188} INFO - [2025-12-17T18:33:40.601+0000] {dagbag.py:545} INFO - Filling up the DagBag from /opt/airflow/dags/main.py
[2025-12-17T18:33:40.685+0000] {processor.py:840} INFO - DAG(s) 'update_db', 'youtube_video_stats' retrieved from /opt/airflow/dags/main.py
[2025-12-17T18:33:40.713+0000] {logging_mixin.py:188} INFO - [2025-12-17T18:33:40.713+0000] {dag.py:3096} INFO - Sync 2 DAGs
[2025-12-17T18:33:40.733+0000] {logging_mixin.py:188} INFO - [2025-12-17T18:33:40.733+0000] {dag.py:3954} INFO - Setting next_dagrun for update_db to 2025-12-17 15:00:00+00:00, run_after=2025-12-18 15:00:00+00:00
[2025-12-17T18:33:40.739+0000] {logging_mixin.py:188} INFO - [2025-12-17T18:33:40.739+0000] {dag.py:3954} INFO - Setting next_dagrun for youtube_video_stats to 2025-12-17 14:00:00+00:00, run_after=2025-12-18 14:00:00+00:00
[2025-12-17T18:33:40.759+0000] {processor.py:183} INFO - Processing /opt/airflow/dags/main.py took 0.167 seconds
[2025-12-17T18:34:10.819+0000] {processor.py:161} INFO - Started process (PID=178) to work on /opt/airflow/dags/main.py
[2025-12-17T18:34:10.821+0000] {processor.py:830} INFO - Processing file /opt/airflow/dags/main.py for tasks to queue
[2025-12-17T18:34:10.823+0000] {logging_mixin.py:188} INFO - [2025-12-17T18:34:10.823+0000] {dagbag.py:545} INFO - Filling up the DagBag from /opt/airflow/dags/main.py
[2025-12-17T18:34:10.906+0000] {processor.py:840} INFO - DAG(s) 'update_db', 'youtube_video_stats' retrieved from /opt/airflow/dags/main.py
[2025-12-17T18:34:10.945+0000] {logging_mixin.py:188} INFO - [2025-12-17T18:34:10.945+0000] {dag.py:3096} INFO - Sync 2 DAGs
[2025-12-17T18:34:10.973+0000] {logging_mixin.py:188} INFO - [2025-12-17T18:34:10.973+0000] {dag.py:3954} INFO - Setting next_dagrun for update_db to 2025-12-17 15:00:00+00:00, run_after=2025-12-18 15:00:00+00:00
[2025-12-17T18:34:10.979+0000] {logging_mixin.py:188} INFO - [2025-12-17T18:34:10.979+0000] {dag.py:3954} INFO - Setting next_dagrun for youtube_video_stats to 2025-12-17 14:00:00+00:00, run_after=2025-12-18 14:00:00+00:00
[2025-12-17T18:34:11.002+0000] {processor.py:183} INFO - Processing /opt/airflow/dags/main.py took 0.188 seconds
[2025-12-17T18:34:41.168+0000] {processor.py:161} INFO - Started process (PID=185) to work on /opt/airflow/dags/main.py
[2025-12-17T18:34:41.169+0000] {processor.py:830} INFO - Processing file /opt/airflow/dags/main.py for tasks to queue
[2025-12-17T18:34:41.172+0000] {logging_mixin.py:188} INFO - [2025-12-17T18:34:41.172+0000] {dagbag.py:545} INFO - Filling up the DagBag from /opt/airflow/dags/main.py
[2025-12-17T18:34:41.241+0000] {processor.py:840} INFO - DAG(s) 'update_db', 'youtube_video_stats' retrieved from /opt/airflow/dags/main.py
[2025-12-17T18:34:41.268+0000] {logging_mixin.py:188} INFO - [2025-12-17T18:34:41.268+0000] {dag.py:3096} INFO - Sync 2 DAGs
[2025-12-17T18:34:41.293+0000] {logging_mixin.py:188} INFO - [2025-12-17T18:34:41.293+0000] {dag.py:3954} INFO - Setting next_dagrun for update_db to 2025-12-17 15:00:00+00:00, run_after=2025-12-18 15:00:00+00:00
[2025-12-17T18:34:41.298+0000] {logging_mixin.py:188} INFO - [2025-12-17T18:34:41.298+0000] {dag.py:3954} INFO - Setting next_dagrun for youtube_video_stats to 2025-12-17 14:00:00+00:00, run_after=2025-12-18 14:00:00+00:00
[2025-12-17T18:34:41.320+0000] {processor.py:183} INFO - Processing /opt/airflow/dags/main.py took 0.157 seconds
[2025-12-17T18:35:11.386+0000] {processor.py:161} INFO - Started process (PID=192) to work on /opt/airflow/dags/main.py
[2025-12-17T18:35:11.387+0000] {processor.py:830} INFO - Processing file /opt/airflow/dags/main.py for tasks to queue
[2025-12-17T18:35:11.389+0000] {logging_mixin.py:188} INFO - [2025-12-17T18:35:11.389+0000] {dagbag.py:545} INFO - Filling up the DagBag from /opt/airflow/dags/main.py
[2025-12-17T18:35:11.465+0000] {processor.py:840} INFO - DAG(s) 'update_db', 'youtube_video_stats' retrieved from /opt/airflow/dags/main.py
[2025-12-17T18:35:11.498+0000] {logging_mixin.py:188} INFO - [2025-12-17T18:35:11.498+0000] {dag.py:3096} INFO - Sync 2 DAGs
[2025-12-17T18:35:11.522+0000] {logging_mixin.py:188} INFO - [2025-12-17T18:35:11.522+0000] {dag.py:3954} INFO - Setting next_dagrun for update_db to 2025-12-17 15:00:00+00:00, run_after=2025-12-18 15:00:00+00:00
[2025-12-17T18:35:11.527+0000] {logging_mixin.py:188} INFO - [2025-12-17T18:35:11.527+0000] {dag.py:3954} INFO - Setting next_dagrun for youtube_video_stats to 2025-12-17 14:00:00+00:00, run_after=2025-12-18 14:00:00+00:00
[2025-12-17T18:35:11.548+0000] {processor.py:183} INFO - Processing /opt/airflow/dags/main.py took 0.167 seconds
[2025-12-17T18:35:41.728+0000] {processor.py:161} INFO - Started process (PID=199) to work on /opt/airflow/dags/main.py
[2025-12-17T18:35:41.730+0000] {processor.py:830} INFO - Processing file /opt/airflow/dags/main.py for tasks to queue
[2025-12-17T18:35:41.731+0000] {logging_mixin.py:188} INFO - [2025-12-17T18:35:41.731+0000] {dagbag.py:545} INFO - Filling up the DagBag from /opt/airflow/dags/main.py
[2025-12-17T18:35:41.808+0000] {processor.py:840} INFO - DAG(s) 'update_db', 'youtube_video_stats' retrieved from /opt/airflow/dags/main.py
[2025-12-17T18:35:41.837+0000] {logging_mixin.py:188} INFO - [2025-12-17T18:35:41.837+0000] {dag.py:3096} INFO - Sync 2 DAGs
[2025-12-17T18:35:41.862+0000] {logging_mixin.py:188} INFO - [2025-12-17T18:35:41.861+0000] {dag.py:3954} INFO - Setting next_dagrun for update_db to 2025-12-17 15:00:00+00:00, run_after=2025-12-18 15:00:00+00:00
[2025-12-17T18:35:41.867+0000] {logging_mixin.py:188} INFO - [2025-12-17T18:35:41.866+0000] {dag.py:3954} INFO - Setting next_dagrun for youtube_video_stats to 2025-12-17 14:00:00+00:00, run_after=2025-12-18 14:00:00+00:00
[2025-12-17T18:35:41.890+0000] {processor.py:183} INFO - Processing /opt/airflow/dags/main.py took 0.168 seconds
[2025-12-17T18:36:12.101+0000] {processor.py:161} INFO - Started process (PID=206) to work on /opt/airflow/dags/main.py
[2025-12-17T18:36:12.102+0000] {processor.py:830} INFO - Processing file /opt/airflow/dags/main.py for tasks to queue
[2025-12-17T18:36:12.103+0000] {logging_mixin.py:188} INFO - [2025-12-17T18:36:12.103+0000] {dagbag.py:545} INFO - Filling up the DagBag from /opt/airflow/dags/main.py
[2025-12-17T18:36:12.174+0000] {processor.py:840} INFO - DAG(s) 'update_db', 'youtube_video_stats' retrieved from /opt/airflow/dags/main.py
[2025-12-17T18:36:12.200+0000] {logging_mixin.py:188} INFO - [2025-12-17T18:36:12.200+0000] {dag.py:3096} INFO - Sync 2 DAGs
[2025-12-17T18:36:12.220+0000] {logging_mixin.py:188} INFO - [2025-12-17T18:36:12.220+0000] {dag.py:3954} INFO - Setting next_dagrun for update_db to 2025-12-17 15:00:00+00:00, run_after=2025-12-18 15:00:00+00:00
[2025-12-17T18:36:12.225+0000] {logging_mixin.py:188} INFO - [2025-12-17T18:36:12.225+0000] {dag.py:3954} INFO - Setting next_dagrun for youtube_video_stats to 2025-12-17 14:00:00+00:00, run_after=2025-12-18 14:00:00+00:00
[2025-12-17T18:36:12.247+0000] {processor.py:183} INFO - Processing /opt/airflow/dags/main.py took 0.152 seconds
[2025-12-17T18:36:42.393+0000] {processor.py:161} INFO - Started process (PID=213) to work on /opt/airflow/dags/main.py
[2025-12-17T18:36:42.394+0000] {processor.py:830} INFO - Processing file /opt/airflow/dags/main.py for tasks to queue
[2025-12-17T18:36:42.396+0000] {logging_mixin.py:188} INFO - [2025-12-17T18:36:42.395+0000] {dagbag.py:545} INFO - Filling up the DagBag from /opt/airflow/dags/main.py
[2025-12-17T18:36:42.475+0000] {processor.py:840} INFO - DAG(s) 'youtube_video_stats', 'update_db' retrieved from /opt/airflow/dags/main.py
[2025-12-17T18:36:42.502+0000] {logging_mixin.py:188} INFO - [2025-12-17T18:36:42.502+0000] {dag.py:3096} INFO - Sync 2 DAGs
[2025-12-17T18:36:42.529+0000] {logging_mixin.py:188} INFO - [2025-12-17T18:36:42.529+0000] {dag.py:3954} INFO - Setting next_dagrun for update_db to 2025-12-17 15:00:00+00:00, run_after=2025-12-18 15:00:00+00:00
[2025-12-17T18:36:42.534+0000] {logging_mixin.py:188} INFO - [2025-12-17T18:36:42.534+0000] {dag.py:3954} INFO - Setting next_dagrun for youtube_video_stats to 2025-12-17 14:00:00+00:00, run_after=2025-12-18 14:00:00+00:00
[2025-12-17T18:36:42.559+0000] {processor.py:183} INFO - Processing /opt/airflow/dags/main.py took 0.171 seconds
[2025-12-17T18:37:12.628+0000] {processor.py:161} INFO - Started process (PID=220) to work on /opt/airflow/dags/main.py
[2025-12-17T18:37:12.629+0000] {processor.py:830} INFO - Processing file /opt/airflow/dags/main.py for tasks to queue
[2025-12-17T18:37:12.630+0000] {logging_mixin.py:188} INFO - [2025-12-17T18:37:12.630+0000] {dagbag.py:545} INFO - Filling up the DagBag from /opt/airflow/dags/main.py
[2025-12-17T18:37:12.708+0000] {processor.py:840} INFO - DAG(s) 'update_db', 'youtube_video_stats' retrieved from /opt/airflow/dags/main.py
[2025-12-17T18:37:12.734+0000] {logging_mixin.py:188} INFO - [2025-12-17T18:37:12.734+0000] {dag.py:3096} INFO - Sync 2 DAGs
[2025-12-17T18:37:12.755+0000] {logging_mixin.py:188} INFO - [2025-12-17T18:37:12.755+0000] {dag.py:3954} INFO - Setting next_dagrun for update_db to 2025-12-17 15:00:00+00:00, run_after=2025-12-18 15:00:00+00:00
[2025-12-17T18:37:12.760+0000] {logging_mixin.py:188} INFO - [2025-12-17T18:37:12.760+0000] {dag.py:3954} INFO - Setting next_dagrun for youtube_video_stats to 2025-12-17 14:00:00+00:00, run_after=2025-12-18 14:00:00+00:00
[2025-12-17T18:37:12.779+0000] {processor.py:183} INFO - Processing /opt/airflow/dags/main.py took 0.157 seconds
[2025-12-17T18:37:42.954+0000] {processor.py:161} INFO - Started process (PID=227) to work on /opt/airflow/dags/main.py
[2025-12-17T18:37:42.955+0000] {processor.py:830} INFO - Processing file /opt/airflow/dags/main.py for tasks to queue
[2025-12-17T18:37:42.957+0000] {logging_mixin.py:188} INFO - [2025-12-17T18:37:42.957+0000] {dagbag.py:545} INFO - Filling up the DagBag from /opt/airflow/dags/main.py
[2025-12-17T18:37:43.042+0000] {processor.py:840} INFO - DAG(s) 'update_db', 'youtube_video_stats' retrieved from /opt/airflow/dags/main.py
[2025-12-17T18:37:43.076+0000] {logging_mixin.py:188} INFO - [2025-12-17T18:37:43.075+0000] {dag.py:3096} INFO - Sync 2 DAGs
[2025-12-17T18:37:43.101+0000] {logging_mixin.py:188} INFO - [2025-12-17T18:37:43.101+0000] {dag.py:3954} INFO - Setting next_dagrun for update_db to 2025-12-17 15:00:00+00:00, run_after=2025-12-18 15:00:00+00:00
[2025-12-17T18:37:43.107+0000] {logging_mixin.py:188} INFO - [2025-12-17T18:37:43.107+0000] {dag.py:3954} INFO - Setting next_dagrun for youtube_video_stats to 2025-12-17 14:00:00+00:00, run_after=2025-12-18 14:00:00+00:00
[2025-12-17T18:37:43.121+0000] {processor.py:183} INFO - Processing /opt/airflow/dags/main.py took 0.172 seconds
[2025-12-17T18:38:13.180+0000] {processor.py:161} INFO - Started process (PID=234) to work on /opt/airflow/dags/main.py
[2025-12-17T18:38:13.185+0000] {processor.py:830} INFO - Processing file /opt/airflow/dags/main.py for tasks to queue
[2025-12-17T18:38:13.192+0000] {logging_mixin.py:188} INFO - [2025-12-17T18:38:13.191+0000] {dagbag.py:545} INFO - Filling up the DagBag from /opt/airflow/dags/main.py
[2025-12-17T18:38:13.293+0000] {processor.py:840} INFO - DAG(s) 'update_db', 'youtube_video_stats' retrieved from /opt/airflow/dags/main.py
[2025-12-17T18:38:13.324+0000] {logging_mixin.py:188} INFO - [2025-12-17T18:38:13.324+0000] {dag.py:3096} INFO - Sync 2 DAGs
[2025-12-17T18:38:13.348+0000] {logging_mixin.py:188} INFO - [2025-12-17T18:38:13.347+0000] {dag.py:3954} INFO - Setting next_dagrun for update_db to 2025-12-17 15:00:00+00:00, run_after=2025-12-18 15:00:00+00:00
[2025-12-17T18:38:13.352+0000] {logging_mixin.py:188} INFO - [2025-12-17T18:38:13.352+0000] {dag.py:3954} INFO - Setting next_dagrun for youtube_video_stats to 2025-12-17 14:00:00+00:00, run_after=2025-12-18 14:00:00+00:00
[2025-12-17T18:38:13.366+0000] {processor.py:183} INFO - Processing /opt/airflow/dags/main.py took 0.193 seconds
[2025-12-17T18:38:43.562+0000] {processor.py:161} INFO - Started process (PID=241) to work on /opt/airflow/dags/main.py
[2025-12-17T18:38:43.563+0000] {processor.py:830} INFO - Processing file /opt/airflow/dags/main.py for tasks to queue
[2025-12-17T18:38:43.568+0000] {logging_mixin.py:188} INFO - [2025-12-17T18:38:43.567+0000] {dagbag.py:545} INFO - Filling up the DagBag from /opt/airflow/dags/main.py
[2025-12-17T18:38:43.709+0000] {processor.py:840} INFO - DAG(s) 'update_db', 'youtube_video_stats' retrieved from /opt/airflow/dags/main.py
[2025-12-17T18:38:43.743+0000] {logging_mixin.py:188} INFO - [2025-12-17T18:38:43.742+0000] {dag.py:3096} INFO - Sync 2 DAGs
[2025-12-17T18:38:43.763+0000] {logging_mixin.py:188} INFO - [2025-12-17T18:38:43.763+0000] {dag.py:3954} INFO - Setting next_dagrun for update_db to 2025-12-17 15:00:00+00:00, run_after=2025-12-18 15:00:00+00:00
[2025-12-17T18:38:43.769+0000] {logging_mixin.py:188} INFO - [2025-12-17T18:38:43.769+0000] {dag.py:3954} INFO - Setting next_dagrun for youtube_video_stats to 2025-12-17 14:00:00+00:00, run_after=2025-12-18 14:00:00+00:00
[2025-12-17T18:38:43.793+0000] {processor.py:183} INFO - Processing /opt/airflow/dags/main.py took 0.244 seconds
[2025-12-17T18:44:00.150+0000] {processor.py:161} INFO - Started process (PID=242) to work on /opt/airflow/dags/main.py
[2025-12-17T18:44:00.155+0000] {processor.py:830} INFO - Processing file /opt/airflow/dags/main.py for tasks to queue
[2025-12-17T18:44:00.160+0000] {logging_mixin.py:188} INFO - [2025-12-17T18:44:00.159+0000] {dagbag.py:545} INFO - Filling up the DagBag from /opt/airflow/dags/main.py
[2025-12-17T18:44:00.481+0000] {processor.py:840} INFO - DAG(s) 'update_db', 'youtube_video_stats' retrieved from /opt/airflow/dags/main.py
[2025-12-17T18:44:00.545+0000] {logging_mixin.py:188} INFO - [2025-12-17T18:44:00.545+0000] {dag.py:3096} INFO - Sync 2 DAGs
[2025-12-17T18:44:00.597+0000] {logging_mixin.py:188} INFO - [2025-12-17T18:44:00.597+0000] {dag.py:3954} INFO - Setting next_dagrun for update_db to 2025-12-17 15:00:00+00:00, run_after=2025-12-18 15:00:00+00:00
[2025-12-17T18:44:00.624+0000] {logging_mixin.py:188} INFO - [2025-12-17T18:44:00.624+0000] {dag.py:3954} INFO - Setting next_dagrun for youtube_video_stats to 2025-12-17 14:00:00+00:00, run_after=2025-12-18 14:00:00+00:00
[2025-12-17T18:44:00.675+0000] {processor.py:183} INFO - Processing /opt/airflow/dags/main.py took 0.542 seconds
[2025-12-17T18:44:30.974+0000] {processor.py:161} INFO - Started process (PID=249) to work on /opt/airflow/dags/main.py
[2025-12-17T18:44:30.978+0000] {processor.py:830} INFO - Processing file /opt/airflow/dags/main.py for tasks to queue
[2025-12-17T18:44:30.980+0000] {logging_mixin.py:188} INFO - [2025-12-17T18:44:30.979+0000] {dagbag.py:545} INFO - Filling up the DagBag from /opt/airflow/dags/main.py
[2025-12-17T18:44:31.080+0000] {processor.py:840} INFO - DAG(s) 'update_db', 'youtube_video_stats' retrieved from /opt/airflow/dags/main.py
[2025-12-17T18:44:31.116+0000] {logging_mixin.py:188} INFO - [2025-12-17T18:44:31.116+0000] {dag.py:3096} INFO - Sync 2 DAGs
[2025-12-17T18:44:31.138+0000] {logging_mixin.py:188} INFO - [2025-12-17T18:44:31.138+0000] {dag.py:3954} INFO - Setting next_dagrun for update_db to 2025-12-17 15:00:00+00:00, run_after=2025-12-18 15:00:00+00:00
[2025-12-17T18:44:31.144+0000] {logging_mixin.py:188} INFO - [2025-12-17T18:44:31.144+0000] {dag.py:3954} INFO - Setting next_dagrun for youtube_video_stats to 2025-12-17 14:00:00+00:00, run_after=2025-12-18 14:00:00+00:00
[2025-12-17T18:44:31.165+0000] {processor.py:183} INFO - Processing /opt/airflow/dags/main.py took 0.198 seconds
[2025-12-17T18:45:01.600+0000] {processor.py:161} INFO - Started process (PID=256) to work on /opt/airflow/dags/main.py
[2025-12-17T18:45:01.602+0000] {processor.py:830} INFO - Processing file /opt/airflow/dags/main.py for tasks to queue
[2025-12-17T18:45:01.605+0000] {logging_mixin.py:188} INFO - [2025-12-17T18:45:01.605+0000] {dagbag.py:545} INFO - Filling up the DagBag from /opt/airflow/dags/main.py
[2025-12-17T18:45:01.739+0000] {processor.py:840} INFO - DAG(s) 'youtube_video_stats', 'update_db' retrieved from /opt/airflow/dags/main.py
[2025-12-17T18:45:01.778+0000] {logging_mixin.py:188} INFO - [2025-12-17T18:45:01.778+0000] {dag.py:3096} INFO - Sync 2 DAGs
[2025-12-17T18:45:01.813+0000] {logging_mixin.py:188} INFO - [2025-12-17T18:45:01.813+0000] {dag.py:3954} INFO - Setting next_dagrun for update_db to 2025-12-17 15:00:00+00:00, run_after=2025-12-18 15:00:00+00:00
[2025-12-17T18:45:01.820+0000] {logging_mixin.py:188} INFO - [2025-12-17T18:45:01.820+0000] {dag.py:3954} INFO - Setting next_dagrun for youtube_video_stats to 2025-12-17 14:00:00+00:00, run_after=2025-12-18 14:00:00+00:00
[2025-12-17T18:45:01.845+0000] {processor.py:183} INFO - Processing /opt/airflow/dags/main.py took 0.253 seconds
[2025-12-17T18:45:35.971+0000] {processor.py:161} INFO - Started process (PID=263) to work on /opt/airflow/dags/main.py
[2025-12-17T18:45:37.121+0000] {processor.py:830} INFO - Processing file /opt/airflow/dags/main.py for tasks to queue
[2025-12-17T18:45:37.127+0000] {logging_mixin.py:188} INFO - [2025-12-17T18:45:37.126+0000] {dagbag.py:545} INFO - Filling up the DagBag from /opt/airflow/dags/main.py
[2025-12-17T18:45:42.872+0000] {processor.py:840} INFO - DAG(s) 'youtube_video_stats', 'update_db' retrieved from /opt/airflow/dags/main.py
[2025-12-17T18:45:43.049+0000] {logging_mixin.py:188} INFO - [2025-12-17T18:45:43.048+0000] {dag.py:3096} INFO - Sync 2 DAGs
[2025-12-17T18:45:43.198+0000] {logging_mixin.py:188} INFO - [2025-12-17T18:45:43.197+0000] {dag.py:3954} INFO - Setting next_dagrun for update_db to 2025-12-17 15:00:00+00:00, run_after=2025-12-18 15:00:00+00:00
[2025-12-17T18:45:43.221+0000] {logging_mixin.py:188} INFO - [2025-12-17T18:45:43.221+0000] {dag.py:3954} INFO - Setting next_dagrun for youtube_video_stats to 2025-12-17 14:00:00+00:00, run_after=2025-12-18 14:00:00+00:00
[2025-12-17T18:45:43.301+0000] {processor.py:183} INFO - Processing /opt/airflow/dags/main.py took 7.346 seconds
[2025-12-17T18:46:14.218+0000] {processor.py:161} INFO - Started process (PID=277) to work on /opt/airflow/dags/main.py
[2025-12-17T18:46:14.220+0000] {processor.py:830} INFO - Processing file /opt/airflow/dags/main.py for tasks to queue
[2025-12-17T18:46:14.223+0000] {logging_mixin.py:188} INFO - [2025-12-17T18:46:14.223+0000] {dagbag.py:545} INFO - Filling up the DagBag from /opt/airflow/dags/main.py
[2025-12-17T18:46:14.386+0000] {processor.py:840} INFO - DAG(s) 'update_db', 'youtube_video_stats' retrieved from /opt/airflow/dags/main.py
[2025-12-17T18:46:14.466+0000] {logging_mixin.py:188} INFO - [2025-12-17T18:46:14.466+0000] {dag.py:3096} INFO - Sync 2 DAGs
[2025-12-17T18:46:14.497+0000] {logging_mixin.py:188} INFO - [2025-12-17T18:46:14.497+0000] {dag.py:3954} INFO - Setting next_dagrun for update_db to 2025-12-17 15:00:00+00:00, run_after=2025-12-18 15:00:00+00:00
[2025-12-17T18:46:14.508+0000] {logging_mixin.py:188} INFO - [2025-12-17T18:46:14.508+0000] {dag.py:3954} INFO - Setting next_dagrun for youtube_video_stats to 2025-12-17 14:00:00+00:00, run_after=2025-12-18 14:00:00+00:00
[2025-12-17T18:46:16.127+0000] {processor.py:183} INFO - Processing /opt/airflow/dags/main.py took 1.917 seconds
[2025-12-17T18:46:46.914+0000] {processor.py:161} INFO - Started process (PID=284) to work on /opt/airflow/dags/main.py
[2025-12-17T18:46:46.915+0000] {processor.py:830} INFO - Processing file /opt/airflow/dags/main.py for tasks to queue
[2025-12-17T18:46:46.917+0000] {logging_mixin.py:188} INFO - [2025-12-17T18:46:46.917+0000] {dagbag.py:545} INFO - Filling up the DagBag from /opt/airflow/dags/main.py
[2025-12-17T18:46:47.292+0000] {processor.py:840} INFO - DAG(s) 'update_db', 'youtube_video_stats' retrieved from /opt/airflow/dags/main.py
[2025-12-17T18:46:47.352+0000] {logging_mixin.py:188} INFO - [2025-12-17T18:46:47.351+0000] {dag.py:3096} INFO - Sync 2 DAGs
[2025-12-17T18:46:47.384+0000] {logging_mixin.py:188} INFO - [2025-12-17T18:46:47.384+0000] {dag.py:3954} INFO - Setting next_dagrun for update_db to 2025-12-17 15:00:00+00:00, run_after=2025-12-18 15:00:00+00:00
[2025-12-17T18:46:47.391+0000] {logging_mixin.py:188} INFO - [2025-12-17T18:46:47.391+0000] {dag.py:3954} INFO - Setting next_dagrun for youtube_video_stats to 2025-12-17 14:00:00+00:00, run_after=2025-12-18 14:00:00+00:00
[2025-12-17T18:46:47.915+0000] {processor.py:183} INFO - Processing /opt/airflow/dags/main.py took 1.007 seconds
[2025-12-17T18:47:18.120+0000] {processor.py:161} INFO - Started process (PID=291) to work on /opt/airflow/dags/main.py
[2025-12-17T18:47:18.121+0000] {processor.py:830} INFO - Processing file /opt/airflow/dags/main.py for tasks to queue
[2025-12-17T18:47:18.123+0000] {logging_mixin.py:188} INFO - [2025-12-17T18:47:18.122+0000] {dagbag.py:545} INFO - Filling up the DagBag from /opt/airflow/dags/main.py
[2025-12-17T18:47:18.225+0000] {processor.py:840} INFO - DAG(s) 'update_db', 'youtube_video_stats' retrieved from /opt/airflow/dags/main.py
[2025-12-17T18:47:18.262+0000] {logging_mixin.py:188} INFO - [2025-12-17T18:47:18.262+0000] {dag.py:3096} INFO - Sync 2 DAGs
[2025-12-17T18:47:18.288+0000] {logging_mixin.py:188} INFO - [2025-12-17T18:47:18.288+0000] {dag.py:3954} INFO - Setting next_dagrun for update_db to 2025-12-17 15:00:00+00:00, run_after=2025-12-18 15:00:00+00:00
[2025-12-17T18:47:18.294+0000] {logging_mixin.py:188} INFO - [2025-12-17T18:47:18.294+0000] {dag.py:3954} INFO - Setting next_dagrun for youtube_video_stats to 2025-12-17 14:00:00+00:00, run_after=2025-12-18 14:00:00+00:00
[2025-12-17T18:47:18.319+0000] {processor.py:183} INFO - Processing /opt/airflow/dags/main.py took 0.206 seconds
[2025-12-17T18:47:48.509+0000] {processor.py:161} INFO - Started process (PID=299) to work on /opt/airflow/dags/main.py
[2025-12-17T18:47:48.510+0000] {processor.py:830} INFO - Processing file /opt/airflow/dags/main.py for tasks to queue
[2025-12-17T18:47:48.513+0000] {logging_mixin.py:188} INFO - [2025-12-17T18:47:48.513+0000] {dagbag.py:545} INFO - Filling up the DagBag from /opt/airflow/dags/main.py
[2025-12-17T18:47:48.607+0000] {processor.py:840} INFO - DAG(s) 'youtube_video_stats', 'update_db' retrieved from /opt/airflow/dags/main.py
[2025-12-17T18:47:48.639+0000] {logging_mixin.py:188} INFO - [2025-12-17T18:47:48.639+0000] {dag.py:3096} INFO - Sync 2 DAGs
[2025-12-17T18:47:48.663+0000] {logging_mixin.py:188} INFO - [2025-12-17T18:47:48.662+0000] {dag.py:3954} INFO - Setting next_dagrun for update_db to 2025-12-17 15:00:00+00:00, run_after=2025-12-18 15:00:00+00:00
[2025-12-17T18:47:48.668+0000] {logging_mixin.py:188} INFO - [2025-12-17T18:47:48.668+0000] {dag.py:3954} INFO - Setting next_dagrun for youtube_video_stats to 2025-12-17 14:00:00+00:00, run_after=2025-12-18 14:00:00+00:00
[2025-12-17T18:47:48.689+0000] {processor.py:183} INFO - Processing /opt/airflow/dags/main.py took 0.187 seconds
[2025-12-17T18:48:18.881+0000] {processor.py:161} INFO - Started process (PID=306) to work on /opt/airflow/dags/main.py
[2025-12-17T18:48:18.882+0000] {processor.py:830} INFO - Processing file /opt/airflow/dags/main.py for tasks to queue
[2025-12-17T18:48:18.884+0000] {logging_mixin.py:188} INFO - [2025-12-17T18:48:18.884+0000] {dagbag.py:545} INFO - Filling up the DagBag from /opt/airflow/dags/main.py
[2025-12-17T18:48:18.987+0000] {processor.py:840} INFO - DAG(s) 'update_db', 'youtube_video_stats' retrieved from /opt/airflow/dags/main.py
[2025-12-17T18:48:19.021+0000] {logging_mixin.py:188} INFO - [2025-12-17T18:48:19.020+0000] {dag.py:3096} INFO - Sync 2 DAGs
[2025-12-17T18:48:19.046+0000] {logging_mixin.py:188} INFO - [2025-12-17T18:48:19.046+0000] {dag.py:3954} INFO - Setting next_dagrun for update_db to 2025-12-17 15:00:00+00:00, run_after=2025-12-18 15:00:00+00:00
[2025-12-17T18:48:19.052+0000] {logging_mixin.py:188} INFO - [2025-12-17T18:48:19.052+0000] {dag.py:3954} INFO - Setting next_dagrun for youtube_video_stats to 2025-12-17 14:00:00+00:00, run_after=2025-12-18 14:00:00+00:00
[2025-12-17T18:48:19.078+0000] {processor.py:183} INFO - Processing /opt/airflow/dags/main.py took 0.204 seconds
[2025-12-17T18:48:49.279+0000] {processor.py:161} INFO - Started process (PID=313) to work on /opt/airflow/dags/main.py
[2025-12-17T18:48:49.280+0000] {processor.py:830} INFO - Processing file /opt/airflow/dags/main.py for tasks to queue
[2025-12-17T18:48:49.283+0000] {logging_mixin.py:188} INFO - [2025-12-17T18:48:49.282+0000] {dagbag.py:545} INFO - Filling up the DagBag from /opt/airflow/dags/main.py
[2025-12-17T18:48:49.406+0000] {processor.py:840} INFO - DAG(s) 'update_db', 'youtube_video_stats' retrieved from /opt/airflow/dags/main.py
[2025-12-17T18:48:49.452+0000] {logging_mixin.py:188} INFO - [2025-12-17T18:48:49.452+0000] {dag.py:3096} INFO - Sync 2 DAGs
[2025-12-17T18:48:49.479+0000] {logging_mixin.py:188} INFO - [2025-12-17T18:48:49.478+0000] {dag.py:3954} INFO - Setting next_dagrun for update_db to 2025-12-17 15:00:00+00:00, run_after=2025-12-18 15:00:00+00:00
[2025-12-17T18:48:49.485+0000] {logging_mixin.py:188} INFO - [2025-12-17T18:48:49.485+0000] {dag.py:3954} INFO - Setting next_dagrun for youtube_video_stats to 2025-12-17 14:00:00+00:00, run_after=2025-12-18 14:00:00+00:00
[2025-12-17T18:48:49.512+0000] {processor.py:183} INFO - Processing /opt/airflow/dags/main.py took 0.241 seconds
[2025-12-17T18:49:19.887+0000] {processor.py:161} INFO - Started process (PID=320) to work on /opt/airflow/dags/main.py
[2025-12-17T18:49:19.897+0000] {processor.py:830} INFO - Processing file /opt/airflow/dags/main.py for tasks to queue
[2025-12-17T18:49:19.904+0000] {logging_mixin.py:188} INFO - [2025-12-17T18:49:19.901+0000] {dagbag.py:545} INFO - Filling up the DagBag from /opt/airflow/dags/main.py
[2025-12-17T18:49:20.157+0000] {processor.py:840} INFO - DAG(s) 'youtube_video_stats', 'update_db' retrieved from /opt/airflow/dags/main.py
[2025-12-17T18:49:20.206+0000] {logging_mixin.py:188} INFO - [2025-12-17T18:49:20.206+0000] {dag.py:3096} INFO - Sync 2 DAGs
[2025-12-17T18:49:20.265+0000] {logging_mixin.py:188} INFO - [2025-12-17T18:49:20.265+0000] {dag.py:3954} INFO - Setting next_dagrun for update_db to 2025-12-17 15:00:00+00:00, run_after=2025-12-18 15:00:00+00:00
[2025-12-17T18:49:20.276+0000] {logging_mixin.py:188} INFO - [2025-12-17T18:49:20.276+0000] {dag.py:3954} INFO - Setting next_dagrun for youtube_video_stats to 2025-12-17 14:00:00+00:00, run_after=2025-12-18 14:00:00+00:00
[2025-12-17T18:49:20.303+0000] {processor.py:183} INFO - Processing /opt/airflow/dags/main.py took 0.425 seconds
[2025-12-17T18:49:50.506+0000] {processor.py:161} INFO - Started process (PID=327) to work on /opt/airflow/dags/main.py
[2025-12-17T18:49:50.507+0000] {processor.py:830} INFO - Processing file /opt/airflow/dags/main.py for tasks to queue
[2025-12-17T18:49:50.510+0000] {logging_mixin.py:188} INFO - [2025-12-17T18:49:50.509+0000] {dagbag.py:545} INFO - Filling up the DagBag from /opt/airflow/dags/main.py
[2025-12-17T18:49:50.582+0000] {processor.py:840} INFO - DAG(s) 'update_db', 'youtube_video_stats' retrieved from /opt/airflow/dags/main.py
[2025-12-17T18:49:50.610+0000] {logging_mixin.py:188} INFO - [2025-12-17T18:49:50.610+0000] {dag.py:3096} INFO - Sync 2 DAGs
[2025-12-17T18:49:50.630+0000] {logging_mixin.py:188} INFO - [2025-12-17T18:49:50.629+0000] {dag.py:3954} INFO - Setting next_dagrun for update_db to 2025-12-17 15:00:00+00:00, run_after=2025-12-18 15:00:00+00:00
[2025-12-17T18:49:50.635+0000] {logging_mixin.py:188} INFO - [2025-12-17T18:49:50.634+0000] {dag.py:3954} INFO - Setting next_dagrun for youtube_video_stats to 2025-12-17 14:00:00+00:00, run_after=2025-12-18 14:00:00+00:00
[2025-12-17T18:49:50.653+0000] {processor.py:183} INFO - Processing /opt/airflow/dags/main.py took 0.152 seconds
[2025-12-17T18:50:20.703+0000] {processor.py:161} INFO - Started process (PID=334) to work on /opt/airflow/dags/main.py
[2025-12-17T18:50:20.704+0000] {processor.py:830} INFO - Processing file /opt/airflow/dags/main.py for tasks to queue
[2025-12-17T18:50:20.705+0000] {logging_mixin.py:188} INFO - [2025-12-17T18:50:20.705+0000] {dagbag.py:545} INFO - Filling up the DagBag from /opt/airflow/dags/main.py
[2025-12-17T18:50:20.773+0000] {processor.py:840} INFO - DAG(s) 'youtube_video_stats', 'update_db' retrieved from /opt/airflow/dags/main.py
[2025-12-17T18:50:20.816+0000] {logging_mixin.py:188} INFO - [2025-12-17T18:50:20.816+0000] {dag.py:3096} INFO - Sync 2 DAGs
[2025-12-17T18:50:20.848+0000] {logging_mixin.py:188} INFO - [2025-12-17T18:50:20.848+0000] {dag.py:3954} INFO - Setting next_dagrun for update_db to 2025-12-17 15:00:00+00:00, run_after=2025-12-18 15:00:00+00:00
[2025-12-17T18:50:20.861+0000] {logging_mixin.py:188} INFO - [2025-12-17T18:50:20.860+0000] {dag.py:3954} INFO - Setting next_dagrun for youtube_video_stats to 2025-12-17 14:00:00+00:00, run_after=2025-12-18 14:00:00+00:00
[2025-12-17T18:50:20.881+0000] {processor.py:183} INFO - Processing /opt/airflow/dags/main.py took 0.184 seconds
[2025-12-17T18:50:51.033+0000] {processor.py:161} INFO - Started process (PID=341) to work on /opt/airflow/dags/main.py
[2025-12-17T18:50:51.034+0000] {processor.py:830} INFO - Processing file /opt/airflow/dags/main.py for tasks to queue
[2025-12-17T18:50:51.036+0000] {logging_mixin.py:188} INFO - [2025-12-17T18:50:51.035+0000] {dagbag.py:545} INFO - Filling up the DagBag from /opt/airflow/dags/main.py
[2025-12-17T18:50:51.108+0000] {processor.py:840} INFO - DAG(s) 'update_db', 'youtube_video_stats' retrieved from /opt/airflow/dags/main.py
[2025-12-17T18:50:51.135+0000] {logging_mixin.py:188} INFO - [2025-12-17T18:50:51.135+0000] {dag.py:3096} INFO - Sync 2 DAGs
[2025-12-17T18:50:51.155+0000] {logging_mixin.py:188} INFO - [2025-12-17T18:50:51.155+0000] {dag.py:3954} INFO - Setting next_dagrun for update_db to 2025-12-17 15:00:00+00:00, run_after=2025-12-18 15:00:00+00:00
[2025-12-17T18:50:51.160+0000] {logging_mixin.py:188} INFO - [2025-12-17T18:50:51.160+0000] {dag.py:3954} INFO - Setting next_dagrun for youtube_video_stats to 2025-12-17 14:00:00+00:00, run_after=2025-12-18 14:00:00+00:00
[2025-12-17T18:50:51.181+0000] {processor.py:183} INFO - Processing /opt/airflow/dags/main.py took 0.154 seconds
[2025-12-17T18:51:21.251+0000] {processor.py:161} INFO - Started process (PID=348) to work on /opt/airflow/dags/main.py
[2025-12-17T18:51:21.253+0000] {processor.py:830} INFO - Processing file /opt/airflow/dags/main.py for tasks to queue
[2025-12-17T18:51:21.255+0000] {logging_mixin.py:188} INFO - [2025-12-17T18:51:21.255+0000] {dagbag.py:545} INFO - Filling up the DagBag from /opt/airflow/dags/main.py
[2025-12-17T18:51:21.354+0000] {processor.py:840} INFO - DAG(s) 'youtube_video_stats', 'update_db' retrieved from /opt/airflow/dags/main.py
[2025-12-17T18:51:21.386+0000] {logging_mixin.py:188} INFO - [2025-12-17T18:51:21.385+0000] {dag.py:3096} INFO - Sync 2 DAGs
[2025-12-17T18:51:21.412+0000] {logging_mixin.py:188} INFO - [2025-12-17T18:51:21.412+0000] {dag.py:3954} INFO - Setting next_dagrun for update_db to 2025-12-17 15:00:00+00:00, run_after=2025-12-18 15:00:00+00:00
[2025-12-17T18:51:21.419+0000] {logging_mixin.py:188} INFO - [2025-12-17T18:51:21.419+0000] {dag.py:3954} INFO - Setting next_dagrun for youtube_video_stats to 2025-12-17 14:00:00+00:00, run_after=2025-12-18 14:00:00+00:00
[2025-12-17T18:51:21.443+0000] {processor.py:183} INFO - Processing /opt/airflow/dags/main.py took 0.197 seconds
[2025-12-17T18:51:51.537+0000] {processor.py:161} INFO - Started process (PID=355) to work on /opt/airflow/dags/main.py
[2025-12-17T18:51:51.538+0000] {processor.py:830} INFO - Processing file /opt/airflow/dags/main.py for tasks to queue
[2025-12-17T18:51:51.540+0000] {logging_mixin.py:188} INFO - [2025-12-17T18:51:51.539+0000] {dagbag.py:545} INFO - Filling up the DagBag from /opt/airflow/dags/main.py
[2025-12-17T18:51:51.636+0000] {processor.py:840} INFO - DAG(s) 'youtube_video_stats', 'update_db' retrieved from /opt/airflow/dags/main.py
[2025-12-17T18:51:51.666+0000] {logging_mixin.py:188} INFO - [2025-12-17T18:51:51.665+0000] {dag.py:3096} INFO - Sync 2 DAGs
[2025-12-17T18:51:51.685+0000] {logging_mixin.py:188} INFO - [2025-12-17T18:51:51.685+0000] {dag.py:3954} INFO - Setting next_dagrun for update_db to 2025-12-17 15:00:00+00:00, run_after=2025-12-18 15:00:00+00:00
[2025-12-17T18:51:51.690+0000] {logging_mixin.py:188} INFO - [2025-12-17T18:51:51.690+0000] {dag.py:3954} INFO - Setting next_dagrun for youtube_video_stats to 2025-12-17 14:00:00+00:00, run_after=2025-12-18 14:00:00+00:00
[2025-12-17T18:51:51.710+0000] {processor.py:183} INFO - Processing /opt/airflow/dags/main.py took 0.178 seconds
[2025-12-17T18:52:21.911+0000] {processor.py:161} INFO - Started process (PID=362) to work on /opt/airflow/dags/main.py
[2025-12-17T18:52:21.912+0000] {processor.py:830} INFO - Processing file /opt/airflow/dags/main.py for tasks to queue
[2025-12-17T18:52:21.914+0000] {logging_mixin.py:188} INFO - [2025-12-17T18:52:21.914+0000] {dagbag.py:545} INFO - Filling up the DagBag from /opt/airflow/dags/main.py
[2025-12-17T18:52:21.988+0000] {processor.py:840} INFO - DAG(s) 'update_db', 'youtube_video_stats' retrieved from /opt/airflow/dags/main.py
[2025-12-17T18:52:22.016+0000] {logging_mixin.py:188} INFO - [2025-12-17T18:52:22.015+0000] {dag.py:3096} INFO - Sync 2 DAGs
[2025-12-17T18:52:22.035+0000] {logging_mixin.py:188} INFO - [2025-12-17T18:52:22.035+0000] {dag.py:3954} INFO - Setting next_dagrun for update_db to 2025-12-17 15:00:00+00:00, run_after=2025-12-18 15:00:00+00:00
[2025-12-17T18:52:22.040+0000] {logging_mixin.py:188} INFO - [2025-12-17T18:52:22.040+0000] {dag.py:3954} INFO - Setting next_dagrun for youtube_video_stats to 2025-12-17 14:00:00+00:00, run_after=2025-12-18 14:00:00+00:00
[2025-12-17T18:52:22.056+0000] {processor.py:183} INFO - Processing /opt/airflow/dags/main.py took 0.149 seconds
[2025-12-17T18:52:52.122+0000] {processor.py:161} INFO - Started process (PID=369) to work on /opt/airflow/dags/main.py
[2025-12-17T18:52:52.123+0000] {processor.py:830} INFO - Processing file /opt/airflow/dags/main.py for tasks to queue
[2025-12-17T18:52:52.128+0000] {logging_mixin.py:188} INFO - [2025-12-17T18:52:52.128+0000] {dagbag.py:545} INFO - Filling up the DagBag from /opt/airflow/dags/main.py
[2025-12-17T18:52:52.244+0000] {processor.py:840} INFO - DAG(s) 'update_db', 'youtube_video_stats' retrieved from /opt/airflow/dags/main.py
[2025-12-17T18:52:52.285+0000] {logging_mixin.py:188} INFO - [2025-12-17T18:52:52.285+0000] {dag.py:3096} INFO - Sync 2 DAGs
[2025-12-17T18:52:52.315+0000] {logging_mixin.py:188} INFO - [2025-12-17T18:52:52.315+0000] {dag.py:3954} INFO - Setting next_dagrun for update_db to 2025-12-17 15:00:00+00:00, run_after=2025-12-18 15:00:00+00:00
[2025-12-17T18:52:52.323+0000] {logging_mixin.py:188} INFO - [2025-12-17T18:52:52.323+0000] {dag.py:3954} INFO - Setting next_dagrun for youtube_video_stats to 2025-12-17 14:00:00+00:00, run_after=2025-12-18 14:00:00+00:00
[2025-12-17T18:52:52.348+0000] {processor.py:183} INFO - Processing /opt/airflow/dags/main.py took 0.233 seconds
[2025-12-17T18:53:22.449+0000] {processor.py:161} INFO - Started process (PID=376) to work on /opt/airflow/dags/main.py
[2025-12-17T18:53:22.453+0000] {processor.py:830} INFO - Processing file /opt/airflow/dags/main.py for tasks to queue
[2025-12-17T18:53:22.457+0000] {logging_mixin.py:188} INFO - [2025-12-17T18:53:22.457+0000] {dagbag.py:545} INFO - Filling up the DagBag from /opt/airflow/dags/main.py
[2025-12-17T18:53:22.599+0000] {processor.py:840} INFO - DAG(s) 'youtube_video_stats', 'update_db' retrieved from /opt/airflow/dags/main.py
[2025-12-17T18:53:22.657+0000] {logging_mixin.py:188} INFO - [2025-12-17T18:53:22.656+0000] {dag.py:3096} INFO - Sync 2 DAGs
[2025-12-17T18:53:22.698+0000] {logging_mixin.py:188} INFO - [2025-12-17T18:53:22.698+0000] {dag.py:3954} INFO - Setting next_dagrun for update_db to 2025-12-17 15:00:00+00:00, run_after=2025-12-18 15:00:00+00:00
[2025-12-17T18:53:22.710+0000] {logging_mixin.py:188} INFO - [2025-12-17T18:53:22.710+0000] {dag.py:3954} INFO - Setting next_dagrun for youtube_video_stats to 2025-12-17 14:00:00+00:00, run_after=2025-12-18 14:00:00+00:00
[2025-12-17T18:53:22.737+0000] {processor.py:183} INFO - Processing /opt/airflow/dags/main.py took 0.297 seconds
[2025-12-17T18:53:52.789+0000] {processor.py:161} INFO - Started process (PID=383) to work on /opt/airflow/dags/main.py
[2025-12-17T18:53:52.791+0000] {processor.py:830} INFO - Processing file /opt/airflow/dags/main.py for tasks to queue
[2025-12-17T18:53:52.794+0000] {logging_mixin.py:188} INFO - [2025-12-17T18:53:52.794+0000] {dagbag.py:545} INFO - Filling up the DagBag from /opt/airflow/dags/main.py
[2025-12-17T18:53:52.893+0000] {processor.py:840} INFO - DAG(s) 'update_db', 'youtube_video_stats' retrieved from /opt/airflow/dags/main.py
[2025-12-17T18:53:52.925+0000] {logging_mixin.py:188} INFO - [2025-12-17T18:53:52.924+0000] {dag.py:3096} INFO - Sync 2 DAGs
[2025-12-17T18:53:52.959+0000] {logging_mixin.py:188} INFO - [2025-12-17T18:53:52.959+0000] {dag.py:3954} INFO - Setting next_dagrun for update_db to 2025-12-17 15:00:00+00:00, run_after=2025-12-18 15:00:00+00:00
[2025-12-17T18:53:52.966+0000] {logging_mixin.py:188} INFO - [2025-12-17T18:53:52.965+0000] {dag.py:3954} INFO - Setting next_dagrun for youtube_video_stats to 2025-12-17 14:00:00+00:00, run_after=2025-12-18 14:00:00+00:00
[2025-12-17T18:53:52.986+0000] {processor.py:183} INFO - Processing /opt/airflow/dags/main.py took 0.203 seconds
[2025-12-17T18:54:23.260+0000] {processor.py:161} INFO - Started process (PID=390) to work on /opt/airflow/dags/main.py
[2025-12-17T18:54:23.261+0000] {processor.py:830} INFO - Processing file /opt/airflow/dags/main.py for tasks to queue
[2025-12-17T18:54:23.264+0000] {logging_mixin.py:188} INFO - [2025-12-17T18:54:23.263+0000] {dagbag.py:545} INFO - Filling up the DagBag from /opt/airflow/dags/main.py
[2025-12-17T18:54:23.365+0000] {processor.py:840} INFO - DAG(s) 'youtube_video_stats', 'update_db' retrieved from /opt/airflow/dags/main.py
[2025-12-17T18:54:23.404+0000] {logging_mixin.py:188} INFO - [2025-12-17T18:54:23.403+0000] {dag.py:3096} INFO - Sync 2 DAGs
[2025-12-17T18:54:23.436+0000] {logging_mixin.py:188} INFO - [2025-12-17T18:54:23.435+0000] {dag.py:3954} INFO - Setting next_dagrun for update_db to 2025-12-17 15:00:00+00:00, run_after=2025-12-18 15:00:00+00:00
[2025-12-17T18:54:23.442+0000] {logging_mixin.py:188} INFO - [2025-12-17T18:54:23.442+0000] {dag.py:3954} INFO - Setting next_dagrun for youtube_video_stats to 2025-12-17 14:00:00+00:00, run_after=2025-12-18 14:00:00+00:00
[2025-12-17T18:54:23.468+0000] {processor.py:183} INFO - Processing /opt/airflow/dags/main.py took 0.216 seconds
[2025-12-17T18:54:53.658+0000] {processor.py:161} INFO - Started process (PID=397) to work on /opt/airflow/dags/main.py
[2025-12-17T18:54:53.659+0000] {processor.py:830} INFO - Processing file /opt/airflow/dags/main.py for tasks to queue
[2025-12-17T18:54:53.660+0000] {logging_mixin.py:188} INFO - [2025-12-17T18:54:53.660+0000] {dagbag.py:545} INFO - Filling up the DagBag from /opt/airflow/dags/main.py
[2025-12-17T18:54:53.749+0000] {processor.py:840} INFO - DAG(s) 'youtube_video_stats', 'update_db' retrieved from /opt/airflow/dags/main.py
[2025-12-17T18:54:53.781+0000] {logging_mixin.py:188} INFO - [2025-12-17T18:54:53.781+0000] {dag.py:3096} INFO - Sync 2 DAGs
[2025-12-17T18:54:53.804+0000] {logging_mixin.py:188} INFO - [2025-12-17T18:54:53.804+0000] {dag.py:3954} INFO - Setting next_dagrun for update_db to 2025-12-17 15:00:00+00:00, run_after=2025-12-18 15:00:00+00:00
[2025-12-17T18:54:53.810+0000] {logging_mixin.py:188} INFO - [2025-12-17T18:54:53.810+0000] {dag.py:3954} INFO - Setting next_dagrun for youtube_video_stats to 2025-12-17 14:00:00+00:00, run_after=2025-12-18 14:00:00+00:00
[2025-12-17T18:54:53.830+0000] {processor.py:183} INFO - Processing /opt/airflow/dags/main.py took 0.178 seconds
[2025-12-17T18:55:24.059+0000] {processor.py:161} INFO - Started process (PID=404) to work on /opt/airflow/dags/main.py
[2025-12-17T18:55:24.060+0000] {processor.py:830} INFO - Processing file /opt/airflow/dags/main.py for tasks to queue
[2025-12-17T18:55:24.063+0000] {logging_mixin.py:188} INFO - [2025-12-17T18:55:24.062+0000] {dagbag.py:545} INFO - Filling up the DagBag from /opt/airflow/dags/main.py
[2025-12-17T18:55:24.140+0000] {processor.py:840} INFO - DAG(s) 'youtube_video_stats', 'update_db' retrieved from /opt/airflow/dags/main.py
[2025-12-17T18:55:24.171+0000] {logging_mixin.py:188} INFO - [2025-12-17T18:55:24.170+0000] {dag.py:3096} INFO - Sync 2 DAGs
[2025-12-17T18:55:24.191+0000] {logging_mixin.py:188} INFO - [2025-12-17T18:55:24.191+0000] {dag.py:3954} INFO - Setting next_dagrun for update_db to 2025-12-17 15:00:00+00:00, run_after=2025-12-18 15:00:00+00:00
[2025-12-17T18:55:24.197+0000] {logging_mixin.py:188} INFO - [2025-12-17T18:55:24.196+0000] {dag.py:3954} INFO - Setting next_dagrun for youtube_video_stats to 2025-12-17 14:00:00+00:00, run_after=2025-12-18 14:00:00+00:00
[2025-12-17T18:55:24.216+0000] {processor.py:183} INFO - Processing /opt/airflow/dags/main.py took 0.163 seconds
[2025-12-17T18:55:54.403+0000] {processor.py:161} INFO - Started process (PID=411) to work on /opt/airflow/dags/main.py
[2025-12-17T18:55:54.405+0000] {processor.py:830} INFO - Processing file /opt/airflow/dags/main.py for tasks to queue
[2025-12-17T18:55:54.407+0000] {logging_mixin.py:188} INFO - [2025-12-17T18:55:54.407+0000] {dagbag.py:545} INFO - Filling up the DagBag from /opt/airflow/dags/main.py
[2025-12-17T18:55:54.509+0000] {processor.py:840} INFO - DAG(s) 'youtube_video_stats', 'update_db' retrieved from /opt/airflow/dags/main.py
[2025-12-17T18:55:54.543+0000] {logging_mixin.py:188} INFO - [2025-12-17T18:55:54.542+0000] {dag.py:3096} INFO - Sync 2 DAGs
[2025-12-17T18:55:54.567+0000] {logging_mixin.py:188} INFO - [2025-12-17T18:55:54.567+0000] {dag.py:3954} INFO - Setting next_dagrun for update_db to 2025-12-17 15:00:00+00:00, run_after=2025-12-18 15:00:00+00:00
[2025-12-17T18:55:54.572+0000] {logging_mixin.py:188} INFO - [2025-12-17T18:55:54.572+0000] {dag.py:3954} INFO - Setting next_dagrun for youtube_video_stats to 2025-12-17 14:00:00+00:00, run_after=2025-12-18 14:00:00+00:00
[2025-12-17T18:55:54.597+0000] {processor.py:183} INFO - Processing /opt/airflow/dags/main.py took 0.200 seconds
[2025-12-17T18:56:24.863+0000] {processor.py:161} INFO - Started process (PID=418) to work on /opt/airflow/dags/main.py
[2025-12-17T18:56:24.865+0000] {processor.py:830} INFO - Processing file /opt/airflow/dags/main.py for tasks to queue
[2025-12-17T18:56:24.868+0000] {logging_mixin.py:188} INFO - [2025-12-17T18:56:24.867+0000] {dagbag.py:545} INFO - Filling up the DagBag from /opt/airflow/dags/main.py
[2025-12-17T18:56:24.943+0000] {processor.py:840} INFO - DAG(s) 'update_db', 'youtube_video_stats' retrieved from /opt/airflow/dags/main.py
[2025-12-17T18:56:24.971+0000] {logging_mixin.py:188} INFO - [2025-12-17T18:56:24.971+0000] {dag.py:3096} INFO - Sync 2 DAGs
[2025-12-17T18:56:24.993+0000] {logging_mixin.py:188} INFO - [2025-12-17T18:56:24.993+0000] {dag.py:3954} INFO - Setting next_dagrun for update_db to 2025-12-17 15:00:00+00:00, run_after=2025-12-18 15:00:00+00:00
[2025-12-17T18:56:24.998+0000] {logging_mixin.py:188} INFO - [2025-12-17T18:56:24.998+0000] {dag.py:3954} INFO - Setting next_dagrun for youtube_video_stats to 2025-12-17 14:00:00+00:00, run_after=2025-12-18 14:00:00+00:00
[2025-12-17T18:56:25.015+0000] {processor.py:183} INFO - Processing /opt/airflow/dags/main.py took 0.158 seconds
[2025-12-17T18:56:55.081+0000] {processor.py:161} INFO - Started process (PID=425) to work on /opt/airflow/dags/main.py
[2025-12-17T18:56:55.082+0000] {processor.py:830} INFO - Processing file /opt/airflow/dags/main.py for tasks to queue
[2025-12-17T18:56:55.084+0000] {logging_mixin.py:188} INFO - [2025-12-17T18:56:55.084+0000] {dagbag.py:545} INFO - Filling up the DagBag from /opt/airflow/dags/main.py
[2025-12-17T18:56:55.170+0000] {processor.py:840} INFO - DAG(s) 'youtube_video_stats', 'update_db' retrieved from /opt/airflow/dags/main.py
[2025-12-17T18:56:55.206+0000] {logging_mixin.py:188} INFO - [2025-12-17T18:56:55.206+0000] {dag.py:3096} INFO - Sync 2 DAGs
[2025-12-17T18:56:55.229+0000] {logging_mixin.py:188} INFO - [2025-12-17T18:56:55.229+0000] {dag.py:3954} INFO - Setting next_dagrun for update_db to 2025-12-17 15:00:00+00:00, run_after=2025-12-18 15:00:00+00:00
[2025-12-17T18:56:55.235+0000] {logging_mixin.py:188} INFO - [2025-12-17T18:56:55.235+0000] {dag.py:3954} INFO - Setting next_dagrun for youtube_video_stats to 2025-12-17 14:00:00+00:00, run_after=2025-12-18 14:00:00+00:00
[2025-12-17T18:56:55.257+0000] {processor.py:183} INFO - Processing /opt/airflow/dags/main.py took 0.182 seconds
[2025-12-17T18:57:25.438+0000] {processor.py:161} INFO - Started process (PID=432) to work on /opt/airflow/dags/main.py
[2025-12-17T18:57:25.439+0000] {processor.py:830} INFO - Processing file /opt/airflow/dags/main.py for tasks to queue
[2025-12-17T18:57:25.440+0000] {logging_mixin.py:188} INFO - [2025-12-17T18:57:25.440+0000] {dagbag.py:545} INFO - Filling up the DagBag from /opt/airflow/dags/main.py
[2025-12-17T18:57:25.516+0000] {processor.py:840} INFO - DAG(s) 'youtube_video_stats', 'update_db' retrieved from /opt/airflow/dags/main.py
[2025-12-17T18:57:25.543+0000] {logging_mixin.py:188} INFO - [2025-12-17T18:57:25.543+0000] {dag.py:3096} INFO - Sync 2 DAGs
[2025-12-17T18:57:25.563+0000] {logging_mixin.py:188} INFO - [2025-12-17T18:57:25.563+0000] {dag.py:3954} INFO - Setting next_dagrun for update_db to 2025-12-17 15:00:00+00:00, run_after=2025-12-18 15:00:00+00:00
[2025-12-17T18:57:25.568+0000] {logging_mixin.py:188} INFO - [2025-12-17T18:57:25.568+0000] {dag.py:3954} INFO - Setting next_dagrun for youtube_video_stats to 2025-12-17 14:00:00+00:00, run_after=2025-12-18 14:00:00+00:00
[2025-12-17T18:57:25.588+0000] {processor.py:183} INFO - Processing /opt/airflow/dags/main.py took 0.156 seconds
[2025-12-17T18:57:55.629+0000] {processor.py:161} INFO - Started process (PID=439) to work on /opt/airflow/dags/main.py
[2025-12-17T18:57:55.630+0000] {processor.py:830} INFO - Processing file /opt/airflow/dags/main.py for tasks to queue
[2025-12-17T18:57:55.631+0000] {logging_mixin.py:188} INFO - [2025-12-17T18:57:55.631+0000] {dagbag.py:545} INFO - Filling up the DagBag from /opt/airflow/dags/main.py
[2025-12-17T18:57:55.701+0000] {processor.py:840} INFO - DAG(s) 'youtube_video_stats', 'update_db' retrieved from /opt/airflow/dags/main.py
[2025-12-17T18:57:55.728+0000] {logging_mixin.py:188} INFO - [2025-12-17T18:57:55.728+0000] {dag.py:3096} INFO - Sync 2 DAGs
[2025-12-17T18:57:55.748+0000] {logging_mixin.py:188} INFO - [2025-12-17T18:57:55.747+0000] {dag.py:3954} INFO - Setting next_dagrun for update_db to 2025-12-17 15:00:00+00:00, run_after=2025-12-18 15:00:00+00:00
[2025-12-17T18:57:55.752+0000] {logging_mixin.py:188} INFO - [2025-12-17T18:57:55.751+0000] {dag.py:3954} INFO - Setting next_dagrun for youtube_video_stats to 2025-12-17 14:00:00+00:00, run_after=2025-12-18 14:00:00+00:00
[2025-12-17T18:57:55.771+0000] {processor.py:183} INFO - Processing /opt/airflow/dags/main.py took 0.148 seconds
[2025-12-17T18:58:25.915+0000] {processor.py:161} INFO - Started process (PID=446) to work on /opt/airflow/dags/main.py
[2025-12-17T18:58:25.916+0000] {processor.py:830} INFO - Processing file /opt/airflow/dags/main.py for tasks to queue
[2025-12-17T18:58:25.918+0000] {logging_mixin.py:188} INFO - [2025-12-17T18:58:25.918+0000] {dagbag.py:545} INFO - Filling up the DagBag from /opt/airflow/dags/main.py
[2025-12-17T18:58:25.994+0000] {processor.py:840} INFO - DAG(s) 'youtube_video_stats', 'update_db' retrieved from /opt/airflow/dags/main.py
[2025-12-17T18:58:26.020+0000] {logging_mixin.py:188} INFO - [2025-12-17T18:58:26.020+0000] {dag.py:3096} INFO - Sync 2 DAGs
[2025-12-17T18:58:26.039+0000] {logging_mixin.py:188} INFO - [2025-12-17T18:58:26.039+0000] {dag.py:3954} INFO - Setting next_dagrun for update_db to 2025-12-17 15:00:00+00:00, run_after=2025-12-18 15:00:00+00:00
[2025-12-17T18:58:26.043+0000] {logging_mixin.py:188} INFO - [2025-12-17T18:58:26.043+0000] {dag.py:3954} INFO - Setting next_dagrun for youtube_video_stats to 2025-12-17 14:00:00+00:00, run_after=2025-12-18 14:00:00+00:00
[2025-12-17T18:58:26.063+0000] {processor.py:183} INFO - Processing /opt/airflow/dags/main.py took 0.153 seconds
[2025-12-17T18:58:56.188+0000] {processor.py:161} INFO - Started process (PID=453) to work on /opt/airflow/dags/main.py
[2025-12-17T18:58:56.189+0000] {processor.py:830} INFO - Processing file /opt/airflow/dags/main.py for tasks to queue
[2025-12-17T18:58:56.191+0000] {logging_mixin.py:188} INFO - [2025-12-17T18:58:56.191+0000] {dagbag.py:545} INFO - Filling up the DagBag from /opt/airflow/dags/main.py
[2025-12-17T18:58:56.286+0000] {processor.py:840} INFO - DAG(s) 'youtube_video_stats', 'update_db' retrieved from /opt/airflow/dags/main.py
[2025-12-17T18:58:56.319+0000] {logging_mixin.py:188} INFO - [2025-12-17T18:58:56.318+0000] {dag.py:3096} INFO - Sync 2 DAGs
[2025-12-17T18:58:56.342+0000] {logging_mixin.py:188} INFO - [2025-12-17T18:58:56.342+0000] {dag.py:3954} INFO - Setting next_dagrun for update_db to 2025-12-17 15:00:00+00:00, run_after=2025-12-18 15:00:00+00:00
[2025-12-17T18:58:56.347+0000] {logging_mixin.py:188} INFO - [2025-12-17T18:58:56.347+0000] {dag.py:3954} INFO - Setting next_dagrun for youtube_video_stats to 2025-12-17 14:00:00+00:00, run_after=2025-12-18 14:00:00+00:00
[2025-12-17T18:58:56.369+0000] {processor.py:183} INFO - Processing /opt/airflow/dags/main.py took 0.187 seconds
[2025-12-17T18:59:26.807+0000] {processor.py:161} INFO - Started process (PID=460) to work on /opt/airflow/dags/main.py
[2025-12-17T18:59:26.809+0000] {processor.py:830} INFO - Processing file /opt/airflow/dags/main.py for tasks to queue
[2025-12-17T18:59:26.811+0000] {logging_mixin.py:188} INFO - [2025-12-17T18:59:26.811+0000] {dagbag.py:545} INFO - Filling up the DagBag from /opt/airflow/dags/main.py
[2025-12-17T18:59:26.959+0000] {processor.py:840} INFO - DAG(s) 'youtube_video_stats', 'update_db' retrieved from /opt/airflow/dags/main.py
[2025-12-17T18:59:27.001+0000] {logging_mixin.py:188} INFO - [2025-12-17T18:59:27.001+0000] {dag.py:3096} INFO - Sync 2 DAGs
[2025-12-17T18:59:27.028+0000] {logging_mixin.py:188} INFO - [2025-12-17T18:59:27.028+0000] {dag.py:3954} INFO - Setting next_dagrun for update_db to 2025-12-17 15:00:00+00:00, run_after=2025-12-18 15:00:00+00:00
[2025-12-17T18:59:27.035+0000] {logging_mixin.py:188} INFO - [2025-12-17T18:59:27.034+0000] {dag.py:3954} INFO - Setting next_dagrun for youtube_video_stats to 2025-12-17 14:00:00+00:00, run_after=2025-12-18 14:00:00+00:00
[2025-12-17T18:59:27.056+0000] {processor.py:183} INFO - Processing /opt/airflow/dags/main.py took 0.255 seconds
[2025-12-17T18:59:57.291+0000] {processor.py:161} INFO - Started process (PID=467) to work on /opt/airflow/dags/main.py
[2025-12-17T18:59:57.294+0000] {processor.py:830} INFO - Processing file /opt/airflow/dags/main.py for tasks to queue
[2025-12-17T18:59:57.299+0000] {logging_mixin.py:188} INFO - [2025-12-17T18:59:57.298+0000] {dagbag.py:545} INFO - Filling up the DagBag from /opt/airflow/dags/main.py
[2025-12-17T18:59:57.472+0000] {processor.py:840} INFO - DAG(s) 'update_db', 'youtube_video_stats' retrieved from /opt/airflow/dags/main.py
[2025-12-17T18:59:57.580+0000] {logging_mixin.py:188} INFO - [2025-12-17T18:59:57.580+0000] {dag.py:3096} INFO - Sync 2 DAGs
[2025-12-17T18:59:57.646+0000] {logging_mixin.py:188} INFO - [2025-12-17T18:59:57.645+0000] {dag.py:3954} INFO - Setting next_dagrun for update_db to 2025-12-17 15:00:00+00:00, run_after=2025-12-18 15:00:00+00:00
[2025-12-17T18:59:57.659+0000] {logging_mixin.py:188} INFO - [2025-12-17T18:59:57.658+0000] {dag.py:3954} INFO - Setting next_dagrun for youtube_video_stats to 2025-12-17 14:00:00+00:00, run_after=2025-12-18 14:00:00+00:00
[2025-12-17T18:59:57.705+0000] {processor.py:183} INFO - Processing /opt/airflow/dags/main.py took 0.433 seconds
[2025-12-17T19:00:27.924+0000] {processor.py:161} INFO - Started process (PID=474) to work on /opt/airflow/dags/main.py
[2025-12-17T19:00:27.926+0000] {processor.py:830} INFO - Processing file /opt/airflow/dags/main.py for tasks to queue
[2025-12-17T19:00:27.929+0000] {logging_mixin.py:188} INFO - [2025-12-17T19:00:27.928+0000] {dagbag.py:545} INFO - Filling up the DagBag from /opt/airflow/dags/main.py
[2025-12-17T19:00:28.023+0000] {processor.py:840} INFO - DAG(s) 'update_db', 'youtube_video_stats' retrieved from /opt/airflow/dags/main.py
[2025-12-17T19:00:28.057+0000] {logging_mixin.py:188} INFO - [2025-12-17T19:00:28.057+0000] {dag.py:3096} INFO - Sync 2 DAGs
[2025-12-17T19:00:28.082+0000] {logging_mixin.py:188} INFO - [2025-12-17T19:00:28.082+0000] {dag.py:3954} INFO - Setting next_dagrun for update_db to 2025-12-17 15:00:00+00:00, run_after=2025-12-18 15:00:00+00:00
[2025-12-17T19:00:28.089+0000] {logging_mixin.py:188} INFO - [2025-12-17T19:00:28.088+0000] {dag.py:3954} INFO - Setting next_dagrun for youtube_video_stats to 2025-12-17 14:00:00+00:00, run_after=2025-12-18 14:00:00+00:00
[2025-12-17T19:00:28.121+0000] {processor.py:183} INFO - Processing /opt/airflow/dags/main.py took 0.205 seconds
[2025-12-17T19:00:58.299+0000] {processor.py:161} INFO - Started process (PID=481) to work on /opt/airflow/dags/main.py
[2025-12-17T19:00:58.300+0000] {processor.py:830} INFO - Processing file /opt/airflow/dags/main.py for tasks to queue
[2025-12-17T19:00:58.301+0000] {logging_mixin.py:188} INFO - [2025-12-17T19:00:58.301+0000] {dagbag.py:545} INFO - Filling up the DagBag from /opt/airflow/dags/main.py
[2025-12-17T19:00:58.372+0000] {processor.py:840} INFO - DAG(s) 'update_db', 'youtube_video_stats' retrieved from /opt/airflow/dags/main.py
[2025-12-17T19:00:58.398+0000] {logging_mixin.py:188} INFO - [2025-12-17T19:00:58.398+0000] {dag.py:3096} INFO - Sync 2 DAGs
[2025-12-17T19:00:58.417+0000] {logging_mixin.py:188} INFO - [2025-12-17T19:00:58.416+0000] {dag.py:3954} INFO - Setting next_dagrun for update_db to 2025-12-17 15:00:00+00:00, run_after=2025-12-18 15:00:00+00:00
[2025-12-17T19:00:58.422+0000] {logging_mixin.py:188} INFO - [2025-12-17T19:00:58.422+0000] {dag.py:3954} INFO - Setting next_dagrun for youtube_video_stats to 2025-12-17 14:00:00+00:00, run_after=2025-12-18 14:00:00+00:00
[2025-12-17T19:00:58.455+0000] {processor.py:183} INFO - Processing /opt/airflow/dags/main.py took 0.161 seconds
[2025-12-17T19:01:28.529+0000] {processor.py:161} INFO - Started process (PID=488) to work on /opt/airflow/dags/main.py
[2025-12-17T19:01:28.532+0000] {processor.py:830} INFO - Processing file /opt/airflow/dags/main.py for tasks to queue
[2025-12-17T19:01:28.536+0000] {logging_mixin.py:188} INFO - [2025-12-17T19:01:28.535+0000] {dagbag.py:545} INFO - Filling up the DagBag from /opt/airflow/dags/main.py
[2025-12-17T19:01:29.083+0000] {processor.py:840} INFO - DAG(s) 'update_db', 'youtube_video_stats' retrieved from /opt/airflow/dags/main.py
[2025-12-17T19:01:29.120+0000] {logging_mixin.py:188} INFO - [2025-12-17T19:01:29.120+0000] {dag.py:3096} INFO - Sync 2 DAGs
[2025-12-17T19:01:29.152+0000] {logging_mixin.py:188} INFO - [2025-12-17T19:01:29.152+0000] {dag.py:3954} INFO - Setting next_dagrun for update_db to 2025-12-17 15:00:00+00:00, run_after=2025-12-18 15:00:00+00:00
[2025-12-17T19:01:29.160+0000] {logging_mixin.py:188} INFO - [2025-12-17T19:01:29.159+0000] {dag.py:3954} INFO - Setting next_dagrun for youtube_video_stats to 2025-12-17 14:00:00+00:00, run_after=2025-12-18 14:00:00+00:00
[2025-12-17T19:01:29.458+0000] {processor.py:183} INFO - Processing /opt/airflow/dags/main.py took 0.944 seconds
[2025-12-17T19:01:59.697+0000] {processor.py:161} INFO - Started process (PID=495) to work on /opt/airflow/dags/main.py
[2025-12-17T19:01:59.700+0000] {processor.py:830} INFO - Processing file /opt/airflow/dags/main.py for tasks to queue
[2025-12-17T19:01:59.705+0000] {logging_mixin.py:188} INFO - [2025-12-17T19:01:59.704+0000] {dagbag.py:545} INFO - Filling up the DagBag from /opt/airflow/dags/main.py
[2025-12-17T19:02:00.097+0000] {processor.py:840} INFO - DAG(s) 'update_db', 'youtube_video_stats' retrieved from /opt/airflow/dags/main.py
[2025-12-17T19:02:00.183+0000] {logging_mixin.py:188} INFO - [2025-12-17T19:02:00.183+0000] {dag.py:3096} INFO - Sync 2 DAGs
[2025-12-17T19:02:00.273+0000] {logging_mixin.py:188} INFO - [2025-12-17T19:02:00.272+0000] {dag.py:3954} INFO - Setting next_dagrun for update_db to 2025-12-17 15:00:00+00:00, run_after=2025-12-18 15:00:00+00:00
[2025-12-17T19:02:00.317+0000] {logging_mixin.py:188} INFO - [2025-12-17T19:02:00.317+0000] {dag.py:3954} INFO - Setting next_dagrun for youtube_video_stats to 2025-12-17 14:00:00+00:00, run_after=2025-12-18 14:00:00+00:00
[2025-12-17T19:02:00.393+0000] {processor.py:183} INFO - Processing /opt/airflow/dags/main.py took 0.719 seconds
[2025-12-17T19:02:30.633+0000] {processor.py:161} INFO - Started process (PID=502) to work on /opt/airflow/dags/main.py
[2025-12-17T19:02:30.634+0000] {processor.py:830} INFO - Processing file /opt/airflow/dags/main.py for tasks to queue
[2025-12-17T19:02:30.637+0000] {logging_mixin.py:188} INFO - [2025-12-17T19:02:30.637+0000] {dagbag.py:545} INFO - Filling up the DagBag from /opt/airflow/dags/main.py
[2025-12-17T19:02:30.740+0000] {processor.py:840} INFO - DAG(s) 'update_db', 'youtube_video_stats' retrieved from /opt/airflow/dags/main.py
[2025-12-17T19:02:30.777+0000] {logging_mixin.py:188} INFO - [2025-12-17T19:02:30.777+0000] {dag.py:3096} INFO - Sync 2 DAGs
[2025-12-17T19:02:30.805+0000] {logging_mixin.py:188} INFO - [2025-12-17T19:02:30.805+0000] {dag.py:3954} INFO - Setting next_dagrun for update_db to 2025-12-17 15:00:00+00:00, run_after=2025-12-18 15:00:00+00:00
[2025-12-17T19:02:30.810+0000] {logging_mixin.py:188} INFO - [2025-12-17T19:02:30.810+0000] {dag.py:3954} INFO - Setting next_dagrun for youtube_video_stats to 2025-12-17 14:00:00+00:00, run_after=2025-12-18 14:00:00+00:00
[2025-12-17T19:02:30.830+0000] {processor.py:183} INFO - Processing /opt/airflow/dags/main.py took 0.205 seconds
[2025-12-17T19:03:00.921+0000] {processor.py:161} INFO - Started process (PID=509) to work on /opt/airflow/dags/main.py
[2025-12-17T19:03:00.923+0000] {processor.py:830} INFO - Processing file /opt/airflow/dags/main.py for tasks to queue
[2025-12-17T19:03:00.926+0000] {logging_mixin.py:188} INFO - [2025-12-17T19:03:00.925+0000] {dagbag.py:545} INFO - Filling up the DagBag from /opt/airflow/dags/main.py
[2025-12-17T19:03:01.016+0000] {processor.py:840} INFO - DAG(s) 'youtube_video_stats', 'update_db' retrieved from /opt/airflow/dags/main.py
[2025-12-17T19:03:01.048+0000] {logging_mixin.py:188} INFO - [2025-12-17T19:03:01.048+0000] {dag.py:3096} INFO - Sync 2 DAGs
[2025-12-17T19:03:01.077+0000] {logging_mixin.py:188} INFO - [2025-12-17T19:03:01.077+0000] {dag.py:3954} INFO - Setting next_dagrun for update_db to 2025-12-17 15:00:00+00:00, run_after=2025-12-18 15:00:00+00:00
[2025-12-17T19:03:01.083+0000] {logging_mixin.py:188} INFO - [2025-12-17T19:03:01.083+0000] {dag.py:3954} INFO - Setting next_dagrun for youtube_video_stats to 2025-12-17 14:00:00+00:00, run_after=2025-12-18 14:00:00+00:00
[2025-12-17T19:03:01.102+0000] {processor.py:183} INFO - Processing /opt/airflow/dags/main.py took 0.187 seconds
[2025-12-17T19:03:31.292+0000] {processor.py:161} INFO - Started process (PID=516) to work on /opt/airflow/dags/main.py
[2025-12-17T19:03:31.293+0000] {processor.py:830} INFO - Processing file /opt/airflow/dags/main.py for tasks to queue
[2025-12-17T19:03:31.295+0000] {logging_mixin.py:188} INFO - [2025-12-17T19:03:31.294+0000] {dagbag.py:545} INFO - Filling up the DagBag from /opt/airflow/dags/main.py
[2025-12-17T19:03:31.378+0000] {processor.py:840} INFO - DAG(s) 'update_db', 'youtube_video_stats' retrieved from /opt/airflow/dags/main.py
[2025-12-17T19:03:31.407+0000] {logging_mixin.py:188} INFO - [2025-12-17T19:03:31.407+0000] {dag.py:3096} INFO - Sync 2 DAGs
[2025-12-17T19:03:31.432+0000] {logging_mixin.py:188} INFO - [2025-12-17T19:03:31.432+0000] {dag.py:3954} INFO - Setting next_dagrun for update_db to 2025-12-17 15:00:00+00:00, run_after=2025-12-18 15:00:00+00:00
[2025-12-17T19:03:31.439+0000] {logging_mixin.py:188} INFO - [2025-12-17T19:03:31.439+0000] {dag.py:3954} INFO - Setting next_dagrun for youtube_video_stats to 2025-12-17 14:00:00+00:00, run_after=2025-12-18 14:00:00+00:00
[2025-12-17T19:03:31.465+0000] {processor.py:183} INFO - Processing /opt/airflow/dags/main.py took 0.180 seconds
[2025-12-17T19:04:01.676+0000] {processor.py:161} INFO - Started process (PID=523) to work on /opt/airflow/dags/main.py
[2025-12-17T19:04:01.677+0000] {processor.py:830} INFO - Processing file /opt/airflow/dags/main.py for tasks to queue
[2025-12-17T19:04:01.679+0000] {logging_mixin.py:188} INFO - [2025-12-17T19:04:01.679+0000] {dagbag.py:545} INFO - Filling up the DagBag from /opt/airflow/dags/main.py
[2025-12-17T19:04:01.788+0000] {processor.py:840} INFO - DAG(s) 'youtube_video_stats', 'update_db' retrieved from /opt/airflow/dags/main.py
[2025-12-17T19:04:01.827+0000] {logging_mixin.py:188} INFO - [2025-12-17T19:04:01.826+0000] {dag.py:3096} INFO - Sync 2 DAGs
[2025-12-17T19:04:01.852+0000] {logging_mixin.py:188} INFO - [2025-12-17T19:04:01.852+0000] {dag.py:3954} INFO - Setting next_dagrun for update_db to 2025-12-17 15:00:00+00:00, run_after=2025-12-18 15:00:00+00:00
[2025-12-17T19:04:01.857+0000] {logging_mixin.py:188} INFO - [2025-12-17T19:04:01.857+0000] {dag.py:3954} INFO - Setting next_dagrun for youtube_video_stats to 2025-12-17 14:00:00+00:00, run_after=2025-12-18 14:00:00+00:00
[2025-12-17T19:04:01.883+0000] {processor.py:183} INFO - Processing /opt/airflow/dags/main.py took 0.214 seconds
[2025-12-17T19:04:32.079+0000] {processor.py:161} INFO - Started process (PID=531) to work on /opt/airflow/dags/main.py
[2025-12-17T19:04:32.080+0000] {processor.py:830} INFO - Processing file /opt/airflow/dags/main.py for tasks to queue
[2025-12-17T19:04:32.082+0000] {logging_mixin.py:188} INFO - [2025-12-17T19:04:32.081+0000] {dagbag.py:545} INFO - Filling up the DagBag from /opt/airflow/dags/main.py
[2025-12-17T19:04:32.168+0000] {processor.py:840} INFO - DAG(s) 'update_db', 'youtube_video_stats' retrieved from /opt/airflow/dags/main.py
[2025-12-17T19:04:32.204+0000] {logging_mixin.py:188} INFO - [2025-12-17T19:04:32.203+0000] {dag.py:3096} INFO - Sync 2 DAGs
[2025-12-17T19:04:32.227+0000] {logging_mixin.py:188} INFO - [2025-12-17T19:04:32.227+0000] {dag.py:3954} INFO - Setting next_dagrun for update_db to 2025-12-17 15:00:00+00:00, run_after=2025-12-18 15:00:00+00:00
[2025-12-17T19:04:32.234+0000] {logging_mixin.py:188} INFO - [2025-12-17T19:04:32.234+0000] {dag.py:3954} INFO - Setting next_dagrun for youtube_video_stats to 2025-12-17 14:00:00+00:00, run_after=2025-12-18 14:00:00+00:00
[2025-12-17T19:04:32.258+0000] {processor.py:183} INFO - Processing /opt/airflow/dags/main.py took 0.185 seconds
[2025-12-17T19:05:02.445+0000] {processor.py:161} INFO - Started process (PID=538) to work on /opt/airflow/dags/main.py
[2025-12-17T19:05:02.446+0000] {processor.py:830} INFO - Processing file /opt/airflow/dags/main.py for tasks to queue
[2025-12-17T19:05:02.448+0000] {logging_mixin.py:188} INFO - [2025-12-17T19:05:02.448+0000] {dagbag.py:545} INFO - Filling up the DagBag from /opt/airflow/dags/main.py
[2025-12-17T19:05:02.554+0000] {processor.py:840} INFO - DAG(s) 'update_db', 'youtube_video_stats' retrieved from /opt/airflow/dags/main.py
[2025-12-17T19:05:02.587+0000] {logging_mixin.py:188} INFO - [2025-12-17T19:05:02.587+0000] {dag.py:3096} INFO - Sync 2 DAGs
[2025-12-17T19:05:02.613+0000] {logging_mixin.py:188} INFO - [2025-12-17T19:05:02.613+0000] {dag.py:3954} INFO - Setting next_dagrun for update_db to 2025-12-17 15:00:00+00:00, run_after=2025-12-18 15:00:00+00:00
[2025-12-17T19:05:02.619+0000] {logging_mixin.py:188} INFO - [2025-12-17T19:05:02.619+0000] {dag.py:3954} INFO - Setting next_dagrun for youtube_video_stats to 2025-12-17 14:00:00+00:00, run_after=2025-12-18 14:00:00+00:00
[2025-12-17T19:05:02.639+0000] {processor.py:183} INFO - Processing /opt/airflow/dags/main.py took 0.201 seconds
[2025-12-17T19:05:32.724+0000] {processor.py:161} INFO - Started process (PID=545) to work on /opt/airflow/dags/main.py
[2025-12-17T19:05:32.726+0000] {processor.py:830} INFO - Processing file /opt/airflow/dags/main.py for tasks to queue
[2025-12-17T19:05:32.727+0000] {logging_mixin.py:188} INFO - [2025-12-17T19:05:32.727+0000] {dagbag.py:545} INFO - Filling up the DagBag from /opt/airflow/dags/main.py
[2025-12-17T19:05:32.824+0000] {processor.py:840} INFO - DAG(s) 'update_db', 'youtube_video_stats' retrieved from /opt/airflow/dags/main.py
[2025-12-17T19:05:32.858+0000] {logging_mixin.py:188} INFO - [2025-12-17T19:05:32.858+0000] {dag.py:3096} INFO - Sync 2 DAGs
[2025-12-17T19:05:32.883+0000] {logging_mixin.py:188} INFO - [2025-12-17T19:05:32.883+0000] {dag.py:3954} INFO - Setting next_dagrun for update_db to 2025-12-17 15:00:00+00:00, run_after=2025-12-18 15:00:00+00:00
[2025-12-17T19:05:32.889+0000] {logging_mixin.py:188} INFO - [2025-12-17T19:05:32.889+0000] {dag.py:3954} INFO - Setting next_dagrun for youtube_video_stats to 2025-12-17 14:00:00+00:00, run_after=2025-12-18 14:00:00+00:00
[2025-12-17T19:05:32.910+0000] {processor.py:183} INFO - Processing /opt/airflow/dags/main.py took 0.192 seconds
[2025-12-17T19:06:03.079+0000] {processor.py:161} INFO - Started process (PID=552) to work on /opt/airflow/dags/main.py
[2025-12-17T19:06:03.080+0000] {processor.py:830} INFO - Processing file /opt/airflow/dags/main.py for tasks to queue
[2025-12-17T19:06:03.082+0000] {logging_mixin.py:188} INFO - [2025-12-17T19:06:03.082+0000] {dagbag.py:545} INFO - Filling up the DagBag from /opt/airflow/dags/main.py
[2025-12-17T19:06:03.171+0000] {processor.py:840} INFO - DAG(s) 'update_db', 'youtube_video_stats' retrieved from /opt/airflow/dags/main.py
[2025-12-17T19:06:03.203+0000] {logging_mixin.py:188} INFO - [2025-12-17T19:06:03.203+0000] {dag.py:3096} INFO - Sync 2 DAGs
[2025-12-17T19:06:03.225+0000] {logging_mixin.py:188} INFO - [2025-12-17T19:06:03.224+0000] {dag.py:3954} INFO - Setting next_dagrun for update_db to 2025-12-17 15:00:00+00:00, run_after=2025-12-18 15:00:00+00:00
[2025-12-17T19:06:03.231+0000] {logging_mixin.py:188} INFO - [2025-12-17T19:06:03.231+0000] {dag.py:3954} INFO - Setting next_dagrun for youtube_video_stats to 2025-12-17 14:00:00+00:00, run_after=2025-12-18 14:00:00+00:00
[2025-12-17T19:06:03.250+0000] {processor.py:183} INFO - Processing /opt/airflow/dags/main.py took 0.178 seconds
[2025-12-17T19:06:33.445+0000] {processor.py:161} INFO - Started process (PID=559) to work on /opt/airflow/dags/main.py
[2025-12-17T19:06:33.446+0000] {processor.py:830} INFO - Processing file /opt/airflow/dags/main.py for tasks to queue
[2025-12-17T19:06:33.449+0000] {logging_mixin.py:188} INFO - [2025-12-17T19:06:33.448+0000] {dagbag.py:545} INFO - Filling up the DagBag from /opt/airflow/dags/main.py
[2025-12-17T19:06:33.583+0000] {processor.py:840} INFO - DAG(s) 'update_db', 'youtube_video_stats' retrieved from /opt/airflow/dags/main.py
[2025-12-17T19:06:33.686+0000] {logging_mixin.py:188} INFO - [2025-12-17T19:06:33.685+0000] {dag.py:3096} INFO - Sync 2 DAGs
[2025-12-17T19:06:33.759+0000] {logging_mixin.py:188} INFO - [2025-12-17T19:06:33.759+0000] {dag.py:3954} INFO - Setting next_dagrun for update_db to 2025-12-17 15:00:00+00:00, run_after=2025-12-18 15:00:00+00:00
[2025-12-17T19:06:33.771+0000] {logging_mixin.py:188} INFO - [2025-12-17T19:06:33.770+0000] {dag.py:3954} INFO - Setting next_dagrun for youtube_video_stats to 2025-12-17 14:00:00+00:00, run_after=2025-12-18 14:00:00+00:00
[2025-12-17T19:06:33.815+0000] {processor.py:183} INFO - Processing /opt/airflow/dags/main.py took 0.378 seconds
[2025-12-17T19:07:04.014+0000] {processor.py:161} INFO - Started process (PID=566) to work on /opt/airflow/dags/main.py
[2025-12-17T19:07:04.015+0000] {processor.py:830} INFO - Processing file /opt/airflow/dags/main.py for tasks to queue
[2025-12-17T19:07:04.018+0000] {logging_mixin.py:188} INFO - [2025-12-17T19:07:04.017+0000] {dagbag.py:545} INFO - Filling up the DagBag from /opt/airflow/dags/main.py
[2025-12-17T19:07:04.111+0000] {processor.py:840} INFO - DAG(s) 'youtube_video_stats', 'update_db' retrieved from /opt/airflow/dags/main.py
[2025-12-17T19:07:04.144+0000] {logging_mixin.py:188} INFO - [2025-12-17T19:07:04.144+0000] {dag.py:3096} INFO - Sync 2 DAGs
[2025-12-17T19:07:04.169+0000] {logging_mixin.py:188} INFO - [2025-12-17T19:07:04.169+0000] {dag.py:3954} INFO - Setting next_dagrun for update_db to 2025-12-17 15:00:00+00:00, run_after=2025-12-18 15:00:00+00:00
[2025-12-17T19:07:04.175+0000] {logging_mixin.py:188} INFO - [2025-12-17T19:07:04.175+0000] {dag.py:3954} INFO - Setting next_dagrun for youtube_video_stats to 2025-12-17 14:00:00+00:00, run_after=2025-12-18 14:00:00+00:00
[2025-12-17T19:07:04.195+0000] {processor.py:183} INFO - Processing /opt/airflow/dags/main.py took 0.187 seconds
[2025-12-17T19:07:34.383+0000] {processor.py:161} INFO - Started process (PID=573) to work on /opt/airflow/dags/main.py
[2025-12-17T19:07:34.384+0000] {processor.py:830} INFO - Processing file /opt/airflow/dags/main.py for tasks to queue
[2025-12-17T19:07:34.386+0000] {logging_mixin.py:188} INFO - [2025-12-17T19:07:34.386+0000] {dagbag.py:545} INFO - Filling up the DagBag from /opt/airflow/dags/main.py
[2025-12-17T19:07:34.462+0000] {processor.py:840} INFO - DAG(s) 'youtube_video_stats', 'update_db' retrieved from /opt/airflow/dags/main.py
[2025-12-17T19:07:34.492+0000] {logging_mixin.py:188} INFO - [2025-12-17T19:07:34.491+0000] {dag.py:3096} INFO - Sync 2 DAGs
[2025-12-17T19:07:34.514+0000] {logging_mixin.py:188} INFO - [2025-12-17T19:07:34.514+0000] {dag.py:3954} INFO - Setting next_dagrun for update_db to 2025-12-17 15:00:00+00:00, run_after=2025-12-18 15:00:00+00:00
[2025-12-17T19:07:34.520+0000] {logging_mixin.py:188} INFO - [2025-12-17T19:07:34.519+0000] {dag.py:3954} INFO - Setting next_dagrun for youtube_video_stats to 2025-12-17 14:00:00+00:00, run_after=2025-12-18 14:00:00+00:00
[2025-12-17T19:07:34.538+0000] {processor.py:183} INFO - Processing /opt/airflow/dags/main.py took 0.161 seconds
[2025-12-17T19:08:04.579+0000] {processor.py:161} INFO - Started process (PID=580) to work on /opt/airflow/dags/main.py
[2025-12-17T19:08:04.580+0000] {processor.py:830} INFO - Processing file /opt/airflow/dags/main.py for tasks to queue
[2025-12-17T19:08:04.581+0000] {logging_mixin.py:188} INFO - [2025-12-17T19:08:04.581+0000] {dagbag.py:545} INFO - Filling up the DagBag from /opt/airflow/dags/main.py
[2025-12-17T19:08:04.659+0000] {processor.py:840} INFO - DAG(s) 'update_db', 'youtube_video_stats' retrieved from /opt/airflow/dags/main.py
[2025-12-17T19:08:04.684+0000] {logging_mixin.py:188} INFO - [2025-12-17T19:08:04.684+0000] {dag.py:3096} INFO - Sync 2 DAGs
[2025-12-17T19:08:04.704+0000] {logging_mixin.py:188} INFO - [2025-12-17T19:08:04.704+0000] {dag.py:3954} INFO - Setting next_dagrun for update_db to 2025-12-17 15:00:00+00:00, run_after=2025-12-18 15:00:00+00:00
[2025-12-17T19:08:04.710+0000] {logging_mixin.py:188} INFO - [2025-12-17T19:08:04.710+0000] {dag.py:3954} INFO - Setting next_dagrun for youtube_video_stats to 2025-12-17 14:00:00+00:00, run_after=2025-12-18 14:00:00+00:00
[2025-12-17T19:08:04.725+0000] {processor.py:183} INFO - Processing /opt/airflow/dags/main.py took 0.154 seconds
[2025-12-17T19:08:34.947+0000] {processor.py:161} INFO - Started process (PID=587) to work on /opt/airflow/dags/main.py
[2025-12-17T19:08:34.949+0000] {processor.py:830} INFO - Processing file /opt/airflow/dags/main.py for tasks to queue
[2025-12-17T19:08:34.951+0000] {logging_mixin.py:188} INFO - [2025-12-17T19:08:34.950+0000] {dagbag.py:545} INFO - Filling up the DagBag from /opt/airflow/dags/main.py
[2025-12-17T19:08:35.029+0000] {processor.py:840} INFO - DAG(s) 'update_db', 'youtube_video_stats' retrieved from /opt/airflow/dags/main.py
[2025-12-17T19:08:35.055+0000] {logging_mixin.py:188} INFO - [2025-12-17T19:08:35.055+0000] {dag.py:3096} INFO - Sync 2 DAGs
[2025-12-17T19:08:35.077+0000] {logging_mixin.py:188} INFO - [2025-12-17T19:08:35.077+0000] {dag.py:3954} INFO - Setting next_dagrun for update_db to 2025-12-17 15:00:00+00:00, run_after=2025-12-18 15:00:00+00:00
[2025-12-17T19:08:35.082+0000] {logging_mixin.py:188} INFO - [2025-12-17T19:08:35.082+0000] {dag.py:3954} INFO - Setting next_dagrun for youtube_video_stats to 2025-12-17 14:00:00+00:00, run_after=2025-12-18 14:00:00+00:00
[2025-12-17T19:08:35.099+0000] {processor.py:183} INFO - Processing /opt/airflow/dags/main.py took 0.157 seconds
[2025-12-17T19:09:05.323+0000] {processor.py:161} INFO - Started process (PID=595) to work on /opt/airflow/dags/main.py
[2025-12-17T19:09:05.327+0000] {processor.py:830} INFO - Processing file /opt/airflow/dags/main.py for tasks to queue
[2025-12-17T19:09:05.335+0000] {logging_mixin.py:188} INFO - [2025-12-17T19:09:05.334+0000] {dagbag.py:545} INFO - Filling up the DagBag from /opt/airflow/dags/main.py
[2025-12-17T19:09:05.635+0000] {processor.py:840} INFO - DAG(s) 'youtube_video_stats', 'update_db' retrieved from /opt/airflow/dags/main.py
[2025-12-17T19:09:05.810+0000] {logging_mixin.py:188} INFO - [2025-12-17T19:09:05.810+0000] {dag.py:3096} INFO - Sync 2 DAGs
[2025-12-17T19:09:05.917+0000] {logging_mixin.py:188} INFO - [2025-12-17T19:09:05.917+0000] {dag.py:3954} INFO - Setting next_dagrun for update_db to 2025-12-17 15:00:00+00:00, run_after=2025-12-18 15:00:00+00:00
[2025-12-17T19:09:05.942+0000] {logging_mixin.py:188} INFO - [2025-12-17T19:09:05.942+0000] {dag.py:3954} INFO - Setting next_dagrun for youtube_video_stats to 2025-12-17 14:00:00+00:00, run_after=2025-12-18 14:00:00+00:00
[2025-12-17T19:09:06.017+0000] {processor.py:183} INFO - Processing /opt/airflow/dags/main.py took 0.716 seconds
[2025-12-17T19:09:36.268+0000] {processor.py:161} INFO - Started process (PID=602) to work on /opt/airflow/dags/main.py
[2025-12-17T19:09:36.270+0000] {processor.py:830} INFO - Processing file /opt/airflow/dags/main.py for tasks to queue
[2025-12-17T19:09:36.272+0000] {logging_mixin.py:188} INFO - [2025-12-17T19:09:36.271+0000] {dagbag.py:545} INFO - Filling up the DagBag from /opt/airflow/dags/main.py
[2025-12-17T19:09:36.357+0000] {processor.py:840} INFO - DAG(s) 'youtube_video_stats', 'update_db' retrieved from /opt/airflow/dags/main.py
[2025-12-17T19:09:36.386+0000] {logging_mixin.py:188} INFO - [2025-12-17T19:09:36.386+0000] {dag.py:3096} INFO - Sync 2 DAGs
[2025-12-17T19:09:36.407+0000] {logging_mixin.py:188} INFO - [2025-12-17T19:09:36.406+0000] {dag.py:3954} INFO - Setting next_dagrun for update_db to 2025-12-17 15:00:00+00:00, run_after=2025-12-18 15:00:00+00:00
[2025-12-17T19:09:36.412+0000] {logging_mixin.py:188} INFO - [2025-12-17T19:09:36.412+0000] {dag.py:3954} INFO - Setting next_dagrun for youtube_video_stats to 2025-12-17 14:00:00+00:00, run_after=2025-12-18 14:00:00+00:00
[2025-12-17T19:09:36.438+0000] {processor.py:183} INFO - Processing /opt/airflow/dags/main.py took 0.176 seconds
[2025-12-17T19:10:06.645+0000] {processor.py:161} INFO - Started process (PID=609) to work on /opt/airflow/dags/main.py
[2025-12-17T19:10:06.646+0000] {processor.py:830} INFO - Processing file /opt/airflow/dags/main.py for tasks to queue
[2025-12-17T19:10:06.648+0000] {logging_mixin.py:188} INFO - [2025-12-17T19:10:06.648+0000] {dagbag.py:545} INFO - Filling up the DagBag from /opt/airflow/dags/main.py
[2025-12-17T19:10:06.743+0000] {processor.py:840} INFO - DAG(s) 'youtube_video_stats', 'update_db' retrieved from /opt/airflow/dags/main.py
[2025-12-17T19:10:06.770+0000] {logging_mixin.py:188} INFO - [2025-12-17T19:10:06.769+0000] {dag.py:3096} INFO - Sync 2 DAGs
[2025-12-17T19:10:06.790+0000] {logging_mixin.py:188} INFO - [2025-12-17T19:10:06.789+0000] {dag.py:3954} INFO - Setting next_dagrun for update_db to 2025-12-17 15:00:00+00:00, run_after=2025-12-18 15:00:00+00:00
[2025-12-17T19:10:06.795+0000] {logging_mixin.py:188} INFO - [2025-12-17T19:10:06.795+0000] {dag.py:3954} INFO - Setting next_dagrun for youtube_video_stats to 2025-12-17 14:00:00+00:00, run_after=2025-12-18 14:00:00+00:00
[2025-12-17T19:10:06.814+0000] {processor.py:183} INFO - Processing /opt/airflow/dags/main.py took 0.174 seconds
[2025-12-17T19:10:36.866+0000] {processor.py:161} INFO - Started process (PID=616) to work on /opt/airflow/dags/main.py
[2025-12-17T19:10:36.867+0000] {processor.py:830} INFO - Processing file /opt/airflow/dags/main.py for tasks to queue
[2025-12-17T19:10:36.870+0000] {logging_mixin.py:188} INFO - [2025-12-17T19:10:36.869+0000] {dagbag.py:545} INFO - Filling up the DagBag from /opt/airflow/dags/main.py
[2025-12-17T19:10:36.956+0000] {processor.py:840} INFO - DAG(s) 'youtube_video_stats', 'update_db' retrieved from /opt/airflow/dags/main.py
[2025-12-17T19:10:36.990+0000] {logging_mixin.py:188} INFO - [2025-12-17T19:10:36.990+0000] {dag.py:3096} INFO - Sync 2 DAGs
[2025-12-17T19:10:37.009+0000] {logging_mixin.py:188} INFO - [2025-12-17T19:10:37.009+0000] {dag.py:3954} INFO - Setting next_dagrun for update_db to 2025-12-17 15:00:00+00:00, run_after=2025-12-18 15:00:00+00:00
[2025-12-17T19:10:37.015+0000] {logging_mixin.py:188} INFO - [2025-12-17T19:10:37.015+0000] {dag.py:3954} INFO - Setting next_dagrun for youtube_video_stats to 2025-12-17 14:00:00+00:00, run_after=2025-12-18 14:00:00+00:00
[2025-12-17T19:10:37.032+0000] {processor.py:183} INFO - Processing /opt/airflow/dags/main.py took 0.173 seconds
[2025-12-17T19:11:07.231+0000] {processor.py:161} INFO - Started process (PID=623) to work on /opt/airflow/dags/main.py
[2025-12-17T19:11:07.232+0000] {processor.py:830} INFO - Processing file /opt/airflow/dags/main.py for tasks to queue
[2025-12-17T19:11:07.234+0000] {logging_mixin.py:188} INFO - [2025-12-17T19:11:07.234+0000] {dagbag.py:545} INFO - Filling up the DagBag from /opt/airflow/dags/main.py
[2025-12-17T19:11:07.307+0000] {processor.py:840} INFO - DAG(s) 'youtube_video_stats', 'update_db' retrieved from /opt/airflow/dags/main.py
[2025-12-17T19:11:07.333+0000] {logging_mixin.py:188} INFO - [2025-12-17T19:11:07.333+0000] {dag.py:3096} INFO - Sync 2 DAGs
[2025-12-17T19:11:07.352+0000] {logging_mixin.py:188} INFO - [2025-12-17T19:11:07.351+0000] {dag.py:3954} INFO - Setting next_dagrun for update_db to 2025-12-17 15:00:00+00:00, run_after=2025-12-18 15:00:00+00:00
[2025-12-17T19:11:07.356+0000] {logging_mixin.py:188} INFO - [2025-12-17T19:11:07.356+0000] {dag.py:3954} INFO - Setting next_dagrun for youtube_video_stats to 2025-12-17 14:00:00+00:00, run_after=2025-12-18 14:00:00+00:00
[2025-12-17T19:11:07.371+0000] {processor.py:183} INFO - Processing /opt/airflow/dags/main.py took 0.145 seconds
[2025-12-17T19:11:37.453+0000] {processor.py:161} INFO - Started process (PID=630) to work on /opt/airflow/dags/main.py
[2025-12-17T19:11:37.455+0000] {processor.py:830} INFO - Processing file /opt/airflow/dags/main.py for tasks to queue
[2025-12-17T19:11:37.456+0000] {logging_mixin.py:188} INFO - [2025-12-17T19:11:37.456+0000] {dagbag.py:545} INFO - Filling up the DagBag from /opt/airflow/dags/main.py
[2025-12-17T19:11:37.528+0000] {processor.py:840} INFO - DAG(s) 'update_db', 'youtube_video_stats' retrieved from /opt/airflow/dags/main.py
[2025-12-17T19:11:37.559+0000] {logging_mixin.py:188} INFO - [2025-12-17T19:11:37.559+0000] {dag.py:3096} INFO - Sync 2 DAGs
[2025-12-17T19:11:37.578+0000] {logging_mixin.py:188} INFO - [2025-12-17T19:11:37.578+0000] {dag.py:3954} INFO - Setting next_dagrun for update_db to 2025-12-17 15:00:00+00:00, run_after=2025-12-18 15:00:00+00:00
[2025-12-17T19:11:37.583+0000] {logging_mixin.py:188} INFO - [2025-12-17T19:11:37.583+0000] {dag.py:3954} INFO - Setting next_dagrun for youtube_video_stats to 2025-12-17 14:00:00+00:00, run_after=2025-12-18 14:00:00+00:00
[2025-12-17T19:11:37.603+0000] {processor.py:183} INFO - Processing /opt/airflow/dags/main.py took 0.156 seconds
[2025-12-17T19:12:07.773+0000] {processor.py:161} INFO - Started process (PID=637) to work on /opt/airflow/dags/main.py
[2025-12-17T19:12:07.774+0000] {processor.py:830} INFO - Processing file /opt/airflow/dags/main.py for tasks to queue
[2025-12-17T19:12:07.776+0000] {logging_mixin.py:188} INFO - [2025-12-17T19:12:07.776+0000] {dagbag.py:545} INFO - Filling up the DagBag from /opt/airflow/dags/main.py
[2025-12-17T19:12:07.849+0000] {processor.py:840} INFO - DAG(s) 'update_db', 'youtube_video_stats' retrieved from /opt/airflow/dags/main.py
[2025-12-17T19:12:07.878+0000] {logging_mixin.py:188} INFO - [2025-12-17T19:12:07.877+0000] {dag.py:3096} INFO - Sync 2 DAGs
[2025-12-17T19:12:07.897+0000] {logging_mixin.py:188} INFO - [2025-12-17T19:12:07.897+0000] {dag.py:3954} INFO - Setting next_dagrun for update_db to 2025-12-17 15:00:00+00:00, run_after=2025-12-18 15:00:00+00:00
[2025-12-17T19:12:07.902+0000] {logging_mixin.py:188} INFO - [2025-12-17T19:12:07.902+0000] {dag.py:3954} INFO - Setting next_dagrun for youtube_video_stats to 2025-12-17 14:00:00+00:00, run_after=2025-12-18 14:00:00+00:00
[2025-12-17T19:12:07.921+0000] {processor.py:183} INFO - Processing /opt/airflow/dags/main.py took 0.153 seconds
[2025-12-17T19:12:37.969+0000] {processor.py:161} INFO - Started process (PID=644) to work on /opt/airflow/dags/main.py
[2025-12-17T19:12:37.970+0000] {processor.py:830} INFO - Processing file /opt/airflow/dags/main.py for tasks to queue
[2025-12-17T19:12:37.971+0000] {logging_mixin.py:188} INFO - [2025-12-17T19:12:37.971+0000] {dagbag.py:545} INFO - Filling up the DagBag from /opt/airflow/dags/main.py
[2025-12-17T19:12:38.040+0000] {processor.py:840} INFO - DAG(s) 'youtube_video_stats', 'update_db' retrieved from /opt/airflow/dags/main.py
[2025-12-17T19:12:38.068+0000] {logging_mixin.py:188} INFO - [2025-12-17T19:12:38.068+0000] {dag.py:3096} INFO - Sync 2 DAGs
[2025-12-17T19:12:38.089+0000] {logging_mixin.py:188} INFO - [2025-12-17T19:12:38.089+0000] {dag.py:3954} INFO - Setting next_dagrun for update_db to 2025-12-17 15:00:00+00:00, run_after=2025-12-18 15:00:00+00:00
[2025-12-17T19:12:38.094+0000] {logging_mixin.py:188} INFO - [2025-12-17T19:12:38.094+0000] {dag.py:3954} INFO - Setting next_dagrun for youtube_video_stats to 2025-12-17 14:00:00+00:00, run_after=2025-12-18 14:00:00+00:00
[2025-12-17T19:12:38.113+0000] {processor.py:183} INFO - Processing /opt/airflow/dags/main.py took 0.151 seconds
[2025-12-17T19:13:08.308+0000] {processor.py:161} INFO - Started process (PID=651) to work on /opt/airflow/dags/main.py
[2025-12-17T19:13:08.309+0000] {processor.py:830} INFO - Processing file /opt/airflow/dags/main.py for tasks to queue
[2025-12-17T19:13:08.312+0000] {logging_mixin.py:188} INFO - [2025-12-17T19:13:08.311+0000] {dagbag.py:545} INFO - Filling up the DagBag from /opt/airflow/dags/main.py
[2025-12-17T19:13:08.399+0000] {processor.py:840} INFO - DAG(s) 'youtube_video_stats', 'update_db' retrieved from /opt/airflow/dags/main.py
[2025-12-17T19:13:08.432+0000] {logging_mixin.py:188} INFO - [2025-12-17T19:13:08.431+0000] {dag.py:3096} INFO - Sync 2 DAGs
[2025-12-17T19:13:08.455+0000] {logging_mixin.py:188} INFO - [2025-12-17T19:13:08.455+0000] {dag.py:3954} INFO - Setting next_dagrun for update_db to 2025-12-17 15:00:00+00:00, run_after=2025-12-18 15:00:00+00:00
[2025-12-17T19:13:08.462+0000] {logging_mixin.py:188} INFO - [2025-12-17T19:13:08.462+0000] {dag.py:3954} INFO - Setting next_dagrun for youtube_video_stats to 2025-12-17 14:00:00+00:00, run_after=2025-12-18 14:00:00+00:00
[2025-12-17T19:13:08.481+0000] {processor.py:183} INFO - Processing /opt/airflow/dags/main.py took 0.180 seconds
[2025-12-17T19:13:38.716+0000] {processor.py:161} INFO - Started process (PID=659) to work on /opt/airflow/dags/main.py
[2025-12-17T19:13:38.717+0000] {processor.py:830} INFO - Processing file /opt/airflow/dags/main.py for tasks to queue
[2025-12-17T19:13:38.719+0000] {logging_mixin.py:188} INFO - [2025-12-17T19:13:38.719+0000] {dagbag.py:545} INFO - Filling up the DagBag from /opt/airflow/dags/main.py
[2025-12-17T19:13:38.821+0000] {processor.py:840} INFO - DAG(s) 'youtube_video_stats', 'update_db' retrieved from /opt/airflow/dags/main.py
[2025-12-17T19:13:38.853+0000] {logging_mixin.py:188} INFO - [2025-12-17T19:13:38.853+0000] {dag.py:3096} INFO - Sync 2 DAGs
[2025-12-17T19:13:38.876+0000] {logging_mixin.py:188} INFO - [2025-12-17T19:13:38.876+0000] {dag.py:3954} INFO - Setting next_dagrun for update_db to 2025-12-17 15:00:00+00:00, run_after=2025-12-18 15:00:00+00:00
[2025-12-17T19:13:38.881+0000] {logging_mixin.py:188} INFO - [2025-12-17T19:13:38.881+0000] {dag.py:3954} INFO - Setting next_dagrun for youtube_video_stats to 2025-12-17 14:00:00+00:00, run_after=2025-12-18 14:00:00+00:00
[2025-12-17T19:13:38.900+0000] {processor.py:183} INFO - Processing /opt/airflow/dags/main.py took 0.190 seconds
[2025-12-17T19:14:09.041+0000] {processor.py:161} INFO - Started process (PID=666) to work on /opt/airflow/dags/main.py
[2025-12-17T19:14:09.042+0000] {processor.py:830} INFO - Processing file /opt/airflow/dags/main.py for tasks to queue
[2025-12-17T19:14:09.044+0000] {logging_mixin.py:188} INFO - [2025-12-17T19:14:09.044+0000] {dagbag.py:545} INFO - Filling up the DagBag from /opt/airflow/dags/main.py
[2025-12-17T19:14:09.115+0000] {processor.py:840} INFO - DAG(s) 'update_db', 'youtube_video_stats' retrieved from /opt/airflow/dags/main.py
[2025-12-17T19:14:09.144+0000] {logging_mixin.py:188} INFO - [2025-12-17T19:14:09.144+0000] {dag.py:3096} INFO - Sync 2 DAGs
[2025-12-17T19:14:09.166+0000] {logging_mixin.py:188} INFO - [2025-12-17T19:14:09.165+0000] {dag.py:3954} INFO - Setting next_dagrun for update_db to 2025-12-17 15:00:00+00:00, run_after=2025-12-18 15:00:00+00:00
[2025-12-17T19:14:09.171+0000] {logging_mixin.py:188} INFO - [2025-12-17T19:14:09.171+0000] {dag.py:3954} INFO - Setting next_dagrun for youtube_video_stats to 2025-12-17 14:00:00+00:00, run_after=2025-12-18 14:00:00+00:00
[2025-12-17T19:14:09.188+0000] {processor.py:183} INFO - Processing /opt/airflow/dags/main.py took 0.153 seconds
[2025-12-17T19:14:39.272+0000] {processor.py:161} INFO - Started process (PID=673) to work on /opt/airflow/dags/main.py
[2025-12-17T19:14:39.274+0000] {processor.py:830} INFO - Processing file /opt/airflow/dags/main.py for tasks to queue
[2025-12-17T19:14:39.276+0000] {logging_mixin.py:188} INFO - [2025-12-17T19:14:39.276+0000] {dagbag.py:545} INFO - Filling up the DagBag from /opt/airflow/dags/main.py
[2025-12-17T19:14:39.370+0000] {processor.py:840} INFO - DAG(s) 'youtube_video_stats', 'update_db' retrieved from /opt/airflow/dags/main.py
[2025-12-17T19:14:39.406+0000] {logging_mixin.py:188} INFO - [2025-12-17T19:14:39.405+0000] {dag.py:3096} INFO - Sync 2 DAGs
[2025-12-17T19:14:39.433+0000] {logging_mixin.py:188} INFO - [2025-12-17T19:14:39.433+0000] {dag.py:3954} INFO - Setting next_dagrun for update_db to 2025-12-17 15:00:00+00:00, run_after=2025-12-18 15:00:00+00:00
[2025-12-17T19:14:39.440+0000] {logging_mixin.py:188} INFO - [2025-12-17T19:14:39.439+0000] {dag.py:3954} INFO - Setting next_dagrun for youtube_video_stats to 2025-12-17 14:00:00+00:00, run_after=2025-12-18 14:00:00+00:00
[2025-12-17T19:14:39.465+0000] {processor.py:183} INFO - Processing /opt/airflow/dags/main.py took 0.200 seconds
[2025-12-17T19:15:09.556+0000] {processor.py:161} INFO - Started process (PID=680) to work on /opt/airflow/dags/main.py
[2025-12-17T19:15:09.559+0000] {processor.py:830} INFO - Processing file /opt/airflow/dags/main.py for tasks to queue
[2025-12-17T19:15:09.563+0000] {logging_mixin.py:188} INFO - [2025-12-17T19:15:09.562+0000] {dagbag.py:545} INFO - Filling up the DagBag from /opt/airflow/dags/main.py
[2025-12-17T19:15:09.654+0000] {processor.py:840} INFO - DAG(s) 'update_db', 'youtube_video_stats' retrieved from /opt/airflow/dags/main.py
[2025-12-17T19:15:09.687+0000] {logging_mixin.py:188} INFO - [2025-12-17T19:15:09.687+0000] {dag.py:3096} INFO - Sync 2 DAGs
[2025-12-17T19:15:09.711+0000] {logging_mixin.py:188} INFO - [2025-12-17T19:15:09.711+0000] {dag.py:3954} INFO - Setting next_dagrun for update_db to 2025-12-17 15:00:00+00:00, run_after=2025-12-18 15:00:00+00:00
[2025-12-17T19:15:09.717+0000] {logging_mixin.py:188} INFO - [2025-12-17T19:15:09.717+0000] {dag.py:3954} INFO - Setting next_dagrun for youtube_video_stats to 2025-12-17 14:00:00+00:00, run_after=2025-12-18 14:00:00+00:00
[2025-12-17T19:15:09.737+0000] {processor.py:183} INFO - Processing /opt/airflow/dags/main.py took 0.189 seconds
[2025-12-17T19:15:39.833+0000] {processor.py:161} INFO - Started process (PID=688) to work on /opt/airflow/dags/main.py
[2025-12-17T19:15:39.835+0000] {processor.py:830} INFO - Processing file /opt/airflow/dags/main.py for tasks to queue
[2025-12-17T19:15:39.836+0000] {logging_mixin.py:188} INFO - [2025-12-17T19:15:39.836+0000] {dagbag.py:545} INFO - Filling up the DagBag from /opt/airflow/dags/main.py
[2025-12-17T19:15:39.920+0000] {processor.py:840} INFO - DAG(s) 'youtube_video_stats', 'update_db' retrieved from /opt/airflow/dags/main.py
[2025-12-17T19:15:39.948+0000] {logging_mixin.py:188} INFO - [2025-12-17T19:15:39.948+0000] {dag.py:3096} INFO - Sync 2 DAGs
[2025-12-17T19:15:39.970+0000] {logging_mixin.py:188} INFO - [2025-12-17T19:15:39.969+0000] {dag.py:3954} INFO - Setting next_dagrun for update_db to 2025-12-17 15:00:00+00:00, run_after=2025-12-18 15:00:00+00:00
[2025-12-17T19:15:39.975+0000] {logging_mixin.py:188} INFO - [2025-12-17T19:15:39.975+0000] {dag.py:3954} INFO - Setting next_dagrun for youtube_video_stats to 2025-12-17 14:00:00+00:00, run_after=2025-12-18 14:00:00+00:00
[2025-12-17T19:15:39.998+0000] {processor.py:183} INFO - Processing /opt/airflow/dags/main.py took 0.170 seconds
[2025-12-17T19:16:10.112+0000] {processor.py:161} INFO - Started process (PID=695) to work on /opt/airflow/dags/main.py
[2025-12-17T19:16:10.113+0000] {processor.py:830} INFO - Processing file /opt/airflow/dags/main.py for tasks to queue
[2025-12-17T19:16:10.115+0000] {logging_mixin.py:188} INFO - [2025-12-17T19:16:10.114+0000] {dagbag.py:545} INFO - Filling up the DagBag from /opt/airflow/dags/main.py
[2025-12-17T19:16:10.198+0000] {processor.py:840} INFO - DAG(s) 'youtube_video_stats', 'update_db' retrieved from /opt/airflow/dags/main.py
[2025-12-17T19:16:10.234+0000] {logging_mixin.py:188} INFO - [2025-12-17T19:16:10.234+0000] {dag.py:3096} INFO - Sync 2 DAGs
[2025-12-17T19:16:10.262+0000] {logging_mixin.py:188} INFO - [2025-12-17T19:16:10.262+0000] {dag.py:3954} INFO - Setting next_dagrun for update_db to 2025-12-17 15:00:00+00:00, run_after=2025-12-18 15:00:00+00:00
[2025-12-17T19:16:10.270+0000] {logging_mixin.py:188} INFO - [2025-12-17T19:16:10.270+0000] {dag.py:3954} INFO - Setting next_dagrun for youtube_video_stats to 2025-12-17 14:00:00+00:00, run_after=2025-12-18 14:00:00+00:00
[2025-12-17T19:16:10.294+0000] {processor.py:183} INFO - Processing /opt/airflow/dags/main.py took 0.188 seconds
[2025-12-17T19:16:40.357+0000] {processor.py:161} INFO - Started process (PID=702) to work on /opt/airflow/dags/main.py
[2025-12-17T19:16:40.358+0000] {processor.py:830} INFO - Processing file /opt/airflow/dags/main.py for tasks to queue
[2025-12-17T19:16:40.360+0000] {logging_mixin.py:188} INFO - [2025-12-17T19:16:40.360+0000] {dagbag.py:545} INFO - Filling up the DagBag from /opt/airflow/dags/main.py
[2025-12-17T19:16:40.436+0000] {processor.py:840} INFO - DAG(s) 'update_db', 'youtube_video_stats' retrieved from /opt/airflow/dags/main.py
[2025-12-17T19:16:40.464+0000] {logging_mixin.py:188} INFO - [2025-12-17T19:16:40.464+0000] {dag.py:3096} INFO - Sync 2 DAGs
[2025-12-17T19:16:40.487+0000] {logging_mixin.py:188} INFO - [2025-12-17T19:16:40.487+0000] {dag.py:3954} INFO - Setting next_dagrun for update_db to 2025-12-17 15:00:00+00:00, run_after=2025-12-18 15:00:00+00:00
[2025-12-17T19:16:40.492+0000] {logging_mixin.py:188} INFO - [2025-12-17T19:16:40.492+0000] {dag.py:3954} INFO - Setting next_dagrun for youtube_video_stats to 2025-12-17 14:00:00+00:00, run_after=2025-12-18 14:00:00+00:00
[2025-12-17T19:16:40.509+0000] {processor.py:183} INFO - Processing /opt/airflow/dags/main.py took 0.158 seconds
[2025-12-17T19:17:10.651+0000] {processor.py:161} INFO - Started process (PID=709) to work on /opt/airflow/dags/main.py
[2025-12-17T19:17:10.652+0000] {processor.py:830} INFO - Processing file /opt/airflow/dags/main.py for tasks to queue
[2025-12-17T19:17:10.653+0000] {logging_mixin.py:188} INFO - [2025-12-17T19:17:10.653+0000] {dagbag.py:545} INFO - Filling up the DagBag from /opt/airflow/dags/main.py
[2025-12-17T19:17:10.744+0000] {processor.py:840} INFO - DAG(s) 'youtube_video_stats', 'update_db' retrieved from /opt/airflow/dags/main.py
[2025-12-17T19:17:10.776+0000] {logging_mixin.py:188} INFO - [2025-12-17T19:17:10.776+0000] {dag.py:3096} INFO - Sync 2 DAGs
[2025-12-17T19:17:10.800+0000] {logging_mixin.py:188} INFO - [2025-12-17T19:17:10.800+0000] {dag.py:3954} INFO - Setting next_dagrun for update_db to 2025-12-17 15:00:00+00:00, run_after=2025-12-18 15:00:00+00:00
[2025-12-17T19:17:10.805+0000] {logging_mixin.py:188} INFO - [2025-12-17T19:17:10.805+0000] {dag.py:3954} INFO - Setting next_dagrun for youtube_video_stats to 2025-12-17 14:00:00+00:00, run_after=2025-12-18 14:00:00+00:00
[2025-12-17T19:17:10.829+0000] {processor.py:183} INFO - Processing /opt/airflow/dags/main.py took 0.184 seconds
[2025-12-17T19:17:40.870+0000] {processor.py:161} INFO - Started process (PID=716) to work on /opt/airflow/dags/main.py
[2025-12-17T19:17:40.872+0000] {processor.py:830} INFO - Processing file /opt/airflow/dags/main.py for tasks to queue
[2025-12-17T19:17:40.874+0000] {logging_mixin.py:188} INFO - [2025-12-17T19:17:40.874+0000] {dagbag.py:545} INFO - Filling up the DagBag from /opt/airflow/dags/main.py
[2025-12-17T19:17:40.982+0000] {processor.py:840} INFO - DAG(s) 'youtube_video_stats', 'update_db' retrieved from /opt/airflow/dags/main.py
[2025-12-17T19:17:41.015+0000] {logging_mixin.py:188} INFO - [2025-12-17T19:17:41.014+0000] {dag.py:3096} INFO - Sync 2 DAGs
[2025-12-17T19:17:41.038+0000] {logging_mixin.py:188} INFO - [2025-12-17T19:17:41.038+0000] {dag.py:3954} INFO - Setting next_dagrun for update_db to 2025-12-17 15:00:00+00:00, run_after=2025-12-18 15:00:00+00:00
[2025-12-17T19:17:41.045+0000] {logging_mixin.py:188} INFO - [2025-12-17T19:17:41.044+0000] {dag.py:3954} INFO - Setting next_dagrun for youtube_video_stats to 2025-12-17 14:00:00+00:00, run_after=2025-12-18 14:00:00+00:00
[2025-12-17T19:17:41.070+0000] {processor.py:183} INFO - Processing /opt/airflow/dags/main.py took 0.207 seconds
[2025-12-17T19:18:11.192+0000] {processor.py:161} INFO - Started process (PID=723) to work on /opt/airflow/dags/main.py
[2025-12-17T19:18:11.193+0000] {processor.py:830} INFO - Processing file /opt/airflow/dags/main.py for tasks to queue
[2025-12-17T19:18:11.195+0000] {logging_mixin.py:188} INFO - [2025-12-17T19:18:11.195+0000] {dagbag.py:545} INFO - Filling up the DagBag from /opt/airflow/dags/main.py
[2025-12-17T19:18:11.271+0000] {processor.py:840} INFO - DAG(s) 'update_db', 'youtube_video_stats' retrieved from /opt/airflow/dags/main.py
[2025-12-17T19:18:11.300+0000] {logging_mixin.py:188} INFO - [2025-12-17T19:18:11.300+0000] {dag.py:3096} INFO - Sync 2 DAGs
[2025-12-17T19:18:11.320+0000] {logging_mixin.py:188} INFO - [2025-12-17T19:18:11.319+0000] {dag.py:3954} INFO - Setting next_dagrun for update_db to 2025-12-17 15:00:00+00:00, run_after=2025-12-18 15:00:00+00:00
[2025-12-17T19:18:11.326+0000] {logging_mixin.py:188} INFO - [2025-12-17T19:18:11.326+0000] {dag.py:3954} INFO - Setting next_dagrun for youtube_video_stats to 2025-12-17 14:00:00+00:00, run_after=2025-12-18 14:00:00+00:00
[2025-12-17T19:18:11.369+0000] {processor.py:183} INFO - Processing /opt/airflow/dags/main.py took 0.183 seconds
[2025-12-17T19:18:41.560+0000] {processor.py:161} INFO - Started process (PID=730) to work on /opt/airflow/dags/main.py
[2025-12-17T19:18:41.562+0000] {processor.py:830} INFO - Processing file /opt/airflow/dags/main.py for tasks to queue
[2025-12-17T19:18:41.566+0000] {logging_mixin.py:188} INFO - [2025-12-17T19:18:41.566+0000] {dagbag.py:545} INFO - Filling up the DagBag from /opt/airflow/dags/main.py
[2025-12-17T19:18:41.684+0000] {processor.py:840} INFO - DAG(s) 'youtube_video_stats', 'update_db' retrieved from /opt/airflow/dags/main.py
[2025-12-17T19:18:41.725+0000] {logging_mixin.py:188} INFO - [2025-12-17T19:18:41.724+0000] {dag.py:3096} INFO - Sync 2 DAGs
[2025-12-17T19:18:41.762+0000] {logging_mixin.py:188} INFO - [2025-12-17T19:18:41.762+0000] {dag.py:3954} INFO - Setting next_dagrun for update_db to 2025-12-17 15:00:00+00:00, run_after=2025-12-18 15:00:00+00:00
[2025-12-17T19:18:41.771+0000] {logging_mixin.py:188} INFO - [2025-12-17T19:18:41.771+0000] {dag.py:3954} INFO - Setting next_dagrun for youtube_video_stats to 2025-12-17 14:00:00+00:00, run_after=2025-12-18 14:00:00+00:00
[2025-12-17T19:18:41.899+0000] {processor.py:183} INFO - Processing /opt/airflow/dags/main.py took 0.358 seconds
[2025-12-17T19:19:12.337+0000] {processor.py:161} INFO - Started process (PID=737) to work on /opt/airflow/dags/main.py
[2025-12-17T19:19:12.339+0000] {processor.py:830} INFO - Processing file /opt/airflow/dags/main.py for tasks to queue
[2025-12-17T19:19:12.343+0000] {logging_mixin.py:188} INFO - [2025-12-17T19:19:12.342+0000] {dagbag.py:545} INFO - Filling up the DagBag from /opt/airflow/dags/main.py
[2025-12-17T19:19:12.478+0000] {processor.py:840} INFO - DAG(s) 'update_db', 'youtube_video_stats' retrieved from /opt/airflow/dags/main.py
[2025-12-17T19:19:12.516+0000] {logging_mixin.py:188} INFO - [2025-12-17T19:19:12.515+0000] {dag.py:3096} INFO - Sync 2 DAGs
[2025-12-17T19:19:12.542+0000] {logging_mixin.py:188} INFO - [2025-12-17T19:19:12.541+0000] {dag.py:3954} INFO - Setting next_dagrun for update_db to 2025-12-17 15:00:00+00:00, run_after=2025-12-18 15:00:00+00:00
[2025-12-17T19:19:12.549+0000] {logging_mixin.py:188} INFO - [2025-12-17T19:19:12.549+0000] {dag.py:3954} INFO - Setting next_dagrun for youtube_video_stats to 2025-12-17 14:00:00+00:00, run_after=2025-12-18 14:00:00+00:00
[2025-12-17T19:19:12.571+0000] {processor.py:183} INFO - Processing /opt/airflow/dags/main.py took 0.242 seconds
[2025-12-17T19:19:42.801+0000] {processor.py:161} INFO - Started process (PID=745) to work on /opt/airflow/dags/main.py
[2025-12-17T19:19:42.802+0000] {processor.py:830} INFO - Processing file /opt/airflow/dags/main.py for tasks to queue
[2025-12-17T19:19:42.805+0000] {logging_mixin.py:188} INFO - [2025-12-17T19:19:42.805+0000] {dagbag.py:545} INFO - Filling up the DagBag from /opt/airflow/dags/main.py
[2025-12-17T19:19:42.918+0000] {processor.py:840} INFO - DAG(s) 'update_db', 'youtube_video_stats' retrieved from /opt/airflow/dags/main.py
[2025-12-17T19:19:42.963+0000] {logging_mixin.py:188} INFO - [2025-12-17T19:19:42.963+0000] {dag.py:3096} INFO - Sync 2 DAGs
[2025-12-17T19:19:42.993+0000] {logging_mixin.py:188} INFO - [2025-12-17T19:19:42.993+0000] {dag.py:3954} INFO - Setting next_dagrun for update_db to 2025-12-17 15:00:00+00:00, run_after=2025-12-18 15:00:00+00:00
[2025-12-17T19:19:43.001+0000] {logging_mixin.py:188} INFO - [2025-12-17T19:19:43.001+0000] {dag.py:3954} INFO - Setting next_dagrun for youtube_video_stats to 2025-12-17 14:00:00+00:00, run_after=2025-12-18 14:00:00+00:00
[2025-12-17T19:19:43.026+0000] {processor.py:183} INFO - Processing /opt/airflow/dags/main.py took 0.233 seconds
[2025-12-17T19:20:13.239+0000] {processor.py:161} INFO - Started process (PID=752) to work on /opt/airflow/dags/main.py
[2025-12-17T19:20:13.241+0000] {processor.py:830} INFO - Processing file /opt/airflow/dags/main.py for tasks to queue
[2025-12-17T19:20:13.242+0000] {logging_mixin.py:188} INFO - [2025-12-17T19:20:13.242+0000] {dagbag.py:545} INFO - Filling up the DagBag from /opt/airflow/dags/main.py
[2025-12-17T19:20:13.321+0000] {processor.py:840} INFO - DAG(s) 'update_db', 'youtube_video_stats' retrieved from /opt/airflow/dags/main.py
[2025-12-17T19:20:13.349+0000] {logging_mixin.py:188} INFO - [2025-12-17T19:20:13.349+0000] {dag.py:3096} INFO - Sync 2 DAGs
[2025-12-17T19:20:13.367+0000] {logging_mixin.py:188} INFO - [2025-12-17T19:20:13.366+0000] {dag.py:3954} INFO - Setting next_dagrun for update_db to 2025-12-17 15:00:00+00:00, run_after=2025-12-18 15:00:00+00:00
[2025-12-17T19:20:13.371+0000] {logging_mixin.py:188} INFO - [2025-12-17T19:20:13.371+0000] {dag.py:3954} INFO - Setting next_dagrun for youtube_video_stats to 2025-12-17 14:00:00+00:00, run_after=2025-12-18 14:00:00+00:00
[2025-12-17T19:20:13.386+0000] {processor.py:183} INFO - Processing /opt/airflow/dags/main.py took 0.152 seconds
[2025-12-17T19:20:43.443+0000] {processor.py:161} INFO - Started process (PID=759) to work on /opt/airflow/dags/main.py
[2025-12-17T19:20:43.444+0000] {processor.py:830} INFO - Processing file /opt/airflow/dags/main.py for tasks to queue
[2025-12-17T19:20:43.446+0000] {logging_mixin.py:188} INFO - [2025-12-17T19:20:43.446+0000] {dagbag.py:545} INFO - Filling up the DagBag from /opt/airflow/dags/main.py
[2025-12-17T19:20:43.535+0000] {processor.py:840} INFO - DAG(s) 'youtube_video_stats', 'update_db' retrieved from /opt/airflow/dags/main.py
[2025-12-17T19:20:43.562+0000] {logging_mixin.py:188} INFO - [2025-12-17T19:20:43.562+0000] {dag.py:3096} INFO - Sync 2 DAGs
[2025-12-17T19:20:43.587+0000] {logging_mixin.py:188} INFO - [2025-12-17T19:20:43.586+0000] {dag.py:3954} INFO - Setting next_dagrun for update_db to 2025-12-17 15:00:00+00:00, run_after=2025-12-18 15:00:00+00:00
[2025-12-17T19:20:43.593+0000] {logging_mixin.py:188} INFO - [2025-12-17T19:20:43.593+0000] {dag.py:3954} INFO - Setting next_dagrun for youtube_video_stats to 2025-12-17 14:00:00+00:00, run_after=2025-12-18 14:00:00+00:00
[2025-12-17T19:20:43.617+0000] {processor.py:183} INFO - Processing /opt/airflow/dags/main.py took 0.179 seconds
[2025-12-17T19:21:13.815+0000] {processor.py:161} INFO - Started process (PID=766) to work on /opt/airflow/dags/main.py
[2025-12-17T19:21:13.817+0000] {processor.py:830} INFO - Processing file /opt/airflow/dags/main.py for tasks to queue
[2025-12-17T19:21:13.819+0000] {logging_mixin.py:188} INFO - [2025-12-17T19:21:13.818+0000] {dagbag.py:545} INFO - Filling up the DagBag from /opt/airflow/dags/main.py
[2025-12-17T19:21:13.901+0000] {processor.py:840} INFO - DAG(s) 'update_db', 'youtube_video_stats' retrieved from /opt/airflow/dags/main.py
[2025-12-17T19:21:13.930+0000] {logging_mixin.py:188} INFO - [2025-12-17T19:21:13.930+0000] {dag.py:3096} INFO - Sync 2 DAGs
[2025-12-17T19:21:13.952+0000] {logging_mixin.py:188} INFO - [2025-12-17T19:21:13.952+0000] {dag.py:3954} INFO - Setting next_dagrun for update_db to 2025-12-17 15:00:00+00:00, run_after=2025-12-18 15:00:00+00:00
[2025-12-17T19:21:13.958+0000] {logging_mixin.py:188} INFO - [2025-12-17T19:21:13.958+0000] {dag.py:3954} INFO - Setting next_dagrun for youtube_video_stats to 2025-12-17 14:00:00+00:00, run_after=2025-12-18 14:00:00+00:00
[2025-12-17T19:21:13.979+0000] {processor.py:183} INFO - Processing /opt/airflow/dags/main.py took 0.169 seconds
[2025-12-17T19:21:44.016+0000] {processor.py:161} INFO - Started process (PID=774) to work on /opt/airflow/dags/main.py
[2025-12-17T19:21:44.018+0000] {processor.py:830} INFO - Processing file /opt/airflow/dags/main.py for tasks to queue
[2025-12-17T19:21:44.019+0000] {logging_mixin.py:188} INFO - [2025-12-17T19:21:44.019+0000] {dagbag.py:545} INFO - Filling up the DagBag from /opt/airflow/dags/main.py
[2025-12-17T19:21:44.090+0000] {processor.py:840} INFO - DAG(s) 'update_db', 'youtube_video_stats' retrieved from /opt/airflow/dags/main.py
[2025-12-17T19:21:44.118+0000] {logging_mixin.py:188} INFO - [2025-12-17T19:21:44.117+0000] {dag.py:3096} INFO - Sync 2 DAGs
[2025-12-17T19:21:44.136+0000] {logging_mixin.py:188} INFO - [2025-12-17T19:21:44.136+0000] {dag.py:3954} INFO - Setting next_dagrun for update_db to 2025-12-17 15:00:00+00:00, run_after=2025-12-18 15:00:00+00:00
[2025-12-17T19:21:44.141+0000] {logging_mixin.py:188} INFO - [2025-12-17T19:21:44.141+0000] {dag.py:3954} INFO - Setting next_dagrun for youtube_video_stats to 2025-12-17 14:00:00+00:00, run_after=2025-12-18 14:00:00+00:00
[2025-12-17T19:21:44.162+0000] {processor.py:183} INFO - Processing /opt/airflow/dags/main.py took 0.151 seconds
[2025-12-17T19:22:14.382+0000] {processor.py:161} INFO - Started process (PID=781) to work on /opt/airflow/dags/main.py
[2025-12-17T19:22:14.383+0000] {processor.py:830} INFO - Processing file /opt/airflow/dags/main.py for tasks to queue
[2025-12-17T19:22:14.384+0000] {logging_mixin.py:188} INFO - [2025-12-17T19:22:14.384+0000] {dagbag.py:545} INFO - Filling up the DagBag from /opt/airflow/dags/main.py
[2025-12-17T19:22:14.459+0000] {processor.py:840} INFO - DAG(s) 'update_db', 'youtube_video_stats' retrieved from /opt/airflow/dags/main.py
[2025-12-17T19:22:14.484+0000] {logging_mixin.py:188} INFO - [2025-12-17T19:22:14.484+0000] {dag.py:3096} INFO - Sync 2 DAGs
[2025-12-17T19:22:14.504+0000] {logging_mixin.py:188} INFO - [2025-12-17T19:22:14.504+0000] {dag.py:3954} INFO - Setting next_dagrun for update_db to 2025-12-17 15:00:00+00:00, run_after=2025-12-18 15:00:00+00:00
[2025-12-17T19:22:14.509+0000] {logging_mixin.py:188} INFO - [2025-12-17T19:22:14.509+0000] {dag.py:3954} INFO - Setting next_dagrun for youtube_video_stats to 2025-12-17 14:00:00+00:00, run_after=2025-12-18 14:00:00+00:00
[2025-12-17T19:22:14.523+0000] {processor.py:183} INFO - Processing /opt/airflow/dags/main.py took 0.146 seconds
[2025-12-17T19:22:44.607+0000] {processor.py:161} INFO - Started process (PID=788) to work on /opt/airflow/dags/main.py
[2025-12-17T19:22:44.608+0000] {processor.py:830} INFO - Processing file /opt/airflow/dags/main.py for tasks to queue
[2025-12-17T19:22:44.611+0000] {logging_mixin.py:188} INFO - [2025-12-17T19:22:44.611+0000] {dagbag.py:545} INFO - Filling up the DagBag from /opt/airflow/dags/main.py
[2025-12-17T19:22:44.700+0000] {processor.py:840} INFO - DAG(s) 'update_db', 'youtube_video_stats' retrieved from /opt/airflow/dags/main.py
[2025-12-17T19:22:44.728+0000] {logging_mixin.py:188} INFO - [2025-12-17T19:22:44.728+0000] {dag.py:3096} INFO - Sync 2 DAGs
[2025-12-17T19:22:44.752+0000] {logging_mixin.py:188} INFO - [2025-12-17T19:22:44.752+0000] {dag.py:3954} INFO - Setting next_dagrun for update_db to 2025-12-17 15:00:00+00:00, run_after=2025-12-18 15:00:00+00:00
[2025-12-17T19:22:44.757+0000] {logging_mixin.py:188} INFO - [2025-12-17T19:22:44.757+0000] {dag.py:3954} INFO - Setting next_dagrun for youtube_video_stats to 2025-12-17 14:00:00+00:00, run_after=2025-12-18 14:00:00+00:00
[2025-12-17T19:22:44.778+0000] {processor.py:183} INFO - Processing /opt/airflow/dags/main.py took 0.181 seconds
[2025-12-17T19:23:14.943+0000] {processor.py:161} INFO - Started process (PID=795) to work on /opt/airflow/dags/main.py
[2025-12-17T19:23:14.944+0000] {processor.py:830} INFO - Processing file /opt/airflow/dags/main.py for tasks to queue
[2025-12-17T19:23:14.946+0000] {logging_mixin.py:188} INFO - [2025-12-17T19:23:14.946+0000] {dagbag.py:545} INFO - Filling up the DagBag from /opt/airflow/dags/main.py
[2025-12-17T19:23:15.030+0000] {processor.py:840} INFO - DAG(s) 'update_db', 'youtube_video_stats' retrieved from /opt/airflow/dags/main.py
[2025-12-17T19:23:15.058+0000] {logging_mixin.py:188} INFO - [2025-12-17T19:23:15.058+0000] {dag.py:3096} INFO - Sync 2 DAGs
[2025-12-17T19:23:15.078+0000] {logging_mixin.py:188} INFO - [2025-12-17T19:23:15.078+0000] {dag.py:3954} INFO - Setting next_dagrun for update_db to 2025-12-17 15:00:00+00:00, run_after=2025-12-18 15:00:00+00:00
[2025-12-17T19:23:15.083+0000] {logging_mixin.py:188} INFO - [2025-12-17T19:23:15.083+0000] {dag.py:3954} INFO - Setting next_dagrun for youtube_video_stats to 2025-12-17 14:00:00+00:00, run_after=2025-12-18 14:00:00+00:00
[2025-12-17T19:23:15.101+0000] {processor.py:183} INFO - Processing /opt/airflow/dags/main.py took 0.165 seconds
[2025-12-17T19:23:45.177+0000] {processor.py:161} INFO - Started process (PID=802) to work on /opt/airflow/dags/main.py
[2025-12-17T19:23:45.178+0000] {processor.py:830} INFO - Processing file /opt/airflow/dags/main.py for tasks to queue
[2025-12-17T19:23:45.180+0000] {logging_mixin.py:188} INFO - [2025-12-17T19:23:45.180+0000] {dagbag.py:545} INFO - Filling up the DagBag from /opt/airflow/dags/main.py
[2025-12-17T19:23:45.250+0000] {processor.py:840} INFO - DAG(s) 'youtube_video_stats', 'update_db' retrieved from /opt/airflow/dags/main.py
[2025-12-17T19:23:45.279+0000] {logging_mixin.py:188} INFO - [2025-12-17T19:23:45.279+0000] {dag.py:3096} INFO - Sync 2 DAGs
[2025-12-17T19:23:45.299+0000] {logging_mixin.py:188} INFO - [2025-12-17T19:23:45.298+0000] {dag.py:3954} INFO - Setting next_dagrun for update_db to 2025-12-17 15:00:00+00:00, run_after=2025-12-18 15:00:00+00:00
[2025-12-17T19:23:45.304+0000] {logging_mixin.py:188} INFO - [2025-12-17T19:23:45.304+0000] {dag.py:3954} INFO - Setting next_dagrun for youtube_video_stats to 2025-12-17 14:00:00+00:00, run_after=2025-12-18 14:00:00+00:00
[2025-12-17T19:23:45.323+0000] {processor.py:183} INFO - Processing /opt/airflow/dags/main.py took 0.152 seconds
[2025-12-17T19:24:15.590+0000] {processor.py:161} INFO - Started process (PID=809) to work on /opt/airflow/dags/main.py
[2025-12-17T19:24:15.591+0000] {processor.py:830} INFO - Processing file /opt/airflow/dags/main.py for tasks to queue
[2025-12-17T19:24:15.593+0000] {logging_mixin.py:188} INFO - [2025-12-17T19:24:15.593+0000] {dagbag.py:545} INFO - Filling up the DagBag from /opt/airflow/dags/main.py
[2025-12-17T19:24:15.664+0000] {processor.py:840} INFO - DAG(s) 'youtube_video_stats', 'update_db' retrieved from /opt/airflow/dags/main.py
[2025-12-17T19:24:15.690+0000] {logging_mixin.py:188} INFO - [2025-12-17T19:24:15.690+0000] {dag.py:3096} INFO - Sync 2 DAGs
[2025-12-17T19:24:15.710+0000] {logging_mixin.py:188} INFO - [2025-12-17T19:24:15.710+0000] {dag.py:3954} INFO - Setting next_dagrun for update_db to 2025-12-17 15:00:00+00:00, run_after=2025-12-18 15:00:00+00:00
[2025-12-17T19:24:15.715+0000] {logging_mixin.py:188} INFO - [2025-12-17T19:24:15.715+0000] {dag.py:3954} INFO - Setting next_dagrun for youtube_video_stats to 2025-12-17 14:00:00+00:00, run_after=2025-12-18 14:00:00+00:00
[2025-12-17T19:24:15.734+0000] {processor.py:183} INFO - Processing /opt/airflow/dags/main.py took 0.150 seconds
[2025-12-17T19:24:45.822+0000] {processor.py:161} INFO - Started process (PID=816) to work on /opt/airflow/dags/main.py
[2025-12-17T19:24:45.823+0000] {processor.py:830} INFO - Processing file /opt/airflow/dags/main.py for tasks to queue
[2025-12-17T19:24:45.825+0000] {logging_mixin.py:188} INFO - [2025-12-17T19:24:45.825+0000] {dagbag.py:545} INFO - Filling up the DagBag from /opt/airflow/dags/main.py
[2025-12-17T19:24:45.922+0000] {processor.py:840} INFO - DAG(s) 'youtube_video_stats', 'update_db' retrieved from /opt/airflow/dags/main.py
[2025-12-17T19:24:45.953+0000] {logging_mixin.py:188} INFO - [2025-12-17T19:24:45.953+0000] {dag.py:3096} INFO - Sync 2 DAGs
[2025-12-17T19:24:45.979+0000] {logging_mixin.py:188} INFO - [2025-12-17T19:24:45.978+0000] {dag.py:3954} INFO - Setting next_dagrun for update_db to 2025-12-17 15:00:00+00:00, run_after=2025-12-18 15:00:00+00:00
[2025-12-17T19:24:45.985+0000] {logging_mixin.py:188} INFO - [2025-12-17T19:24:45.985+0000] {dag.py:3954} INFO - Setting next_dagrun for youtube_video_stats to 2025-12-17 14:00:00+00:00, run_after=2025-12-18 14:00:00+00:00
[2025-12-17T19:24:46.001+0000] {processor.py:183} INFO - Processing /opt/airflow/dags/main.py took 0.186 seconds
[2025-12-17T19:25:16.133+0000] {processor.py:161} INFO - Started process (PID=823) to work on /opt/airflow/dags/main.py
[2025-12-17T19:25:16.134+0000] {processor.py:830} INFO - Processing file /opt/airflow/dags/main.py for tasks to queue
[2025-12-17T19:25:16.136+0000] {logging_mixin.py:188} INFO - [2025-12-17T19:25:16.136+0000] {dagbag.py:545} INFO - Filling up the DagBag from /opt/airflow/dags/main.py
[2025-12-17T19:25:16.212+0000] {processor.py:840} INFO - DAG(s) 'youtube_video_stats', 'update_db' retrieved from /opt/airflow/dags/main.py
[2025-12-17T19:25:16.241+0000] {logging_mixin.py:188} INFO - [2025-12-17T19:25:16.241+0000] {dag.py:3096} INFO - Sync 2 DAGs
[2025-12-17T19:25:16.264+0000] {logging_mixin.py:188} INFO - [2025-12-17T19:25:16.263+0000] {dag.py:3954} INFO - Setting next_dagrun for update_db to 2025-12-17 15:00:00+00:00, run_after=2025-12-18 15:00:00+00:00
[2025-12-17T19:25:16.270+0000] {logging_mixin.py:188} INFO - [2025-12-17T19:25:16.269+0000] {dag.py:3954} INFO - Setting next_dagrun for youtube_video_stats to 2025-12-17 14:00:00+00:00, run_after=2025-12-18 14:00:00+00:00
[2025-12-17T19:25:16.289+0000] {processor.py:183} INFO - Processing /opt/airflow/dags/main.py took 0.161 seconds
[2025-12-17T19:25:46.397+0000] {processor.py:161} INFO - Started process (PID=830) to work on /opt/airflow/dags/main.py
[2025-12-17T19:25:46.398+0000] {processor.py:830} INFO - Processing file /opt/airflow/dags/main.py for tasks to queue
[2025-12-17T19:25:46.400+0000] {logging_mixin.py:188} INFO - [2025-12-17T19:25:46.399+0000] {dagbag.py:545} INFO - Filling up the DagBag from /opt/airflow/dags/main.py
[2025-12-17T19:25:46.470+0000] {processor.py:840} INFO - DAG(s) 'update_db', 'youtube_video_stats' retrieved from /opt/airflow/dags/main.py
[2025-12-17T19:25:46.498+0000] {logging_mixin.py:188} INFO - [2025-12-17T19:25:46.498+0000] {dag.py:3096} INFO - Sync 2 DAGs
[2025-12-17T19:25:46.519+0000] {logging_mixin.py:188} INFO - [2025-12-17T19:25:46.519+0000] {dag.py:3954} INFO - Setting next_dagrun for update_db to 2025-12-17 15:00:00+00:00, run_after=2025-12-18 15:00:00+00:00
[2025-12-17T19:25:46.524+0000] {logging_mixin.py:188} INFO - [2025-12-17T19:25:46.524+0000] {dag.py:3954} INFO - Setting next_dagrun for youtube_video_stats to 2025-12-17 14:00:00+00:00, run_after=2025-12-18 14:00:00+00:00
[2025-12-17T19:25:46.543+0000] {processor.py:183} INFO - Processing /opt/airflow/dags/main.py took 0.151 seconds
[2025-12-17T19:26:16.699+0000] {processor.py:161} INFO - Started process (PID=837) to work on /opt/airflow/dags/main.py
[2025-12-17T19:26:16.700+0000] {processor.py:830} INFO - Processing file /opt/airflow/dags/main.py for tasks to queue
[2025-12-17T19:26:16.702+0000] {logging_mixin.py:188} INFO - [2025-12-17T19:26:16.702+0000] {dagbag.py:545} INFO - Filling up the DagBag from /opt/airflow/dags/main.py
[2025-12-17T19:26:16.776+0000] {processor.py:840} INFO - DAG(s) 'youtube_video_stats', 'update_db' retrieved from /opt/airflow/dags/main.py
[2025-12-17T19:26:16.806+0000] {logging_mixin.py:188} INFO - [2025-12-17T19:26:16.806+0000] {dag.py:3096} INFO - Sync 2 DAGs
[2025-12-17T19:26:16.827+0000] {logging_mixin.py:188} INFO - [2025-12-17T19:26:16.827+0000] {dag.py:3954} INFO - Setting next_dagrun for update_db to 2025-12-17 15:00:00+00:00, run_after=2025-12-18 15:00:00+00:00
[2025-12-17T19:26:16.831+0000] {logging_mixin.py:188} INFO - [2025-12-17T19:26:16.831+0000] {dag.py:3954} INFO - Setting next_dagrun for youtube_video_stats to 2025-12-17 14:00:00+00:00, run_after=2025-12-18 14:00:00+00:00
[2025-12-17T19:26:16.853+0000] {processor.py:183} INFO - Processing /opt/airflow/dags/main.py took 0.161 seconds
[2025-12-17T19:26:46.927+0000] {processor.py:161} INFO - Started process (PID=844) to work on /opt/airflow/dags/main.py
[2025-12-17T19:26:46.929+0000] {processor.py:830} INFO - Processing file /opt/airflow/dags/main.py for tasks to queue
[2025-12-17T19:26:46.931+0000] {logging_mixin.py:188} INFO - [2025-12-17T19:26:46.930+0000] {dagbag.py:545} INFO - Filling up the DagBag from /opt/airflow/dags/main.py
[2025-12-17T19:26:47.017+0000] {processor.py:840} INFO - DAG(s) 'update_db', 'youtube_video_stats' retrieved from /opt/airflow/dags/main.py
[2025-12-17T19:26:47.051+0000] {logging_mixin.py:188} INFO - [2025-12-17T19:26:47.050+0000] {dag.py:3096} INFO - Sync 2 DAGs
[2025-12-17T19:26:47.071+0000] {logging_mixin.py:188} INFO - [2025-12-17T19:26:47.070+0000] {dag.py:3954} INFO - Setting next_dagrun for update_db to 2025-12-17 15:00:00+00:00, run_after=2025-12-18 15:00:00+00:00
[2025-12-17T19:26:47.076+0000] {logging_mixin.py:188} INFO - [2025-12-17T19:26:47.076+0000] {dag.py:3954} INFO - Setting next_dagrun for youtube_video_stats to 2025-12-17 14:00:00+00:00, run_after=2025-12-18 14:00:00+00:00
[2025-12-17T19:26:47.098+0000] {processor.py:183} INFO - Processing /opt/airflow/dags/main.py took 0.177 seconds
[2025-12-17T19:27:17.375+0000] {processor.py:161} INFO - Started process (PID=851) to work on /opt/airflow/dags/main.py
[2025-12-17T19:27:17.377+0000] {processor.py:830} INFO - Processing file /opt/airflow/dags/main.py for tasks to queue
[2025-12-17T19:27:17.381+0000] {logging_mixin.py:188} INFO - [2025-12-17T19:27:17.380+0000] {dagbag.py:545} INFO - Filling up the DagBag from /opt/airflow/dags/main.py
[2025-12-17T19:27:17.802+0000] {processor.py:840} INFO - DAG(s) 'youtube_video_stats', 'update_db' retrieved from /opt/airflow/dags/main.py
[2025-12-17T19:27:17.893+0000] {logging_mixin.py:188} INFO - [2025-12-17T19:27:17.893+0000] {dag.py:3096} INFO - Sync 2 DAGs
[2025-12-17T19:27:17.936+0000] {logging_mixin.py:188} INFO - [2025-12-17T19:27:17.936+0000] {dag.py:3954} INFO - Setting next_dagrun for update_db to 2025-12-17 15:00:00+00:00, run_after=2025-12-18 15:00:00+00:00
[2025-12-17T19:27:17.945+0000] {logging_mixin.py:188} INFO - [2025-12-17T19:27:17.945+0000] {dag.py:3954} INFO - Setting next_dagrun for youtube_video_stats to 2025-12-17 14:00:00+00:00, run_after=2025-12-18 14:00:00+00:00
[2025-12-17T19:27:17.978+0000] {processor.py:183} INFO - Processing /opt/airflow/dags/main.py took 0.620 seconds
[2025-12-17T19:27:48.202+0000] {processor.py:161} INFO - Started process (PID=864) to work on /opt/airflow/dags/main.py
[2025-12-17T19:27:48.203+0000] {processor.py:830} INFO - Processing file /opt/airflow/dags/main.py for tasks to queue
[2025-12-17T19:27:48.205+0000] {logging_mixin.py:188} INFO - [2025-12-17T19:27:48.205+0000] {dagbag.py:545} INFO - Filling up the DagBag from /opt/airflow/dags/main.py
[2025-12-17T19:27:48.298+0000] {processor.py:840} INFO - DAG(s) 'youtube_video_stats', 'update_db' retrieved from /opt/airflow/dags/main.py
[2025-12-17T19:27:48.330+0000] {logging_mixin.py:188} INFO - [2025-12-17T19:27:48.330+0000] {dag.py:3096} INFO - Sync 2 DAGs
[2025-12-17T19:27:48.352+0000] {logging_mixin.py:188} INFO - [2025-12-17T19:27:48.352+0000] {dag.py:3954} INFO - Setting next_dagrun for update_db to 2025-12-17 15:00:00+00:00, run_after=2025-12-18 15:00:00+00:00
[2025-12-17T19:27:48.358+0000] {logging_mixin.py:188} INFO - [2025-12-17T19:27:48.358+0000] {dag.py:3954} INFO - Setting next_dagrun for youtube_video_stats to 2025-12-17 14:00:00+00:00, run_after=2025-12-18 14:00:00+00:00
[2025-12-17T19:27:48.380+0000] {processor.py:183} INFO - Processing /opt/airflow/dags/main.py took 0.184 seconds
[2025-12-17T19:28:18.571+0000] {processor.py:161} INFO - Started process (PID=871) to work on /opt/airflow/dags/main.py
[2025-12-17T19:28:18.572+0000] {processor.py:830} INFO - Processing file /opt/airflow/dags/main.py for tasks to queue
[2025-12-17T19:28:18.574+0000] {logging_mixin.py:188} INFO - [2025-12-17T19:28:18.574+0000] {dagbag.py:545} INFO - Filling up the DagBag from /opt/airflow/dags/main.py
[2025-12-17T19:28:18.672+0000] {processor.py:840} INFO - DAG(s) 'youtube_video_stats', 'update_db' retrieved from /opt/airflow/dags/main.py
[2025-12-17T19:28:18.704+0000] {logging_mixin.py:188} INFO - [2025-12-17T19:28:18.704+0000] {dag.py:3096} INFO - Sync 2 DAGs
[2025-12-17T19:28:18.729+0000] {logging_mixin.py:188} INFO - [2025-12-17T19:28:18.728+0000] {dag.py:3954} INFO - Setting next_dagrun for update_db to 2025-12-17 15:00:00+00:00, run_after=2025-12-18 15:00:00+00:00
[2025-12-17T19:28:18.734+0000] {logging_mixin.py:188} INFO - [2025-12-17T19:28:18.734+0000] {dag.py:3954} INFO - Setting next_dagrun for youtube_video_stats to 2025-12-17 14:00:00+00:00, run_after=2025-12-18 14:00:00+00:00
[2025-12-17T19:28:18.770+0000] {processor.py:183} INFO - Processing /opt/airflow/dags/main.py took 0.206 seconds
[2025-12-17T19:28:49.045+0000] {processor.py:161} INFO - Started process (PID=878) to work on /opt/airflow/dags/main.py
[2025-12-17T19:28:49.046+0000] {processor.py:830} INFO - Processing file /opt/airflow/dags/main.py for tasks to queue
[2025-12-17T19:28:49.048+0000] {logging_mixin.py:188} INFO - [2025-12-17T19:28:49.048+0000] {dagbag.py:545} INFO - Filling up the DagBag from /opt/airflow/dags/main.py
[2025-12-17T19:28:49.129+0000] {processor.py:840} INFO - DAG(s) 'update_db', 'youtube_video_stats' retrieved from /opt/airflow/dags/main.py
[2025-12-17T19:28:49.156+0000] {logging_mixin.py:188} INFO - [2025-12-17T19:28:49.156+0000] {dag.py:3096} INFO - Sync 2 DAGs
[2025-12-17T19:28:49.180+0000] {logging_mixin.py:188} INFO - [2025-12-17T19:28:49.179+0000] {dag.py:3954} INFO - Setting next_dagrun for update_db to 2025-12-17 15:00:00+00:00, run_after=2025-12-18 15:00:00+00:00
[2025-12-17T19:28:49.187+0000] {logging_mixin.py:188} INFO - [2025-12-17T19:28:49.187+0000] {dag.py:3954} INFO - Setting next_dagrun for youtube_video_stats to 2025-12-17 14:00:00+00:00, run_after=2025-12-18 14:00:00+00:00
[2025-12-17T19:28:49.205+0000] {processor.py:183} INFO - Processing /opt/airflow/dags/main.py took 0.166 seconds
[2025-12-17T19:29:19.478+0000] {processor.py:161} INFO - Started process (PID=885) to work on /opt/airflow/dags/main.py
[2025-12-17T19:29:19.479+0000] {processor.py:830} INFO - Processing file /opt/airflow/dags/main.py for tasks to queue
[2025-12-17T19:29:19.481+0000] {logging_mixin.py:188} INFO - [2025-12-17T19:29:19.481+0000] {dagbag.py:545} INFO - Filling up the DagBag from /opt/airflow/dags/main.py
[2025-12-17T19:29:19.641+0000] {processor.py:840} INFO - DAG(s) 'youtube_video_stats', 'update_db' retrieved from /opt/airflow/dags/main.py
[2025-12-17T19:29:19.690+0000] {logging_mixin.py:188} INFO - [2025-12-17T19:29:19.689+0000] {dag.py:3096} INFO - Sync 2 DAGs
[2025-12-17T19:29:19.727+0000] {logging_mixin.py:188} INFO - [2025-12-17T19:29:19.726+0000] {dag.py:3954} INFO - Setting next_dagrun for update_db to 2025-12-17 15:00:00+00:00, run_after=2025-12-18 15:00:00+00:00
[2025-12-17T19:29:19.738+0000] {logging_mixin.py:188} INFO - [2025-12-17T19:29:19.737+0000] {dag.py:3954} INFO - Setting next_dagrun for youtube_video_stats to 2025-12-17 14:00:00+00:00, run_after=2025-12-18 14:00:00+00:00
[2025-12-17T19:29:19.772+0000] {processor.py:183} INFO - Processing /opt/airflow/dags/main.py took 0.302 seconds
[2025-12-17T19:29:50.024+0000] {processor.py:161} INFO - Started process (PID=893) to work on /opt/airflow/dags/main.py
[2025-12-17T19:29:50.025+0000] {processor.py:830} INFO - Processing file /opt/airflow/dags/main.py for tasks to queue
[2025-12-17T19:29:50.027+0000] {logging_mixin.py:188} INFO - [2025-12-17T19:29:50.026+0000] {dagbag.py:545} INFO - Filling up the DagBag from /opt/airflow/dags/main.py
[2025-12-17T19:29:50.107+0000] {processor.py:840} INFO - DAG(s) 'youtube_video_stats', 'update_db' retrieved from /opt/airflow/dags/main.py
[2025-12-17T19:29:50.139+0000] {logging_mixin.py:188} INFO - [2025-12-17T19:29:50.139+0000] {dag.py:3096} INFO - Sync 2 DAGs
[2025-12-17T19:29:50.161+0000] {logging_mixin.py:188} INFO - [2025-12-17T19:29:50.161+0000] {dag.py:3954} INFO - Setting next_dagrun for update_db to 2025-12-17 15:00:00+00:00, run_after=2025-12-18 15:00:00+00:00
[2025-12-17T19:29:50.167+0000] {logging_mixin.py:188} INFO - [2025-12-17T19:29:50.167+0000] {dag.py:3954} INFO - Setting next_dagrun for youtube_video_stats to 2025-12-17 14:00:00+00:00, run_after=2025-12-18 14:00:00+00:00
[2025-12-17T19:29:50.188+0000] {processor.py:183} INFO - Processing /opt/airflow/dags/main.py took 0.171 seconds
[2025-12-17T19:30:20.385+0000] {processor.py:161} INFO - Started process (PID=900) to work on /opt/airflow/dags/main.py
[2025-12-17T19:30:20.387+0000] {processor.py:830} INFO - Processing file /opt/airflow/dags/main.py for tasks to queue
[2025-12-17T19:30:20.389+0000] {logging_mixin.py:188} INFO - [2025-12-17T19:30:20.389+0000] {dagbag.py:545} INFO - Filling up the DagBag from /opt/airflow/dags/main.py
[2025-12-17T19:30:20.551+0000] {processor.py:840} INFO - DAG(s) 'youtube_video_stats', 'update_db' retrieved from /opt/airflow/dags/main.py
[2025-12-17T19:30:20.604+0000] {logging_mixin.py:188} INFO - [2025-12-17T19:30:20.603+0000] {dag.py:3096} INFO - Sync 2 DAGs
[2025-12-17T19:30:20.645+0000] {logging_mixin.py:188} INFO - [2025-12-17T19:30:20.644+0000] {dag.py:3954} INFO - Setting next_dagrun for update_db to 2025-12-17 15:00:00+00:00, run_after=2025-12-18 15:00:00+00:00
[2025-12-17T19:30:20.653+0000] {logging_mixin.py:188} INFO - [2025-12-17T19:30:20.653+0000] {dag.py:3954} INFO - Setting next_dagrun for youtube_video_stats to 2025-12-17 14:00:00+00:00, run_after=2025-12-18 14:00:00+00:00
[2025-12-17T19:30:20.678+0000] {processor.py:183} INFO - Processing /opt/airflow/dags/main.py took 0.303 seconds
[2025-12-17T19:30:50.878+0000] {processor.py:161} INFO - Started process (PID=907) to work on /opt/airflow/dags/main.py
[2025-12-17T19:30:50.879+0000] {processor.py:830} INFO - Processing file /opt/airflow/dags/main.py for tasks to queue
[2025-12-17T19:30:50.881+0000] {logging_mixin.py:188} INFO - [2025-12-17T19:30:50.881+0000] {dagbag.py:545} INFO - Filling up the DagBag from /opt/airflow/dags/main.py
[2025-12-17T19:30:50.964+0000] {processor.py:840} INFO - DAG(s) 'youtube_video_stats', 'update_db' retrieved from /opt/airflow/dags/main.py
[2025-12-17T19:30:51.000+0000] {logging_mixin.py:188} INFO - [2025-12-17T19:30:51.000+0000] {dag.py:3096} INFO - Sync 2 DAGs
[2025-12-17T19:30:51.027+0000] {logging_mixin.py:188} INFO - [2025-12-17T19:30:51.027+0000] {dag.py:3954} INFO - Setting next_dagrun for update_db to 2025-12-17 15:00:00+00:00, run_after=2025-12-18 15:00:00+00:00
[2025-12-17T19:30:51.041+0000] {logging_mixin.py:188} INFO - [2025-12-17T19:30:51.040+0000] {dag.py:3954} INFO - Setting next_dagrun for youtube_video_stats to 2025-12-17 14:00:00+00:00, run_after=2025-12-18 14:00:00+00:00
[2025-12-17T19:30:51.071+0000] {processor.py:183} INFO - Processing /opt/airflow/dags/main.py took 0.199 seconds
[2025-12-17T19:31:21.271+0000] {processor.py:161} INFO - Started process (PID=914) to work on /opt/airflow/dags/main.py
[2025-12-17T19:31:21.274+0000] {processor.py:830} INFO - Processing file /opt/airflow/dags/main.py for tasks to queue
[2025-12-17T19:31:21.276+0000] {logging_mixin.py:188} INFO - [2025-12-17T19:31:21.276+0000] {dagbag.py:545} INFO - Filling up the DagBag from /opt/airflow/dags/main.py
[2025-12-17T19:31:21.457+0000] {processor.py:840} INFO - DAG(s) 'youtube_video_stats', 'update_db' retrieved from /opt/airflow/dags/main.py
[2025-12-17T19:31:21.487+0000] {logging_mixin.py:188} INFO - [2025-12-17T19:31:21.487+0000] {dag.py:3096} INFO - Sync 2 DAGs
[2025-12-17T19:31:21.509+0000] {logging_mixin.py:188} INFO - [2025-12-17T19:31:21.509+0000] {dag.py:3954} INFO - Setting next_dagrun for update_db to 2025-12-17 15:00:00+00:00, run_after=2025-12-18 15:00:00+00:00
[2025-12-17T19:31:21.514+0000] {logging_mixin.py:188} INFO - [2025-12-17T19:31:21.514+0000] {dag.py:3954} INFO - Setting next_dagrun for youtube_video_stats to 2025-12-17 14:00:00+00:00, run_after=2025-12-18 14:00:00+00:00
[2025-12-17T19:31:21.529+0000] {processor.py:183} INFO - Processing /opt/airflow/dags/main.py took 0.270 seconds
[2025-12-17T19:31:51.795+0000] {processor.py:161} INFO - Started process (PID=921) to work on /opt/airflow/dags/main.py
[2025-12-17T19:31:51.797+0000] {processor.py:830} INFO - Processing file /opt/airflow/dags/main.py for tasks to queue
[2025-12-17T19:31:51.799+0000] {logging_mixin.py:188} INFO - [2025-12-17T19:31:51.798+0000] {dagbag.py:545} INFO - Filling up the DagBag from /opt/airflow/dags/main.py
[2025-12-17T19:31:51.878+0000] {processor.py:840} INFO - DAG(s) 'update_db', 'youtube_video_stats' retrieved from /opt/airflow/dags/main.py
[2025-12-17T19:31:51.907+0000] {logging_mixin.py:188} INFO - [2025-12-17T19:31:51.907+0000] {dag.py:3096} INFO - Sync 2 DAGs
[2025-12-17T19:31:51.928+0000] {logging_mixin.py:188} INFO - [2025-12-17T19:31:51.928+0000] {dag.py:3954} INFO - Setting next_dagrun for update_db to 2025-12-17 15:00:00+00:00, run_after=2025-12-18 15:00:00+00:00
[2025-12-17T19:31:51.932+0000] {logging_mixin.py:188} INFO - [2025-12-17T19:31:51.932+0000] {dag.py:3954} INFO - Setting next_dagrun for youtube_video_stats to 2025-12-17 14:00:00+00:00, run_after=2025-12-18 14:00:00+00:00
[2025-12-17T19:31:51.952+0000] {processor.py:183} INFO - Processing /opt/airflow/dags/main.py took 0.164 seconds
[2025-12-17T19:32:22.159+0000] {processor.py:161} INFO - Started process (PID=928) to work on /opt/airflow/dags/main.py
[2025-12-17T19:32:22.160+0000] {processor.py:830} INFO - Processing file /opt/airflow/dags/main.py for tasks to queue
[2025-12-17T19:32:22.162+0000] {logging_mixin.py:188} INFO - [2025-12-17T19:32:22.162+0000] {dagbag.py:545} INFO - Filling up the DagBag from /opt/airflow/dags/main.py
[2025-12-17T19:32:22.245+0000] {processor.py:840} INFO - DAG(s) 'youtube_video_stats', 'update_db' retrieved from /opt/airflow/dags/main.py
[2025-12-17T19:32:22.276+0000] {logging_mixin.py:188} INFO - [2025-12-17T19:32:22.276+0000] {dag.py:3096} INFO - Sync 2 DAGs
[2025-12-17T19:32:22.303+0000] {logging_mixin.py:188} INFO - [2025-12-17T19:32:22.302+0000] {dag.py:3954} INFO - Setting next_dagrun for update_db to 2025-12-17 15:00:00+00:00, run_after=2025-12-18 15:00:00+00:00
[2025-12-17T19:32:22.308+0000] {logging_mixin.py:188} INFO - [2025-12-17T19:32:22.308+0000] {dag.py:3954} INFO - Setting next_dagrun for youtube_video_stats to 2025-12-17 14:00:00+00:00, run_after=2025-12-18 14:00:00+00:00
[2025-12-17T19:32:22.337+0000] {processor.py:183} INFO - Processing /opt/airflow/dags/main.py took 0.184 seconds
[2025-12-17T19:32:52.578+0000] {processor.py:161} INFO - Started process (PID=935) to work on /opt/airflow/dags/main.py
[2025-12-17T19:32:52.579+0000] {processor.py:830} INFO - Processing file /opt/airflow/dags/main.py for tasks to queue
[2025-12-17T19:32:52.582+0000] {logging_mixin.py:188} INFO - [2025-12-17T19:32:52.581+0000] {dagbag.py:545} INFO - Filling up the DagBag from /opt/airflow/dags/main.py
[2025-12-17T19:32:52.674+0000] {processor.py:840} INFO - DAG(s) 'update_db', 'youtube_video_stats' retrieved from /opt/airflow/dags/main.py
[2025-12-17T19:32:52.704+0000] {logging_mixin.py:188} INFO - [2025-12-17T19:32:52.704+0000] {dag.py:3096} INFO - Sync 2 DAGs
[2025-12-17T19:32:52.728+0000] {logging_mixin.py:188} INFO - [2025-12-17T19:32:52.728+0000] {dag.py:3954} INFO - Setting next_dagrun for update_db to 2025-12-17 15:00:00+00:00, run_after=2025-12-18 15:00:00+00:00
[2025-12-17T19:32:52.733+0000] {logging_mixin.py:188} INFO - [2025-12-17T19:32:52.733+0000] {dag.py:3954} INFO - Setting next_dagrun for youtube_video_stats to 2025-12-17 14:00:00+00:00, run_after=2025-12-18 14:00:00+00:00
[2025-12-17T19:32:52.753+0000] {processor.py:183} INFO - Processing /opt/airflow/dags/main.py took 0.182 seconds
[2025-12-17T19:33:22.789+0000] {processor.py:161} INFO - Started process (PID=942) to work on /opt/airflow/dags/main.py
[2025-12-17T19:33:22.790+0000] {processor.py:830} INFO - Processing file /opt/airflow/dags/main.py for tasks to queue
[2025-12-17T19:33:22.791+0000] {logging_mixin.py:188} INFO - [2025-12-17T19:33:22.791+0000] {dagbag.py:545} INFO - Filling up the DagBag from /opt/airflow/dags/main.py
[2025-12-17T19:33:22.867+0000] {processor.py:840} INFO - DAG(s) 'youtube_video_stats', 'update_db' retrieved from /opt/airflow/dags/main.py
[2025-12-17T19:33:22.892+0000] {logging_mixin.py:188} INFO - [2025-12-17T19:33:22.892+0000] {dag.py:3096} INFO - Sync 2 DAGs
[2025-12-17T19:33:22.913+0000] {logging_mixin.py:188} INFO - [2025-12-17T19:33:22.913+0000] {dag.py:3954} INFO - Setting next_dagrun for update_db to 2025-12-17 15:00:00+00:00, run_after=2025-12-18 15:00:00+00:00
[2025-12-17T19:33:22.920+0000] {logging_mixin.py:188} INFO - [2025-12-17T19:33:22.920+0000] {dag.py:3954} INFO - Setting next_dagrun for youtube_video_stats to 2025-12-17 14:00:00+00:00, run_after=2025-12-18 14:00:00+00:00
[2025-12-17T19:33:22.946+0000] {processor.py:183} INFO - Processing /opt/airflow/dags/main.py took 0.162 seconds
[2025-12-17T19:33:53.127+0000] {processor.py:161} INFO - Started process (PID=949) to work on /opt/airflow/dags/main.py
[2025-12-17T19:33:53.129+0000] {processor.py:830} INFO - Processing file /opt/airflow/dags/main.py for tasks to queue
[2025-12-17T19:33:53.132+0000] {logging_mixin.py:188} INFO - [2025-12-17T19:33:53.131+0000] {dagbag.py:545} INFO - Filling up the DagBag from /opt/airflow/dags/main.py
[2025-12-17T19:33:53.230+0000] {processor.py:840} INFO - DAG(s) 'update_db', 'youtube_video_stats' retrieved from /opt/airflow/dags/main.py
[2025-12-17T19:33:53.258+0000] {logging_mixin.py:188} INFO - [2025-12-17T19:33:53.257+0000] {dag.py:3096} INFO - Sync 2 DAGs
[2025-12-17T19:33:53.280+0000] {logging_mixin.py:188} INFO - [2025-12-17T19:33:53.280+0000] {dag.py:3954} INFO - Setting next_dagrun for update_db to 2025-12-17 15:00:00+00:00, run_after=2025-12-18 15:00:00+00:00
[2025-12-17T19:33:53.286+0000] {logging_mixin.py:188} INFO - [2025-12-17T19:33:53.286+0000] {dag.py:3954} INFO - Setting next_dagrun for youtube_video_stats to 2025-12-17 14:00:00+00:00, run_after=2025-12-18 14:00:00+00:00
[2025-12-17T19:33:53.304+0000] {processor.py:183} INFO - Processing /opt/airflow/dags/main.py took 0.182 seconds
[2025-12-17T19:34:23.703+0000] {processor.py:161} INFO - Started process (PID=956) to work on /opt/airflow/dags/main.py
[2025-12-17T19:34:23.704+0000] {processor.py:830} INFO - Processing file /opt/airflow/dags/main.py for tasks to queue
[2025-12-17T19:34:23.706+0000] {logging_mixin.py:188} INFO - [2025-12-17T19:34:23.706+0000] {dagbag.py:545} INFO - Filling up the DagBag from /opt/airflow/dags/main.py
[2025-12-17T19:34:23.788+0000] {processor.py:840} INFO - DAG(s) 'youtube_video_stats', 'update_db' retrieved from /opt/airflow/dags/main.py
[2025-12-17T19:34:23.819+0000] {logging_mixin.py:188} INFO - [2025-12-17T19:34:23.818+0000] {dag.py:3096} INFO - Sync 2 DAGs
[2025-12-17T19:34:23.841+0000] {logging_mixin.py:188} INFO - [2025-12-17T19:34:23.840+0000] {dag.py:3954} INFO - Setting next_dagrun for update_db to 2025-12-17 15:00:00+00:00, run_after=2025-12-18 15:00:00+00:00
[2025-12-17T19:34:23.845+0000] {logging_mixin.py:188} INFO - [2025-12-17T19:34:23.845+0000] {dag.py:3954} INFO - Setting next_dagrun for youtube_video_stats to 2025-12-17 14:00:00+00:00, run_after=2025-12-18 14:00:00+00:00
[2025-12-17T19:34:23.866+0000] {processor.py:183} INFO - Processing /opt/airflow/dags/main.py took 0.169 seconds
[2025-12-17T19:34:53.993+0000] {processor.py:161} INFO - Started process (PID=963) to work on /opt/airflow/dags/main.py
[2025-12-17T19:34:53.995+0000] {processor.py:830} INFO - Processing file /opt/airflow/dags/main.py for tasks to queue
[2025-12-17T19:34:54.002+0000] {logging_mixin.py:188} INFO - [2025-12-17T19:34:54.002+0000] {dagbag.py:545} INFO - Filling up the DagBag from /opt/airflow/dags/main.py
[2025-12-17T19:34:54.104+0000] {processor.py:840} INFO - DAG(s) 'update_db', 'youtube_video_stats' retrieved from /opt/airflow/dags/main.py
[2025-12-17T19:34:54.137+0000] {logging_mixin.py:188} INFO - [2025-12-17T19:34:54.137+0000] {dag.py:3096} INFO - Sync 2 DAGs
[2025-12-17T19:34:54.164+0000] {logging_mixin.py:188} INFO - [2025-12-17T19:34:54.163+0000] {dag.py:3954} INFO - Setting next_dagrun for update_db to 2025-12-17 15:00:00+00:00, run_after=2025-12-18 15:00:00+00:00
[2025-12-17T19:34:54.169+0000] {logging_mixin.py:188} INFO - [2025-12-17T19:34:54.169+0000] {dag.py:3954} INFO - Setting next_dagrun for youtube_video_stats to 2025-12-17 14:00:00+00:00, run_after=2025-12-18 14:00:00+00:00
[2025-12-17T19:34:54.190+0000] {processor.py:183} INFO - Processing /opt/airflow/dags/main.py took 0.204 seconds
[2025-12-17T19:35:24.400+0000] {processor.py:161} INFO - Started process (PID=970) to work on /opt/airflow/dags/main.py
[2025-12-17T19:35:24.401+0000] {processor.py:830} INFO - Processing file /opt/airflow/dags/main.py for tasks to queue
[2025-12-17T19:35:24.403+0000] {logging_mixin.py:188} INFO - [2025-12-17T19:35:24.403+0000] {dagbag.py:545} INFO - Filling up the DagBag from /opt/airflow/dags/main.py
[2025-12-17T19:35:24.485+0000] {processor.py:840} INFO - DAG(s) 'youtube_video_stats', 'update_db' retrieved from /opt/airflow/dags/main.py
[2025-12-17T19:35:24.534+0000] {logging_mixin.py:188} INFO - [2025-12-17T19:35:24.533+0000] {dag.py:3096} INFO - Sync 2 DAGs
[2025-12-17T19:35:24.568+0000] {logging_mixin.py:188} INFO - [2025-12-17T19:35:24.567+0000] {dag.py:3954} INFO - Setting next_dagrun for update_db to 2025-12-17 15:00:00+00:00, run_after=2025-12-18 15:00:00+00:00
[2025-12-17T19:35:24.575+0000] {logging_mixin.py:188} INFO - [2025-12-17T19:35:24.575+0000] {dag.py:3954} INFO - Setting next_dagrun for youtube_video_stats to 2025-12-17 14:00:00+00:00, run_after=2025-12-18 14:00:00+00:00
[2025-12-17T19:35:24.596+0000] {processor.py:183} INFO - Processing /opt/airflow/dags/main.py took 0.202 seconds
[2025-12-17T19:35:54.845+0000] {processor.py:161} INFO - Started process (PID=977) to work on /opt/airflow/dags/main.py
[2025-12-17T19:35:54.846+0000] {processor.py:830} INFO - Processing file /opt/airflow/dags/main.py for tasks to queue
[2025-12-17T19:35:54.849+0000] {logging_mixin.py:188} INFO - [2025-12-17T19:35:54.848+0000] {dagbag.py:545} INFO - Filling up the DagBag from /opt/airflow/dags/main.py
[2025-12-17T19:35:54.974+0000] {processor.py:840} INFO - DAG(s) 'youtube_video_stats', 'update_db' retrieved from /opt/airflow/dags/main.py
[2025-12-17T19:35:55.011+0000] {logging_mixin.py:188} INFO - [2025-12-17T19:35:55.011+0000] {dag.py:3096} INFO - Sync 2 DAGs
[2025-12-17T19:35:55.085+0000] {logging_mixin.py:188} INFO - [2025-12-17T19:35:55.085+0000] {dag.py:3954} INFO - Setting next_dagrun for update_db to 2025-12-17 15:00:00+00:00, run_after=2025-12-18 15:00:00+00:00
[2025-12-17T19:35:55.113+0000] {logging_mixin.py:188} INFO - [2025-12-17T19:35:55.112+0000] {dag.py:3954} INFO - Setting next_dagrun for youtube_video_stats to 2025-12-17 14:00:00+00:00, run_after=2025-12-18 14:00:00+00:00
[2025-12-17T19:35:55.150+0000] {processor.py:183} INFO - Processing /opt/airflow/dags/main.py took 0.313 seconds
[2025-12-17T19:36:25.452+0000] {processor.py:161} INFO - Started process (PID=984) to work on /opt/airflow/dags/main.py
[2025-12-17T19:36:25.453+0000] {processor.py:830} INFO - Processing file /opt/airflow/dags/main.py for tasks to queue
[2025-12-17T19:36:25.455+0000] {logging_mixin.py:188} INFO - [2025-12-17T19:36:25.455+0000] {dagbag.py:545} INFO - Filling up the DagBag from /opt/airflow/dags/main.py
[2025-12-17T19:36:25.536+0000] {processor.py:840} INFO - DAG(s) 'youtube_video_stats', 'update_db' retrieved from /opt/airflow/dags/main.py
[2025-12-17T19:36:25.566+0000] {logging_mixin.py:188} INFO - [2025-12-17T19:36:25.566+0000] {dag.py:3096} INFO - Sync 2 DAGs
[2025-12-17T19:36:25.589+0000] {logging_mixin.py:188} INFO - [2025-12-17T19:36:25.589+0000] {dag.py:3954} INFO - Setting next_dagrun for update_db to 2025-12-17 15:00:00+00:00, run_after=2025-12-18 15:00:00+00:00
[2025-12-17T19:36:25.594+0000] {logging_mixin.py:188} INFO - [2025-12-17T19:36:25.594+0000] {dag.py:3954} INFO - Setting next_dagrun for youtube_video_stats to 2025-12-17 14:00:00+00:00, run_after=2025-12-18 14:00:00+00:00
[2025-12-17T19:36:25.612+0000] {processor.py:183} INFO - Processing /opt/airflow/dags/main.py took 0.167 seconds
[2025-12-17T19:36:55.787+0000] {processor.py:161} INFO - Started process (PID=991) to work on /opt/airflow/dags/main.py
[2025-12-17T19:36:55.788+0000] {processor.py:830} INFO - Processing file /opt/airflow/dags/main.py for tasks to queue
[2025-12-17T19:36:55.791+0000] {logging_mixin.py:188} INFO - [2025-12-17T19:36:55.790+0000] {dagbag.py:545} INFO - Filling up the DagBag from /opt/airflow/dags/main.py
[2025-12-17T19:36:55.891+0000] {processor.py:840} INFO - DAG(s) 'youtube_video_stats', 'update_db' retrieved from /opt/airflow/dags/main.py
[2025-12-17T19:36:55.926+0000] {logging_mixin.py:188} INFO - [2025-12-17T19:36:55.926+0000] {dag.py:3096} INFO - Sync 2 DAGs
[2025-12-17T19:36:55.959+0000] {logging_mixin.py:188} INFO - [2025-12-17T19:36:55.959+0000] {dag.py:3954} INFO - Setting next_dagrun for update_db to 2025-12-17 15:00:00+00:00, run_after=2025-12-18 15:00:00+00:00
[2025-12-17T19:36:55.966+0000] {logging_mixin.py:188} INFO - [2025-12-17T19:36:55.966+0000] {dag.py:3954} INFO - Setting next_dagrun for youtube_video_stats to 2025-12-17 14:00:00+00:00, run_after=2025-12-18 14:00:00+00:00
[2025-12-17T19:36:55.991+0000] {processor.py:183} INFO - Processing /opt/airflow/dags/main.py took 0.211 seconds
[2025-12-17T19:37:26.045+0000] {processor.py:161} INFO - Started process (PID=998) to work on /opt/airflow/dags/main.py
[2025-12-17T19:37:26.046+0000] {processor.py:830} INFO - Processing file /opt/airflow/dags/main.py for tasks to queue
[2025-12-17T19:37:26.050+0000] {logging_mixin.py:188} INFO - [2025-12-17T19:37:26.049+0000] {dagbag.py:545} INFO - Filling up the DagBag from /opt/airflow/dags/main.py
[2025-12-17T19:37:26.187+0000] {processor.py:840} INFO - DAG(s) 'update_db', 'youtube_video_stats' retrieved from /opt/airflow/dags/main.py
[2025-12-17T19:37:26.245+0000] {logging_mixin.py:188} INFO - [2025-12-17T19:37:26.245+0000] {dag.py:3096} INFO - Sync 2 DAGs
[2025-12-17T19:37:26.302+0000] {logging_mixin.py:188} INFO - [2025-12-17T19:37:26.302+0000] {dag.py:3954} INFO - Setting next_dagrun for update_db to 2025-12-17 15:00:00+00:00, run_after=2025-12-18 15:00:00+00:00
[2025-12-17T19:37:26.310+0000] {logging_mixin.py:188} INFO - [2025-12-17T19:37:26.310+0000] {dag.py:3954} INFO - Setting next_dagrun for youtube_video_stats to 2025-12-17 14:00:00+00:00, run_after=2025-12-18 14:00:00+00:00
[2025-12-17T19:37:26.338+0000] {processor.py:183} INFO - Processing /opt/airflow/dags/main.py took 0.300 seconds
[2025-12-17T19:37:56.412+0000] {processor.py:161} INFO - Started process (PID=1005) to work on /opt/airflow/dags/main.py
[2025-12-17T19:37:56.414+0000] {processor.py:830} INFO - Processing file /opt/airflow/dags/main.py for tasks to queue
[2025-12-17T19:37:56.417+0000] {logging_mixin.py:188} INFO - [2025-12-17T19:37:56.417+0000] {dagbag.py:545} INFO - Filling up the DagBag from /opt/airflow/dags/main.py
[2025-12-17T19:37:56.527+0000] {processor.py:840} INFO - DAG(s) 'update_db', 'youtube_video_stats' retrieved from /opt/airflow/dags/main.py
[2025-12-17T19:37:56.561+0000] {logging_mixin.py:188} INFO - [2025-12-17T19:37:56.560+0000] {dag.py:3096} INFO - Sync 2 DAGs
[2025-12-17T19:37:56.585+0000] {logging_mixin.py:188} INFO - [2025-12-17T19:37:56.585+0000] {dag.py:3954} INFO - Setting next_dagrun for update_db to 2025-12-17 15:00:00+00:00, run_after=2025-12-18 15:00:00+00:00
[2025-12-17T19:37:56.590+0000] {logging_mixin.py:188} INFO - [2025-12-17T19:37:56.590+0000] {dag.py:3954} INFO - Setting next_dagrun for youtube_video_stats to 2025-12-17 14:00:00+00:00, run_after=2025-12-18 14:00:00+00:00
[2025-12-17T19:37:56.615+0000] {processor.py:183} INFO - Processing /opt/airflow/dags/main.py took 0.210 seconds
[2025-12-17T19:38:26.686+0000] {processor.py:161} INFO - Started process (PID=1012) to work on /opt/airflow/dags/main.py
[2025-12-17T19:38:26.688+0000] {processor.py:830} INFO - Processing file /opt/airflow/dags/main.py for tasks to queue
[2025-12-17T19:38:26.690+0000] {logging_mixin.py:188} INFO - [2025-12-17T19:38:26.689+0000] {dagbag.py:545} INFO - Filling up the DagBag from /opt/airflow/dags/main.py
[2025-12-17T19:38:26.783+0000] {processor.py:840} INFO - DAG(s) 'update_db', 'youtube_video_stats' retrieved from /opt/airflow/dags/main.py
[2025-12-17T19:38:26.813+0000] {logging_mixin.py:188} INFO - [2025-12-17T19:38:26.813+0000] {dag.py:3096} INFO - Sync 2 DAGs
[2025-12-17T19:38:26.835+0000] {logging_mixin.py:188} INFO - [2025-12-17T19:38:26.835+0000] {dag.py:3954} INFO - Setting next_dagrun for update_db to 2025-12-17 15:00:00+00:00, run_after=2025-12-18 15:00:00+00:00
[2025-12-17T19:38:26.840+0000] {logging_mixin.py:188} INFO - [2025-12-17T19:38:26.840+0000] {dag.py:3954} INFO - Setting next_dagrun for youtube_video_stats to 2025-12-17 14:00:00+00:00, run_after=2025-12-18 14:00:00+00:00
[2025-12-17T19:38:26.859+0000] {processor.py:183} INFO - Processing /opt/airflow/dags/main.py took 0.178 seconds
[2025-12-17T19:38:57.019+0000] {processor.py:161} INFO - Started process (PID=1019) to work on /opt/airflow/dags/main.py
[2025-12-17T19:38:57.020+0000] {processor.py:830} INFO - Processing file /opt/airflow/dags/main.py for tasks to queue
[2025-12-17T19:38:57.022+0000] {logging_mixin.py:188} INFO - [2025-12-17T19:38:57.021+0000] {dagbag.py:545} INFO - Filling up the DagBag from /opt/airflow/dags/main.py
[2025-12-17T19:38:57.097+0000] {processor.py:840} INFO - DAG(s) 'update_db', 'youtube_video_stats' retrieved from /opt/airflow/dags/main.py
[2025-12-17T19:38:57.125+0000] {logging_mixin.py:188} INFO - [2025-12-17T19:38:57.125+0000] {dag.py:3096} INFO - Sync 2 DAGs
[2025-12-17T19:38:57.146+0000] {logging_mixin.py:188} INFO - [2025-12-17T19:38:57.145+0000] {dag.py:3954} INFO - Setting next_dagrun for update_db to 2025-12-17 15:00:00+00:00, run_after=2025-12-18 15:00:00+00:00
[2025-12-17T19:38:57.150+0000] {logging_mixin.py:188} INFO - [2025-12-17T19:38:57.150+0000] {dag.py:3954} INFO - Setting next_dagrun for youtube_video_stats to 2025-12-17 14:00:00+00:00, run_after=2025-12-18 14:00:00+00:00
[2025-12-17T19:38:57.167+0000] {processor.py:183} INFO - Processing /opt/airflow/dags/main.py took 0.153 seconds
[2025-12-17T19:39:27.241+0000] {processor.py:161} INFO - Started process (PID=1026) to work on /opt/airflow/dags/main.py
[2025-12-17T19:39:27.242+0000] {processor.py:830} INFO - Processing file /opt/airflow/dags/main.py for tasks to queue
[2025-12-17T19:39:27.244+0000] {logging_mixin.py:188} INFO - [2025-12-17T19:39:27.244+0000] {dagbag.py:545} INFO - Filling up the DagBag from /opt/airflow/dags/main.py
[2025-12-17T19:39:27.349+0000] {processor.py:840} INFO - DAG(s) 'youtube_video_stats', 'update_db' retrieved from /opt/airflow/dags/main.py
[2025-12-17T19:39:27.383+0000] {logging_mixin.py:188} INFO - [2025-12-17T19:39:27.383+0000] {dag.py:3096} INFO - Sync 2 DAGs
[2025-12-17T19:39:27.411+0000] {logging_mixin.py:188} INFO - [2025-12-17T19:39:27.410+0000] {dag.py:3954} INFO - Setting next_dagrun for update_db to 2025-12-17 15:00:00+00:00, run_after=2025-12-18 15:00:00+00:00
[2025-12-17T19:39:27.417+0000] {logging_mixin.py:188} INFO - [2025-12-17T19:39:27.416+0000] {dag.py:3954} INFO - Setting next_dagrun for youtube_video_stats to 2025-12-17 14:00:00+00:00, run_after=2025-12-18 14:00:00+00:00
[2025-12-17T19:39:27.451+0000] {processor.py:183} INFO - Processing /opt/airflow/dags/main.py took 0.216 seconds
[2025-12-17T19:39:57.644+0000] {processor.py:161} INFO - Started process (PID=1033) to work on /opt/airflow/dags/main.py
[2025-12-17T19:39:57.646+0000] {processor.py:830} INFO - Processing file /opt/airflow/dags/main.py for tasks to queue
[2025-12-17T19:39:57.648+0000] {logging_mixin.py:188} INFO - [2025-12-17T19:39:57.647+0000] {dagbag.py:545} INFO - Filling up the DagBag from /opt/airflow/dags/main.py
[2025-12-17T19:39:57.751+0000] {processor.py:840} INFO - DAG(s) 'update_db', 'youtube_video_stats' retrieved from /opt/airflow/dags/main.py
[2025-12-17T19:39:57.786+0000] {logging_mixin.py:188} INFO - [2025-12-17T19:39:57.785+0000] {dag.py:3096} INFO - Sync 2 DAGs
[2025-12-17T19:39:57.817+0000] {logging_mixin.py:188} INFO - [2025-12-17T19:39:57.816+0000] {dag.py:3954} INFO - Setting next_dagrun for update_db to 2025-12-17 15:00:00+00:00, run_after=2025-12-18 15:00:00+00:00
[2025-12-17T19:39:57.823+0000] {logging_mixin.py:188} INFO - [2025-12-17T19:39:57.822+0000] {dag.py:3954} INFO - Setting next_dagrun for youtube_video_stats to 2025-12-17 14:00:00+00:00, run_after=2025-12-18 14:00:00+00:00
[2025-12-17T19:39:57.847+0000] {processor.py:183} INFO - Processing /opt/airflow/dags/main.py took 0.210 seconds
[2025-12-17T19:40:28.069+0000] {processor.py:161} INFO - Started process (PID=1040) to work on /opt/airflow/dags/main.py
[2025-12-17T19:40:28.070+0000] {processor.py:830} INFO - Processing file /opt/airflow/dags/main.py for tasks to queue
[2025-12-17T19:40:28.072+0000] {logging_mixin.py:188} INFO - [2025-12-17T19:40:28.072+0000] {dagbag.py:545} INFO - Filling up the DagBag from /opt/airflow/dags/main.py
[2025-12-17T19:40:28.151+0000] {processor.py:840} INFO - DAG(s) 'youtube_video_stats', 'update_db' retrieved from /opt/airflow/dags/main.py
[2025-12-17T19:40:28.180+0000] {logging_mixin.py:188} INFO - [2025-12-17T19:40:28.180+0000] {dag.py:3096} INFO - Sync 2 DAGs
[2025-12-17T19:40:28.200+0000] {logging_mixin.py:188} INFO - [2025-12-17T19:40:28.200+0000] {dag.py:3954} INFO - Setting next_dagrun for update_db to 2025-12-17 15:00:00+00:00, run_after=2025-12-18 15:00:00+00:00
[2025-12-17T19:40:28.206+0000] {logging_mixin.py:188} INFO - [2025-12-17T19:40:28.205+0000] {dag.py:3954} INFO - Setting next_dagrun for youtube_video_stats to 2025-12-17 14:00:00+00:00, run_after=2025-12-18 14:00:00+00:00
[2025-12-17T19:40:28.226+0000] {processor.py:183} INFO - Processing /opt/airflow/dags/main.py took 0.162 seconds
[2025-12-17T19:40:58.273+0000] {processor.py:161} INFO - Started process (PID=1047) to work on /opt/airflow/dags/main.py
[2025-12-17T19:40:58.274+0000] {processor.py:830} INFO - Processing file /opt/airflow/dags/main.py for tasks to queue
[2025-12-17T19:40:58.276+0000] {logging_mixin.py:188} INFO - [2025-12-17T19:40:58.276+0000] {dagbag.py:545} INFO - Filling up the DagBag from /opt/airflow/dags/main.py
[2025-12-17T19:40:58.360+0000] {processor.py:840} INFO - DAG(s) 'youtube_video_stats', 'update_db' retrieved from /opt/airflow/dags/main.py
[2025-12-17T19:40:58.388+0000] {logging_mixin.py:188} INFO - [2025-12-17T19:40:58.388+0000] {dag.py:3096} INFO - Sync 2 DAGs
[2025-12-17T19:40:58.409+0000] {logging_mixin.py:188} INFO - [2025-12-17T19:40:58.409+0000] {dag.py:3954} INFO - Setting next_dagrun for update_db to 2025-12-17 15:00:00+00:00, run_after=2025-12-18 15:00:00+00:00
[2025-12-17T19:40:58.414+0000] {logging_mixin.py:188} INFO - [2025-12-17T19:40:58.414+0000] {dag.py:3954} INFO - Setting next_dagrun for youtube_video_stats to 2025-12-17 14:00:00+00:00, run_after=2025-12-18 14:00:00+00:00
[2025-12-17T19:40:58.434+0000] {processor.py:183} INFO - Processing /opt/airflow/dags/main.py took 0.167 seconds
[2025-12-17T19:41:28.619+0000] {processor.py:161} INFO - Started process (PID=1054) to work on /opt/airflow/dags/main.py
[2025-12-17T19:41:28.620+0000] {processor.py:830} INFO - Processing file /opt/airflow/dags/main.py for tasks to queue
[2025-12-17T19:41:28.623+0000] {logging_mixin.py:188} INFO - [2025-12-17T19:41:28.622+0000] {dagbag.py:545} INFO - Filling up the DagBag from /opt/airflow/dags/main.py
[2025-12-17T19:41:28.754+0000] {processor.py:840} INFO - DAG(s) 'youtube_video_stats', 'update_db' retrieved from /opt/airflow/dags/main.py
[2025-12-17T19:41:28.801+0000] {logging_mixin.py:188} INFO - [2025-12-17T19:41:28.801+0000] {dag.py:3096} INFO - Sync 2 DAGs
[2025-12-17T19:41:28.835+0000] {logging_mixin.py:188} INFO - [2025-12-17T19:41:28.835+0000] {dag.py:3954} INFO - Setting next_dagrun for update_db to 2025-12-17 15:00:00+00:00, run_after=2025-12-18 15:00:00+00:00
[2025-12-17T19:41:28.842+0000] {logging_mixin.py:188} INFO - [2025-12-17T19:41:28.842+0000] {dag.py:3954} INFO - Setting next_dagrun for youtube_video_stats to 2025-12-17 14:00:00+00:00, run_after=2025-12-18 14:00:00+00:00
[2025-12-17T19:41:28.869+0000] {processor.py:183} INFO - Processing /opt/airflow/dags/main.py took 0.258 seconds
[2025-12-17T19:41:59.156+0000] {processor.py:161} INFO - Started process (PID=1061) to work on /opt/airflow/dags/main.py
[2025-12-17T19:41:59.157+0000] {processor.py:830} INFO - Processing file /opt/airflow/dags/main.py for tasks to queue
[2025-12-17T19:41:59.159+0000] {logging_mixin.py:188} INFO - [2025-12-17T19:41:59.159+0000] {dagbag.py:545} INFO - Filling up the DagBag from /opt/airflow/dags/main.py
[2025-12-17T19:41:59.242+0000] {processor.py:840} INFO - DAG(s) 'update_db', 'youtube_video_stats' retrieved from /opt/airflow/dags/main.py
[2025-12-17T19:41:59.270+0000] {logging_mixin.py:188} INFO - [2025-12-17T19:41:59.269+0000] {dag.py:3096} INFO - Sync 2 DAGs
[2025-12-17T19:41:59.292+0000] {logging_mixin.py:188} INFO - [2025-12-17T19:41:59.292+0000] {dag.py:3954} INFO - Setting next_dagrun for update_db to 2025-12-17 15:00:00+00:00, run_after=2025-12-18 15:00:00+00:00
[2025-12-17T19:41:59.300+0000] {logging_mixin.py:188} INFO - [2025-12-17T19:41:59.300+0000] {dag.py:3954} INFO - Setting next_dagrun for youtube_video_stats to 2025-12-17 14:00:00+00:00, run_after=2025-12-18 14:00:00+00:00
[2025-12-17T19:41:59.320+0000] {processor.py:183} INFO - Processing /opt/airflow/dags/main.py took 0.170 seconds
[2025-12-17T19:42:29.577+0000] {processor.py:161} INFO - Started process (PID=1068) to work on /opt/airflow/dags/main.py
[2025-12-17T19:42:29.579+0000] {processor.py:830} INFO - Processing file /opt/airflow/dags/main.py for tasks to queue
[2025-12-17T19:42:29.582+0000] {logging_mixin.py:188} INFO - [2025-12-17T19:42:29.582+0000] {dagbag.py:545} INFO - Filling up the DagBag from /opt/airflow/dags/main.py
[2025-12-17T19:42:29.708+0000] {processor.py:840} INFO - DAG(s) 'update_db', 'youtube_video_stats' retrieved from /opt/airflow/dags/main.py
[2025-12-17T19:42:29.746+0000] {logging_mixin.py:188} INFO - [2025-12-17T19:42:29.745+0000] {dag.py:3096} INFO - Sync 2 DAGs
[2025-12-17T19:42:29.773+0000] {logging_mixin.py:188} INFO - [2025-12-17T19:42:29.772+0000] {dag.py:3954} INFO - Setting next_dagrun for update_db to 2025-12-17 15:00:00+00:00, run_after=2025-12-18 15:00:00+00:00
[2025-12-17T19:42:29.781+0000] {logging_mixin.py:188} INFO - [2025-12-17T19:42:29.780+0000] {dag.py:3954} INFO - Setting next_dagrun for youtube_video_stats to 2025-12-17 14:00:00+00:00, run_after=2025-12-18 14:00:00+00:00
[2025-12-17T19:42:29.805+0000] {processor.py:183} INFO - Processing /opt/airflow/dags/main.py took 0.234 seconds
[2025-12-17T19:42:59.999+0000] {processor.py:161} INFO - Started process (PID=1075) to work on /opt/airflow/dags/main.py
[2025-12-17T19:43:00.000+0000] {processor.py:830} INFO - Processing file /opt/airflow/dags/main.py for tasks to queue
[2025-12-17T19:43:00.002+0000] {logging_mixin.py:188} INFO - [2025-12-17T19:43:00.002+0000] {dagbag.py:545} INFO - Filling up the DagBag from /opt/airflow/dags/main.py
[2025-12-17T19:43:00.129+0000] {processor.py:840} INFO - DAG(s) 'update_db', 'youtube_video_stats' retrieved from /opt/airflow/dags/main.py
[2025-12-17T19:43:00.163+0000] {logging_mixin.py:188} INFO - [2025-12-17T19:43:00.163+0000] {dag.py:3096} INFO - Sync 2 DAGs
[2025-12-17T19:43:00.186+0000] {logging_mixin.py:188} INFO - [2025-12-17T19:43:00.186+0000] {dag.py:3954} INFO - Setting next_dagrun for update_db to 2025-12-17 15:00:00+00:00, run_after=2025-12-18 15:00:00+00:00
[2025-12-17T19:43:00.192+0000] {logging_mixin.py:188} INFO - [2025-12-17T19:43:00.192+0000] {dag.py:3954} INFO - Setting next_dagrun for youtube_video_stats to 2025-12-17 14:00:00+00:00, run_after=2025-12-18 14:00:00+00:00
[2025-12-17T19:43:00.213+0000] {processor.py:183} INFO - Processing /opt/airflow/dags/main.py took 0.222 seconds
[2025-12-17T19:43:30.428+0000] {processor.py:161} INFO - Started process (PID=1082) to work on /opt/airflow/dags/main.py
[2025-12-17T19:43:30.430+0000] {processor.py:830} INFO - Processing file /opt/airflow/dags/main.py for tasks to queue
[2025-12-17T19:43:30.433+0000] {logging_mixin.py:188} INFO - [2025-12-17T19:43:30.433+0000] {dagbag.py:545} INFO - Filling up the DagBag from /opt/airflow/dags/main.py
[2025-12-17T19:43:30.539+0000] {processor.py:840} INFO - DAG(s) 'update_db', 'youtube_video_stats' retrieved from /opt/airflow/dags/main.py
[2025-12-17T19:43:30.574+0000] {logging_mixin.py:188} INFO - [2025-12-17T19:43:30.574+0000] {dag.py:3096} INFO - Sync 2 DAGs
[2025-12-17T19:43:30.599+0000] {logging_mixin.py:188} INFO - [2025-12-17T19:43:30.599+0000] {dag.py:3954} INFO - Setting next_dagrun for update_db to 2025-12-17 15:00:00+00:00, run_after=2025-12-18 15:00:00+00:00
[2025-12-17T19:43:30.605+0000] {logging_mixin.py:188} INFO - [2025-12-17T19:43:30.605+0000] {dag.py:3954} INFO - Setting next_dagrun for youtube_video_stats to 2025-12-17 14:00:00+00:00, run_after=2025-12-18 14:00:00+00:00
[2025-12-17T19:43:30.628+0000] {processor.py:183} INFO - Processing /opt/airflow/dags/main.py took 0.209 seconds
[2025-12-17T19:44:00.829+0000] {processor.py:161} INFO - Started process (PID=1089) to work on /opt/airflow/dags/main.py
[2025-12-17T19:44:00.830+0000] {processor.py:830} INFO - Processing file /opt/airflow/dags/main.py for tasks to queue
[2025-12-17T19:44:00.833+0000] {logging_mixin.py:188} INFO - [2025-12-17T19:44:00.832+0000] {dagbag.py:545} INFO - Filling up the DagBag from /opt/airflow/dags/main.py
[2025-12-17T19:44:00.971+0000] {processor.py:840} INFO - DAG(s) 'youtube_video_stats', 'update_db' retrieved from /opt/airflow/dags/main.py
[2025-12-17T19:44:01.023+0000] {logging_mixin.py:188} INFO - [2025-12-17T19:44:01.023+0000] {dag.py:3096} INFO - Sync 2 DAGs
[2025-12-17T19:44:01.058+0000] {logging_mixin.py:188} INFO - [2025-12-17T19:44:01.057+0000] {dag.py:3954} INFO - Setting next_dagrun for update_db to 2025-12-17 15:00:00+00:00, run_after=2025-12-18 15:00:00+00:00
[2025-12-17T19:44:01.065+0000] {logging_mixin.py:188} INFO - [2025-12-17T19:44:01.065+0000] {dag.py:3954} INFO - Setting next_dagrun for youtube_video_stats to 2025-12-17 14:00:00+00:00, run_after=2025-12-18 14:00:00+00:00
[2025-12-17T19:44:01.093+0000] {processor.py:183} INFO - Processing /opt/airflow/dags/main.py took 0.272 seconds
[2025-12-17T19:44:31.227+0000] {processor.py:161} INFO - Started process (PID=1096) to work on /opt/airflow/dags/main.py
[2025-12-17T19:44:31.228+0000] {processor.py:830} INFO - Processing file /opt/airflow/dags/main.py for tasks to queue
[2025-12-17T19:44:31.230+0000] {logging_mixin.py:188} INFO - [2025-12-17T19:44:31.230+0000] {dagbag.py:545} INFO - Filling up the DagBag from /opt/airflow/dags/main.py
[2025-12-17T19:44:31.329+0000] {processor.py:840} INFO - DAG(s) 'youtube_video_stats', 'update_db' retrieved from /opt/airflow/dags/main.py
[2025-12-17T19:44:31.360+0000] {logging_mixin.py:188} INFO - [2025-12-17T19:44:31.360+0000] {dag.py:3096} INFO - Sync 2 DAGs
[2025-12-17T19:44:31.381+0000] {logging_mixin.py:188} INFO - [2025-12-17T19:44:31.381+0000] {dag.py:3954} INFO - Setting next_dagrun for update_db to 2025-12-17 15:00:00+00:00, run_after=2025-12-18 15:00:00+00:00
[2025-12-17T19:44:31.386+0000] {logging_mixin.py:188} INFO - [2025-12-17T19:44:31.386+0000] {dag.py:3954} INFO - Setting next_dagrun for youtube_video_stats to 2025-12-17 14:00:00+00:00, run_after=2025-12-18 14:00:00+00:00
[2025-12-17T19:44:31.408+0000] {processor.py:183} INFO - Processing /opt/airflow/dags/main.py took 0.187 seconds
[2025-12-17T19:45:01.814+0000] {processor.py:161} INFO - Started process (PID=1103) to work on /opt/airflow/dags/main.py
[2025-12-17T19:45:01.816+0000] {processor.py:830} INFO - Processing file /opt/airflow/dags/main.py for tasks to queue
[2025-12-17T19:45:01.818+0000] {logging_mixin.py:188} INFO - [2025-12-17T19:45:01.817+0000] {dagbag.py:545} INFO - Filling up the DagBag from /opt/airflow/dags/main.py
[2025-12-17T19:45:01.917+0000] {processor.py:840} INFO - DAG(s) 'youtube_video_stats', 'update_db' retrieved from /opt/airflow/dags/main.py
[2025-12-17T19:45:01.944+0000] {logging_mixin.py:188} INFO - [2025-12-17T19:45:01.944+0000] {dag.py:3096} INFO - Sync 2 DAGs
[2025-12-17T19:45:01.964+0000] {logging_mixin.py:188} INFO - [2025-12-17T19:45:01.964+0000] {dag.py:3954} INFO - Setting next_dagrun for update_db to 2025-12-17 15:00:00+00:00, run_after=2025-12-18 15:00:00+00:00
[2025-12-17T19:45:01.969+0000] {logging_mixin.py:188} INFO - [2025-12-17T19:45:01.968+0000] {dag.py:3954} INFO - Setting next_dagrun for youtube_video_stats to 2025-12-17 14:00:00+00:00, run_after=2025-12-18 14:00:00+00:00
[2025-12-17T19:45:01.986+0000] {processor.py:183} INFO - Processing /opt/airflow/dags/main.py took 0.178 seconds
[2025-12-17T19:45:32.023+0000] {processor.py:161} INFO - Started process (PID=1110) to work on /opt/airflow/dags/main.py
[2025-12-17T19:45:32.024+0000] {processor.py:830} INFO - Processing file /opt/airflow/dags/main.py for tasks to queue
[2025-12-17T19:45:32.026+0000] {logging_mixin.py:188} INFO - [2025-12-17T19:45:32.026+0000] {dagbag.py:545} INFO - Filling up the DagBag from /opt/airflow/dags/main.py
[2025-12-17T19:45:32.106+0000] {processor.py:840} INFO - DAG(s) 'update_db', 'youtube_video_stats' retrieved from /opt/airflow/dags/main.py
[2025-12-17T19:45:32.133+0000] {logging_mixin.py:188} INFO - [2025-12-17T19:45:32.133+0000] {dag.py:3096} INFO - Sync 2 DAGs
[2025-12-17T19:45:32.153+0000] {logging_mixin.py:188} INFO - [2025-12-17T19:45:32.152+0000] {dag.py:3954} INFO - Setting next_dagrun for update_db to 2025-12-17 15:00:00+00:00, run_after=2025-12-18 15:00:00+00:00
[2025-12-17T19:45:32.158+0000] {logging_mixin.py:188} INFO - [2025-12-17T19:45:32.157+0000] {dag.py:3954} INFO - Setting next_dagrun for youtube_video_stats to 2025-12-17 14:00:00+00:00, run_after=2025-12-18 14:00:00+00:00
[2025-12-17T19:45:32.176+0000] {processor.py:183} INFO - Processing /opt/airflow/dags/main.py took 0.158 seconds
[2025-12-17T19:46:02.388+0000] {processor.py:161} INFO - Started process (PID=1117) to work on /opt/airflow/dags/main.py
[2025-12-17T19:46:02.389+0000] {processor.py:830} INFO - Processing file /opt/airflow/dags/main.py for tasks to queue
[2025-12-17T19:46:02.391+0000] {logging_mixin.py:188} INFO - [2025-12-17T19:46:02.391+0000] {dagbag.py:545} INFO - Filling up the DagBag from /opt/airflow/dags/main.py
[2025-12-17T19:46:02.470+0000] {processor.py:840} INFO - DAG(s) 'update_db', 'youtube_video_stats' retrieved from /opt/airflow/dags/main.py
[2025-12-17T19:46:02.499+0000] {logging_mixin.py:188} INFO - [2025-12-17T19:46:02.499+0000] {dag.py:3096} INFO - Sync 2 DAGs
[2025-12-17T19:46:02.519+0000] {logging_mixin.py:188} INFO - [2025-12-17T19:46:02.518+0000] {dag.py:3954} INFO - Setting next_dagrun for update_db to 2025-12-17 15:00:00+00:00, run_after=2025-12-18 15:00:00+00:00
[2025-12-17T19:46:02.524+0000] {logging_mixin.py:188} INFO - [2025-12-17T19:46:02.524+0000] {dag.py:3954} INFO - Setting next_dagrun for youtube_video_stats to 2025-12-17 14:00:00+00:00, run_after=2025-12-18 14:00:00+00:00
[2025-12-17T19:46:02.540+0000] {processor.py:183} INFO - Processing /opt/airflow/dags/main.py took 0.157 seconds
[2025-12-17T19:46:32.619+0000] {processor.py:161} INFO - Started process (PID=1124) to work on /opt/airflow/dags/main.py
[2025-12-17T19:46:32.620+0000] {processor.py:830} INFO - Processing file /opt/airflow/dags/main.py for tasks to queue
[2025-12-17T19:46:32.621+0000] {logging_mixin.py:188} INFO - [2025-12-17T19:46:32.621+0000] {dagbag.py:545} INFO - Filling up the DagBag from /opt/airflow/dags/main.py
[2025-12-17T19:46:32.693+0000] {processor.py:840} INFO - DAG(s) 'update_db', 'youtube_video_stats' retrieved from /opt/airflow/dags/main.py
[2025-12-17T19:46:32.719+0000] {logging_mixin.py:188} INFO - [2025-12-17T19:46:32.719+0000] {dag.py:3096} INFO - Sync 2 DAGs
[2025-12-17T19:46:32.738+0000] {logging_mixin.py:188} INFO - [2025-12-17T19:46:32.737+0000] {dag.py:3954} INFO - Setting next_dagrun for update_db to 2025-12-17 15:00:00+00:00, run_after=2025-12-18 15:00:00+00:00
[2025-12-17T19:46:32.742+0000] {logging_mixin.py:188} INFO - [2025-12-17T19:46:32.742+0000] {dag.py:3954} INFO - Setting next_dagrun for youtube_video_stats to 2025-12-17 14:00:00+00:00, run_after=2025-12-18 14:00:00+00:00
[2025-12-17T19:46:32.758+0000] {processor.py:183} INFO - Processing /opt/airflow/dags/main.py took 0.145 seconds
[2025-12-17T19:47:02.948+0000] {processor.py:161} INFO - Started process (PID=1131) to work on /opt/airflow/dags/main.py
[2025-12-17T19:47:02.949+0000] {processor.py:830} INFO - Processing file /opt/airflow/dags/main.py for tasks to queue
[2025-12-17T19:47:02.951+0000] {logging_mixin.py:188} INFO - [2025-12-17T19:47:02.951+0000] {dagbag.py:545} INFO - Filling up the DagBag from /opt/airflow/dags/main.py
[2025-12-17T19:47:03.028+0000] {processor.py:840} INFO - DAG(s) 'youtube_video_stats', 'update_db' retrieved from /opt/airflow/dags/main.py
[2025-12-17T19:47:03.053+0000] {logging_mixin.py:188} INFO - [2025-12-17T19:47:03.052+0000] {dag.py:3096} INFO - Sync 2 DAGs
[2025-12-17T19:47:03.071+0000] {logging_mixin.py:188} INFO - [2025-12-17T19:47:03.071+0000] {dag.py:3954} INFO - Setting next_dagrun for update_db to 2025-12-17 15:00:00+00:00, run_after=2025-12-18 15:00:00+00:00
[2025-12-17T19:47:03.077+0000] {logging_mixin.py:188} INFO - [2025-12-17T19:47:03.076+0000] {dag.py:3954} INFO - Setting next_dagrun for youtube_video_stats to 2025-12-17 14:00:00+00:00, run_after=2025-12-18 14:00:00+00:00
[2025-12-17T19:47:03.094+0000] {processor.py:183} INFO - Processing /opt/airflow/dags/main.py took 0.150 seconds
[2025-12-17T19:47:33.146+0000] {processor.py:161} INFO - Started process (PID=1138) to work on /opt/airflow/dags/main.py
[2025-12-17T19:47:33.147+0000] {processor.py:830} INFO - Processing file /opt/airflow/dags/main.py for tasks to queue
[2025-12-17T19:47:33.149+0000] {logging_mixin.py:188} INFO - [2025-12-17T19:47:33.149+0000] {dagbag.py:545} INFO - Filling up the DagBag from /opt/airflow/dags/main.py
[2025-12-17T19:47:33.224+0000] {processor.py:840} INFO - DAG(s) 'youtube_video_stats', 'update_db' retrieved from /opt/airflow/dags/main.py
[2025-12-17T19:47:33.250+0000] {logging_mixin.py:188} INFO - [2025-12-17T19:47:33.250+0000] {dag.py:3096} INFO - Sync 2 DAGs
[2025-12-17T19:47:33.271+0000] {logging_mixin.py:188} INFO - [2025-12-17T19:47:33.270+0000] {dag.py:3954} INFO - Setting next_dagrun for update_db to 2025-12-17 15:00:00+00:00, run_after=2025-12-18 15:00:00+00:00
[2025-12-17T19:47:33.275+0000] {logging_mixin.py:188} INFO - [2025-12-17T19:47:33.275+0000] {dag.py:3954} INFO - Setting next_dagrun for youtube_video_stats to 2025-12-17 14:00:00+00:00, run_after=2025-12-18 14:00:00+00:00
[2025-12-17T19:47:33.296+0000] {processor.py:183} INFO - Processing /opt/airflow/dags/main.py took 0.156 seconds
[2025-12-17T19:48:03.485+0000] {processor.py:161} INFO - Started process (PID=1146) to work on /opt/airflow/dags/main.py
[2025-12-17T19:48:03.486+0000] {processor.py:830} INFO - Processing file /opt/airflow/dags/main.py for tasks to queue
[2025-12-17T19:48:03.488+0000] {logging_mixin.py:188} INFO - [2025-12-17T19:48:03.487+0000] {dagbag.py:545} INFO - Filling up the DagBag from /opt/airflow/dags/main.py
[2025-12-17T19:48:03.564+0000] {processor.py:840} INFO - DAG(s) 'youtube_video_stats', 'update_db' retrieved from /opt/airflow/dags/main.py
[2025-12-17T19:48:03.591+0000] {logging_mixin.py:188} INFO - [2025-12-17T19:48:03.591+0000] {dag.py:3096} INFO - Sync 2 DAGs
[2025-12-17T19:48:03.613+0000] {logging_mixin.py:188} INFO - [2025-12-17T19:48:03.613+0000] {dag.py:3954} INFO - Setting next_dagrun for update_db to 2025-12-17 15:00:00+00:00, run_after=2025-12-18 15:00:00+00:00
[2025-12-17T19:48:03.618+0000] {logging_mixin.py:188} INFO - [2025-12-17T19:48:03.618+0000] {dag.py:3954} INFO - Setting next_dagrun for youtube_video_stats to 2025-12-17 14:00:00+00:00, run_after=2025-12-18 14:00:00+00:00
[2025-12-17T19:48:03.638+0000] {processor.py:183} INFO - Processing /opt/airflow/dags/main.py took 0.158 seconds
[2025-12-17T19:48:33.687+0000] {processor.py:161} INFO - Started process (PID=1153) to work on /opt/airflow/dags/main.py
[2025-12-17T19:48:33.688+0000] {processor.py:830} INFO - Processing file /opt/airflow/dags/main.py for tasks to queue
[2025-12-17T19:48:33.690+0000] {logging_mixin.py:188} INFO - [2025-12-17T19:48:33.690+0000] {dagbag.py:545} INFO - Filling up the DagBag from /opt/airflow/dags/main.py
[2025-12-17T19:48:33.771+0000] {processor.py:840} INFO - DAG(s) 'youtube_video_stats', 'update_db' retrieved from /opt/airflow/dags/main.py
[2025-12-17T19:48:33.802+0000] {logging_mixin.py:188} INFO - [2025-12-17T19:48:33.802+0000] {dag.py:3096} INFO - Sync 2 DAGs
[2025-12-17T19:48:33.835+0000] {logging_mixin.py:188} INFO - [2025-12-17T19:48:33.835+0000] {dag.py:3954} INFO - Setting next_dagrun for update_db to 2025-12-17 15:00:00+00:00, run_after=2025-12-18 15:00:00+00:00
[2025-12-17T19:48:33.843+0000] {logging_mixin.py:188} INFO - [2025-12-17T19:48:33.842+0000] {dag.py:3954} INFO - Setting next_dagrun for youtube_video_stats to 2025-12-17 14:00:00+00:00, run_after=2025-12-18 14:00:00+00:00
[2025-12-17T19:48:33.863+0000] {processor.py:183} INFO - Processing /opt/airflow/dags/main.py took 0.182 seconds
[2025-12-17T19:49:04.396+0000] {processor.py:161} INFO - Started process (PID=1160) to work on /opt/airflow/dags/main.py
[2025-12-17T19:49:04.397+0000] {processor.py:830} INFO - Processing file /opt/airflow/dags/main.py for tasks to queue
[2025-12-17T19:49:04.399+0000] {logging_mixin.py:188} INFO - [2025-12-17T19:49:04.399+0000] {dagbag.py:545} INFO - Filling up the DagBag from /opt/airflow/dags/main.py
[2025-12-17T19:49:04.489+0000] {processor.py:840} INFO - DAG(s) 'update_db', 'youtube_video_stats' retrieved from /opt/airflow/dags/main.py
[2025-12-17T19:49:04.523+0000] {logging_mixin.py:188} INFO - [2025-12-17T19:49:04.523+0000] {dag.py:3096} INFO - Sync 2 DAGs
[2025-12-17T19:49:04.546+0000] {logging_mixin.py:188} INFO - [2025-12-17T19:49:04.546+0000] {dag.py:3954} INFO - Setting next_dagrun for update_db to 2025-12-17 15:00:00+00:00, run_after=2025-12-18 15:00:00+00:00
[2025-12-17T19:49:04.552+0000] {logging_mixin.py:188} INFO - [2025-12-17T19:49:04.552+0000] {dag.py:3954} INFO - Setting next_dagrun for youtube_video_stats to 2025-12-17 14:00:00+00:00, run_after=2025-12-18 14:00:00+00:00
[2025-12-17T19:49:04.572+0000] {processor.py:183} INFO - Processing /opt/airflow/dags/main.py took 0.184 seconds
[2025-12-17T19:49:34.779+0000] {processor.py:161} INFO - Started process (PID=1167) to work on /opt/airflow/dags/main.py
[2025-12-17T19:49:34.781+0000] {processor.py:830} INFO - Processing file /opt/airflow/dags/main.py for tasks to queue
[2025-12-17T19:49:34.783+0000] {logging_mixin.py:188} INFO - [2025-12-17T19:49:34.783+0000] {dagbag.py:545} INFO - Filling up the DagBag from /opt/airflow/dags/main.py
[2025-12-17T19:49:34.861+0000] {processor.py:840} INFO - DAG(s) 'update_db', 'youtube_video_stats' retrieved from /opt/airflow/dags/main.py
[2025-12-17T19:49:34.889+0000] {logging_mixin.py:188} INFO - [2025-12-17T19:49:34.888+0000] {dag.py:3096} INFO - Sync 2 DAGs
[2025-12-17T19:49:34.910+0000] {logging_mixin.py:188} INFO - [2025-12-17T19:49:34.910+0000] {dag.py:3954} INFO - Setting next_dagrun for update_db to 2025-12-17 15:00:00+00:00, run_after=2025-12-18 15:00:00+00:00
[2025-12-17T19:49:34.915+0000] {logging_mixin.py:188} INFO - [2025-12-17T19:49:34.915+0000] {dag.py:3954} INFO - Setting next_dagrun for youtube_video_stats to 2025-12-17 14:00:00+00:00, run_after=2025-12-18 14:00:00+00:00
[2025-12-17T19:49:34.937+0000] {processor.py:183} INFO - Processing /opt/airflow/dags/main.py took 0.164 seconds
[2025-12-17T19:50:04.968+0000] {processor.py:161} INFO - Started process (PID=1174) to work on /opt/airflow/dags/main.py
[2025-12-17T19:50:04.969+0000] {processor.py:830} INFO - Processing file /opt/airflow/dags/main.py for tasks to queue
[2025-12-17T19:50:04.971+0000] {logging_mixin.py:188} INFO - [2025-12-17T19:50:04.971+0000] {dagbag.py:545} INFO - Filling up the DagBag from /opt/airflow/dags/main.py
[2025-12-17T19:50:05.047+0000] {processor.py:840} INFO - DAG(s) 'youtube_video_stats', 'update_db' retrieved from /opt/airflow/dags/main.py
[2025-12-17T19:50:05.072+0000] {logging_mixin.py:188} INFO - [2025-12-17T19:50:05.072+0000] {dag.py:3096} INFO - Sync 2 DAGs
[2025-12-17T19:50:05.092+0000] {logging_mixin.py:188} INFO - [2025-12-17T19:50:05.091+0000] {dag.py:3954} INFO - Setting next_dagrun for update_db to 2025-12-17 15:00:00+00:00, run_after=2025-12-18 15:00:00+00:00
[2025-12-17T19:50:05.098+0000] {logging_mixin.py:188} INFO - [2025-12-17T19:50:05.097+0000] {dag.py:3954} INFO - Setting next_dagrun for youtube_video_stats to 2025-12-17 14:00:00+00:00, run_after=2025-12-18 14:00:00+00:00
[2025-12-17T19:50:05.114+0000] {processor.py:183} INFO - Processing /opt/airflow/dags/main.py took 0.152 seconds
[2025-12-17T19:50:35.194+0000] {processor.py:161} INFO - Started process (PID=1181) to work on /opt/airflow/dags/main.py
[2025-12-17T19:50:35.195+0000] {processor.py:830} INFO - Processing file /opt/airflow/dags/main.py for tasks to queue
[2025-12-17T19:50:35.198+0000] {logging_mixin.py:188} INFO - [2025-12-17T19:50:35.197+0000] {dagbag.py:545} INFO - Filling up the DagBag from /opt/airflow/dags/main.py
[2025-12-17T19:50:35.327+0000] {processor.py:840} INFO - DAG(s) 'update_db', 'youtube_video_stats' retrieved from /opt/airflow/dags/main.py
[2025-12-17T19:50:35.362+0000] {logging_mixin.py:188} INFO - [2025-12-17T19:50:35.362+0000] {dag.py:3096} INFO - Sync 2 DAGs
[2025-12-17T19:50:35.387+0000] {logging_mixin.py:188} INFO - [2025-12-17T19:50:35.387+0000] {dag.py:3954} INFO - Setting next_dagrun for update_db to 2025-12-17 15:00:00+00:00, run_after=2025-12-18 15:00:00+00:00
[2025-12-17T19:50:35.395+0000] {logging_mixin.py:188} INFO - [2025-12-17T19:50:35.395+0000] {dag.py:3954} INFO - Setting next_dagrun for youtube_video_stats to 2025-12-17 14:00:00+00:00, run_after=2025-12-18 14:00:00+00:00
[2025-12-17T19:50:35.420+0000] {processor.py:183} INFO - Processing /opt/airflow/dags/main.py took 0.232 seconds
[2025-12-17T21:24:26.664+0000] {processor.py:161} INFO - Started process (PID=1188) to work on /opt/airflow/dags/main.py
[2025-12-17T21:24:26.667+0000] {processor.py:830} INFO - Processing file /opt/airflow/dags/main.py for tasks to queue
[2025-12-17T21:24:26.672+0000] {logging_mixin.py:188} INFO - [2025-12-17T21:24:26.671+0000] {dagbag.py:545} INFO - Filling up the DagBag from /opt/airflow/dags/main.py
[2025-12-17T21:24:27.916+0000] {processor.py:840} INFO - DAG(s) 'update_db', 'youtube_video_stats' retrieved from /opt/airflow/dags/main.py
[2025-12-17T21:24:31.836+0000] {logging_mixin.py:188} INFO - [2025-12-17T21:24:31.835+0000] {dag.py:3096} INFO - Sync 2 DAGs
[2025-12-17T21:24:32.683+0000] {logging_mixin.py:188} INFO - [2025-12-17T21:24:32.676+0000] {dag.py:3954} INFO - Setting next_dagrun for update_db to 2025-12-17 15:00:00+00:00, run_after=2025-12-18 15:00:00+00:00
[2025-12-17T21:24:32.703+0000] {logging_mixin.py:188} INFO - [2025-12-17T21:24:32.702+0000] {dag.py:3954} INFO - Setting next_dagrun for youtube_video_stats to 2025-12-17 14:00:00+00:00, run_after=2025-12-18 14:00:00+00:00
[2025-12-17T21:24:32.778+0000] {processor.py:183} INFO - Processing /opt/airflow/dags/main.py took 6.135 seconds
[2025-12-17T21:25:03.967+0000] {processor.py:161} INFO - Started process (PID=1195) to work on /opt/airflow/dags/main.py
[2025-12-17T21:25:04.080+0000] {processor.py:830} INFO - Processing file /opt/airflow/dags/main.py for tasks to queue
[2025-12-17T21:25:04.184+0000] {logging_mixin.py:188} INFO - [2025-12-17T21:25:04.183+0000] {dagbag.py:545} INFO - Filling up the DagBag from /opt/airflow/dags/main.py
[2025-12-17T21:25:05.885+0000] {processor.py:840} INFO - DAG(s) 'youtube_video_stats', 'update_db' retrieved from /opt/airflow/dags/main.py
[2025-12-17T21:25:06.021+0000] {logging_mixin.py:188} INFO - [2025-12-17T21:25:06.021+0000] {dag.py:3096} INFO - Sync 2 DAGs
[2025-12-17T21:25:06.061+0000] {logging_mixin.py:188} INFO - [2025-12-17T21:25:06.060+0000] {dag.py:3954} INFO - Setting next_dagrun for update_db to 2025-12-17 15:00:00+00:00, run_after=2025-12-18 15:00:00+00:00
[2025-12-17T21:25:06.069+0000] {logging_mixin.py:188} INFO - [2025-12-17T21:25:06.069+0000] {dag.py:3954} INFO - Setting next_dagrun for youtube_video_stats to 2025-12-17 14:00:00+00:00, run_after=2025-12-18 14:00:00+00:00
[2025-12-17T21:25:06.291+0000] {processor.py:183} INFO - Processing /opt/airflow/dags/main.py took 2.342 seconds
[2025-12-17T21:25:38.170+0000] {processor.py:161} INFO - Started process (PID=1202) to work on /opt/airflow/dags/main.py
[2025-12-17T21:25:38.173+0000] {processor.py:830} INFO - Processing file /opt/airflow/dags/main.py for tasks to queue
[2025-12-17T21:25:38.180+0000] {logging_mixin.py:188} INFO - [2025-12-17T21:25:38.179+0000] {dagbag.py:545} INFO - Filling up the DagBag from /opt/airflow/dags/main.py
[2025-12-17T21:25:38.400+0000] {processor.py:840} INFO - DAG(s) 'update_db', 'youtube_video_stats' retrieved from /opt/airflow/dags/main.py
[2025-12-17T21:25:38.446+0000] {logging_mixin.py:188} INFO - [2025-12-17T21:25:38.446+0000] {dag.py:3096} INFO - Sync 2 DAGs
[2025-12-17T21:25:38.481+0000] {logging_mixin.py:188} INFO - [2025-12-17T21:25:38.481+0000] {dag.py:3954} INFO - Setting next_dagrun for update_db to 2025-12-17 15:00:00+00:00, run_after=2025-12-18 15:00:00+00:00
[2025-12-17T21:25:38.489+0000] {logging_mixin.py:188} INFO - [2025-12-17T21:25:38.489+0000] {dag.py:3954} INFO - Setting next_dagrun for youtube_video_stats to 2025-12-17 14:00:00+00:00, run_after=2025-12-18 14:00:00+00:00
[2025-12-17T21:25:38.760+0000] {processor.py:183} INFO - Processing /opt/airflow/dags/main.py took 0.608 seconds
[2025-12-17T21:26:09.775+0000] {processor.py:161} INFO - Started process (PID=1209) to work on /opt/airflow/dags/main.py
[2025-12-17T21:26:09.777+0000] {processor.py:830} INFO - Processing file /opt/airflow/dags/main.py for tasks to queue
[2025-12-17T21:26:09.781+0000] {logging_mixin.py:188} INFO - [2025-12-17T21:26:09.780+0000] {dagbag.py:545} INFO - Filling up the DagBag from /opt/airflow/dags/main.py
[2025-12-17T21:26:09.993+0000] {processor.py:840} INFO - DAG(s) 'youtube_video_stats', 'update_db' retrieved from /opt/airflow/dags/main.py
[2025-12-17T21:26:10.071+0000] {logging_mixin.py:188} INFO - [2025-12-17T21:26:10.071+0000] {dag.py:3096} INFO - Sync 2 DAGs
[2025-12-17T21:26:10.113+0000] {logging_mixin.py:188} INFO - [2025-12-17T21:26:10.113+0000] {dag.py:3954} INFO - Setting next_dagrun for update_db to 2025-12-17 15:00:00+00:00, run_after=2025-12-18 15:00:00+00:00
[2025-12-17T21:26:10.123+0000] {logging_mixin.py:188} INFO - [2025-12-17T21:26:10.123+0000] {dag.py:3954} INFO - Setting next_dagrun for youtube_video_stats to 2025-12-17 14:00:00+00:00, run_after=2025-12-18 14:00:00+00:00
[2025-12-17T21:26:10.196+0000] {processor.py:183} INFO - Processing /opt/airflow/dags/main.py took 0.433 seconds
[2025-12-17T21:26:40.470+0000] {processor.py:161} INFO - Started process (PID=1216) to work on /opt/airflow/dags/main.py
[2025-12-17T21:26:40.473+0000] {processor.py:830} INFO - Processing file /opt/airflow/dags/main.py for tasks to queue
[2025-12-17T21:26:40.476+0000] {logging_mixin.py:188} INFO - [2025-12-17T21:26:40.476+0000] {dagbag.py:545} INFO - Filling up the DagBag from /opt/airflow/dags/main.py
[2025-12-17T21:26:40.712+0000] {processor.py:840} INFO - DAG(s) 'youtube_video_stats', 'update_db' retrieved from /opt/airflow/dags/main.py
[2025-12-17T21:26:40.798+0000] {logging_mixin.py:188} INFO - [2025-12-17T21:26:40.797+0000] {dag.py:3096} INFO - Sync 2 DAGs
[2025-12-17T21:26:40.848+0000] {logging_mixin.py:188} INFO - [2025-12-17T21:26:40.847+0000] {dag.py:3954} INFO - Setting next_dagrun for update_db to 2025-12-17 15:00:00+00:00, run_after=2025-12-18 15:00:00+00:00
[2025-12-17T21:26:40.859+0000] {logging_mixin.py:188} INFO - [2025-12-17T21:26:40.858+0000] {dag.py:3954} INFO - Setting next_dagrun for youtube_video_stats to 2025-12-17 14:00:00+00:00, run_after=2025-12-18 14:00:00+00:00
[2025-12-17T21:26:40.916+0000] {processor.py:183} INFO - Processing /opt/airflow/dags/main.py took 0.458 seconds
[2025-12-17T21:27:11.424+0000] {processor.py:161} INFO - Started process (PID=1223) to work on /opt/airflow/dags/main.py
[2025-12-17T21:27:11.426+0000] {processor.py:830} INFO - Processing file /opt/airflow/dags/main.py for tasks to queue
[2025-12-17T21:27:11.430+0000] {logging_mixin.py:188} INFO - [2025-12-17T21:27:11.429+0000] {dagbag.py:545} INFO - Filling up the DagBag from /opt/airflow/dags/main.py
[2025-12-17T21:27:11.612+0000] {processor.py:840} INFO - DAG(s) 'update_db', 'youtube_video_stats' retrieved from /opt/airflow/dags/main.py
[2025-12-17T21:27:11.706+0000] {logging_mixin.py:188} INFO - [2025-12-17T21:27:11.704+0000] {dag.py:3096} INFO - Sync 2 DAGs
[2025-12-17T21:27:11.763+0000] {logging_mixin.py:188} INFO - [2025-12-17T21:27:11.762+0000] {dag.py:3954} INFO - Setting next_dagrun for update_db to 2025-12-17 15:00:00+00:00, run_after=2025-12-18 15:00:00+00:00
[2025-12-17T21:27:11.779+0000] {logging_mixin.py:188} INFO - [2025-12-17T21:27:11.778+0000] {dag.py:3954} INFO - Setting next_dagrun for youtube_video_stats to 2025-12-17 14:00:00+00:00, run_after=2025-12-18 14:00:00+00:00
[2025-12-17T21:27:11.939+0000] {processor.py:183} INFO - Processing /opt/airflow/dags/main.py took 0.528 seconds
[2025-12-17T21:27:42.221+0000] {processor.py:161} INFO - Started process (PID=1230) to work on /opt/airflow/dags/main.py
[2025-12-17T21:27:42.223+0000] {processor.py:830} INFO - Processing file /opt/airflow/dags/main.py for tasks to queue
[2025-12-17T21:27:42.225+0000] {logging_mixin.py:188} INFO - [2025-12-17T21:27:42.225+0000] {dagbag.py:545} INFO - Filling up the DagBag from /opt/airflow/dags/main.py
[2025-12-17T21:27:42.369+0000] {processor.py:840} INFO - DAG(s) 'youtube_video_stats', 'update_db' retrieved from /opt/airflow/dags/main.py
[2025-12-17T21:27:42.409+0000] {logging_mixin.py:188} INFO - [2025-12-17T21:27:42.409+0000] {dag.py:3096} INFO - Sync 2 DAGs
[2025-12-17T21:27:42.444+0000] {logging_mixin.py:188} INFO - [2025-12-17T21:27:42.443+0000] {dag.py:3954} INFO - Setting next_dagrun for update_db to 2025-12-17 15:00:00+00:00, run_after=2025-12-18 15:00:00+00:00
[2025-12-17T21:27:42.451+0000] {logging_mixin.py:188} INFO - [2025-12-17T21:27:42.451+0000] {dag.py:3954} INFO - Setting next_dagrun for youtube_video_stats to 2025-12-17 14:00:00+00:00, run_after=2025-12-18 14:00:00+00:00
[2025-12-17T21:27:42.481+0000] {processor.py:183} INFO - Processing /opt/airflow/dags/main.py took 0.268 seconds
[2025-12-17T21:28:12.731+0000] {processor.py:161} INFO - Started process (PID=1237) to work on /opt/airflow/dags/main.py
[2025-12-17T21:28:12.733+0000] {processor.py:830} INFO - Processing file /opt/airflow/dags/main.py for tasks to queue
[2025-12-17T21:28:12.735+0000] {logging_mixin.py:188} INFO - [2025-12-17T21:28:12.735+0000] {dagbag.py:545} INFO - Filling up the DagBag from /opt/airflow/dags/main.py
[2025-12-17T21:28:12.861+0000] {processor.py:840} INFO - DAG(s) 'update_db', 'youtube_video_stats' retrieved from /opt/airflow/dags/main.py
[2025-12-17T21:28:12.897+0000] {logging_mixin.py:188} INFO - [2025-12-17T21:28:12.896+0000] {dag.py:3096} INFO - Sync 2 DAGs
[2025-12-17T21:28:12.924+0000] {logging_mixin.py:188} INFO - [2025-12-17T21:28:12.923+0000] {dag.py:3954} INFO - Setting next_dagrun for update_db to 2025-12-17 15:00:00+00:00, run_after=2025-12-18 15:00:00+00:00
[2025-12-17T21:28:12.930+0000] {logging_mixin.py:188} INFO - [2025-12-17T21:28:12.930+0000] {dag.py:3954} INFO - Setting next_dagrun for youtube_video_stats to 2025-12-17 14:00:00+00:00, run_after=2025-12-18 14:00:00+00:00
[2025-12-17T21:28:12.954+0000] {processor.py:183} INFO - Processing /opt/airflow/dags/main.py took 0.230 seconds
[2025-12-17T21:28:42.999+0000] {processor.py:161} INFO - Started process (PID=1244) to work on /opt/airflow/dags/main.py
[2025-12-17T21:28:43.000+0000] {processor.py:830} INFO - Processing file /opt/airflow/dags/main.py for tasks to queue
[2025-12-17T21:28:43.002+0000] {logging_mixin.py:188} INFO - [2025-12-17T21:28:43.002+0000] {dagbag.py:545} INFO - Filling up the DagBag from /opt/airflow/dags/main.py
[2025-12-17T21:28:43.110+0000] {processor.py:840} INFO - DAG(s) 'youtube_video_stats', 'update_db' retrieved from /opt/airflow/dags/main.py
[2025-12-17T21:28:43.143+0000] {logging_mixin.py:188} INFO - [2025-12-17T21:28:43.142+0000] {dag.py:3096} INFO - Sync 2 DAGs
[2025-12-17T21:28:43.166+0000] {logging_mixin.py:188} INFO - [2025-12-17T21:28:43.165+0000] {dag.py:3954} INFO - Setting next_dagrun for update_db to 2025-12-17 15:00:00+00:00, run_after=2025-12-18 15:00:00+00:00
[2025-12-17T21:28:43.171+0000] {logging_mixin.py:188} INFO - [2025-12-17T21:28:43.171+0000] {dag.py:3954} INFO - Setting next_dagrun for youtube_video_stats to 2025-12-17 14:00:00+00:00, run_after=2025-12-18 14:00:00+00:00
[2025-12-17T21:28:43.191+0000] {processor.py:183} INFO - Processing /opt/airflow/dags/main.py took 0.198 seconds
[2025-12-17T21:29:13.847+0000] {processor.py:161} INFO - Started process (PID=1251) to work on /opt/airflow/dags/main.py
[2025-12-17T21:29:13.850+0000] {processor.py:830} INFO - Processing file /opt/airflow/dags/main.py for tasks to queue
[2025-12-17T21:29:13.854+0000] {logging_mixin.py:188} INFO - [2025-12-17T21:29:13.853+0000] {dagbag.py:545} INFO - Filling up the DagBag from /opt/airflow/dags/main.py
[2025-12-17T21:29:14.056+0000] {processor.py:840} INFO - DAG(s) 'youtube_video_stats', 'update_db' retrieved from /opt/airflow/dags/main.py
[2025-12-17T21:29:14.111+0000] {logging_mixin.py:188} INFO - [2025-12-17T21:29:14.110+0000] {dag.py:3096} INFO - Sync 2 DAGs
[2025-12-17T21:29:14.152+0000] {logging_mixin.py:188} INFO - [2025-12-17T21:29:14.152+0000] {dag.py:3954} INFO - Setting next_dagrun for update_db to 2025-12-17 15:00:00+00:00, run_after=2025-12-18 15:00:00+00:00
[2025-12-17T21:29:14.162+0000] {logging_mixin.py:188} INFO - [2025-12-17T21:29:14.162+0000] {dag.py:3954} INFO - Setting next_dagrun for youtube_video_stats to 2025-12-17 14:00:00+00:00, run_after=2025-12-18 14:00:00+00:00
[2025-12-17T21:29:14.196+0000] {processor.py:183} INFO - Processing /opt/airflow/dags/main.py took 0.360 seconds
